setting,seed,fold,itemset_id,itemset,repeat,baseline,importance,n_traces_with_itemset,n_traces_changed
fixed_test,6,0,0,"370407, ac370000",0,0.92891205242109431,0.00034356390199863363,63,63
fixed_test,6,0,0,"370407, ac370000",1,0.92891205242109431,0.0087148407611328249,63,63
fixed_test,6,0,0,"370407, ac370000",2,0.92891205242109431,0.00034356390199863363,63,62
fixed_test,6,0,0,"370407, ac370000",3,0.92891205242109431,0.00034356390199863363,63,63
fixed_test,6,0,0,"370407, ac370000",4,0.92891205242109431,0.00034356390199863363,63,63
fixed_test,6,0,0,"370407, ac370000",5,0.92891205242109431,-0.017514313968227446,63,63
fixed_test,6,0,0,"370407, ac370000",6,0.92891205242109431,-0.0084174265367475964,63,63
fixed_test,6,0,0,"370407, ac370000",7,0.92891205242109431,-0.0084174265367475964,63,62
fixed_test,6,0,0,"370407, ac370000",8,0.92891205242109431,0,63,63
fixed_test,6,0,0,"370407, ac370000",9,0.92891205242109431,0.0090717879222874664,63,63
fixed_test,6,0,1,"ac370000, ac370419",0,0.92891205242109431,0.0094884366181547941,63,61
fixed_test,6,0,1,"ac370000, ac370419",1,0.92891205242109431,0.0094884366181547941,63,63
fixed_test,6,0,1,"ac370000, ac370419",2,0.92891205242109431,0.00074125774151234669,63,63
fixed_test,6,0,1,"ac370000, ac370419",3,0.92891205242109431,0.00034356390199863363,63,62
fixed_test,6,0,1,"ac370000, ac370419",4,0.92891205242109431,-0.0084174265367475964,63,62
fixed_test,6,0,1,"ac370000, ac370419",5,0.92891205242109431,0.00034356390199863363,63,63
fixed_test,6,0,1,"ac370000, ac370419",6,0.92891205242109431,0.00074125774151234669,63,63
fixed_test,6,0,1,"ac370000, ac370419",7,0.92891205242109431,-0.017514313968227446,63,63
fixed_test,6,0,1,"ac370000, ac370419",8,0.92891205242109431,0.00074125774151234669,63,63
fixed_test,6,0,1,"ac370000, ac370419",9,0.92891205242109431,-0.0084174265367475964,63,62
fixed_test,6,0,2,"ac370000, ac370443",0,0.92891205242109431,0.00074125774151234669,63,63
fixed_test,6,0,2,"ac370000, ac370443",1,0.92891205242109431,-0.017514313968227446,63,63
fixed_test,6,0,2,"ac370000, ac370443",2,0.92891205242109431,0.00034356390199863363,63,63
fixed_test,6,0,2,"ac370000, ac370443",3,0.92891205242109431,-0.0087414866335331354,63,62
fixed_test,6,0,2,"ac370000, ac370443",4,0.92891205242109431,0.0094884366181547941,63,63
fixed_test,6,0,2,"ac370000, ac370443",5,0.92891205242109431,-0.017771986894726477,63,63
fixed_test,6,0,2,"ac370000, ac370443",6,0.92891205242109431,-0.017514313968227446,63,63
fixed_test,6,0,2,"ac370000, ac370443",7,0.92891205242109431,0.0094884366181547941,63,63
fixed_test,6,0,2,"ac370000, ac370443",8,0.92891205242109431,0.00074125774151234669,63,63
fixed_test,6,0,2,"ac370000, ac370443",9,0.92891205242109431,-0.017514313968227446,63,63
fixed_test,6,0,3,"ac370000, ac370419, ac370443",0,0.92891205242109431,0.00074125774151234669,63,63
fixed_test,6,0,3,"ac370000, ac370419, ac370443",1,0.92891205242109431,-0.0084174265367475964,63,63
fixed_test,6,0,3,"ac370000, ac370419, ac370443",2,0.92891205242109431,0.0094884366181547941,63,63
fixed_test,6,0,3,"ac370000, ac370419, ac370443",3,0.92891205242109431,-0.0084174265367475964,63,62
fixed_test,6,0,3,"ac370000, ac370419, ac370443",4,0.92891205242109431,0.0094884366181547941,63,63
fixed_test,6,0,3,"ac370000, ac370419, ac370443",5,0.92891205242109431,-0.0084174265367475964,63,63
fixed_test,6,0,3,"ac370000, ac370419, ac370443",6,0.92891205242109431,0.00034356390199863363,63,63
fixed_test,6,0,3,"ac370000, ac370419, ac370443",7,0.92891205242109431,0.018201441772224713,63,63
fixed_test,6,0,3,"ac370000, ac370419, ac370443",8,0.92891205242109431,-0.0084174265367475964,63,63
fixed_test,6,0,3,"ac370000, ac370419, ac370443",9,0.92891205242109431,0.00034356390199863363,63,63
fixed_test,6,0,4,"ac370419, ac370443",0,0.92891205242109431,-0.017514313968227446,63,63
fixed_test,6,0,4,"ac370419, ac370443",1,0.92891205242109431,-0.0084174265367475964,63,63
fixed_test,6,0,4,"ac370419, ac370443",2,0.92891205242109431,-0.0084174265367475964,63,63
fixed_test,6,0,4,"ac370419, ac370443",3,0.92891205242109431,-0.0084174265367475964,63,63
fixed_test,6,0,4,"ac370419, ac370443",4,0.92891205242109431,-0.0084174265367475964,63,62
fixed_test,6,0,4,"ac370419, ac370443",5,0.92891205242109431,-0.017514313968227446,63,63
fixed_test,6,0,4,"ac370419, ac370443",6,0.92891205242109431,-0.0087414866335331354,63,63
fixed_test,6,0,4,"ac370419, ac370443",7,0.92891205242109431,0.018201441772224713,63,63
fixed_test,6,0,4,"ac370419, ac370443",8,0.92891205242109431,-0.017514313968227446,63,63
fixed_test,6,0,4,"ac370419, ac370443",9,0.92891205242109431,-0.017514313968227446,63,63
fixed_test,6,0,5,"ac370000, ac370442",0,0.92891205242109431,-0.0087414866335331354,63,63
fixed_test,6,0,5,"ac370000, ac370442",1,0.92891205242109431,0.00034356390199863363,63,63
fixed_test,6,0,5,"ac370000, ac370442",2,0.92891205242109431,-0.0084174265367475964,63,63
fixed_test,6,0,5,"ac370000, ac370442",3,0.92891205242109431,0.0094884366181547941,63,62
fixed_test,6,0,5,"ac370000, ac370442",4,0.92891205242109431,0.018201441772224713,63,63
fixed_test,6,0,5,"ac370000, ac370442",5,0.92891205242109431,0.0094884366181547941,63,63
fixed_test,6,0,5,"ac370000, ac370442",6,0.92891205242109431,0.00074125774151234669,63,63
fixed_test,6,0,5,"ac370000, ac370442",7,0.92891205242109431,0.00074125774151234669,63,63
fixed_test,6,0,5,"ac370000, ac370442",8,0.92891205242109431,0.00034356390199863363,63,63
fixed_test,6,0,5,"ac370000, ac370442",9,0.92891205242109431,-0.0087414866335331354,63,63
fixed_test,6,0,6,"370407, ac370000, ac370419",0,0.92891205242109431,0.018201441772224713,60,60
fixed_test,6,0,6,"370407, ac370000, ac370419",1,0.92891205242109431,0.00034356390199863363,60,60
fixed_test,6,0,6,"370407, ac370000, ac370419",2,0.92891205242109431,-0.0084174265367475964,60,60
fixed_test,6,0,6,"370407, ac370000, ac370419",3,0.92891205242109431,-0.026554761189353848,60,60
fixed_test,6,0,6,"370407, ac370000, ac370419",4,0.92891205242109431,0.00034356390199863363,60,60
fixed_test,6,0,6,"370407, ac370000, ac370419",5,0.92891205242109431,-0.0087414866335331354,60,60
fixed_test,6,0,6,"370407, ac370000, ac370419",6,0.92891205242109431,-0.0087414866335331354,60,60
fixed_test,6,0,6,"370407, ac370000, ac370419",7,0.92891205242109431,-0.0084174265367475964,60,60
fixed_test,6,0,6,"370407, ac370000, ac370419",8,0.92891205242109431,-0.0084174265367475964,60,60
fixed_test,6,0,6,"370407, ac370000, ac370419",9,0.92891205242109431,-0.017514313968227446,60,60
fixed_test,6,0,7,"370407, ac370419",0,0.92891205242109431,-0.0084174265367475964,60,59
fixed_test,6,0,7,"370407, ac370419",1,0.92891205242109431,0.00034356390199863363,60,60
fixed_test,6,0,7,"370407, ac370419",2,0.92891205242109431,-0.0084174265367475964,60,60
fixed_test,6,0,7,"370407, ac370419",3,0.92891205242109431,0.00074125774151234669,60,60
fixed_test,6,0,7,"370407, ac370419",4,0.92891205242109431,-0.017514313968227446,60,60
fixed_test,6,0,7,"370407, ac370419",5,0.92891205242109431,-0.017514313968227446,60,60
fixed_test,6,0,7,"370407, ac370419",6,0.92891205242109431,-0.0084174265367475964,60,59
fixed_test,6,0,7,"370407, ac370419",7,0.92891205242109431,-0.017514313968227446,60,60
fixed_test,6,0,7,"370407, ac370419",8,0.92891205242109431,0.00034356390199863363,60,59
fixed_test,6,0,7,"370407, ac370419",9,0.92891205242109431,0.00034356390199863363,60,60
fixed_test,6,0,8,"ac370442, ac370443",0,0.92891205242109431,-0.0087414866335331354,63,63
fixed_test,6,0,8,"ac370442, ac370443",1,0.92891205242109431,0.00034356390199863363,63,63
fixed_test,6,0,8,"ac370442, ac370443",2,0.92891205242109431,-0.017514313968227446,63,62
fixed_test,6,0,8,"ac370442, ac370443",3,0.92891205242109431,0.0094884366181547941,63,63
fixed_test,6,0,8,"ac370442, ac370443",4,0.92891205242109431,0.00034356390199863363,63,63
fixed_test,6,0,8,"ac370442, ac370443",5,0.92891205242109431,-0.0084174265367475964,63,63
fixed_test,6,0,8,"ac370442, ac370443",6,0.92891205242109431,-0.017514313968227446,63,63
fixed_test,6,0,8,"ac370442, ac370443",7,0.92891205242109431,-0.0084174265367475964,63,63
fixed_test,6,0,8,"ac370442, ac370443",8,0.92891205242109431,-0.0087414866335331354,63,62
fixed_test,6,0,8,"ac370442, ac370443",9,0.92891205242109431,-0.017514313968227446,63,63
fixed_test,6,0,9,"ac370000, ac370419, ac370442",0,0.92891205242109431,-0.026554761189353848,63,63
fixed_test,6,0,9,"ac370000, ac370419, ac370442",1,0.92891205242109431,-0.0087414866335331354,63,63
fixed_test,6,0,9,"ac370000, ac370419, ac370442",2,0.92891205242109431,0.00074125774151234669,63,63
fixed_test,6,0,9,"ac370000, ac370419, ac370442",3,0.92891205242109431,-0.0087414866335331354,63,63
fixed_test,6,0,9,"ac370000, ac370419, ac370442",4,0.92891205242109431,0,63,63
fixed_test,6,0,9,"ac370000, ac370419, ac370442",5,0.92891205242109431,0.0087148407611328249,63,63
fixed_test,6,0,9,"ac370000, ac370419, ac370442",6,0.92891205242109431,0.00034356390199863363,63,63
fixed_test,6,0,9,"ac370000, ac370419, ac370442",7,0.92891205242109431,0.00034356390199863363,63,63
fixed_test,6,0,9,"ac370000, ac370419, ac370442",8,0.92891205242109431,-0.0084174265367475964,63,63
fixed_test,6,0,9,"ac370000, ac370419, ac370442",9,0.92891205242109431,0,63,63
fixed_train,6,0,0,"370407, ac370000",0,0.99114134930351494,0.031464109479703239,605,603
fixed_train,6,0,0,"370407, ac370000",1,0.99114134930351494,0.038417823533543394,605,601
fixed_train,6,0,0,"370407, ac370000",2,0.99114134930351494,0.03247305200182149,605,604
fixed_train,6,0,0,"370407, ac370000",3,0.99114134930351494,0.04129892903487109,605,603
fixed_train,6,0,0,"370407, ac370000",4,0.99114134930351494,0.038417823533543394,605,604
fixed_train,6,0,0,"370407, ac370000",5,0.99114134930351494,0.032544931762181872,605,603
fixed_train,6,0,0,"370407, ac370000",6,0.99114134930351494,0.0306096504185841,605,602
fixed_train,6,0,0,"370407, ac370000",7,0.99114134930351494,0.033448359019503826,605,599
fixed_train,6,0,0,"370407, ac370000",8,0.99114134930351494,0.03250826425478992,605,604
fixed_train,6,0,0,"370407, ac370000",9,0.99114134930351494,0.035434602785940128,605,604
fixed_train,6,0,1,"ac370000, ac370419",0,0.99114134930351494,0.036488130091578586,589,585
fixed_train,6,0,1,"ac370000, ac370419",1,0.99114134930351494,0.038438567728817929,589,583
fixed_train,6,0,1,"ac370000, ac370419",2,0.99114134930351494,0.032583065474337536,589,585
fixed_train,6,0,1,"ac370000, ac370419",3,0.99114134930351494,0.031532152732827945,589,584
fixed_train,6,0,1,"ac370000, ac370419",4,0.99114134930351494,0.037443002015166482,589,583
fixed_train,6,0,1,"ac370000, ac370419",5,0.99114134930351494,0.033484038892746981,589,585
fixed_train,6,0,1,"ac370000, ac370419",6,0.99114134930351494,0.03055569799126745,589,585
fixed_train,6,0,1,"ac370000, ac370419",7,0.99114134930351494,0.03350243582694068,589,585
fixed_train,6,0,1,"ac370000, ac370419",8,0.99114134930351494,0.029561869638715099,589,585
fixed_train,6,0,1,"ac370000, ac370419",9,0.99114134930351494,0.03055569799126745,589,587
fixed_train,6,0,2,"ac370000, ac370443",0,0.99114134930351494,0.036447970440625643,574,569
fixed_train,6,0,2,"ac370000, ac370443",1,0.99114134930351494,0.033466013742276757,574,573
fixed_train,6,0,2,"ac370000, ac370443",2,0.99114134930351494,0.030472716068509986,574,574
fixed_train,6,0,2,"ac370000, ac370443",3,0.99114134930351494,0.028536699363887363,574,573
fixed_train,6,0,2,"ac370000, ac370443",4,0.99114134930351494,0.03250826425478992,574,573
fixed_train,6,0,2,"ac370000, ac370443",5,0.99114134930351494,0.029528835654950014,574,571
fixed_train,6,0,2,"ac370000, ac370443",6,0.99114134930351494,0.031480591125736868,574,572
fixed_train,6,0,2,"ac370000, ac370443",7,0.99114134930351494,0.033521205923420561,574,571
fixed_train,6,0,2,"ac370000, ac370443",8,0.99114134930351494,0.030573332597483405,574,569
fixed_train,6,0,2,"ac370000, ac370443",9,0.99114134930351494,0.033414155544419066,574,572
fixed_train,6,0,3,"ac370000, ac370419, ac370443",0,0.99114134930351494,0.035398037301770269,572,572
fixed_train,6,0,3,"ac370000, ac370419, ac370443",1,0.99114134930351494,0.043353851297504908,572,572
fixed_train,6,0,3,"ac370000, ac370419, ac370443",2,0.99114134930351494,0.03746351816713267,572,572
fixed_train,6,0,3,"ac370000, ac370419, ac370443",3,0.99114134930351494,0.042335507270213957,572,572
fixed_train,6,0,3,"ac370000, ac370419, ac370443",4,0.99114134930351494,0.034441228320788442,572,572
fixed_train,6,0,3,"ac370000, ac370419, ac370443",5,0.99114134930351494,0.03055569799126745,572,572
fixed_train,6,0,3,"ac370000, ac370419, ac370443",6,0.99114134930351494,0.044282109915623313,572,571
fixed_train,6,0,3,"ac370000, ac370419, ac370443",7,0.99114134930351494,0.027560246611286643,572,572
fixed_train,6,0,3,"ac370000, ac370419, ac370443",8,0.99114134930351494,0.028568558068954197,572,571
fixed_train,6,0,3,"ac370000, ac370419, ac370443",9,0.99114134930351494,0.037383894807037743,572,570
fixed_train,6,0,4,"ac370419, ac370443",0,0.99114134930351494,0.021654479480296751,572,572
fixed_train,6,0,4,"ac370419, ac370443",1,0.99114134930351494,0.02663013426808658,572,571
fixed_train,6,0,4,"ac370419, ac370443",2,0.99114134930351494,0.026583458665075832,572,571
fixed_train,6,0,4,"ac370419, ac370443",3,0.99114134930351494,0.01971045416815087,572,567
fixed_train,6,0,4,"ac370419, ac370443",4,0.99114134930351494,0.020689145697282751,572,569
fixed_train,6,0,4,"ac370419, ac370443",5,0.99114134930351494,0.022658998790200724,572,572
fixed_train,6,0,4,"ac370419, ac370443",6,0.99114134930351494,0.023651020356376562,572,572
fixed_train,6,0,4,"ac370419, ac370443",7,0.99114134930351494,0.023609519550669256,572,570
fixed_train,6,0,4,"ac370419, ac370443",8,0.99114134930351494,0.023609519550669256,572,569
fixed_train,6,0,4,"ac370419, ac370443",9,0.99114134930351494,0.023651020356376562,572,570
fixed_train,6,0,5,"ac370000, ac370442",0,0.99114134930351494,0.034405852745009513,569,566
fixed_train,6,0,5,"ac370000, ac370442",1,0.99114134930351494,0.026583458665075832,569,569
fixed_train,6,0,5,"ac370000, ac370442",2,0.99114134930351494,0.030504875682854427,569,567
fixed_train,6,0,5,"ac370000, ac370442",3,0.99114134930351494,0.031464109479703239,569,569
fixed_train,6,0,5,"ac370000, ac370442",4,0.99114134930351494,0.02653957939201057,569,565
fixed_train,6,0,5,"ac370000, ac370442",5,0.99114134930351494,0.02653957939201057,569,567
fixed_train,6,0,5,"ac370000, ac370442",6,0.99114134930351494,0.027607737557852396,569,564
fixed_train,6,0,5,"ac370000, ac370442",7,0.99114134930351494,0.040305557759758748,569,566
fixed_train,6,0,5,"ac370000, ac370442",8,0.99114134930351494,0.03343107339073681,569,567
fixed_train,6,0,5,"ac370000, ac370442",9,0.99114134930351494,0.033414155544419066,569,563
fixed_train,6,0,6,"370407, ac370000, ac370419",0,0.99114134930351494,0.030504875682854427,572,571
fixed_train,6,0,6,"370407, ac370000, ac370419",1,0.99114134930351494,0.034478117347707671,572,571
fixed_train,6,0,6,"370407, ac370000, ac370419",2,0.99114134930351494,0.03245598827068763,572,572
fixed_train,6,0,6,"370407, ac370000, ac370419",3,0.99114134930351494,0.03833898942150904,572,572
fixed_train,6,0,6,"370407, ac370000, ac370419",4,0.99114134930351494,0.04719982076797169,572,572
fixed_train,6,0,6,"370407, ac370000, ac370419",5,0.99114134930351494,0.035434602785940128,572,572
fixed_train,6,0,6,"370407, ac370000, ac370419",6,0.99114134930351494,0.037365001212803839,572,572
fixed_train,6,0,6,"370407, ac370000, ac370419",7,0.99114134930351494,0.031432196986869831,572,571
fixed_train,6,0,6,"370407, ac370000, ac370419",8,0.99114134930351494,0.03250826425478992,572,572
fixed_train,6,0,6,"370407, ac370000, ac370419",9,0.99114134930351494,0.039392321161011767,572,572
fixed_train,6,0,7,"370407, ac370419",0,0.99114134930351494,0.018695817769052603,572,568
fixed_train,6,0,7,"370407, ac370419",1,0.99114134930351494,0.025591657567623272,572,567
fixed_train,6,0,7,"370407, ac370419",2,0.99114134930351494,0.027575756624481973,572,571
fixed_train,6,0,7,"370407, ac370419",3,0.99114134930351494,0.028568558068954197,572,572
fixed_train,6,0,7,"370407, ac370419",4,0.99114134930351494,0.02264544651379119,572,571
fixed_train,6,0,7,"370407, ac370419",5,0.99114134930351494,0.023651020356376562,572,571
fixed_train,6,0,7,"370407, ac370419",6,0.99114134930351494,0.020715336773991289,572,570
fixed_train,6,0,7,"370407, ac370419",7,0.99114134930351494,0.023651020356376562,572,569
fixed_train,6,0,7,"370407, ac370419",8,0.99114134930351494,0.024614452589433511,572,571
fixed_train,6,0,7,"370407, ac370419",9,0.99114134930351494,0.023636901778972041,572,572
fixed_train,6,0,8,"ac370442, ac370443",0,0.99114134930351494,0.019673983763135339,566,564
fixed_train,6,0,8,"ac370442, ac370443",1,0.99114134930351494,0.018707434362506659,566,565
fixed_train,6,0,8,"ac370442, ac370443",2,0.99114134930351494,0.020651805708638227,566,565
fixed_train,6,0,8,"ac370442, ac370443",3,0.99114134930351494,0.020639874377261225,566,566
fixed_train,6,0,8,"ac370442, ac370443",4,0.99114134930351494,0.018684441948296771,566,561
fixed_train,6,0,8,"ac370442, ac370443",5,0.99114134930351494,0.021629289924535278,566,564
fixed_train,6,0,8,"ac370442, ac370443",6,0.99114134930351494,0.021641751656902186,566,565
fixed_train,6,0,8,"ac370442, ac370443",7,0.99114134930351494,0.024628851883118474,566,565
fixed_train,6,0,8,"ac370442, ac370443",8,0.99114134930351494,0.014749714427613636,566,563
fixed_train,6,0,8,"ac370442, ac370443",9,0.99114134930351494,0.023596253835568848,566,565
fixed_train,6,0,9,"ac370000, ac370419, ac370442",0,0.99114134930351494,0.040230269818069653,566,566
fixed_train,6,0,9,"ac370000, ac370419, ac370442",1,0.99114134930351494,0.038417823533543394,566,566
fixed_train,6,0,9,"ac370000, ac370419, ac370442",2,0.99114134930351494,0.041240035505939465,566,566
fixed_train,6,0,9,"ac370000, ac370419, ac370442",3,0.99114134930351494,0.037403191829603277,566,566
fixed_train,6,0,9,"ac370000, ac370419, ac370442",4,0.99114134930351494,0.035416126913270785,566,566
fixed_train,6,0,9,"ac370000, ac370419, ac370442",5,0.99114134930351494,0.032439284406759805,566,565
fixed_train,6,0,9,"ac370000, ac370419, ac370442",6,0.99114134930351494,0.044304513345856167,566,566
fixed_train,6,0,9,"ac370000, ac370419, ac370442",7,0.99114134930351494,0.025577287444436103,566,566
fixed_train,6,0,9,"ac370000, ac370419, ac370442",8,0.99114134930351494,0.037422893738256691,566,566
fixed_train,6,0,9,"ac370000, ac370419, ac370442",9,0.99114134930351494,0.035363011395001975,566,565
fixed_test,6,1,0,"370407, ac370000",0,0.88516177365734894,0.00043246792629336728,68,68
fixed_test,6,1,0,"370407, ac370000",1,0.88516177365734894,0.0090555789670834219,68,68
fixed_test,6,1,0,"370407, ac370000",2,0.88516177365734894,0.0086334878068783372,68,68
fixed_test,6,1,0,"370407, ac370000",3,0.88516177365734894,0.0090555789670834219,68,68
fixed_test,6,1,0,"370407, ac370000",4,0.88516177365734894,-0.00035203942230987995,68,67
fixed_test,6,1,0,"370407, ac370000",5,0.88516177365734894,-0.017667419437330856,68,67
fixed_test,6,1,0,"370407, ac370000",6,0.88516177365734894,-0.00035203942230987995,68,67
fixed_test,6,1,0,"370407, ac370000",7,0.88516177365734894,0.017667419437330967,68,66
fixed_test,6,1,0,"370407, ac370000",8,0.88516177365734894,0,68,68
fixed_test,6,1,0,"370407, ac370000",9,0.88516177365734894,0.017261220103896413,68,68
fixed_test,6,1,1,"ac370000, ac370419",0,0.88516177365734894,0,66,66
fixed_test,6,1,1,"ac370000, ac370419",1,0.88516177365734894,0.0086334878068783372,66,64
fixed_test,6,1,1,"ac370000, ac370419",2,0.88516177365734894,0.0086334878068783372,66,65
fixed_test,6,1,1,"ac370000, ac370419",3,0.88516177365734894,0,66,66
fixed_test,6,1,1,"ac370000, ac370419",4,0.88516177365734894,0.0086334878068783372,66,66
fixed_test,6,1,1,"ac370000, ac370419",5,0.88516177365734894,-0.0086435360771642822,66,66
fixed_test,6,1,1,"ac370000, ac370419",6,0.88516177365734894,0.0082967194245673337,66,66
fixed_test,6,1,1,"ac370000, ac370419",7,0.88516177365734894,0.0086334878068783372,66,65
fixed_test,6,1,1,"ac370000, ac370419",8,0.88516177365734894,0.026754694011331237,66,65
fixed_test,6,1,1,"ac370000, ac370419",9,0.88516177365734894,0.0086334878068783372,66,66
fixed_test,6,1,2,"ac370000, ac370443",0,0.88516177365734894,0.017667419437330967,62,62
fixed_test,6,1,2,"ac370000, ac370443",1,0.88516177365734894,0.017261220103896413,62,61
fixed_test,6,1,2,"ac370000, ac370443",2,0.88516177365734894,-0.00035203942230987995,62,62
fixed_test,6,1,2,"ac370000, ac370443",3,0.88516177365734894,0.017261220103896413,62,62
fixed_test,6,1,2,"ac370000, ac370443",4,0.88516177365734894,0.0090555789670834219,62,62
fixed_test,6,1,2,"ac370000, ac370443",5,0.88516177365734894,0.0086334878068783372,62,62
fixed_test,6,1,2,"ac370000, ac370443",6,0.88516177365734894,0.026754694011331237,62,62
fixed_test,6,1,2,"ac370000, ac370443",7,0.88516177365734894,-0.00035203942230987995,62,62
fixed_test,6,1,2,"ac370000, ac370443",8,0.88516177365734894,0.017667419437330967,62,62
fixed_test,6,1,2,"ac370000, ac370443",9,0.88516177365734894,0,62,62
fixed_test,6,1,3,"ac370000, ac370419, ac370443",0,0.88516177365734894,0.0082967194245673337,62,62
fixed_test,6,1,3,"ac370000, ac370419, ac370443",1,0.88516177365734894,0.0086334878068783372,62,62
fixed_test,6,1,3,"ac370000, ac370419, ac370443",2,0.88516177365734894,0,62,62
fixed_test,6,1,3,"ac370000, ac370419, ac370443",3,0.88516177365734894,0.017261220103896413,62,62
fixed_test,6,1,3,"ac370000, ac370419, ac370443",4,0.88516177365734894,0.026272304113954092,62,62
fixed_test,6,1,3,"ac370000, ac370419, ac370443",5,0.88516177365734894,0.016945160381946045,62,62
fixed_test,6,1,3,"ac370000, ac370419, ac370443",6,0.88516177365734894,-0.00035203942230987995,62,62
fixed_test,6,1,3,"ac370000, ac370419, ac370443",7,0.88516177365734894,0.0086334878068783372,62,62
fixed_test,6,1,3,"ac370000, ac370419, ac370443",8,0.88516177365734894,0.017261220103896413,62,62
fixed_test,6,1,3,"ac370000, ac370419, ac370443",9,0.88516177365734894,-0.0092939871136066277,62,62
fixed_test,6,1,4,"ac370419, ac370443",0,0.88516177365734894,0.043911120421029626,62,62
fixed_test,6,1,4,"ac370419, ac370443",1,0.88516177365734894,0.017261220103896413,62,62
fixed_test,6,1,4,"ac370419, ac370443",2,0.88516177365734894,0.0086334878068783372,62,62
fixed_test,6,1,4,"ac370419, ac370443",3,0.88516177365734894,-0.00035203942230987995,62,61
fixed_test,6,1,4,"ac370419, ac370443",4,0.88516177365734894,-0.00035203942230987995,62,61
fixed_test,6,1,4,"ac370419, ac370443",5,0.88516177365734894,0.026754694011331237,62,62
fixed_test,6,1,4,"ac370419, ac370443",6,0.88516177365734894,0.035334838874661934,62,62
fixed_test,6,1,4,"ac370419, ac370443",7,0.88516177365734894,0.017667419437330967,62,61
fixed_test,6,1,4,"ac370419, ac370443",8,0.88516177365734894,0.017667419437330967,62,62
fixed_test,6,1,4,"ac370419, ac370443",9,0.88516177365734894,-0.0090053285001973071,62,62
fixed_test,6,1,5,"ac370000, ac370442",0,0.88516177365734894,0.0086334878068783372,60,60
fixed_test,6,1,5,"ac370000, ac370442",1,0.88516177365734894,-0.00035203942230987995,60,60
fixed_test,6,1,5,"ac370000, ac370442",2,0.88516177365734894,-0.0090053285001973071,60,60
fixed_test,6,1,5,"ac370000, ac370442",3,0.88516177365734894,0.0086334878068783372,60,60
fixed_test,6,1,5,"ac370000, ac370442",4,0.88516177365734894,0,60,59
fixed_test,6,1,5,"ac370000, ac370442",5,0.88516177365734894,0.0086334878068783372,60,60
fixed_test,6,1,5,"ac370000, ac370442",6,0.88516177365734894,0.017667419437330967,60,60
fixed_test,6,1,5,"ac370000, ac370442",7,0.88516177365734894,0.0086334878068783372,60,59
fixed_test,6,1,5,"ac370000, ac370442",8,0.88516177365734894,0.025887425962741406,60,60
fixed_test,6,1,5,"ac370000, ac370442",9,0.88516177365734894,0.0086334878068783372,60,59
fixed_test,6,1,6,"370407, ac370000, ac370419",0,0.88516177365734894,0.034516278611892326,62,62
fixed_test,6,1,6,"370407, ac370000, ac370419",1,0.88516177365734894,-0.017965298948516284,62,62
fixed_test,6,1,6,"370407, ac370000, ac370419",2,0.88516177365734894,0.017261220103896413,62,62
fixed_test,6,1,6,"370407, ac370000, ac370419",3,0.88516177365734894,0.00043246792629336728,62,62
fixed_test,6,1,6,"370407, ac370000, ac370419",4,0.88516177365734894,0.026272304113954092,62,62
fixed_test,6,1,6,"370407, ac370000, ac370419",5,0.88516177365734894,0,62,62
fixed_test,6,1,6,"370407, ac370000, ac370419",6,0.88516177365734894,0,62,61
fixed_test,6,1,6,"370407, ac370000, ac370419",7,0.88516177365734894,-0.0092939871136066277,62,62
fixed_test,6,1,6,"370407, ac370000, ac370419",8,0.88516177365734894,0.017261220103896413,62,62
fixed_test,6,1,6,"370407, ac370000, ac370419",9,0.88516177365734894,-0.017667419437330856,62,62
fixed_test,6,1,7,"370407, ac370419",0,0.88516177365734894,0,62,62
fixed_test,6,1,7,"370407, ac370419",1,0.88516177365734894,0.0086334878068783372,62,62
fixed_test,6,1,7,"370407, ac370419",2,0.88516177365734894,0.017667419437330967,62,62
fixed_test,6,1,7,"370407, ac370419",3,0.88516177365734894,0.00043246792629336728,62,62
fixed_test,6,1,7,"370407, ac370419",4,0.88516177365734894,0.017667419437330967,62,62
fixed_test,6,1,7,"370407, ac370419",5,0.88516177365734894,0.0086334878068783372,62,62
fixed_test,6,1,7,"370407, ac370419",6,0.88516177365734894,0.00043246792629336728,62,61
fixed_test,6,1,7,"370407, ac370419",7,0.88516177365734894,0.0086334878068783372,62,62
fixed_test,6,1,7,"370407, ac370419",8,0.88516177365734894,0.0086334878068783372,62,62
fixed_test,6,1,7,"370407, ac370419",9,0.88516177365734894,0.0090555789670834219,62,62
fixed_test,6,1,8,"ac370442, ac370443",0,0.88516177365734894,0.035334838874661934,60,60
fixed_test,6,1,8,"ac370442, ac370443",1,0.88516177365734894,0.035900373855199175,60,60
fixed_test,6,1,8,"ac370442, ac370443",2,0.88516177365734894,0.026754694011331237,60,60
fixed_test,6,1,8,"ac370442, ac370443",3,0.88516177365734894,0.0086334878068783372,60,60
fixed_test,6,1,8,"ac370442, ac370443",4,0.88516177365734894,0.026272304113954092,60,60
fixed_test,6,1,8,"ac370442, ac370443",5,0.88516177365734894,0.0086334878068783372,60,59
fixed_test,6,1,8,"ac370442, ac370443",6,0.88516177365734894,-0.00035203942230987995,60,59
fixed_test,6,1,8,"ac370442, ac370443",7,0.88516177365734894,0.0090555789670834219,60,59
fixed_test,6,1,8,"ac370442, ac370443",8,0.88516177365734894,0,60,60
fixed_test,6,1,8,"ac370442, ac370443",9,0.88516177365734894,0.026754694011331237,60,60
fixed_test,6,1,9,"ac370000, ac370419, ac370442",0,0.88516177365734894,0.017667419437330967,60,60
fixed_test,6,1,9,"ac370000, ac370419, ac370442",1,0.88516177365734894,0.0086334878068783372,60,60
fixed_test,6,1,9,"ac370000, ac370419, ac370442",2,0.88516177365734894,-0.00062595784800023591,60,60
fixed_test,6,1,9,"ac370000, ac370419, ac370442",3,0.88516177365734894,0.034516278611892326,60,60
fixed_test,6,1,9,"ac370000, ac370419, ac370442",4,0.88516177365734894,0.016945160381946045,60,60
fixed_test,6,1,9,"ac370000, ac370419, ac370442",5,0.88516177365734894,0.017261220103896413,60,60
fixed_test,6,1,9,"ac370000, ac370419, ac370442",6,0.88516177365734894,-0.00062595784800023591,60,60
fixed_test,6,1,9,"ac370000, ac370419, ac370442",7,0.88516177365734894,0.017261220103896413,60,60
fixed_test,6,1,9,"ac370000, ac370419, ac370442",8,0.88516177365734894,0.034874479630102706,60,60
fixed_test,6,1,9,"ac370000, ac370419, ac370442",9,0.88516177365734894,-0.017965298948516284,60,60
fixed_train,6,1,0,"370407, ac370000",0,0.99410029498525077,0.036461381508676505,600,596
fixed_train,6,1,0,"370407, ac370000",1,0.99410029498525077,0.034456370380349099,600,597
fixed_train,6,1,0,"370407, ac370000",2,0.99410029498525077,0.032487781336685839,600,599
fixed_train,6,1,0,"370407, ac370000",3,0.99410029498525077,0.033497356843607884,600,595
fixed_train,6,1,0,"370407, ac370000",4,0.99410029498525077,0.039368350321491219,600,597
fixed_train,6,1,0,"370407, ac370000",5,0.99410029498525077,0.033463821364590252,600,595
fixed_train,6,1,0,"370407, ac370000",6,0.99410029498525077,0.033480416498096188,600,597
fixed_train,6,1,0,"370407, ac370000",7,0.99410029498525077,0.033463821364590252,600,596
fixed_train,6,1,0,"370407, ac370000",8,0.99410029498525077,0.042310608382540527,600,598
fixed_train,6,1,0,"370407, ac370000",9,0.99410029498525077,0.037437063029443496,600,598
fixed_train,6,1,1,"ac370000, ac370419",0,0.99410029498525077,0.028565274883462721,586,583
fixed_train,6,1,1,"ac370000, ac370419",1,0.99410029498525077,0.025645881620425581,586,582
fixed_train,6,1,1,"ac370000, ac370419",2,0.99410029498525077,0.031495645045623188,586,582
fixed_train,6,1,1,"ac370000, ac370419",3,0.99410029498525077,0.036480151605156386,586,585
fixed_train,6,1,1,"ac370000, ac370419",4,0.99410029498525077,0.029498525073746396,586,584
fixed_train,6,1,1,"ac370000, ac370419",5,0.99410029498525077,0.030534702306217798,586,582
fixed_train,6,1,1,"ac370000, ac370419",6,0.99410029498525077,0.032471768913705734,586,584
fixed_train,6,1,1,"ac370000, ac370419",7,0.99410029498525077,0.031560679114520873,586,583
fixed_train,6,1,1,"ac370000, ac370419",8,0.99410029498525077,0.030504001019938887,586,584
fixed_train,6,1,1,"ac370000, ac370419",9,0.99410029498525077,0.03449109841456377,586,582
fixed_train,6,1,2,"ac370000, ac370443",0,0.99410029498525077,0.030534702306217798,575,572
fixed_train,6,1,2,"ac370000, ac370443",1,0.99410029498525077,0.031480206431740321,575,572
fixed_train,6,1,2,"ac370000, ac370443",2,0.99410029498525077,0.033480416498096188,575,574
fixed_train,6,1,2,"ac370000, ac370443",3,0.99410029498525077,0.033480416498096188,575,569
fixed_train,6,1,2,"ac370000, ac370443",4,0.99410029498525077,0.036407304701239651,575,575
fixed_train,6,1,2,"ac370000, ac370443",5,0.99410029498525077,0.025617944471936549,575,574
fixed_train,6,1,2,"ac370000, ac370443",6,0.99410029498525077,0.034439536807472693,575,572
fixed_train,6,1,2,"ac370000, ac370443",7,0.99410029498525077,0.03055053222633819,575,570
fixed_train,6,1,2,"ac370000, ac370443",8,0.99410029498525077,0.034473557151727729,575,572
fixed_train,6,1,2,"ac370000, ac370443",9,0.99410029498525077,0.030566683239588222,575,574
fixed_train,6,1,3,"ac370000, ac370419, ac370443",0,0.99410029498525077,0.038393548467675953,573,573
fixed_train,6,1,3,"ac370000, ac370419, ac370443",1,0.99410029498525077,0.040269672465916506,573,572
fixed_train,6,1,3,"ac370000, ac370419, ac370443",2,0.99410029498525077,0.038288460041243311,573,573
fixed_train,6,1,3,"ac370000, ac370419, ac370443",3,0.99410029498525077,0.040323946894539664,573,573
fixed_train,6,1,3,"ac370000, ac370419, ac370443",4,0.99410029498525077,0.04423780936399746,573,573
fixed_train,6,1,3,"ac370000, ac370419, ac370443",5,0.99410029498525077,0.042234326826795954,573,572
fixed_train,6,1,3,"ac370000, ac370419, ac370443",6,0.99410029498525077,0.040287364280803817,573,572
fixed_train,6,1,3,"ac370000, ac370419, ac370443",7,0.99410029498525077,0.03837507259500661,573,573
fixed_train,6,1,3,"ac370000, ac370419, ac370443",8,0.99410029498525077,0.04025237848817631,573,573
fixed_train,6,1,3,"ac370000, ac370419, ac370443",9,0.99410029498525077,0.046183585893002088,573,573
fixed_train,6,1,4,"ac370419, ac370443",0,0.99410029498525077,0.021643387630032596,573,572
fixed_train,6,1,4,"ac370419, ac370443",1,0.99410029498525077,0.031480206431740321,573,571
fixed_train,6,1,4,"ac370419, ac370443",2,0.99410029498525077,0.016711330881548303,573,571
fixed_train,6,1,4,"ac370419, ac370443",3,0.99410029498525077,0.028522163428338354,573,573
fixed_train,6,1,4,"ac370419, ac370443",4,0.99410029498525077,0.027587797564854299,573,570
fixed_train,6,1,4,"ac370419, ac370443",5,0.99410029498525077,0.028536233126171928,573,571
fixed_train,6,1,4,"ac370419, ac370443",6,0.99410029498525077,0.025578115150715619,573,573
fixed_train,6,1,4,"ac370419, ac370443",7,0.99410029498525077,0.026568465232405081,573,571
fixed_train,6,1,4,"ac370419, ac370443",8,0.99410029498525077,0.027531956735496577,573,571
fixed_train,6,1,4,"ac370419, ac370443",9,0.99410029498525077,0.023610751390374052,573,572
fixed_train,6,1,5,"ac370000, ac370442",0,0.99410029498525077,0.026555199517304673,572,571
fixed_train,6,1,5,"ac370000, ac370442",1,0.99410029498525077,0.033431661750245811,572,569
fixed_train,6,1,5,"ac370000, ac370442",2,0.99410029498525077,0.030504001019938887,572,568
fixed_train,6,1,5,"ac370000, ac370442",3,0.99410029498525077,0.036442984574482806,572,569
fixed_train,6,1,5,"ac370000, ac370442",4,0.99410029498525077,0.028565274883462721,572,569
fixed_train,6,1,5,"ac370000, ac370442",5,0.99410029498525077,0.027602491369840387,572,571
fixed_train,6,1,5,"ac370000, ac370442",6,0.99410029498525077,0.029527468726656236,572,568
fixed_train,6,1,5,"ac370000, ac370442",7,0.99410029498525077,0.030504001019938887,572,570
fixed_train,6,1,5,"ac370000, ac370442",8,0.99410029498525077,0.031511410422453867,572,568
fixed_train,6,1,5,"ac370000, ac370442",9,0.99410029498525077,0.026582014205695725,572,566
fixed_train,6,1,6,"370407, ac370000, ac370419",0,0.99410029498525077,0.043264503441494573,570,569
fixed_train,6,1,6,"370407, ac370000, ac370419",1,0.99410029498525077,0.046203986398458241,570,570
fixed_train,6,1,6,"370407, ac370000, ac370419",2,0.99410029498525077,0.03539823008849563,570,569
fixed_train,6,1,6,"370407, ac370000, ac370419",3,0.99410029498525077,0.045210834782459797,570,570
fixed_train,6,1,6,"370407, ac370000, ac370419",4,0.99410029498525077,0.039295954227767771,570,569
fixed_train,6,1,6,"370407, ac370000, ac370419",5,0.99410029498525077,0.035431997683557315,570,569
fixed_train,6,1,6,"370407, ac370000, ac370419",6,0.99410029498525077,0.035431997683557315,570,570
fixed_train,6,1,6,"370407, ac370000, ac370419",7,0.99410029498525077,0.04025237848817631,570,570
fixed_train,6,1,6,"370407, ac370000, ac370419",8,0.99410029498525077,0.034406924191694332,570,570
fixed_train,6,1,6,"370407, ac370000, ac370419",9,0.99410029498525077,0.04133652664045806,570,570
fixed_train,6,1,7,"370407, ac370419",0,0.99410029498525077,0.021621354876055543,570,569
fixed_train,6,1,7,"370407, ac370419",1,0.99410029498525077,0.035414933952423455,570,569
fixed_train,6,1,7,"370407, ac370419",2,0.99410029498525077,0.022609861984930313,570,570
fixed_train,6,1,7,"370407, ac370419",3,0.99410029498525077,0.027573398271169336,570,570
fixed_train,6,1,7,"370407, ac370419",4,0.99410029498525077,0.027545478911057186,570,567
fixed_train,6,1,7,"370407, ac370419",5,0.99410029498525077,0.022644836118368983,570,568
fixed_train,6,1,7,"370407, ac370419",6,0.99410029498525077,0.029498525073746396,570,568
fixed_train,6,1,7,"370407, ac370419",7,0.99410029498525077,0.022621271695237644,570,569
fixed_train,6,1,7,"370407, ac370419",8,0.99410029498525077,0.024626420037953012,570,569
fixed_train,6,1,7,"370407, ac370419",9,0.99410029498525077,0.021632251720747342,570,568
fixed_train,6,1,8,"ac370442, ac370443",0,0.99410029498525077,0.029470810914177137,569,569
fixed_train,6,1,8,"ac370442, ac370443",1,0.99410029498525077,0.023610751390374052,569,569
fixed_train,6,1,8,"ac370442, ac370443",2,0.99410029498525077,0.022609861984930313,569,569
fixed_train,6,1,8,"ac370442, ac370443",3,0.99410029498525077,0.021632251720747342,569,569
fixed_train,6,1,8,"ac370442, ac370443",4,0.99410029498525077,0.019665683382497523,569,565
fixed_train,6,1,8,"ac370442, ac370443",5,0.99410029498525077,0.026555199517304673,569,567
fixed_train,6,1,8,"ac370442, ac370443",6,0.99410029498525077,0.02359882005899705,569,567
fixed_train,6,1,8,"ac370442, ac370443",7,0.99410029498525077,0.017699115044247815,569,565
fixed_train,6,1,8,"ac370442, ac370443",8,0.99410029498525077,0.02456410664827513,569,565
fixed_train,6,1,8,"ac370442, ac370443",9,0.99410029498525077,0.021654763450788428,569,567
fixed_train,6,1,9,"ac370000, ac370419, ac370442",0,0.99410029498525077,0.043264503441494573,569,569
fixed_train,6,1,9,"ac370000, ac370419, ac370442",1,0.99410029498525077,0.031465093411996103,569,569
fixed_train,6,1,9,"ac370000, ac370419, ac370442",2,0.99410029498525077,0.04127925479805894,569,569
fixed_train,6,1,9,"ac370000, ac370419, ac370442",3,0.99410029498525077,0.039349661473106479,569,569
fixed_train,6,1,9,"ac370000, ac370419, ac370442",4,0.99410029498525077,0.04030545529507612,569,569
fixed_train,6,1,9,"ac370000, ac370419, ac370442",5,0.99410029498525077,0.033447570192081888,569,569
fixed_train,6,1,9,"ac370000, ac370419, ac370442",6,0.99410029498525077,0.032471768913705734,569,569
fixed_train,6,1,9,"ac370000, ac370419, ac370442",7,0.99410029498525077,0.044218178688935961,569,568
fixed_train,6,1,9,"ac370000, ac370419, ac370442",8,0.99410029498525077,0.039349661473106479,569,569
fixed_train,6,1,9,"ac370000, ac370419, ac370442",9,0.99410029498525077,0.035381884821457876,569,569
fixed_test,6,2,0,"370407, ac370000",0,0.86640044083134471,-0.026452291947298701,59,58
fixed_test,6,2,0,"370407, ac370000",1,0.86640044083134471,-0.027404868903168511,59,59
fixed_test,6,2,0,"370407, ac370000",2,0.86640044083134471,-0.018328864899710862,59,58
fixed_test,6,2,0,"370407, ac370000",3,0.86640044083134471,-0.027404868903168511,59,59
fixed_test,6,2,0,"370407, ac370000",4,0.86640044083134471,-0.00059491193525795794,59,57
fixed_test,6,2,0,"370407, ac370000",5,0.86640044083134471,-0.018328864899710862,59,58
fixed_test,6,2,0,"370407, ac370000",6,0.86640044083134471,-0.0091956509055703961,59,58
fixed_test,6,2,0,"370407, ac370000",7,0.86640044083134471,-0.027404868903168511,59,59
fixed_test,6,2,0,"370407, ac370000",8,0.86640044083134471,-0.018328864899710862,59,58
fixed_test,6,2,0,"370407, ac370000",9,0.86640044083134471,-0.018328864899710862,59,59
fixed_test,6,2,1,"ac370000, ac370419",0,0.86640044083134471,-0.026452291947298701,59,59
fixed_test,6,2,1,"ac370000, ac370419",1,0.86640044083134471,-0.0091956509055703961,59,59
fixed_test,6,2,1,"ac370000, ac370419",2,0.86640044083134471,0.0092634637931534591,59,59
fixed_test,6,2,1,"ac370000, ac370419",3,0.86640044083134471,-0.026967637800296873,59,59
fixed_test,6,2,1,"ac370000, ac370419",4,0.86640044083134471,-0.026967637800296873,59,59
fixed_test,6,2,1,"ac370000, ac370419",5,0.86640044083134471,-0.018328864899710862,59,59
fixed_test,6,2,1,"ac370000, ac370419",6,0.86640044083134471,-0.00059491193525795794,59,58
fixed_test,6,2,1,"ac370000, ac370419",7,0.86640044083134471,0.017813274555820713,59,59
fixed_test,6,2,1,"ac370000, ac370419",8,0.86640044083134471,-0.017813274555820713,59,59
fixed_test,6,2,1,"ac370000, ac370419",9,0.86640044083134471,-0.017813274555820713,59,59
fixed_test,6,2,2,"ac370000, ac370443",0,0.86640044083134471,-0.035626549111641315,57,57
fixed_test,6,2,2,"ac370000, ac370443",1,0.86640044083134471,-0.018328864899710862,57,56
fixed_test,6,2,2,"ac370000, ac370443",2,0.86640044083134471,-0.035626549111641315,57,56
fixed_test,6,2,2,"ac370000, ac370443",3,0.86640044083134471,-0.035626549111641315,57,56
fixed_test,6,2,2,"ac370000, ac370443",4,0.86640044083134471,-0.017813274555820713,57,55
fixed_test,6,2,2,"ac370000, ac370443",5,0.86640044083134471,-0.026967637800296873,57,57
fixed_test,6,2,2,"ac370000, ac370443",6,0.86640044083134471,-0.018328864899710862,57,57
fixed_test,6,2,2,"ac370000, ac370443",7,0.86640044083134471,-0.036062817864163987,57,57
fixed_test,6,2,2,"ac370000, ac370443",8,0.86640044083134471,-0.044739624695023239,57,57
fixed_test,6,2,2,"ac370000, ac370443",9,0.86640044083134471,-0.018328864899710862,57,55
fixed_test,6,2,3,"ac370000, ac370419, ac370443",0,0.86640044083134471,-0.035626549111641315,57,56
fixed_test,6,2,3,"ac370000, ac370419, ac370443",1,0.86640044083134471,-0.017813274555820713,57,57
fixed_test,6,2,3,"ac370000, ac370419, ac370443",2,0.86640044083134471,-0.0091956509055703961,57,57
fixed_test,6,2,3,"ac370000, ac370419, ac370443",3,0.86640044083134471,-0.026967637800296873,57,57
fixed_test,6,2,3,"ac370000, ac370419, ac370443",4,0.86640044083134471,-0.017813274555820713,57,57
fixed_test,6,2,3,"ac370000, ac370419, ac370443",5,0.86640044083134471,-0.036062817864163987,57,57
fixed_test,6,2,3,"ac370000, ac370419, ac370443",6,0.86640044083134471,-0.026967637800296873,57,57
fixed_test,6,2,3,"ac370000, ac370419, ac370443",7,0.86640044083134471,-0.026452291947298701,57,57
fixed_test,6,2,3,"ac370000, ac370419, ac370443",8,0.86640044083134471,-0.00059491193525795794,57,57
fixed_test,6,2,3,"ac370000, ac370419, ac370443",9,0.86640044083134471,-0.009705753858920807,57,57
fixed_test,6,2,4,"ac370419, ac370443",0,0.86640044083134471,-0.0091956509055703961,57,57
fixed_test,6,2,4,"ac370419, ac370443",1,0.86640044083134471,-0.00059491193525795794,57,57
fixed_test,6,2,4,"ac370419, ac370443",2,0.86640044083134471,-0.009705753858920807,57,57
fixed_test,6,2,4,"ac370419, ac370443",3,0.86640044083134471,0.0079933611853270081,57,56
fixed_test,6,2,4,"ac370419, ac370443",4,0.86640044083134471,-0.017813274555820713,57,57
fixed_test,6,2,4,"ac370419, ac370443",5,0.86640044083134471,-0.0091956509055703961,57,57
fixed_test,6,2,4,"ac370419, ac370443",6,0.86640044083134471,-0.035626549111641315,57,57
fixed_test,6,2,4,"ac370419, ac370443",7,0.86640044083134471,-0.0091956509055703961,57,57
fixed_test,6,2,4,"ac370419, ac370443",8,0.86640044083134471,-0.009705753858920807,57,57
fixed_test,6,2,4,"ac370419, ac370443",9,0.86640044083134471,-0.009705753858920807,57,57
fixed_test,6,2,5,"ac370000, ac370442",0,0.86640044083134471,0,57,57
fixed_test,6,2,5,"ac370000, ac370442",1,0.86640044083134471,-0.026452291947298701,57,56
fixed_test,6,2,5,"ac370000, ac370442",2,0.86640044083134471,-0.018328864899710862,57,55
fixed_test,6,2,5,"ac370000, ac370442",3,0.86640044083134471,-0.036062817864163987,57,57
fixed_test,6,2,5,"ac370000, ac370442",4,0.86640044083134471,-0.035626549111641315,57,55
fixed_test,6,2,5,"ac370000, ac370442",5,0.86640044083134471,-0.026452291947298701,57,57
fixed_test,6,2,5,"ac370000, ac370442",6,0.86640044083134471,-0.009705753858920807,57,56
fixed_test,6,2,5,"ac370000, ac370442",7,0.86640044083134471,-0.0091956509055703961,57,56
fixed_test,6,2,5,"ac370000, ac370442",8,0.86640044083134471,-0.035626549111641315,57,57
fixed_test,6,2,5,"ac370000, ac370442",9,0.86640044083134471,-0.017813274555820713,57,57
fixed_test,6,2,6,"370407, ac370000, ac370419",0,0.86640044083134471,-0.018328864899710862,56,56
fixed_test,6,2,6,"370407, ac370000, ac370419",1,0.86640044083134471,-0.0091956509055703961,56,56
fixed_test,6,2,6,"370407, ac370000, ac370419",2,0.86640044083134471,-0.026967637800296873,56,56
fixed_test,6,2,6,"370407, ac370000, ac370419",3,0.86640044083134471,0,56,56
fixed_test,6,2,6,"370407, ac370000, ac370419",4,0.86640044083134471,-0.026967637800296873,56,56
fixed_test,6,2,6,"370407, ac370000, ac370419",5,0.86640044083134471,-0.026967637800296873,56,56
fixed_test,6,2,6,"370407, ac370000, ac370419",6,0.86640044083134471,-0.0091956509055703961,56,56
fixed_test,6,2,6,"370407, ac370000, ac370419",7,0.86640044083134471,-0.018328864899710862,56,56
fixed_test,6,2,6,"370407, ac370000, ac370419",8,0.86640044083134471,0.0085763359891559698,56,56
fixed_test,6,2,6,"370407, ac370000, ac370419",9,0.86640044083134471,-0.035626549111641315,56,56
fixed_test,6,2,7,"370407, ac370419",0,0.86640044083134471,-0.0091956509055703961,56,56
fixed_test,6,2,7,"370407, ac370419",1,0.86640044083134471,-0.026452291947298701,56,56
fixed_test,6,2,7,"370407, ac370419",2,0.86640044083134471,-0.018328864899710862,56,56
fixed_test,6,2,7,"370407, ac370419",3,0.86640044083134471,-0.017813274555820713,56,56
fixed_test,6,2,7,"370407, ac370419",4,0.86640044083134471,-0.018328864899710862,56,56
fixed_test,6,2,7,"370407, ac370419",5,0.86640044083134471,-0.009705753858920807,56,56
fixed_test,6,2,7,"370407, ac370419",6,0.86640044083134471,-0.035626549111641315,56,56
fixed_test,6,2,7,"370407, ac370419",7,0.86640044083134471,-0.0085944140770727318,56,56
fixed_test,6,2,7,"370407, ac370419",8,0.86640044083134471,-0.0091956509055703961,56,56
fixed_test,6,2,7,"370407, ac370419",9,0.86640044083134471,-0.0091956509055703961,56,56
fixed_test,6,2,8,"ac370442, ac370443",0,0.86640044083134471,-0.0091956509055703961,57,56
fixed_test,6,2,8,"ac370442, ac370443",1,0.86640044083134471,-0.018328864899710862,57,57
fixed_test,6,2,8,"ac370442, ac370443",2,0.86640044083134471,-0.018328864899710862,57,56
fixed_test,6,2,8,"ac370442, ac370443",3,0.86640044083134471,-0.0010939133886732622,57,57
fixed_test,6,2,8,"ac370442, ac370443",4,0.86640044083134471,-0.0091956509055703961,57,56
fixed_test,6,2,8,"ac370442, ac370443",5,0.86640044083134471,-0.018328864899710862,57,57
fixed_test,6,2,8,"ac370442, ac370443",6,0.86640044083134471,-0.0010939133886732622,57,56
fixed_test,6,2,8,"ac370442, ac370443",7,0.86640044083134471,-0.018328864899710862,57,57
fixed_test,6,2,8,"ac370442, ac370443",8,0.86640044083134471,-0.018328864899710862,57,57
fixed_test,6,2,8,"ac370442, ac370443",9,0.86640044083134471,-0.018328864899710862,57,57
fixed_test,6,2,9,"ac370000, ac370419, ac370442",0,0.86640044083134471,-0.026967637800296873,57,57
fixed_test,6,2,9,"ac370000, ac370419, ac370442",1,0.86640044083134471,-0.018328864899710862,57,57
fixed_test,6,2,9,"ac370000, ac370419, ac370442",2,0.86640044083134471,-0.026967637800296873,57,57
fixed_test,6,2,9,"ac370000, ac370419, ac370442",3,0.86640044083134471,-0.00059491193525795794,57,57
fixed_test,6,2,9,"ac370000, ac370419, ac370442",4,0.86640044083134471,-0.0091956509055703961,57,57
fixed_test,6,2,9,"ac370000, ac370419, ac370442",5,0.86640044083134471,-0.035626549111641315,57,57
fixed_test,6,2,9,"ac370000, ac370419, ac370442",6,0.86640044083134471,-0.035626549111641315,57,57
fixed_test,6,2,9,"ac370000, ac370419, ac370442",7,0.86640044083134471,-0.00059491193525795794,57,57
fixed_test,6,2,9,"ac370000, ac370419, ac370442",8,0.86640044083134471,-0.017813274555820713,57,57
fixed_test,6,2,9,"ac370000, ac370419, ac370442",9,0.86640044083134471,-0.027404868903168511,57,57
fixed_train,6,2,0,"370407, ac370000",0,0.99114504447804874,0.032494172066536375,609,607
fixed_train,6,2,0,"370407, ac370000",1,0.99114504447804874,0.037509475422487948,609,607
fixed_train,6,2,0,"370407, ac370000",2,0.99114504447804874,0.036471545468964028,609,604
fixed_train,6,2,0,"370407, ac370000",3,0.99114504447804874,0.038421518708077196,609,606
fixed_train,6,2,0,"370407, ac370000",4,0.99114504447804874,0.036471545468964028,609,606
fixed_train,6,2,0,"370407, ac370000",5,0.99114504447804874,0.030542106336405861,609,606
fixed_train,6,2,0,"370407, ac370000",6,0.99114504447804874,0.045236552031472144,609,603
fixed_train,6,2,0,"370407, ac370000",7,0.99114504447804874,0.039355357875338504,609,606
fixed_train,6,2,0,"370407, ac370000",8,0.99114504447804874,0.042317628771190052,609,605
fixed_train,6,2,0,"370407, ac370000",9,0.99114504447804874,0.033469708916810559,609,607
fixed_train,6,2,1,"ac370000, ac370419",0,0.99114504447804874,0.032530110600188844,593,588
fixed_train,6,2,1,"ac370000, ac370419",1,0.99114504447804874,0.032586760648871338,593,589
fixed_train,6,2,1,"ac370000, ac370419",2,0.99114504447804874,0.031518306644525707,593,588
fixed_train,6,2,1,"ac370000, ac370419",3,0.99114504447804874,0.029565564813248901,593,591
fixed_train,6,2,1,"ac370000, ac370419",4,0.99114504447804874,0.029565564813248901,593,592
fixed_train,6,2,1,"ac370000, ac370419",5,0.99114504447804874,0.030577027772017207,593,593
fixed_train,6,2,1,"ac370000, ac370419",6,0.99114504447804874,0.028639930537364577,593,589
fixed_train,6,2,1,"ac370000, ac370419",7,0.99114504447804874,0.036451665615159445,593,590
fixed_train,6,2,1,"ac370000, ac370419",8,0.99114504447804874,0.033563566405939826,593,591
fixed_train,6,2,1,"ac370000, ac370419",9,0.99114504447804874,0.030595011469243372,593,591
fixed_train,6,2,2,"ac370000, ac370443",0,0.99114504447804874,0.032530110600188844,580,578
fixed_train,6,2,2,"ac370000, ac370443",1,0.99114504447804874,0.031518306644525707,580,575
fixed_train,6,2,2,"ac370000, ac370443",2,0.99114504447804874,0.029565564813248901,580,577
fixed_train,6,2,2,"ac370000, ac370443",3,0.99114504447804874,0.033452054194037628,580,576
fixed_train,6,2,2,"ac370000, ac370443",4,0.99114504447804874,0.029565564813248901,580,577
fixed_train,6,2,2,"ac370000, ac370443",5,0.99114504447804874,0.02666651548161092,580,576
fixed_train,6,2,2,"ac370000, ac370443",6,0.99114504447804874,0.035419822087804587,580,578
fixed_train,6,2,2,"ac370000, ac370443",7,0.99114504447804874,0.03148428630027067,580,577
fixed_train,6,2,2,"ac370000, ac370443",8,0.99114504447804874,0.032442979581293607,580,580
fixed_train,6,2,2,"ac370000, ac370443",9,0.99114504447804874,0.032548626936715674,580,577
fixed_train,6,2,3,"ac370000, ac370419, ac370443",0,0.99114504447804874,0.039316381822334878,578,577
fixed_train,6,2,3,"ac370000, ac370419, ac370443",1,0.99114504447804874,0.038361774726246134,578,578
fixed_train,6,2,3,"ac370000, ac370419, ac370443",2,0.99114504447804874,0.029548879221770741,578,578
fixed_train,6,2,3,"ac370000, ac370419, ac370443",3,0.99114504447804874,0.03937547604780034,578,578
fixed_train,6,2,3,"ac370000, ac370419, ac370443",4,0.99114504447804874,0.040349452452223322,578,578
fixed_train,6,2,3,"ac370000, ac370419, ac370443",5,0.99114504447804874,0.035457161490035638,578,578
fixed_train,6,2,3,"ac370000, ac370419, ac370443",6,0.99114504447804874,0.031535847907361747,578,578
fixed_train,6,2,3,"ac370000, ac370419, ac370443",7,0.99114504447804874,0.030525165990894165,578,578
fixed_train,6,2,3,"ac370000, ac370419, ac370443",8,0.99114504447804874,0.040349452452223322,578,576
fixed_train,6,2,3,"ac370000, ac370419, ac370443",9,0.99114504447804874,0.033506131001474482,578,578
fixed_train,6,2,4,"ac370419, ac370443",0,0.99114504447804874,0.020719031948525091,578,577
fixed_train,6,2,4,"ac370419, ac370443",1,0.99114504447804874,0.022622864643513596,578,575
fixed_train,6,2,4,"ac370419, ac370443",2,0.99114504447804874,0.022597684353254155,578,575
fixed_train,6,2,4,"ac370419, ac370443",3,0.99114504447804874,0.026557592164196619,578,577
fixed_train,6,2,4,"ac370419, ac370443",4,0.99114504447804874,0.019677678937669141,578,576
fixed_train,6,2,4,"ac370419, ac370443",5,0.99114504447804874,0.02163298509906908,578,578
fixed_train,6,2,4,"ac370419, ac370443",6,0.99114504447804874,0.023640596953505844,578,576
fixed_train,6,2,4,"ac370419, ac370443",7,0.99114504447804874,0.021658174654830553,578,575
fixed_train,6,2,4,"ac370419, ac370443",8,0.99114504447804874,0.024632547057652276,578,576
fixed_train,6,2,4,"ac370419, ac370443",9,0.99114504447804874,0.025566912921136331,578,574
fixed_train,6,2,5,"ac370000, ac370442",0,0.99114504447804874,0.031535847907361747,575,570
fixed_train,6,2,5,"ac370000, ac370442",1,0.99114504447804874,0.031553744976098197,575,573
fixed_train,6,2,5,"ac370000, ac370442",2,0.99114504447804874,0.032511959429323722,575,573
fixed_train,6,2,5,"ac370000, ac370442",3,0.99114504447804874,0.027595281719136167,575,574
fixed_train,6,2,5,"ac370000, ac370442",4,0.99114504447804874,0.035536520914213998,575,570
fixed_train,6,2,5,"ac370000, ac370442",5,0.99114504447804874,0.036512506517922594,575,574
fixed_train,6,2,5,"ac370000, ac370442",6,0.99114504447804874,0.027644702881117755,575,573
fixed_train,6,2,5,"ac370000, ac370442",7,0.99114504447804874,0.026602400150570138,575,572
fixed_train,6,2,5,"ac370000, ac370442",8,0.99114504447804874,0.034481812522241473,575,574
fixed_train,6,2,5,"ac370000, ac370442",9,0.99114504447804874,0.02858867573141366,575,572
fixed_train,6,2,6,"370407, ac370000, ac370419",0,0.99114504447804874,0.044221374267457869,576,576
fixed_train,6,2,6,"370407, ac370000, ac370419",1,0.99114504447804874,0.047249832222453825,576,575
fixed_train,6,2,6,"370407, ac370000, ac370419",2,0.99114504447804874,0.041262928181733938,576,576
fixed_train,6,2,6,"370407, ac370000, ac370419",3,0.99114504447804874,0.038361774726246134,576,574
fixed_train,6,2,6,"370407, ac370000, ac370419",4,0.99114504447804874,0.041302624209404892,576,575
fixed_train,6,2,6,"370407, ac370000, ac370419",5,0.99114504447804874,0.049147266994638117,576,576
fixed_train,6,2,6,"370407, ac370000, ac370419",6,0.99114504447804874,0.035401732476304071,576,576
fixed_train,6,2,6,"370407, ac370000, ac370419",7,0.99114504447804874,0.041365443758300535,576,576
fixed_train,6,2,6,"370407, ac370000, ac370419",8,0.99114504447804874,0.043228335385800065,576,575
fixed_train,6,2,6,"370407, ac370000, ac370419",9,0.99114504447804874,0.041302624209404892,576,576
fixed_train,6,2,7,"370407, ac370419",0,0.99114504447804874,0.027611432732386199,576,573
fixed_train,6,2,7,"370407, ac370419",1,0.99114504447804874,0.021671169530750989,576,572
fixed_train,6,2,7,"370407, ac370419",2,0.99114504447804874,0.020680135612682782,576,574
fixed_train,6,2,7,"370407, ac370419",3,0.99114504447804874,0.020692840871816554,576,575
fixed_train,6,2,7,"370407, ac370419",4,0.99114504447804874,0.025566912921136331,576,575
fixed_train,6,2,7,"370407, ac370419",5,0.99114504447804874,0.023626763698493702,576,574
fixed_train,6,2,7,"370407, ac370419",6,0.99114504447804874,0.02950084074320336,576,573
fixed_train,6,2,7,"370407, ac370419",7,0.99114504447804874,0.026529264337654901,576,574
fixed_train,6,2,7,"370407, ac370419",8,0.99114504447804874,0.024604041900487372,576,575
fixed_train,6,2,7,"370407, ac370419",9,0.99114504447804874,0.02950084074320336,576,573
fixed_train,6,2,8,"ac370442, ac370443",0,0.99114504447804874,0.023640596953505844,572,570
fixed_train,6,2,8,"ac370442, ac370443",1,0.99114504447804874,0.023654715530910364,572,571
fixed_train,6,2,8,"ac370442, ac370443",2,0.99114504447804874,0.02163298509906908,572,571
fixed_train,6,2,8,"ac370442, ac370443",3,0.99114504447804874,0.019666021188035621,572,569
fixed_train,6,2,8,"ac370442, ac370443",4,0.99114504447804874,0.029532530829483816,572,570
fixed_train,6,2,8,"ac370442, ac370443",5,0.99114504447804874,0.025580982618969905,572,570
fixed_train,6,2,8,"ac370442, ac370443",6,0.99114504447804874,0.026543274566544373,572,571
fixed_train,6,2,8,"ac370442, ac370443",7,0.99114504447804874,0.020667689262553357,572,567
fixed_train,6,2,8,"ac370442, ac370443",8,0.99114504447804874,0.028480589069693196,572,572
fixed_train,6,2,8,"ac370442, ac370443",9,0.99114504447804874,0.020692840871816554,572,569
fixed_train,6,2,9,"ac370000, ac370419, ac370442",0,0.99114504447804874,0.037406887004137079,572,571
fixed_train,6,2,9,"ac370000, ac370419, ac370442",1,0.99114504447804874,0.041387263377925865,572,571
fixed_train,6,2,9,"ac370000, ac370419, ac370442",2,0.99114504447804874,0.037406887004137079,572,572
fixed_train,6,2,9,"ac370000, ac370419, ac370442",3,0.99114504447804874,0.036432184217820907,572,571
fixed_train,6,2,9,"ac370000, ac370419, ac370442",4,0.99114504447804874,0.037387589981571545,572,572
fixed_train,6,2,9,"ac370000, ac370419, ac370442",5,0.99114504447804874,0.037406887004137079,572,572
fixed_train,6,2,9,"ac370000, ac370419, ac370442",6,0.99114504447804874,0.042296502246929046,572,570
fixed_train,6,2,9,"ac370000, ac370419, ac370442",7,0.99114504447804874,0.03937547604780034,572,572
fixed_train,6,2,9,"ac370000, ac370419, ac370442",8,0.99114504447804874,0.043269588120438351,572,572
fixed_train,6,2,9,"ac370000, ac370419, ac370442",9,0.99114504447804874,0.043290893662872199,572,572
fixed_test,6,3,0,"370407, ac370000",0,0.89336807863164158,-0.00043723110287163802,66,65
fixed_test,6,3,0,"370407, ac370000",1,0.89336807863164158,0.0086387729005860114,66,66
fixed_test,6,3,0,"370407, ac370000",2,0.89336807863164158,-0.0090951800638671143,66,66
fixed_test,6,3,0,"370407, ac370000",3,0.89336807863164158,-0.018136346147119453,66,66
fixed_test,6,3,0,"370407, ac370000",4,0.89336807863164158,-0.0086589113113444416,66,66
fixed_test,6,3,0,"370407, ac370000",5,0.89336807863164158,0,66,66
fixed_test,6,3,0,"370407, ac370000",6,0.89336807863164158,0.017261883941376066,66,65
fixed_test,6,3,0,"370407, ac370000",7,0.89336807863164158,0,66,66
fixed_test,6,3,0,"370407, ac370000",8,0.89336807863164158,0.0086387729005860114,66,66
fixed_test,6,3,0,"370407, ac370000",9,0.89336807863164158,0.0086387729005860114,66,66
fixed_test,6,3,1,"ac370000, ac370419",0,0.89336807863164158,0.0086387729005860114,68,68
fixed_test,6,3,1,"ac370000, ac370419",1,0.89336807863164158,0.0091543632444761602,68,67
fixed_test,6,3,1,"ac370000, ac370419",2,0.89336807863164158,0.00051534585299817248,68,64
fixed_test,6,3,1,"ac370000, ac370419",3,0.89336807863164158,0.0086387729005860114,68,68
fixed_test,6,3,1,"ac370000, ac370419",4,0.89336807863164158,0,68,68
fixed_test,6,3,1,"ac370000, ac370419",5,0.89336807863164158,-0.0086589113113444416,68,68
fixed_test,6,3,1,"ac370000, ac370419",6,0.89336807863164158,-0.0086589113113444416,68,68
fixed_test,6,3,1,"ac370000, ac370419",7,0.89336807863164158,0,68,68
fixed_test,6,3,1,"ac370000, ac370419",8,0.89336807863164158,-0.017771986894726366,68,68
fixed_test,6,3,1,"ac370000, ac370419",9,0.89336807863164158,0,68,67
fixed_test,6,3,2,"ac370000, ac370443",0,0.89336807863164158,0.034478609088246737,66,66
fixed_test,6,3,2,"ac370000, ac370443",1,0.89336807863164158,0.0086387729005860114,66,65
fixed_test,6,3,2,"ac370000, ac370443",2,0.89336807863164158,-0.00043723110287163802,66,65
fixed_test,6,3,2,"ac370000, ac370443",3,0.89336807863164158,-0.0090951800638671143,66,65
fixed_test,6,3,2,"ac370000, ac370443",4,0.89336807863164158,0.017261883941376066,66,66
fixed_test,6,3,2,"ac370000, ac370443",5,0.89336807863164158,0,66,66
fixed_test,6,3,2,"ac370000, ac370443",6,0.89336807863164158,0.0091543632444761602,66,66
fixed_test,6,3,2,"ac370000, ac370443",7,0.89336807863164158,0,66,66
fixed_test,6,3,2,"ac370000, ac370443",8,0.89336807863164158,-0.0086589113113444416,66,66
fixed_test,6,3,2,"ac370000, ac370443",9,0.89336807863164158,0.017261883941376066,66,65
fixed_test,6,3,3,"ac370000, ac370419, ac370443",0,0.89336807863164158,0.016839792781170981,66,66
fixed_test,6,3,3,"ac370000, ac370419, ac370443",1,0.89336807863164158,0,66,66
fixed_test,6,3,3,"ac370000, ac370419, ac370443",2,0.89336807863164158,0.017771986894726477,66,66
fixed_test,6,3,3,"ac370000, ac370419, ac370443",3,0.89336807863164158,-0.00043723110287163802,66,66
fixed_test,6,3,3,"ac370000, ac370419, ac370443",4,0.89336807863164158,0.025873724411623611,66,66
fixed_test,6,3,3,"ac370000, ac370419, ac370443",5,0.89336807863164158,0.017261883941376066,66,66
fixed_test,6,3,3,"ac370000, ac370419, ac370443",6,0.89336807863164158,-0.00043723110287163802,66,66
fixed_test,6,3,3,"ac370000, ac370419, ac370443",7,0.89336807863164158,0.025873724411623611,66,66
fixed_test,6,3,3,"ac370000, ac370419, ac370443",8,0.89336807863164158,-0.017771986894726366,66,66
fixed_test,6,3,3,"ac370000, ac370419, ac370443",9,0.89336807863164158,0,66,66
fixed_test,6,3,4,"ac370419, ac370443",0,0.89336807863164158,0,66,66
fixed_test,6,3,4,"ac370419, ac370443",1,0.89336807863164158,0,66,66
fixed_test,6,3,4,"ac370419, ac370443",2,0.89336807863164158,0.0086387729005860114,66,66
fixed_test,6,3,4,"ac370419, ac370443",3,0.89336807863164158,0,66,66
fixed_test,6,3,4,"ac370419, ac370443",4,0.89336807863164158,-0.0086589113113444416,66,66
fixed_test,6,3,4,"ac370419, ac370443",5,0.89336807863164158,0,66,66
fixed_test,6,3,4,"ac370419, ac370443",6,0.89336807863164158,0.0086387729005860114,66,66
fixed_test,6,3,4,"ac370419, ac370443",7,0.89336807863164158,0.0086387729005860114,66,66
fixed_test,6,3,4,"ac370419, ac370443",8,0.89336807863164158,-0.0086589113113444416,66,66
fixed_test,6,3,4,"ac370419, ac370443",9,0.89336807863164158,0,66,66
fixed_test,6,3,5,"ac370000, ac370442",0,0.89336807863164158,0.025873724411623611,65,65
fixed_test,6,3,5,"ac370000, ac370442",1,0.89336807863164158,0.0086387729005860114,65,65
fixed_test,6,3,5,"ac370000, ac370442",2,0.89336807863164158,0.0091543632444761602,65,63
fixed_test,6,3,5,"ac370000, ac370442",3,0.89336807863164158,0,65,65
fixed_test,6,3,5,"ac370000, ac370442",4,0.89336807863164158,0.017261883941376066,65,65
fixed_test,6,3,5,"ac370000, ac370442",5,0.89336807863164158,0.00051534585299817248,65,64
fixed_test,6,3,5,"ac370000, ac370442",6,0.89336807863164158,0.0091543632444761602,65,65
fixed_test,6,3,5,"ac370000, ac370442",7,0.89336807863164158,0.026372725865038915,65,65
fixed_test,6,3,5,"ac370000, ac370442",8,0.89336807863164158,0.0086387729005860114,65,65
fixed_test,6,3,5,"ac370000, ac370442",9,0.89336807863164158,0.017261883941376066,65,65
fixed_test,6,3,6,"370407, ac370000, ac370419",0,0.89336807863164158,0.025873724411623611,65,65
fixed_test,6,3,6,"370407, ac370000, ac370419",1,0.89336807863164158,0,65,65
fixed_test,6,3,6,"370407, ac370000, ac370419",2,0.89336807863164158,0,65,65
fixed_test,6,3,6,"370407, ac370000, ac370419",3,0.89336807863164158,0.0082063049742926442,65,65
fixed_test,6,3,6,"370407, ac370000, ac370419",4,0.89336807863164158,0.034478609088246737,65,65
fixed_test,6,3,6,"370407, ac370000, ac370419",5,0.89336807863164158,0.017261883941376066,65,65
fixed_test,6,3,6,"370407, ac370000, ac370419",6,0.89336807863164158,0.034478609088246737,65,65
fixed_test,6,3,6,"370407, ac370000, ac370419",7,0.89336807863164158,0.017261883941376066,65,65
fixed_test,6,3,6,"370407, ac370000, ac370419",8,0.89336807863164158,0.0091543632444761602,65,65
fixed_test,6,3,6,"370407, ac370000, ac370419",9,0.89336807863164158,0.04308078460439535,65,65
fixed_test,6,3,7,"370407, ac370419",0,0.89336807863164158,0.0086387729005860114,65,65
fixed_test,6,3,7,"370407, ac370419",1,0.89336807863164158,0.0086387729005860114,65,64
fixed_test,6,3,7,"370407, ac370419",2,0.89336807863164158,0.017261883941376066,65,65
fixed_test,6,3,7,"370407, ac370419",3,0.89336807863164158,0.017261883941376066,65,63
fixed_test,6,3,7,"370407, ac370419",4,0.89336807863164158,-0.0086589113113444416,65,65
fixed_test,6,3,7,"370407, ac370419",5,0.89336807863164158,0.017261883941376066,65,65
fixed_test,6,3,7,"370407, ac370419",6,0.89336807863164158,-0.0086589113113444416,65,65
fixed_test,6,3,7,"370407, ac370419",7,0.89336807863164158,-0.0086589113113444416,65,65
fixed_test,6,3,7,"370407, ac370419",8,0.89336807863164158,0,65,64
fixed_test,6,3,7,"370407, ac370419",9,0.89336807863164158,0.017261883941376066,65,64
fixed_test,6,3,8,"ac370442, ac370443",0,0.89336807863164158,0,65,65
fixed_test,6,3,8,"ac370442, ac370443",1,0.89336807863164158,0.0086387729005860114,65,65
fixed_test,6,3,8,"ac370442, ac370443",2,0.89336807863164158,0,65,65
fixed_test,6,3,8,"ac370442, ac370443",3,0.89336807863164158,0.0086387729005860114,65,65
fixed_test,6,3,8,"ac370442, ac370443",4,0.89336807863164158,0,65,65
fixed_test,6,3,8,"ac370442, ac370443",5,0.89336807863164158,0,65,65
fixed_test,6,3,8,"ac370442, ac370443",6,0.89336807863164158,0.0086387729005860114,65,65
fixed_test,6,3,8,"ac370442, ac370443",7,0.89336807863164158,0,65,65
fixed_test,6,3,8,"ac370442, ac370443",8,0.89336807863164158,-0.0086589113113444416,65,65
fixed_test,6,3,8,"ac370442, ac370443",9,0.89336807863164158,0.0086387729005860114,65,64
fixed_test,6,3,9,"ac370000, ac370419, ac370442",0,0.89336807863164158,0.0082063049742926442,65,65
fixed_test,6,3,9,"ac370000, ac370419, ac370442",1,0.89336807863164158,0.025873724411623611,65,65
fixed_test,6,3,9,"ac370000, ac370419, ac370442",2,0.89336807863164158,0.0082063049742926442,65,65
fixed_test,6,3,9,"ac370000, ac370419, ac370442",3,0.89336807863164158,0.026372725865038915,65,65
fixed_test,6,3,9,"ac370000, ac370419, ac370442",4,0.89336807863164158,0.017771986894726477,65,65
fixed_test,6,3,9,"ac370000, ac370419, ac370442",5,0.89336807863164158,0.017261883941376066,65,65
fixed_test,6,3,9,"ac370000, ac370419, ac370442",6,0.89336807863164158,0,65,65
fixed_test,6,3,9,"ac370000, ac370419, ac370442",7,0.89336807863164158,-0.0090951800638671143,65,65
fixed_test,6,3,9,"ac370000, ac370419, ac370442",8,0.89336807863164158,0.0078542655519827642,65,65
fixed_test,6,3,9,"ac370000, ac370419, ac370442",9,0.89336807863164158,0.017261883941376066,65,65
fixed_train,6,3,0,"370407, ac370000",0,0.99114504447804874,0.032459683445221432,602,601
fixed_train,6,3,0,"370407, ac370000",1,0.99114504447804874,0.033452054194037628,602,598
fixed_train,6,3,0,"370407, ac370000",2,0.99114504447804874,0.039335660298371211,602,599
fixed_train,6,3,0,"370407, ac370000",3,0.99114504447804874,0.042339202444747759,602,600
fixed_train,6,3,0,"370407, ac370000",4,0.99114504447804874,0.040181925783328465,602,601
fixed_train,6,3,0,"370407, ac370000",5,0.99114504447804874,0.034427047205562888,602,601
fixed_train,6,3,0,"370407, ac370000",6,0.99114504447804874,0.035496057219810417,602,599
fixed_train,6,3,0,"370407, ac370000",7,0.99114504447804874,0.042235789708720106,602,596
fixed_train,6,3,0,"370407, ac370000",8,0.99114504447804874,0.031518306644525707,602,598
fixed_train,6,3,0,"370407, ac370000",9,0.99114504447804874,0.04236122489391303,602,599
fixed_train,6,3,1,"ac370000, ac370419",0,0.99114504447804874,0.037426588912790493,584,581
fixed_train,6,3,1,"ac370000, ac370419",1,0.99114504447804874,0.031535847907361747,584,580
fixed_train,6,3,1,"ac370000, ac370419",2,0.99114504447804874,0.034463178142178585,584,583
fixed_train,6,3,1,"ac370000, ac370419",3,0.99114504447804874,0.036471545468964028,584,582
fixed_train,6,3,1,"ac370000, ac370419",4,0.99114504447804874,0.03937547604780034,584,577
fixed_train,6,3,1,"ac370000, ac370419",5,0.99114504447804874,0.033452054194037628,584,580
fixed_train,6,3,1,"ac370000, ac370419",6,0.99114504447804874,0.031467804654237042,584,583
fixed_train,6,3,1,"ac370000, ac370419",7,0.99114504447804874,0.036512506517922594,584,582
fixed_train,6,3,1,"ac370000, ac370419",8,0.99114504447804874,0.028540394538421165,584,581
fixed_train,6,3,1,"ac370000, ac370419",9,0.99114504447804874,0.03937547604780034,584,579
fixed_train,6,3,2,"ac370000, ac370443",0,0.99114504447804874,0.028540394538421165,571,571
fixed_train,6,3,2,"ac370000, ac370443",1,0.99114504447804874,0.025610024376260698,571,569
fixed_train,6,3,2,"ac370000, ac370443",2,0.99114504447804874,0.03148428630027067,571,569
fixed_train,6,3,2,"ac370000, ac370443",3,0.99114504447804874,0.025580982618969905,571,569
fixed_train,6,3,2,"ac370000, ac370443",4,0.99114504447804874,0.026543274566544373,571,571
fixed_train,6,3,2,"ac370000, ac370443",5,0.99114504447804874,0.027563941785820445,571,570
fixed_train,6,3,2,"ac370000, ac370443",6,0.99114504447804874,0.029516518406503711,571,569
fixed_train,6,3,2,"ac370000, ac370443",7,0.99114504447804874,0.030476411243043788,571,569
fixed_train,6,3,2,"ac370000, ac370443",8,0.99114504447804874,0.032567509818803075,571,567
fixed_train,6,3,2,"ac370000, ac370443",9,0.99114504447804874,0.032494172066536375,571,569
fixed_train,6,3,3,"ac370000, ac370419, ac370443",0,0.99114504447804874,0.037350204787874097,569,569
fixed_train,6,3,3,"ac370000, ac370419, ac370443",1,0.99114504447804874,0.037406887004137079,569,569
fixed_train,6,3,3,"ac370000, ac370419, ac370443",2,0.99114504447804874,0.033469708916810559,569,569
fixed_train,6,3,3,"ac370000, ac370419, ac370443",3,0.99114504447804874,0.033452054194037628,569,569
fixed_train,6,3,3,"ac370000, ac370419, ac370443",4,0.99114504447804874,0.02850984290479408,569,569
fixed_train,6,3,3,"ac370000, ac370419, ac370443",5,0.99114504447804874,0.029516518406503711,569,569
fixed_train,6,3,3,"ac370000, ac370419, ac370443",6,0.99114504447804874,0.033469708916810559,569,569
fixed_train,6,3,3,"ac370000, ac370419, ac370443",7,0.99114504447804874,0.040289794283057345,569,569
fixed_train,6,3,3,"ac370000, ac370419, ac370443",8,0.99114504447804874,0.032476747176355292,569,568
fixed_train,6,3,3,"ac370000, ac370419, ac370443",9,0.99114504447804874,0.035457161490035638,569,569
fixed_train,6,3,4,"ac370419, ac370443",0,0.99114504447804874,0.022610137890044846,569,569
fixed_train,6,3,4,"ac370419, ac370443",1,0.99114504447804874,0.0167104328752955,569,569
fixed_train,6,3,4,"ac370419, ac370443",2,0.99114504447804874,0.026557592164196619,569,567
fixed_train,6,3,4,"ac370419, ac370443",3,0.99114504447804874,0.020631894361053948,569,566
fixed_train,6,3,4,"ac370419, ac370443",4,0.99114504447804874,0.0255531425811103,569,567
fixed_train,6,3,4,"ac370419, ac370443",5,0.99114504447804874,0.018677001213545319,569,568
fixed_train,6,3,4,"ac370419, ac370443",6,0.99114504447804874,0.01866610436885352,569,566
fixed_train,6,3,4,"ac370419, ac370443",7,0.99114504447804874,0.023613214725203058,569,568
fixed_train,6,3,4,"ac370419, ac370443",8,0.99114504447804874,0.023561841432558794,569,568
fixed_train,6,3,4,"ac370419, ac370443",9,0.99114504447804874,0.022676523428250661,569,565
fixed_train,6,3,5,"ac370000, ac370442",0,0.99114504447804874,0.03148428630027067,567,561
fixed_train,6,3,5,"ac370000, ac370442",1,0.99114504447804874,0.029548879221770741,567,565
fixed_train,6,3,5,"ac370000, ac370442",2,0.99114504447804874,0.032459683445221432,567,565
fixed_train,6,3,5,"ac370000, ac370442",3,0.99114504447804874,0.033469708916810559,567,565
fixed_train,6,3,5,"ac370000, ac370442",4,0.99114504447804874,0.033487734067280783,567,562
fixed_train,6,3,5,"ac370000, ac370442",5,0.99114504447804874,0.028540394538421165,567,565
fixed_train,6,3,5,"ac370000, ac370442",6,0.99114504447804874,0.037446697189700284,567,564
fixed_train,6,3,5,"ac370000, ac370442",7,0.99114504447804874,0.030559393165801252,567,566
fixed_train,6,3,5,"ac370000, ac370442",8,0.99114504447804874,0.029532530829483816,567,564
fixed_train,6,3,5,"ac370000, ac370442",9,0.99114504447804874,0.031501119873147077,567,560
fixed_train,6,3,6,"370407, ac370000, ac370419",0,0.99114504447804874,0.051001208463600234,567,567
fixed_train,6,3,6,"370407, ac370000, ac370419",1,0.99114504447804874,0.036306851351438962,567,567
fixed_train,6,3,6,"370407, ac370000, ac370419",2,0.99114504447804874,0.043169828717271597,567,566
fixed_train,6,3,6,"370407, ac370000, ac370419",3,0.99114504447804874,0.036358214298656599,567,567
fixed_train,6,3,6,"370407, ac370000, ac370419",4,0.99114504447804874,0.04517303940223194,567,567
fixed_train,6,3,6,"370407, ac370000, ac370419",5,0.99114504447804874,0.042275821272542369,567,566
fixed_train,6,3,6,"370407, ac370000, ac370419",6,0.99114504447804874,0.041188722564329594,567,566
fixed_train,6,3,6,"370407, ac370000, ac370419",7,0.99114504447804874,0.041262928181733938,567,567
fixed_train,6,3,6,"370407, ac370000, ac370419",8,0.99114504447804874,0.036340703720565748,567,567
fixed_train,6,3,6,"370407, ac370000, ac370419",9,0.99114504447804874,0.036274548666757389,567,567
fixed_train,6,3,7,"370407, ac370419",0,0.99114504447804874,0.022622864643513596,567,566
fixed_train,6,3,7,"370407, ac370419",1,0.99114504447804874,0.028540394538421165,567,566
fixed_train,6,3,7,"370407, ac370419",2,0.99114504447804874,0.02950084074320336,567,567
fixed_train,6,3,7,"370407, ac370419",3,0.99114504447804874,0.024604041900487372,567,564
fixed_train,6,3,7,"370407, ac370419",4,0.99114504447804874,0.024618147763967313,567,565
fixed_train,6,3,7,"370407, ac370419",5,0.99114504447804874,0.030460844322055647,567,566
fixed_train,6,3,7,"370407, ac370419",6,0.99114504447804874,0.022662693964734526,567,565
fixed_train,6,3,7,"370407, ac370419",7,0.99114504447804874,0.018699512943586405,567,566
fixed_train,6,3,7,"370407, ac370419",8,0.99114504447804874,0.021658174654830553,567,566
fixed_train,6,3,7,"370407, ac370419",9,0.99114504447804874,0.027611432732386199,567,567
fixed_train,6,3,8,"ac370442, ac370443",0,0.99114504447804874,0.020667689262553357,564,559
fixed_train,6,3,8,"ac370442, ac370443",1,0.99114504447804874,0.02163298509906908,564,562
fixed_train,6,3,8,"ac370442, ac370443",2,0.99114504447804874,0.02163298509906908,564,561
fixed_train,6,3,8,"ac370442, ac370443",3,0.99114504447804874,0.024604041900487372,564,564
fixed_train,6,3,8,"ac370442, ac370443",4,0.99114504447804874,0.016700314376653091,564,563
fixed_train,6,3,8,"ac370442, ac370443",5,0.99114504447804874,0.021645446831435988,564,564
fixed_train,6,3,8,"ac370442, ac370443",6,0.99114504447804874,0.016700314376653091,564,559
fixed_train,6,3,8,"ac370442, ac370443",7,0.99114504447804874,0.028480589069693196,564,560
fixed_train,6,3,8,"ac370442, ac370443",8,0.99114504447804874,0.020643569551795027,564,561
fixed_train,6,3,8,"ac370442, ac370443",9,0.99114504447804874,0.020620474418820645,564,562
fixed_train,6,3,9,"ac370000, ac370419, ac370442",0,0.99114504447804874,0.038401190293463339,564,563
fixed_train,6,3,9,"ac370000, ac370419, ac370442",1,0.99114504447804874,0.039316381822334878,564,564
fixed_train,6,3,9,"ac370000, ac370419, ac370442",2,0.99114504447804874,0.035419822087804587,564,564
fixed_train,6,3,9,"ac370000, ac370419, ac370442",3,0.99114504447804874,0.033434768565270612,564,564
fixed_train,6,3,9,"ac370000, ac370419, ac370442",4,0.99114504447804874,0.036376116257793134,564,564
fixed_train,6,3,9,"ac370000, ac370419, ac370442",5,0.99114504447804874,0.03148428630027067,564,564
fixed_train,6,3,9,"ac370000, ac370419, ac370442",6,0.99114504447804874,0.029532530829483816,564,564
fixed_train,6,3,9,"ac370000, ac370419, ac370442",7,0.99114504447804874,0.029548879221770741,564,564
fixed_train,6,3,9,"ac370000, ac370419, ac370442",8,0.99114504447804874,0.036413099814289196,564,564
fixed_train,6,3,9,"ac370000, ac370419, ac370442",9,0.99114504447804874,0.030508570857388229,564,564
fixed_test,6,4,0,"370407, ac370000",0,0.91984026449880685,-0.017813274555820602,73,73
fixed_test,6,4,0,"370407, ac370000",1,0.91984026449880685,0.017377005803298151,73,73
fixed_test,6,4,0,"370407, ac370000",2,0.91984026449880685,-0.00035694716115464153,73,73
fixed_test,6,4,0,"370407, ac370000",3,0.91984026449880685,-0.00035694716115464153,73,72
fixed_test,6,4,0,"370407, ac370000",4,0.91984026449880685,-0.0087282240202888328,73,72
fixed_test,6,4,0,"370407, ac370000",5,0.91984026449880685,-0.00035694716115464153,73,72
fixed_test,6,4,0,"370407, ac370000",6,0.91984026449880685,0.0087001989724388995,73,73
fixed_test,6,4,0,"370407, ac370000",7,0.91984026449880685,0.016713191892941626,73,73
fixed_test,6,4,0,"370407, ac370000",8,0.91984026449880685,0.0087001989724388995,73,73
fixed_test,6,4,0,"370407, ac370000",9,0.91984026449880685,0.0087001989724388995,73,72
fixed_test,6,4,1,"ac370000, ac370419",0,0.91984026449880685,0.017377005803298151,70,69
fixed_test,6,4,1,"ac370000, ac370419",1,0.91984026449880685,0.0083358397200458123,70,70
fixed_test,6,4,1,"ac370000, ac370419",2,0.91984026449880685,-0.0090717879222874664,70,70
fixed_test,6,4,1,"ac370000, ac370419",3,0.91984026449880685,-0.0087282240202888328,70,70
fixed_test,6,4,1,"ac370000, ac370419",4,0.91984026449880685,-0.017813274555820602,70,70
fixed_test,6,4,1,"ac370000, ac370419",5,0.91984026449880685,-0.0090717879222874664,70,69
fixed_test,6,4,1,"ac370000, ac370419",6,0.91984026449880685,0.026034954764293627,70,70
fixed_test,6,4,1,"ac370000, ac370419",7,0.91984026449880685,0.0083358397200458123,70,70
fixed_test,6,4,1,"ac370000, ac370419",8,0.91984026449880685,-0.017813274555820602,70,70
fixed_test,6,4,1,"ac370000, ac370419",9,0.91984026449880685,0.026472185867165265,70,70
fixed_test,6,4,2,"ac370000, ac370443",0,0.91984026449880685,-0.0090717879222874664,69,68
fixed_test,6,4,2,"ac370000, ac370443",1,0.91984026449880685,0.043734069808541332,69,69
fixed_test,6,4,2,"ac370000, ac370443",2,0.91984026449880685,-0.0090717879222874664,69,69
fixed_test,6,4,2,"ac370000, ac370443",3,0.91984026449880685,0,69,68
fixed_test,6,4,2,"ac370000, ac370443",4,0.91984026449880685,0.0087001989724388995,69,69
fixed_test,6,4,2,"ac370000, ac370443",5,0.91984026449880685,0.0087001989724388995,69,69
fixed_test,6,4,2,"ac370000, ac370443",6,0.91984026449880685,-0.0090717879222874664,69,69
fixed_test,6,4,2,"ac370000, ac370443",7,0.91984026449880685,0.0083358397200458123,69,69
fixed_test,6,4,2,"ac370000, ac370443",8,0.91984026449880685,0,69,68
fixed_test,6,4,2,"ac370000, ac370443",9,0.91984026449880685,-0.0083305301807751198,69,68
fixed_test,6,4,3,"ac370000, ac370419, ac370443",0,0.91984026449880685,0.035110958767751277,69,69
fixed_test,6,4,3,"ac370000, ac370419, ac370443",1,0.91984026449880685,0.0087001989724388995,69,69
fixed_test,6,4,3,"ac370000, ac370419, ac370443",2,0.91984026449880685,0.00041664869586732767,69,69
fixed_test,6,4,3,"ac370000, ac370419, ac370443",3,0.91984026449880685,0.0083358397200458123,69,69
fixed_test,6,4,3,"ac370000, ac370419, ac370443",4,0.91984026449880685,-0.00065634803320380186,69,69
fixed_test,6,4,3,"ac370000, ac370419, ac370443",5,0.91984026449880685,0.0083358397200458123,69,69
fixed_test,6,4,3,"ac370000, ac370419, ac370443",6,0.91984026449880685,0.017813274555820824,69,69
fixed_test,6,4,3,"ac370000, ac370419, ac370443",7,0.91984026449880685,0.017813274555820824,69,69
fixed_test,6,4,3,"ac370000, ac370419, ac370443",8,0.91984026449880685,0.0083358397200458123,69,69
fixed_test,6,4,3,"ac370000, ac370419, ac370443",9,0.91984026449880685,0.0083358397200458123,69,69
fixed_test,6,4,4,"ac370419, ac370443",0,0.91984026449880685,0.0087001989724388995,69,69
fixed_test,6,4,4,"ac370419, ac370443",1,0.91984026449880685,-0.017813274555820602,69,69
fixed_test,6,4,4,"ac370419, ac370443",2,0.91984026449880685,0.017377005803298151,69,69
fixed_test,6,4,4,"ac370419, ac370443",3,0.91984026449880685,0,69,69
fixed_test,6,4,4,"ac370419, ac370443",4,0.91984026449880685,0.017813274555820824,69,69
fixed_test,6,4,4,"ac370419, ac370443",5,0.91984026449880685,-0.0087282240202888328,69,69
fixed_test,6,4,4,"ac370419, ac370443",6,0.91984026449880685,0,69,68
fixed_test,6,4,4,"ac370419, ac370443",7,0.91984026449880685,0.018322511850769607,69,69
fixed_test,6,4,4,"ac370419, ac370443",8,0.91984026449880685,0.026987531720163438,69,69
fixed_test,6,4,4,"ac370419, ac370443",9,0.91984026449880685,0.026987531720163438,69,69
fixed_test,6,4,5,"ac370000, ac370442",0,0.91984026449880685,-0.0090717879222874664,69,68
fixed_test,6,4,5,"ac370000, ac370442",1,0.91984026449880685,0.026034954764293627,69,69
fixed_test,6,4,5,"ac370000, ac370442",2,0.91984026449880685,0.0087001989724388995,69,68
fixed_test,6,4,5,"ac370000, ac370442",3,0.91984026449880685,0.0083358397200458123,69,68
fixed_test,6,4,5,"ac370000, ac370442",4,0.91984026449880685,0.017813274555820824,69,67
fixed_test,6,4,5,"ac370000, ac370442",5,0.91984026449880685,-0.00065634803320380186,69,69
fixed_test,6,4,5,"ac370000, ac370442",6,0.91984026449880685,0.009129653849937247,69,68
fixed_test,6,4,5,"ac370000, ac370442",7,0.91984026449880685,0.026034954764293627,69,69
fixed_test,6,4,5,"ac370000, ac370442",8,0.91984026449880685,0.009129653849937247,69,68
fixed_test,6,4,5,"ac370000, ac370442",9,0.91984026449880685,0.017377005803298151,69,69
fixed_test,6,4,6,"370407, ac370000, ac370419",0,0.91984026449880685,0,70,70
fixed_test,6,4,6,"370407, ac370000, ac370419",1,0.91984026449880685,0.03467849084145791,70,70
fixed_test,6,4,6,"370407, ac370000, ac370419",2,0.91984026449880685,0.043734069808541332,70,70
fixed_test,6,4,6,"370407, ac370000, ac370419",3,0.91984026449880685,-0.0090717879222874664,70,70
fixed_test,6,4,6,"370407, ac370000, ac370419",4,0.91984026449880685,0.017011071404127054,70,70
fixed_test,6,4,6,"370407, ac370000, ac370419",5,0.91984026449880685,0.026034954764293627,70,70
fixed_test,6,4,6,"370407, ac370000, ac370419",6,0.91984026449880685,-0.00035694716115464153,70,70
fixed_test,6,4,6,"370407, ac370000, ac370419",7,0.91984026449880685,-0.018090900125607656,70,70
fixed_test,6,4,6,"370407, ac370000, ac370419",8,0.91984026449880685,0.03432645141914803,70,70
fixed_test,6,4,6,"370407, ac370000, ac370419",9,0.91984026449880685,0.0087001989724388995,70,70
fixed_test,6,4,7,"370407, ac370419",0,0.91984026449880685,0.035626549111641426,70,70
fixed_test,6,4,7,"370407, ac370419",1,0.91984026449880685,-0.017813274555820602,70,70
fixed_test,6,4,7,"370407, ac370419",2,0.91984026449880685,0.0083358397200458123,70,70
fixed_test,6,4,7,"370407, ac370419",3,0.91984026449880685,0,70,70
fixed_test,6,4,7,"370407, ac370419",4,0.91984026449880685,0.0083358397200458123,70,70
fixed_test,6,4,7,"370407, ac370419",5,0.91984026449880685,0.017813274555820824,70,70
fixed_test,6,4,7,"370407, ac370419",6,0.91984026449880685,-0.018090900125607656,70,70
fixed_test,6,4,7,"370407, ac370419",7,0.91984026449880685,-0.00035694716115464153,70,70
fixed_test,6,4,7,"370407, ac370419",8,0.91984026449880685,0.009129653849937247,70,70
fixed_test,6,4,7,"370407, ac370419",9,0.91984026449880685,0.009129653849937247,70,70
fixed_test,6,4,8,"ac370442, ac370443",0,0.91984026449880685,0.0096267711493295272,68,66
fixed_test,6,4,8,"ac370442, ac370443",1,0.91984026449880685,0.017813274555820824,68,68
fixed_test,6,4,8,"ac370442, ac370443",2,0.91984026449880685,0.017813274555820824,68,68
fixed_test,6,4,8,"ac370442, ac370443",3,0.91984026449880685,0.017377005803298151,68,68
fixed_test,6,4,8,"ac370442, ac370443",4,0.91984026449880685,0.035110958767751277,68,68
fixed_test,6,4,8,"ac370442, ac370443",5,0.91984026449880685,-0.0087282240202888328,68,68
fixed_test,6,4,8,"ac370442, ac370443",6,0.91984026449880685,-0.0087282240202888328,68,68
fixed_test,6,4,8,"ac370442, ac370443",7,0.91984026449880685,0.009129653849937247,68,67
fixed_test,6,4,8,"ac370442, ac370443",8,0.91984026449880685,0,68,68
fixed_test,6,4,8,"ac370442, ac370443",9,0.91984026449880685,0.018322511850769607,68,68
fixed_test,6,4,9,"ac370000, ac370419, ac370442",0,0.91984026449880685,0.017813274555820824,68,68
fixed_test,6,4,9,"ac370000, ac370419, ac370442",1,0.91984026449880685,0.026472185867165265,68,68
fixed_test,6,4,9,"ac370000, ac370419, ac370442",2,0.91984026449880685,-0.0097969093484968628,68,68
fixed_test,6,4,9,"ac370000, ac370419, ac370442",3,0.91984026449880685,-0.018090900125607656,68,68
fixed_test,6,4,9,"ac370000, ac370419, ac370442",4,0.91984026449880685,-0.00065634803320380186,68,68
fixed_test,6,4,9,"ac370000, ac370419, ac370442",5,0.91984026449880685,0.017813274555820824,68,68
fixed_test,6,4,9,"ac370000, ac370419, ac370442",6,0.91984026449880685,0.017813274555820824,68,68
fixed_test,6,4,9,"ac370000, ac370419, ac370442",7,0.91984026449880685,-0.018090900125607656,68,68
fixed_test,6,4,9,"ac370000, ac370419, ac370442",8,0.91984026449880685,0.009129653849937247,68,68
fixed_test,6,4,9,"ac370000, ac370419, ac370442",9,0.91984026449880685,-0.018090900125607656,68,68
fixed_train,6,4,0,"370407, ac370000",0,0.99212729472413208,0.038350946633420979,595,593
fixed_train,6,4,0,"370407, ac370000",1,0.99212729472413208,0.038314364019685132,595,590
fixed_train,6,4,0,"370407, ac370000",2,0.99212729472413208,0.039344024972329472,595,591
fixed_train,6,4,0,"370407, ac370000",3,0.99212729472413208,0.033476422312619714,595,594
fixed_train,6,4,0,"370407, ac370000",4,0.99212729472413208,0.031474569930963203,595,588
fixed_train,6,4,0,"370407, ac370000",5,0.99212729472413208,0.049049834349548238,595,590
fixed_train,6,4,0,"370407, ac370000",6,0.99212729472413208,0.042326315337547049,595,590
fixed_train,6,4,0,"370407, ac370000",7,0.99212729472413208,0.028546192031903783,595,594
fixed_train,6,4,0,"370407, ac370000",8,0.99212729472413208,0.033425229827376945,595,593
fixed_train,6,4,0,"370407, ac370000",9,0.99212729472413208,0.037340464544739937,595,591
fixed_train,6,4,1,"ac370000, ac370419",0,0.99212729472413208,0.029639932395868152,582,576
fixed_train,6,4,1,"ac370000, ac370419",1,0.99212729472413208,0.029554503489571338,582,579
fixed_train,6,4,1,"ac370000, ac370419",2,0.99212729472413208,0.034451959162893897,582,577
fixed_train,6,4,1,"ac370000, ac370419",3,0.99212729472413208,0.036518771160297336,582,580
fixed_train,6,4,1,"ac370000, ac370419",4,0.99212729472413208,0.036439411736118976,582,582
fixed_train,6,4,1,"ac370000, ac370419",5,0.99212729472413208,0.032572862143749104,582,579
fixed_train,6,4,1,"ac370000, ac370419",6,0.99212729472413208,0.029570925977496998,582,579
fixed_train,6,4,1,"ac370000, ac370419",7,0.99212729472413208,0.037537329800444219,582,576
fixed_train,6,4,1,"ac370000, ac370419",8,0.99212729472413208,0.039511679151588264,582,580
fixed_train,6,4,1,"ac370000, ac370419",9,0.99212729472413208,0.039467255113565636,582,578
fixed_train,6,4,2,"ac370000, ac370443",0,0.99212729472413208,0.023701935616187386,568,565
fixed_train,6,4,2,"ac370000, ac370443",1,0.99212729472413208,0.03448838124755782,568,565
fixed_train,6,4,2,"ac370000, ac370443",2,0.99212729472413208,0.034507151344037701,568,567
fixed_train,6,4,2,"ac370000, ac370443",3,0.99212729472413208,0.029570925977496998,568,566
fixed_train,6,4,2,"ac370000, ac370443",4,0.99212729472413208,0.025659766666647488,568,565
fixed_train,6,4,2,"ac370000, ac370443",5,0.99212729472413208,0.025644480524005253,568,563
fixed_train,6,4,2,"ac370000, ac370443",6,0.99212729472413208,0.034526296004107504,568,566
fixed_train,6,4,2,"ac370000, ac370443",7,0.99212729472413208,0.030599907635475265,568,566
fixed_train,6,4,2,"ac370000, ac370443",8,0.99212729472413208,0.039383440539546677,568,565
fixed_train,6,4,2,"ac370000, ac370443",9,0.99212729472413208,0.035464062768324811,568,568
fixed_train,6,4,3,"ac370000, ac370419, ac370443",0,0.99212729472413208,0.029587678853402188,566,565
fixed_train,6,4,3,"ac370000, ac370419, ac370443",1,0.99212729472413208,0.033549760064886414,566,566
fixed_train,6,4,3,"ac370000, ac370419, ac370443",2,0.99212729472413208,0.028593682978469537,566,565
fixed_train,6,4,3,"ac370000, ac370419, ac370443",3,0.99212729472413208,0.034565714735205533,566,565
fixed_train,6,4,3,"ac370000, ac370419, ac370443",4,0.99212729472413208,0.038408839158873831,566,565
fixed_train,6,4,3,"ac370000, ac370419, ac370443",5,0.99212729472413208,0.035522258414446117,566,566
fixed_train,6,4,3,"ac370000, ac370419, ac370443",6,0.99212729472413208,0.037433915861242784,566,566
fixed_train,6,4,3,"ac370000, ac370419, ac370443",7,0.99212729472413208,0.040442435717592429,566,566
fixed_train,6,4,3,"ac370000, ac370419, ac370443",8,0.99212729472413208,0.035522258414446117,566,566
fixed_train,6,4,3,"ac370000, ac370419, ac370443",9,0.99212729472413208,0.03844946358774981,566,564
fixed_train,6,4,4,"ac370419, ac370443",0,0.99212729472413208,0.024609013944577041,566,565
fixed_train,6,4,4,"ac370419, ac370443",1,0.99212729472413208,0.019659251459628657,566,566
fixed_train,6,4,4,"ac370419, ac370443",2,0.99212729472413208,0.024582199256185988,566,566
fixed_train,6,4,4,"ac370419, ac370443",3,0.99212729472413208,0.018714564931324174,566,560
fixed_train,6,4,4,"ac370419, ac370443",4,0.99212729472413208,0.020636861723811628,566,566
fixed_train,6,4,4,"ac370419, ac370443",5,0.99212729472413208,0.016714343612051707,566,563
fixed_train,6,4,4,"ac370419, ac370443",6,0.99212729472413208,0.018714564931324174,566,562
fixed_train,6,4,4,"ac370419, ac370443",7,0.99212729472413208,0.027554468465537552,566,564
fixed_train,6,4,4,"ac370419, ac370443",8,0.99212729472413208,0.021637751129255367,566,565
fixed_train,6,4,4,"ac370419, ac370443",9,0.99212729472413208,0.027539842410279958,566,565
fixed_train,6,4,5,"ac370000, ac370442",0,0.99212729472413208,0.037414434463904245,563,558
fixed_train,6,4,5,"ac370000, ac370442",1,0.99212729472413208,0.037474075512195726,563,560
fixed_train,6,4,5,"ac370000, ac370442",2,0.99212729472413208,0.026607248871106659,563,560
fixed_train,6,4,5,"ac370000, ac370442",3,0.99212729472413208,0.029522644784504504,563,560
fixed_train,6,4,5,"ac370000, ac370442",4,0.99212729472413208,0.034451959162893897,563,561
fixed_train,6,4,5,"ac370000, ac370442",5,0.99212729472413208,0.04728318132583198,563,561
fixed_train,6,4,5,"ac370000, ac370442",6,0.99212729472413208,0.035427173741405582,563,559
fixed_train,6,4,5,"ac370000, ac370442",7,0.99212729472413208,0.031524356582489199,563,559
fixed_train,6,4,5,"ac370000, ac370442",8,0.99212729472413208,0.03054781505933224,563,558
fixed_train,6,4,5,"ac370000, ac370442",9,0.99212729472413208,0.031507416236977503,563,561
fixed_train,6,4,6,"370407, ac370000, ac370419",0,0.99212729472413208,0.042245178427817276,562,561
fixed_train,6,4,6,"370407, ac370000, ac370419",1,0.99212729472413208,0.038428947435783622,562,562
fixed_train,6,4,6,"370407, ac370000, ac370419",2,0.99212729472413208,0.044230986137339556,562,562
fixed_train,6,4,6,"370407, ac370000, ac370419",3,0.99212729472413208,0.046155289648315279,562,561
fixed_train,6,4,6,"370407, ac370000, ac370419",4,0.99212729472413208,0.040317910544454549,562,561
fixed_train,6,4,6,"370407, ac370000, ac370419",5,0.99212729472413208,0.037395350060372534,562,562
fixed_train,6,4,6,"370407, ac370000, ac370419",6,0.99212729472413208,0.042305376015188689,562,562
fixed_train,6,4,6,"370407, ac370000, ac370419",7,0.99212729472413208,0.047169414505741636,562,562
fixed_train,6,4,6,"370407, ac370000, ac370419",8,0.99212729472413208,0.036420548206557268,562,562
fixed_train,6,4,6,"370407, ac370000, ac370419",9,0.99212729472413208,0.042305376015188689,562,562
fixed_train,6,4,7,"370407, ac370419",0,0.99212729472413208,0.023605114889596934,562,560
fixed_train,6,4,7,"370407, ac370419",1,0.99212729472413208,0.024595464971286396,562,558
fixed_train,6,4,7,"370407, ac370419",2,0.99212729472413208,0.027554468465537552,562,562
fixed_train,6,4,7,"370407, ac370419",3,0.99212729472413208,0.026563232865053243,562,562
fixed_train,6,4,7,"370407, ac370419",4,0.99212729472413208,0.027539842410279958,562,560
fixed_train,6,4,7,"370407, ac370419",5,0.99212729472413208,0.018703246813587038,562,561
fixed_train,6,4,7,"370407, ac370419",6,0.99212729472413208,0.021649939508636695,562,562
fixed_train,6,4,7,"370407, ac370419",7,0.99212729472413208,0.017703023608572233,562,558
fixed_train,6,4,7,"370407, ac370419",8,0.99212729472413208,0.018703246813587038,562,561
fixed_train,6,4,7,"370407, ac370419",9,0.99212729472413208,0.020648271434118959,562,561
fixed_train,6,4,8,"ac370442, ac370443",0,0.99212729472413208,0.019648354614936858,561,560
fixed_train,6,4,8,"ac370442, ac370443",1,0.99212729472413208,0.024556513591222462,561,559
fixed_train,6,4,8,"ac370442, ac370443",2,0.99212729472413208,0.01771358687070268,561,560
fixed_train,6,4,8,"ac370442, ac370443",3,0.99212729472413208,0.021649939508636695,561,560
fixed_train,6,4,8,"ac370442, ac370443",4,0.99212729472413208,0.024595464971286396,561,560
fixed_train,6,4,8,"ac370442, ac370443",5,0.99212729472413208,0.021637751129255367,561,560
fixed_train,6,4,8,"ac370442, ac370443",6,0.99212729472413208,0.021625819797878365,561,558
fixed_train,6,4,8,"ac370442, ac370443",7,0.99212729472413208,0.020648271434118959,561,559
fixed_train,6,4,8,"ac370442, ac370443",8,0.99212729472413208,0.012788857608684756,561,559
fixed_train,6,4,8,"ac370442, ac370443",9,0.99212729472413208,0.023618115827603758,561,559
fixed_train,6,4,9,"ac370000, ac370419, ac370442",0,0.99212729472413208,0.043278752493012385,561,561
fixed_train,6,4,9,"ac370000, ac370419, ac370442",1,0.99212729472413208,0.036420548206557268,561,561
fixed_train,6,4,9,"ac370000, ac370419, ac370442",2,0.99212729472413208,0.032500556890609045,561,561
fixed_train,6,4,9,"ac370000, ac370419, ac370442",3,0.99212729472413208,0.033476422312619714,561,561
fixed_train,6,4,9,"ac370000, ac370419, ac370442",4,0.99212729472413208,0.036402072333887925,561,561
fixed_train,6,4,9,"ac370000, ac370419, ac370442",5,0.99212729472413208,0.035542425950708112,561,560
fixed_train,6,4,9,"ac370000, ac370419, ac370442",6,0.99212729472413208,0.034507151344037701,561,561
fixed_train,6,4,9,"ac370000, ac370419, ac370442",7,0.99212729472413208,0.037453795715047367,561,561
fixed_train,6,4,9,"ac370000, ac370419, ac370442",8,0.99212729472413208,0.033549760064886414,561,561
fixed_train,6,4,9,"ac370000, ac370419, ac370442",9,0.99212729472413208,0.037433915861242784,561,560
fixed_test,6,5,0,"370407, ac370000",0,0.89285273277864341,-0.00051534585299817248,67,67
fixed_test,6,5,0,"370407, ac370000",1,0.89285273277864341,0.016746538088377894,67,67
fixed_test,6,5,0,"370407, ac370000",2,0.89285273277864341,0.017256641041728304,67,67
fixed_test,6,5,0,"370407, ac370000",3,0.89285273277864341,0,67,66
fixed_test,6,5,0,"370407, ac370000",4,0.89285273277864341,0.017256641041728304,67,67
fixed_test,6,5,0,"370407, ac370000",5,0.89285273277864341,0.008123427047587839,67,66
fixed_test,6,5,0,"370407, ac370000",6,0.89285273277864341,0,67,66
fixed_test,6,5,0,"370407, ac370000",7,0.89285273277864341,0.0086390173914779878,67,67
fixed_test,6,5,0,"370407, ac370000",8,0.89285273277864341,0.0086390173914779878,67,67
fixed_test,6,5,0,"370407, ac370000",9,0.89285273277864341,-0.00051534585299817248,67,67
fixed_test,6,5,1,"ac370000, ac370419",0,0.89285273277864341,0.017256641041728304,63,63
fixed_test,6,5,1,"ac370000, ac370419",1,0.89285273277864341,0.017256641041728304,63,63
fixed_test,6,5,1,"ac370000, ac370419",2,0.89285273277864341,0,63,63
fixed_test,6,5,1,"ac370000, ac370419",3,0.89285273277864341,0,63,63
fixed_test,6,5,1,"ac370000, ac370419",4,0.89285273277864341,0.0086390173914779878,63,63
fixed_test,6,5,1,"ac370000, ac370419",5,0.89285273277864341,0.0086390173914779878,63,63
fixed_test,6,5,1,"ac370000, ac370419",6,0.89285273277864341,0,63,63
fixed_test,6,5,1,"ac370000, ac370419",7,0.89285273277864341,0.0086390173914779878,63,63
fixed_test,6,5,1,"ac370000, ac370419",8,0.89285273277864341,-0.0086650198693938307,63,63
fixed_test,6,5,1,"ac370000, ac370419",9,0.89285273277864341,0,63,63
fixed_test,6,5,2,"ac370000, ac370443",0,0.89285273277864341,0.017256641041728304,64,64
fixed_test,6,5,2,"ac370000, ac370443",1,0.89285273277864341,0.0086390173914779878,64,64
fixed_test,6,5,2,"ac370000, ac370443",2,0.89285273277864341,0.017256641041728304,64,63
fixed_test,6,5,2,"ac370000, ac370443",3,0.89285273277864341,0.0086390173914779878,64,64
fixed_test,6,5,2,"ac370000, ac370443",4,0.89285273277864341,-0.00051534585299817248,64,63
fixed_test,6,5,2,"ac370000, ac370443",5,0.89285273277864341,0,64,64
fixed_test,6,5,2,"ac370000, ac370443",6,0.89285273277864341,0.0086390173914779878,64,64
fixed_test,6,5,2,"ac370000, ac370443",7,0.89285273277864341,0.0086390173914779878,64,64
fixed_test,6,5,2,"ac370000, ac370443",8,0.89285273277864341,-0.00051534585299817248,64,64
fixed_test,6,5,2,"ac370000, ac370443",9,0.89285273277864341,0.008123427047587839,64,64
fixed_test,6,5,3,"ac370000, ac370419, ac370443",0,0.89285273277864341,0,63,63
fixed_test,6,5,3,"ac370000, ac370419, ac370443",1,0.89285273277864341,0.0086390173914779878,63,63
fixed_test,6,5,3,"ac370000, ac370419, ac370443",2,0.89285273277864341,0.0086390173914779878,63,63
fixed_test,6,5,3,"ac370000, ac370419, ac370443",3,0.89285273277864341,0,63,63
fixed_test,6,5,3,"ac370000, ac370419, ac370443",4,0.89285273277864341,0.0086390173914779878,63,63
fixed_test,6,5,3,"ac370000, ac370419, ac370443",5,0.89285273277864341,0.0086390173914779878,63,63
fixed_test,6,5,3,"ac370000, ac370419, ac370443",6,0.89285273277864341,0,63,63
fixed_test,6,5,3,"ac370000, ac370419, ac370443",7,0.89285273277864341,0.017256641041728304,63,63
fixed_test,6,5,3,"ac370000, ac370419, ac370443",8,0.89285273277864341,0,63,63
fixed_test,6,5,3,"ac370000, ac370419, ac370443",9,0.89285273277864341,0.025857380012040743,63,63
fixed_test,6,5,4,"ac370419, ac370443",0,0.89285273277864341,0,63,63
fixed_test,6,5,4,"ac370419, ac370443",1,0.89285273277864341,0.017256641041728304,63,63
fixed_test,6,5,4,"ac370419, ac370443",2,0.89285273277864341,-0.00051534585299817248,63,63
fixed_test,6,5,4,"ac370419, ac370443",3,0.89285273277864341,0.0086390173914779878,63,63
fixed_test,6,5,4,"ac370419, ac370443",4,0.89285273277864341,0.0086390173914779878,63,63
fixed_test,6,5,4,"ac370419, ac370443",5,0.89285273277864341,0,63,62
fixed_test,6,5,4,"ac370419, ac370443",6,0.89285273277864341,0.0086390173914779878,63,63
fixed_test,6,5,4,"ac370419, ac370443",7,0.89285273277864341,0,63,62
fixed_test,6,5,4,"ac370419, ac370443",8,0.89285273277864341,0,63,62
fixed_test,6,5,4,"ac370419, ac370443",9,0.89285273277864341,0.0086390173914779878,63,63
fixed_test,6,5,5,"ac370000, ac370442",0,0.89285273277864341,0.0086390173914779878,62,61
fixed_test,6,5,5,"ac370000, ac370442",1,0.89285273277864341,-0.0086650198693938307,62,62
fixed_test,6,5,5,"ac370000, ac370442",2,0.89285273277864341,0.025857380012040743,62,62
fixed_test,6,5,5,"ac370000, ac370442",3,0.89285273277864341,0.025857380012040743,62,62
fixed_test,6,5,5,"ac370000, ac370442",4,0.89285273277864341,0.0086390173914779878,62,62
fixed_test,6,5,5,"ac370000, ac370442",5,0.89285273277864341,0.0086390173914779878,62,62
fixed_test,6,5,5,"ac370000, ac370442",6,0.89285273277864341,0.017256641041728304,62,62
fixed_test,6,5,5,"ac370000, ac370442",7,0.89285273277864341,0,62,62
fixed_test,6,5,5,"ac370000, ac370442",8,0.89285273277864341,0.025358378558625438,62,62
fixed_test,6,5,5,"ac370000, ac370442",9,0.89285273277864341,0.0086390173914779878,62,62
fixed_test,6,5,6,"370407, ac370000, ac370419",0,0.89285273277864341,0,63,63
fixed_test,6,5,6,"370407, ac370000, ac370419",1,0.89285273277864341,0.017256641041728304,63,63
fixed_test,6,5,6,"370407, ac370000, ac370419",2,0.89285273277864341,0,63,63
fixed_test,6,5,6,"370407, ac370000, ac370419",3,0.89285273277864341,0.0086390173914779878,63,62
fixed_test,6,5,6,"370407, ac370000, ac370419",4,0.89285273277864341,0,63,63
fixed_test,6,5,6,"370407, ac370000, ac370419",5,0.89285273277864341,0.025857380012040743,63,63
fixed_test,6,5,6,"370407, ac370000, ac370419",6,0.89285273277864341,0.0086390173914779878,63,63
fixed_test,6,5,6,"370407, ac370000, ac370419",7,0.89285273277864341,0.017256641041728304,63,63
fixed_test,6,5,6,"370407, ac370000, ac370419",8,0.89285273277864341,0.017256641041728304,63,63
fixed_test,6,5,6,"370407, ac370000, ac370419",9,0.89285273277864341,-0.00051534585299817248,63,63
fixed_test,6,5,7,"370407, ac370419",0,0.89285273277864341,0.0086390173914779878,63,63
fixed_test,6,5,7,"370407, ac370419",1,0.89285273277864341,0.0086390173914779878,63,63
fixed_test,6,5,7,"370407, ac370419",2,0.89285273277864341,0,63,63
fixed_test,6,5,7,"370407, ac370419",3,0.89285273277864341,0.025857380012040743,63,63
fixed_test,6,5,7,"370407, ac370419",4,0.89285273277864341,0.017256641041728304,63,63
fixed_test,6,5,7,"370407, ac370419",5,0.89285273277864341,0.0086390173914779878,63,63
fixed_test,6,5,7,"370407, ac370419",6,0.89285273277864341,0,63,63
fixed_test,6,5,7,"370407, ac370419",7,0.89285273277864341,0.0086390173914779878,63,63
fixed_test,6,5,7,"370407, ac370419",8,0.89285273277864341,-0.0086650198693938307,63,63
fixed_test,6,5,7,"370407, ac370419",9,0.89285273277864341,-0.017857877870226191,63,63
fixed_test,6,5,8,"ac370442, ac370443",0,0.89285273277864341,-0.0086650198693938307,62,62
fixed_test,6,5,8,"ac370442, ac370443",1,0.89285273277864341,0.0086390173914779878,62,62
fixed_test,6,5,8,"ac370442, ac370443",2,0.89285273277864341,-0.0091742571643426141,62,61
fixed_test,6,5,8,"ac370442, ac370443",3,0.89285273277864341,0.0086390173914779878,62,62
fixed_test,6,5,8,"ac370442, ac370443",4,0.89285273277864341,-0.00051534585299817248,62,61
fixed_test,6,5,8,"ac370442, ac370443",5,0.89285273277864341,0.0086390173914779878,62,62
fixed_test,6,5,8,"ac370442, ac370443",6,0.89285273277864341,-0.00051534585299817248,62,62
fixed_test,6,5,8,"ac370442, ac370443",7,0.89285273277864341,-0.0091742571643426141,62,61
fixed_test,6,5,8,"ac370442, ac370443",8,0.89285273277864341,0,62,62
fixed_test,6,5,8,"ac370442, ac370443",9,0.89285273277864341,0.0086390173914779878,62,62
fixed_test,6,5,9,"ac370000, ac370419, ac370442",0,0.89285273277864341,0,61,61
fixed_test,6,5,9,"ac370000, ac370419, ac370442",1,0.89285273277864341,-0.0091742571643426141,61,61
fixed_test,6,5,9,"ac370000, ac370419, ac370442",2,0.89285273277864341,0,61,61
fixed_test,6,5,9,"ac370000, ac370419, ac370442",3,0.89285273277864341,0.017256641041728304,61,61
fixed_test,6,5,9,"ac370000, ac370419, ac370442",4,0.89285273277864341,-0.0086650198693938307,61,61
fixed_test,6,5,9,"ac370000, ac370419, ac370442",5,0.89285273277864341,-0.017360760570833911,61,61
fixed_test,6,5,9,"ac370000, ac370419, ac370442",6,0.89285273277864341,0.017256641041728304,61,61
fixed_test,6,5,9,"ac370000, ac370419, ac370442",7,0.89285273277864341,0.0086390173914779878,61,61
fixed_test,6,5,9,"ac370000, ac370419, ac370442",8,0.89285273277864341,0,61,61
fixed_test,6,5,9,"ac370000, ac370419, ac370442",9,0.89285273277864341,0.0086390173914779878,61,61
fixed_train,6,5,0,"370407, ac370000",0,0.99409547104309903,0.041312201291296424,601,600
fixed_train,6,5,0,"370407, ac370000",1,0.99409547104309903,0.051038618839982286,601,601
fixed_train,6,5,0,"370407, ac370000",2,0.99409547104309903,0.041312201291296424,601,598
fixed_train,6,5,0,"370407, ac370000",3,0.99409547104309903,0.041238294035143785,601,598
fixed_train,6,5,0,"370407, ac370000",4,0.99409547104309903,0.039344837530954746,601,596
fixed_train,6,5,0,"370407, ac370000",5,0.99409547104309903,0.039344837530954746,601,600
fixed_train,6,5,0,"370407, ac370000",6,0.99409547104309903,0.035427173741405582,601,598
fixed_train,6,5,0,"370407, ac370000",7,0.99409547104309903,0.043221187611052314,601,598
fixed_train,6,5,0,"370407, ac370000",8,0.99409547104309903,0.037359974484593605,601,595
fixed_train,6,5,0,"370407, ac370000",9,0.99409547104309903,0.042229502884644221,601,597
fixed_train,6,5,1,"ac370000, ac370419",0,0.99409547104309903,0.028622174937894207,589,586
fixed_train,6,5,1,"ac370000, ac370419",1,0.99409547104309903,0.037413604707228876,589,585
fixed_train,6,5,1,"ac370000, ac370419",2,0.99409547104309903,0.038446483784860708,589,588
fixed_train,6,5,1,"ac370000, ac370419",3,0.99409547104309903,0.030545708284186457,589,585
fixed_train,6,5,1,"ac370000, ac370419",4,0.99409547104309903,0.033527454337067497,589,587
fixed_train,6,5,1,"ac370000, ac370419",5,0.99409547104309903,0.033509819730851542,589,585
fixed_train,6,5,1,"ac370000, ac370419",6,0.99409547104309903,0.03930864086370689,589,587
fixed_train,6,5,1,"ac370000, ac370419",7,0.99409547104309903,0.04035731356918737,589,587
fixed_train,6,5,1,"ac370000, ac370419",8,0.99409547104309903,0.02762794298561444,589,586
fixed_train,6,5,1,"ac370000, ac370419",9,0.99409547104309903,0.035444598631586666,589,585
fixed_train,6,5,2,"ac370000, ac370443",0,0.99409547104309903,0.040377015477840783,573,569
fixed_train,6,5,2,"ac370000, ac370443",1,0.99409547104309903,0.027540654968905454,573,569
fixed_train,6,5,2,"ac370000, ac370443",2,0.99409547104309903,0.032515991378299192,573,570
fixed_train,6,5,2,"ac370000, ac370443",3,0.99409547104309903,0.033442746249930155,573,573
fixed_train,6,5,2,"ac370000, ac370443",4,0.99409547104309903,0.034386318726453924,573,571
fixed_train,6,5,2,"ac370000, ac370443",5,0.99409547104309903,0.028545779307207364,573,571
fixed_train,6,5,2,"ac370000, ac370443",6,0.99409547104309903,0.027582973622702567,573,570
fixed_train,6,5,2,"ac370000, ac370443",7,0.99409547104309903,0.032533015419292544,573,571
fixed_train,6,5,2,"ac370000, ac370443",8,0.99409547104309903,0.033442746249930155,573,568
fixed_train,6,5,2,"ac370000, ac370443",9,0.99409547104309903,0.029537580404659924,573,569
fixed_train,6,5,3,"ac370000, ac370419, ac370443",0,0.99409547104309903,0.0363355398020061,572,572
fixed_train,6,5,3,"ac370000, ac370419, ac370443",1,0.99409547104309903,0.033426837808094079,572,571
fixed_train,6,5,3,"ac370000, ac370419, ac370443",2,0.99409547104309903,0.040319122952387931,572,571
fixed_train,6,5,3,"ac370000, ac370419, ac370443",3,0.99409547104309903,0.032466944971554001,572,572
fixed_train,6,5,3,"ac370000, ac370419, ac370443",4,0.99409547104309903,0.036368277284003159,572,572
fixed_train,6,5,3,"ac370000, ac370419, ac370443",5,0.99409547104309903,0.038317133134586068,572,572
fixed_train,6,5,3,"ac370000, ac370419, ac370443",6,0.99409547104309903,0.038370248652854877,572,572
fixed_train,6,5,3,"ac370000, ac370419, ac370443",7,0.99409547104309903,0.037342850871506461,572,572
fixed_train,6,5,3,"ac370000, ac370419, ac370443",8,0.99409547104309903,0.030455504318321669,572,572
fixed_train,6,5,3,"ac370000, ac370419, ac370443",9,0.99409547104309903,0.038370248652854877,572,571
fixed_train,6,5,4,"ac370419, ac370443",0,0.99409547104309903,0.023605927448222319,572,570
fixed_train,6,5,4,"ac370419, ac370443",1,0.99409547104309903,0.01772354395080622,572,570
fixed_train,6,5,4,"ac370419, ac370443",2,0.99409547104309903,0.026577190263543993,572,571
fixed_train,6,5,4,"ac370419, ac370443",3,0.99409547104309903,0.024547613636729637,572,570
fixed_train,6,5,4,"ac370419, ac370443",4,0.99409547104309903,0.02457121507723925,572,572
fixed_train,6,5,4,"ac370419, ac370443",5,0.99409547104309903,0.020660337608952584,572,572
fixed_train,6,5,4,"ac370419, ac370443",6,0.99409547104309903,0.022616447753085911,572,572
fixed_train,6,5,4,"ac370419, ac370443",7,0.99409547104309903,0.021649939508636695,572,570
fixed_train,6,5,4,"ac370419, ac370443",8,0.99409547104309903,0.025573291208563886,572,569
fixed_train,6,5,4,"ac370419, ac370443",9,0.99409547104309903,0.019681763189669632,572,570
fixed_train,6,5,5,"ac370000, ac370442",0,0.99409547104309903,0.031475382489588588,570,566
fixed_train,6,5,5,"ac370000, ac370442",1,0.99409547104309903,0.027500958309307211,570,568
fixed_train,6,5,5,"ac370000, ac370442",2,0.99409547104309903,0.035462385994374013,570,567
fixed_train,6,5,5,"ac370000, ac370442",3,0.99409547104309903,0.031460269469844371,570,565
fixed_train,6,5,5,"ac370000, ac370442",4,0.99409547104309903,0.025613120529784816,570,569
fixed_train,6,5,5,"ac370000, ac370442",5,0.99409547104309903,0.029522644784504504,570,568
fixed_train,6,5,5,"ac370000, ac370442",6,0.99409547104309903,0.033475592555944456,570,568
fixed_train,6,5,5,"ac370000, ac370442",7,0.99409547104309903,0.026577190263543993,570,568
fixed_train,6,5,5,"ac370000, ac370442",8,0.99409547104309903,0.037326101622897956,570,569
fixed_train,6,5,5,"ac370000, ac370442",9,0.99409547104309903,0.029537580404659924,570,569
fixed_train,6,5,6,"370407, ac370000, ac370419",0,0.99409547104309903,0.036368277284003159,569,569
fixed_train,6,5,6,"370407, ac370000, ac370419",1,0.99409547104309903,0.045166862617814107,569,569
fixed_train,6,5,6,"370407, ac370000, ac370419",2,0.99409547104309903,0.045166862617814107,569,569
fixed_train,6,5,6,"370407, ac370000, ac370419",3,0.99409547104309903,0.037326101622897956,569,569
fixed_train,6,5,6,"370407, ac370000, ac370419",4,0.99409547104309903,0.046139309886823576,569,568
fixed_train,6,5,6,"370407, ac370000, ac370419",5,0.99409547104309903,0.03833445431846394,569,569
fixed_train,6,5,6,"370407, ac370000, ac370419",6,0.99409547104309903,0.033411270887105937,569,569
fixed_train,6,5,6,"370407, ac370000, ac370419",7,0.99409547104309903,0.031431015634743487,569,569
fixed_train,6,5,6,"370407, ac370000, ac370419",8,0.99409547104309903,0.037342850871506461,569,569
fixed_train,6,5,6,"370407, ac370000, ac370419",9,0.99409547104309903,0.036402480759087918,569,569
fixed_train,6,5,7,"370407, ac370419",0,0.99409547104309903,0.026577190263543993,569,568
fixed_train,6,5,7,"370407, ac370419",1,0.99409547104309903,0.023618115827603647,569,568
fixed_train,6,5,7,"370407, ac370419",2,0.99409547104309903,0.033442746249930155,569,568
fixed_train,6,5,7,"370407, ac370419",3,0.99409547104309903,0.02655037557515294,569,568
fixed_train,6,5,7,"370407, ac370419",4,0.99409547104309903,0.021673414343948982,569,569
fixed_train,6,5,7,"370407, ac370419",5,0.99409547104309903,0.026577190263543993,569,569
fixed_train,6,5,7,"370407, ac370419",6,0.99409547104309903,0.025599568253375282,569,567
fixed_train,6,5,7,"370407, ac370419",7,0.99409547104309903,0.037342850871506461,569,567
fixed_train,6,5,7,"370407, ac370419",8,0.99409547104309903,0.020660337608952584,569,566
fixed_train,6,5,7,"370407, ac370419",9,0.99409547104309903,0.02259387550205727,569,566
fixed_train,6,5,8,"ac370442, ac370443",0,0.99409547104309903,0.017684950949503175,567,565
fixed_train,6,5,8,"ac370442, ac370443",1,0.99409547104309903,0.02260503804277858,567,565
fixed_train,6,5,8,"ac370442, ac370443",2,0.99409547104309903,0.024559282706123398,567,565
fixed_train,6,5,8,"ac370442, ac370443",3,0.99409547104309903,0.01669765388985911,567,565
fixed_train,6,5,8,"ac370442, ac370443",4,0.99409547104309903,0.018663061093925126,567,566
fixed_train,6,5,8,"ac370442, ac370443",5,0.99409547104309903,0.019671199927539185,567,565
fixed_train,6,5,8,"ac370442, ac370443",6,0.99409547104309903,0.023593996116845317,567,564
fixed_train,6,5,8,"ac370442, ac370443",7,0.99409547104309903,0.02161653093390381,567,564
fixed_train,6,5,8,"ac370442, ac370443",8,0.99409547104309903,0.02161653093390381,567,566
fixed_train,6,5,8,"ac370442, ac370443",9,0.99409547104309903,0.019681763189669632,567,566
fixed_train,6,5,9,"ac370000, ac370419, ac370442",0,0.99409547104309903,0.032482957394534107,568,568
fixed_train,6,5,9,"ac370000, ac370419, ac370442",1,0.99409547104309903,0.03152267980853829,568,568
fixed_train,6,5,9,"ac370000, ac370419, ac370442",2,0.99409547104309903,0.030499177077787154,568,566
fixed_train,6,5,9,"ac370000, ac370419, ac370442",3,0.99409547104309903,0.040319122952387931,568,568
fixed_train,6,5,9,"ac370000, ac370419, ac370442",4,0.99409547104309903,0.03635172593051994,568,568
fixed_train,6,5,9,"ac370000, ac370419, ac370442",5,0.99409547104309903,0.032482957394534107,568,567
fixed_train,6,5,9,"ac370000, ac370419, ac370442",6,0.99409547104309903,0.033475592555944456,568,568
fixed_train,6,5,9,"ac370000, ac370419, ac370442",7,0.99409547104309903,0.035393406146343898,568,567
fixed_train,6,5,9,"ac370000, ac370419, ac370442",8,0.99409547104309903,0.034451546438197367,568,568
fixed_train,6,5,9,"ac370000, ac370419, ac370442",9,0.99409547104309903,0.029537580404659924,568,568
fixed_test,6,6,0,"370407, ac370000",0,0.94646542376438481,0.0085232610434609057,66,66
fixed_test,6,6,0,"370407, ac370000",1,0.94646542376438481,0.026254071694625569,66,66
fixed_test,6,6,0,"370407, ac370000",2,0.94646542376438481,0.0085232610434609057,66,65
fixed_test,6,6,0,"370407, ac370000",3,0.94646542376438481,-0.0090255042234568261,66,66
fixed_test,6,6,0,"370407, ac370000",4,0.94646542376438481,0.0085232610434609057,66,66
fixed_test,6,6,0,"370407, ac370000",5,0.94646542376438481,0.0085232610434609057,66,66
fixed_test,6,6,0,"370407, ac370000",6,0.94646542376438481,-0.00023768225678477695,66,66
fixed_test,6,6,0,"370407, ac370000",7,0.94646542376438481,0.026254071694625569,66,66
fixed_test,6,6,0,"370407, ac370000",8,0.94646542376438481,0.0087781245814065878,66,65
fixed_test,6,6,0,"370407, ac370000",9,0.94646542376438481,0.025982658186437746,66,65
fixed_test,6,6,1,"ac370000, ac370419",0,0.94646542376438481,0.017527949069492177,63,63
fixed_test,6,6,1,"ac370000, ac370419",1,0.94646542376438481,0.00027720161403055332,63,63
fixed_test,6,6,1,"ac370000, ac370419",2,0.94646542376438481,0,63,63
fixed_test,6,6,1,"ac370000, ac370419",3,0.94646542376438481,0.017527949069492177,63,63
fixed_test,6,6,1,"ac370000, ac370419",4,0.94646542376438481,0.035293580395768909,63,63
fixed_test,6,6,1,"ac370000, ac370419",5,0.94646542376438481,0.026254071694625569,63,62
fixed_test,6,6,1,"ac370000, ac370419",6,0.94646542376438481,0.017527949069492177,63,63
fixed_test,6,6,1,"ac370000, ac370419",7,0.94646542376438481,0.017527949069492177,63,62
fixed_test,6,6,1,"ac370000, ac370419",8,0.94646542376438481,0,63,63
fixed_test,6,6,1,"ac370000, ac370419",9,0.94646542376438481,0.017527949069492177,63,63
fixed_test,6,6,2,"ac370000, ac370443",0,0.94646542376438481,0.0087781245814065878,62,62
fixed_test,6,6,2,"ac370000, ac370443",1,0.94646542376438481,0.017527949069492177,62,62
fixed_test,6,6,2,"ac370000, ac370443",2,0.94646542376438481,0.017527949069492177,62,62
fixed_test,6,6,2,"ac370000, ac370443",3,0.94646542376438481,0.0087781245814065878,62,62
fixed_test,6,6,2,"ac370000, ac370443",4,0.94646542376438481,0.017527949069492177,62,62
fixed_test,6,6,2,"ac370000, ac370443",5,0.94646542376438481,0.017527949069492177,62,62
fixed_test,6,6,2,"ac370000, ac370443",6,0.94646542376438481,0.017527949069492177,62,62
fixed_test,6,6,2,"ac370000, ac370443",7,0.94646542376438481,0.0087781245814065878,62,62
fixed_test,6,6,2,"ac370000, ac370443",8,0.94646542376438481,0.017527949069492177,62,62
fixed_test,6,6,2,"ac370000, ac370443",9,0.94646542376438481,0.0085232610434609057,62,62
fixed_test,6,6,3,"ac370000, ac370419, ac370443",0,0.94646542376438481,0.0085232610434609057,62,62
fixed_test,6,6,3,"ac370000, ac370419, ac370443",1,0.94646542376438481,0.03496099898562377,62,62
fixed_test,6,6,3,"ac370000, ac370419, ac370443",2,0.94646542376438481,0.035293580395768909,62,62
fixed_test,6,6,3,"ac370000, ac370419, ac370443",3,0.94646542376438481,0.0087781245814065878,62,62
fixed_test,6,6,3,"ac370000, ac370419, ac370443",4,0.94646542376438481,0.017527949069492177,62,62
fixed_test,6,6,3,"ac370000, ac370419, ac370443",5,0.94646542376438481,0.026254071694625569,62,62
fixed_test,6,6,3,"ac370000, ac370419, ac370443",6,0.94646542376438481,0.017844858745204917,62,62
fixed_test,6,6,3,"ac370000, ac370419, ac370443",7,0.94646542376438481,0.03496099898562377,62,62
fixed_test,6,6,3,"ac370000, ac370419, ac370443",8,0.94646542376438481,-0.00023768225678477695,62,62
fixed_test,6,6,3,"ac370000, ac370419, ac370443",9,0.94646542376438481,0.026254071694625569,62,62
fixed_test,6,6,4,"ac370419, ac370443",0,0.94646542376438481,0.0087781245814065878,62,62
fixed_test,6,6,4,"ac370419, ac370443",1,0.94646542376438481,0,62,62
fixed_test,6,6,4,"ac370419, ac370443",2,0.94646542376438481,0,62,62
fixed_test,6,6,4,"ac370419, ac370443",3,0.94646542376438481,0.0087781245814065878,62,62
fixed_test,6,6,4,"ac370419, ac370443",4,0.94646542376438481,0.0087781245814065878,62,62
fixed_test,6,6,4,"ac370419, ac370443",5,0.94646542376438481,0.0087781245814065878,62,62
fixed_test,6,6,4,"ac370419, ac370443",6,0.94646542376438481,0.017527949069492177,62,62
fixed_test,6,6,4,"ac370419, ac370443",7,0.94646542376438481,0.0087781245814065878,62,62
fixed_test,6,6,4,"ac370419, ac370443",8,0.94646542376438481,0.017527949069492177,62,62
fixed_test,6,6,4,"ac370419, ac370443",9,0.94646542376438481,0,62,62
fixed_test,6,6,5,"ac370000, ac370442",0,0.94646542376438481,0.026581753386270002,61,61
fixed_test,6,6,5,"ac370000, ac370442",1,0.94646542376438481,0.026254071694625569,61,61
fixed_test,6,6,5,"ac370000, ac370442",2,0.94646542376438481,0.017527949069492177,61,60
fixed_test,6,6,5,"ac370000, ac370442",3,0.94646542376438481,0.017844858745204917,61,61
fixed_test,6,6,5,"ac370000, ac370442",4,0.94646542376438481,0.0087781245814065878,61,61
fixed_test,6,6,5,"ac370000, ac370442",5,0.94646542376438481,0.0087781245814065878,61,61
fixed_test,6,6,5,"ac370000, ac370442",6,0.94646542376438481,0.017844858745204917,61,61
fixed_test,6,6,5,"ac370000, ac370442",7,0.94646542376438481,0.026581753386270002,61,61
fixed_test,6,6,5,"ac370000, ac370442",8,0.94646542376438481,0.017527949069492177,61,61
fixed_test,6,6,5,"ac370000, ac370442",9,0.94646542376438481,0.0087781245814065878,61,61
fixed_test,6,6,6,"370407, ac370000, ac370419",0,0.94646542376438481,0.017844858745204917,62,62
fixed_test,6,6,6,"370407, ac370000, ac370419",1,0.94646542376438481,0.03496099898562377,62,62
fixed_test,6,6,6,"370407, ac370000, ac370419",2,0.94646542376438481,0.0085232610434609057,62,62
fixed_test,6,6,6,"370407, ac370000, ac370419",3,0.94646542376438481,0.017527949069492177,62,62
fixed_test,6,6,6,"370407, ac370000, ac370419",4,0.94646542376438481,0.043653154724671572,62,62
fixed_test,6,6,6,"370407, ac370000, ac370419",5,0.94646542376438481,0,62,62
fixed_test,6,6,6,"370407, ac370000, ac370419",6,0.94646542376438481,0.03496099898562377,62,62
fixed_test,6,6,6,"370407, ac370000, ac370419",7,0.94646542376438481,0.0087781245814065878,62,62
fixed_test,6,6,6,"370407, ac370000, ac370419",8,0.94646542376438481,0.017844858745204917,62,62
fixed_test,6,6,6,"370407, ac370000, ac370419",9,0.94646542376438481,0.017527949069492177,62,62
fixed_test,6,6,7,"370407, ac370419",0,0.94646542376438481,0.017527949069492177,62,62
fixed_test,6,6,7,"370407, ac370419",1,0.94646542376438481,0,62,62
fixed_test,6,6,7,"370407, ac370419",2,0.94646542376438481,0.0087781245814065878,62,62
fixed_test,6,6,7,"370407, ac370419",3,0.94646542376438481,0.026581753386270002,62,62
fixed_test,6,6,7,"370407, ac370419",4,0.94646542376438481,0.0087781245814065878,62,61
fixed_test,6,6,7,"370407, ac370419",5,0.94646542376438481,0,62,62
fixed_test,6,6,7,"370407, ac370419",6,0.94646542376438481,0.0087781245814065878,62,62
fixed_test,6,6,7,"370407, ac370419",7,0.94646542376438481,0.017844858745204917,62,62
fixed_test,6,6,7,"370407, ac370419",8,0.94646542376438481,0.017527949069492177,62,62
fixed_test,6,6,7,"370407, ac370419",9,0.94646542376438481,0.0087781245814065878,62,62
fixed_test,6,6,8,"ac370442, ac370443",0,0.94646542376438481,-0.0088111239934418606,61,61
fixed_test,6,6,8,"ac370442, ac370443",1,0.94646542376438481,0,61,60
fixed_test,6,6,8,"ac370442, ac370443",2,0.94646542376438481,0,61,61
fixed_test,6,6,8,"ac370442, ac370443",3,0.94646542376438481,0,61,60
fixed_test,6,6,8,"ac370442, ac370443",4,0.94646542376438481,0.0087781245814065878,61,61
fixed_test,6,6,8,"ac370442, ac370443",5,0.94646542376438481,0,61,60
fixed_test,6,6,8,"ac370442, ac370443",6,0.94646542376438481,0.017527949069492177,61,61
fixed_test,6,6,8,"ac370442, ac370443",7,0.94646542376438481,0.026254071694625569,61,61
fixed_test,6,6,8,"ac370442, ac370443",8,0.94646542376438481,0.0087781245814065878,61,61
fixed_test,6,6,8,"ac370442, ac370443",9,0.94646542376438481,0.017527949069492177,61,61
fixed_test,6,6,9,"ac370000, ac370419, ac370442",0,0.94646542376438481,0.026581753386270002,61,61
fixed_test,6,6,9,"ac370000, ac370419, ac370442",1,0.94646542376438481,0.0090782569034274507,61,61
fixed_test,6,6,9,"ac370000, ac370419, ac370442",2,0.94646542376438481,0.026581753386270002,61,61
fixed_test,6,6,9,"ac370000, ac370419, ac370442",3,0.94646542376438481,0.026254071694625569,61,61
fixed_test,6,6,9,"ac370000, ac370419, ac370442",4,0.94646542376438481,0.026254071694625569,61,61
fixed_test,6,6,9,"ac370000, ac370419, ac370442",5,0.94646542376438481,0.026254071694625569,61,61
fixed_test,6,6,9,"ac370000, ac370419, ac370442",6,0.94646542376438481,0.017527949069492177,61,61
fixed_test,6,6,9,"ac370000, ac370419, ac370442",7,0.94646542376438481,0.0087781245814065878,61,61
fixed_test,6,6,9,"ac370000, ac370419, ac370442",8,0.94646542376438481,0.026254071694625569,61,61
fixed_test,6,6,9,"ac370000, ac370419, ac370442",9,0.94646542376438481,0.017527949069492177,61,61
fixed_train,6,6,0,"370407, ac370000",0,0.99015903251744286,0.038292543825395486,602,602
fixed_train,6,6,0,"370407, ac370000",1,0.99015903251744286,0.036310418610827178,602,600
fixed_train,6,6,0,"370407, ac370000",2,0.99015903251744286,0.033423535958937434,602,599
fixed_train,6,6,0,"370407, ac370000",3,0.99015903251744286,0.040276590402945622,602,598
fixed_train,6,6,0,"370407, ac370000",4,0.99015903251744286,0.040337441935639373,602,601
fixed_train,6,6,0,"370407, ac370000",5,0.99015903251744286,0.040337441935639373,602,598
fixed_train,6,6,0,"370407, ac370000",6,0.99015903251744286,0.038330265271358299,602,597
fixed_train,6,6,0,"370407, ac370000",7,0.99015903251744286,0.036401880412643584,602,598
fixed_train,6,6,0,"370407, ac370000",8,0.99015903251744286,0.026547944034085891,602,602
fixed_train,6,6,0,"370407, ac370000",9,0.99015903251744286,0.034415816794441167,602,599
fixed_train,6,6,1,"ac370000, ac370419",0,0.99015903251744286,0.035446766315211931,589,582
fixed_train,6,6,1,"ac370000, ac370419",1,0.99015903251744286,0.027655243606402258,589,589
fixed_train,6,6,1,"ac370000, ac370419",2,0.99015903251744286,0.033496560050963908,589,587
fixed_train,6,6,1,"ac370000, ac370419",3,0.99015903251744286,0.034511117254654167,589,586
fixed_train,6,6,1,"ac370000, ac370419",4,0.99015903251744286,0.029556784820643833,589,588
fixed_train,6,6,1,"ac370000, ac370419",5,0.99015903251744286,0.038498017738826107,589,585
fixed_train,6,6,1,"ac370000, ac370419",6,0.99015903251744286,0.030498538128149844,589,586
fixed_train,6,6,1,"ac370000, ac370419",7,0.99015903251744286,0.025586515454648517,589,585
fixed_train,6,6,1,"ac370000, ac370419",8,0.99015903251744286,0.028530757366651893,589,587
fixed_train,6,6,1,"ac370000, ac370419",9,0.99015903251744286,0.026626302190260964,589,587
fixed_train,6,6,2,"ac370000, ac370443",0,0.99015903251744286,0.035408596075435339,575,574
fixed_train,6,6,2,"ac370000, ac370443",1,0.99015903251744286,0.032415012695415801,575,574
fixed_train,6,6,2,"ac370000, ac370443",2,0.99015903251744286,0.035372006193492012,575,574
fixed_train,6,6,2,"ac370000, ac370443",3,0.99015903251744286,0.028514912224174571,575,569
fixed_train,6,6,2,"ac370000, ac370443",4,0.99015903251744286,0.039363869930228557,575,575
fixed_train,6,6,2,"ac370000, ac370443",5,0.99015903251744286,0.032484159158999937,575,574
fixed_train,6,6,2,"ac370000, ac370443",6,0.99015903251744286,0.033477734410961135,575,573
fixed_train,6,6,2,"ac370000, ac370443",7,0.99015903251744286,0.031473851418218568,575,572
fixed_train,6,6,2,"ac370000, ac370443",8,0.99015903251744286,0.033441223746826898,575,571
fixed_train,6,6,2,"ac370000, ac370443",9,0.99015903251744286,0.032502370762856114,575,573
fixed_train,6,6,3,"ac370000, ac370419, ac370443",0,0.99015903251744286,0.041310713061260329,573,573
fixed_train,6,6,3,"ac370000, ac370419, ac370443",1,0.99015903251744286,0.032448848604352265,573,573
fixed_train,6,6,3,"ac370000, ac370419, ac370443",2,0.99015903251744286,0.034397919740426386,573,573
fixed_train,6,6,3,"ac370000, ac370419, ac370443",3,0.99015903251744286,0.035446766315211931,573,573
fixed_train,6,6,3,"ac370000, ac370419, ac370443",4,0.99015903251744286,0.032539913488555783,573,573
fixed_train,6,6,3,"ac370000, ac370419, ac370443",5,0.99015903251744286,0.038330265271358299,573,573
fixed_train,6,6,3,"ac370000, ac370419, ac370443",6,0.99015903251744286,0.034397919740426386,573,573
fixed_train,6,6,3,"ac370000, ac370419, ac370443",7,0.99015903251744286,0.041310713061260329,573,572
fixed_train,6,6,3,"ac370000, ac370419, ac370443",8,0.99015903251744286,0.044228783567756169,573,572
fixed_train,6,6,3,"ac370000, ac370419, ac370443",9,0.99015903251744286,0.037415798219462837,573,573
fixed_train,6,6,4,"ac370419, ac370443",0,0.99015903251744286,0.022669345177249056,573,572
fixed_train,6,6,4,"ac370419, ac370443",1,0.99015903251744286,0.028514912224174571,573,571
fixed_train,6,6,4,"ac370419, ac370443",2,0.99015903251744286,0.026562976605153943,573,570
fixed_train,6,6,4,"ac370419, ac370443",3,0.99015903251744286,0.020659634320660425,573,572
fixed_train,6,6,4,"ac370419, ac370443",4,0.99015903251744286,0.025586515454648517,573,571
fixed_train,6,6,4,"ac370419, ac370443",5,0.99015903251744286,0.022614007653908308,573,570
fixed_train,6,6,4,"ac370419, ac370443",6,0.99015903251744286,0.020699023197866873,573,572
fixed_train,6,6,4,"ac370419, ac370443",7,0.99015903251744286,0.024580975843996988,573,571
fixed_train,6,6,4,"ac370419, ac370443",8,0.99015903251744286,0.015734872789351484,573,571
fixed_train,6,6,4,"ac370419, ac370443",9,0.99015903251744286,0.022588040561003497,573,571
fixed_train,6,6,5,"ac370000, ac370442",0,0.99015903251744286,0.035390104297187253,571,568
fixed_train,6,6,5,"ac370000, ac370442",1,0.99015903251744286,0.033441223746826898,571,568
fixed_train,6,6,5,"ac370000, ac370442",2,0.99015903251744286,0.030515548617532029,571,567
fixed_train,6,6,5,"ac370000, ac370442",3,0.99015903251744286,0.033459289440694429,571,569
fixed_train,6,6,5,"ac370000, ac370442",4,0.99015903251744286,0.027539106761001797,571,568
fixed_train,6,6,5,"ac370000, ac370442",5,0.99015903251744286,0.031491095944182979,571,568
fixed_train,6,6,5,"ac370000, ac370442",6,0.99015903251744286,0.034380407122298284,571,569
fixed_train,6,6,5,"ac370000, ac370442",7,0.99015903251744286,0.032502370762856114,571,567
fixed_train,6,6,5,"ac370000, ac370442",8,0.99015903251744286,0.035408596075435339,571,568
fixed_train,6,6,5,"ac370000, ac370442",9,0.99015903251744286,0.03735667263543696,571,567
fixed_train,6,6,6,"370407, ac370000, ac370419",0,0.99015903251744286,0.039284323671215926,570,570
fixed_train,6,6,6,"370407, ac370000, ac370419",1,0.99015903251744286,0.041249335317366964,570,570
fixed_train,6,6,6,"370407, ac370000, ac370419",2,0.99015903251744286,0.036327910710785005,570,570
fixed_train,6,6,6,"370407, ac370000, ac370419",3,0.99015903251744286,0.038330265271358299,570,569
fixed_train,6,6,6,"370407, ac370000, ac370419",4,0.99015903251744286,0.034397919740426386,570,570
fixed_train,6,6,6,"370407, ac370000, ac370419",5,0.99015903251744286,0.039384830123713632,570,570
fixed_train,6,6,6,"370407, ac370000, ac370419",6,0.99015903251744286,0.036310418610827178,570,569
fixed_train,6,6,6,"370407, ac370000, ac370419",7,0.99015903251744286,0.044186443169226375,570,570
fixed_train,6,6,6,"370407, ac370000, ac370419",8,0.99015903251744286,0.038330265271358299,570,570
fixed_train,6,6,6,"370407, ac370000, ac370419",9,0.99015903251744286,0.036364092505892454,570,570
fixed_train,6,6,7,"370407, ac370419",0,0.99015903251744286,0.016713103083641712,570,566
fixed_train,6,6,7,"370407, ac370419",1,0.99015903251744286,0.021636989775176696,570,570
fixed_train,6,6,7,"370407, ac370419",2,0.99015903251744286,0.023590694267688672,570,569
fixed_train,6,6,7,"370407, ac370419",3,0.99015903251744286,0.028469378252343858,570,569
fixed_train,6,6,7,"370407, ac370419",4,0.99015903251744286,0.017725479176954551,570,570
fixed_train,6,6,7,"370407, ac370419",5,0.99015903251744286,0.024595195843656104,570,569
fixed_train,6,6,7,"370407, ac370419",6,0.99015903251744286,0.027494253794310475,570,569
fixed_train,6,6,7,"370407, ac370419",7,0.99015903251744286,0.027539106761001797,570,569
fixed_train,6,6,7,"370407, ac370419",8,0.99015903251744286,0.021636989775176696,570,569
fixed_train,6,6,7,"370407, ac370419",9,0.99015903251744286,0.029506479089610127,570,569
fixed_train,6,6,8,"ac370442, ac370443",0,0.99015903251744286,0.027539106761001797,568,566
fixed_train,6,6,8,"ac370442, ac370443",1,0.99015903251744286,0.021677234360003683,568,565
fixed_train,6,6,8,"ac370442, ac370443",2,0.99015903251744286,0.015714191551731482,568,568
fixed_train,6,6,8,"ac370442, ac370443",3,0.99015903251744286,0.015756447272703644,568,564
fixed_train,6,6,8,"ac370442, ac370443",4,0.99015903251744286,0.025617009590323869,568,566
fixed_train,6,6,8,"ac370442, ac370443",5,0.99015903251744286,0.020672495910193378,568,565
fixed_train,6,6,8,"ac370442, ac370443",6,0.99015903251744286,0.021677234360003683,568,565
fixed_train,6,6,8,"ac370442, ac370443",7,0.99015903251744286,0.020647039463819294,568,567
fixed_train,6,6,8,"ac370442, ac370443",8,0.99015903251744286,0.028499401444028627,568,564
fixed_train,6,6,8,"ac370442, ac370443",9,0.99015903251744286,0.017690989252939437,568,566
fixed_train,6,6,9,"ac370000, ac370419, ac370442",0,0.99015903251744286,0.034397919740426386,568,568
fixed_train,6,6,9,"ac370000, ac370419, ac370442",1,0.99015903251744286,0.032466318889647794,568,568
fixed_train,6,6,9,"ac370000, ac370419, ac370442",2,0.99015903251744286,0.037375968404043558,568,568
fixed_train,6,6,9,"ac370000, ac370419, ac370442",3,0.99015903251744286,0.039323240973686668,568,566
fixed_train,6,6,9,"ac370000, ac370419, ac370442",4,0.99015903251744286,0.046217625934974027,568,568
fixed_train,6,6,9,"ac370000, ac370419, ac370442",5,0.99015903251744286,0.042221810054616005,568,568
fixed_train,6,6,9,"ac370000, ac370419, ac370442",6,0.99015903251744286,0.034511117254654167,568,568
fixed_train,6,6,9,"ac370000, ac370419, ac370442",7,0.99015903251744286,0.040219646563212419,568,567
fixed_train,6,6,9,"ac370000, ac370419, ac370442",8,0.99015903251744286,0.034363277596174857,568,568
fixed_train,6,6,9,"ac370000, ac370419, ac370442",9,0.99015903251744286,0.045222945988436014,568,566
fixed_test,6,7,0,"370407, ac370000",0,0.92942035683515634,0.017433744627305181,66,66
fixed_test,6,7,0,"370407, ac370000",1,0.92942035683515634,0.0085571695941347725,66,65
fixed_test,6,7,0,"370407, ac370000",2,0.92942035683515634,-0.0087329052810248831,66,66
fixed_test,6,7,0,"370407, ac370000",3,0.92942035683515634,0.017433744627305181,66,66
fixed_test,6,7,0,"370407, ac370000",4,0.92942035683515634,0.017280998879584675,66,65
fixed_test,6,7,0,"370407, ac370000",5,0.92942035683515634,0.0087207831356572729,66,66
fixed_test,6,7,0,"370407, ac370000",6,0.92942035683515634,-0.00029112952930099301,66,66
fixed_test,6,7,0,"370407, ac370000",7,0.92942035683515634,-0.00016893293112452135,66,66
fixed_test,6,7,0,"370407, ac370000",8,0.92942035683515634,0.017433744627305181,66,65
fixed_test,6,7,0,"370407, ac370000",9,0.92942035683515634,0,66,66
fixed_test,6,7,1,"ac370000, ac370419",0,0.92942035683515634,-0.017644910791210888,66,65
fixed_test,6,7,1,"ac370000, ac370419",1,0.92942035683515634,0.0089375912572092764,66,66
fixed_test,6,7,1,"ac370000, ac370419",2,0.92942035683515634,0.017433744627305181,66,66
fixed_test,6,7,1,"ac370000, ac370419",3,0.92942035683515634,-0.01748229803210033,66,65
fixed_test,6,7,1,"ac370000, ac370419",4,0.92942035683515634,-0.0085218058857675638,66,66
fixed_test,6,7,1,"ac370000, ac370419",5,0.92942035683515634,-0.017644910791210888,66,64
fixed_test,6,7,1,"ac370000, ac370419",6,0.92942035683515634,-0.0085218058857675638,66,66
fixed_test,6,7,1,"ac370000, ac370419",7,0.92942035683515634,0.0089375912572092764,66,66
fixed_test,6,7,1,"ac370000, ac370419",8,0.92942035683515634,0.017644910791210999,66,66
fixed_test,6,7,1,"ac370000, ac370419",9,0.92942035683515634,0.0089375912572092764,66,66
fixed_test,6,7,2,"ac370000, ac370443",0,0.92942035683515634,-0.017771610489554446,63,61
fixed_test,6,7,2,"ac370000, ac370443",1,0.92942035683515634,0.026006734865336112,63,63
fixed_test,6,7,2,"ac370000, ac370443",2,0.92942035683515634,0.017644910791210999,63,63
fixed_test,6,7,2,"ac370000, ac370443",3,0.92942035683515634,0.017433744627305181,63,63
fixed_test,6,7,2,"ac370000, ac370443",4,0.92942035683515634,0.0087207831356572729,63,62
fixed_test,6,7,2,"ac370000, ac370443",5,0.92942035683515634,-0.00016893293112452135,63,63
fixed_test,6,7,2,"ac370000, ac370443",6,0.92942035683515634,0.043729086375903004,63,63
fixed_test,6,7,2,"ac370000, ac370443",7,0.92942035683515634,-0.00016893293112452135,63,63
fixed_test,6,7,2,"ac370000, ac370443",8,0.92942035683515634,-0.00016893293112452135,63,63
fixed_test,6,7,2,"ac370000, ac370443",9,0.92942035683515634,0.0085571695941347725,63,63
fixed_test,6,7,3,"ac370000, ac370419, ac370443",0,0.92942035683515634,-0.00016893293112452135,63,63
fixed_test,6,7,3,"ac370000, ac370419, ac370443",1,0.92942035683515634,0.035036422185734994,63,63
fixed_test,6,7,3,"ac370000, ac370419, ac370443",2,0.92942035683515634,0.0084455752234853243,63,63
fixed_test,6,7,3,"ac370000, ac370419, ac370443",3,0.92942035683515634,0.026343100091324234,63,62
fixed_test,6,7,3,"ac370000, ac370419, ac370443",4,0.92942035683515634,0.0087207831356572729,63,63
fixed_test,6,7,3,"ac370000, ac370419, ac370443",5,0.92942035683515634,0.017433744627305181,63,63
fixed_test,6,7,3,"ac370000, ac370419, ac370443",6,0.92942035683515634,0.017433744627305181,63,63
fixed_test,6,7,3,"ac370000, ac370419, ac370443",7,0.92942035683515634,0.0087207831356572729,63,63
fixed_test,6,7,3,"ac370000, ac370419, ac370443",8,0.92942035683515634,0.017433744627305181,63,63
fixed_test,6,7,3,"ac370000, ac370419, ac370443",9,0.92942035683515634,0,63,63
fixed_test,6,7,4,"ac370419, ac370443",0,0.92942035683515634,-0.00016893293112452135,63,63
fixed_test,6,7,4,"ac370419, ac370443",1,0.92942035683515634,-0.00016893293112452135,63,63
fixed_test,6,7,4,"ac370419, ac370443",2,0.92942035683515634,0.0087207831356572729,63,63
fixed_test,6,7,4,"ac370419, ac370443",3,0.92942035683515634,-0.0089015338200095773,63,63
fixed_test,6,7,4,"ac370419, ac370443",4,0.92942035683515634,-0.0089015338200095773,63,63
fixed_test,6,7,4,"ac370419, ac370443",5,0.92942035683515634,0.0087207831356572729,63,63
fixed_test,6,7,4,"ac370419, ac370443",6,0.92942035683515634,0.0085571695941347725,63,63
fixed_test,6,7,4,"ac370419, ac370443",7,0.92942035683515634,0.0087207831356572729,63,63
fixed_test,6,7,4,"ac370419, ac370443",8,0.92942035683515634,0.026343100091324234,63,63
fixed_test,6,7,4,"ac370419, ac370443",9,0.92942035683515634,0.0084455752234853243,63,63
fixed_test,6,7,5,"ac370000, ac370442",0,0.92942035683515634,0.017644910791210999,63,63
fixed_test,6,7,5,"ac370000, ac370442",1,0.92942035683515634,-0.017771610489554446,63,63
fixed_test,6,7,5,"ac370000, ac370442",2,0.92942035683515634,0.017433744627305181,63,63
fixed_test,6,7,5,"ac370000, ac370442",3,0.92942035683515634,0.0085571695941347725,63,62
fixed_test,6,7,5,"ac370000, ac370442",4,0.92942035683515634,0.026343100091324234,63,63
fixed_test,6,7,5,"ac370000, ac370442",5,0.92942035683515634,0.017644910791210999,63,63
fixed_test,6,7,5,"ac370000, ac370442",6,0.92942035683515634,0.026143127985018833,63,63
fixed_test,6,7,5,"ac370000, ac370442",7,0.92942035683515634,0.026143127985018833,63,63
fixed_test,6,7,5,"ac370000, ac370442",8,0.92942035683515634,0.026343100091324234,63,63
fixed_test,6,7,5,"ac370000, ac370442",9,0.92942035683515634,0.026343100091324234,63,62
fixed_test,6,7,6,"370407, ac370000, ac370419",0,0.92942035683515634,0.017280998879584675,65,65
fixed_test,6,7,6,"370407, ac370000, ac370419",1,0.92942035683515634,0.017280998879584675,65,65
fixed_test,6,7,6,"370407, ac370000, ac370419",2,0.92942035683515634,-0.0089015338200095773,65,65
fixed_test,6,7,6,"370407, ac370000, ac370419",3,0.92942035683515634,-0.00016893293112452135,65,65
fixed_test,6,7,6,"370407, ac370000, ac370419",4,0.92942035683515634,-0.026403401819258709,65,65
fixed_test,6,7,6,"370407, ac370000, ac370419",5,0.92942035683515634,0,65,65
fixed_test,6,7,6,"370407, ac370000, ac370419",6,0.92942035683515634,0.017433744627305181,65,65
fixed_test,6,7,6,"370407, ac370000, ac370419",7,0.92942035683515634,-0.026614747187633458,65,65
fixed_test,6,7,6,"370407, ac370000, ac370419",8,0.92942035683515634,0,65,65
fixed_test,6,7,6,"370407, ac370000, ac370419",9,0.92942035683515634,0.0085571695941347725,65,65
fixed_test,6,7,7,"370407, ac370419",0,0.92942035683515634,0.0087207831356572729,65,64
fixed_test,6,7,7,"370407, ac370419",1,0.92942035683515634,-0.0089015338200095773,65,65
fixed_test,6,7,7,"370407, ac370419",2,0.92942035683515634,-0.0089015338200095773,65,65
fixed_test,6,7,7,"370407, ac370419",3,0.92942035683515634,0.0087207831356572729,65,64
fixed_test,6,7,7,"370407, ac370419",4,0.92942035683515634,0.017280998879584675,65,65
fixed_test,6,7,7,"370407, ac370419",5,0.92942035683515634,-0.017644910791210888,65,65
fixed_test,6,7,7,"370407, ac370419",6,0.92942035683515634,0,65,65
fixed_test,6,7,7,"370407, ac370419",7,0.92942035683515634,0.0084455752234853243,65,65
fixed_test,6,7,7,"370407, ac370419",8,0.92942035683515634,-0.026523850775676316,65,65
fixed_test,6,7,7,"370407, ac370419",9,0.92942035683515634,0.0085571695941347725,65,65
fixed_test,6,7,8,"ac370442, ac370443",0,0.92942035683515634,0.0085571695941347725,63,63
fixed_test,6,7,8,"ac370442, ac370443",1,0.92942035683515634,0.0087207831356572729,63,63
fixed_test,6,7,8,"ac370442, ac370443",2,0.92942035683515634,-0.0089015338200095773,63,63
fixed_test,6,7,8,"ac370442, ac370443",3,0.92942035683515634,0.0085571695941347725,63,62
fixed_test,6,7,8,"ac370442, ac370443",4,0.92942035683515634,0.017433744627305181,63,63
fixed_test,6,7,8,"ac370442, ac370443",5,0.92942035683515634,0.0085571695941347725,63,63
fixed_test,6,7,8,"ac370442, ac370443",6,0.92942035683515634,0.0087207831356572729,63,63
fixed_test,6,7,8,"ac370442, ac370443",7,0.92942035683515634,0.0085571695941347725,63,63
fixed_test,6,7,8,"ac370442, ac370443",8,0.92942035683515634,-0.0091155844183656853,63,63
fixed_test,6,7,8,"ac370442, ac370443",9,0.92942035683515634,-0.0089015338200095773,63,63
fixed_test,6,7,9,"ac370000, ac370419, ac370442",0,0.92942035683515634,0.0087207831356572729,63,63
fixed_test,6,7,9,"ac370000, ac370419, ac370442",1,0.92942035683515634,-0.00029112952930099301,63,63
fixed_test,6,7,9,"ac370000, ac370419, ac370442",2,0.92942035683515634,-0.0090287887967493985,63,63
fixed_test,6,7,9,"ac370000, ac370419, ac370442",3,0.92942035683515634,0.017433744627305181,63,63
fixed_test,6,7,9,"ac370000, ac370419, ac370442",4,0.92942035683515634,-0.00016893293112452135,63,63
fixed_test,6,7,9,"ac370000, ac370419, ac370442",5,0.92942035683515634,0.026143127985018833,63,63
fixed_test,6,7,9,"ac370000, ac370419, ac370442",6,0.92942035683515634,0.0089375912572092764,63,63
fixed_test,6,7,9,"ac370000, ac370419, ac370442",7,0.92942035683515634,0.0085571695941347725,63,63
fixed_test,6,7,9,"ac370000, ac370419, ac370442",8,0.92942035683515634,0.035036422185734994,63,63
fixed_test,6,7,9,"ac370000, ac370419, ac370442",9,0.92942035683515634,0.017280998879584675,63,63
fixed_train,6,7,0,"370407, ac370000",0,0.99212722601395431,0.036402293147657083,602,599
fixed_train,6,7,0,"370407, ac370000",1,0.99212722601395431,0.045224571146697645,602,598
fixed_train,6,7,0,"370407, ac370000",2,0.99212722601395431,0.041291434470198118,602,598
fixed_train,6,7,0,"370407, ac370000",3,0.99212722601395431,0.037395676433717218,602,598
fixed_train,6,7,0,"370407, ac370000",4,0.99212722601395431,0.037414959811723381,602,601
fixed_train,6,7,0,"370407, ac370000",5,0.99212722601395431,0.036384010290952618,602,600
fixed_train,6,7,0,"370407, ac370000",6,0.99212722601395431,0.036440021852177651,602,599
fixed_train,6,7,0,"370407, ac370000",7,0.99212722601395431,0.049134888475059868,602,598
fixed_train,6,7,0,"370407, ac370000",8,0.99212722601395431,0.030483105720686021,602,596
fixed_train,6,7,0,"370407, ac370000",9,0.99212722601395431,0.043322055524475878,602,599
fixed_train,6,7,1,"ac370000, ac370419",0,0.99212722601395431,0.037395676433717218,586,584
fixed_train,6,7,1,"ac370000, ac370419",1,0.99212722601395431,0.041271762618355523,586,584
fixed_train,6,7,1,"ac370000, ac370419",2,0.99212722601395431,0.029571679192803679,586,586
fixed_train,6,7,1,"ac370000, ac370419",3,0.99212722601395431,0.034527440921109265,586,584
fixed_train,6,7,1,"ac370000, ac370419",4,0.99212722601395431,0.035464753547475358,586,582
fixed_train,6,7,1,"ac370000, ac370419",5,0.99212722601395431,0.03649954394004673,586,581
fixed_train,6,7,1,"ac370000, ac370419",6,0.99212722601395431,0.043300256923251568,586,585
fixed_train,6,7,1,"ac370000, ac370419",7,0.99212722601395431,0.03845051451726389,586,582
fixed_train,6,7,1,"ac370000, ac370419",8,0.99212722601395431,0.03838957373844698,586,578
fixed_train,6,7,1,"ac370000, ac370419",9,0.99212722601395431,0.034452352655511387,586,583
fixed_train,6,7,2,"ac370000, ac370443",0,0.99212722601395431,0.033513200580050917,574,572
fixed_train,6,7,2,"ac370000, ac370443",1,0.99212722601395431,0.033425161117199176,574,571
fixed_train,6,7,2,"ac370000, ac370443",2,0.99212722601395431,0.028531170101665393,574,570
fixed_train,6,7,2,"ac370000, ac370443",3,0.99212722601395431,0.029555090701995135,574,571
fixed_train,6,7,2,"ac370000, ac370443",4,0.99212722601395431,0.029492024440699649,574,571
fixed_train,6,7,2,"ac370000, ac370443",5,0.99212722601395431,0.027585203086835319,574,568
fixed_train,6,7,2,"ac370000, ac370443",6,0.99212722601395431,0.028578182632524984,574,571
fixed_train,6,7,2,"ac370000, ac370443",7,0.99212722601395431,0.032466731624661294,574,573
fixed_train,6,7,2,"ac370000, ac370443",8,0.99212722601395431,0.031458592778949357,574,570
fixed_train,6,7,2,"ac370000, ac370443",9,0.99212722601395431,0.029477073833299339,574,569
fixed_train,6,7,3,"ac370000, ac370419, ac370443",0,0.99212722601395431,0.036348600618809734,572,572
fixed_train,6,7,3,"ac370000, ac370419, ac370443",1,0.99212722601395431,0.035340920162905465,572,572
fixed_train,6,7,3,"ac370000, ac370419, ac370443",2,0.99212722601395431,0.041332063426740007,572,572
fixed_train,6,7,3,"ac370000, ac370419, ac370443",3,0.99212722601395431,0.036348600618809734,572,572
fixed_train,6,7,3,"ac370000, ac370419, ac370443",4,0.99212722601395431,0.037358297793698703,572,572
fixed_train,6,7,3,"ac370000, ac370419, ac370443",5,0.99212722601395431,0.043258002808447937,572,571
fixed_train,6,7,3,"ac370000, ac370419, ac370443",6,0.99212722601395431,0.037358297793698703,572,571
fixed_train,6,7,3,"ac370000, ac370419, ac370443",7,0.99212722601395431,0.032450073910774924,572,572
fixed_train,6,7,3,"ac370000, ac370419, ac370443",8,0.99212722601395431,0.048098055956994901,572,572
fixed_train,6,7,3,"ac370000, ac370419, ac370443",9,0.99212722601395431,0.040260737321906936,572,572
fixed_train,6,7,4,"ac370419, ac370443",0,0.99212722601395431,0.02462327629531802,572,571
fixed_train,6,7,4,"ac370419, ac370443",1,0.99212722601395431,0.019681934965114389,572,568
fixed_train,6,7,4,"ac370419, ac370443",2,0.99212722601395431,0.027511292369123197,572,570
fixed_train,6,7,4,"ac370419, ac370443",3,0.99212722601395431,0.028562191480937971,572,571
fixed_train,6,7,4,"ac370419, ac370443",4,0.99212722601395431,0.02850142217507412,572,570
fixed_train,6,7,4,"ac370419, ac370443",5,0.99212722601395431,0.030498950863163343,572,569
fixed_train,6,7,4,"ac370419, ac370443",6,0.99212722601395431,0.030452417338162396,572,571
fixed_train,6,7,4,"ac370419, ac370443",7,0.99212722601395431,0.029555090701995135,572,568
fixed_train,6,7,4,"ac370419, ac370443",8,0.99212722601395431,0.030531649073747835,572,569
fixed_train,6,7,4,"ac370419, ac370443",9,0.99212722601395431,0.028459168257682355,572,572
fixed_train,6,7,5,"ac370000, ac370442",0,0.99212722601395431,0.031427458936972741,569,567
fixed_train,6,7,5,"ac370000, ac370442",1,0.99212722601395431,0.037414959811723381,569,568
fixed_train,6,7,5,"ac370000, ac370442",2,0.99212722601395431,0.035445927907472585,569,569
fixed_train,6,7,5,"ac370000, ac370442",3,0.99212722601395431,0.036366113236937836,569,566
fixed_train,6,7,5,"ac370000, ac370442",4,0.99212722601395431,0.027569800290469182,569,567
fixed_train,6,7,5,"ac370000, ac370442",5,0.99212722601395431,0.039269437812810115,569,568
fixed_train,6,7,5,"ac370000, ac370442",6,0.99212722601395431,0.041252517167727376,569,567
fixed_train,6,7,5,"ac370000, ac370442",7,0.99212722601395431,0.031427458936972741,569,565
fixed_train,6,7,5,"ac370000, ac370442",8,0.99212722601395431,0.033425161117199176,569,568
fixed_train,6,7,5,"ac370000, ac370442",9,0.99212722601395431,0.039344161900555008,569,566
fixed_train,6,7,6,"370407, ac370000, ac370419",0,0.99212722601395431,0.047066075437479205,567,567
fixed_train,6,7,6,"370407, ac370000, ac370419",1,0.99212722601395431,0.041271762618355523,567,567
fixed_train,6,7,6,"370407, ac370000, ac370419",2,0.99212722601395431,0.049979083879451824,567,566
fixed_train,6,7,6,"370407, ac370000, ac370419",3,0.99212722601395431,0.051077575398482122,567,566
fixed_train,6,7,6,"370407, ac370000, ac370419",4,0.99212722601395431,0.0402793894725747,567,566
fixed_train,6,7,6,"370407, ac370000, ac370419",5,0.99212722601395431,0.047169107010883726,567,567
fixed_train,6,7,6,"370407, ac370000, ac370419",6,0.99212722601395431,0.046241196955146613,567,566
fixed_train,6,7,6,"370407, ac370000, ac370419",7,0.99212722601395431,0.045224571146697645,567,567
fixed_train,6,7,6,"370407, ac370000, ac370419",8,0.99212722601395431,0.046196977064267619,567,567
fixed_train,6,7,6,"370407, ac370000, ac370419",9,0.99212722601395431,0.03928750552157656,567,566
fixed_train,6,7,7,"370407, ac370419",0,0.99212722601395431,0.023673645295344325,567,566
fixed_train,6,7,7,"370407, ac370419",1,0.99212722601395431,0.029538832194720088,567,566
fixed_train,6,7,7,"370407, ac370419",2,0.99212722601395431,0.022653818702508155,567,564
fixed_train,6,7,7,"370407, ac370419",3,0.99212722601395431,0.028546521031107996,567,565
fixed_train,6,7,7,"370407, ac370419",4,0.99212722601395431,0.018703468323769235,567,565
fixed_train,6,7,7,"370407, ac370419",5,0.99212722601395431,0.030515131572575904,567,566
fixed_train,6,7,7,"370407, ac370419",6,0.99212722601395431,0.02850142217507412,567,567
fixed_train,6,7,7,"370407, ac370419",7,0.99212722601395431,0.033408636761651289,567,566
fixed_train,6,7,7,"370407, ac370419",8,0.99212722601395431,0.027554708951159967,567,566
fixed_train,6,7,7,"370407, ac370419",9,0.99212722601395431,0.029492024440699649,567,566
fixed_train,6,7,8,"ac370442, ac370443",0,0.99212722601395431,0.024556234057514947,566,563
fixed_train,6,7,8,"ac370442, ac370443",1,0.99212722601395431,0.022602903878676361,566,565
fixed_train,6,7,8,"ac370442, ac370443",2,0.99212722601395431,0.022667216694378323,566,562
fixed_train,6,7,8,"ac370442, ac370443",3,0.99212722601395431,0.020648264770242064,566,565
fixed_train,6,7,8,"ac370442, ac370443",4,0.99212722601395431,0.029492024440699649,566,562
fixed_train,6,7,8,"ac370442, ac370443",5,0.99212722601395431,0.027511292369123197,566,562
fixed_train,6,7,8,"ac370442, ac370443",6,0.99212722601395431,0.022602903878676361,566,564
fixed_train,6,7,8,"ac370442, ac370443",7,0.99212722601395431,0.027554708951159967,566,565
fixed_train,6,7,8,"ac370442, ac370443",8,0.99212722601395431,0.02652162848439743,566,565
fixed_train,6,7,8,"ac370442, ac370443",9,0.99212722601395431,0.025600768386218387,566,561
fixed_train,6,7,9,"ac370000, ac370419, ac370442",0,0.99212722601395431,0.05202583349685741,566,566
fixed_train,6,7,9,"ac370000, ac370419, ac370442",1,0.99212722601395431,0.038370073909155034,566,566
fixed_train,6,7,9,"ac370000, ac370419, ac370442",2,0.99212722601395431,0.041271762618355523,566,566
fixed_train,6,7,9,"ac370000, ac370419, ac370442",3,0.99212722601395431,0.038332286002403904,566,566
fixed_train,6,7,9,"ac370000, ac370419, ac370442",4,0.99212722601395431,0.041215299573046149,566,566
fixed_train,6,7,9,"ac370000, ac370419, ac370442",5,0.99212722601395431,0.039324866131948411,566,566
fixed_train,6,7,9,"ac370000, ac370419, ac370442",6,0.99212722601395431,0.047260119332977579,566,564
fixed_train,6,7,9,"ac370000, ac370419, ac370442",7,0.99212722601395431,0.049157707823197172,566,566
fixed_train,6,7,9,"ac370000, ac370419, ac370442",8,0.99212722601395431,0.046154636665737825,566,566
fixed_train,6,7,9,"ac370000, ac370419, ac370442",9,0.99212722601395431,0.033392470583123779,566,566
fixed_test,6,8,0,"370407, ac370000",0,0.92048276557794706,0.026352230325212611,67,67
fixed_test,6,8,0,"370407, ac370000",1,0.92048276557794706,0.026098830928525718,67,67
fixed_test,6,8,0,"370407, ac370000",2,0.92048276557794706,0.043487664440146956,67,66
fixed_test,6,8,0,"370407, ac370000",3,0.92048276557794706,0.052377453509577787,67,67
fixed_test,6,8,0,"370407, ac370000",4,0.92048276557794706,0.0084961533700959047,67,67
fixed_test,6,8,0,"370407, ac370000",5,0.92048276557794706,0.026098830928525718,67,66
fixed_test,6,8,0,"370407, ac370000",6,0.92048276557794706,0.04370150848695542,67,67
fixed_test,6,8,0,"370407, ac370000",7,0.92048276557794706,0.026352230325212611,67,66
fixed_test,6,8,0,"370407, ac370000",8,0.92048276557794706,0.0087073195340017229,67,66
fixed_test,6,8,0,"370407, ac370000",9,0.92048276557794706,0.0087073195340017229,67,67
fixed_test,6,8,1,"ac370000, ac370419",0,0.92048276557794706,0.0087073195340017229,66,66
fixed_test,6,8,1,"ac370000, ac370419",1,0.92048276557794706,0.026677455843433839,66,66
fixed_test,6,8,1,"ac370000, ac370419",2,0.92048276557794706,-0.0089375912572092764,66,66
fixed_test,6,8,1,"ac370000, ac370419",3,0.92048276557794706,0.0089783407991860242,66,66
fixed_test,6,8,1,"ac370000, ac370419",4,0.92048276557794706,0.017670496538233826,66,66
fixed_test,6,8,1,"ac370000, ac370419",5,0.92048276557794706,0.0089783407991860242,66,66
fixed_test,6,8,1,"ac370000, ac370419",6,0.92048276557794706,0.034791495118693727,66,66
fixed_test,6,8,1,"ac370000, ac370419",7,0.92048276557794706,0.026098830928525718,66,64
fixed_test,6,8,1,"ac370000, ac370419",8,0.92048276557794706,0.0087073195340017229,66,65
fixed_test,6,8,1,"ac370000, ac370419",9,0.92048276557794706,0.026352230325212611,66,66
fixed_test,6,8,2,"ac370000, ac370443",0,0.92048276557794706,0.0087073195340017229,64,64
fixed_test,6,8,2,"ac370000, ac370443",1,0.92048276557794706,0.017405508834114958,64,64
fixed_test,6,8,2,"ac370000, ac370443",2,0.92048276557794706,0.034791495118693727,64,64
fixed_test,6,8,2,"ac370000, ac370443",3,0.92048276557794706,0,64,63
fixed_test,6,8,2,"ac370000, ac370443",4,0.92048276557794706,0.026352230325212611,64,64
fixed_test,6,8,2,"ac370000, ac370443",5,0.92048276557794706,0.017405508834114958,64,64
fixed_test,6,8,2,"ac370000, ac370443",6,0.92048276557794706,0.017405508834114958,64,64
fixed_test,6,8,2,"ac370000, ac370443",7,0.92048276557794706,0.0087073195340017229,64,64
fixed_test,6,8,2,"ac370000, ac370443",8,0.92048276557794706,0.0087073195340017229,64,64
fixed_test,6,8,2,"ac370000, ac370443",9,0.92048276557794706,0.017405508834114958,64,64
fixed_test,6,8,3,"ac370000, ac370419, ac370443",0,0.92048276557794706,0.017405508834114958,63,63
fixed_test,6,8,3,"ac370000, ac370419, ac370443",1,0.92048276557794706,0.026098830928525718,63,63
fixed_test,6,8,3,"ac370000, ac370419, ac370443",2,0.92048276557794706,0.017405508834114958,63,63
fixed_test,6,8,3,"ac370000, ac370419, ac370443",3,0.92048276557794706,0.017405508834114958,63,63
fixed_test,6,8,3,"ac370000, ac370419, ac370443",4,0.92048276557794706,0.034791495118693727,63,63
fixed_test,6,8,3,"ac370000, ac370419, ac370443",5,0.92048276557794706,0.035027825789781808,63,63
fixed_test,6,8,3,"ac370000, ac370419, ac370443",6,0.92048276557794706,0.0087073195340017229,63,63
fixed_test,6,8,3,"ac370000, ac370419, ac370443",7,0.92048276557794706,0.034791495118693727,63,63
fixed_test,6,8,3,"ac370000, ac370419, ac370443",8,0.92048276557794706,0.026352230325212611,63,63
fixed_test,6,8,3,"ac370000, ac370419, ac370443",9,0.92048276557794706,0.0087073195340017229,63,63
fixed_test,6,8,4,"ac370419, ac370443",0,0.92048276557794706,0,63,62
fixed_test,6,8,4,"ac370419, ac370443",1,0.92048276557794706,0,63,63
fixed_test,6,8,4,"ac370419, ac370443",2,0.92048276557794706,0.017405508834114958,63,63
fixed_test,6,8,4,"ac370419, ac370443",3,0.92048276557794706,0.0087073195340017229,63,63
fixed_test,6,8,4,"ac370419, ac370443",4,0.92048276557794706,-0.0087207742450617909,63,63
fixed_test,6,8,4,"ac370419, ac370443",5,0.92048276557794706,0.00027141350818782328,63,62
fixed_test,6,8,4,"ac370419, ac370443",6,0.92048276557794706,0,63,63
fixed_test,6,8,4,"ac370419, ac370443",7,0.92048276557794706,0.0087073195340017229,63,63
fixed_test,6,8,4,"ac370419, ac370443",8,0.92048276557794706,0.0087073195340017229,63,63
fixed_test,6,8,4,"ac370419, ac370443",9,0.92048276557794706,0,63,63
fixed_test,6,8,5,"ac370000, ac370442",0,0.92048276557794706,-0.0087207742450617909,65,65
fixed_test,6,8,5,"ac370000, ac370442",1,0.92048276557794706,0.026677455843433839,65,65
fixed_test,6,8,5,"ac370000, ac370442",2,0.92048276557794706,0.026352230325212611,65,65
fixed_test,6,8,5,"ac370000, ac370442",3,0.92048276557794706,0.017405508834114958,65,65
fixed_test,6,8,5,"ac370000, ac370442",4,0.92048276557794706,0.017670496538233826,65,65
fixed_test,6,8,5,"ac370000, ac370442",5,0.92048276557794706,0.052377453509577787,65,65
fixed_test,6,8,5,"ac370000, ac370442",6,0.92048276557794706,0,65,64
fixed_test,6,8,5,"ac370000, ac370442",7,0.92048276557794706,0.017670496538233826,65,65
fixed_test,6,8,5,"ac370000, ac370442",8,0.92048276557794706,0.04370150848695542,65,65
fixed_test,6,8,5,"ac370000, ac370442",9,0.92048276557794706,0.035027825789781808,65,65
fixed_test,6,8,6,"370407, ac370000, ac370419",0,0.92048276557794706,0.04370150848695542,62,62
fixed_test,6,8,6,"370407, ac370000, ac370419",1,0.92048276557794706,0.026352230325212611,62,62
fixed_test,6,8,6,"370407, ac370000, ac370419",2,0.92048276557794706,0.017670496538233826,62,62
fixed_test,6,8,6,"370407, ac370000, ac370419",3,0.92048276557794706,0.026352230325212611,62,62
fixed_test,6,8,6,"370407, ac370000, ac370419",4,0.92048276557794706,0.026352230325212611,62,62
fixed_test,6,8,6,"370407, ac370000, ac370419",5,0.92048276557794706,0.043487664440146956,62,60
fixed_test,6,8,6,"370407, ac370000, ac370419",6,0.92048276557794706,0.04370150848695542,62,62
fixed_test,6,8,6,"370407, ac370000, ac370419",7,0.92048276557794706,0.026352230325212611,62,62
fixed_test,6,8,6,"370407, ac370000, ac370419",8,0.92048276557794706,0.0087073195340017229,62,62
fixed_test,6,8,6,"370407, ac370000, ac370419",9,0.92048276557794706,0.04370150848695542,62,62
fixed_test,6,8,7,"370407, ac370419",0,0.92048276557794706,0,62,62
fixed_test,6,8,7,"370407, ac370419",1,0.92048276557794706,0.0087073195340017229,62,62
fixed_test,6,8,7,"370407, ac370419",2,0.92048276557794706,0.0087073195340017229,62,62
fixed_test,6,8,7,"370407, ac370419",3,0.92048276557794706,0.0084961533700959047,62,62
fixed_test,6,8,7,"370407, ac370419",4,0.92048276557794706,0.026352230325212611,62,60
fixed_test,6,8,7,"370407, ac370419",5,0.92048276557794706,0.0087073195340017229,62,62
fixed_test,6,8,7,"370407, ac370419",6,0.92048276557794706,-0.0087207742450617909,62,62
fixed_test,6,8,7,"370407, ac370419",7,0.92048276557794706,0,62,62
fixed_test,6,8,7,"370407, ac370419",8,0.92048276557794706,0,62,62
fixed_test,6,8,7,"370407, ac370419",9,0.92048276557794706,-0.0087207742450617909,62,62
fixed_test,6,8,8,"ac370442, ac370443",0,0.92048276557794706,0.0087073195340017229,64,64
fixed_test,6,8,8,"ac370442, ac370443",1,0.92048276557794706,0.026098830928525718,64,63
fixed_test,6,8,8,"ac370442, ac370443",2,0.92048276557794706,-0.00021680812155200346,64,64
fixed_test,6,8,8,"ac370442, ac370443",3,0.92048276557794706,0.026098830928525718,64,64
fixed_test,6,8,8,"ac370442, ac370443",4,0.92048276557794706,0.017405508834114958,64,64
fixed_test,6,8,8,"ac370442, ac370443",5,0.92048276557794706,0,64,64
fixed_test,6,8,8,"ac370442, ac370443",6,0.92048276557794706,0.0087073195340017229,64,64
fixed_test,6,8,8,"ac370442, ac370443",7,0.92048276557794706,0.026098830928525718,64,64
fixed_test,6,8,8,"ac370442, ac370443",8,0.92048276557794706,0.0087073195340017229,64,64
fixed_test,6,8,8,"ac370442, ac370443",9,0.92048276557794706,0.0087073195340017229,64,63
fixed_test,6,8,9,"ac370000, ac370419, ac370442",0,0.92048276557794706,0.035027825789781808,64,64
fixed_test,6,8,9,"ac370000, ac370419, ac370442",1,0.92048276557794706,0.034630303249977845,64,64
fixed_test,6,8,9,"ac370000, ac370419, ac370442",2,0.92048276557794706,0.035340993076467875,64,64
fixed_test,6,8,9,"ac370000, ac370419, ac370442",3,0.92048276557794706,0.017405508834114958,64,64
fixed_test,6,8,9,"ac370000, ac370419, ac370442",4,0.92048276557794706,0.026098830928525718,64,64
fixed_test,6,8,9,"ac370000, ac370419, ac370442",5,0.92048276557794706,0.04399714111642361,64,64
fixed_test,6,8,9,"ac370000, ac370419, ac370442",6,0.92048276557794706,0.026098830928525718,64,64
fixed_test,6,8,9,"ac370000, ac370419, ac370442",7,0.92048276557794706,0.034791495118693727,64,64
fixed_test,6,8,9,"ac370000, ac370419, ac370442",8,0.92048276557794706,0.026098830928525718,64,64
fixed_test,6,8,9,"ac370000, ac370419, ac370442",9,0.92048276557794706,0.017405508834114958,64,63
fixed_train,6,8,0,"370407, ac370000",0,0.9901548404787458,0.036397688373946524,601,595
fixed_train,6,8,0,"370407, ac370000",1,0.9901548404787458,0.035385912258490193,601,601
fixed_train,6,8,0,"370407, ac370000",2,0.9901548404787458,0.040312529326010482,601,599
fixed_train,6,8,0,"370407, ac370000",3,0.9901548404787458,0.041327871388043058,601,597
fixed_train,6,8,0,"370407, ac370000",4,0.9901548404787458,0.03540440403673828,601,598
fixed_train,6,8,0,"370407, ac370000",5,0.9901548404787458,0.034467636316969141,601,598
fixed_train,6,8,0,"370407, ac370000",6,0.9901548404787458,0.038385798744706046,601,599
fixed_train,6,8,0,"370407, ac370000",7,0.9901548404787458,0.037371776365346498,601,597
fixed_train,6,8,0,"370407, ac370000",8,0.9901548404787458,0.036359900467195394,601,598
fixed_train,6,8,0,"370407, ac370000",9,0.9901548404787458,0.039359677891531497,601,598
fixed_train,6,8,1,"ac370000, ac370419",0,0.9901548404787458,0.033592256655726405,586,586
fixed_train,6,8,1,"ac370000, ac370419",1,0.9901548404787458,0.032555055385900755,586,580
fixed_train,6,8,1,"ac370000, ac370419",2,0.9901548404787458,0.040466845505083504,586,583
fixed_train,6,8,1,"ac370000, ac370419",3,0.9901548404787458,0.03058295236696329,586,584
fixed_train,6,8,1,"ac370000, ac370419",4,0.9901548404787458,0.029570054351218733,586,582
fixed_train,6,8,1,"ac370000, ac370419",5,0.9901548404787458,0.037564174739222911,586,583
fixed_train,6,8,1,"ac370000, ac370419",6,0.9901548404787458,0.036520805895174702,586,582
fixed_train,6,8,1,"ac370000, ac370419",7,0.9901548404787458,0.038493825700129047,586,583
fixed_train,6,8,1,"ac370000, ac370419",8,0.9901548404787458,0.03647812898205538,586,583
fixed_train,6,8,1,"ac370000, ac370419",9,0.9901548404787458,0.031559515785570258,586,586
fixed_train,6,8,2,"ac370000, ac370443",0,0.9901548404787458,0.033531166990657058,573,568
fixed_train,6,8,2,"ac370000, ac370443",1,0.9901548404787458,0.035462255627426886,573,568
fixed_train,6,8,2,"ac370000, ac370443",2,0.9901548404787458,0.024682687065448183,573,570
fixed_train,6,8,2,"ac370000, ac370443",3,0.9901548404787458,0.029535478563762374,573,570
fixed_train,6,8,2,"ac370000, ac370443",4,0.9901548404787458,0.032555055385900755,573,570
fixed_train,6,8,2,"ac370000, ac370443",5,0.9901548404787458,0.032555055385900755,573,568
fixed_train,6,8,2,"ac370000, ac370443",6,0.9901548404787458,0.025628532963971495,573,573
fixed_train,6,8,2,"ac370000, ac370443",7,0.9901548404787458,0.034568809805260114,573,571
fixed_train,6,8,2,"ac370000, ac370443",8,0.9901548404787458,0.036499261423775686,573,571
fixed_train,6,8,2,"ac370000, ac370443",9,0.9901548404787458,0.03058295236696329,573,570
fixed_train,6,8,3,"ac370000, ac370419, ac370443",0,0.9901548404787458,0.03052872113134919,572,571
fixed_train,6,8,3,"ac370000, ac370419, ac370443",1,0.9901548404787458,0.037432143242587035,572,571
fixed_train,6,8,3,"ac370000, ac370419, ac370443",2,0.9901548404787458,0.042345466688208711,572,572
fixed_train,6,8,3,"ac370000, ac370419, ac370443",3,0.9901548404787458,0.044387673499525326,572,571
fixed_train,6,8,3,"ac370000, ac370419, ac370443",4,0.9901548404787458,0.032535721449858723,572,572
fixed_train,6,8,3,"ac370000, ac370419, ac370443",5,0.9901548404787458,0.044362944046448471,572,572
fixed_train,6,8,3,"ac370000, ac370419, ac370443",6,0.9901548404787458,0.031522480397106922,572,572
fixed_train,6,8,3,"ac370000, ac370419, ac370443",7,0.9901548404787458,0.040466845505083504,572,572
fixed_train,6,8,3,"ac370000, ac370419, ac370443",8,0.9901548404787458,0.037432143242587035,572,572
fixed_train,6,8,3,"ac370000, ac370419, ac370443",9,0.9901548404787458,0.031486903905485919,572,571
fixed_train,6,8,4,"ac370419, ac370443",0,0.9901548404787458,0.03052872113134919,572,568
fixed_train,6,8,4,"ac370419, ac370443",1,0.9901548404787458,0.021659350946758971,572,571
fixed_train,6,8,4,"ac370419, ac370443",2,0.9901548404787458,0.030564517683760561,572,570
fixed_train,6,8,4,"ac370419, ac370443",3,0.9901548404787458,0.02463547511793418,572,572
fixed_train,6,8,4,"ac370419, ac370443",4,0.9901548404787458,0.02463547511793418,572,568
fixed_train,6,8,4,"ac370419, ac370443",5,0.9901548404787458,0.018724509179787741,572,571
fixed_train,6,8,4,"ac370419, ac370443",6,0.9901548404787458,0.027633465583990269,572,571
fixed_train,6,8,4,"ac370419, ac370443",7,0.9901548404787458,0.020722437272276184,572,567
fixed_train,6,8,4,"ac370419, ac370443",8,0.9901548404787458,0.022725084651522898,572,570
fixed_train,6,8,4,"ac370419, ac370443",9,0.9901548404787458,0.024666643310150893,572,570
fixed_train,6,8,5,"ac370000, ac370442",0,0.9901548404787458,0.032427554936263481,567,565
fixed_train,6,8,5,"ac370000, ac370442",1,0.9901548404787458,0.034467636316969141,567,564
fixed_train,6,8,5,"ac370000, ac370442",2,0.9901548404787458,0.033473542372264076,567,564
fixed_train,6,8,5,"ac370000, ac370442",3,0.9901548404787458,0.034411624755744108,567,564
fixed_train,6,8,5,"ac370000, ac370442",4,0.9901548404787458,0.028646947228391673,567,563
fixed_train,6,8,5,"ac370000, ac370442",5,0.9901548404787458,0.02759929365759517,567,565
fixed_train,6,8,5,"ac370000, ac370442",6,0.9901548404787458,0.037432143242587035,567,567
fixed_train,6,8,5,"ac370000, ac370442",7,0.9901548404787458,0.040292245998127196,567,566
fixed_train,6,8,5,"ac370000, ac370442",8,0.9901548404787458,0.029552592781946774,567,559
fixed_train,6,8,5,"ac370000, ac370442",9,0.9901548404787458,0.032574766285265788,567,565
fixed_train,6,8,6,"370407, ac370000, ac370419",0,0.9901548404787458,0.04422459152905911,570,570
fixed_train,6,8,6,"370407, ac370000, ac370419",1,0.9901548404787458,0.045196721475675217,570,569
fixed_train,6,8,6,"370407, ac370000, ac370419",2,0.9901548404787458,0.045218753949738955,570,570
fixed_train,6,8,6,"370407, ac370000, ac370419",3,0.9901548404787458,0.043230940011499186,570,570
fixed_train,6,8,6,"370407, ac370000, ac370419",4,0.9901548404787458,0.046260240910577122,570,570
fixed_train,6,8,6,"370407, ac370000, ac370419",5,0.9901548404787458,0.03731511998636805,570,568
fixed_train,6,8,6,"370407, ac370000, ac370419",6,0.9901548404787458,0.040333249896942314,570,570
fixed_train,6,8,6,"370407, ac370000, ac370419",7,0.9901548404787458,0.042323019827641639,570,570
fixed_train,6,8,6,"370407, ac370000, ac370419",8,0.9901548404787458,0.043252185611489136,570,570
fixed_train,6,8,6,"370407, ac370000, ac370419",9,0.9901548404787458,0.041349669989267368,570,569
fixed_train,6,8,7,"370407, ac370419",0,0.9901548404787458,0.026605797097316475,570,569
fixed_train,6,8,7,"370407, ac370419",1,0.9901548404787458,0.021645936422928669,570,567
fixed_train,6,8,7,"370407, ac370419",2,0.9901548404787458,0.028576119076698547,570,570
fixed_train,6,8,7,"370407, ac370419",3,0.9901548404787458,0.026529036639865611,570,568
fixed_train,6,8,7,"370407, ac370419",4,0.9901548404787458,0.019677742926417219,570,570
fixed_train,6,8,7,"370407, ac370419",5,0.9901548404787458,0.033455097401997369,570,569
fixed_train,6,8,7,"370407, ac370419",6,0.9901548404787458,0.024605524954431801,570,568
fixed_train,6,8,7,"370407, ac370419",7,0.9901548404787458,0.021673042321306624,570,568
fixed_train,6,8,7,"370407, ac370419",8,0.9901548404787458,0.028593313917662178,570,566
fixed_train,6,8,7,"370407, ac370419",9,0.9901548404787458,0.026605797097316475,570,569
fixed_train,6,8,8,"ac370442, ac370443",0,0.9901548404787458,0.02265089076010951,565,563
fixed_train,6,8,8,"ac370442, ac370443",1,0.9901548404787458,0.017745490189476909,565,563
fixed_train,6,8,8,"ac370442, ac370443",2,0.9901548404787458,0.025628532963971495,565,563
fixed_train,6,8,8,"ac370442, ac370443",3,0.9901548404787458,0.022679702619367359,565,562
fixed_train,6,8,8,"ac370442, ac370443",4,0.9901548404787458,0.02663874632908847,565,564
fixed_train,6,8,8,"ac370442, ac370443",5,0.9901548404787458,0.022636914412964004,565,562
fixed_train,6,8,8,"ac370442, ac370443",6,0.9901548404787458,0.024650906385465632,565,562
fixed_train,6,8,8,"ac370442, ac370443",7,0.9901548404787458,0.021701259760135816,565,563
fixed_train,6,8,8,"ac370442, ac370443",8,0.9901548404787458,0.025567542393696296,565,563
fixed_train,6,8,8,"ac370442, ac370443",9,0.9901548404787458,0.022623223043461205,565,564
fixed_train,6,8,9,"ac370000, ac370419, ac370442",0,0.9901548404787458,0.037391484395020047,565,565
fixed_train,6,8,9,"ac370000, ac370419, ac370442",1,0.9901548404787458,0.035544990744328042,565,565
fixed_train,6,8,9,"ac370000, ac370419, ac370442",2,0.9901548404787458,0.035442574276514871,565,565
fixed_train,6,8,9,"ac370000, ac370419, ac370442",3,0.9901548404787458,0.044182251130529315,565,565
fixed_train,6,8,9,"ac370000, ac370419, ac370442",4,0.9901548404787458,0.039359677891531497,565,564
fixed_train,6,8,9,"ac370000, ac370419, ac370442",5,0.9901548404787458,0.038385798744706046,565,565
fixed_train,6,8,9,"ac370000, ac370419, ac370442",6,0.9901548404787458,0.034448577661770563,565,565
fixed_train,6,8,9,"ac370000, ac370419, ac370442",7,0.9901548404787458,0.035462255627426886,565,565
fixed_train,6,8,9,"ac370000, ac370419, ac370442",8,0.9901548404787458,0.040312529326010482,565,565
fixed_train,6,8,9,"ac370000, ac370419, ac370442",9,0.9901548404787458,0.037352480596739901,565,565
fixed_test,6,9,0,"370407, ac370000",0,0.90281226903971323,0.009006959305200013,73,73
fixed_test,6,9,0,"370407, ac370000",1,0.90281226903971323,0.009006959305200013,73,73
fixed_test,6,9,0,"370407, ac370000",2,0.90281226903971323,-0.0086921557390478021,73,73
fixed_test,6,9,0,"370407, ac370000",3,0.90281226903971323,0.026326644578189784,73,72
fixed_test,6,9,0,"370407, ac370000",4,0.90281226903971323,0.00033172762111866039,73,73
fixed_test,6,9,0,"370407, ac370000",5,0.90281226903971323,-0.017071401338401571,73,70
fixed_test,6,9,0,"370407, ac370000",6,0.90281226903971323,0.009006959305200013,73,73
fixed_test,6,9,0,"370407, ac370000",7,0.90281226903971323,0,73,73
fixed_test,6,9,0,"370407, ac370000",8,0.90281226903971323,0.018062538272283324,73,73
fixed_test,6,9,0,"370407, ac370000",9,0.90281226903971323,0.00073222746646173231,73,72
fixed_test,6,9,1,"ac370000, ac370419",0,0.90281226903971323,-0.00026498770411886863,68,67
fixed_test,6,9,1,"ac370000, ac370419",1,0.90281226903971323,0.009006959305200013,68,68
fixed_test,6,9,1,"ac370000, ac370419",2,0.90281226903971323,-0.026125205655179395,68,68
fixed_test,6,9,1,"ac370000, ac370419",3,0.90281226903971323,0.009006959305200013,68,68
fixed_test,6,9,1,"ac370000, ac370419",4,0.90281226903971323,-0.017071401338401571,68,67
fixed_test,6,9,1,"ac370000, ac370419",5,0.90281226903971323,0.0086817337869787847,68,68
fixed_test,6,9,1,"ac370000, ac370419",6,0.90281226903971323,0.00033172762111866039,68,68
fixed_test,6,9,1,"ac370000, ac370419",7,0.90281226903971323,-0.0086921557390478021,68,68
fixed_test,6,9,1,"ac370000, ac370419",8,0.90281226903971323,-0.00026498770411886863,68,68
fixed_test,6,9,1,"ac370000, ac370419",9,0.90281226903971323,-0.0086921557390478021,68,68
fixed_test,6,9,2,"ac370000, ac370443",0,0.90281226903971323,-0.026125205655179395,67,66
fixed_test,6,9,2,"ac370000, ac370443",1,0.90281226903971323,-0.026391270783295617,67,67
fixed_test,6,9,2,"ac370000, ac370443",2,0.90281226903971323,0.0094060569973741792,67,67
fixed_test,6,9,2,"ac370000, ac370443",3,0.90281226903971323,-0.0089631770042321035,67,66
fixed_test,6,9,2,"ac370000, ac370443",4,0.90281226903971323,0.009006959305200013,67,67
fixed_test,6,9,2,"ac370000, ac370443",5,0.90281226903971323,0.018062538272283324,67,67
fixed_test,6,9,2,"ac370000, ac370443",6,0.90281226903971323,-0.0083595743289026636,67,67
fixed_test,6,9,2,"ac370000, ac370443",7,0.90281226903971323,0.018062538272283324,67,67
fixed_test,6,9,2,"ac370000, ac370443",8,0.90281226903971323,0.00033172762111866039,67,66
fixed_test,6,9,2,"ac370000, ac370443",9,0.90281226903971323,-0.017071401338401571,67,67
fixed_test,6,9,3,"ac370000, ac370419, ac370443",0,0.90281226903971323,0.009006959305200013,67,67
fixed_test,6,9,3,"ac370000, ac370419, ac370443",1,0.90281226903971323,0.00033172762111866039,67,67
fixed_test,6,9,3,"ac370000, ac370419, ac370443",2,0.90281226903971323,0.009006959305200013,67,67
fixed_test,6,9,3,"ac370000, ac370419, ac370443",3,0.90281226903971323,0.0094060569973741792,67,67
fixed_test,6,9,3,"ac370000, ac370419, ac370443",4,0.90281226903971323,0,67,67
fixed_test,6,9,3,"ac370000, ac370419, ac370443",5,0.90281226903971323,0,67,67
fixed_test,6,9,3,"ac370000, ac370419, ac370443",6,0.90281226903971323,-0.0083595743289026636,67,67
fixed_test,6,9,3,"ac370000, ac370419, ac370443",7,0.90281226903971323,0.0094060569973741792,67,67
fixed_test,6,9,3,"ac370000, ac370419, ac370443",8,0.90281226903971323,0.00033172762111866039,67,67
fixed_test,6,9,3,"ac370000, ac370419, ac370443",9,0.90281226903971323,-0.0089631770042321035,67,67
fixed_test,6,9,4,"ac370419, ac370443",0,0.90281226903971323,0.0086817337869787847,67,67
fixed_test,6,9,4,"ac370419, ac370443",1,0.90281226903971323,0.009006959305200013,67,67
fixed_test,6,9,4,"ac370419, ac370443",2,0.90281226903971323,0.017670496538234048,67,67
fixed_test,6,9,4,"ac370419, ac370443",3,0.90281226903971323,-0.0089631770042321035,67,67
fixed_test,6,9,4,"ac370419, ac370443",4,0.90281226903971323,0.026706074349447717,67,67
fixed_test,6,9,4,"ac370419, ac370443",5,0.90281226903971323,-0.00026498770411886863,67,66
fixed_test,6,9,4,"ac370419, ac370443",6,0.90281226903971323,0,67,67
fixed_test,6,9,4,"ac370419, ac370443",7,0.90281226903971323,-0.0086921557390478021,67,67
fixed_test,6,9,4,"ac370419, ac370443",8,0.90281226903971323,0.009006959305200013,67,67
fixed_test,6,9,4,"ac370419, ac370443",9,0.90281226903971323,0.026706074349447717,67,67
fixed_test,6,9,5,"ac370000, ac370442",0,0.90281226903971323,0,67,67
fixed_test,6,9,5,"ac370000, ac370442",1,0.90281226903971323,0.009006959305200013,67,67
fixed_test,6,9,5,"ac370000, ac370442",2,0.90281226903971323,-0.017399083030046003,67,67
fixed_test,6,9,5,"ac370000, ac370442",3,0.90281226903971323,0.00033172762111866039,67,67
fixed_test,6,9,5,"ac370000, ac370442",4,0.90281226903971323,0.00033172762111866039,67,66
fixed_test,6,9,5,"ac370000, ac370442",5,0.90281226903971323,0.00033172762111866039,67,67
fixed_test,6,9,5,"ac370000, ac370442",6,0.90281226903971323,0.009006959305200013,67,67
fixed_test,6,9,5,"ac370000, ac370442",7,0.90281226903971323,0.00033172762111866039,67,67
fixed_test,6,9,5,"ac370000, ac370442",8,0.90281226903971323,0.017670496538234048,67,67
fixed_test,6,9,5,"ac370000, ac370442",9,0.90281226903971323,0.009006959305200013,67,67
fixed_test,6,9,6,"370407, ac370000, ac370419",0,0.90281226903971323,0.00033172762111866039,67,67
fixed_test,6,9,6,"370407, ac370000, ac370419",1,0.90281226903971323,0.026706074349447717,67,67
fixed_test,6,9,6,"370407, ac370000, ac370419",2,0.90281226903971323,0.026706074349447717,67,67
fixed_test,6,9,6,"370407, ac370000, ac370419",3,0.90281226903971323,-0.0083595743289026636,67,67
fixed_test,6,9,6,"370407, ac370000, ac370419",4,0.90281226903971323,0.017670496538234048,67,67
fixed_test,6,9,6,"370407, ac370000, ac370419",5,0.90281226903971323,0.026031011948721594,67,67
fixed_test,6,9,6,"370407, ac370000, ac370419",6,0.90281226903971323,-0.01788730465978583,67,67
fixed_test,6,9,6,"370407, ac370000, ac370419",7,0.90281226903971323,0.017670496538234048,67,67
fixed_test,6,9,6,"370407, ac370000, ac370419",8,0.90281226903971323,0.018062538272283324,67,66
fixed_test,6,9,6,"370407, ac370000, ac370419",9,0.90281226903971323,-0.0086921557390478021,67,67
fixed_test,6,9,7,"370407, ac370419",0,0.90281226903971323,0.009006959305200013,67,67
fixed_test,6,9,7,"370407, ac370419",1,0.90281226903971323,0.026326644578189784,67,67
fixed_test,6,9,7,"370407, ac370419",2,0.90281226903971323,-0.017670496538233826,67,67
fixed_test,6,9,7,"370407, ac370419",3,0.90281226903971323,-0.0089631770042321035,67,67
fixed_test,6,9,7,"370407, ac370419",4,0.90281226903971323,0,67,67
fixed_test,6,9,7,"370407, ac370419",5,0.90281226903971323,0.026326644578189784,67,67
fixed_test,6,9,7,"370407, ac370419",6,0.90281226903971323,0,67,67
fixed_test,6,9,7,"370407, ac370419",7,0.90281226903971323,-0.01788730465978583,67,67
fixed_test,6,9,7,"370407, ac370419",8,0.90281226903971323,0.017670496538234048,67,67
fixed_test,6,9,7,"370407, ac370419",9,0.90281226903971323,-0.00026498770411886863,67,66
fixed_test,6,9,8,"ac370442, ac370443",0,0.90281226903971323,0,66,65
fixed_test,6,9,8,"ac370442, ac370443",1,0.90281226903971323,0.0086817337869787847,66,66
fixed_test,6,9,8,"ac370442, ac370443",2,0.90281226903971323,0.0086817337869787847,66,66
fixed_test,6,9,8,"ac370442, ac370443",3,0.90281226903971323,0.0086817337869787847,66,66
fixed_test,6,9,8,"ac370442, ac370443",4,0.90281226903971323,-0.0086921557390478021,66,66
fixed_test,6,9,8,"ac370442, ac370443",5,0.90281226903971323,-0.0086921557390478021,66,65
fixed_test,6,9,8,"ac370442, ac370443",6,0.90281226903971323,0.026031011948721594,66,66
fixed_test,6,9,8,"ac370442, ac370443",7,0.90281226903971323,0,66,66
fixed_test,6,9,8,"ac370442, ac370443",8,0.90281226903971323,-0.0086921557390478021,66,66
fixed_test,6,9,8,"ac370442, ac370443",9,0.90281226903971323,0.017357329251547982,66,66
fixed_test,6,9,9,"ac370000, ac370419, ac370442",0,0.90281226903971323,0.00033172762111866039,67,67
fixed_test,6,9,9,"ac370000, ac370419, ac370442",1,0.90281226903971323,0.018062538272283324,67,67
fixed_test,6,9,9,"ac370000, ac370419, ac370442",2,0.90281226903971323,0.026031011948721594,67,67
fixed_test,6,9,9,"ac370000, ac370419, ac370442",3,0.90281226903971323,0.00033172762111866039,67,67
fixed_test,6,9,9,"ac370000, ac370419, ac370442",4,0.90281226903971323,-0.0086921557390478021,67,67
fixed_test,6,9,9,"ac370000, ac370419, ac370442",5,0.90281226903971323,0.00033172762111866039,67,67
fixed_test,6,9,9,"ac370000, ac370419, ac370442",6,0.90281226903971323,0.017670496538234048,67,67
fixed_test,6,9,9,"ac370000, ac370419, ac370442",7,0.90281226903971323,-0.00026498770411886863,67,67
fixed_test,6,9,9,"ac370000, ac370419, ac370442",8,0.90281226903971323,-0.0086921557390478021,67,67
fixed_test,6,9,9,"ac370000, ac370419, ac370442",9,0.90281226903971323,0,67,67
fixed_train,6,9,0,"370407, ac370000",0,0.99311561133468906,0.033422153026740897,595,591
fixed_train,6,9,0,"370407, ac370000",1,0.99311561133468906,0.034413546437933928,595,592
fixed_train,6,9,0,"370407, ac370000",2,0.99311561133468906,0.034413546437933928,595,591
fixed_train,6,9,0,"370407, ac370000",3,0.99311561133468906,0.035405427421598468,595,592
fixed_train,6,9,0,"370407, ac370000",4,0.99311561133468906,0.025570586471154511,595,591
fixed_train,6,9,0,"370407, ac370000",5,0.99311561133468906,0.040332547221289761,595,593
fixed_train,6,9,0,"370407, ac370000",6,0.99311561133468906,0.032479481264917731,595,593
fixed_train,6,9,0,"370407, ac370000",7,0.99311561133468906,0.031440802658897149,595,594
fixed_train,6,9,0,"370407, ac370000",8,0.99311561133468906,0.034413546437933928,595,591
fixed_train,6,9,0,"370407, ac370000",9,0.99311561133468906,0.036397802564073101,595,591
fixed_train,6,9,1,"ac370000, ac370419",0,0.99311561133468906,0.037428407172912403,584,582
fixed_train,6,9,1,"ac370000, ac370419",1,0.99311561133468906,0.030480409761434402,584,580
fixed_train,6,9,1,"ac370000, ac370419",2,0.99311561133468906,0.032513363637890036,584,584
fixed_train,6,9,1,"ac370000, ac370419",3,0.99311561133468906,0.038365174892681542,584,580
fixed_train,6,9,1,"ac370000, ac370419",4,0.99311561133468906,0.031503516893310657,584,581
fixed_train,6,9,1,"ac370000, ac370419",5,0.99311561133468906,0.029566567953259737,584,582
fixed_train,6,9,1,"ac370000, ac370419",6,0.99311561133468906,0.034465281323956432,584,583
fixed_train,6,9,1,"ac370000, ac370419",7,0.99311561133468906,0.034413546437933928,584,581
fixed_train,6,9,1,"ac370000, ac370419",8,0.99311561133468906,0.028513841423184694,584,581
fixed_train,6,9,1,"ac370000, ac370419",9,0.99311561133468906,0.03244697809968411,584,583
fixed_train,6,9,2,"ac370000, ac370443",0,0.99311561133468906,0.030495685578248,570,564
fixed_train,6,9,2,"ac370000, ac370443",1,0.99311561133468906,0.035405427421598468,570,567
fixed_train,6,9,2,"ac370000, ac370443",2,0.99311561133468906,0.028528313249639559,570,566
fixed_train,6,9,2,"ac370000, ac370443",3,0.99311561133468906,0.033406197085779632,570,565
fixed_train,6,9,2,"ac370000, ac370443",4,0.99311561133468906,0.028605333026252899,570,569
fixed_train,6,9,2,"ac370000, ac370443",5,0.99311561133468906,0.029489807495808873,570,566
fixed_train,6,9,2,"ac370000, ac370443",6,0.99311561133468906,0.028573588407570072,570,567
fixed_train,6,9,2,"ac370000, ac370443",7,0.99311561133468906,0.034483251253050184,570,568
fixed_train,6,9,2,"ac370000, ac370443",8,0.99311561133468906,0.029550576801672723,570,568
fixed_train,6,9,2,"ac370000, ac370443",9,0.99311561133468906,0.026589153706953139,570,567
fixed_train,6,9,3,"ac370000, ac370419, ac370443",0,0.99311561133468906,0.035371591512662004,568,567
fixed_train,6,9,3,"ac370000, ac370419, ac370443",1,0.99311561133468906,0.038276639009053648,568,568
fixed_train,6,9,3,"ac370000, ac370419, ac370443",2,0.99311561133468906,0.038293564308592543,568,567
fixed_train,6,9,3,"ac370000, ac370419, ac370443",3,0.99311561133468906,0.043233169220191825,568,567
fixed_train,6,9,3,"ac370000, ac370419, ac370443",4,0.99311561133468906,0.031471491041420774,568,568
fixed_train,6,9,3,"ac370000, ac370419, ac370443",5,0.99311561133468906,0.035355223298810801,568,566
fixed_train,6,9,3,"ac370000, ac370419, ac370443",6,0.99311561133468906,0.034397022082386042,568,567
fixed_train,6,9,3,"ac370000, ac370419, ac370443",7,0.99311561133468906,0.036415868257940631,568,568
fixed_train,6,9,3,"ac370000, ac370419, ac370443",8,0.99311561133468906,0.031440802658897149,568,568
fixed_train,6,9,3,"ac370000, ac370419, ac370443",9,0.99311561133468906,0.033422153026740897,568,567
fixed_train,6,9,4,"ac370419, ac370443",0,0.99311561133468906,0.014765739796314792,568,565
fixed_train,6,9,4,"ac370419, ac370443",1,0.99311561133468906,0.019691853644503987,568,567
fixed_train,6,9,4,"ac370419, ac370443",2,0.99311561133468906,0.023642204023242908,568,568
fixed_train,6,9,4,"ac370419, ac370443",3,0.99311561133468906,0.020682057994200753,568,568
fixed_train,6,9,4,"ac370419, ac370443",4,0.99311561133468906,0.020670320285849142,568,566
fixed_train,6,9,4,"ac370419, ac370443",5,0.99311561133468906,0.02262619626381468,568,567
fixed_train,6,9,4,"ac370419, ac370443",6,0.99311561133468906,0.022638513782360481,568,565
fixed_train,6,9,4,"ac370419, ac370443",7,0.99311561133468906,0.020670320285849142,568,568
fixed_train,6,9,4,"ac370419, ac370443",8,0.99311561133468906,0.019680651614910838,568,566
fixed_train,6,9,4,"ac370419, ac370443",9,0.99311561133468906,0.023616213137906628,568,568
fixed_train,6,9,5,"ac370000, ac370442",0,0.99311561133468906,0.03634586755000957,565,562
fixed_train,6,9,5,"ac370000, ac370442",1,0.99311561133468906,0.034380855903858532,565,564
fixed_train,6,9,5,"ac370000, ac370442",2,0.99311561133468906,0.02849967768985795,565,564
fixed_train,6,9,5,"ac370000, ac370442",3,0.99311561133468906,0.030495685578248,565,563
fixed_train,6,9,5,"ac370000, ac370442",4,0.99311561133468906,0.036329305483640217,565,562
fixed_train,6,9,5,"ac370000, ac370442",5,0.99311561133468906,0.02653389622568203,565,561
fixed_train,6,9,5,"ac370000, ac370442",6,0.99311561133468906,0.030465459154034091,565,560
fixed_train,6,9,5,"ac370000, ac370442",7,0.99311561133468906,0.040240161951417219,565,565
fixed_train,6,9,5,"ac370000, ac370442",8,0.99311561133468906,0.034397022082386042,565,563
fixed_train,6,9,5,"ac370000, ac370442",9,0.99311561133468906,0.033345851780963276,565,562
fixed_train,6,9,6,"370407, ac370000, ac370419",0,0.99311561133468906,0.035355223298810801,565,565
fixed_train,6,9,6,"370407, ac370000, ac370419",1,0.99311561133468906,0.040257823133544868,565,565
fixed_train,6,9,6,"370407, ac370000, ac370419",2,0.99311561133468906,0.042240902488462129,565,565
fixed_train,6,9,6,"370407, ac370000, ac370419",3,0.99311561133468906,0.035388325792206743,565,565
fixed_train,6,9,6,"370407, ac370000, ac370419",4,0.99311561133468906,0.046092358993088056,565,564
fixed_train,6,9,6,"370407, ac370000, ac370419",5,0.99311561133468906,0.035293386173279484,565,565
fixed_train,6,9,6,"370407, ac370000, ac370419",6,0.99311561133468906,0.03634586755000957,565,564
fixed_train,6,9,6,"370407, ac370000, ac370419",7,0.99311561133468906,0.040257823133544868,565,564
fixed_train,6,9,6,"370407, ac370000, ac370419",8,0.99311561133468906,0.03731985641342106,565,565
fixed_train,6,9,6,"370407, ac370000, ac370419",9,0.99311561133468906,0.037303108658142348,565,564
fixed_train,6,9,7,"370407, ac370419",0,0.99311561133468906,0.025519776038554709,565,565
fixed_train,6,9,7,"370407, ac370419",1,0.99311561133468906,0.022602333297329857,565,561
fixed_train,6,9,7,"370407, ac370419",2,0.99311561133468906,0.018724150331769662,565,564
fixed_train,6,9,7,"370407, ac370419",3,0.99311561133468906,0.027537554661243191,565,564
fixed_train,6,9,7,"370407, ac370419",4,0.99311561133468906,0.015745090091914937,565,564
fixed_train,6,9,7,"370407, ac370419",5,0.99311561133468906,0.017683041670719768,565,563
fixed_train,6,9,7,"370407, ac370419",6,0.99311561133468906,0.02259078602695308,565,565
fixed_train,6,9,7,"370407, ac370419",7,0.99311561133468906,0.021660464185971673,565,560
fixed_train,6,9,7,"370407, ac370419",8,0.99311561133468906,0.022602333297329857,565,562
fixed_train,6,9,7,"370407, ac370419",9,0.99311561133468906,0.023616213137906628,565,562
fixed_train,6,9,8,"ac370442, ac370443",0,0.99311561133468906,0.019691853644503987,563,560
fixed_train,6,9,8,"ac370442, ac370443",1,0.99311561133468906,0.019669681900887914,563,561
fixed_train,6,9,8,"ac370442, ac370443",2,0.99311561133468906,0.021660464185971673,563,560
fixed_train,6,9,8,"ac370442, ac370443",3,0.99311561133468906,0.019691853644503987,563,561
fixed_train,6,9,8,"ac370442, ac370443",4,0.99311561133468906,0.023616213137906628,563,560
fixed_train,6,9,8,"ac370442, ac370443",5,0.99311561133468906,0.0118174114786328,563,563
fixed_train,6,9,8,"ac370442, ac370443",6,0.99311561133468906,0.019680651614910838,563,560
fixed_train,6,9,8,"ac370442, ac370443",7,0.99311561133468906,0.019658943668479201,563,560
fixed_train,6,9,8,"ac370442, ac370443",8,0.99311561133468906,0.020670320285849142,563,563
fixed_train,6,9,8,"ac370442, ac370443",9,0.99311561133468906,0.01772324310303619,563,562
fixed_train,6,9,9,"ac370000, ac370419, ac370442",0,0.99311561133468906,0.042134303046973964,562,562
fixed_train,6,9,9,"ac370000, ac370419, ac370442",1,0.99311561133468906,0.040222905922655983,562,561
fixed_train,6,9,9,"ac370000, ac370419, ac370442",2,0.99311561133468906,0.042134303046973964,562,562
fixed_train,6,9,9,"ac370000, ac370419, ac370442",3,0.99311561133468906,0.041249122642641689,562,562
fixed_train,6,9,9,"ac370000, ac370419, ac370442",4,0.99311561133468906,0.038260101981490768,562,561
fixed_train,6,9,9,"ac370000, ac370419, ac370442",5,0.99311561133468906,0.03926699742807338,562,562
fixed_train,6,9,9,"ac370000, ac370419, ac370442",6,0.99311561133468906,0.039339363801776051,562,562
fixed_train,6,9,9,"ac370000, ac370419, ac370442",7,0.99311561133468906,0.038346683114433455,562,562
fixed_train,6,9,9,"ac370000, ac370419, ac370442",8,0.99311561133468906,0.040257823133544868,562,562
fixed_train,6,9,9,"ac370000, ac370419, ac370442",9,0.99311561133468906,0.036281850167458662,562,562
