setting,seed,fold,itemset_id,itemset,repeat,baseline,importance,n_traces_with_itemset,n_traces_changed
fixed_test,6,0,apriori|1|01,ac419100,0,0.88710759737651601,0.0080043695025966421,213,180
fixed_test,6,0,apriori|1|01,ac419100,1,0.88710759737651601,0.020892332126465796,213,191
fixed_test,6,0,apriori|1|01,ac419100,2,0.88710759737651601,0.024426031155126759,213,188
fixed_test,6,0,apriori|1|01,ac419100,3,0.88710759737651601,0.018062784419757394,213,187
fixed_test,6,0,apriori|1|01,ac419100,4,0.88710759737651601,0.021999222360484239,213,188
fixed_test,6,0,apriori|1|01,ac419100,5,0.88710759737651601,0.0040136723626217341,213,187
fixed_test,6,0,apriori|1|01,ac419100,6,0.88710759737651601,0.029811314443129122,213,182
fixed_test,6,0,apriori|1|01,ac419100,7,0.88710759737651601,0.011001402686250494,213,187
fixed_test,6,0,apriori|1|01,ac419100,8,0.88710759737651601,0.0061169066513120374,213,184
fixed_test,6,0,apriori|1|01,ac419100,9,0.88710759737651601,0.021999222360484239,213,182
fixed_test,6,0,apriori|1|02,ac370000,0,0.88710759737651601,0.034998334749674065,159,159
fixed_test,6,0,apriori|1|02,ac370000,1,0.88710759737651601,0.029679528770498953,159,158
fixed_test,6,0,apriori|1|02,ac370000,2,0.88710759737651601,0.021806118100423766,159,159
fixed_test,6,0,apriori|1|02,ac370000,3,0.88710759737651601,0.0057333671961411481,159,158
fixed_test,6,0,apriori|1|02,ac370000,4,0.88710759737651601,0.019233766282309439,159,157
fixed_test,6,0,apriori|1|02,ac370000,5,0.88710759737651601,0.020726400307337189,159,159
fixed_test,6,0,apriori|1|02,ac370000,6,0.88710759737651601,0.023214872725844882,159,159
fixed_test,6,0,apriori|1|02,ac370000,7,0.88710759737651601,0.0097961827890383768,159,159
fixed_test,6,0,apriori|1|02,ac370000,8,0.88710759737651601,0.043693613538421272,159,159
fixed_test,6,0,apriori|1|02,ac370000,9,0.88710759737651601,-0.0024917174111975804,159,158
fixed_test,6,0,apriori|1|03,ac379999,0,0.88710759737651601,0.015271468903219398,158,157
fixed_test,6,0,apriori|1|03,ac379999,1,0.88710759737651601,0.0090313922098785859,158,153
fixed_test,6,0,apriori|1|03,ac379999,2,0.88710759737651601,0.0030543674931390319,158,156
fixed_test,6,0,apriori|1|03,ac379999,3,0.88710759737651601,0.0030543674931390319,158,154
fixed_test,6,0,apriori|1|03,ac379999,4,0.88710759737651601,-0.0040379558430605478,158,155
fixed_test,6,0,apriori|1|03,ac379999,5,0.88710759737651601,-0.014783597140187621,158,155
fixed_test,6,0,apriori|1|03,ac379999,6,0.88710759737651601,0.010122938855704477,158,154
fixed_test,6,0,apriori|1|03,ac379999,7,0.88710759737651601,0.011283150526114172,158,155
fixed_test,6,0,apriori|1|03,ac379999,8,0.88710759737651601,-0.010729394895940159,158,156
fixed_test,6,0,apriori|1|03,ac379999,9,0.88710759737651601,-0.017213803695226293,158,155
fixed_test,6,0,apriori|1|04,370407,0,0.88710759737651601,0.0050332480553080261,138,138
fixed_test,6,0,apriori|1|04,370407,1,0.88710759737651601,0.014104451953676711,138,135
fixed_test,6,0,apriori|1|04,370407,2,0.88710759737651601,0.003227011793677792,138,134
fixed_test,6,0,apriori|1|04,370407,3,0.88710759737651601,-0.001974349593615532,138,138
fixed_test,6,0,apriori|1|04,370407,4,0.88710759737651601,0.0090313922098785859,138,136
fixed_test,6,0,apriori|1|04,370407,5,0.88710759737651601,-0.0040379558430605478,138,137
fixed_test,6,0,apriori|1|04,370407,6,0.88710759737651601,-0.0030376556005953237,138,132
fixed_test,6,0,apriori|1|04,370407,7,0.88710759737651601,0.020481339648306562,138,135
fixed_test,6,0,apriori|1|04,370407,8,0.88710759737651601,0.014104451953676711,138,135
fixed_test,6,0,apriori|1|04,370407,9,0.88710759737651601,0.01923518637268129,138,137
fixed_test,6,0,apriori|1|05,ac370419,0,0.88710759737651601,-0.010181195016162436,132,130
fixed_test,6,0,apriori|1|05,ac370419,1,0.88710759737651601,-0.0040379558430605478,132,131
fixed_test,6,0,apriori|1|05,ac370419,2,0.88710759737651601,0.015921824511245131,132,129
fixed_test,6,0,apriori|1|05,ac370419,3,0.88710759737651601,0.02591500241016409,132,130
fixed_test,6,0,apriori|1|05,ac370419,4,0.88710759737651601,-0.022180363639797918,132,132
fixed_test,6,0,apriori|1|05,ac370419,5,0.88710759737651601,0.01923518637268129,132,130
fixed_test,6,0,apriori|1|05,ac370419,6,0.88710759737651601,-0.0049791026363094071,132,127
fixed_test,6,0,apriori|1|05,ac370419,7,0.88710759737651601,-0.0030376556005953237,132,125
fixed_test,6,0,apriori|1|05,ac370419,8,0.88710759737651601,-0.0030376556005953237,132,129
fixed_test,6,0,apriori|1|05,ac370419,9,0.88710759737651601,0.0050332480553080261,132,129
fixed_test,6,0,apriori|1|06,ac410100,0,0.88710759737651601,0.0080043695025966421,130,123
fixed_test,6,0,apriori|1|06,ac410100,1,0.88710759737651601,0.011973349809802469,130,122
fixed_test,6,0,apriori|1|06,ac410100,2,0.88710759737651601,0.0080043695025966421,130,126
fixed_test,6,0,apriori|1|06,ac410100,3,0.88710759737651601,0.02591500241016409,130,123
fixed_test,6,0,apriori|1|06,ac410100,4,0.88710759737651601,-0.0049791026363094071,130,127
fixed_test,6,0,apriori|1|06,ac410100,5,0.88710759737651601,0.023175655852045285,130,123
fixed_test,6,0,apriori|1|06,ac410100,6,0.88710759737651601,0.0090313922098785859,130,124
fixed_test,6,0,apriori|1|06,ac410100,7,0.88710759737651601,-0.0071132277182707204,130,122
fixed_test,6,0,apriori|1|06,ac410100,8,0.88710759737651601,-0.0071132277182707204,130,122
fixed_test,6,0,apriori|1|06,ac410100,9,0.88710759737651601,0.013006447361552875,130,125
fixed_test,6,0,apriori|1|07,ac370443,0,0.88710759737651601,0.0020849614039216702,130,127
fixed_test,6,0,apriori|1|07,ac370443,1,0.88710759737651601,0.028347433889658213,130,128
fixed_test,6,0,apriori|1|07,ac370443,2,0.88710759737651601,-0.012192217852502796,130,125
fixed_test,6,0,apriori|1|07,ac370443,3,0.88710759737651601,0,130,129
fixed_test,6,0,apriori|1|07,ac370443,4,0.88710759737651601,0.011973349809802469,130,125
fixed_test,6,0,apriori|1|07,ac370443,5,0.88710759737651601,0.018062784419757394,130,125
fixed_test,6,0,apriori|1|07,ac370443,6,0.88710759737651601,0.020481339648306562,130,129
fixed_test,6,0,apriori|1|07,ac370443,7,0.88710759737651601,0,130,128
fixed_test,6,0,apriori|1|07,ac370443,8,0.88710759737651601,-0.012192217852502796,130,128
fixed_test,6,0,apriori|1|07,ac370443,9,0.88710759737651601,0.0090313922098785859,130,127
fixed_test,6,0,apriori|1|08,ac370442,0,0.88710759737651601,0.0080043695025966421,128,125
fixed_test,6,0,apriori|1|08,ac370442,1,0.88710759737651601,-0.001974349593615532,128,119
fixed_test,6,0,apriori|1|08,ac370442,2,0.88710759737651601,0.0050332480553080261,128,124
fixed_test,6,0,apriori|1|08,ac370442,3,0.88710759737651601,0.001010691338727554,128,125
fixed_test,6,0,apriori|1|08,ac370442,4,0.88710759737651601,0.011283150526114172,128,124
fixed_test,6,0,apriori|1|08,ac370442,5,0.88710759737651601,0.0061169066513120374,128,124
fixed_test,6,0,apriori|1|08,ac370442,6,0.88710759737651601,0.0040136723626217341,128,128
fixed_test,6,0,apriori|1|08,ac370442,7,0.88710759737651601,-0.0049791026363094071,128,123
fixed_test,6,0,apriori|1|08,ac370442,8,0.88710759737651601,0.014104451953676711,128,126
fixed_test,6,0,apriori|1|08,ac370442,9,0.88710759737651601,-0.01535209451306796,128,126
fixed_test,6,0,apriori|1|09,370712b,0,0.88710759737651601,0.0050332480553080261,129,125
fixed_test,6,0,apriori|1|09,370712b,1,0.88710759737651601,0.0030543674931390319,129,127
fixed_test,6,0,apriori|1|09,370712b,2,0.88710759737651601,-0.0071132277182707204,129,127
fixed_test,6,0,apriori|1|09,370712b,3,0.88710759737651601,-0.0071132277182707204,129,123
fixed_test,6,0,apriori|1|09,370712b,4,0.88710759737651601,0,129,125
fixed_test,6,0,apriori|1|09,370712b,5,0.88710759737651601,-0.016311416840463333,129,126
fixed_test,6,0,apriori|1|09,370712b,6,0.88710759737651601,0.010122938855704477,129,127
fixed_test,6,0,apriori|1|09,370712b,7,0.88710759737651601,0.011973349809802469,129,122
fixed_test,6,0,apriori|1|09,370712b,8,0.88710759737651601,0.010122938855704477,129,127
fixed_test,6,0,apriori|1|09,370712b,9,0.88710759737651601,0.013006447361552875,129,121
fixed_test,6,0,apriori|1|10,ac411100,0,0.88710759737651601,-0.009031392209878919,128,115
fixed_test,6,0,apriori|1|10,ac411100,1,0.88710759737651601,0.001010691338727554,128,118
fixed_test,6,0,apriori|1|10,ac411100,2,0.88710759737651601,-0.0071132277182707204,128,120
fixed_test,6,0,apriori|1|10,ac411100,3,0.88710759737651601,0.016511992578029266,128,115
fixed_test,6,0,apriori|1|10,ac411100,4,0.88710759737651601,-0.0081015561782493695,128,117
fixed_test,6,0,apriori|1|10,ac411100,5,0.88710759737651601,0.0050332480553080261,128,116
fixed_test,6,0,apriori|1|10,ac411100,6,0.88710759737651601,-0.013971877635240659,128,117
fixed_test,6,0,apriori|1|10,ac411100,7,0.88710759737651601,0.001010691338727554,128,118
fixed_test,6,0,apriori|1|10,ac411100,8,0.88710759737651601,0.001010691338727554,128,116
fixed_test,6,0,apriori|1|10,ac411100,9,0.88710759737651601,0.0040136723626217341,128,118
fixed_test,6,0,apriori|2|01,"ac370000, ac379999",0,0.88710759737651601,0.042735155658941482,158,157
fixed_test,6,0,apriori|2|01,"ac370000, ac379999",1,0.88710759737651601,-0.0049452532084991452,158,158
fixed_test,6,0,apriori|2|01,"ac370000, ac379999",2,0.88710759737651601,-0.0090789841975035257,158,157
fixed_test,6,0,apriori|2|01,"ac370000, ac379999",3,0.88710759737651601,0.0020849614039216702,158,158
fixed_test,6,0,apriori|2|01,"ac370000, ac379999",4,0.88710759737651601,-0.0090789841975035257,158,158
fixed_test,6,0,apriori|2|01,"ac370000, ac379999",5,0.88710759737651601,0.024713490367281321,158,158
fixed_test,6,0,apriori|2|01,"ac370000, ac379999",6,0.88710759737651601,-0.0060625413596949729,158,157
fixed_test,6,0,apriori|2|01,"ac370000, ac379999",7,0.88710759737651601,0.013828164081063465,158,158
fixed_test,6,0,apriori|2|01,"ac370000, ac379999",8,0.88710759737651601,0.016511992578029266,158,158
fixed_test,6,0,apriori|2|01,"ac370000, ac379999",9,0.88710759737651601,0.021806118100423766,158,158
fixed_test,6,0,apriori|2|02,"ac370000, ac419100",0,0.88710759737651601,0.001010691338727554,147,145
fixed_test,6,0,apriori|2|02,"ac370000, ac419100",1,0.88710759737651601,0.03099199735941538,147,147
fixed_test,6,0,apriori|2|02,"ac370000, ac419100",2,0.88710759737651601,0.0090313922098785859,147,147
fixed_test,6,0,apriori|2|02,"ac370000, ac419100",3,0.88710759737651601,0.010122938855704477,147,147
fixed_test,6,0,apriori|2|02,"ac370000, ac419100",4,0.88710759737651601,0.015271468903219398,147,147
fixed_test,6,0,apriori|2|02,"ac370000, ac419100",5,0.88710759737651601,-0.001974349593615532,147,147
fixed_test,6,0,apriori|2|02,"ac370000, ac419100",6,0.88710759737651601,0.01923518637268129,147,146
fixed_test,6,0,apriori|2|02,"ac370000, ac419100",7,0.88710759737651601,0.001010691338727554,147,147
fixed_test,6,0,apriori|2|02,"ac370000, ac419100",8,0.88710759737651601,0.0080043695025966421,147,147
fixed_test,6,0,apriori|2|02,"ac370000, ac419100",9,0.88710759737651601,0.014104451953676711,147,147
fixed_test,6,0,apriori|2|03,"ac379999, ac419100",0,0.88710759737651601,0.02591500241016409,146,146
fixed_test,6,0,apriori|2|03,"ac379999, ac419100",1,0.88710759737651601,0.029679528770498953,146,146
fixed_test,6,0,apriori|2|03,"ac379999, ac419100",2,0.88710759737651601,0.010122938855704477,146,146
fixed_test,6,0,apriori|2|03,"ac379999, ac419100",3,0.88710759737651601,0,146,146
fixed_test,6,0,apriori|2|03,"ac379999, ac419100",4,0.88710759737651601,0.02709417662963598,146,145
fixed_test,6,0,apriori|2|03,"ac379999, ac419100",5,0.88710759737651601,0.018062784419757394,146,146
fixed_test,6,0,apriori|2|03,"ac379999, ac419100",6,0.88710759737651601,0.020481339648306562,146,146
fixed_test,6,0,apriori|2|03,"ac379999, ac419100",7,0.88710759737651601,0.0080043695025966421,146,146
fixed_test,6,0,apriori|2|03,"ac379999, ac419100",8,0.88710759737651601,0.016959685956380199,146,145
fixed_test,6,0,apriori|2|03,"ac379999, ac419100",9,0.88710759737651601,-0.0049791026363094071,146,145
fixed_test,6,0,apriori|2|04,"370407, ac370000",0,0.88710759737651601,0.003227011793677792,138,138
fixed_test,6,0,apriori|2|04,"370407, ac370000",1,0.88710759737651601,0,138,138
fixed_test,6,0,apriori|2|04,"370407, ac370000",2,0.88710759737651601,0.028347433889658213,138,137
fixed_test,6,0,apriori|2|04,"370407, ac370000",3,0.88710759737651601,0.010122938855704477,138,137
fixed_test,6,0,apriori|2|04,"370407, ac370000",4,0.88710759737651601,0.020481339648306562,138,137
fixed_test,6,0,apriori|2|04,"370407, ac370000",5,0.88710759737651601,0.016511992578029266,138,138
fixed_test,6,0,apriori|2|04,"370407, ac370000",6,0.88710759737651601,-0.013971877635240659,138,138
fixed_test,6,0,apriori|2|04,"370407, ac370000",7,0.88710759737651601,0.028347433889658213,138,138
fixed_test,6,0,apriori|2|04,"370407, ac370000",8,0.88710759737651601,0.014104451953676711,138,138
fixed_test,6,0,apriori|2|04,"370407, ac370000",9,0.88710759737651601,0.027168335022863532,138,138
fixed_test,6,0,apriori|2|05,"370407, ac379999",0,0.88710759737651601,-0.024641647666441058,138,138
fixed_test,6,0,apriori|2|05,"370407, ac379999",1,0.88710759737651601,-0.013109159741429233,138,137
fixed_test,6,0,apriori|2|05,"370407, ac379999",2,0.88710759737651601,-0.001974349593615532,138,138
fixed_test,6,0,apriori|2|05,"370407, ac379999",3,0.88710759737651601,-0.0018456550935450622,138,138
fixed_test,6,0,apriori|2|05,"370407, ac379999",4,0.88710759737651601,0.019850960208374402,138,137
fixed_test,6,0,apriori|2|05,"370407, ac379999",5,0.88710759737651601,-0.0081015561782493695,138,138
fixed_test,6,0,apriori|2|05,"370407, ac379999",6,0.88710759737651601,-0.009031392209878919,138,138
fixed_test,6,0,apriori|2|05,"370407, ac379999",7,0.88710759737651601,0.0080043695025966421,138,138
fixed_test,6,0,apriori|2|05,"370407, ac379999",8,0.88710759737651601,-0.001974349593615532,138,138
fixed_test,6,0,apriori|2|05,"370407, ac379999",9,0.88710759737651601,-0.012192217852502796,138,138
fixed_test,6,0,apriori|2|06,"ac370000, ac370419",0,0.88710759737651601,0.032246859750413859,132,132
fixed_test,6,0,apriori|2|06,"ac370000, ac370419",1,0.88710759737651601,0.032246859750413859,132,132
fixed_test,6,0,apriori|2|06,"ac370000, ac370419",2,0.88710759737651601,0.0040136723626217341,132,132
fixed_test,6,0,apriori|2|06,"ac370000, ac370419",3,0.88710759737651601,0.034998334749674065,132,132
fixed_test,6,0,apriori|2|06,"ac370000, ac370419",4,0.88710759737651601,-0.00095094695118713712,132,131
fixed_test,6,0,apriori|2|06,"ac370000, ac370419",5,0.88710759737651601,0.041988290015407381,132,132
fixed_test,6,0,apriori|2|06,"ac370000, ac370419",6,0.88710759737651601,0.0084935700033506034,132,131
fixed_test,6,0,apriori|2|06,"ac370000, ac370419",7,0.88710759737651601,0.041318063648782433,132,132
fixed_test,6,0,apriori|2|06,"ac370000, ac370419",8,0.88710759737651601,-0.031251567538166491,132,132
fixed_test,6,0,apriori|2|06,"ac370000, ac370419",9,0.88710759737651601,0.0084935700033506034,132,132
fixed_test,6,0,apriori|2|07,"ac370000, ac370443",0,0.88710759737651601,0.020481339648306562,130,130
fixed_test,6,0,apriori|2|07,"ac370000, ac370443",1,0.88710759737651601,0.048977547357277662,130,130
fixed_test,6,0,apriori|2|07,"ac370000, ac370443",2,0.88710759737651601,0.011283150526114172,130,130
fixed_test,6,0,apriori|2|07,"ac370000, ac370443",3,0.88710759737651601,0.020481339648306562,130,129
fixed_test,6,0,apriori|2|07,"ac370000, ac370443",4,0.88710759737651601,0.046571928923612171,130,130
fixed_test,6,0,apriori|2|07,"ac370000, ac370443",5,0.88710759737651601,0.013006447361552875,130,129
fixed_test,6,0,apriori|2|07,"ac370000, ac370443",6,0.88710759737651601,0.048075907014883845,130,130
fixed_test,6,0,apriori|2|07,"ac370000, ac370443",7,0.88710759737651601,0.003227011793677792,130,130
fixed_test,6,0,apriori|2|07,"ac370000, ac370443",8,0.88710759737651601,0.051889717910848843,130,130
fixed_test,6,0,apriori|2|07,"ac370000, ac370443",9,0.88710759737651601,0.023175655852045285,130,130
fixed_test,6,0,apriori|2|08,"ac370419, ac379999",0,0.88710759737651601,-0.009031392209878919,132,132
fixed_test,6,0,apriori|2|08,"ac370419, ac379999",1,0.88710759737651601,0.0050332480553080261,132,131
fixed_test,6,0,apriori|2|08,"ac370419, ac379999",2,0.88710759737651601,-0.001974349593615532,132,132
fixed_test,6,0,apriori|2|08,"ac370419, ac379999",3,0.88710759737651601,0.0050332480553080261,132,132
fixed_test,6,0,apriori|2|08,"ac370419, ac379999",4,0.88710759737651601,-0.0071132277182707204,132,131
fixed_test,6,0,apriori|2|08,"ac370419, ac379999",5,0.88710759737651601,-0.01121752067943782,132,131
fixed_test,6,0,apriori|2|08,"ac370419, ac379999",6,0.88710759737651601,-0.0081015561782493695,132,132
fixed_test,6,0,apriori|2|08,"ac370419, ac379999",7,0.88710759737651601,-0.0040379558430605478,132,132
fixed_test,6,0,apriori|2|08,"ac370419, ac379999",8,0.88710759737651601,-0.0049791026363094071,132,131
fixed_test,6,0,apriori|2|08,"ac370419, ac379999",9,0.88710759737651601,-0.0030376556005953237,132,132
fixed_test,6,0,apriori|2|09,"ac370000, ac370442",0,0.88710759737651601,0.018062784419757394,128,126
fixed_test,6,0,apriori|2|09,"ac370000, ac370442",1,0.88710759737651601,0.050389267547151118,128,128
fixed_test,6,0,apriori|2|09,"ac370000, ac370442",2,0.88710759737651601,0.023175655852045285,128,127
fixed_test,6,0,apriori|2|09,"ac370000, ac370442",3,0.88710759737651601,0.033580593407034121,128,128
fixed_test,6,0,apriori|2|09,"ac370000, ac370442",4,0.88710759737651601,0.015271468903219398,128,127
fixed_test,6,0,apriori|2|09,"ac370000, ac370442",5,0.88710759737651601,0.016511992578029266,128,128
fixed_test,6,0,apriori|2|09,"ac370000, ac370442",6,0.88710759737651601,0.0090313922098785859,128,127
fixed_test,6,0,apriori|2|09,"ac370000, ac370442",7,0.88710759737651601,0.041988290015407381,128,128
fixed_test,6,0,apriori|2|09,"ac370000, ac370442",8,0.88710759737651601,0.028347433889658213,128,127
fixed_test,6,0,apriori|2|09,"ac370000, ac370442",9,0.88710759737651601,0.048075907014883845,128,128
fixed_test,6,0,apriori|2|10,"ac370419, ac370443",0,0.88710759737651601,0.048977547357277662,128,128
fixed_test,6,0,apriori|2|10,"ac370419, ac370443",1,0.88710759737651601,0.0030543674931390319,128,128
fixed_test,6,0,apriori|2|10,"ac370419, ac370443",2,0.88710759737651601,0.0090313922098785859,128,128
fixed_test,6,0,apriori|2|10,"ac370419, ac370443",3,0.88710759737651601,-0.009031392209878919,128,127
fixed_test,6,0,apriori|2|10,"ac370419, ac370443",4,0.88710759737651601,0.021999222360484239,128,127
fixed_test,6,0,apriori|2|10,"ac370419, ac370443",5,0.88710759737651601,0.038730296759792338,128,128
fixed_test,6,0,apriori|2|10,"ac370419, ac370443",6,0.88710759737651601,0.029811314443129122,128,128
fixed_test,6,0,apriori|2|10,"ac370419, ac370443",7,0.88710759737651601,0.053484676921318752,128,128
fixed_test,6,0,apriori|2|10,"ac370419, ac370443",8,0.88710759737651601,0.0020849614039216702,128,125
fixed_test,6,0,apriori|2|10,"ac370419, ac370443",9,0.88710759737651601,0.041318063648782433,128,128
fixed_test,6,0,apriori|3|01,"ac370000, ac379999, ac419100",0,0.88710759737651601,0.02591500241016409,146,146
fixed_test,6,0,apriori|3|01,"ac370000, ac379999, ac419100",1,0.88710759737651601,0.0020849614039216702,146,146
fixed_test,6,0,apriori|3|01,"ac370000, ac379999, ac419100",2,0.88710759737651601,0.01923518637268129,146,146
fixed_test,6,0,apriori|3|01,"ac370000, ac379999, ac419100",3,0.88710759737651601,0.0090313922098785859,146,146
fixed_test,6,0,apriori|3|01,"ac370000, ac379999, ac419100",4,0.88710759737651601,0.024805564313640116,146,145
fixed_test,6,0,apriori|3|01,"ac370000, ac379999, ac419100",5,0.88710759737651601,0.017830952513106957,146,146
fixed_test,6,0,apriori|3|01,"ac370000, ac379999, ac419100",6,0.88710759737651601,0.015921824511245131,146,146
fixed_test,6,0,apriori|3|01,"ac370000, ac379999, ac419100",7,0.88710759737651601,0.0040136723626217341,146,146
fixed_test,6,0,apriori|3|01,"ac370000, ac379999, ac419100",8,0.88710759737651601,0.033689304116035323,146,146
fixed_test,6,0,apriori|3|01,"ac370000, ac379999, ac419100",9,0.88710759737651601,0.032246859750413859,146,146
fixed_test,6,0,apriori|3|02,"370407, ac370000, ac379999",0,0.88710759737651601,0.0080043695025966421,138,138
fixed_test,6,0,apriori|3|02,"370407, ac370000, ac379999",1,0.88710759737651601,0.016511992578029266,138,138
fixed_test,6,0,apriori|3|02,"370407, ac370000, ac379999",2,0.88710759737651601,0.028347433889658213,138,138
fixed_test,6,0,apriori|3|02,"370407, ac370000, ac379999",3,0.88710759737651601,0.0040136723626217341,138,138
fixed_test,6,0,apriori|3|02,"370407, ac370000, ac379999",4,0.88710759737651601,0.021999222360484239,138,138
fixed_test,6,0,apriori|3|02,"370407, ac370000, ac379999",5,0.88710759737651601,-0.0060625413596949729,138,138
fixed_test,6,0,apriori|3|02,"370407, ac370000, ac379999",6,0.88710759737651601,0.020481339648306562,138,138
fixed_test,6,0,apriori|3|02,"370407, ac370000, ac379999",7,0.88710759737651601,0.001010691338727554,138,138
fixed_test,6,0,apriori|3|02,"370407, ac370000, ac379999",8,0.88710759737651601,0.018062784419757394,138,138
fixed_test,6,0,apriori|3|02,"370407, ac370000, ac379999",9,0.88710759737651601,0.041318063648782433,138,138
fixed_test,6,0,apriori|3|03,"ac370000, ac370419, ac379999",0,0.88710759737651601,0.003227011793677792,132,132
fixed_test,6,0,apriori|3|03,"ac370000, ac370419, ac379999",1,0.88710759737651601,0.0072688214922068672,132,132
fixed_test,6,0,apriori|3|03,"ac370000, ac370419, ac379999",2,0.88710759737651601,-0.016311416840463333,132,132
fixed_test,6,0,apriori|3|03,"ac370000, ac370419, ac379999",3,0.88710759737651601,0.02709417662963598,132,132
fixed_test,6,0,apriori|3|03,"ac370000, ac370419, ac379999",4,0.88710759737651601,0.001010691338727554,132,132
fixed_test,6,0,apriori|3|03,"ac370000, ac370419, ac379999",5,0.88710759737651601,-0.0060625413596949729,132,132
fixed_test,6,0,apriori|3|03,"ac370000, ac370419, ac379999",6,0.88710759737651601,0.041318063648782433,132,132
fixed_test,6,0,apriori|3|03,"ac370000, ac370419, ac379999",7,0.88710759737651601,0.0020849614039216702,132,132
fixed_test,6,0,apriori|3|03,"ac370000, ac370419, ac379999",8,0.88710759737651601,0.038877717892691344,132,132
fixed_test,6,0,apriori|3|03,"ac370000, ac370419, ac379999",9,0.88710759737651601,-0.0071132277182707204,132,132
fixed_test,6,0,apriori|3|04,"ac370000, ac370419, ac370443",0,0.88710759737651601,0.043693613538421272,128,128
fixed_test,6,0,apriori|3|04,"ac370000, ac370419, ac370443",1,0.88710759737651601,0.066875746631390953,128,127
fixed_test,6,0,apriori|3|04,"ac370000, ac370419, ac370443",2,0.88710759737651601,0.012516564947050779,128,128
fixed_test,6,0,apriori|3|04,"ac370000, ac370419, ac370443",3,0.88710759737651601,0.053344008400309839,128,128
fixed_test,6,0,apriori|3|04,"ac370000, ac370419, ac370443",4,0.88710759737651601,0.044241505835496464,128,128
fixed_test,6,0,apriori|3|04,"ac370000, ac370419, ac370443",5,0.88710759737651601,0.055108640090864802,128,128
fixed_test,6,0,apriori|3|04,"ac370000, ac370419, ac370443",6,0.88710759737651601,0.064796423957566018,128,128
fixed_test,6,0,apriori|3|04,"ac370000, ac370419, ac370443",7,0.88710759737651601,0.060340523523220502,128,128
fixed_test,6,0,apriori|3|04,"ac370000, ac370419, ac370443",8,0.88710759737651601,0.062673736709561334,128,128
fixed_test,6,0,apriori|3|04,"ac370000, ac370419, ac370443",9,0.88710759737651601,0.031973143074961241,128,128
fixed_test,6,0,apriori|3|05,"ac370000, ac370442, ac370443",0,0.88710759737651601,0.062673736709561334,127,127
fixed_test,6,0,apriori|3|05,"ac370000, ac370442, ac370443",1,0.88710759737651601,0.061044280162756315,127,127
fixed_test,6,0,apriori|3|05,"ac370000, ac370442, ac370443",2,0.88710759737651601,0.064517865061889501,127,127
fixed_test,6,0,apriori|3|05,"ac370000, ac370442, ac370443",3,0.88710759737651601,0.051889717910848843,127,127
fixed_test,6,0,apriori|3|05,"ac370000, ac370442, ac370443",4,0.88710759737651601,0.036125568839514788,127,127
fixed_test,6,0,apriori|3|05,"ac370000, ac370442, ac370443",5,0.88710759737651601,0.043693613538421272,127,127
fixed_test,6,0,apriori|3|05,"ac370000, ac370442, ac370443",6,0.88710759737651601,0.077543437020661465,127,127
fixed_test,6,0,apriori|3|05,"ac370000, ac370442, ac370443",7,0.88710759737651601,0.051374998660188687,127,127
fixed_test,6,0,apriori|3|05,"ac370000, ac370442, ac370443",8,0.88710759737651601,0.048075907014883845,127,127
fixed_test,6,0,apriori|3|05,"ac370000, ac370442, ac370443",9,0.88710759737651601,0.041988290015407381,127,127
fixed_test,6,0,apriori|3|06,"370407, ac370000, ac370419",0,0.88710759737651601,0.016511992578029266,129,129
fixed_test,6,0,apriori|3|06,"370407, ac370000, ac370419",1,0.88710759737651601,0.04584310004237635,129,129
fixed_test,6,0,apriori|3|06,"370407, ac370000, ac370419",2,0.88710759737651601,0.041630846121524234,129,129
fixed_test,6,0,apriori|3|06,"370407, ac370000, ac370419",3,0.88710759737651601,0.022315440028398137,129,129
fixed_test,6,0,apriori|3|06,"370407, ac370000, ac370419",4,0.88710759737651601,0.049359000935370378,129,129
fixed_test,6,0,apriori|3|06,"370407, ac370000, ac370419",5,0.88710759737651601,0.032601581370626076,129,129
fixed_test,6,0,apriori|3|06,"370407, ac370000, ac370419",6,0.88710759737651601,0.04584310004237635,129,129
fixed_test,6,0,apriori|3|06,"370407, ac370000, ac370419",7,0.88710759737651601,0.039814800726025945,129,129
fixed_test,6,0,apriori|3|06,"370407, ac370000, ac370419",8,0.88710759737651601,0.064708699674541958,129,129
fixed_test,6,0,apriori|3|06,"370407, ac370000, ac370419",9,0.88710759737651601,0.037459681406635359,129,129
fixed_test,6,0,apriori|3|07,"ac370000, ac370419, ac370442",0,0.88710759737651601,0.062673736709561334,125,125
fixed_test,6,0,apriori|3|07,"ac370000, ac370419, ac370442",1,0.88710759737651601,0.047546516762122182,125,125
fixed_test,6,0,apriori|3|07,"ac370000, ac370419, ac370442",2,0.88710759737651601,0.035908520923510823,125,125
fixed_test,6,0,apriori|3|07,"ac370000, ac370419, ac370442",3,0.88710759737651601,0.032601581370626076,125,125
fixed_test,6,0,apriori|3|07,"ac370000, ac370419, ac370442",4,0.88710759737651601,0.013006447361552875,125,125
fixed_test,6,0,apriori|3|07,"ac370000, ac370419, ac370442",5,0.88710759737651601,0.023214872725844882,125,125
fixed_test,6,0,apriori|3|07,"ac370000, ac370419, ac370442",6,0.88710759737651601,0.024426031155126759,125,125
fixed_test,6,0,apriori|3|07,"ac370000, ac370419, ac370442",7,0.88710759737651601,0.013828164081063465,125,125
fixed_test,6,0,apriori|3|07,"ac370000, ac370419, ac370442",8,0.88710759737651601,0.051374998660188687,125,125
fixed_test,6,0,apriori|3|07,"ac370000, ac370419, ac370442",9,0.88710759737651601,0.04584310004237635,125,125
fixed_test,6,0,apriori|3|08,"ac370000, ac370443, ac379999",0,0.88710759737651601,0.032246859750413859,130,130
fixed_test,6,0,apriori|3|08,"ac370000, ac370443, ac379999",1,0.88710759737651601,0.025755163663851555,130,130
fixed_test,6,0,apriori|3|08,"ac370000, ac370443, ac379999",2,0.88710759737651601,0.046571928923612171,130,130
fixed_test,6,0,apriori|3|08,"ac370000, ac370443, ac379999",3,0.88710759737651601,0.0090313922098785859,130,130
fixed_test,6,0,apriori|3|08,"ac370000, ac370443, ac379999",4,0.88710759737651601,0.01923518637268129,130,130
fixed_test,6,0,apriori|3|08,"ac370000, ac370443, ac379999",5,0.88710759737651601,0.013828164081063465,130,130
fixed_test,6,0,apriori|3|08,"ac370000, ac370443, ac379999",6,0.88710759737651601,0.048075907014883845,130,130
fixed_test,6,0,apriori|3|08,"ac370000, ac370443, ac379999",7,0.88710759737651601,0.029811314443129122,130,130
fixed_test,6,0,apriori|3|08,"ac370000, ac370443, ac379999",8,0.88710759737651601,0.012516564947050779,130,130
fixed_test,6,0,apriori|3|08,"ac370000, ac370443, ac379999",9,0.88710759737651601,0.018062784419757394,130,130
fixed_test,6,0,apriori|3|09,"ac370419, ac370442, ac370443",0,0.88710759737651601,0.094066852625846131,125,125
fixed_test,6,0,apriori|3|09,"ac370419, ac370442, ac370443",1,0.88710759737651601,0.058964330713915492,125,125
fixed_test,6,0,apriori|3|09,"ac370419, ac370442, ac370443",2,0.88710759737651601,0.037459681406635359,125,125
fixed_test,6,0,apriori|3|09,"ac370419, ac370442, ac370443",3,0.88710759737651601,0.061044280162756315,125,125
fixed_test,6,0,apriori|3|09,"ac370419, ac370442, ac370443",4,0.88710759737651601,0.033580593407034121,125,125
fixed_test,6,0,apriori|3|09,"ac370419, ac370442, ac370443",5,0.88710759737651601,0.02709417662963598,125,125
fixed_test,6,0,apriori|3|09,"ac370419, ac370442, ac370443",6,0.88710759737651601,0.032601581370626076,125,125
fixed_test,6,0,apriori|3|09,"ac370419, ac370442, ac370443",7,0.88710759737651601,0.070148415949751297,125,125
fixed_test,6,0,apriori|3|09,"ac370419, ac370442, ac370443",8,0.88710759737651601,0.039984772358346521,125,125
fixed_test,6,0,apriori|3|09,"ac370419, ac370442, ac370443",9,0.88710759737651601,0.014104451953676711,125,125
fixed_test,6,0,apriori|3|10,"370407, ac370000, ac370443",0,0.88710759737651601,0.034998334749674065,127,127
fixed_test,6,0,apriori|3|10,"370407, ac370000, ac370443",1,0.88710759737651601,0.04584310004237635,127,127
fixed_test,6,0,apriori|3|10,"370407, ac370000, ac370443",2,0.88710759737651601,0.038877717892691344,127,127
fixed_test,6,0,apriori|3|10,"370407, ac370000, ac370443",3,0.88710759737651601,0.049674777560542394,127,127
fixed_test,6,0,apriori|3|10,"370407, ac370000, ac370443",4,0.88710759737651601,0.046571928923612171,127,127
fixed_test,6,0,apriori|3|10,"370407, ac370000, ac370443",5,0.88710759737651601,0.055684176440589206,127,126
fixed_test,6,0,apriori|3|10,"370407, ac370000, ac370443",6,0.88710759737651601,0.029679528770498953,127,127
fixed_test,6,0,apriori|3|10,"370407, ac370000, ac370443",7,0.88710759737651601,0.055684176440589206,127,127
fixed_test,6,0,apriori|3|10,"370407, ac370000, ac370443",8,0.88710759737651601,0.055108640090864802,127,127
fixed_test,6,0,apriori|3|10,"370407, ac370000, ac370443",9,0.88710759737651601,0.049359000935370378,127,127
fixed_test,6,0,impressed|1|01,376400,0,0.88710759737651601,0.1045182354910027,66,63
fixed_test,6,0,impressed|1|01,376400,1,0.88710759737651601,0.11816151749240722,66,62
fixed_test,6,0,impressed|1|01,376400,2,0.88710759737651601,0.07056150620687851,66,66
fixed_test,6,0,impressed|1|01,376400,3,0.88710759737651601,0.094510984554389998,66,64
fixed_test,6,0,impressed|1|01,376400,4,0.88710759737651601,0.09094527385469664,66,63
fixed_test,6,0,impressed|1|01,376400,5,0.88710759737651601,0.08075339003078752,66,63
fixed_test,6,0,impressed|1|01,376400,6,0.88710759737651601,0.077963054603654602,66,63
fixed_test,6,0,impressed|1|01,376400,7,0.88710759737651601,0.11138410016312328,66,64
fixed_test,6,0,impressed|1|01,376400,8,0.88710759737651601,0.10443418509124791,66,65
fixed_test,6,0,impressed|1|01,376400,9,0.88710759737651601,0.0940852999619749,66,62
fixed_test,6,0,impressed|1|02,378619a,0,0.88710759737651601,0.024713490367281321,87,85
fixed_test,6,0,impressed|1|02,378619a,1,0.88710759737651601,0.016511992578029266,87,84
fixed_test,6,0,impressed|1|02,378619a,2,0.88710759737651601,0.012516564947050779,87,85
fixed_test,6,0,impressed|1|02,378619a,3,0.88710759737651601,0.034998334749674065,87,87
fixed_test,6,0,impressed|1|02,378619a,4,0.88710759737651601,0.041988290015407381,87,86
fixed_test,6,0,impressed|1|02,378619a,5,0.88710759737651601,0.012516564947050779,87,82
fixed_test,6,0,impressed|1|02,378619a,6,0.88710759737651601,0.011283150526114172,87,87
fixed_test,6,0,impressed|1|02,378619a,7,0.88710759737651601,0.021806118100423766,87,86
fixed_test,6,0,impressed|1|02,378619a,8,0.88710759737651601,0.028671349775580279,87,86
fixed_test,6,0,impressed|1|02,378619a,9,0.88710759737651601,0.032601581370626076,87,85
fixed_test,6,0,impressed|1|03,ac370000,0,0.88710759737651601,0.034998334749674065,159,159
fixed_test,6,0,impressed|1|03,ac370000,1,0.88710759737651601,0.029679528770498953,159,158
fixed_test,6,0,impressed|1|03,ac370000,2,0.88710759737651601,0.021806118100423766,159,159
fixed_test,6,0,impressed|1|03,ac370000,3,0.88710759737651601,0.0057333671961411481,159,158
fixed_test,6,0,impressed|1|03,ac370000,4,0.88710759737651601,0.019233766282309439,159,157
fixed_test,6,0,impressed|1|03,ac370000,5,0.88710759737651601,0.020726400307337189,159,159
fixed_test,6,0,impressed|1|03,ac370000,6,0.88710759737651601,0.023214872725844882,159,159
fixed_test,6,0,impressed|1|03,ac370000,7,0.88710759737651601,0.0097961827890383768,159,159
fixed_test,6,0,impressed|1|03,ac370000,8,0.88710759737651601,0.043693613538421272,159,159
fixed_test,6,0,impressed|1|03,ac370000,9,0.88710759737651601,-0.0024917174111975804,159,158
fixed_test,6,0,impressed|1|04,ac419100,0,0.88710759737651601,0.0080043695025966421,213,180
fixed_test,6,0,impressed|1|04,ac419100,1,0.88710759737651601,0.020892332126465796,213,191
fixed_test,6,0,impressed|1|04,ac419100,2,0.88710759737651601,0.024426031155126759,213,188
fixed_test,6,0,impressed|1|04,ac419100,3,0.88710759737651601,0.018062784419757394,213,187
fixed_test,6,0,impressed|1|04,ac419100,4,0.88710759737651601,0.021999222360484239,213,188
fixed_test,6,0,impressed|1|04,ac419100,5,0.88710759737651601,0.0040136723626217341,213,187
fixed_test,6,0,impressed|1|04,ac419100,6,0.88710759737651601,0.029811314443129122,213,182
fixed_test,6,0,impressed|1|04,ac419100,7,0.88710759737651601,0.011001402686250494,213,187
fixed_test,6,0,impressed|1|04,ac419100,8,0.88710759737651601,0.0061169066513120374,213,184
fixed_test,6,0,impressed|1|04,ac419100,9,0.88710759737651601,0.021999222360484239,213,182
fixed_test,6,0,impressed|1|05,ac10307,0,0.88710759737651601,-0.0049791026363094071,32,26
fixed_test,6,0,impressed|1|05,ac10307,1,0.88710759737651601,-0.0049791026363094071,32,30
fixed_test,6,0,impressed|1|05,ac10307,2,0.88710759737651601,-0.0049791026363094071,32,26
fixed_test,6,0,impressed|1|05,ac10307,3,0.88710759737651601,-0.0049791026363094071,32,25
fixed_test,6,0,impressed|1|05,ac10307,4,0.88710759737651601,-0.0049791026363094071,32,28
fixed_test,6,0,impressed|1|05,ac10307,5,0.88710759737651601,-0.0049791026363094071,32,29
fixed_test,6,0,impressed|1|05,ac10307,6,0.88710759737651601,-0.0049791026363094071,32,28
fixed_test,6,0,impressed|1|05,ac10307,7,0.88710759737651601,-0.0049791026363094071,32,32
fixed_test,6,0,impressed|1|05,ac10307,8,0.88710759737651601,0,32,27
fixed_test,6,0,impressed|1|05,ac10307,9,0.88710759737651601,-0.0049791026363094071,32,26
fixed_test,6,0,impressed|1|06,ac415100,0,0.88710759737651601,0,67,65
fixed_test,6,0,impressed|1|06,ac415100,1,0.88710759737651601,-0.00095094695118713712,67,61
fixed_test,6,0,impressed|1|06,ac415100,2,0.88710759737651601,-0.00095094695118713712,67,63
fixed_test,6,0,impressed|1|06,ac415100,3,0.88710759737651601,0.0050332480553080261,67,65
fixed_test,6,0,impressed|1|06,ac415100,4,0.88710759737651601,0.0080043695025966421,67,64
fixed_test,6,0,impressed|1|06,ac415100,5,0.88710759737651601,0,67,61
fixed_test,6,0,impressed|1|06,ac415100,6,0.88710759737651601,0.013006447361552875,67,63
fixed_test,6,0,impressed|1|06,ac415100,7,0.88710759737651601,0.0090313922098785859,67,61
fixed_test,6,0,impressed|1|06,ac415100,8,0.88710759737651601,0.001010691338727554,67,62
fixed_test,6,0,impressed|1|06,ac415100,9,0.88710759737651601,0.0040136723626217341,67,65
fixed_test,6,0,impressed|1|07,ac337441,0,0.88710759737651601,0,1,1
fixed_test,6,0,impressed|1|07,ac337441,1,0.88710759737651601,0,1,1
fixed_test,6,0,impressed|1|07,ac337441,2,0.88710759737651601,0,1,1
fixed_test,6,0,impressed|1|07,ac337441,3,0.88710759737651601,0,1,1
fixed_test,6,0,impressed|1|07,ac337441,4,0.88710759737651601,0,1,1
fixed_test,6,0,impressed|1|07,ac337441,5,0.88710759737651601,0,1,1
fixed_test,6,0,impressed|1|07,ac337441,6,0.88710759737651601,0,1,1
fixed_test,6,0,impressed|1|07,ac337441,7,0.88710759737651601,0,1,1
fixed_test,6,0,impressed|1|07,ac337441,8,0.88710759737651601,0,1,1
fixed_test,6,0,impressed|1|07,ac337441,9,0.88710759737651601,0,1,1
fixed_test,6,0,impressed|1|08,ac379999,0,0.88710759737651601,0.015271468903219398,158,157
fixed_test,6,0,impressed|1|08,ac379999,1,0.88710759737651601,0.0090313922098785859,158,153
fixed_test,6,0,impressed|1|08,ac379999,2,0.88710759737651601,0.0030543674931390319,158,156
fixed_test,6,0,impressed|1|08,ac379999,3,0.88710759737651601,0.0030543674931390319,158,154
fixed_test,6,0,impressed|1|08,ac379999,4,0.88710759737651601,-0.0040379558430605478,158,155
fixed_test,6,0,impressed|1|08,ac379999,5,0.88710759737651601,-0.014783597140187621,158,155
fixed_test,6,0,impressed|1|08,ac379999,6,0.88710759737651601,0.010122938855704477,158,154
fixed_test,6,0,impressed|1|08,ac379999,7,0.88710759737651601,0.011283150526114172,158,155
fixed_test,6,0,impressed|1|08,ac379999,8,0.88710759737651601,-0.010729394895940159,158,156
fixed_test,6,0,impressed|1|08,ac379999,9,0.88710759737651601,-0.017213803695226293,158,155
fixed_test,6,0,impressed|1|09,ac378431,0,0.88710759737651601,0.0040136723626217341,3,3
fixed_test,6,0,impressed|1|09,ac378431,1,0.88710759737651601,0,3,3
fixed_test,6,0,impressed|1|09,ac378431,2,0.88710759737651601,0,3,3
fixed_test,6,0,impressed|1|09,ac378431,3,0.88710759737651601,0,3,3
fixed_test,6,0,impressed|1|09,ac378431,4,0.88710759737651601,0.0040136723626217341,3,3
fixed_test,6,0,impressed|1|09,ac378431,5,0.88710759737651601,0,3,1
fixed_test,6,0,impressed|1|09,ac378431,6,0.88710759737651601,0.0040136723626217341,3,3
fixed_test,6,0,impressed|1|09,ac378431,7,0.88710759737651601,0.0040136723626217341,3,3
fixed_test,6,0,impressed|1|09,ac378431,8,0.88710759737651601,0,3,1
fixed_test,6,0,impressed|1|09,ac378431,9,0.88710759737651601,0,3,3
fixed_test,6,0,impressed|1|10,378490e,0,0.88710759737651601,0,2,2
fixed_test,6,0,impressed|1|10,378490e,1,0.88710759737651601,0,2,1
fixed_test,6,0,impressed|1|10,378490e,2,0.88710759737651601,0,2,1
fixed_test,6,0,impressed|1|10,378490e,3,0.88710759737651601,0,2,2
fixed_test,6,0,impressed|1|10,378490e,4,0.88710759737651601,0,2,1
fixed_test,6,0,impressed|1|10,378490e,5,0.88710759737651601,0,2,2
fixed_test,6,0,impressed|1|10,378490e,6,0.88710759737651601,0,2,2
fixed_test,6,0,impressed|1|10,378490e,7,0.88710759737651601,0,2,2
fixed_test,6,0,impressed|1|10,378490e,8,0.88710759737651601,0,2,1
fixed_test,6,0,impressed|1|10,378490e,9,0.88710759737651601,0,2,2
fixed_test,6,0,impressed|2|01,"376400, 377498a",0,0.88710759737651601,0.090521169671345603,57,57
fixed_test,6,0,impressed|2|01,"376400, 377498a",1,0.88710759737651601,0.11816151749240722,57,57
fixed_test,6,0,impressed|2|01,"376400, 377498a",2,0.88710759737651601,0.097623391259883507,57,57
fixed_test,6,0,impressed|2|01,"376400, 377498a",3,0.88710759737651601,0.09094527385469664,57,57
fixed_test,6,0,impressed|2|01,"376400, 377498a",4,0.88710759737651601,0.095165212513777298,57,57
fixed_test,6,0,impressed|2|01,"376400, 377498a",5,0.88710759737651601,0.074276507756548704,57,56
fixed_test,6,0,impressed|2|01,"376400, 377498a",6,0.88710759737651601,0.09094527385469664,57,57
fixed_test,6,0,impressed|2|01,"376400, 377498a",7,0.88710759737651601,0.094510984554389998,57,57
fixed_test,6,0,impressed|2|01,"376400, 377498a",8,0.88710759737651601,0.084393746155469462,57,57
fixed_test,6,0,impressed|2|01,"376400, 377498a",9,0.88710759737651601,0.08075339003078752,57,57
fixed_test,6,0,impressed|2|02,"376400, 378619a",0,0.88710759737651601,0.15346121847097161,64,64
fixed_test,6,0,impressed|2|02,"376400, 378619a",1,0.88710759737651601,0.13633442643458604,64,64
fixed_test,6,0,impressed|2|02,"376400, 378619a",2,0.88710759737651601,0.10443418509124791,64,64
fixed_test,6,0,impressed|2|02,"376400, 378619a",3,0.88710759737651601,0.11913413413267482,64,64
fixed_test,6,0,impressed|2|02,"376400, 378619a",4,0.88710759737651601,0.077963054603654602,64,63
fixed_test,6,0,impressed|2|02,"376400, 378619a",5,0.88710759737651601,0.12513195534979382,64,64
fixed_test,6,0,impressed|2|02,"376400, 378619a",6,0.88710759737651601,0.097446114835946895,64,63
fixed_test,6,0,impressed|2|02,"376400, 378619a",7,0.88710759737651601,0.11512363247219726,64,64
fixed_test,6,0,impressed|2|02,"376400, 378619a",8,0.88710759737651601,0.11580387968398853,64,64
fixed_test,6,0,impressed|2|02,"376400, 378619a",9,0.88710759737651601,0.11138410016312328,64,64
fixed_test,6,0,impressed|2|03,"370712b, 376400",0,0.88710759737651601,0.09094527385469664,58,58
fixed_test,6,0,impressed|2|03,"370712b, 376400",1,0.88710759737651601,0.071647755918160638,58,58
fixed_test,6,0,impressed|2|03,"370712b, 376400",2,0.88710759737651601,0.061672612213206857,58,58
fixed_test,6,0,impressed|2|03,"370712b, 376400",3,0.88710759737651601,0.10095263491723461,58,57
fixed_test,6,0,impressed|2|03,"370712b, 376400",4,0.88710759737651601,0.08735432814362154,58,58
fixed_test,6,0,impressed|2|03,"370712b, 376400",5,0.88710759737651601,0.08735432814362154,58,58
fixed_test,6,0,impressed|2|03,"370712b, 376400",6,0.88710759737651601,0.11138410016312328,58,58
fixed_test,6,0,impressed|2|03,"370712b, 376400",7,0.88710759737651601,0.10443418509124791,58,58
fixed_test,6,0,impressed|2|03,"370712b, 376400",8,0.88710759737651601,0.091598043328068091,58,58
fixed_test,6,0,impressed|2|03,"370712b, 376400",9,0.88710759737651601,0.11138410016312328,58,58
fixed_test,6,0,impressed|2|04,"370715a, 376400",0,0.88710759737651601,0.10796304070891838,58,58
fixed_test,6,0,impressed|2|04,"370715a, 376400",1,0.88710759737651601,0.09094527385469664,58,58
fixed_test,6,0,impressed|2|04,"370715a, 376400",2,0.88710759737651601,0.06544269606559705,58,58
fixed_test,6,0,impressed|2|04,"370715a, 376400",3,0.88710759737651601,0.10789245437614536,58,58
fixed_test,6,0,impressed|2|04,"370715a, 376400",4,0.88710759737651601,0.069185013399614026,58,58
fixed_test,6,0,impressed|2|04,"370715a, 376400",5,0.88710759737651601,0.0940852999619749,58,58
fixed_test,6,0,impressed|2|04,"370715a, 376400",6,0.88710759737651601,0.10462822295331087,58,58
fixed_test,6,0,impressed|2|04,"370715a, 376400",7,0.88710759737651601,0.12244196467876944,58,58
fixed_test,6,0,impressed|2|04,"370715a, 376400",8,0.88710759737651601,0.09094527385469664,58,58
fixed_test,6,0,impressed|2|04,"370715a, 376400",9,0.88710759737651601,0.09094527385469664,58,58
fixed_test,6,0,impressed|2|05,"378619a, ac379999",0,0.88710759737651601,0.003227011793677792,87,87
fixed_test,6,0,impressed|2|05,"378619a, ac379999",1,0.88710759737651601,-0.0060625413596949729,87,86
fixed_test,6,0,impressed|2|05,"378619a, ac379999",2,0.88710759737651601,0.012516564947050779,87,87
fixed_test,6,0,impressed|2|05,"378619a, ac379999",3,0.88710759737651601,0.020726400307337189,87,87
fixed_test,6,0,impressed|2|05,"378619a, ac379999",4,0.88710759737651601,0.012516564947050779,87,87
fixed_test,6,0,impressed|2|05,"378619a, ac379999",5,0.88710759737651601,0.016511992578029266,87,86
fixed_test,6,0,impressed|2|05,"378619a, ac379999",6,0.88710759737651601,0.019233766282309439,87,87
fixed_test,6,0,impressed|2|05,"378619a, ac379999",7,0.88710759737651601,0.021999222360484239,87,87
fixed_test,6,0,impressed|2|05,"378619a, ac379999",8,0.88710759737651601,0.028671349775580279,87,85
fixed_test,6,0,impressed|2|05,"378619a, ac379999",9,0.88710759737651601,0.0020849614039216702,87,87
fixed_test,6,0,impressed|2|06,"378619a, ac419100",0,0.88710759737651601,0.016511992578029266,80,79
fixed_test,6,0,impressed|2|06,"378619a, ac419100",1,0.88710759737651601,0.024426031155126759,80,80
fixed_test,6,0,impressed|2|06,"378619a, ac419100",2,0.88710759737651601,-0.0049452532084991452,80,80
fixed_test,6,0,impressed|2|06,"378619a, ac419100",3,0.88710759737651601,0.027168335022863532,80,80
fixed_test,6,0,impressed|2|06,"378619a, ac419100",4,0.88710759737651601,0.024713490367281321,80,79
fixed_test,6,0,impressed|2|06,"378619a, ac419100",5,0.88710759737651601,0.012516564947050779,80,80
fixed_test,6,0,impressed|2|06,"378619a, ac419100",6,0.88710759737651601,0.012516564947050779,80,80
fixed_test,6,0,impressed|2|06,"378619a, ac419100",7,0.88710759737651601,-0.00084381250640597205,80,80
fixed_test,6,0,impressed|2|06,"378619a, ac419100",8,0.88710759737651601,0.041630846121524234,80,80
fixed_test,6,0,impressed|2|06,"378619a, ac419100",9,0.88710759737651601,0.039814800726025945,80,80
fixed_test,6,0,impressed|2|07,"370401c, ac370000",0,0.88710759737651601,0.041318063648782433,127,127
fixed_test,6,0,impressed|2|07,"370401c, ac370000",1,0.88710759737651601,0.02709417662963598,127,127
fixed_test,6,0,impressed|2|07,"370401c, ac370000",2,0.88710759737651601,0.039984772358346521,127,127
fixed_test,6,0,impressed|2|07,"370401c, ac370000",3,0.88710759737651601,0.039984772358346521,127,127
fixed_test,6,0,impressed|2|07,"370401c, ac370000",4,0.88710759737651601,0.029811314443129122,127,126
fixed_test,6,0,impressed|2|07,"370401c, ac370000",5,0.88710759737651601,0.015271468903219398,127,126
fixed_test,6,0,impressed|2|07,"370401c, ac370000",6,0.88710759737651601,0.018062784419757394,127,127
fixed_test,6,0,impressed|2|07,"370401c, ac370000",7,0.88710759737651601,0.034870318863947869,127,127
fixed_test,6,0,impressed|2|07,"370401c, ac370000",8,0.88710759737651601,0.045156961049393374,127,126
fixed_test,6,0,impressed|2|07,"370401c, ac370000",9,0.88710759737651601,0.028347433889658213,127,127
fixed_test,6,0,impressed|2|08,"ac370000, ac370403",0,0.88710759737651601,0.01923518637268129,124,123
fixed_test,6,0,impressed|2|08,"ac370000, ac370403",1,0.88710759737651601,0.055249190296870032,124,124
fixed_test,6,0,impressed|2|08,"ac370000, ac370403",2,0.88710759737651601,0.029679528770498953,124,124
fixed_test,6,0,impressed|2|08,"ac370000, ac370403",3,0.88710759737651601,0.028347433889658213,124,123
fixed_test,6,0,impressed|2|08,"ac370000, ac370403",4,0.88710759737651601,0.046571928923612171,124,124
fixed_test,6,0,impressed|2|08,"ac370000, ac370403",5,0.88710759737651601,0.018062784419757394,124,124
fixed_test,6,0,impressed|2|08,"ac370000, ac370403",6,0.88710759737651601,0.011283150526114172,124,123
fixed_test,6,0,impressed|2|08,"ac370000, ac370403",7,0.88710759737651601,0.025755163663851555,124,124
fixed_test,6,0,impressed|2|08,"ac370000, ac370403",8,0.88710759737651601,0.014104451953676711,124,124
fixed_test,6,0,impressed|2|08,"ac370000, ac370403",9,0.88710759737651601,0.013006447361552875,124,124
fixed_test,6,0,impressed|2|09,"376400, ac379999",0,0.88710759737651601,0.0940852999619749,66,65
fixed_test,6,0,impressed|2|09,"376400, ac379999",1,0.88710759737651601,0.088008078668240786,66,66
fixed_test,6,0,impressed|2|09,"376400, ac379999",2,0.88710759737651601,0.0940852999619749,66,66
fixed_test,6,0,impressed|2|09,"376400, ac379999",3,0.88710759737651601,0.047827982409896053,66,66
fixed_test,6,0,impressed|2|09,"376400, ac379999",4,0.88710759737651601,0.039658945936408951,66,66
fixed_test,6,0,impressed|2|09,"376400, ac379999",5,0.88710759737651601,0.049500968424144087,66,66
fixed_test,6,0,impressed|2|09,"376400, ac379999",6,0.88710759737651601,0.069185013399614026,66,66
fixed_test,6,0,impressed|2|09,"376400, ac379999",7,0.88710759737651601,0.10789245437614536,66,66
fixed_test,6,0,impressed|2|09,"376400, ac379999",8,0.88710759737651601,0.067918030539068419,66,65
fixed_test,6,0,impressed|2|09,"376400, ac379999",9,0.88710759737651601,0.057873006474482125,66,66
fixed_test,6,0,impressed|2|10,"ac379999, ac419100",0,0.88710759737651601,0.02591500241016409,146,146
fixed_test,6,0,impressed|2|10,"ac379999, ac419100",1,0.88710759737651601,0.029679528770498953,146,146
fixed_test,6,0,impressed|2|10,"ac379999, ac419100",2,0.88710759737651601,0.010122938855704477,146,146
fixed_test,6,0,impressed|2|10,"ac379999, ac419100",3,0.88710759737651601,0,146,146
fixed_test,6,0,impressed|2|10,"ac379999, ac419100",4,0.88710759737651601,0.02709417662963598,146,145
fixed_test,6,0,impressed|2|10,"ac379999, ac419100",5,0.88710759737651601,0.018062784419757394,146,146
fixed_test,6,0,impressed|2|10,"ac379999, ac419100",6,0.88710759737651601,0.020481339648306562,146,146
fixed_test,6,0,impressed|2|10,"ac379999, ac419100",7,0.88710759737651601,0.0080043695025966421,146,146
fixed_test,6,0,impressed|2|10,"ac379999, ac419100",8,0.88710759737651601,0.016959685956380199,146,145
fixed_test,6,0,impressed|2|10,"ac379999, ac419100",9,0.88710759737651601,-0.0049791026363094071,146,145
fixed_test,6,0,impressed|3|01,"376400, 377498a, 378619a",0,0.88710759737651601,0.11847996658188997,55,55
fixed_test,6,0,impressed|3|01,"376400, 377498a, 378619a",1,0.88710759737651601,0.0940852999619749,55,55
fixed_test,6,0,impressed|3|01,"376400, 377498a, 378619a",2,0.88710759737651601,0.10095263491723461,55,55
fixed_test,6,0,impressed|3|01,"376400, 377498a, 378619a",3,0.88710759737651601,0.12244196467876944,55,55
fixed_test,6,0,impressed|3|01,"376400, 377498a, 378619a",4,0.88710759737651601,0.11132904150251466,55,55
fixed_test,6,0,impressed|3|01,"376400, 377498a, 378619a",5,0.88710759737651601,0.1045182354910027,55,55
fixed_test,6,0,impressed|3|01,"376400, 377498a, 378619a",6,0.88710759737651601,0.10095263491723461,55,55
fixed_test,6,0,impressed|3|01,"376400, 377498a, 378619a",7,0.88710759737651601,0.11512363247219726,55,55
fixed_test,6,0,impressed|3|01,"376400, 377498a, 378619a",8,0.88710759737651601,0.08735432814362154,55,55
fixed_test,6,0,impressed|3|01,"376400, 377498a, 378619a",9,0.88710759737651601,0.090521169671345603,55,55
fixed_test,6,0,impressed|3|02,"376400, 377498a, ac372417",0,0.88710759737651601,0.084393746155469462,57,57
fixed_test,6,0,impressed|3|02,"376400, 377498a, ac372417",1,0.88710759737651601,0.10443418509124791,57,57
fixed_test,6,0,impressed|3|02,"376400, 377498a, ac372417",2,0.88710759737651601,0.10462822295331087,57,57
fixed_test,6,0,impressed|3|02,"376400, 377498a, ac372417",3,0.88710759737651601,0.097446114835946895,57,57
fixed_test,6,0,impressed|3|02,"376400, 377498a, ac372417",4,0.88710759737651601,0.10113715767860554,57,57
fixed_test,6,0,impressed|3|02,"376400, 377498a, ac372417",5,0.88710759737651601,0.097623391259883507,57,57
fixed_test,6,0,impressed|3|02,"376400, 377498a, ac372417",6,0.88710759737651601,0.10462822295331087,57,57
fixed_test,6,0,impressed|3|02,"376400, 377498a, ac372417",7,0.88710759737651601,0.12669417884148737,57,57
fixed_test,6,0,impressed|3|02,"376400, 377498a, ac372417",8,0.88710759737651601,0.10443418509124791,57,57
fixed_test,6,0,impressed|3|02,"376400, 377498a, ac372417",9,0.88710759737651601,0.12992606607482182,57,57
fixed_test,6,0,impressed|3|03,"376400, 377498a, ac379999",0,0.88710759737651601,0.071647755918160638,57,57
fixed_test,6,0,impressed|3|03,"376400, 377498a, ac379999",1,0.88710759737651601,0.12513195534979382,57,57
fixed_test,6,0,impressed|3|03,"376400, 377498a, ac379999",2,0.88710759737651601,0.1022370704661314,57,57
fixed_test,6,0,impressed|3|03,"376400, 377498a, ac379999",3,0.88710759737651601,0.10113715767860554,57,57
fixed_test,6,0,impressed|3|03,"376400, 377498a, ac379999",4,0.88710759737651601,0.064159269357628057,57,57
fixed_test,6,0,impressed|3|03,"376400, 377498a, ac379999",5,0.88710759737651601,0.07056150620687851,57,57
fixed_test,6,0,impressed|3|03,"376400, 377498a, ac379999",6,0.88710759737651601,0.08162289962311442,57,57
fixed_test,6,0,impressed|3|03,"376400, 377498a, ac379999",7,0.88710759737651601,0.06681620191109805,57,57
fixed_test,6,0,impressed|3|03,"376400, 377498a, ac379999",8,0.88710759737651601,0.07056150620687851,57,57
fixed_test,6,0,impressed|3|03,"376400, 377498a, ac379999",9,0.88710759737651601,0.071647755918160638,57,57
fixed_test,6,0,impressed|3|04,"376400, 378619a, ac379999",0,0.88710759737651601,0.12244196467876944,64,64
fixed_test,6,0,impressed|3|04,"376400, 378619a, ac379999",1,0.88710759737651601,0.11847996658188997,64,64
fixed_test,6,0,impressed|3|04,"376400, 378619a, ac379999",2,0.88710759737651601,0.11847996658188997,64,64
fixed_test,6,0,impressed|3|04,"376400, 378619a, ac379999",3,0.88710759737651601,0.097623391259883507,64,64
fixed_test,6,0,impressed|3|04,"376400, 378619a, ac379999",4,0.88710759737651601,0.057873006474482125,64,64
fixed_test,6,0,impressed|3|04,"376400, 378619a, ac379999",5,0.88710759737651601,0.12992606607482182,64,64
fixed_test,6,0,impressed|3|04,"376400, 378619a, ac379999",6,0.88710759737651601,0.11174494798321233,64,64
fixed_test,6,0,impressed|3|04,"376400, 378619a, ac379999",7,0.88710759737651601,0.11174494798321233,64,64
fixed_test,6,0,impressed|3|04,"376400, 378619a, ac379999",8,0.88710759737651601,0.12244196467876944,64,64
fixed_test,6,0,impressed|3|04,"376400, 378619a, ac379999",9,0.88710759737651601,0.097446114835946895,64,64
fixed_test,6,0,impressed|3|05,"376400, 377498a, ac370606",0,0.88710759737651601,0.10789245437614536,49,49
fixed_test,6,0,impressed|3|05,"376400, 377498a, ac370606",1,0.88710759737651601,0.10113715767860554,49,49
fixed_test,6,0,impressed|3|05,"376400, 377498a, ac370606",2,0.88710759737651601,0.09094527385469664,49,49
fixed_test,6,0,impressed|3|05,"376400, 377498a, ac370606",3,0.88710759737651601,0.11816151749240722,49,49
fixed_test,6,0,impressed|3|05,"376400, 377498a, ac370606",4,0.88710759737651601,0.097623391259883507,49,49
fixed_test,6,0,impressed|3|05,"376400, 377498a, ac370606",5,0.88710759737651601,0.08075339003078752,49,49
fixed_test,6,0,impressed|3|05,"376400, 377498a, ac370606",6,0.88710759737651601,0.08075339003078752,49,49
fixed_test,6,0,impressed|3|05,"376400, 377498a, ac370606",7,0.88710759737651601,0.08075339003078752,49,49
fixed_test,6,0,impressed|3|05,"376400, 377498a, ac370606",8,0.88710759737651601,0.0940852999619749,49,49
fixed_test,6,0,impressed|3|05,"376400, 377498a, ac370606",9,0.88710759737651601,0.077963054603654602,49,49
fixed_test,6,0,impressed|3|06,"378619a, ac379999, ac419100",0,0.88710759737651601,0.015271468903219398,80,79
fixed_test,6,0,impressed|3|06,"378619a, ac379999, ac419100",1,0.88710759737651601,0.032601581370626076,80,79
fixed_test,6,0,impressed|3|06,"378619a, ac379999, ac419100",2,0.88710759737651601,0.0084935700033506034,80,80
fixed_test,6,0,impressed|3|06,"378619a, ac379999, ac419100",3,0.88710759737651601,0.024426031155126759,80,80
fixed_test,6,0,impressed|3|06,"378619a, ac379999, ac419100",4,0.88710759737651601,0.04584310004237635,80,80
fixed_test,6,0,impressed|3|06,"378619a, ac379999, ac419100",5,0.88710759737651601,-0.00084381250640597205,80,80
fixed_test,6,0,impressed|3|06,"378619a, ac379999, ac419100",6,0.88710759737651601,0.027168335022863532,80,80
fixed_test,6,0,impressed|3|06,"378619a, ac379999, ac419100",7,0.88710759737651601,0.015271468903219398,80,80
fixed_test,6,0,impressed|3|06,"378619a, ac379999, ac419100",8,0.88710759737651601,0.0044414554362823822,80,80
fixed_test,6,0,impressed|3|06,"378619a, ac379999, ac419100",9,0.88710759737651601,0.024426031155126759,80,80
fixed_test,6,0,impressed|3|07,"378619a, 387042a, ac379999",0,0.88710759737651601,0.015271468903219398,35,35
fixed_test,6,0,impressed|3|07,"378619a, 387042a, ac379999",1,0.88710759737651601,0.023175655852045285,35,35
fixed_test,6,0,impressed|3|07,"378619a, 387042a, ac379999",2,0.88710759737651601,0.0061169066513120374,35,35
fixed_test,6,0,impressed|3|07,"378619a, 387042a, ac379999",3,0.88710759737651601,0.027168335022863532,35,35
fixed_test,6,0,impressed|3|07,"378619a, 387042a, ac379999",4,0.88710759737651601,0.028347433889658213,35,35
fixed_test,6,0,impressed|3|07,"378619a, 387042a, ac379999",5,0.88710759737651601,0.014104451953676711,35,35
fixed_test,6,0,impressed|3|07,"378619a, 387042a, ac379999",6,0.88710759737651601,0.010122938855704477,35,35
fixed_test,6,0,impressed|3|07,"378619a, 387042a, ac379999",7,0.88710759737651601,0.013006447361552875,35,35
fixed_test,6,0,impressed|3|07,"378619a, 387042a, ac379999",8,0.88710759737651601,-0.0081015561782493695,35,35
fixed_test,6,0,impressed|3|07,"378619a, 387042a, ac379999",9,0.88710759737651601,0.02709417662963598,35,35
fixed_test,6,0,impressed|3|08,"376400, 378619a, ac411100",0,0.88710759737651601,0.0061169066513120374,19,19
fixed_test,6,0,impressed|3|08,"376400, 378619a, ac411100",1,0.88710759737651601,0.0072688214922068672,19,19
fixed_test,6,0,impressed|3|08,"376400, 378619a, ac411100",2,0.88710759737651601,0.0072688214922068672,19,19
fixed_test,6,0,impressed|3|08,"376400, 378619a, ac411100",3,0.88710759737651601,0.016511992578029266,19,19
fixed_test,6,0,impressed|3|08,"376400, 378619a, ac411100",4,0.88710759737651601,0.011283150526114172,19,19
fixed_test,6,0,impressed|3|08,"376400, 378619a, ac411100",5,0.88710759737651601,0.016511992578029266,19,19
fixed_test,6,0,impressed|3|08,"376400, 378619a, ac411100",6,0.88710759737651601,-0.0030376556005953237,19,19
fixed_test,6,0,impressed|3|08,"376400, 378619a, ac411100",7,0.88710759737651601,-0.0040379558430605478,19,19
fixed_test,6,0,impressed|3|08,"376400, 378619a, ac411100",8,0.88710759737651601,0.011283150526114172,19,19
fixed_test,6,0,impressed|3|08,"376400, 378619a, ac411100",9,0.88710759737651601,0.021806118100423766,19,19
fixed_test,6,0,impressed|3|09,"387042a, ac410100, ac419100",0,0.88710759737651601,-0.0099062634049708054,33,33
fixed_test,6,0,impressed|3|09,"387042a, ac410100, ac419100",1,0.88710759737651601,0.011973349809802469,33,33
fixed_test,6,0,impressed|3|09,"387042a, ac410100, ac419100",2,0.88710759737651601,-0.013971877635240659,33,32
fixed_test,6,0,impressed|3|09,"387042a, ac410100, ac419100",3,0.88710759737651601,0,33,33
fixed_test,6,0,impressed|3|09,"387042a, ac410100, ac419100",4,0.88710759737651601,-0.0058646148235241835,33,32
fixed_test,6,0,impressed|3|09,"387042a, ac410100, ac419100",5,0.88710759737651601,0.0040136723626217341,33,32
fixed_test,6,0,impressed|3|09,"387042a, ac410100, ac419100",6,0.88710759737651601,-0.009031392209878919,33,32
fixed_test,6,0,impressed|3|09,"387042a, ac410100, ac419100",7,0.88710759737651601,0.0030543674931390319,33,33
fixed_test,6,0,impressed|3|09,"387042a, ac410100, ac419100",8,0.88710759737651601,-0.0049791026363094071,33,33
fixed_test,6,0,impressed|3|09,"387042a, ac410100, ac419100",9,0.88710759737651601,-0.018062784419757505,33,32
fixed_test,6,0,impressed|3|10,"378619a, ac370000, ac379999",0,0.88710759737651601,0.017830952513106957,87,87
fixed_test,6,0,impressed|3|10,"378619a, ac370000, ac379999",1,0.88710759737651601,0.015223428781711346,87,86
fixed_test,6,0,impressed|3|10,"378619a, ac370000, ac379999",2,0.88710759737651601,0.029679528770498953,87,87
fixed_test,6,0,impressed|3|10,"378619a, ac370000, ac379999",3,0.88710759737651601,0.016708401756156621,87,87
fixed_test,6,0,impressed|3|10,"378619a, ac370000, ac379999",4,0.88710759737651601,0.021806118100423766,87,87
fixed_test,6,0,impressed|3|10,"378619a, ac370000, ac379999",5,0.88710759737651601,-0.0060625413596949729,87,87
fixed_test,6,0,impressed|3|10,"378619a, ac370000, ac379999",6,0.88710759737651601,0.024713490367281321,87,87
fixed_test,6,0,impressed|3|10,"378619a, ac370000, ac379999",7,0.88710759737651601,0.021806118100423766,87,87
fixed_test,6,0,impressed|3|10,"378619a, ac370000, ac379999",8,0.88710759737651601,0.022315440028398137,87,87
fixed_test,6,0,impressed|3|10,"378619a, ac370000, ac379999",9,0.88710759737651601,0.00035859929576753657,87,87
fixed_train,6,0,apriori|1|01,ac419100,0,0.99332525011448647,0.052573941664646462,846,744
fixed_train,6,0,apriori|1|01,ac419100,1,0.99332525011448647,0.050567831156446807,846,746
fixed_train,6,0,apriori|1|01,ac419100,2,0.99332525011448647,0.044498332570090171,846,738
fixed_train,6,0,apriori|1|01,ac419100,3,0.99332525011448647,0.060201865904483509,846,730
fixed_train,6,0,apriori|1|01,ac419100,4,0.99332525011448647,0.050567831156446807,846,742
fixed_train,6,0,apriori|1|01,ac419100,5,0.99332525011448647,0.059960985566851921,846,732
fixed_train,6,0,apriori|1|01,ac419100,6,0.99332525011448647,0.055057445355816359,846,746
fixed_train,6,0,apriori|1|01,ac419100,7,0.99332525011448647,0.05269238872019022,846,744
fixed_train,6,0,apriori|1|01,ac419100,8,0.99332525011448647,0.052457271114096149,846,745
fixed_train,6,0,apriori|1|01,ac419100,9,0.99332525011448647,0.047888230775266383,846,736
fixed_train,6,0,apriori|1|02,ac370000,0,0.99332525011448647,0.11512943078219628,634,629
fixed_train,6,0,apriori|1|02,ac370000,1,0.99332525011448647,0.10050556207812367,634,630
fixed_train,6,0,apriori|1|02,ac370000,2,0.99332525011448647,0.1037039504766547,634,631
fixed_train,6,0,apriori|1|02,ac370000,3,0.99332525011448647,0.10810226651290522,634,630
fixed_train,6,0,apriori|1|02,ac370000,4,0.99332525011448647,0.11450986949579323,634,633
fixed_train,6,0,apriori|1|02,ac370000,5,0.99332525011448647,0.12589611202099449,634,633
fixed_train,6,0,apriori|1|02,ac370000,6,0.99332525011448647,0.13316711574204132,634,631
fixed_train,6,0,apriori|1|02,ac370000,7,0.99332525011448647,0.11676371344780889,634,632
fixed_train,6,0,apriori|1|02,ac370000,8,0.99332525011448647,0.11450986949579323,634,631
fixed_train,6,0,apriori|1|02,ac370000,9,0.99332525011448647,0.11271401941476022,634,634
fixed_train,6,0,apriori|1|03,ac379999,0,0.99332525011448647,0.05743354449041671,622,614
fixed_train,6,0,apriori|1|03,ac379999,1,0.99332525011448647,0.055504217541895495,622,615
fixed_train,6,0,apriori|1|03,ac379999,2,0.99332525011448647,0.064942085017986706,622,615
fixed_train,6,0,apriori|1|03,ac379999,3,0.99332525011448647,0.068374274389621625,622,609
fixed_train,6,0,apriori|1|03,ac379999,4,0.99332525011448647,0.071500901188889965,622,611
fixed_train,6,0,apriori|1|03,ac379999,5,0.99332525011448647,0.070158835126604813,622,610
fixed_train,6,0,apriori|1|03,ac379999,6,0.99332525011448647,0.060332951035403815,622,609
fixed_train,6,0,apriori|1|03,ac379999,7,0.99332525011448647,0.070614543770968874,622,611
fixed_train,6,0,apriori|1|03,ac379999,8,0.99332525011448647,0.06807705024606836,622,612
fixed_train,6,0,apriori|1|03,ac379999,9,0.99332525011448647,0.066281480854239905,622,609
fixed_train,6,0,apriori|1|04,370407,0,0.99332525011448647,0.033529870667036832,542,532
fixed_train,6,0,apriori|1|04,370407,1,0.99332525011448647,0.033297443460678089,542,537
fixed_train,6,0,apriori|1|04,370407,2,0.99332525011448647,0.035933313961488356,542,532
fixed_train,6,0,apriori|1|04,370407,3,0.99332525011448647,0.038085771929174173,542,528
fixed_train,6,0,apriori|1|04,370407,4,0.99332525011448647,0.032529964288064428,542,531
fixed_train,6,0,apriori|1|04,370407,5,0.99332525011448647,0.032374697944417385,542,533
fixed_train,6,0,apriori|1|04,370407,6,0.99332525011448647,0.034854181458653821,542,534
fixed_train,6,0,apriori|1|04,370407,7,0.99332525011448647,0.032150431036780169,542,530
fixed_train,6,0,apriori|1|04,370407,8,0.99332525011448647,0.037997050728431403,542,529
fixed_train,6,0,apriori|1|04,370407,9,0.99332525011448647,0.032374697944417385,542,524
fixed_train,6,0,apriori|1|05,ac370419,0,0.99332525011448647,0.049618835318877008,530,515
fixed_train,6,0,apriori|1|05,ac370419,1,0.99332525011448647,0.038454362155604827,530,513
fixed_train,6,0,apriori|1|05,ac370419,2,0.99332525011448647,0.046186475301656871,530,515
fixed_train,6,0,apriori|1|05,ac370419,3,0.99332525011448647,0.041394943258955874,530,520
fixed_train,6,0,apriori|1|05,ac370419,4,0.99332525011448647,0.035847745838439748,530,523
fixed_train,6,0,apriori|1|05,ac370419,5,0.99332525011448647,0.036288799038870945,530,518
fixed_train,6,0,apriori|1|05,ac370419,6,0.99332525011448647,0.034606094963270606,530,516
fixed_train,6,0,apriori|1|05,ac370419,7,0.99332525011448647,0.029278878559297339,530,519
fixed_train,6,0,apriori|1|05,ac370419,8,0.99332525011448647,0.034939406112897364,530,522
fixed_train,6,0,apriori|1|05,ac370419,9,0.99332525011448647,0.039250772432106396,530,510
fixed_train,6,0,apriori|1|06,ac410100,0,0.99332525011448647,0.037738798276921393,528,512
fixed_train,6,0,apriori|1|06,ac410100,1,0.99332525011448647,0.041820936756027938,528,504
fixed_train,6,0,apriori|1|06,ac410100,2,0.99332525011448647,0.049165000881917553,528,499
fixed_train,6,0,apriori|1|06,ac410100,3,0.99332525011448647,0.042273415941585624,528,504
fixed_train,6,0,apriori|1|06,ac410100,4,0.99332525011448647,0.043531683038683378,528,503
fixed_train,6,0,apriori|1|06,ac410100,5,0.99332525011448647,0.052342351645534024,528,503
fixed_train,6,0,apriori|1|06,ac410100,6,0.99332525011448647,0.044597322220150892,528,503
fixed_train,6,0,apriori|1|06,ac410100,7,0.99332525011448647,0.040138881167484319,528,499
fixed_train,6,0,apriori|1|06,ac410100,8,0.99332525011448647,0.045661170340132173,528,500
fixed_train,6,0,apriori|1|06,ac410100,9,0.99332525011448647,0.042088293138422883,528,506
fixed_train,6,0,apriori|1|07,ac370443,0,0.99332525011448647,0.032224057455785937,522,509
fixed_train,6,0,apriori|1|07,ac370443,1,0.99332525011448647,0.030215944853265286,522,512
fixed_train,6,0,apriori|1|07,ac370443,2,0.99332525011448647,0.029062690605642372,522,513
fixed_train,6,0,apriori|1|07,ac370443,3,0.99332525011448647,0.041300286019830157,522,508
fixed_train,6,0,apriori|1|07,ac370443,4,0.99332525011448647,0.031296280636339602,522,508
fixed_train,6,0,apriori|1|07,ac370443,5,0.99332525011448647,0.028923916170558783,522,506
fixed_train,6,0,apriori|1|07,ac370443,6,0.99332525011448647,0.027844686859061385,522,512
fixed_train,6,0,apriori|1|07,ac370443,7,0.99332525011448647,0.028923916170558783,522,515
fixed_train,6,0,apriori|1|07,ac370443,8,0.99332525011448647,0.022033654655775448,522,512
fixed_train,6,0,apriori|1|07,ac370443,9,0.99332525011448647,0.036752928599597001,522,508
fixed_train,6,0,apriori|1|08,ac370442,0,0.99332525011448647,0.033529870667036832,520,506
fixed_train,6,0,apriori|1|08,ac370442,1,0.99332525011448647,0.031221999062151395,520,504
fixed_train,6,0,apriori|1|08,ac370442,2,0.99332525011448647,0.033690784285330344,520,510
fixed_train,6,0,apriori|1|08,ac370442,3,0.99332525011448647,0.026698999542054014,520,499
fixed_train,6,0,apriori|1|08,ac370442,4,0.99332525011448647,0.027101401237120792,520,507
fixed_train,6,0,apriori|1|08,ac370442,5,0.99332525011448647,0.028992778535818275,520,511
fixed_train,6,0,apriori|1|08,ac370442,6,0.99332525011448647,0.035763460697734062,520,507
fixed_train,6,0,apriori|1|08,ac370442,7,0.99332525011448647,0.033941450951492924,520,500
fixed_train,6,0,apriori|1|08,ac370442,8,0.99332525011448647,0.02574434549098914,520,494
fixed_train,6,0,apriori|1|08,ac370442,9,0.99332525011448647,0.034687544215541655,520,512
fixed_train,6,0,apriori|1|09,370712b,0,0.99332525011448647,0.032529964288064428,494,479
fixed_train,6,0,apriori|1|09,370712b,1,0.99332525011448647,0.033609719747705435,494,481
fixed_train,6,0,apriori|1|09,370712b,2,0.99332525011448647,0.039068889000977158,494,484
fixed_train,6,0,apriori|1|09,370712b,3,0.99332525011448647,0.030143300925564054,494,478
fixed_train,6,0,apriori|1|09,370712b,4,0.99332525011448647,0.034687544215541655,494,483
fixed_train,6,0,apriori|1|09,370712b,5,0.99332525011448647,0.034525868164463125,494,483
fixed_train,6,0,apriori|1|09,370712b,6,0.99332525011448647,0.028856088644434563,494,476
fixed_train,6,0,apriori|1|09,370712b,7,0.99332525011448647,0.029205724933014432,494,483
fixed_train,6,0,apriori|1|09,370712b,8,0.99332525011448647,0.032529964288064428,494,479
fixed_train,6,0,apriori|1|09,370712b,9,0.99332525011448647,0.035847745838439748,494,478
fixed_train,6,0,apriori|1|10,ac411100,0,0.99332525011448647,0.023692336924137525,490,441
fixed_train,6,0,apriori|1|10,ac411100,1,0.99332525011448647,0.02465761538476785,490,444
fixed_train,6,0,apriori|1|10,ac411100,2,0.99332525011448647,0.026963195256856309,490,455
fixed_train,6,0,apriori|1|10,ac411100,3,0.99332525011448647,0.024720665580698298,490,445
fixed_train,6,0,apriori|1|10,ac411100,4,0.99332525011448647,0.023755473472586552,490,452
fixed_train,6,0,apriori|1|10,ac411100,5,0.99332525011448647,0.026078408218191518,490,454
fixed_train,6,0,apriori|1|10,ac411100,6,0.99332525011448647,0.021442923086385735,490,451
fixed_train,6,0,apriori|1|10,ac411100,7,0.99332525011448647,0.022597914420769527,490,449
fixed_train,6,0,apriori|1|10,ac411100,8,0.99332525011448647,0.020290471448094816,490,442
fixed_train,6,0,apriori|1|10,ac411100,9,0.99332525011448647,0.022478135904540397,490,441
fixed_train,6,0,apriori|2|01,"ac370000, ac379999",0,0.99332525011448647,0.096544357047583906,622,620
fixed_train,6,0,apriori|2|01,"ac370000, ac379999",1,0.99332525011448647,0.1030662823998888,622,621
fixed_train,6,0,apriori|2|01,"ac370000, ac379999",2,0.99332525011448647,0.092795733380446555,622,620
fixed_train,6,0,apriori|2|01,"ac370000, ac379999",3,0.99332525011448647,0.095746668570518612,622,622
fixed_train,6,0,apriori|2|01,"ac370000, ac379999",4,0.99332525011448647,0.10281051502357819,622,622
fixed_train,6,0,apriori|2|01,"ac370000, ac379999",5,0.99332525011448647,0.093921196376105187,622,622
fixed_train,6,0,apriori|2|01,"ac370000, ac379999",6,0.99332525011448647,0.098979220828523728,622,620
fixed_train,6,0,apriori|2|01,"ac370000, ac379999",7,0.99332525011448647,0.081650294274975499,622,622
fixed_train,6,0,apriori|2|01,"ac370000, ac379999",8,0.99332525011448647,0.10763882541178049,622,622
fixed_train,6,0,apriori|2|01,"ac370000, ac379999",9,0.99332525011448647,0.091520423655412242,622,622
fixed_train,6,0,apriori|2|02,"ac370000, ac419100",0,0.99332525011448647,0.10180016681894766,584,583
fixed_train,6,0,apriori|2|02,"ac370000, ac419100",1,0.99332525011448647,0.085607035979438528,584,583
fixed_train,6,0,apriori|2|02,"ac370000, ac419100",2,0.99332525011448647,0.082288652291687359,584,583
fixed_train,6,0,apriori|2|02,"ac370000, ac419100",3,0.99332525011448647,0.067214632283660092,584,584
fixed_train,6,0,apriori|2|02,"ac370000, ac419100",4,0.99332525011448647,0.080290531976048296,584,581
fixed_train,6,0,apriori|2|02,"ac370000, ac419100",5,0.99332525011448647,0.076127390841037257,584,583
fixed_train,6,0,apriori|2|02,"ac370000, ac419100",6,0.99332525011448647,0.088925338218943661,584,583
fixed_train,6,0,apriori|2|02,"ac370000, ac419100",7,0.99332525011448647,0.07071032183682191,584,584
fixed_train,6,0,apriori|2|02,"ac370000, ac419100",8,0.99332525011448647,0.07093002751692834,584,582
fixed_train,6,0,apriori|2|02,"ac370000, ac419100",9,0.99332525011448647,0.080476103112128161,584,581
fixed_train,6,0,apriori|2|03,"ac379999, ac419100",0,0.99332525011448647,0.073734491219587195,578,574
fixed_train,6,0,apriori|2|03,"ac379999, ac419100",1,0.99332525011448647,0.080855748991815246,578,577
fixed_train,6,0,apriori|2|03,"ac379999, ac419100",2,0.99332525011448647,0.068996339526494754,578,576
fixed_train,6,0,apriori|2|03,"ac379999, ac419100",3,0.99332525011448647,0.061456037886277626,578,578
fixed_train,6,0,apriori|2|03,"ac379999, ac419100",4,0.99332525011448647,0.075772854996226879,578,578
fixed_train,6,0,apriori|2|03,"ac379999, ac419100",5,0.99332525011448647,0.058901193209599523,578,576
fixed_train,6,0,apriori|2|03,"ac379999, ac419100",6,0.99332525011448647,0.070614543770968874,578,578
fixed_train,6,0,apriori|2|03,"ac379999, ac419100",7,0.99332525011448647,0.07490470375050029,578,577
fixed_train,6,0,apriori|2|03,"ac379999, ac419100",8,0.99332525011448647,0.060738303448507169,578,576
fixed_train,6,0,apriori|2|03,"ac379999, ac419100",9,0.99332525011448647,0.069884525992457425,578,575
fixed_train,6,0,apriori|2|04,"370407, ac370000",0,0.99332525011448647,0.10204705844006356,542,541
fixed_train,6,0,apriori|2|04,"370407, ac370000",1,0.99332525011448647,0.10076232234161697,542,540
fixed_train,6,0,apriori|2|04,"370407, ac370000",2,0.99332525011448647,0.095180417914237703,542,541
fixed_train,6,0,apriori|2|04,"370407, ac370000",3,0.99332525011448647,0.10331766380530261,542,541
fixed_train,6,0,apriori|2|04,"370407, ac370000",4,0.99332525011448647,0.096443137949626556,542,542
fixed_train,6,0,apriori|2|04,"370407, ac370000",5,0.99332525011448647,0.10688602117797252,542,538
fixed_train,6,0,apriori|2|04,"370407, ac370000",6,0.99332525011448647,0.10561856425049354,542,541
fixed_train,6,0,apriori|2|04,"370407, ac370000",7,0.99332525011448647,0.090602657563687017,542,542
fixed_train,6,0,apriori|2|04,"370407, ac370000",8,0.99332525011448647,0.10078001089394295,542,541
fixed_train,6,0,apriori|2|04,"370407, ac370000",9,0.99332525011448647,0.090381754534267555,542,541
fixed_train,6,0,apriori|2|05,"370407, ac379999",0,0.99332525011448647,0.059945572358139132,532,532
fixed_train,6,0,apriori|2|05,"370407, ac379999",1,0.99332525011448647,0.063477653821203406,532,532
fixed_train,6,0,apriori|2|05,"370407, ac379999",2,0.99332525011448647,0.059682958328168612,532,532
fixed_train,6,0,apriori|2|05,"370407, ac379999",3,0.99332525011448647,0.05829538204622331,532,531
fixed_train,6,0,apriori|2|05,"370407, ac379999",4,0.99332525011448647,0.065565892319756847,532,531
fixed_train,6,0,apriori|2|05,"370407, ac379999",5,0.99332525011448647,0.056554830473650619,532,532
fixed_train,6,0,apriori|2|05,"370407, ac379999",6,0.99332525011448647,0.060201865904483509,532,531
fixed_train,6,0,apriori|2|05,"370407, ac379999",7,0.99332525011448647,0.056244099892905686,532,532
fixed_train,6,0,apriori|2|05,"370407, ac379999",8,0.99332525011448647,0.058773412240638812,532,532
fixed_train,6,0,apriori|2|05,"370407, ac379999",9,0.99332525011448647,0.062566541066100934,532,532
fixed_train,6,0,apriori|2|06,"ac370000, ac370419",0,0.99332525011448647,0.084156059232696867,530,528
fixed_train,6,0,apriori|2|06,"ac370000, ac370419",1,0.99332525011448647,0.089678801324841739,530,527
fixed_train,6,0,apriori|2|06,"ac370000, ac370419",2,0.99332525011448647,0.10333908205052844,530,529
fixed_train,6,0,apriori|2|06,"ac370000, ac370419",3,0.99332525011448647,0.10131742405404798,530,530
fixed_train,6,0,apriori|2|06,"ac370000, ac370419",4,0.99332525011448647,0.10737617712432312,530,530
fixed_train,6,0,apriori|2|06,"ac370000, ac370419",5,0.99332525011448647,0.10621147420947519,530,529
fixed_train,6,0,apriori|2|06,"ac370000, ac370419",6,0.99332525011448647,0.10408384927588377,530,529
fixed_train,6,0,apriori|2|06,"ac370000, ac370419",7,0.99332525011448647,0.094385569927913471,530,530
fixed_train,6,0,apriori|2|06,"ac370000, ac370419",8,0.99332525011448647,0.1030662823998888,530,529
fixed_train,6,0,apriori|2|06,"ac370000, ac370419",9,0.99332525011448647,0.099479604609548966,530,528
fixed_train,6,0,apriori|2|07,"ac370000, ac370443",0,0.99332525011448647,0.091634924870159229,522,521
fixed_train,6,0,apriori|2|07,"ac370000, ac370443",1,0.99332525011448647,0.08170299155350158,522,521
fixed_train,6,0,apriori|2|07,"ac370000, ac370443",2,0.99332525011448647,0.10039455452261614,522,521
fixed_train,6,0,apriori|2|07,"ac370000, ac370443",3,0.99332525011448647,0.082549370465958893,522,521
fixed_train,6,0,apriori|2|07,"ac370000, ac370443",4,0.99332525011448647,0.095299567159503717,522,522
fixed_train,6,0,apriori|2|07,"ac370000, ac370443",5,0.99332525011448647,0.098812908848311287,522,520
fixed_train,6,0,apriori|2|07,"ac370000, ac370443",6,0.99332525011448647,0.085402787894533594,522,522
fixed_train,6,0,apriori|2|07,"ac370000, ac370443",7,0.99332525011448647,0.089949826797251942,522,520
fixed_train,6,0,apriori|2|07,"ac370000, ac370443",8,0.99332525011448647,0.084569765168025834,522,521
fixed_train,6,0,apriori|2|07,"ac370000, ac370443",9,0.99332525011448647,0.090558545048619488,522,520
fixed_train,6,0,apriori|2|08,"ac370419, ac379999",0,0.99332525011448647,0.062075013997601403,519,518
fixed_train,6,0,apriori|2|08,"ac370419, ac379999",1,0.99332525011448647,0.065684911460818007,519,519
fixed_train,6,0,apriori|2|08,"ac370419, ac379999",2,0.99332525011448647,0.053514204325483705,519,517
fixed_train,6,0,apriori|2|08,"ac370419, ac379999",3,0.99332525011448647,0.064942085017986706,519,519
fixed_train,6,0,apriori|2|08,"ac370419, ac379999",4,0.99332525011448647,0.048948165827099155,519,518
fixed_train,6,0,apriori|2|08,"ac370419, ac379999",5,0.99332525011448647,0.068828281990626072,519,519
fixed_train,6,0,apriori|2|08,"ac370419, ac379999",6,0.99332525011448647,0.057847832341117233,519,518
fixed_train,6,0,apriori|2|08,"ac370419, ac379999",7,0.99332525011448647,0.056116081046910238,519,518
fixed_train,6,0,apriori|2|08,"ac370419, ac379999",8,0.99332525011448647,0.052934716814912686,519,518
fixed_train,6,0,apriori|2|08,"ac370419, ac379999",9,0.99332525011448647,0.0595470595551858,519,518
fixed_train,6,0,apriori|2|09,"ac370000, ac370442",0,0.99332525011448647,0.098979220828523728,520,519
fixed_train,6,0,apriori|2|09,"ac370000, ac370442",1,0.99332525011448647,0.087267078670385967,520,518
fixed_train,6,0,apriori|2|09,"ac370000, ac370442",2,0.99332525011448647,0.093354115852262609,520,517
fixed_train,6,0,apriori|2|09,"ac370000, ac370442",3,0.99332525011448647,0.082933046243219399,520,520
fixed_train,6,0,apriori|2|09,"ac370000, ac370442",4,0.99332525011448647,0.090352841002890538,520,517
fixed_train,6,0,apriori|2|09,"ac370000, ac370442",5,0.99332525011448647,0.089530737189805309,520,519
fixed_train,6,0,apriori|2|09,"ac370000, ac370442",6,0.99332525011448647,0.097565663093837518,520,519
fixed_train,6,0,apriori|2|09,"ac370000, ac370442",7,0.99332525011448647,0.10000355020442775,520,520
fixed_train,6,0,apriori|2|09,"ac370000, ac370442",8,0.99332525011448647,0.096321712748063004,520,517
fixed_train,6,0,apriori|2|09,"ac370000, ac370442",9,0.99332525011448647,0.088918574006783269,520,518
fixed_train,6,0,apriori|2|10,"ac370419, ac370443",0,0.99332525011448647,0.076127390841037257,520,518
fixed_train,6,0,apriori|2|10,"ac370419, ac370443",1,0.99332525011448647,0.083969087487835159,520,520
fixed_train,6,0,apriori|2|10,"ac370419, ac370443",2,0.99332525011448647,0.076132215471658715,520,520
fixed_train,6,0,apriori|2|10,"ac370419, ac370443",3,0.99332525011448647,0.081895274217815062,520,520
fixed_train,6,0,apriori|2|10,"ac370419, ac370443",4,0.99332525011448647,0.063423672043745216,520,519
fixed_train,6,0,apriori|2|10,"ac370419, ac370443",5,0.99332525011448647,0.069657097681792401,520,520
fixed_train,6,0,apriori|2|10,"ac370419, ac370443",6,0.99332525011448647,0.078715117670912549,520,520
fixed_train,6,0,apriori|2|10,"ac370419, ac370443",7,0.99332525011448647,0.082288652291687359,520,520
fixed_train,6,0,apriori|2|10,"ac370419, ac370443",8,0.99332525011448647,0.07046033911375138,520,520
fixed_train,6,0,apriori|2|10,"ac370419, ac370443",9,0.99332525011448647,0.085414180743608514,520,520
fixed_train,6,0,apriori|3|01,"ac370000, ac379999, ac419100",0,0.99332525011448647,0.095895656187214628,578,578
fixed_train,6,0,apriori|3|01,"ac370000, ac379999, ac419100",1,0.99332525011448647,0.088096385400834643,578,578
fixed_train,6,0,apriori|3|01,"ac370000, ac379999, ac419100",2,0.99332525011448647,0.091794395709224541,578,578
fixed_train,6,0,apriori|3|01,"ac370000, ac379999, ac419100",3,0.99332525011448647,0.10140893370691606,578,578
fixed_train,6,0,apriori|3|01,"ac370000, ac379999, ac419100",4,0.99332525011448647,0.080664494442492018,578,578
fixed_train,6,0,apriori|3|01,"ac370000, ac379999, ac419100",5,0.99332525011448647,0.097565663093837518,578,578
fixed_train,6,0,apriori|3|01,"ac370000, ac379999, ac419100",6,0.99332525011448647,0.076679659792651456,578,578
fixed_train,6,0,apriori|3|01,"ac370000, ac379999, ac419100",7,0.99332525011448647,0.07925234796325531,578,577
fixed_train,6,0,apriori|3|01,"ac370000, ac379999, ac419100",8,0.99332525011448647,0.081049910751539667,578,578
fixed_train,6,0,apriori|3|01,"ac370000, ac379999, ac419100",9,0.99332525011448647,0.088098072077331557,578,578
fixed_train,6,0,apriori|3|02,"370407, ac370000, ac379999",0,0.99332525011448647,0.11067122473288205,532,531
fixed_train,6,0,apriori|3|02,"370407, ac370000, ac379999",1,0.99332525011448647,0.10389157461522613,532,531
fixed_train,6,0,apriori|3|02,"370407, ac370000, ac379999",2,0.99332525011448647,0.093250405513113588,532,532
fixed_train,6,0,apriori|3|02,"370407, ac370000, ac379999",3,0.99332525011448647,0.099043904602688637,532,532
fixed_train,6,0,apriori|3|02,"370407, ac370000, ac379999",4,0.99332525011448647,0.089738701645401653,532,532
fixed_train,6,0,apriori|3|02,"370407, ac370000, ac379999",5,0.99332525011448647,0.099738045728483993,532,532
fixed_train,6,0,apriori|3|02,"370407, ac370000, ac379999",6,0.99332525011448647,0.089325885935691129,532,532
fixed_train,6,0,apriori|3|02,"370407, ac370000, ac379999",7,0.99332525011448647,0.10839266211893273,532,532
fixed_train,6,0,apriori|3|02,"370407, ac370000, ac379999",8,0.99332525011448647,0.11317093921934818,532,532
fixed_train,6,0,apriori|3|02,"370407, ac370000, ac379999",9,0.99332525011448647,0.087067047445780421,532,532
fixed_train,6,0,apriori|3|03,"ac370000, ac370419, ac379999",0,0.99332525011448647,0.096682395378218877,519,519
fixed_train,6,0,apriori|3|03,"ac370000, ac370419, ac379999",1,0.99332525011448647,0.10204705844006356,519,519
fixed_train,6,0,apriori|3|03,"ac370000, ac370419, ac379999",2,0.99332525011448647,0.10839266211893273,519,519
fixed_train,6,0,apriori|3|03,"ac370000, ac370419, ac379999",3,0.99332525011448647,0.094151629331067799,519,519
fixed_train,6,0,apriori|3|03,"ac370000, ac370419, ac379999",4,0.99332525011448647,0.10102615518674396,519,519
fixed_train,6,0,apriori|3|03,"ac370000, ac370419, ac379999",5,0.99332525011448647,0.11188243557689648,519,519
fixed_train,6,0,apriori|3|03,"ac370000, ac370419, ac379999",6,0.99332525011448647,0.10331766380530261,519,519
fixed_train,6,0,apriori|3|03,"ac370000, ac370419, ac379999",7,0.99332525011448647,0.098200609132669259,519,519
fixed_train,6,0,apriori|3|03,"ac370000, ac370419, ac379999",8,0.99332525011448647,0.11130186980202061,519,519
fixed_train,6,0,apriori|3|03,"ac370000, ac370419, ac379999",9,0.99332525011448647,0.1126034047398794,519,519
fixed_train,6,0,apriori|3|04,"ac370000, ac370419, ac370443",0,0.99332525011448647,0.11099140513050243,520,520
fixed_train,6,0,apriori|3|04,"ac370000, ac370419, ac370443",1,0.99332525011448647,0.12589611202099449,520,520
fixed_train,6,0,apriori|3|04,"ac370000, ac370419, ac370443",2,0.99332525011448647,0.13162709177915999,520,520
fixed_train,6,0,apriori|3|04,"ac370000, ac370419, ac370443",3,0.99332525011448647,0.12150128984471498,520,519
fixed_train,6,0,apriori|3|04,"ac370000, ac370419, ac370443",4,0.99332525011448647,0.12182544151370756,520,520
fixed_train,6,0,apriori|3|04,"ac370000, ac370419, ac370443",5,0.99332525011448647,0.13225087856132511,520,520
fixed_train,6,0,apriori|3|04,"ac370000, ac370419, ac370443",6,0.99332525011448647,0.12015043843143491,520,520
fixed_train,6,0,apriori|3|04,"ac370000, ac370419, ac370443",7,0.99332525011448647,0.13597225157600712,520,520
fixed_train,6,0,apriori|3|04,"ac370000, ac370419, ac370443",8,0.99332525011448647,0.12148557015646799,520,520
fixed_train,6,0,apriori|3|04,"ac370000, ac370419, ac370443",9,0.99332525011448647,0.13637777355943526,520,520
fixed_train,6,0,apriori|3|05,"ac370000, ac370442, ac370443",0,0.99332525011448647,0.136114247691278,518,518
fixed_train,6,0,apriori|3|05,"ac370000, ac370442, ac370443",1,0.99332525011448647,0.11481729188108247,518,518
fixed_train,6,0,apriori|3|05,"ac370000, ac370442, ac370443",2,0.99332525011448647,0.12283219188696293,518,518
fixed_train,6,0,apriori|3|05,"ac370000, ac370442, ac370443",3,0.99332525011448647,0.11462517037092423,518,518
fixed_train,6,0,apriori|3|05,"ac370000, ac370442, ac370443",4,0.99332525011448647,0.11747181887195979,518,518
fixed_train,6,0,apriori|3|05,"ac370000, ac370442, ac370443",5,0.99332525011448647,0.12717204491260869,518,518
fixed_train,6,0,apriori|3|05,"ac370000, ac370442, ac370443",6,0.99332525011448647,0.13449705061758654,518,518
fixed_train,6,0,apriori|3|05,"ac370000, ac370442, ac370443",7,0.99332525011448647,0.12518686355555353,518,518
fixed_train,6,0,apriori|3|05,"ac370000, ac370442, ac370443",8,0.99332525011448647,0.1221836137813469,518,518
fixed_train,6,0,apriori|3|05,"ac370000, ac370442, ac370443",9,0.99332525011448647,0.12948698433215311,518,518
fixed_train,6,0,apriori|3|06,"370407, ac370000, ac370419",0,0.99332525011448647,0.1238851632555007,515,515
fixed_train,6,0,apriori|3|06,"370407, ac370000, ac370419",1,0.99332525011448647,0.13437382403707387,515,515
fixed_train,6,0,apriori|3|06,"370407, ac370000, ac370419",2,0.99332525011448647,0.13794652869397006,515,515
fixed_train,6,0,apriori|3|06,"370407, ac370000, ac370419",3,0.99332525011448647,0.12049978129341266,515,515
fixed_train,6,0,apriori|3|06,"370407, ac370000, ac370419",4,0.99332525011448647,0.13386853550030531,515,515
fixed_train,6,0,apriori|3|06,"370407, ac370000, ac370419",5,0.99332525011448647,0.13696022189850587,515,515
fixed_train,6,0,apriori|3|06,"370407, ac370000, ac370419",6,0.99332525011448647,0.12789972695780039,515,515
fixed_train,6,0,apriori|3|06,"370407, ac370000, ac370419",7,0.99332525011448647,0.12616223674399607,515,515
fixed_train,6,0,apriori|3|06,"370407, ac370000, ac370419",8,0.99332525011448647,0.11744228750586017,515,515
fixed_train,6,0,apriori|3|06,"370407, ac370000, ac370419",9,0.99332525011448647,0.12484029735451663,515,515
fixed_train,6,0,apriori|3|07,"ac370000, ac370419, ac370442",0,0.99332525011448647,0.11443087364039561,518,518
fixed_train,6,0,apriori|3|07,"ac370000, ac370419, ac370442",1,0.99332525011448647,0.11980642155141008,518,518
fixed_train,6,0,apriori|3|07,"ac370000, ac370419, ac370442",2,0.99332525011448647,0.11450986949579323,518,517
fixed_train,6,0,apriori|3|07,"ac370000, ac370419, ac370442",3,0.99332525011448647,0.11544636540880038,518,518
fixed_train,6,0,apriori|3|07,"ac370000, ac370419, ac370442",4,0.99332525011448647,0.12883560439261277,518,518
fixed_train,6,0,apriori|3|07,"ac370000, ac370419, ac370442",5,0.99332525011448647,0.12217055559696,518,518
fixed_train,6,0,apriori|3|07,"ac370000, ac370419, ac370442",6,0.99332525011448647,0.13014127657816088,518,518
fixed_train,6,0,apriori|3|07,"ac370000, ac370419, ac370442",7,0.99332525011448647,0.1298962068927344,518,518
fixed_train,6,0,apriori|3|07,"ac370000, ac370419, ac370442",8,0.99332525011448647,0.12553877122370716,518,518
fixed_train,6,0,apriori|3|07,"ac370000, ac370419, ac370442",9,0.99332525011448647,0.1373435498941733,518,518
fixed_train,6,0,apriori|3|08,"ac370000, ac370443, ac379999",0,0.99332525011448647,0.10611409950498318,511,511
fixed_train,6,0,apriori|3|08,"ac370000, ac370443, ac379999",1,0.99332525011448647,0.1023345105493525,511,511
fixed_train,6,0,apriori|3|08,"ac370000, ac370443, ac379999",2,0.99332525011448647,0.097342263299838194,511,511
fixed_train,6,0,apriori|3|08,"ac370000, ac370443, ac379999",3,0.99332525011448647,0.094444830115517187,511,511
fixed_train,6,0,apriori|3|08,"ac370000, ac370443, ac379999",4,0.99332525011448647,0.088708352994994133,511,511
fixed_train,6,0,apriori|3|08,"ac370000, ac370443, ac379999",5,0.99332525011448647,0.10281866817873364,511,511
fixed_train,6,0,apriori|3|08,"ac370000, ac370443, ac379999",6,0.99332525011448647,0.10006348429029277,511,511
fixed_train,6,0,apriori|3|08,"ac370000, ac370443, ac379999",7,0.99332525011448647,0.090979379254053971,511,510
fixed_train,6,0,apriori|3|08,"ac370000, ac370443, ac379999",8,0.99332525011448647,0.10029873161300906,511,511
fixed_train,6,0,apriori|3|08,"ac370000, ac370443, ac379999",9,0.99332525011448647,0.11093489664669176,511,510
fixed_train,6,0,apriori|3|09,"ac370419, ac370442, ac370443",0,0.99332525011448647,0.11854669806429019,516,516
fixed_train,6,0,apriori|3|09,"ac370419, ac370442, ac370443",1,0.99332525011448647,0.12883560439261277,516,516
fixed_train,6,0,apriori|3|09,"ac370419, ac370442, ac370443",2,0.99332525011448647,0.11319412724627853,516,516
fixed_train,6,0,apriori|3|09,"ac370419, ac370442, ac370443",3,0.99332525011448647,0.11158995095596769,516,516
fixed_train,6,0,apriori|3|09,"ac370419, ac370442, ac370443",4,0.99332525011448647,0.11854669806429019,516,515
fixed_train,6,0,apriori|3|09,"ac370419, ac370442, ac370443",5,0.99332525011448647,0.11924611971402677,516,516
fixed_train,6,0,apriori|3|09,"ac370419, ac370442, ac370443",6,0.99332525011448647,0.11816312328664935,516,516
fixed_train,6,0,apriori|3|09,"ac370419, ac370442, ac370443",7,0.99332525011448647,0.12250433129534977,516,516
fixed_train,6,0,apriori|3|09,"ac370419, ac370442, ac370443",8,0.99332525011448647,0.1373435498941733,516,516
fixed_train,6,0,apriori|3|09,"ac370419, ac370442, ac370443",9,0.99332525011448647,0.10825297987141624,516,516
fixed_train,6,0,apriori|3|10,"370407, ac370000, ac370443",0,0.99332525011448647,0.12483188230761755,511,511
fixed_train,6,0,apriori|3|10,"370407, ac370000, ac370443",1,0.99332525011448647,0.11231469569937302,511,511
fixed_train,6,0,apriori|3|10,"370407, ac370000, ac370443",2,0.99332525011448647,0.12150128984471498,511,511
fixed_train,6,0,apriori|3|10,"370407, ac370000, ac370443",3,0.99332525011448647,0.12455197626098524,511,511
fixed_train,6,0,apriori|3|10,"370407, ac370000, ac370443",4,0.99332525011448647,0.12463699138830797,511,511
fixed_train,6,0,apriori|3|10,"370407, ac370000, ac370443",5,0.99332525011448647,0.13541944241488513,511,510
fixed_train,6,0,apriori|3|10,"370407, ac370000, ac370443",6,0.99332525011448647,0.1173538244309652,511,511
fixed_train,6,0,apriori|3|10,"370407, ac370000, ac370443",7,0.99332525011448647,0.12049654147678335,511,511
fixed_train,6,0,apriori|3|10,"370407, ac370000, ac370443",8,0.99332525011448647,0.12453468964251013,511,511
fixed_train,6,0,apriori|3|10,"370407, ac370000, ac370443",9,0.99332525011448647,0.12550344517261269,511,511
fixed_train,6,0,impressed|1|01,376400,0,0.99332525011448647,0.11587036159765096,273,265
fixed_train,6,0,impressed|1|01,376400,1,0.99332525011448647,0.12190394709130226,273,265
fixed_train,6,0,impressed|1|01,376400,2,0.99332525011448647,0.13787270797120876,273,263
fixed_train,6,0,impressed|1|01,376400,3,0.99332525011448647,0.13636235110288941,273,262
fixed_train,6,0,impressed|1|01,376400,4,0.99332525011448647,0.14142561131486842,273,267
fixed_train,6,0,impressed|1|01,376400,5,0.99332525011448647,0.13231770079180272,273,264
fixed_train,6,0,impressed|1|01,376400,6,0.99332525011448647,0.12382017847242799,273,255
fixed_train,6,0,impressed|1|01,376400,7,0.99332525011448647,0.12939396827441774,273,265
fixed_train,6,0,impressed|1|01,376400,8,0.99332525011448647,0.1268972945467125,273,268
fixed_train,6,0,impressed|1|01,376400,9,0.99332525011448647,0.13033110147433624,273,268
fixed_train,6,0,impressed|1|02,378619a,0,0.99332525011448647,0.043738439722777245,326,312
fixed_train,6,0,impressed|1|02,378619a,1,0.99332525011448647,0.050226038145615437,326,317
fixed_train,6,0,impressed|1|02,378619a,2,0.99332525011448647,0.053842835223291141,326,322
fixed_train,6,0,impressed|1|02,378619a,3,0.99332525011448647,0.045790846270271635,326,315
fixed_train,6,0,impressed|1|02,378619a,4,0.99332525011448647,0.045445456604161993,326,315
fixed_train,6,0,impressed|1|02,378619a,5,0.99332525011448647,0.048195766257187689,326,319
fixed_train,6,0,impressed|1|02,378619a,6,0.99332525011448647,0.052768309269079494,326,318
fixed_train,6,0,impressed|1|02,378619a,7,0.99332525011448647,0.058120554478223285,326,319
fixed_train,6,0,impressed|1|02,378619a,8,0.99332525011448647,0.054915297775625538,326,319
fixed_train,6,0,impressed|1|02,378619a,9,0.99332525011448647,0.046991787852483147,326,319
fixed_train,6,0,impressed|1|03,ac370000,0,0.99332525011448647,0.11512943078219628,634,629
fixed_train,6,0,impressed|1|03,ac370000,1,0.99332525011448647,0.10050556207812367,634,630
fixed_train,6,0,impressed|1|03,ac370000,2,0.99332525011448647,0.1037039504766547,634,631
fixed_train,6,0,impressed|1|03,ac370000,3,0.99332525011448647,0.10810226651290522,634,630
fixed_train,6,0,impressed|1|03,ac370000,4,0.99332525011448647,0.11450986949579323,634,633
fixed_train,6,0,impressed|1|03,ac370000,5,0.99332525011448647,0.12589611202099449,634,633
fixed_train,6,0,impressed|1|03,ac370000,6,0.99332525011448647,0.13316711574204132,634,631
fixed_train,6,0,impressed|1|03,ac370000,7,0.99332525011448647,0.11676371344780889,634,632
fixed_train,6,0,impressed|1|03,ac370000,8,0.99332525011448647,0.11450986949579323,634,631
fixed_train,6,0,impressed|1|03,ac370000,9,0.99332525011448647,0.11271401941476022,634,634
fixed_train,6,0,impressed|1|04,ac419100,0,0.99332525011448647,0.052573941664646462,846,744
fixed_train,6,0,impressed|1|04,ac419100,1,0.99332525011448647,0.050567831156446807,846,746
fixed_train,6,0,impressed|1|04,ac419100,2,0.99332525011448647,0.044498332570090171,846,738
fixed_train,6,0,impressed|1|04,ac419100,3,0.99332525011448647,0.060201865904483509,846,730
fixed_train,6,0,impressed|1|04,ac419100,4,0.99332525011448647,0.050567831156446807,846,742
fixed_train,6,0,impressed|1|04,ac419100,5,0.99332525011448647,0.059960985566851921,846,732
fixed_train,6,0,impressed|1|04,ac419100,6,0.99332525011448647,0.055057445355816359,846,746
fixed_train,6,0,impressed|1|04,ac419100,7,0.99332525011448647,0.05269238872019022,846,744
fixed_train,6,0,impressed|1|04,ac419100,8,0.99332525011448647,0.052457271114096149,846,745
fixed_train,6,0,impressed|1|04,ac419100,9,0.99332525011448647,0.047888230775266383,846,736
fixed_train,6,0,impressed|1|05,ac10307,0,0.99332525011448647,0.0067267902986698491,113,105
fixed_train,6,0,impressed|1|05,ac10307,1,0.99332525011448647,0.0067267902986698491,113,97
fixed_train,6,0,impressed|1|05,ac10307,2,0.99332525011448647,0.0044932002679727301,113,100
fixed_train,6,0,impressed|1|05,ac10307,3,0.99332525011448647,0.0078579480418842218,113,100
fixed_train,6,0,impressed|1|05,ac10307,4,0.99332525011448647,0.0033665366993258505,113,97
fixed_train,6,0,impressed|1|05,ac10307,5,0.99332525011448647,0.0044932002679727301,113,101
fixed_train,6,0,impressed|1|05,ac10307,6,0.99332525011448647,0.00675340665889268,113,100
fixed_train,6,0,impressed|1|05,ac10307,7,0.99332525011448647,0.0078870010932440282,113,100
fixed_train,6,0,impressed|1|05,ac10307,8,0.99332525011448647,0.0055979337181789601,113,98
fixed_train,6,0,impressed|1|05,ac10307,9,0.99332525011448647,0.0067267902986698491,113,98
fixed_train,6,0,impressed|1|06,ac415100,0,0.99332525011448647,0.013467484931095841,277,265
fixed_train,6,0,impressed|1|06,ac415100,1,0.99332525011448647,0.0089603803293670792,277,262
fixed_train,6,0,impressed|1|06,ac415100,2,0.99332525011448647,0.0067267902986698491,277,259
fixed_train,6,0,impressed|1|06,ac415100,3,0.99332525011448647,0.014607809237285885,277,264
fixed_train,6,0,impressed|1|06,ac415100,4,0.99332525011448647,0.012255263813124362,277,262
fixed_train,6,0,impressed|1|06,ac415100,5,0.99332525011448647,0.012406110461806619,277,261
fixed_train,6,0,impressed|1|06,ac415100,6,0.99332525011448647,0.011159014325152317,277,260
fixed_train,6,0,impressed|1|06,ac415100,7,0.99332525011448647,0.012406110461806619,277,261
fixed_train,6,0,impressed|1|06,ac415100,8,0.99332525011448647,0.01354916611469259,277,267
fixed_train,6,0,impressed|1|06,ac415100,9,0.99332525011448647,0.011159014325152317,277,257
fixed_train,6,0,impressed|1|07,ac337441,0,0.99332525011448647,0,2,2
fixed_train,6,0,impressed|1|07,ac337441,1,0.99332525011448647,0,2,2
fixed_train,6,0,impressed|1|07,ac337441,2,0.99332525011448647,0,2,1
fixed_train,6,0,impressed|1|07,ac337441,3,0.99332525011448647,0,2,1
fixed_train,6,0,impressed|1|07,ac337441,4,0.99332525011448647,0,2,1
fixed_train,6,0,impressed|1|07,ac337441,5,0.99332525011448647,0,2,0
fixed_train,6,0,impressed|1|07,ac337441,6,0.99332525011448647,0,2,1
fixed_train,6,0,impressed|1|07,ac337441,7,0.99332525011448647,0,2,1
fixed_train,6,0,impressed|1|07,ac337441,8,0.99332525011448647,0,2,0
fixed_train,6,0,impressed|1|07,ac337441,9,0.99332525011448647,0,2,1
fixed_train,6,0,impressed|1|08,ac379999,0,0.99332525011448647,0.05743354449041671,622,614
fixed_train,6,0,impressed|1|08,ac379999,1,0.99332525011448647,0.055504217541895495,622,615
fixed_train,6,0,impressed|1|08,ac379999,2,0.99332525011448647,0.064942085017986706,622,615
fixed_train,6,0,impressed|1|08,ac379999,3,0.99332525011448647,0.068374274389621625,622,609
fixed_train,6,0,impressed|1|08,ac379999,4,0.99332525011448647,0.071500901188889965,622,611
fixed_train,6,0,impressed|1|08,ac379999,5,0.99332525011448647,0.070158835126604813,622,610
fixed_train,6,0,impressed|1|08,ac379999,6,0.99332525011448647,0.060332951035403815,622,609
fixed_train,6,0,impressed|1|08,ac379999,7,0.99332525011448647,0.070614543770968874,622,611
fixed_train,6,0,impressed|1|08,ac379999,8,0.99332525011448647,0.06807705024606836,622,612
fixed_train,6,0,impressed|1|08,ac379999,9,0.99332525011448647,0.066281480854239905,622,609
fixed_train,6,0,impressed|1|09,ac378431,0,0.99332525011448647,0.0022079597469734091,11,10
fixed_train,6,0,impressed|1|09,ac378431,1,0.99332525011448647,0.0022079597469734091,11,10
fixed_train,6,0,impressed|1|09,ac378431,2,0.99332525011448647,0.0022249166285044364,11,10
fixed_train,6,0,impressed|1|09,ac378431,3,0.99332525011448647,0.0022249166285044364,11,10
fixed_train,6,0,impressed|1|09,ac378431,4,0.99332525011448647,0.0044498332570090948,11,11
fixed_train,6,0,impressed|1|09,ac378431,5,0.99332525011448647,0.0022249166285044364,11,10
fixed_train,6,0,impressed|1|09,ac378431,6,0.99332525011448647,0.0011050115827463403,11,10
fixed_train,6,0,impressed|1|09,ac378431,7,0.99332525011448647,0.0022249166285044364,11,10
fixed_train,6,0,impressed|1|09,ac378431,8,0.99332525011448647,0.0033278005736776528,11,9
fixed_train,6,0,impressed|1|09,ac378431,9,0.99332525011448647,0.0033278005736776528,11,11
fixed_train,6,0,impressed|1|10,378490e,0,0.99332525011448647,0,2,2
fixed_train,6,0,impressed|1|10,378490e,1,0.99332525011448647,0,2,2
fixed_train,6,0,impressed|1|10,378490e,2,0.99332525011448647,0,2,2
fixed_train,6,0,impressed|1|10,378490e,3,0.99332525011448647,0,2,2
fixed_train,6,0,impressed|1|10,378490e,4,0.99332525011448647,0,2,2
fixed_train,6,0,impressed|1|10,378490e,5,0.99332525011448647,0,2,2
fixed_train,6,0,impressed|1|10,378490e,6,0.99332525011448647,0,2,2
fixed_train,6,0,impressed|1|10,378490e,7,0.99332525011448647,0,2,2
fixed_train,6,0,impressed|1|10,378490e,8,0.99332525011448647,0,2,1
fixed_train,6,0,impressed|1|10,378490e,9,0.99332525011448647,0,2,1
fixed_train,6,0,impressed|2|01,"376400, 377498a",0,0.99332525011448647,0.11282418927374238,237,237
fixed_train,6,0,impressed|2|01,"376400, 377498a",1,0.99332525011448647,0.12905862127067669,237,236
fixed_train,6,0,impressed|2|01,"376400, 377498a",2,0.99332525011448647,0.12207427557975903,237,237
fixed_train,6,0,impressed|2|01,"376400, 377498a",3,0.99332525011448647,0.13087588545273243,237,237
fixed_train,6,0,impressed|2|01,"376400, 377498a",4,0.99332525011448647,0.12557163736750632,237,236
fixed_train,6,0,impressed|2|01,"376400, 377498a",5,0.99332525011448647,0.12207427557975903,237,236
fixed_train,6,0,impressed|2|01,"376400, 377498a",6,0.99332525011448647,0.14038657680349964,237,236
fixed_train,6,0,impressed|2|01,"376400, 377498a",7,0.99332525011448647,0.1251436675375831,237,237
fixed_train,6,0,impressed|2|01,"376400, 377498a",8,0.99332525011448647,0.12455021837716806,237,236
fixed_train,6,0,impressed|2|01,"376400, 377498a",9,0.99332525011448647,0.12726342985808214,237,237
fixed_train,6,0,impressed|2|02,"376400, 378619a",0,0.99332525011448647,0.17571401321167812,267,266
fixed_train,6,0,impressed|2|02,"376400, 378619a",1,0.99332525011448647,0.15931263697513542,267,267
fixed_train,6,0,impressed|2|02,"376400, 378619a",2,0.99332525011448647,0.15426903280225124,267,267
fixed_train,6,0,impressed|2|02,"376400, 378619a",3,0.99332525011448647,0.16093489347149326,267,267
fixed_train,6,0,impressed|2|02,"376400, 378619a",4,0.99332525011448647,0.15964916033725407,267,267
fixed_train,6,0,impressed|2|02,"376400, 378619a",5,0.99332525011448647,0.1501490611339088,267,266
fixed_train,6,0,impressed|2|02,"376400, 378619a",6,0.99332525011448647,0.1562267840578494,267,267
fixed_train,6,0,impressed|2|02,"376400, 378619a",7,0.99332525011448647,0.15867478204542274,267,267
fixed_train,6,0,impressed|2|02,"376400, 378619a",8,0.99332525011448647,0.157357587520637,267,267
fixed_train,6,0,impressed|2|02,"376400, 378619a",9,0.99332525011448647,0.15573769522786518,267,265
fixed_train,6,0,impressed|2|03,"370712b, 376400",0,0.99332525011448647,0.13737197172552318,251,249
fixed_train,6,0,impressed|2|03,"370712b, 376400",1,0.99332525011448647,0.13385824988457717,251,251
fixed_train,6,0,impressed|2|03,"370712b, 376400",2,0.99332525011448647,0.12791813467533419,251,251
fixed_train,6,0,impressed|2|03,"370712b, 376400",3,0.99332525011448647,0.11941127403210317,251,250
fixed_train,6,0,impressed|2|03,"370712b, 376400",4,0.99332525011448647,0.1268972945467125,251,251
fixed_train,6,0,impressed|2|03,"370712b, 376400",5,0.99332525011448647,0.12735355200408471,251,251
fixed_train,6,0,impressed|2|03,"370712b, 376400",6,0.99332525011448647,0.13281413641578532,251,251
fixed_train,6,0,impressed|2|03,"370712b, 376400",7,0.99332525011448647,0.13535883913891789,251,250
fixed_train,6,0,impressed|2|03,"370712b, 376400",8,0.99332525011448647,0.11856640707794963,251,251
fixed_train,6,0,impressed|2|03,"370712b, 376400",9,0.99332525011448647,0.12337312352519181,251,251
fixed_train,6,0,impressed|2|04,"370715a, 376400",0,0.99332525011448647,0.13197804676939529,249,249
fixed_train,6,0,impressed|2|04,"370715a, 376400",1,0.99332525011448647,0.12791813467533419,249,247
fixed_train,6,0,impressed|2|04,"370715a, 376400",2,0.99332525011448647,0.14187733691294346,249,249
fixed_train,6,0,impressed|2|04,"370715a, 376400",3,0.99332525011448647,0.13636235110288941,249,249
fixed_train,6,0,impressed|2|04,"370715a, 376400",4,0.99332525011448647,0.12328824287393936,249,249
fixed_train,6,0,impressed|2|04,"370715a, 376400",5,0.99332525011448647,0.11815595210098184,249,248
fixed_train,6,0,impressed|2|04,"370715a, 376400",6,0.99332525011448647,0.1363677677376145,249,249
fixed_train,6,0,impressed|2|04,"370715a, 376400",7,0.99332525011448647,0.12837496481021893,249,248
fixed_train,6,0,impressed|2|04,"370715a, 376400",8,0.99332525011448647,0.13231770079180272,249,249
fixed_train,6,0,impressed|2|04,"370715a, 376400",9,0.99332525011448647,0.13636235110288941,249,248
fixed_train,6,0,impressed|2|05,"378619a, ac379999",0,0.99332525011448647,0.068782850459945366,325,325
fixed_train,6,0,impressed|2|05,"378619a, ac379999",1,0.99332525011448647,0.074891820851904711,325,325
fixed_train,6,0,impressed|2|05,"378619a, ac379999",2,0.99332525011448647,0.078069939733232618,325,325
fixed_train,6,0,impressed|2|05,"378619a, ac379999",3,0.99332525011448647,0.060409994642692144,325,322
fixed_train,6,0,impressed|2|05,"378619a, ac379999",4,0.99332525011448647,0.078111069001157163,325,324
fixed_train,6,0,impressed|2|05,"378619a, ac379999",5,0.99332525011448647,0.067171757589312486,325,323
fixed_train,6,0,impressed|2|05,"378619a, ac379999",6,0.99332525011448647,0.079552767751185582,325,324
fixed_train,6,0,impressed|2|05,"378619a, ac379999",7,0.99332525011448647,0.072658488458239856,325,323
fixed_train,6,0,impressed|2|05,"378619a, ac379999",8,0.99332525011448647,0.065036528748085742,325,324
fixed_train,6,0,impressed|2|05,"378619a, ac379999",9,0.99332525011448647,0.063460431838674225,325,322
fixed_train,6,0,impressed|2|06,"378619a, ac419100",0,0.99332525011448647,0.060693882594099136,305,304
fixed_train,6,0,impressed|2|06,"378619a, ac419100",1,0.99332525011448647,0.066485938304754577,305,305
fixed_train,6,0,impressed|2|06,"378619a, ac419100",2,0.99332525011448647,0.067349795800782375,305,302
fixed_train,6,0,impressed|2|06,"378619a, ac419100",3,0.99332525011448647,0.069298617883512104,305,305
fixed_train,6,0,impressed|2|06,"378619a, ac419100",4,0.99332525011448647,0.073164200786333455,305,304
fixed_train,6,0,impressed|2|06,"378619a, ac419100",5,0.99332525011448647,0.071298209025458026,305,305
fixed_train,6,0,impressed|2|06,"378619a, ac419100",6,0.99332525011448647,0.070038723060751651,305,305
fixed_train,6,0,impressed|2|06,"378619a, ac419100",7,0.99332525011448647,0.059330164230596116,305,305
fixed_train,6,0,impressed|2|06,"378619a, ac419100",8,0.99332525011448647,0.05505458077502523,305,304
fixed_train,6,0,impressed|2|06,"378619a, ac419100",9,0.99332525011448647,0.069298617883512104,305,305
fixed_train,6,0,impressed|2|07,"370401c, ac370000",0,0.99332525011448647,0.093250405513113588,477,477
fixed_train,6,0,impressed|2|07,"370401c, ac370000",1,0.99332525011448647,0.095521431772173315,477,477
fixed_train,6,0,impressed|2|07,"370401c, ac370000",2,0.99332525011448647,0.10000355020442775,477,475
fixed_train,6,0,impressed|2|07,"370401c, ac370000",3,0.99332525011448647,0.088532765248520162,477,477
fixed_train,6,0,impressed|2|07,"370401c, ac370000",4,0.99332525011448647,0.093285230014165332,477,474
fixed_train,6,0,impressed|2|07,"370401c, ac370000",5,0.99332525011448647,0.094623073806520575,477,474
fixed_train,6,0,impressed|2|07,"370401c, ac370000",6,0.99332525011448647,0.10281051502357819,477,476
fixed_train,6,0,impressed|2|07,"370401c, ac370000",7,0.99332525011448647,0.10797124339520392,477,477
fixed_train,6,0,impressed|2|07,"370401c, ac370000",8,0.99332525011448647,0.088313777388411729,477,476
fixed_train,6,0,impressed|2|07,"370401c, ac370000",9,0.99332525011448647,0.10485168662671951,477,476
fixed_train,6,0,impressed|2|08,"ac370000, ac370403",0,0.99332525011448647,0.083736017037861044,495,494
fixed_train,6,0,impressed|2|08,"ac370000, ac370403",1,0.99332525011448647,0.090164161207337168,495,493
fixed_train,6,0,impressed|2|08,"ac370000, ac370403",2,0.99332525011448647,0.095463973150141324,495,495
fixed_train,6,0,impressed|2|08,"ac370000, ac370403",3,0.99332525011448647,0.097953144162045369,495,494
fixed_train,6,0,impressed|2|08,"ac370000, ac370403",4,0.99332525011448647,0.094444830115517187,495,494
fixed_train,6,0,impressed|2|08,"ac370000, ac370403",5,0.99332525011448647,0.086036066214473794,495,493
fixed_train,6,0,impressed|2|08,"ac370000, ac370403",6,0.99332525011448647,0.086036066214473794,495,495
fixed_train,6,0,impressed|2|08,"ac370000, ac370403",7,0.99332525011448647,0.087470149844674272,495,493
fixed_train,6,0,impressed|2|08,"ac370000, ac370403",8,0.99332525011448647,0.088098072077331557,495,493
fixed_train,6,0,impressed|2|08,"ac370000, ac370403",9,0.99332525011448647,0.083969087487835159,495,495
fixed_train,6,0,impressed|2|09,"376400, ac379999",0,0.99332525011448647,0.13585651660853904,268,268
fixed_train,6,0,impressed|2|09,"376400, ac379999",1,0.99332525011448647,0.13391316077759807,268,268
fixed_train,6,0,impressed|2|09,"376400, ac379999",2,0.99332525011448647,0.15056726739958715,268,266
fixed_train,6,0,impressed|2|09,"376400, ac379999",3,0.99332525011448647,0.12021587623204677,268,266
fixed_train,6,0,impressed|2|09,"376400, ac379999",4,0.99332525011448647,0.14149571671592076,268,268
fixed_train,6,0,impressed|2|09,"376400, ac379999",5,0.99332525011448647,0.13434754081511024,268,267
fixed_train,6,0,impressed|2|09,"376400, ac379999",6,0.99332525011448647,0.12995271582342915,268,267
fixed_train,6,0,impressed|2|09,"376400, ac379999",7,0.99332525011448647,0.12484835009960615,268,266
fixed_train,6,0,impressed|2|09,"376400, ac379999",8,0.99332525011448647,0.13290305632573596,268,268
fixed_train,6,0,impressed|2|09,"376400, ac379999",9,0.99332525011448647,0.13787270797120876,268,266
fixed_train,6,0,impressed|2|10,"ac379999, ac419100",0,0.99332525011448647,0.073734491219587195,578,574
fixed_train,6,0,impressed|2|10,"ac379999, ac419100",1,0.99332525011448647,0.080855748991815246,578,577
fixed_train,6,0,impressed|2|10,"ac379999, ac419100",2,0.99332525011448647,0.068996339526494754,578,576
fixed_train,6,0,impressed|2|10,"ac379999, ac419100",3,0.99332525011448647,0.061456037886277626,578,578
fixed_train,6,0,impressed|2|10,"ac379999, ac419100",4,0.99332525011448647,0.075772854996226879,578,578
fixed_train,6,0,impressed|2|10,"ac379999, ac419100",5,0.99332525011448647,0.058901193209599523,578,576
fixed_train,6,0,impressed|2|10,"ac379999, ac419100",6,0.99332525011448647,0.070614543770968874,578,578
fixed_train,6,0,impressed|2|10,"ac379999, ac419100",7,0.99332525011448647,0.07490470375050029,578,577
fixed_train,6,0,impressed|2|10,"ac379999, ac419100",8,0.99332525011448647,0.060738303448507169,578,576
fixed_train,6,0,impressed|2|10,"ac379999, ac419100",9,0.99332525011448647,0.069884525992457425,578,575
fixed_train,6,0,impressed|3|01,"376400, 377498a, 378619a",0,0.99332525011448647,0.12979056532494238,233,233
fixed_train,6,0,impressed|3|01,"376400, 377498a, 378619a",1,0.99332525011448647,0.13636235110288941,233,233
fixed_train,6,0,impressed|3|01,"376400, 377498a, 378619a",2,0.99332525011448647,0.13189064200212297,233,233
fixed_train,6,0,impressed|3|01,"376400, 377498a, 378619a",3,0.99332525011448647,0.14759908046692638,233,233
fixed_train,6,0,impressed|3|01,"376400, 377498a, 378619a",4,0.99332525011448647,0.14748051359296444,233,233
fixed_train,6,0,impressed|3|01,"376400, 377498a, 378619a",5,0.99332525011448647,0.13179504765217498,233,233
fixed_train,6,0,impressed|3|01,"376400, 377498a, 378619a",6,0.99332525011448647,0.13486915771752006,233,233
fixed_train,6,0,impressed|3|01,"376400, 377498a, 378619a",7,0.99332525011448647,0.13889398120887886,233,233
fixed_train,6,0,impressed|3|01,"376400, 377498a, 378619a",8,0.99332525011448647,0.14915970636771902,233,233
fixed_train,6,0,impressed|3|01,"376400, 377498a, 378619a",9,0.99332525011448647,0.13948151275393539,233,233
fixed_train,6,0,impressed|3|02,"376400, 377498a, ac372417",0,0.99332525011448647,0.12207427557975903,235,235
fixed_train,6,0,impressed|3|02,"376400, 377498a, ac372417",1,0.99332525011448647,0.1323639558130415,235,235
fixed_train,6,0,impressed|3|02,"376400, 377498a, ac372417",2,0.99332525011448647,0.12920436326842288,235,234
fixed_train,6,0,impressed|3|02,"376400, 377498a, ac372417",3,0.99332525011448647,0.13399438022181098,235,235
fixed_train,6,0,impressed|3|02,"376400, 377498a, ac372417",4,0.99332525011448647,0.13165263557750284,235,235
fixed_train,6,0,impressed|3|02,"376400, 377498a, ac372417",5,0.99332525011448647,0.12165498284397547,235,235
fixed_train,6,0,impressed|3|02,"376400, 377498a, ac372417",6,0.99332525011448647,0.13243685156359175,235,235
fixed_train,6,0,impressed|3|02,"376400, 377498a, ac372417",7,0.99332525011448647,0.11657775917323787,235,235
fixed_train,6,0,impressed|3|02,"376400, 377498a, ac372417",8,0.99332525011448647,0.13837864738027317,235,235
fixed_train,6,0,impressed|3|02,"376400, 377498a, ac372417",9,0.99332525011448647,0.11528808492651033,235,235
fixed_train,6,0,impressed|3|03,"376400, 377498a, ac379999",0,0.99332525011448647,0.13344654453895521,233,233
fixed_train,6,0,impressed|3|03,"376400, 377498a, ac379999",1,0.99332525011448647,0.12226641452918174,233,233
fixed_train,6,0,impressed|3|03,"376400, 377498a, ac379999",2,0.99332525011448647,0.12862213269470657,233,232
fixed_train,6,0,impressed|3|03,"376400, 377498a, ac379999",3,0.99332525011448647,0.13165263557750284,233,233
fixed_train,6,0,impressed|3|03,"376400, 377498a, ac379999",4,0.99332525011448647,0.12950210397198625,233,233
fixed_train,6,0,impressed|3|03,"376400, 377498a, ac379999",5,0.99332525011448647,0.1268972945467125,233,233
fixed_train,6,0,impressed|3|03,"376400, 377498a, ac379999",6,0.99332525011448647,0.11799184334927626,233,233
fixed_train,6,0,impressed|3|03,"376400, 377498a, ac379999",7,0.99332525011448647,0.1373743596219984,233,233
fixed_train,6,0,impressed|3|03,"376400, 377498a, ac379999",8,0.99332525011448647,0.13298732263403079,233,233
fixed_train,6,0,impressed|3|03,"376400, 377498a, ac379999",9,0.99332525011448647,0.13021405837229494,233,233
fixed_train,6,0,impressed|3|04,"376400, 378619a, ac379999",0,0.99332525011448647,0.15645325491232531,266,266
fixed_train,6,0,impressed|3|04,"376400, 378619a, ac379999",1,0.99332525011448647,0.17558340278798701,266,266
fixed_train,6,0,impressed|3|04,"376400, 378619a, ac379999",2,0.99332525011448647,0.15510955255485015,266,266
fixed_train,6,0,impressed|3|04,"376400, 378619a, ac379999",3,0.99332525011448647,0.16093489347149326,266,266
fixed_train,6,0,impressed|3|04,"376400, 378619a, ac379999",4,0.99332525011448647,0.16672903474211043,266,266
fixed_train,6,0,impressed|3|04,"376400, 378619a, ac379999",5,0.99332525011448647,0.17178974980526551,266,266
fixed_train,6,0,impressed|3|04,"376400, 378619a, ac379999",6,0.99332525011448647,0.17369090439611068,266,266
fixed_train,6,0,impressed|3|04,"376400, 378619a, ac379999",7,0.99332525011448647,0.16805229675007938,266,266
fixed_train,6,0,impressed|3|04,"376400, 378619a, ac379999",8,0.99332525011448647,0.16546374791103358,266,266
fixed_train,6,0,impressed|3|04,"376400, 378619a, ac379999",9,0.99332525011448647,0.17443586961444923,266,266
fixed_train,6,0,impressed|3|05,"376400, 377498a, ac370606",0,0.99332525011448647,0.11406861145218128,210,210
fixed_train,6,0,impressed|3|05,"376400, 377498a, ac370606",1,0.99332525011448647,0.11722584658186197,210,210
fixed_train,6,0,impressed|3|05,"376400, 377498a, ac370606",2,0.99332525011448647,0.1228807293584836,210,210
fixed_train,6,0,impressed|3|05,"376400, 377498a, ac370606",3,0.99332525011448647,0.10209114560258459,210,210
fixed_train,6,0,impressed|3|05,"376400, 377498a, ac370606",4,0.99332525011448647,0.10127075259377183,210,210
fixed_train,6,0,impressed|3|05,"376400, 377498a, ac370606",5,0.99332525011448647,0.12165498284397547,210,210
fixed_train,6,0,impressed|3|05,"376400, 377498a, ac370606",6,0.99332525011448647,0.11799184334927626,210,210
fixed_train,6,0,impressed|3|05,"376400, 377498a, ac370606",7,0.99332525011448647,0.10993757620142819,210,210
fixed_train,6,0,impressed|3|05,"376400, 377498a, ac370606",8,0.99332525011448647,0.11582520236625982,210,210
fixed_train,6,0,impressed|3|05,"376400, 377498a, ac370606",9,0.99332525011448647,0.11479642312171756,210,210
fixed_train,6,0,impressed|3|06,"378619a, ac379999, ac419100",0,0.99332525011448647,0.069120489974556665,305,305
fixed_train,6,0,impressed|3|06,"378619a, ac379999, ac419100",1,0.99332525011448647,0.078963342249587454,305,305
fixed_train,6,0,impressed|3|06,"378619a, ac379999, ac419100",2,0.99332525011448647,0.075819560382598628,305,305
fixed_train,6,0,impressed|3|06,"378619a, ac379999, ac419100",3,0.99332525011448647,0.084213714650466676,305,305
fixed_train,6,0,impressed|3|06,"378619a, ac379999, ac419100",4,0.99332525011448647,0.072473666310249429,305,305
fixed_train,6,0,impressed|3|06,"378619a, ac379999, ac419100",5,0.99332525011448647,0.088532765248520162,305,305
fixed_train,6,0,impressed|3|06,"378619a, ac379999, ac419100",6,0.99332525011448647,0.074487299711581523,305,305
fixed_train,6,0,impressed|3|06,"378619a, ac379999, ac419100",7,0.99332525011448647,0.080007539415348994,305,305
fixed_train,6,0,impressed|3|06,"378619a, ac379999, ac419100",8,0.99332525011448647,0.08354266516965958,305,305
fixed_train,6,0,impressed|3|06,"378619a, ac379999, ac419100",9,0.99332525011448647,0.078111069001157163,305,305
fixed_train,6,0,impressed|3|07,"378619a, 387042a, ac379999",0,0.99332525011448647,0.023692336924137525,113,113
fixed_train,6,0,impressed|3|07,"378619a, 387042a, ac379999",1,0.99332525011448647,0.030675615684904289,113,113
fixed_train,6,0,impressed|3|07,"378619a, 387042a, ac379999",2,0.99332525011448647,0.022597914420769527,113,113
fixed_train,6,0,impressed|3|07,"378619a, 387042a, ac379999",3,0.99332525011448647,0.024982601953506545,113,113
fixed_train,6,0,impressed|3|07,"378619a, 387042a, ac379999",4,0.99332525011448647,0.029353144645296259,113,113
fixed_train,6,0,impressed|3|07,"378619a, 387042a, ac379999",5,0.99332525011448647,0.03420372277756123,113,113
fixed_train,6,0,impressed|3|07,"378619a, 387042a, ac379999",6,0.99332525011448647,0.026078408218191518,113,113
fixed_train,6,0,impressed|3|07,"378619a, 387042a, ac379999",7,0.99332525011448647,0.031848880998159634,113,113
fixed_train,6,0,impressed|3|07,"378619a, 387042a, ac379999",8,0.99332525011448647,0.028263654710823483,113,113
fixed_train,6,0,impressed|3|07,"378619a, 387042a, ac379999",9,0.99332525011448647,0.029505080787652238,113,113
fixed_train,6,0,impressed|3|08,"376400, 378619a, ac411100",0,0.99332525011448647,0.039155422485659841,69,69
fixed_train,6,0,impressed|3|08,"376400, 378619a, ac411100",1,0.99332525011448647,0.038061311442526446,69,69
fixed_train,6,0,impressed|3|08,"376400, 378619a, ac411100",2,0.99332525011448647,0.035767154451344818,69,69
fixed_train,6,0,impressed|3|08,"376400, 378619a, ac411100",3,0.99332525011448647,0.038061311442526446,69,69
fixed_train,6,0,impressed|3|08,"376400, 378619a, ac411100",4,0.99332525011448647,0.038061311442526446,69,69
fixed_train,6,0,impressed|3|08,"376400, 378619a, ac411100",5,0.99332525011448647,0.032280896629983902,69,69
fixed_train,6,0,impressed|3|08,"376400, 378619a, ac411100",6,0.99332525011448647,0.039369715429047325,69,69
fixed_train,6,0,impressed|3|08,"376400, 378619a, ac411100",7,0.99332525011448647,0.036964933670284417,69,69
fixed_train,6,0,impressed|3|08,"376400, 378619a, ac411100",8,0.99332525011448647,0.035767154451344818,69,69
fixed_train,6,0,impressed|3|08,"376400, 378619a, ac411100",9,0.99332525011448647,0.034668108219979343,69,69
fixed_train,6,0,impressed|3|09,"387042a, ac410100, ac419100",0,0.99332525011448647,0.018936445118525991,121,121
fixed_train,6,0,impressed|3|09,"387042a, ac410100, ac419100",1,0.99332525011448647,0.015617455377818779,121,121
fixed_train,6,0,impressed|3|09,"387042a, ac410100, ac419100",2,0.99332525011448647,0.01789474045215611,121,118
fixed_train,6,0,impressed|3|09,"387042a, ac410100, ac419100",3,0.99332525011448647,0.011057265759554236,121,120
fixed_train,6,0,impressed|3|09,"387042a, ac410100, ac419100",4,0.99332525011448647,0.014565347085298441,121,120
fixed_train,6,0,impressed|3|09,"387042a, ac410100, ac419100",5,0.99332525011448647,0.01557441639953161,121,120
fixed_train,6,0,impressed|3|09,"387042a, ac410100, ac419100",6,0.99332525011448647,0.013349499771027062,121,120
fixed_train,6,0,impressed|3|09,"387042a, ac410100, ac419100",7,0.99332525011448647,0.013349499771027062,121,121
fixed_train,6,0,impressed|3|09,"387042a, ac410100, ac419100",8,0.99332525011448647,0.024534337483151591,121,121
fixed_train,6,0,impressed|3|09,"387042a, ac410100, ac419100",9,0.99332525011448647,0.011159014325152317,121,120
fixed_train,6,0,impressed|3|10,"378619a, ac370000, ac379999",0,0.99332525011448647,0.080809734212152207,325,325
fixed_train,6,0,impressed|3|10,"378619a, ac370000, ac379999",1,0.99332525011448647,0.086544188100107111,325,325
fixed_train,6,0,impressed|3|10,"378619a, ac370000, ac379999",2,0.99332525011448647,0.093285230014165332,325,325
fixed_train,6,0,impressed|3|10,"378619a, ac370000, ac379999",3,0.99332525011448647,0.088532765248520162,325,325
fixed_train,6,0,impressed|3|10,"378619a, ac370000, ac379999",4,0.99332525011448647,0.089209948983861254,325,325
fixed_train,6,0,impressed|3|10,"378619a, ac370000, ac379999",5,0.99332525011448647,0.078712449369028215,325,325
fixed_train,6,0,impressed|3|10,"378619a, ac370000, ac379999",6,0.99332525011448647,0.086455573387588358,325,325
fixed_train,6,0,impressed|3|10,"378619a, ac370000, ac379999",7,0.99332525011448647,0.079557030922914218,325,325
fixed_train,6,0,impressed|3|10,"378619a, ac370000, ac379999",8,0.99332525011448647,0.081661976537458547,325,325
fixed_train,6,0,impressed|3|10,"378619a, ac370000, ac379999",9,0.99332525011448647,0.082901442676387882,325,325
fixed_test,6,1,apriori|1|01,ac419100,0,0.89025896771459767,0.0030817478173932322,208,179
fixed_test,6,1,apriori|1|01,ac419100,1,0.89025896771459767,0.024756078475497989,208,182
fixed_test,6,1,apriori|1|01,ac419100,2,0.89025896771459767,-0.0091450860237836107,208,181
fixed_test,6,1,apriori|1|01,ac419100,3,0.89025896771459767,0.012107570225616926,208,182
fixed_test,6,1,apriori|1|01,ac419100,4,0.89025896771459767,0.0073783722027800369,208,180
fixed_test,6,1,apriori|1|01,ac419100,5,0.89025896771459767,0.0062047528533047958,208,179
fixed_test,6,1,apriori|1|01,ac419100,6,0.89025896771459767,0.0010287289268366973,208,181
fixed_test,6,1,apriori|1|01,ac419100,7,0.89025896771459767,0.016747924561834604,208,180
fixed_test,6,1,apriori|1|01,ac419100,8,0.89025896771459767,-0.012346572768888175,208,179
fixed_test,6,1,apriori|1|01,ac419100,9,0.89025896771459767,-0.0040870615713650693,208,183
fixed_test,6,1,apriori|1|02,ac370000,0,0.89025896771459767,0.04095795450438855,157,157
fixed_test,6,1,apriori|1|02,ac370000,1,0.89025896771459767,0.0080959562999510792,157,155
fixed_test,6,1,apriori|1|02,ac370000,2,0.89025896771459767,0.014287542031076406,157,154
fixed_test,6,1,apriori|1|02,ac370000,3,0.89025896771459767,0.071169124579859244,157,156
fixed_test,6,1,apriori|1|02,ac370000,4,0.89025896771459767,0.011443587095904428,157,156
fixed_test,6,1,apriori|1|02,ac370000,5,0.89025896771459767,0.037951982664249817,157,156
fixed_test,6,1,apriori|1|02,ac370000,6,0.89025896771459767,0.018290172047566999,157,157
fixed_test,6,1,apriori|1|02,ac370000,7,0.89025896771459767,0.037033850539660018,157,155
fixed_test,6,1,apriori|1|02,ac370000,8,0.89025896771459767,0.048731162290152952,157,156
fixed_test,6,1,apriori|1|02,ac370000,9,0.89025896771459767,0.035487029279943849,157,155
fixed_test,6,1,apriori|1|03,ac379999,0,0.89025896771459767,0.019490355795543257,154,151
fixed_test,6,1,apriori|1|03,ac379999,1,0.89025896771459767,0.035289107511955686,154,148
fixed_test,6,1,apriori|1|03,ac379999,2,0.89025896771459767,0.0040605437768557184,154,154
fixed_test,6,1,apriori|1|03,ac379999,3,0.89025896771459767,0.016096667271436105,154,147
fixed_test,6,1,apriori|1|03,ac379999,4,0.89025896771459767,0.013164669861836287,154,148
fixed_test,6,1,apriori|1|03,ac379999,5,0.89025896771459767,0.012107570225616926,154,150
fixed_test,6,1,apriori|1|03,ac379999,6,0.89025896771459767,0.014287542031076406,154,151
fixed_test,6,1,apriori|1|03,ac379999,7,0.89025896771459767,0.018290172047566999,154,150
fixed_test,6,1,apriori|1|03,ac379999,8,0.89025896771459767,0.015480415664401392,154,149
fixed_test,6,1,apriori|1|03,ac379999,9,0.89025896771459767,0.019058257385659361,154,148
fixed_test,6,1,apriori|1|04,370407,0,0.89025896771459767,0.0071082601602333595,130,129
fixed_test,6,1,apriori|1|04,370407,1,0.89025896771459767,0,130,124
fixed_test,6,1,apriori|1|04,370407,2,0.89025896771459767,0.022268795946816966,130,125
fixed_test,6,1,apriori|1|04,370407,3,0.89025896771459767,0.026224723774620817,130,127
fixed_test,6,1,apriori|1|04,370407,4,0.89025896771459767,-0.013274363372585585,130,128
fixed_test,6,1,apriori|1|04,370407,5,0.89025896771459767,0.02743525807135061,130,126
fixed_test,6,1,apriori|1|04,370407,6,0.89025896771459767,0.014287542031076406,130,129
fixed_test,6,1,apriori|1|04,370407,7,0.89025896771459767,-0.0050435823081249609,130,128
fixed_test,6,1,apriori|1|04,370407,8,0.89025896771459767,-0.0059440745908303505,130,128
fixed_test,6,1,apriori|1|04,370407,9,0.89025896771459767,0.0040605437768557184,130,128
fixed_test,6,1,apriori|1|05,ac370419,0,0.89025896771459767,0.0010287289268366973,129,128
fixed_test,6,1,apriori|1|05,ac370419,1,0.89025896771459767,0.0091450860237836107,129,124
fixed_test,6,1,apriori|1|05,ac370419,2,0.89025896771459767,-0.00096842743738378978,129,126
fixed_test,6,1,apriori|1|05,ac370419,3,0.89025896771459767,0.014287542031076406,129,125
fixed_test,6,1,apriori|1|05,ac370419,4,0.89025896771459767,0.013164669861836287,129,127
fixed_test,6,1,apriori|1|05,ac370419,5,0.89025896771459767,-0.019097194912053639,129,125
fixed_test,6,1,apriori|1|05,ac370419,6,0.89025896771459767,0.010259542361189977,129,127
fixed_test,6,1,apriori|1|05,ac370419,7,0.89025896771459767,0.010259542361189977,129,126
fixed_test,6,1,apriori|1|05,ac370419,8,0.89025896771459767,0.010259542361189977,129,126
fixed_test,6,1,apriori|1|05,ac370419,9,0.89025896771459767,0.014287542031076406,129,124
fixed_test,6,1,apriori|1|06,ac410100,0,0.89025896771459767,0,130,120
fixed_test,6,1,apriori|1|06,ac410100,1,0.89025896771459767,0.0062047528533047958,130,124
fixed_test,6,1,apriori|1|06,ac410100,2,0.89025896771459767,0.011443587095904428,130,121
fixed_test,6,1,apriori|1|06,ac410100,3,0.89025896771459767,0.0062047528533047958,130,126
fixed_test,6,1,apriori|1|06,ac410100,4,0.89025896771459767,0.010259542361189977,130,124
fixed_test,6,1,apriori|1|06,ac410100,5,0.89025896771459767,-0.0040870615713650693,130,124
fixed_test,6,1,apriori|1|06,ac410100,6,0.89025896771459767,-0.01829017204756711,130,124
fixed_test,6,1,apriori|1|06,ac410100,7,0.89025896771459767,0.017160340037285837,130,123
fixed_test,6,1,apriori|1|06,ac410100,8,0.89025896771459767,-0.0050435823081249609,130,125
fixed_test,6,1,apriori|1|06,ac410100,9,0.89025896771459767,0.0010287289268366973,130,128
fixed_test,6,1,apriori|1|07,ac370443,0,0.89025896771459767,0.013164669861836287,128,123
fixed_test,6,1,apriori|1|07,ac370443,1,0.89025896771459767,0,128,127
fixed_test,6,1,apriori|1|07,ac370443,2,0.89025896771459767,0.019490355795543257,128,126
fixed_test,6,1,apriori|1|07,ac370443,3,0.89025896771459767,-0.014147708393105529,128,125
fixed_test,6,1,apriori|1|07,ac370443,4,0.89025896771459767,0.0051002402298557792,128,124
fixed_test,6,1,apriori|1|07,ac370443,5,0.89025896771459767,-0.00096842743738378978,128,124
fixed_test,6,1,apriori|1|07,ac370443,6,0.89025896771459767,0.030159215042064202,128,125
fixed_test,6,1,apriori|1|07,ac370443,7,0.89025896771459767,0.012107570225616926,128,125
fixed_test,6,1,apriori|1|07,ac370443,8,0.89025896771459767,-0.0059440745908303505,128,120
fixed_test,6,1,apriori|1|07,ac370443,9,0.89025896771459767,0.0040605437768557184,128,123
fixed_test,6,1,apriori|1|08,ac370442,0,0.89025896771459767,0.0080959562999510792,127,126
fixed_test,6,1,apriori|1|08,ac370442,1,0.89025896771459767,-0.00096842743738378978,127,125
fixed_test,6,1,apriori|1|08,ac370442,2,0.89025896771459767,0.0051002402298557792,127,122
fixed_test,6,1,apriori|1|08,ac370442,3,0.89025896771459767,-0.028161578649388508,127,124
fixed_test,6,1,apriori|1|08,ac370442,4,0.89025896771459767,-0.0091450860237836107,127,126
fixed_test,6,1,apriori|1|08,ac370442,5,0.89025896771459767,0.014287542031076406,127,125
fixed_test,6,1,apriori|1|08,ac370442,6,0.89025896771459767,0.0040605437768557184,127,124
fixed_test,6,1,apriori|1|08,ac370442,7,0.89025896771459767,-0.0059440745908303505,127,124
fixed_test,6,1,apriori|1|08,ac370442,8,0.89025896771459767,-0.0050435823081249609,127,123
fixed_test,6,1,apriori|1|08,ac370442,9,0.89025896771459767,0.0062047528533047958,127,124
fixed_test,6,1,apriori|1|09,370712b,0,0.89025896771459767,0.0091450860237836107,118,114
fixed_test,6,1,apriori|1|09,370712b,1,0.89025896771459767,0.030159215042064202,118,115
fixed_test,6,1,apriori|1|09,370712b,2,0.89025896771459767,0.0021602722513168748,118,114
fixed_test,6,1,apriori|1|09,370712b,3,0.89025896771459767,0.019490355795543257,118,108
fixed_test,6,1,apriori|1|09,370712b,4,0.89025896771459767,0.012107570225616926,118,113
fixed_test,6,1,apriori|1|09,370712b,5,0.89025896771459767,0.02743525807135061,118,118
fixed_test,6,1,apriori|1|09,370712b,6,0.89025896771459767,0.012107570225616926,118,116
fixed_test,6,1,apriori|1|09,370712b,7,0.89025896771459767,-0.0050435823081249609,118,115
fixed_test,6,1,apriori|1|09,370712b,8,0.89025896771459767,0.02743525807135061,118,116
fixed_test,6,1,apriori|1|09,370712b,9,0.89025896771459767,0.0091450860237836107,118,112
fixed_test,6,1,apriori|1|10,ac411100,0,0.89025896771459767,0.011443587095904428,126,118
fixed_test,6,1,apriori|1|10,ac411100,1,0.89025896771459767,0.0091450860237836107,126,111
fixed_test,6,1,apriori|1|10,ac411100,2,0.89025896771459767,0.0062047528533047958,126,112
fixed_test,6,1,apriori|1|10,ac411100,3,0.89025896771459767,0.015480415664401392,126,113
fixed_test,6,1,apriori|1|10,ac411100,4,0.89025896771459767,0.0062047528533047958,126,117
fixed_test,6,1,apriori|1|10,ac411100,5,0.89025896771459767,0.0051002402298557792,126,116
fixed_test,6,1,apriori|1|10,ac411100,6,0.89025896771459767,0.016747924561834604,126,120
fixed_test,6,1,apriori|1|10,ac411100,7,0.89025896771459767,0.018290172047566999,126,113
fixed_test,6,1,apriori|1|10,ac411100,8,0.89025896771459767,0.0062047528533047958,126,113
fixed_test,6,1,apriori|1|10,ac411100,9,0.89025896771459767,0.0051002402298557792,126,117
fixed_test,6,1,apriori|2|01,"ac370000, ac379999",0,0.89025896771459767,0.011443587095904428,154,154
fixed_test,6,1,apriori|2|01,"ac370000, ac379999",1,0.89025896771459767,0.008625808702551252,154,154
fixed_test,6,1,apriori|2|01,"ac370000, ac379999",2,0.89025896771459767,-0.014969896999054155,154,154
fixed_test,6,1,apriori|2|01,"ac370000, ac379999",3,0.89025896771459767,-0.0019911801562745302,154,154
fixed_test,6,1,apriori|2|01,"ac370000, ac379999",4,0.89025896771459767,-0.0040870615713650693,154,153
fixed_test,6,1,apriori|2|01,"ac370000, ac379999",5,0.89025896771459767,0.029103168561358861,154,154
fixed_test,6,1,apriori|2|01,"ac370000, ac379999",6,0.89025896771459767,-0.019097194912053639,154,154
fixed_test,6,1,apriori|2|01,"ac370000, ac379999",7,0.89025896771459767,0.018290172047566999,154,154
fixed_test,6,1,apriori|2|01,"ac370000, ac379999",8,0.89025896771459767,0.034031741286594586,154,153
fixed_test,6,1,apriori|2|01,"ac370000, ac379999",9,0.89025896771459767,0.014039601359250309,154,153
fixed_test,6,1,apriori|2|02,"ac370000, ac419100",0,0.89025896771459767,0.0010287289268366973,142,141
fixed_test,6,1,apriori|2|02,"ac370000, ac419100",1,0.89025896771459767,-0.019856961173374876,142,141
fixed_test,6,1,apriori|2|02,"ac370000, ac419100",2,0.89025896771459767,0.011112376614254349,142,141
fixed_test,6,1,apriori|2|02,"ac370000, ac419100",3,0.89025896771459767,0.018095155981587396,142,142
fixed_test,6,1,apriori|2|02,"ac370000, ac419100",4,0.89025896771459767,0.0091450860237836107,142,142
fixed_test,6,1,apriori|2|02,"ac370000, ac419100",5,0.89025896771459767,-0.013274363372585585,142,142
fixed_test,6,1,apriori|2|02,"ac370000, ac419100",6,0.89025896771459767,0.0051002402298557792,142,142
fixed_test,6,1,apriori|2|02,"ac370000, ac419100",7,0.89025896771459767,0.013164669861836287,142,141
fixed_test,6,1,apriori|2|02,"ac370000, ac419100",8,0.89025896771459767,0.030087374693028801,142,142
fixed_test,6,1,apriori|2|02,"ac370000, ac419100",9,0.89025896771459767,0.022268795946816966,142,142
fixed_test,6,1,apriori|2|03,"ac379999, ac419100",0,0.89025896771459767,0.016747924561834604,140,139
fixed_test,6,1,apriori|2|03,"ac379999, ac419100",1,0.89025896771459767,0.02743525807135061,140,140
fixed_test,6,1,apriori|2|03,"ac379999, ac419100",2,0.89025896771459767,0.018290172047566999,140,138
fixed_test,6,1,apriori|2|03,"ac379999, ac419100",3,0.89025896771459767,-0.021622235579984994,140,139
fixed_test,6,1,apriori|2|03,"ac379999, ac419100",4,0.89025896771459767,0.010259542361189977,140,137
fixed_test,6,1,apriori|2|03,"ac379999, ac419100",5,0.89025896771459767,-0.0018801469509693858,140,138
fixed_test,6,1,apriori|2|03,"ac379999, ac419100",6,0.89025896771459767,0.0021216932973425751,140,139
fixed_test,6,1,apriori|2|03,"ac379999, ac419100",7,0.89025896771459767,0.024756078475497989,140,138
fixed_test,6,1,apriori|2|03,"ac379999, ac419100",8,0.89025896771459767,0.008625808702551252,140,139
fixed_test,6,1,apriori|2|03,"ac379999, ac419100",9,0.89025896771459767,0.0091450860237836107,140,140
fixed_test,6,1,apriori|2|04,"370407, ac370000",0,0.89025896771459767,0.040477048116778325,130,129
fixed_test,6,1,apriori|2|04,"370407, ac370000",1,0.89025896771459767,0.037951982664249817,130,130
fixed_test,6,1,apriori|2|04,"370407, ac370000",2,0.89025896771459767,0.037033850539660018,130,130
fixed_test,6,1,apriori|2|04,"370407, ac370000",3,0.89025896771459767,0.050376641178750625,130,130
fixed_test,6,1,apriori|2|04,"370407, ac370000",4,0.89025896771459767,0.040477048116778325,130,130
fixed_test,6,1,apriori|2|04,"370407, ac370000",5,0.89025896771459767,0.073160688190268219,130,130
fixed_test,6,1,apriori|2|04,"370407, ac370000",6,0.89025896771459767,0.012107570225616926,130,129
fixed_test,6,1,apriori|2|04,"370407, ac370000",7,0.89025896771459767,0.054226133998052983,130,130
fixed_test,6,1,apriori|2|04,"370407, ac370000",8,0.89025896771459767,0.045725430118917609,130,130
fixed_test,6,1,apriori|2|04,"370407, ac370000",9,0.89025896771459767,0.031372922031797645,130,130
fixed_test,6,1,apriori|2|05,"370407, ac379999",0,0.89025896771459767,-0.01003281117471877,128,128
fixed_test,6,1,apriori|2|05,"370407, ac379999",1,0.89025896771459767,0.0080959562999510792,128,128
fixed_test,6,1,apriori|2|05,"370407, ac379999",2,0.89025896771459767,0.0030817478173932322,128,128
fixed_test,6,1,apriori|2|05,"370407, ac379999",3,0.89025896771459767,-0.0067918321116207103,128,128
fixed_test,6,1,apriori|2|05,"370407, ac379999",4,0.89025896771459767,0.014287542031076406,128,128
fixed_test,6,1,apriori|2|05,"370407, ac379999",5,0.89025896771459767,-0.0030709099577918009,128,128
fixed_test,6,1,apriori|2|05,"370407, ac379999",6,0.89025896771459767,-0.0018801469509693858,128,128
fixed_test,6,1,apriori|2|05,"370407, ac379999",7,0.89025896771459767,-0.01829017204756711,128,128
fixed_test,6,1,apriori|2|05,"370407, ac379999",8,0.89025896771459767,0.0071082601602333595,128,128
fixed_test,6,1,apriori|2|05,"370407, ac379999",9,0.89025896771459767,0.0091450860237836107,128,127
fixed_test,6,1,apriori|2|06,"ac370000, ac370419",0,0.89025896771459767,0.027564503260623763,129,129
fixed_test,6,1,apriori|2|06,"ac370000, ac370419",1,0.89025896771459767,0.046503197818696385,129,129
fixed_test,6,1,apriori|2|06,"ac370000, ac370419",2,0.89025896771459767,0.034724425893301714,129,129
fixed_test,6,1,apriori|2|06,"ac370000, ac370419",3,0.89025896771459767,0.03658034409513411,129,128
fixed_test,6,1,apriori|2|06,"ac370000, ac370419",4,0.89025896771459767,0.059795327853112479,129,129
fixed_test,6,1,apriori|2|06,"ac370000, ac370419",5,0.89025896771459767,0.034031741286594586,129,129
fixed_test,6,1,apriori|2|06,"ac370000, ac370419",6,0.89025896771459767,0.043307404097691071,129,127
fixed_test,6,1,apriori|2|06,"ac370000, ac370419",7,0.89025896771459767,0.054226133998052983,129,129
fixed_test,6,1,apriori|2|06,"ac370000, ac370419",8,0.89025896771459767,0.024756078475497989,129,129
fixed_test,6,1,apriori|2|06,"ac370000, ac370419",9,0.89025896771459767,0.035487029279943849,129,129
fixed_test,6,1,apriori|2|07,"ac370000, ac370443",0,0.89025896771459767,0.016747924561834604,128,128
fixed_test,6,1,apriori|2|07,"ac370000, ac370443",1,0.89025896771459767,0.035487029279943849,128,127
fixed_test,6,1,apriori|2|07,"ac370000, ac370443",2,0.89025896771459767,0.041849447434738285,128,128
fixed_test,6,1,apriori|2|07,"ac370000, ac370443",3,0.89025896771459767,0.01811123249684321,128,127
fixed_test,6,1,apriori|2|07,"ac370000, ac370443",4,0.89025896771459767,0.023474843832297143,128,128
fixed_test,6,1,apriori|2|07,"ac370000, ac370443",5,0.89025896771459767,0.016747924561834604,128,127
fixed_test,6,1,apriori|2|07,"ac370000, ac370443",6,0.89025896771459767,0.010259542361189977,128,128
fixed_test,6,1,apriori|2|07,"ac370000, ac370443",7,0.89025896771459767,0.0021216932973425751,128,127
fixed_test,6,1,apriori|2|07,"ac370000, ac370443",8,0.89025896771459767,0.039409268491590876,128,128
fixed_test,6,1,apriori|2|07,"ac370000, ac370443",9,0.89025896771459767,0.039409268491590876,128,128
fixed_test,6,1,apriori|2|08,"ac370419, ac379999",0,0.89025896771459767,-0.010868554062172242,127,127
fixed_test,6,1,apriori|2|08,"ac370419, ac379999",1,0.89025896771459767,-0.014969896999054155,127,127
fixed_test,6,1,apriori|2|08,"ac370419, ac379999",2,0.89025896771459767,0.0071082601602333595,127,127
fixed_test,6,1,apriori|2|08,"ac370419, ac379999",3,0.89025896771459767,-0.00096842743738378978,127,127
fixed_test,6,1,apriori|2|08,"ac370419, ac379999",4,0.89025896771459767,0.0091450860237836107,127,127
fixed_test,6,1,apriori|2|08,"ac370419, ac379999",5,0.89025896771459767,0.019490355795543257,127,127
fixed_test,6,1,apriori|2|08,"ac370419, ac379999",6,0.89025896771459767,-0.01003281117471877,127,127
fixed_test,6,1,apriori|2|08,"ac370419, ac379999",7,0.89025896771459767,0.013164669861836287,127,127
fixed_test,6,1,apriori|2|08,"ac370419, ac379999",8,0.89025896771459767,-0.0030709099577918009,127,127
fixed_test,6,1,apriori|2|08,"ac370419, ac379999",9,0.89025896771459767,-0.00096842743738378978,127,127
fixed_test,6,1,apriori|2|09,"ac370000, ac370442",0,0.89025896771459767,0.048731162290152952,127,127
fixed_test,6,1,apriori|2|09,"ac370000, ac370442",1,0.89025896771459767,0.040477048116778325,127,127
fixed_test,6,1,apriori|2|09,"ac370000, ac370442",2,0.89025896771459767,0.049581174201758893,127,126
fixed_test,6,1,apriori|2|09,"ac370000, ac370442",3,0.89025896771459767,0.020765480894466726,127,127
fixed_test,6,1,apriori|2|09,"ac370000, ac370442",4,0.89025896771459767,0.022268795946816966,127,126
fixed_test,6,1,apriori|2|09,"ac370000, ac370442",5,0.89025896771459767,0.020765480894466726,127,127
fixed_test,6,1,apriori|2|09,"ac370000, ac370442",6,0.89025896771459767,0.037951982664249817,127,127
fixed_test,6,1,apriori|2|09,"ac370000, ac370442",7,0.89025896771459767,0.035487029279943849,127,127
fixed_test,6,1,apriori|2|09,"ac370000, ac370442",8,0.89025896771459767,0.037951982664249817,127,127
fixed_test,6,1,apriori|2|09,"ac370000, ac370442",9,0.89025896771459767,0.044856581638998416,127,127
fixed_test,6,1,apriori|2|10,"ac370419, ac370443",0,0.89025896771459767,0.010259542361189977,127,127
fixed_test,6,1,apriori|2|10,"ac370419, ac370443",1,0.89025896771459767,0.032662145633517659,127,127
fixed_test,6,1,apriori|2|10,"ac370419, ac370443",2,0.89025896771459767,0.012107570225616926,127,127
fixed_test,6,1,apriori|2|10,"ac370419, ac370443",3,0.89025896771459767,0.047182796098603097,127,127
fixed_test,6,1,apriori|2|10,"ac370419, ac370443",4,0.89025896771459767,0.044856581638998416,127,127
fixed_test,6,1,apriori|2|10,"ac370419, ac370443",5,0.89025896771459767,0.050376641178750625,127,127
fixed_test,6,1,apriori|2|10,"ac370419, ac370443",6,0.89025896771459767,0.047182796098603097,127,127
fixed_test,6,1,apriori|2|10,"ac370419, ac370443",7,0.89025896771459767,0.023474843832297143,127,127
fixed_test,6,1,apriori|2|10,"ac370419, ac370443",8,0.89025896771459767,0.018290172047566999,127,127
fixed_test,6,1,apriori|2|10,"ac370419, ac370443",9,0.89025896771459767,0.010259542361189977,127,127
fixed_test,6,1,apriori|3|01,"ac370000, ac379999, ac419100",0,0.89025896771459767,0.022268795946816966,140,139
fixed_test,6,1,apriori|3|01,"ac370000, ac379999, ac419100",1,0.89025896771459767,0.0091450860237836107,140,140
fixed_test,6,1,apriori|3|01,"ac370000, ac379999, ac419100",2,0.89025896771459767,0.0040605437768557184,140,140
fixed_test,6,1,apriori|3|01,"ac370000, ac379999, ac419100",3,0.89025896771459767,0.0040605437768557184,140,140
fixed_test,6,1,apriori|3|01,"ac370000, ac379999, ac419100",4,0.89025896771459767,-0.0050435823081249609,140,140
fixed_test,6,1,apriori|3|01,"ac370000, ac379999, ac419100",5,0.89025896771459767,0.018290172047566999,140,140
fixed_test,6,1,apriori|3|01,"ac370000, ac379999, ac419100",6,0.89025896771459767,-0.0018801469509693858,140,140
fixed_test,6,1,apriori|3|01,"ac370000, ac379999, ac419100",7,0.89025896771459767,0.013164669861836287,140,140
fixed_test,6,1,apriori|3|01,"ac370000, ac379999, ac419100",8,0.89025896771459767,0.018290172047566999,140,140
fixed_test,6,1,apriori|3|01,"ac370000, ac379999, ac419100",9,0.89025896771459767,0.015480415664401392,140,140
fixed_test,6,1,apriori|3|02,"370407, ac370000, ac379999",0,0.89025896771459767,0.027940967018146301,128,128
fixed_test,6,1,apriori|3|02,"370407, ac370000, ac379999",1,0.89025896771459767,0.012107570225616926,128,128
fixed_test,6,1,apriori|3|02,"370407, ac370000, ac379999",2,0.89025896771459767,0.03185188806857997,128,128
fixed_test,6,1,apriori|3|02,"370407, ac370000, ac379999",3,0.89025896771459767,-0.0091450860237836107,128,128
fixed_test,6,1,apriori|3|02,"370407, ac370000, ac379999",4,0.89025896771459767,0.014152773024332155,128,128
fixed_test,6,1,apriori|3|02,"370407, ac370000, ac379999",5,0.89025896771459767,0.014287542031076406,128,128
fixed_test,6,1,apriori|3|02,"370407, ac370000, ac379999",6,0.89025896771459767,0.018290172047566999,128,128
fixed_test,6,1,apriori|3|02,"370407, ac370000, ac379999",7,0.89025896771459767,0.037951982664249817,128,128
fixed_test,6,1,apriori|3|02,"370407, ac370000, ac379999",8,0.89025896771459767,0.021133392633840509,128,128
fixed_test,6,1,apriori|3|02,"370407, ac370000, ac379999",9,0.89025896771459767,0.040477048116778325,128,128
fixed_test,6,1,apriori|3|03,"ac370000, ac370419, ac379999",0,0.89025896771459767,0.05398648698379549,127,127
fixed_test,6,1,apriori|3|03,"ac370000, ac370419, ac379999",1,0.89025896771459767,0.030087374693028801,127,127
fixed_test,6,1,apriori|3|03,"ac370000, ac370419, ac379999",2,0.89025896771459767,0.051036749235958911,127,127
fixed_test,6,1,apriori|3|03,"ac370000, ac370419, ac379999",3,0.89025896771459767,0.011443587095904428,127,127
fixed_test,6,1,apriori|3|03,"ac370000, ac370419, ac379999",4,0.89025896771459767,0.020064480977191934,127,127
fixed_test,6,1,apriori|3|03,"ac370000, ac370419, ac379999",5,0.89025896771459767,0.052583066908787779,127,127
fixed_test,6,1,apriori|3|03,"ac370000, ac370419, ac379999",6,0.89025896771459767,0.0062047528533047958,127,127
fixed_test,6,1,apriori|3|03,"ac370000, ac370419, ac379999",7,0.89025896771459767,0.043307404097691071,127,127
fixed_test,6,1,apriori|3|03,"ac370000, ac370419, ac379999",8,0.89025896771459767,0.044856581638998416,127,127
fixed_test,6,1,apriori|3|03,"ac370000, ac370419, ac379999",9,0.89025896771459767,0.030159215042064202,127,127
fixed_test,6,1,apriori|3|04,"ac370000, ac370419, ac370443",0,0.89025896771459767,0.059795327853112479,127,127
fixed_test,6,1,apriori|3|04,"ac370000, ac370419, ac370443",1,0.89025896771459767,0.054870516142700998,127,127
fixed_test,6,1,apriori|3|04,"ac370000, ac370419, ac370443",2,0.89025896771459767,0.071716731190060279,127,127
fixed_test,6,1,apriori|3|04,"ac370000, ac370419, ac370443",3,0.89025896771459767,0.076980479198172969,127,127
fixed_test,6,1,apriori|3|04,"ac370000, ac370419, ac370443",4,0.89025896771459767,0.08402155544727985,127,127
fixed_test,6,1,apriori|3|04,"ac370000, ac370419, ac370443",5,0.89025896771459767,0.063595686357107772,127,127
fixed_test,6,1,apriori|3|04,"ac370000, ac370419, ac370443",6,0.89025896771459767,0.063617517529042433,127,127
fixed_test,6,1,apriori|3|04,"ac370000, ac370419, ac370443",7,0.89025896771459767,0.063617517529042433,127,127
fixed_test,6,1,apriori|3|04,"ac370000, ac370419, ac370443",8,0.89025896771459767,0.046503197818696385,127,127
fixed_test,6,1,apriori|3|04,"ac370000, ac370419, ac370443",9,0.89025896771459767,0.067405017070810036,127,127
fixed_test,6,1,apriori|3|05,"ac370000, ac370442, ac370443",0,0.89025896771459767,0.076980479198172969,126,126
fixed_test,6,1,apriori|3|05,"ac370000, ac370442, ac370443",1,0.89025896771459767,0.067405017070810036,126,126
fixed_test,6,1,apriori|3|05,"ac370000, ac370442, ac370443",2,0.89025896771459767,0.06401560216648472,126,126
fixed_test,6,1,apriori|3|05,"ac370000, ac370442, ac370443",3,0.89025896771459767,0.057829554943447214,126,126
fixed_test,6,1,apriori|3|05,"ac370000, ac370442, ac370443",4,0.89025896771459767,0.07113439253098075,126,126
fixed_test,6,1,apriori|3|05,"ac370000, ac370442, ac370443",5,0.89025896771459767,0.031539267830026696,126,126
fixed_test,6,1,apriori|3|05,"ac370000, ac370442, ac370443",6,0.89025896771459767,0.059795327853112479,126,126
fixed_test,6,1,apriori|3|05,"ac370000, ac370442, ac370443",7,0.89025896771459767,0.072965238716162339,126,126
fixed_test,6,1,apriori|3|05,"ac370000, ac370442, ac370443",8,0.89025896771459767,0.061647537376424366,126,126
fixed_test,6,1,apriori|3|05,"ac370000, ac370442, ac370443",9,0.89025896771459767,0.067405017070810036,126,126
fixed_test,6,1,apriori|3|06,"370407, ac370000, ac370419",0,0.89025896771459767,0.046503197818696385,123,123
fixed_test,6,1,apriori|3|06,"370407, ac370000, ac370419",1,0.89025896771459767,0.052583066908787779,123,123
fixed_test,6,1,apriori|3|06,"370407, ac370000, ac370419",2,0.89025896771459767,0.052099675679199375,123,123
fixed_test,6,1,apriori|3|06,"370407, ac370000, ac370419",3,0.89025896771459767,0.055972545097732529,123,123
fixed_test,6,1,apriori|3|06,"370407, ac370000, ac370419",4,0.89025896771459767,0.052125950172989488,123,123
fixed_test,6,1,apriori|3|06,"370407, ac370000, ac370419",5,0.89025896771459767,0.046503197818696385,123,123
fixed_test,6,1,apriori|3|06,"370407, ac370000, ac370419",6,0.89025896771459767,0.050116807788284423,123,123
fixed_test,6,1,apriori|3|06,"370407, ac370000, ac370419",7,0.89025896771459767,0.037033850539660018,123,123
fixed_test,6,1,apriori|3|06,"370407, ac370000, ac370419",8,0.89025896771459767,0.069085392923225242,123,123
fixed_test,6,1,apriori|3|06,"370407, ac370000, ac370419",9,0.89025896771459767,0.054226133998052983,123,123
fixed_test,6,1,apriori|3|07,"ac370000, ac370419, ac370442",0,0.89025896771459767,0.046503197818696385,126,126
fixed_test,6,1,apriori|3|07,"ac370000, ac370419, ac370442",1,0.89025896771459767,0.065441892376768895,126,126
fixed_test,6,1,apriori|3|07,"ac370000, ac370419, ac370442",2,0.89025896771459767,0.067789426371720141,126,126
fixed_test,6,1,apriori|3|07,"ac370000, ac370419, ac370442",3,0.89025896771459767,0.076980479198172969,126,126
fixed_test,6,1,apriori|3|07,"ac370000, ac370419, ac370442",4,0.89025896771459767,0.074875236401662937,126,126
fixed_test,6,1,apriori|3|07,"ac370000, ac370419, ac370442",5,0.89025896771459767,0.075461410595333178,126,126
fixed_test,6,1,apriori|3|07,"ac370000, ac370419, ac370442",6,0.89025896771459767,0.071169124579859244,126,126
fixed_test,6,1,apriori|3|07,"ac370000, ac370419, ac370442",7,0.89025896771459767,0.074911239655805151,126,126
fixed_test,6,1,apriori|3|07,"ac370000, ac370419, ac370442",8,0.89025896771459767,0.061647537376424366,126,126
fixed_test,6,1,apriori|3|07,"ac370000, ac370419, ac370442",9,0.89025896771459767,0.090212298986728889,126,126
fixed_test,6,1,apriori|3|08,"ac370000, ac370443, ac379999",0,0.89025896771459767,0.010259542361189977,126,126
fixed_test,6,1,apriori|3|08,"ac370000, ac370443, ac379999",1,0.89025896771459767,0.02743525807135061,126,126
fixed_test,6,1,apriori|3|08,"ac370000, ac370443, ac379999",2,0.89025896771459767,0.015480415664401392,126,126
fixed_test,6,1,apriori|3|08,"ac370000, ac370443, ac379999",3,0.89025896771459767,0.041849447434738285,126,126
fixed_test,6,1,apriori|3|08,"ac370000, ac370443, ac379999",4,0.89025896771459767,0.04306188860504423,126,126
fixed_test,6,1,apriori|3|08,"ac370000, ac370443, ac379999",5,0.89025896771459767,0.035487029279943849,126,126
fixed_test,6,1,apriori|3|08,"ac370000, ac370443, ac379999",6,0.89025896771459767,0.056413609532956266,126,126
fixed_test,6,1,apriori|3|08,"ac370000, ac370443, ac379999",7,0.89025896771459767,0.037951982664249817,126,126
fixed_test,6,1,apriori|3|08,"ac370000, ac370443, ac379999",8,0.89025896771459767,0.0071082601602333595,126,126
fixed_test,6,1,apriori|3|08,"ac370000, ac370443, ac379999",9,0.89025896771459767,0.032662145633517659,126,126
fixed_test,6,1,apriori|3|09,"ac370419, ac370442, ac370443",0,0.89025896771459767,0.038678630688721682,125,125
fixed_test,6,1,apriori|3|09,"ac370419, ac370442, ac370443",1,0.89025896771459767,0.034031741286594586,125,125
fixed_test,6,1,apriori|3|09,"ac370419, ac370442, ac370443",2,0.89025896771459767,0.050376641178750625,125,125
fixed_test,6,1,apriori|3|09,"ac370419, ac370442, ac370443",3,0.89025896771459767,0.022120581155664731,125,125
fixed_test,6,1,apriori|3|09,"ac370419, ac370442, ac370443",4,0.89025896771459767,0.037033850539660018,125,125
fixed_test,6,1,apriori|3|09,"ac370419, ac370442, ac370443",5,0.89025896771459767,0.034724425893301714,125,125
fixed_test,6,1,apriori|3|09,"ac370419, ac370442, ac370443",6,0.89025896771459767,0.055972545097732529,125,125
fixed_test,6,1,apriori|3|09,"ac370419, ac370442, ac370443",7,0.89025896771459767,0.067405017070810036,125,125
fixed_test,6,1,apriori|3|09,"ac370419, ac370442, ac370443",8,0.89025896771459767,0.031539267830026696,125,125
fixed_test,6,1,apriori|3|09,"ac370419, ac370442, ac370443",9,0.89025896771459767,0.034031741286594586,125,125
fixed_test,6,1,apriori|3|10,"370407, ac370000, ac370443",0,0.89025896771459767,0.045725430118917609,123,123
fixed_test,6,1,apriori|3|10,"370407, ac370000, ac370443",1,0.89025896771459767,0.058053056088714916,123,123
fixed_test,6,1,apriori|3|10,"370407, ac370000, ac370443",2,0.89025896771459767,0.06401560216648472,123,123
fixed_test,6,1,apriori|3|10,"370407, ac370000, ac370443",3,0.89025896771459767,0.075288327083182449,123,123
fixed_test,6,1,apriori|3|10,"370407, ac370000, ac370443",4,0.89025896771459767,0.074911239655805151,123,123
fixed_test,6,1,apriori|3|10,"370407, ac370000, ac370443",5,0.89025896771459767,0.082305774214051719,123,123
fixed_test,6,1,apriori|3|10,"370407, ac370000, ac370443",6,0.89025896771459767,0.086018737484401253,123,123
fixed_test,6,1,apriori|3|10,"370407, ac370000, ac370443",7,0.89025896771459767,0.087785956440841528,123,123
fixed_test,6,1,apriori|3|10,"370407, ac370000, ac370443",8,0.89025896771459767,0.02743525807135061,123,123
fixed_test,6,1,apriori|3|10,"370407, ac370000, ac370443",9,0.89025896771459767,0.06401560216648472,123,123
fixed_test,6,1,impressed|1|01,376400,0,0.89025896771459767,0.14214787595254885,67,66
fixed_test,6,1,impressed|1|01,376400,1,0.89025896771459767,0.12071052205995747,67,63
fixed_test,6,1,impressed|1|01,376400,2,0.89025896771459767,0.14349685172610427,67,65
fixed_test,6,1,impressed|1|01,376400,3,0.89025896771459767,0.12813359138032154,67,64
fixed_test,6,1,impressed|1|01,376400,4,0.89025896771459767,0.11344872673818684,67,61
fixed_test,6,1,impressed|1|01,376400,5,0.89025896771459767,0.10999184511366156,67,67
fixed_test,6,1,impressed|1|01,376400,6,0.89025896771459767,0.11688105781575264,67,66
fixed_test,6,1,impressed|1|01,376400,7,0.89025896771459767,0.14034031715431605,67,66
fixed_test,6,1,impressed|1|01,376400,8,0.89025896771459767,0.12813359138032154,67,63
fixed_test,6,1,impressed|1|01,376400,9,0.89025896771459767,0.10983454684005312,67,64
fixed_test,6,1,impressed|1|02,378619a,0,0.89025896771459767,0.028721169229896537,82,78
fixed_test,6,1,impressed|1|02,378619a,1,0.89025896771459767,0.027564503260623763,82,77
fixed_test,6,1,impressed|1|02,378619a,2,0.89025896771459767,0.055966416607887259,82,81
fixed_test,6,1,impressed|1|02,378619a,3,0.89025896771459767,0.069493515676004036,82,81
fixed_test,6,1,impressed|1|02,378619a,4,0.89025896771459767,0.033082775766119954,82,81
fixed_test,6,1,impressed|1|02,378619a,5,0.89025896771459767,0.044355456438548546,82,81
fixed_test,6,1,impressed|1|02,378619a,6,0.89025896771459767,0.034031741286594586,82,80
fixed_test,6,1,impressed|1|02,378619a,7,0.89025896771459767,0.046503197818696385,82,77
fixed_test,6,1,impressed|1|02,378619a,8,0.89025896771459767,0.059805161732144119,82,78
fixed_test,6,1,impressed|1|02,378619a,9,0.89025896771459767,0.031539267830026696,82,80
fixed_test,6,1,impressed|1|03,ac370000,0,0.89025896771459767,0.04095795450438855,157,157
fixed_test,6,1,impressed|1|03,ac370000,1,0.89025896771459767,0.0080959562999510792,157,155
fixed_test,6,1,impressed|1|03,ac370000,2,0.89025896771459767,0.014287542031076406,157,154
fixed_test,6,1,impressed|1|03,ac370000,3,0.89025896771459767,0.071169124579859244,157,156
fixed_test,6,1,impressed|1|03,ac370000,4,0.89025896771459767,0.011443587095904428,157,156
fixed_test,6,1,impressed|1|03,ac370000,5,0.89025896771459767,0.037951982664249817,157,156
fixed_test,6,1,impressed|1|03,ac370000,6,0.89025896771459767,0.018290172047566999,157,157
fixed_test,6,1,impressed|1|03,ac370000,7,0.89025896771459767,0.037033850539660018,157,155
fixed_test,6,1,impressed|1|03,ac370000,8,0.89025896771459767,0.048731162290152952,157,156
fixed_test,6,1,impressed|1|03,ac370000,9,0.89025896771459767,0.035487029279943849,157,155
fixed_test,6,1,impressed|1|04,ac419100,0,0.89025896771459767,0.0030817478173932322,208,179
fixed_test,6,1,impressed|1|04,ac419100,1,0.89025896771459767,0.024756078475497989,208,182
fixed_test,6,1,impressed|1|04,ac419100,2,0.89025896771459767,-0.0091450860237836107,208,181
fixed_test,6,1,impressed|1|04,ac419100,3,0.89025896771459767,0.012107570225616926,208,182
fixed_test,6,1,impressed|1|04,ac419100,4,0.89025896771459767,0.0073783722027800369,208,180
fixed_test,6,1,impressed|1|04,ac419100,5,0.89025896771459767,0.0062047528533047958,208,179
fixed_test,6,1,impressed|1|04,ac419100,6,0.89025896771459767,0.0010287289268366973,208,181
fixed_test,6,1,impressed|1|04,ac419100,7,0.89025896771459767,0.016747924561834604,208,180
fixed_test,6,1,impressed|1|04,ac419100,8,0.89025896771459767,-0.012346572768888175,208,179
fixed_test,6,1,impressed|1|04,ac419100,9,0.89025896771459767,-0.0040870615713650693,208,183
fixed_test,6,1,impressed|1|05,ac10307,0,0.89025896771459767,0.0080959562999510792,25,23
fixed_test,6,1,impressed|1|05,ac10307,1,0.89025896771459767,0.0091450860237836107,25,21
fixed_test,6,1,impressed|1|05,ac10307,2,0.89025896771459767,0,25,23
fixed_test,6,1,impressed|1|05,ac10307,3,0.89025896771459767,0.0040605437768557184,25,22
fixed_test,6,1,impressed|1|05,ac10307,4,0.89025896771459767,0.0091450860237836107,25,24
fixed_test,6,1,impressed|1|05,ac10307,5,0.89025896771459767,0.0051002402298557792,25,21
fixed_test,6,1,impressed|1|05,ac10307,6,0.89025896771459767,0.0091450860237836107,25,22
fixed_test,6,1,impressed|1|05,ac10307,7,0.89025896771459767,0.0040605437768557184,25,20
fixed_test,6,1,impressed|1|05,ac10307,8,0.89025896771459767,0.0040605437768557184,25,23
fixed_test,6,1,impressed|1|05,ac10307,9,0.89025896771459767,0.013164669861836287,25,23
fixed_test,6,1,impressed|1|06,ac415100,0,0.89025896771459767,0.0091450860237836107,66,61
fixed_test,6,1,impressed|1|06,ac415100,1,0.89025896771459767,0.013164669861836287,66,62
fixed_test,6,1,impressed|1|06,ac415100,2,0.89025896771459767,0.014287542031076406,66,59
fixed_test,6,1,impressed|1|06,ac415100,3,0.89025896771459767,0.0051002402298557792,66,63
fixed_test,6,1,impressed|1|06,ac415100,4,0.89025896771459767,0.023474843832297143,66,60
fixed_test,6,1,impressed|1|06,ac415100,5,0.89025896771459767,0.0091450860237836107,66,63
fixed_test,6,1,impressed|1|06,ac415100,6,0.89025896771459767,0.0051002402298557792,66,62
fixed_test,6,1,impressed|1|06,ac415100,7,0.89025896771459767,0.015480415664401392,66,62
fixed_test,6,1,impressed|1|06,ac415100,8,0.89025896771459767,0.0051002402298557792,66,60
fixed_test,6,1,impressed|1|06,ac415100,9,0.89025896771459767,0.0091450860237836107,66,62
fixed_test,6,1,impressed|1|07,ac337441,0,0.89025896771459767,0,1,0
fixed_test,6,1,impressed|1|07,ac337441,1,0.89025896771459767,0,1,1
fixed_test,6,1,impressed|1|07,ac337441,2,0.89025896771459767,0,1,1
fixed_test,6,1,impressed|1|07,ac337441,3,0.89025896771459767,0,1,1
fixed_test,6,1,impressed|1|07,ac337441,4,0.89025896771459767,0,1,1
fixed_test,6,1,impressed|1|07,ac337441,5,0.89025896771459767,0,1,1
fixed_test,6,1,impressed|1|07,ac337441,6,0.89025896771459767,0,1,1
fixed_test,6,1,impressed|1|07,ac337441,7,0.89025896771459767,0,1,1
fixed_test,6,1,impressed|1|07,ac337441,8,0.89025896771459767,0,1,1
fixed_test,6,1,impressed|1|07,ac337441,9,0.89025896771459767,0,1,1
fixed_test,6,1,impressed|1|08,ac379999,0,0.89025896771459767,0.019490355795543257,154,151
fixed_test,6,1,impressed|1|08,ac379999,1,0.89025896771459767,0.035289107511955686,154,148
fixed_test,6,1,impressed|1|08,ac379999,2,0.89025896771459767,0.0040605437768557184,154,154
fixed_test,6,1,impressed|1|08,ac379999,3,0.89025896771459767,0.016096667271436105,154,147
fixed_test,6,1,impressed|1|08,ac379999,4,0.89025896771459767,0.013164669861836287,154,148
fixed_test,6,1,impressed|1|08,ac379999,5,0.89025896771459767,0.012107570225616926,154,150
fixed_test,6,1,impressed|1|08,ac379999,6,0.89025896771459767,0.014287542031076406,154,151
fixed_test,6,1,impressed|1|08,ac379999,7,0.89025896771459767,0.018290172047566999,154,150
fixed_test,6,1,impressed|1|08,ac379999,8,0.89025896771459767,0.015480415664401392,154,149
fixed_test,6,1,impressed|1|08,ac379999,9,0.89025896771459767,0.019058257385659361,154,148
fixed_test,6,1,impressed|1|09,ac378431,0,0.89025896771459767,0.0040605437768557184,2,2
fixed_test,6,1,impressed|1|09,ac378431,1,0.89025896771459767,0.0040605437768557184,2,2
fixed_test,6,1,impressed|1|09,ac378431,2,0.89025896771459767,0.0040605437768557184,2,2
fixed_test,6,1,impressed|1|09,ac378431,3,0.89025896771459767,0.0040605437768557184,2,2
fixed_test,6,1,impressed|1|09,ac378431,4,0.89025896771459767,0,2,2
fixed_test,6,1,impressed|1|09,ac378431,5,0.89025896771459767,0.0040605437768557184,2,2
fixed_test,6,1,impressed|1|09,ac378431,6,0.89025896771459767,0.0040605437768557184,2,2
fixed_test,6,1,impressed|1|09,ac378431,7,0.89025896771459767,0.0040605437768557184,2,2
fixed_test,6,1,impressed|1|09,ac378431,8,0.89025896771459767,0.0040605437768557184,2,2
fixed_test,6,1,impressed|1|09,ac378431,9,0.89025896771459767,0.0040605437768557184,2,1
fixed_test,6,1,impressed|1|10,378490e,0,0.89025896771459767,0,0,0
fixed_test,6,1,impressed|1|10,378490e,1,0.89025896771459767,0,0,0
fixed_test,6,1,impressed|1|10,378490e,2,0.89025896771459767,0,0,0
fixed_test,6,1,impressed|1|10,378490e,3,0.89025896771459767,0,0,0
fixed_test,6,1,impressed|1|10,378490e,4,0.89025896771459767,0,0,0
fixed_test,6,1,impressed|1|10,378490e,5,0.89025896771459767,0,0,0
fixed_test,6,1,impressed|1|10,378490e,6,0.89025896771459767,0,0,0
fixed_test,6,1,impressed|1|10,378490e,7,0.89025896771459767,0,0,0
fixed_test,6,1,impressed|1|10,378490e,8,0.89025896771459767,0,0,0
fixed_test,6,1,impressed|1|10,378490e,9,0.89025896771459767,0,0,0
fixed_test,6,1,impressed|2|01,"376400, 377498a",0,0.89025896771459767,0.12029052679840813,62,62
fixed_test,6,1,impressed|2|01,"376400, 377498a",1,0.89025896771459767,0.12029052679840813,62,62
fixed_test,6,1,impressed|2|01,"376400, 377498a",2,0.89025896771459767,0.11675204096669423,62,62
fixed_test,6,1,impressed|2|01,"376400, 377498a",3,0.89025896771459767,0.106456901273417,62,61
fixed_test,6,1,impressed|2|01,"376400, 377498a",4,0.89025896771459767,0.15450719450921335,62,61
fixed_test,6,1,impressed|2|01,"376400, 377498a",5,0.89025896771459767,0.13056789772264277,62,61
fixed_test,6,1,impressed|2|01,"376400, 377498a",6,0.89025896771459767,0.13405294216617591,62,62
fixed_test,6,1,impressed|2|01,"376400, 377498a",7,0.89025896771459767,0.12813359138032154,62,62
fixed_test,6,1,impressed|2|01,"376400, 377498a",8,0.89025896771459767,0.10983454684005312,62,62
fixed_test,6,1,impressed|2|01,"376400, 377498a",9,0.89025896771459767,0.10983454684005312,62,61
fixed_test,6,1,impressed|2|02,"376400, 378619a",0,0.89025896771459767,0.10983454684005312,65,64
fixed_test,6,1,impressed|2|02,"376400, 378619a",1,0.89025896771459767,0.16256977043784682,65,65
fixed_test,6,1,impressed|2|02,"376400, 378619a",2,0.89025896771459767,0.12407681050121477,65,65
fixed_test,6,1,impressed|2|02,"376400, 378619a",3,0.89025896771459767,0.12813359138032154,65,65
fixed_test,6,1,impressed|2|02,"376400, 378619a",4,0.89025896771459767,0.12071052205995747,65,65
fixed_test,6,1,impressed|2|02,"376400, 378619a",5,0.89025896771459767,0.13142919900625316,65,64
fixed_test,6,1,impressed|2|02,"376400, 378619a",6,0.89025896771459767,0.16797408959209148,65,65
fixed_test,6,1,impressed|2|02,"376400, 378619a",7,0.89025896771459767,0.13248650894299541,65,65
fixed_test,6,1,impressed|2|02,"376400, 378619a",8,0.89025896771459767,0.18537078107796023,65,65
fixed_test,6,1,impressed|2|02,"376400, 378619a",9,0.89025896771459767,0.12481647719987754,65,65
fixed_test,6,1,impressed|2|03,"370712b, 376400",0,0.89025896771459767,0.13894607427421812,63,63
fixed_test,6,1,impressed|2|03,"370712b, 376400",1,0.89025896771459767,0.13248650894299541,63,63
fixed_test,6,1,impressed|2|03,"370712b, 376400",2,0.89025896771459767,0.14663578040781056,63,63
fixed_test,6,1,impressed|2|03,"370712b, 376400",3,0.89025896771459767,0.12071052205995747,63,63
fixed_test,6,1,impressed|2|03,"370712b, 376400",4,0.89025896771459767,0.15961060217369105,63,62
fixed_test,6,1,impressed|2|03,"370712b, 376400",5,0.89025896771459767,0.11675204096669423,63,63
fixed_test,6,1,impressed|2|03,"370712b, 376400",6,0.89025896771459767,0.13142919900625316,63,63
fixed_test,6,1,impressed|2|03,"370712b, 376400",7,0.89025896771459767,0.10282064297515869,63,63
fixed_test,6,1,impressed|2|03,"370712b, 376400",8,0.89025896771459767,0.13894607427421812,63,63
fixed_test,6,1,impressed|2|03,"370712b, 376400",9,0.89025896771459767,0.16256977043784682,63,63
fixed_test,6,1,impressed|2|04,"370715a, 376400",0,0.89025896771459767,0.13142919900625316,63,63
fixed_test,6,1,impressed|2|04,"370715a, 376400",1,0.89025896771459767,0.106456901273417,63,62
fixed_test,6,1,impressed|2|04,"370715a, 376400",2,0.89025896771459767,0.10634049548546642,63,63
fixed_test,6,1,impressed|2|04,"370715a, 376400",3,0.89025896771459767,0.12813359138032154,63,63
fixed_test,6,1,impressed|2|04,"370715a, 376400",4,0.89025896771459767,0.13734232035324845,63,63
fixed_test,6,1,impressed|2|04,"370715a, 376400",5,0.89025896771459767,0.11688105781575264,63,63
fixed_test,6,1,impressed|2|04,"370715a, 376400",6,0.89025896771459767,0.12813359138032154,63,63
fixed_test,6,1,impressed|2|04,"370715a, 376400",7,0.89025896771459767,0.12071052205995747,63,63
fixed_test,6,1,impressed|2|04,"370715a, 376400",8,0.89025896771459767,0.14663578040781056,63,63
fixed_test,6,1,impressed|2|04,"370715a, 376400",9,0.89025896771459767,0.14663578040781056,63,63
fixed_test,6,1,impressed|2|05,"378619a, ac379999",0,0.89025896771459767,0.029103168561358861,82,81
fixed_test,6,1,impressed|2|05,"378619a, ac379999",1,0.89025896771459767,0.038678630688721682,82,82
fixed_test,6,1,impressed|2|05,"378619a, ac379999",2,0.89025896771459767,0.03074009990056481,82,82
fixed_test,6,1,impressed|2|05,"378619a, ac379999",3,0.89025896771459767,0.0021216932973425751,82,82
fixed_test,6,1,impressed|2|05,"378619a, ac379999",4,0.89025896771459767,0.031539267830026696,82,82
fixed_test,6,1,impressed|2|05,"378619a, ac379999",5,0.89025896771459767,0.028721169229896537,82,81
fixed_test,6,1,impressed|2|05,"378619a, ac379999",6,0.89025896771459767,0.011443587095904428,82,81
fixed_test,6,1,impressed|2|05,"378619a, ac379999",7,0.89025896771459767,0.05807477205316014,82,82
fixed_test,6,1,impressed|2|05,"378619a, ac379999",8,0.89025896771459767,0.020765480894466726,82,82
fixed_test,6,1,impressed|2|05,"378619a, ac379999",9,0.89025896771459767,0.023561188562685076,82,82
fixed_test,6,1,impressed|2|06,"378619a, ac419100",0,0.89025896771459767,0.037033850539660018,76,76
fixed_test,6,1,impressed|2|06,"378619a, ac419100",1,0.89025896771459767,0.022120581155664731,76,76
fixed_test,6,1,impressed|2|06,"378619a, ac419100",2,0.89025896771459767,0.012701894481302767,76,75
fixed_test,6,1,impressed|2|06,"378619a, ac419100",3,0.89025896771459767,0.018095155981587396,76,76
fixed_test,6,1,impressed|2|06,"378619a, ac419100",4,0.89025896771459767,0.029103168561358861,76,76
fixed_test,6,1,impressed|2|06,"378619a, ac419100",5,0.89025896771459767,0.022120581155664731,76,76
fixed_test,6,1,impressed|2|06,"378619a, ac419100",6,0.89025896771459767,0.026117476920889171,76,76
fixed_test,6,1,impressed|2|06,"378619a, ac419100",7,0.89025896771459767,0.010259542361189977,76,75
fixed_test,6,1,impressed|2|06,"378619a, ac419100",8,0.89025896771459767,0.023561188562685076,76,75
fixed_test,6,1,impressed|2|06,"378619a, ac419100",9,0.89025896771459767,0.016747924561834604,76,76
fixed_test,6,1,impressed|2|07,"370401c, ac370000",0,0.89025896771459767,0.039185037450287785,118,116
fixed_test,6,1,impressed|2|07,"370401c, ac370000",1,0.89025896771459767,0.03658034409513411,118,118
fixed_test,6,1,impressed|2|07,"370401c, ac370000",2,0.89025896771459767,0.013164669861836287,118,118
fixed_test,6,1,impressed|2|07,"370401c, ac370000",3,0.89025896771459767,0.043307404097691071,118,118
fixed_test,6,1,impressed|2|07,"370401c, ac370000",4,0.89025896771459767,0.03658034409513411,118,118
fixed_test,6,1,impressed|2|07,"370401c, ac370000",5,0.89025896771459767,0.03658034409513411,118,118
fixed_test,6,1,impressed|2|07,"370401c, ac370000",6,0.89025896771459767,0.031372922031797645,118,117
fixed_test,6,1,impressed|2|07,"370401c, ac370000",7,0.89025896771459767,0.023474843832297143,118,118
fixed_test,6,1,impressed|2|07,"370401c, ac370000",8,0.89025896771459767,0.030159215042064202,118,118
fixed_test,6,1,impressed|2|07,"370401c, ac370000",9,0.89025896771459767,0.023474843832297143,118,118
fixed_test,6,1,impressed|2|08,"ac370000, ac370403",0,0.89025896771459767,0.019058257385659361,121,121
fixed_test,6,1,impressed|2|08,"ac370000, ac370403",1,0.89025896771459767,0.021133392633840509,121,121
fixed_test,6,1,impressed|2|08,"ac370000, ac370403",2,0.89025896771459767,0.034073481493841484,121,121
fixed_test,6,1,impressed|2|08,"ac370000, ac370403",3,0.89025896771459767,0.014287542031076406,121,121
fixed_test,6,1,impressed|2|08,"ac370000, ac370403",4,0.89025896771459767,-0.0059440745908303505,121,120
fixed_test,6,1,impressed|2|08,"ac370000, ac370403",5,0.89025896771459767,0.03658034409513411,121,120
fixed_test,6,1,impressed|2|08,"ac370000, ac370403",6,0.89025896771459767,0.061038702827449942,121,121
fixed_test,6,1,impressed|2|08,"ac370000, ac370403",7,0.89025896771459767,0.016096667271436105,121,121
fixed_test,6,1,impressed|2|08,"ac370000, ac370403",8,0.89025896771459767,0.032929081399924676,121,121
fixed_test,6,1,impressed|2|08,"ac370000, ac370403",9,0.89025896771459767,0.016747924561834604,121,120
fixed_test,6,1,impressed|2|09,"376400, ac379999",0,0.89025896771459767,0.11344118579667595,65,64
fixed_test,6,1,impressed|2|09,"376400, ac379999",1,0.89025896771459767,0.12029052679840813,65,65
fixed_test,6,1,impressed|2|09,"376400, ac379999",2,0.89025896771459767,0.12813359138032154,65,65
fixed_test,6,1,impressed|2|09,"376400, ac379999",3,0.89025896771459767,0.14533297802727085,65,65
fixed_test,6,1,impressed|2|09,"376400, ac379999",4,0.89025896771459767,0.12071052205995747,65,65
fixed_test,6,1,impressed|2|09,"376400, ac379999",5,0.89025896771459767,0.09255609545101362,65,65
fixed_test,6,1,impressed|2|09,"376400, ac379999",6,0.89025896771459767,0.10293030712980411,65,65
fixed_test,6,1,impressed|2|09,"376400, ac379999",7,0.89025896771459767,0.13894607427421812,65,65
fixed_test,6,1,impressed|2|09,"376400, ac379999",8,0.89025896771459767,0.12071052205995747,65,65
fixed_test,6,1,impressed|2|09,"376400, ac379999",9,0.89025896771459767,0.09255609545101362,65,65
fixed_test,6,1,impressed|2|10,"ac379999, ac419100",0,0.89025896771459767,0.016747924561834604,140,139
fixed_test,6,1,impressed|2|10,"ac379999, ac419100",1,0.89025896771459767,0.02743525807135061,140,140
fixed_test,6,1,impressed|2|10,"ac379999, ac419100",2,0.89025896771459767,0.018290172047566999,140,138
fixed_test,6,1,impressed|2|10,"ac379999, ac419100",3,0.89025896771459767,-0.021622235579984994,140,139
fixed_test,6,1,impressed|2|10,"ac379999, ac419100",4,0.89025896771459767,0.010259542361189977,140,137
fixed_test,6,1,impressed|2|10,"ac379999, ac419100",5,0.89025896771459767,-0.0018801469509693858,140,138
fixed_test,6,1,impressed|2|10,"ac379999, ac419100",6,0.89025896771459767,0.0021216932973425751,140,139
fixed_test,6,1,impressed|2|10,"ac379999, ac419100",7,0.89025896771459767,0.024756078475497989,140,138
fixed_test,6,1,impressed|2|10,"ac379999, ac419100",8,0.89025896771459767,0.008625808702551252,140,139
fixed_test,6,1,impressed|2|10,"ac379999, ac419100",9,0.89025896771459767,0.0091450860237836107,140,140
fixed_test,6,1,impressed|3|01,"376400, 377498a, 378619a",0,0.89025896771459767,0.10983454684005312,61,61
fixed_test,6,1,impressed|3|01,"376400, 377498a, 378619a",1,0.89025896771459767,0.12407681050121477,61,61
fixed_test,6,1,impressed|3|01,"376400, 377498a, 378619a",2,0.89025896771459767,0.15450719450921335,61,61
fixed_test,6,1,impressed|3|01,"376400, 377498a, 378619a",3,0.89025896771459767,0.12407681050121477,61,61
fixed_test,6,1,impressed|3|01,"376400, 377498a, 378619a",4,0.89025896771459767,0.11344872673818684,61,61
fixed_test,6,1,impressed|3|01,"376400, 377498a, 378619a",5,0.89025896771459767,0.10293030712980411,61,61
fixed_test,6,1,impressed|3|01,"376400, 377498a, 378619a",6,0.89025896771459767,0.14663578040781056,61,61
fixed_test,6,1,impressed|3|01,"376400, 377498a, 378619a",7,0.89025896771459767,0.16256977043784682,61,61
fixed_test,6,1,impressed|3|01,"376400, 377498a, 378619a",8,0.89025896771459767,0.12742162014603897,61,61
fixed_test,6,1,impressed|3|01,"376400, 377498a, 378619a",9,0.89025896771459767,0.13142919900625316,61,61
fixed_test,6,1,impressed|3|02,"376400, 377498a, ac372417",0,0.89025896771459767,0.099378566881698105,61,61
fixed_test,6,1,impressed|3|02,"376400, 377498a, ac372417",1,0.89025896771459767,0.11344872673818684,61,61
fixed_test,6,1,impressed|3|02,"376400, 377498a, ac372417",2,0.89025896771459767,0.10999184511366156,61,61
fixed_test,6,1,impressed|3|02,"376400, 377498a, ac372417",3,0.89025896771459767,0.099741351530418521,61,61
fixed_test,6,1,impressed|3|02,"376400, 377498a, ac372417",4,0.89025896771459767,0.11675204096669423,61,61
fixed_test,6,1,impressed|3|02,"376400, 377498a, ac372417",5,0.89025896771459767,0.083007246967301662,61,61
fixed_test,6,1,impressed|3|02,"376400, 377498a, ac372417",6,0.89025896771459767,0.083007246967301662,61,61
fixed_test,6,1,impressed|3|02,"376400, 377498a, ac372417",7,0.89025896771459767,0.10983454684005312,61,61
fixed_test,6,1,impressed|3|02,"376400, 377498a, ac372417",8,0.89025896771459767,0.10634049548546642,61,61
fixed_test,6,1,impressed|3|02,"376400, 377498a, ac372417",9,0.89025896771459767,0.10293030712980411,61,61
fixed_test,6,1,impressed|3|03,"376400, 377498a, ac379999",0,0.89025896771459767,0.12742162014603897,61,61
fixed_test,6,1,impressed|3|03,"376400, 377498a, ac379999",1,0.89025896771459767,0.096755893383368319,61,61
fixed_test,6,1,impressed|3|03,"376400, 377498a, ac379999",2,0.89025896771459767,0.10033630168573704,61,61
fixed_test,6,1,impressed|3|03,"376400, 377498a, ac379999",3,0.89025896771459767,0.079304045792289668,61,61
fixed_test,6,1,impressed|3|03,"376400, 377498a, ac379999",4,0.89025896771459767,0.13470489426424281,61,61
fixed_test,6,1,impressed|3|03,"376400, 377498a, ac379999",5,0.89025896771459767,0.10983454684005312,61,61
fixed_test,6,1,impressed|3|03,"376400, 377498a, ac379999",6,0.89025896771459767,0.061908203434629883,61,61
fixed_test,6,1,impressed|3|03,"376400, 377498a, ac379999",7,0.89025896771459767,0.10293030712980411,61,61
fixed_test,6,1,impressed|3|03,"376400, 377498a, ac379999",8,0.89025896771459767,0.10983454684005312,61,61
fixed_test,6,1,impressed|3|03,"376400, 377498a, ac379999",9,0.89025896771459767,0.14533297802727085,61,61
fixed_test,6,1,impressed|3|04,"376400, 378619a, ac379999",0,0.89025896771459767,0.12407681050121477,65,65
fixed_test,6,1,impressed|3|04,"376400, 378619a, ac379999",1,0.89025896771459767,0.17083358694281991,65,65
fixed_test,6,1,impressed|3|04,"376400, 378619a, ac379999",2,0.89025896771459767,0.15663877849505103,65,65
fixed_test,6,1,impressed|3|04,"376400, 378619a, ac379999",3,0.89025896771459767,0.12071052205995747,65,65
fixed_test,6,1,impressed|3|04,"376400, 378619a, ac379999",4,0.89025896771459767,0.11688105781575264,65,65
fixed_test,6,1,impressed|3|04,"376400, 378619a, ac379999",5,0.89025896771459767,0.17083358694281991,65,65
fixed_test,6,1,impressed|3|04,"376400, 378619a, ac379999",6,0.89025896771459767,0.17655679180466399,65,65
fixed_test,6,1,impressed|3|04,"376400, 378619a, ac379999",7,0.89025896771459767,0.12922559051255078,65,65
fixed_test,6,1,impressed|3|04,"376400, 378619a, ac379999",8,0.89025896771459767,0.11344872673818684,65,65
fixed_test,6,1,impressed|3|04,"376400, 378619a, ac379999",9,0.89025896771459767,0.14034031715431605,65,65
fixed_test,6,1,impressed|3|05,"376400, 377498a, ac370606",0,0.89025896771459767,0.093151893243759831,58,58
fixed_test,6,1,impressed|3|05,"376400, 377498a, ac370606",1,0.89025896771459767,0.096161761580139893,58,58
fixed_test,6,1,impressed|3|05,"376400, 377498a, ac370606",2,0.89025896771459767,0.086682872619037954,58,58
fixed_test,6,1,impressed|3|05,"376400, 377498a, ac370606",3,0.89025896771459767,0.10996000439948295,58,58
fixed_test,6,1,impressed|3|05,"376400, 377498a, ac370606",4,0.89025896771459767,0.11675204096669423,58,58
fixed_test,6,1,impressed|3|05,"376400, 377498a, ac370606",5,0.89025896771459767,0.09255609545101362,58,58
fixed_test,6,1,impressed|3|05,"376400, 377498a, ac370606",6,0.89025896771459767,0.14214787595254885,58,58
fixed_test,6,1,impressed|3|05,"376400, 377498a, ac370606",7,0.89025896771459767,0.083007246967301662,58,58
fixed_test,6,1,impressed|3|05,"376400, 377498a, ac370606",8,0.89025896771459767,0.11330451880859471,58,58
fixed_test,6,1,impressed|3|05,"376400, 377498a, ac370606",9,0.89025896771459767,0.070325253975574209,58,58
fixed_test,6,1,impressed|3|06,"378619a, ac379999, ac419100",0,0.89025896771459767,0.027564503260623763,76,76
fixed_test,6,1,impressed|3|06,"378619a, ac379999, ac419100",1,0.89025896771459767,0.029103168561358861,76,76
fixed_test,6,1,impressed|3|06,"378619a, ac379999, ac419100",2,0.89025896771459767,0.014287542031076406,76,76
fixed_test,6,1,impressed|3|06,"378619a, ac379999, ac419100",3,0.89025896771459767,0.026117476920889171,76,76
fixed_test,6,1,impressed|3|06,"378619a, ac379999, ac419100",4,0.89025896771459767,0.027564503260623763,76,76
fixed_test,6,1,impressed|3|06,"378619a, ac379999, ac419100",5,0.89025896771459767,0.022120581155664731,76,76
fixed_test,6,1,impressed|3|06,"378619a, ac379999, ac419100",6,0.89025896771459767,0.035487029279943849,76,76
fixed_test,6,1,impressed|3|06,"378619a, ac379999, ac419100",7,0.89025896771459767,-0.0019911801562745302,76,76
fixed_test,6,1,impressed|3|06,"378619a, ac379999, ac419100",8,0.89025896771459767,0.037033850539660018,76,75
fixed_test,6,1,impressed|3|06,"378619a, ac379999, ac419100",9,0.89025896771459767,0.016747924561834604,76,76
fixed_test,6,1,impressed|3|07,"378619a, 387042a, ac379999",0,0.89025896771459767,0.027564503260623763,34,34
fixed_test,6,1,impressed|3|07,"378619a, 387042a, ac379999",1,0.89025896771459767,0.0010287289268366973,34,34
fixed_test,6,1,impressed|3|07,"378619a, 387042a, ac379999",2,0.89025896771459767,0.033082775766119954,34,34
fixed_test,6,1,impressed|3|07,"378619a, 387042a, ac379999",3,0.89025896771459767,0.020765480894466726,34,34
fixed_test,6,1,impressed|3|07,"378619a, 387042a, ac379999",4,0.89025896771459767,0.0073783722027800369,34,34
fixed_test,6,1,impressed|3|07,"378619a, 387042a, ac379999",5,0.89025896771459767,0.0021216932973425751,34,34
fixed_test,6,1,impressed|3|07,"378619a, 387042a, ac379999",6,0.89025896771459767,0.022120581155664731,34,34
fixed_test,6,1,impressed|3|07,"378619a, 387042a, ac379999",7,0.89025896771459767,0.031539267830026696,34,34
fixed_test,6,1,impressed|3|07,"378619a, 387042a, ac379999",8,0.89025896771459767,0.012701894481302767,34,34
fixed_test,6,1,impressed|3|07,"378619a, 387042a, ac379999",9,0.89025896771459767,-0.0030709099577918009,34,34
fixed_test,6,1,impressed|3|08,"376400, 378619a, ac411100",0,0.89025896771459767,0.038678630688721682,17,17
fixed_test,6,1,impressed|3|08,"376400, 378619a, ac411100",1,0.89025896771459767,0.037033850539660018,17,17
fixed_test,6,1,impressed|3|08,"376400, 378619a, ac411100",2,0.89025896771459767,0.020765480894466726,17,17
fixed_test,6,1,impressed|3|08,"376400, 378619a, ac411100",3,0.89025896771459767,0.031539267830026696,17,17
fixed_test,6,1,impressed|3|08,"376400, 378619a, ac411100",4,0.89025896771459767,0.048254092816084393,17,17
fixed_test,6,1,impressed|3|08,"376400, 378619a, ac411100",5,0.89025896771459767,0.030087374693028801,17,17
fixed_test,6,1,impressed|3|08,"376400, 378619a, ac411100",6,0.89025896771459767,0.038678630688721682,17,17
fixed_test,6,1,impressed|3|08,"376400, 378619a, ac411100",7,0.89025896771459767,0.027564503260623763,17,17
fixed_test,6,1,impressed|3|08,"376400, 378619a, ac411100",8,0.89025896771459767,0.037033850539660018,17,17
fixed_test,6,1,impressed|3|08,"376400, 378619a, ac411100",9,0.89025896771459767,0.038678630688721682,17,17
fixed_test,6,1,impressed|3|09,"387042a, ac410100, ac419100",0,0.89025896771459767,0.0051002402298557792,39,39
fixed_test,6,1,impressed|3|09,"387042a, ac410100, ac419100",1,0.89025896771459767,0,39,38
fixed_test,6,1,impressed|3|09,"387042a, ac410100, ac419100",2,0.89025896771459767,0.0051002402298557792,39,39
fixed_test,6,1,impressed|3|09,"387042a, ac410100, ac419100",3,0.89025896771459767,0.010259542361189977,39,39
fixed_test,6,1,impressed|3|09,"387042a, ac410100, ac419100",4,0.89025896771459767,-0.013274363372585585,39,37
fixed_test,6,1,impressed|3|09,"387042a, ac410100, ac419100",5,0.89025896771459767,-0.0091450860237836107,39,39
fixed_test,6,1,impressed|3|09,"387042a, ac410100, ac419100",6,0.89025896771459767,0,39,39
fixed_test,6,1,impressed|3|09,"387042a, ac410100, ac419100",7,0.89025896771459767,0.0010287289268366973,39,39
fixed_test,6,1,impressed|3|09,"387042a, ac410100, ac419100",8,0.89025896771459767,-0.017432897941869752,39,39
fixed_test,6,1,impressed|3|09,"387042a, ac410100, ac419100",9,0.89025896771459767,0.0021216932973425751,39,39
fixed_test,6,1,impressed|3|10,"378619a, ac370000, ac379999",0,0.89025896771459767,-0.011360732515329097,82,82
fixed_test,6,1,impressed|3|10,"378619a, ac370000, ac379999",1,0.89025896771459767,0.040428453844424728,82,82
fixed_test,6,1,impressed|3|10,"378619a, ac370000, ac379999",2,0.89025896771459767,0.039409268491590876,82,82
fixed_test,6,1,impressed|3|10,"378619a, ac370000, ac379999",3,0.89025896771459767,0.0073783722027800369,82,82
fixed_test,6,1,impressed|3|10,"378619a, ac370000, ac379999",4,0.89025896771459767,0.043307404097691071,82,82
fixed_test,6,1,impressed|3|10,"378619a, ac370000, ac379999",5,0.89025896771459767,0.023474843832297143,82,82
fixed_test,6,1,impressed|3|10,"378619a, ac370000, ac379999",6,0.89025896771459767,0.02743525807135061,82,82
fixed_test,6,1,impressed|3|10,"378619a, ac370000, ac379999",7,0.89025896771459767,-0.0091450860237836107,82,82
fixed_test,6,1,impressed|3|10,"378619a, ac370000, ac379999",8,0.89025896771459767,0.022120581155664731,82,82
fixed_test,6,1,impressed|3|10,"378619a, ac370000, ac379999",9,0.89025896771459767,0.0010287289268366973,82,82
fixed_train,6,1,apriori|1|01,ac419100,0,0.99444282823688168,0.052996101714370525,851,743
fixed_train,6,1,apriori|1|01,ac419100,1,0.99444282823688168,0.044198476776918461,851,744
fixed_train,6,1,apriori|1|01,ac419100,2,0.99444282823688168,0.052754659168573026,851,758
fixed_train,6,1,apriori|1|01,ac419100,3,0.99444282823688168,0.050744052734467138,851,742
fixed_train,6,1,apriori|1|01,ac419100,4,0.99444282823688168,0.043987905794756865,851,752
fixed_train,6,1,apriori|1|01,ac419100,5,0.99444282823688168,0.051930404749682246,851,753
fixed_train,6,1,apriori|1|01,ac419100,6,0.99444282823688168,0.046349193844060776,851,747
fixed_train,6,1,apriori|1|01,ac419100,7,0.99444282823688168,0.049079579675713192,851,756
fixed_train,6,1,apriori|1|01,ac419100,8,0.99444282823688168,0.052754659168573026,851,755
fixed_train,6,1,apriori|1|01,ac419100,9,0.99444282823688168,0.044956633670127144,851,748
fixed_train,6,1,apriori|1|02,ac370000,0,0.99444282823688168,0.10242510106271774,636,632
fixed_train,6,1,apriori|1|02,ac370000,1,0.99444282823688168,0.11043131666740569,636,633
fixed_train,6,1,apriori|1|02,ac370000,2,0.99444282823688168,0.10912991553067164,636,629
fixed_train,6,1,apriori|1|02,ac370000,3,0.99444282823688168,0.10320428730611053,636,634
fixed_train,6,1,apriori|1|02,ac370000,4,0.99444282823688168,0.094610205874739672,636,634
fixed_train,6,1,apriori|1|02,ac370000,5,0.99444282823688168,0.11649852420021034,636,636
fixed_train,6,1,apriori|1|02,ac370000,6,0.99444282823688168,0.11121284108759055,636,634
fixed_train,6,1,apriori|1|02,ac370000,7,0.99444282823688168,0.1101465080977635,636,634
fixed_train,6,1,apriori|1|02,ac370000,8,0.99444282823688168,0.112329800037414,636,631
fixed_train,6,1,apriori|1|02,ac370000,9,0.99444282823688168,0.11610177167021862,636,634
fixed_train,6,1,apriori|1|03,ac379999,0,0.99444282823688168,0.069807812241280187,626,619
fixed_train,6,1,apriori|1|03,ac379999,1,0.99444282823688168,0.062777612719373765,626,615
fixed_train,6,1,apriori|1|03,ac379999,2,0.99444282823688168,0.065308410211166845,626,612
fixed_train,6,1,apriori|1|03,ac379999,3,0.99444282823688168,0.05605615850798118,626,616
fixed_train,6,1,apriori|1|03,ac379999,4,0.99444282823688168,0.053696302223872783,626,612
fixed_train,6,1,apriori|1|03,ac379999,5,0.99444282823688168,0.069965722871345282,626,611
fixed_train,6,1,apriori|1|03,ac379999,6,0.99444282823688168,0.063647062824799039,626,612
fixed_train,6,1,apriori|1|03,ac379999,7,0.99444282823688168,0.071337921435120411,626,618
fixed_train,6,1,apriori|1|03,ac379999,8,0.99444282823688168,0.058968504239565123,626,619
fixed_train,6,1,apriori|1|03,ac379999,9,0.99444282823688168,0.056704445432453343,626,616
fixed_train,6,1,apriori|1|04,370407,0,0.99444282823688168,0.036636904941301562,550,535
fixed_train,6,1,apriori|1|04,370407,1,0.99444282823688168,0.042039658565666049,550,535
fixed_train,6,1,apriori|1|04,370407,2,0.99444282823688168,0.031486285554594984,550,535
fixed_train,6,1,apriori|1|04,370407,3,0.99444282823688168,0.040280421321157722,550,541
fixed_train,6,1,apriori|1|04,370407,4,0.99444282823688168,0.042039658565666049,550,530
fixed_train,6,1,apriori|1|04,370407,5,0.99444282823688168,0.036800476349497457,550,540
fixed_train,6,1,apriori|1|04,370407,6,0.99444282823688168,0.039483807834950091,550,537
fixed_train,6,1,apriori|1|04,370407,7,0.99444282823688168,0.044092395339400903,550,539
fixed_train,6,1,apriori|1|04,370407,8,0.99444282823688168,0.030551604311441105,550,543
fixed_train,6,1,apriori|1|04,370407,9,0.99444282823688168,0.034812557343437134,550,533
fixed_train,6,1,apriori|1|05,ac370419,0,0.99444282823688168,0.036149501393227257,533,521
fixed_train,6,1,apriori|1|05,ac370419,1,0.99444282823688168,0.034895501528753425,533,516
fixed_train,6,1,apriori|1|05,ac370419,2,0.99444282823688168,0.043120092589783332,533,524
fixed_train,6,1,apriori|1|05,ac370419,3,0.99444282823688168,0.039298082799721135,533,508
fixed_train,6,1,apriori|1|05,ac370419,4,0.99444282823688168,0.048958483934112618,533,516
fixed_train,6,1,apriori|1|05,ac370419,5,0.99444282823688168,0.036327916168448104,533,525
fixed_train,6,1,apriori|1|05,ac370419,6,0.99444282823688168,0.044415512626010067,533,525
fixed_train,6,1,apriori|1|05,ac370419,7,0.99444282823688168,0.037231758855046704,533,520
fixed_train,6,1,apriori|1|05,ac370419,8,0.99444282823688168,0.034979709875143206,533,519
fixed_train,6,1,apriori|1|05,ac370419,9,0.99444282823688168,0.043015635405604824,533,521
fixed_train,6,1,apriori|1|06,ac410100,0,0.99444282823688168,0.033343030578709909,528,497
fixed_train,6,1,apriori|1|06,ac410100,1,0.99444282823688168,0.033651311136672191,528,500
fixed_train,6,1,apriori|1|06,ac410100,2,0.99444282823688168,0.027818019335121624,528,502
fixed_train,6,1,apriori|1|06,ac410100,3,0.99444282823688168,0.02450966507643304,528,506
fixed_train,6,1,apriori|1|06,ac410100,4,0.99444282823688168,0.034730858790398833,528,504
fixed_train,6,1,apriori|1|06,ac410100,5,0.99444282823688168,0.034730858790398833,528,497
fixed_train,6,1,apriori|1|06,ac410100,6,0.99444282823688168,0.028964011274885237,528,500
fixed_train,6,1,apriori|1|06,ac410100,7,0.99444282823688168,0.031263292073839155,528,503
fixed_train,6,1,apriori|1|06,ac410100,8,0.99444282823688168,0.022337119022455498,528,495
fixed_train,6,1,apriori|1|06,ac410100,9,0.99444282823688168,0.03705532007157919,528,506
fixed_train,6,1,apriori|1|07,ac370443,0,0.99444282823688168,0.036419167249225004,524,511
fixed_train,6,1,apriori|1|07,ac370443,1,0.99444282823688168,0.031410826399541292,524,505
fixed_train,6,1,apriori|1|07,ac370443,2,0.99444282823688168,0.034979709875143206,524,507
fixed_train,6,1,apriori|1|07,ac370443,3,0.99444282823688168,0.033572480869800359,524,505
fixed_train,6,1,apriori|1|07,ac370443,4,0.99444282823688168,0.033651311136672191,524,505
fixed_train,6,1,apriori|1|07,ac370443,5,0.99444282823688168,0.031336500719347904,524,512
fixed_train,6,1,apriori|1|07,ac370443,6,0.99444282823688168,0.035808461020252702,524,506
fixed_train,6,1,apriori|1|07,ac370443,7,0.99444282823688168,0.031799798554224656,524,506
fixed_train,6,1,apriori|1|07,ac370443,8,0.99444282823688168,0.03705532007157919,524,514
fixed_train,6,1,apriori|1|07,ac370443,9,0.99444282823688168,0.030551604311441105,524,505
fixed_train,6,1,apriori|1|08,ac370442,0,0.99444282823688168,0.031263292073839155,521,509
fixed_train,6,1,apriori|1|08,ac370442,1,0.99444282823688168,0.034730858790398833,521,509
fixed_train,6,1,apriori|1|08,ac370442,2,0.99444282823688168,0.034812557343437134,521,505
fixed_train,6,1,apriori|1|08,ac370442,3,0.99444282823688168,0.022448887451017807,521,505
fixed_train,6,1,apriori|1|08,ac370442,4,0.99444282823688168,0.034416164062121557,521,506
fixed_train,6,1,apriori|1|08,ac370442,5,0.99444282823688168,0.039117894350891191,521,507
fixed_train,6,1,apriori|1|08,ac370442,6,0.99444282823688168,0.02450966507643304,521,503
fixed_train,6,1,apriori|1|08,ac370442,7,0.99444282823688168,0.023481621210988068,521,501
fixed_train,6,1,apriori|1|08,ac370442,8,0.99444282823688168,0.034812557343437134,521,504
fixed_train,6,1,apriori|1|08,ac370442,9,0.99444282823688168,0.024451555757720622,521,510
fixed_train,6,1,apriori|1|09,370712b,0,0.99444282823688168,0.031562894985316836,505,492
fixed_train,6,1,apriori|1|09,370712b,1,0.99444282823688168,0.030628754447817541,505,486
fixed_train,6,1,apriori|1|09,370712b,2,0.99444282823688168,0.029241227535339642,505,487
fixed_train,6,1,apriori|1|09,370712b,3,0.99444282823688168,0.036062297015430178,505,491
fixed_train,6,1,apriori|1|09,370712b,4,0.99444282823688168,0.02836713405963398,505,487
fixed_train,6,1,apriori|1|09,370712b,5,0.99444282823688168,0.030327031887153133,505,493
fixed_train,6,1,apriori|1|09,370712b,6,0.99444282823688168,0.033895086628019322,505,493
fixed_train,6,1,apriori|1|09,370712b,7,0.99444282823688168,0.031562894985316836,505,490
fixed_train,6,1,apriori|1|09,370712b,8,0.99444282823688168,0.027063492955203494,505,493
fixed_train,6,1,apriori|1|09,370712b,9,0.99444282823688168,0.031486285554594984,505,494
fixed_train,6,1,apriori|1|10,ac411100,0,0.99444282823688168,0.039578798330081155,492,443
fixed_train,6,1,apriori|1|10,ac411100,1,0.99444282823688168,0.030628754447817541,492,448
fixed_train,6,1,apriori|1|10,ac411100,2,0.99444282823688168,0.036149501393227257,492,451
fixed_train,6,1,apriori|1|10,ac411100,3,0.99444282823688168,0.031640671862811498,492,453
fixed_train,6,1,apriori|1|10,ac411100,4,0.99444282823688168,0.04105980656180519,492,446
fixed_train,6,1,apriori|1|10,ac411100,5,0.99444282823688168,0.027343202057367066,492,449
fixed_train,6,1,apriori|1|10,ac411100,6,0.99444282823688168,0.033895086628019322,492,448
fixed_train,6,1,apriori|1|10,ac411100,7,0.99444282823688168,0.029535739747112988,492,452
fixed_train,6,1,apriori|1|10,ac411100,8,0.99444282823688168,0.026174048456071297,492,455
fixed_train,6,1,apriori|1|10,ac411100,9,0.99444282823688168,0.030551604311441105,492,452
fixed_train,6,1,apriori|2|01,"ac370000, ac379999",0,0.99444282823688168,0.090712479653558553,626,626
fixed_train,6,1,apriori|2|01,"ac370000, ac379999",1,0.99444282823688168,0.088510174187543034,626,625
fixed_train,6,1,apriori|2|01,"ac370000, ac379999",2,0.99444282823688168,0.091166209943670418,626,626
fixed_train,6,1,apriori|2|01,"ac370000, ac379999",3,0.99444282823688168,0.084670480833444195,626,624
fixed_train,6,1,apriori|2|01,"ac370000, ac379999",4,0.99444282823688168,0.09586201744795253,626,626
fixed_train,6,1,apriori|2|01,"ac370000, ac379999",5,0.99444282823688168,0.086971566927940058,626,626
fixed_train,6,1,apriori|2|01,"ac370000, ac379999",6,0.99444282823688168,0.093582934544332974,626,625
fixed_train,6,1,apriori|2|01,"ac370000, ac379999",7,0.99444282823688168,0.092116711361087122,626,624
fixed_train,6,1,apriori|2|01,"ac370000, ac379999",8,0.99444282823688168,0.091873158518521958,626,624
fixed_train,6,1,apriori|2|01,"ac370000, ac379999",9,0.99444282823688168,0.084670480833444195,626,624
fixed_train,6,1,apriori|2|02,"ac370000, ac419100",0,0.99444282823688168,0.084670480833444195,589,589
fixed_train,6,1,apriori|2|02,"ac370000, ac419100",1,0.99444282823688168,0.08591701006622221,589,589
fixed_train,6,1,apriori|2|02,"ac370000, ac419100",2,0.99444282823688168,0.083836075980939007,589,589
fixed_train,6,1,apriori|2|02,"ac370000, ac419100",3,0.99444282823688168,0.080570425974681892,589,587
fixed_train,6,1,apriori|2|02,"ac370000, ac419100",4,0.99444282823688168,0.057117608086419747,589,583
fixed_train,6,1,apriori|2|02,"ac370000, ac419100",5,0.99444282823688168,0.082457969918620311,589,587
fixed_train,6,1,apriori|2|02,"ac370000, ac419100",6,0.99444282823688168,0.077443789644672245,589,588
fixed_train,6,1,apriori|2|02,"ac370000, ac419100",7,0.99444282823688168,0.089677223603471745,589,587
fixed_train,6,1,apriori|2|02,"ac370000, ac419100",8,0.99444282823688168,0.085708983161179697,589,588
fixed_train,6,1,apriori|2|02,"ac370000, ac419100",9,0.99444282823688168,0.071673340474625591,589,587
fixed_train,6,1,apriori|2|03,"ac379999, ac419100",0,0.99444282823688168,0.07603739451479774,584,581
fixed_train,6,1,apriori|2|03,"ac379999, ac419100",1,0.99444282823688168,0.071337921435120411,584,580
fixed_train,6,1,apriori|2|03,"ac379999, ac419100",2,0.99444282823688168,0.079717788587351346,584,583
fixed_train,6,1,apriori|2|03,"ac379999, ac419100",3,0.99444282823688168,0.084337657774374741,584,581
fixed_train,6,1,apriori|2|03,"ac379999, ac419100",4,0.99444282823688168,0.05550657871783593,584,581
fixed_train,6,1,apriori|2|03,"ac379999, ac419100",5,0.99444282823688168,0.0576331863673607,584,582
fixed_train,6,1,apriori|2|03,"ac379999, ac419100",6,0.99444282823688168,0.061828037138111913,584,583
fixed_train,6,1,apriori|2|03,"ac379999, ac419100",7,0.99444282823688168,0.069807812241280187,584,583
fixed_train,6,1,apriori|2|03,"ac379999, ac419100",8,0.99444282823688168,0.071673340474625591,584,581
fixed_train,6,1,apriori|2|03,"ac379999, ac419100",9,0.99444282823688168,0.07603739451479774,584,581
fixed_train,6,1,apriori|2|04,"370407, ac370000",0,0.99444282823688168,0.099398906399824405,550,549
fixed_train,6,1,apriori|2|04,"370407, ac370000",1,0.99444282823688168,0.089024768737093973,550,548
fixed_train,6,1,apriori|2|04,"370407, ac370000",2,0.99444282823688168,0.096801999507604708,550,549
fixed_train,6,1,apriori|2|04,"370407, ac370000",3,0.99444282823688168,0.077443789644672245,550,545
fixed_train,6,1,apriori|2|04,"370407, ac370000",4,0.99444282823688168,0.08923896957251054,550,549
fixed_train,6,1,apriori|2|04,"370407, ac370000",5,0.99444282823688168,0.088420345096018815,550,549
fixed_train,6,1,apriori|2|04,"370407, ac370000",6,0.99444282823688168,0.071504363054913478,550,550
fixed_train,6,1,apriori|2|04,"370407, ac370000",7,0.99444282823688168,0.088203864611955618,550,548
fixed_train,6,1,apriori|2|04,"370407, ac370000",8,0.99444282823688168,0.095532615563196255,550,550
fixed_train,6,1,apriori|2|04,"370407, ac370000",9,0.99444282823688168,0.092613130092040641,550,550
fixed_train,6,1,apriori|2|05,"370407, ac379999",0,0.99444282823688168,0.062504897753681732,542,542
fixed_train,6,1,apriori|2|05,"370407, ac379999",1,0.99444282823688168,0.053936865747148621,542,540
fixed_train,6,1,apriori|2|05,"370407, ac379999",2,0.99444282823688168,0.056570837406178631,542,542
fixed_train,6,1,apriori|2|05,"370407, ac379999",3,0.99444282823688168,0.052052436739320695,542,542
fixed_train,6,1,apriori|2|05,"370407, ac379999",4,0.99444282823688168,0.051229969588163837,542,542
fixed_train,6,1,apriori|2|05,"370407, ac379999",5,0.99444282823688168,0.041735856814853478,542,541
fixed_train,6,1,apriori|2|05,"370407, ac379999",6,0.99444282823688168,0.056439234280098005,542,541
fixed_train,6,1,apriori|2|05,"370407, ac379999",7,0.99444282823688168,0.047310802090713477,542,542
fixed_train,6,1,apriori|2|05,"370407, ac379999",8,0.99444282823688168,0.058830037739607599,542,540
fixed_train,6,1,apriori|2|05,"370407, ac379999",9,0.99444282823688168,0.046920867318352988,542,542
fixed_train,6,1,apriori|2|06,"ac370000, ac370419",0,0.99444282823688168,0.088985845225427518,533,531
fixed_train,6,1,apriori|2|06,"ac370000, ac370419",1,0.99444282823688168,0.09083282470484344,533,532
fixed_train,6,1,apriori|2|06,"ac370000, ac370419",2,0.99444282823688168,0.088746196905103325,533,531
fixed_train,6,1,apriori|2|06,"ac370000, ac370419",3,0.99444282823688168,0.081747644564153288,533,533
fixed_train,6,1,apriori|2|06,"ac370000, ac370419",4,0.99444282823688168,0.093654048251843425,533,533
fixed_train,6,1,apriori|2|06,"ac370000, ac370419",5,0.99444282823688168,0.081114996545232243,533,531
fixed_train,6,1,apriori|2|06,"ac370000, ac370419",6,0.99444282823688168,0.088048770009900301,533,532
fixed_train,6,1,apriori|2|06,"ac370000, ac370419",7,0.99444282823688168,0.079450149397646164,533,533
fixed_train,6,1,apriori|2|06,"ac370000, ac370419",8,0.99444282823688168,0.094950518231449177,533,532
fixed_train,6,1,apriori|2|06,"ac370000, ac370419",9,0.99444282823688168,0.087233618981300998,533,532
fixed_train,6,1,apriori|2|07,"ac370000, ac370443",0,0.99444282823688168,0.086954725202977312,524,523
fixed_train,6,1,apriori|2|07,"ac370000, ac370443",1,0.99444282823688168,0.079651521645243251,524,522
fixed_train,6,1,apriori|2|07,"ac370000, ac370443",2,0.99444282823688168,0.085940441740755436,524,521
fixed_train,6,1,apriori|2|07,"ac370000, ac370443",3,0.99444282823688168,0.085517584153627202,524,524
fixed_train,6,1,apriori|2|07,"ac370000, ac370443",4,0.99444282823688168,0.073770878784855665,524,522
fixed_train,6,1,apriori|2|07,"ac370000, ac370443",5,0.99444282823688168,0.085139406160558928,524,523
fixed_train,6,1,apriori|2|07,"ac370000, ac370443",6,0.99444282823688168,0.078203200065328438,524,522
fixed_train,6,1,apriori|2|07,"ac370000, ac370443",7,0.99444282823688168,0.092911539549731637,524,521
fixed_train,6,1,apriori|2|07,"ac370000, ac370443",8,0.99444282823688168,0.091398289105813602,524,522
fixed_train,6,1,apriori|2|07,"ac370000, ac370443",9,0.99444282823688168,0.075045646325872406,524,521
fixed_train,6,1,apriori|2|08,"ac370419, ac379999",0,0.99444282823688168,0.06002981949420283,524,524
fixed_train,6,1,apriori|2|08,"ac370419, ac379999",1,0.99444282823688168,0.060537127982242978,524,523
fixed_train,6,1,apriori|2|08,"ac370419, ac379999",2,0.99444282823688168,0.051105721485434463,524,524
fixed_train,6,1,apriori|2|08,"ac370419, ac379999",3,0.99444282823688168,0.064111321128438759,524,522
fixed_train,6,1,apriori|2|08,"ac370419, ac379999",4,0.99444282823688168,0.055932282374325126,524,524
fixed_train,6,1,apriori|2|08,"ac370419, ac379999",5,0.99444282823688168,0.05605615850798118,524,522
fixed_train,6,1,apriori|2|08,"ac370419, ac379999",6,0.99444282823688168,0.055121838174689408,524,523
fixed_train,6,1,apriori|2|08,"ac370419, ac379999",7,0.99444282823688168,0.048605992348720872,524,522
fixed_train,6,1,apriori|2|08,"ac370419, ac379999",8,0.99444282823688168,0.048379725959377451,524,522
fixed_train,6,1,apriori|2|08,"ac370419, ac379999",9,0.99444282823688168,0.069401854820574371,524,523
fixed_train,6,1,apriori|2|09,"ac370000, ac370442",0,0.99444282823688168,0.08038440298785432,521,518
fixed_train,6,1,apriori|2|09,"ac370000, ac370442",1,0.99444282823688168,0.078009014541365107,521,521
fixed_train,6,1,apriori|2|09,"ac370000, ac370442",2,0.99444282823688168,0.094501793411633339,521,519
fixed_train,6,1,apriori|2|09,"ac370000, ac370442",3,0.99444282823688168,0.089024768737093973,521,519
fixed_train,6,1,apriori|2|09,"ac370000, ac370442",4,0.99444282823688168,0.090128964200044681,521,520
fixed_train,6,1,apriori|2|09,"ac370000, ac370442",5,0.99444282823688168,0.088420345096018815,521,521
fixed_train,6,1,apriori|2|09,"ac370000, ac370442",6,0.99444282823688168,0.097830110729703379,521,520
fixed_train,6,1,apriori|2|09,"ac370000, ac370442",7,0.99444282823688168,0.084913849212690629,521,520
fixed_train,6,1,apriori|2|09,"ac370000, ac370442",8,0.99444282823688168,0.099102205603575966,521,521
fixed_train,6,1,apriori|2|09,"ac370000, ac370442",9,0.99444282823688168,0.076100144643863055,521,520
fixed_train,6,1,apriori|2|10,"ac370419, ac370443",0,0.99444282823688168,0.082792809480585761,521,521
fixed_train,6,1,apriori|2|10,"ac370419, ac370443",1,0.99444282823688168,0.06549899952061955,521,519
fixed_train,6,1,apriori|2|10,"ac370419, ac370443",2,0.99444282823688168,0.068680770246711598,521,521
fixed_train,6,1,apriori|2|10,"ac370419, ac370443",3,0.99444282823688168,0.076959672308319127,521,520
fixed_train,6,1,apriori|2|10,"ac370419, ac370443",4,0.99444282823688168,0.076896921601041557,521,520
fixed_train,6,1,apriori|2|10,"ac370419, ac370443",5,0.99444282823688168,0.074855159064631915,521,520
fixed_train,6,1,apriori|2|10,"ac370419, ac370443",6,0.99444282823688168,0.070083268635699358,521,521
fixed_train,6,1,apriori|2|10,"ac370419, ac370443",7,0.99444282823688168,0.070260168731617556,521,521
fixed_train,6,1,apriori|2|10,"ac370419, ac370443",8,0.99444282823688168,0.098075022922726851,521,521
fixed_train,6,1,apriori|2|10,"ac370419, ac370443",9,0.99444282823688168,0.080906204107209612,521,521
fixed_train,6,1,apriori|3|01,"ac370000, ac379999, ac419100",0,0.99444282823688168,0.084265786472709769,584,584
fixed_train,6,1,apriori|3|01,"ac370000, ac379999, ac419100",1,0.99444282823688168,0.086539785415388981,584,583
fixed_train,6,1,apriori|3|01,"ac370000, ac379999, ac419100",2,0.99444282823688168,0.083030768744882022,584,584
fixed_train,6,1,apriori|3|01,"ac370000, ac379999, ac419100",3,0.99444282823688168,0.10090386010423724,584,584
fixed_train,6,1,apriori|3|01,"ac370000, ac379999, ac419100",4,0.99444282823688168,0.075908395357699887,584,584
fixed_train,6,1,apriori|3|01,"ac370000, ac379999, ac419100",5,0.99444282823688168,0.090272290907394637,584,584
fixed_train,6,1,apriori|3|01,"ac370000, ac379999, ac419100",6,0.99444282823688168,0.085517584153627202,584,584
fixed_train,6,1,apriori|3|01,"ac370000, ac379999, ac419100",7,0.99444282823688168,0.09474034424646216,584,584
fixed_train,6,1,apriori|3|01,"ac370000, ac379999, ac419100",8,0.99444282823688168,0.086745685833474306,584,584
fixed_train,6,1,apriori|3|01,"ac370000, ac379999, ac419100",9,0.99444282823688168,0.092201587315662081,584,584
fixed_train,6,1,apriori|3|02,"370407, ac370000, ac379999",0,0.99444282823688168,0.097806223030882378,542,542
fixed_train,6,1,apriori|3|02,"370407, ac370000, ac379999",1,0.99444282823688168,0.083427329288072283,542,542
fixed_train,6,1,apriori|3|02,"370407, ac370000, ac379999",2,0.99444282823688168,0.087805420361733555,542,541
fixed_train,6,1,apriori|3|02,"370407, ac370000, ac379999",3,0.99444282823688168,0.091707964781565177,542,542
fixed_train,6,1,apriori|3|02,"370407, ac370000, ac379999",4,0.99444282823688168,0.08591701006622221,542,542
fixed_train,6,1,apriori|3|02,"370407, ac370000, ac379999",5,0.99444282823688168,0.08490764376422133,542,542
fixed_train,6,1,apriori|3|02,"370407, ac370000, ac379999",6,0.99444282823688168,0.10433820191583831,542,542
fixed_train,6,1,apriori|3|02,"370407, ac370000, ac379999",7,0.99444282823688168,0.10526222725787271,542,542
fixed_train,6,1,apriori|3|02,"370407, ac370000, ac379999",8,0.99444282823688168,0.099721562767575822,542,542
fixed_train,6,1,apriori|3|02,"370407, ac370000, ac379999",9,0.99444282823688168,0.088638862818844477,542,542
fixed_train,6,1,apriori|3|03,"ac370000, ac370419, ac379999",0,0.99444282823688168,0.085368425742459064,524,524
fixed_train,6,1,apriori|3|03,"ac370000, ac370419, ac379999",1,0.99444282823688168,0.083426254366788188,524,524
fixed_train,6,1,apriori|3|03,"ac370000, ac370419, ac379999",2,0.99444282823688168,0.10244607729134481,524,524
fixed_train,6,1,apriori|3|03,"ac370000, ac370419, ac379999",3,0.99444282823688168,0.088420345096018815,524,524
fixed_train,6,1,apriori|3|03,"ac370000, ac370419, ac379999",4,0.99444282823688168,0.10065782263142065,524,524
fixed_train,6,1,apriori|3|03,"ac370000, ac370419, ac379999",5,0.99444282823688168,0.089677223603471745,524,524
fixed_train,6,1,apriori|3|03,"ac370000, ac370419, ac379999",6,0.99444282823688168,0.074482737337554505,524,524
fixed_train,6,1,apriori|3|03,"ac370000, ac370419, ac379999",7,0.99444282823688168,0.096262066514457678,524,524
fixed_train,6,1,apriori|3|03,"ac370000, ac370419, ac379999",8,0.99444282823688168,0.105045544576154,524,524
fixed_train,6,1,apriori|3|03,"ac370000, ac370419, ac379999",9,0.99444282823688168,0.10422757476079236,524,524
fixed_train,6,1,apriori|3|04,"ac370000, ac370419, ac370443",0,0.99444282823688168,0.11029281347757869,521,521
fixed_train,6,1,apriori|3|04,"ac370000, ac370419, ac370443",1,0.99444282823688168,0.12204801743123195,521,521
fixed_train,6,1,apriori|3|04,"ac370000, ac370419, ac370443",2,0.99444282823688168,0.10986599593799107,521,521
fixed_train,6,1,apriori|3|04,"ac370000, ac370419, ac370443",3,0.99444282823688168,0.11294130828275195,521,521
fixed_train,6,1,apriori|3|04,"ac370000, ac370419, ac370443",4,0.99444282823688168,0.10320428730611053,521,521
fixed_train,6,1,apriori|3|04,"ac370000, ac370419, ac370443",5,0.99444282823688168,0.11115031996544722,521,521
fixed_train,6,1,apriori|3|04,"ac370000, ac370419, ac370443",6,0.99444282823688168,0.11630183732724353,521,521
fixed_train,6,1,apriori|3|04,"ac370000, ac370419, ac370443",7,0.99444282823688168,0.12232732650420697,521,521
fixed_train,6,1,apriori|3|04,"ac370000, ac370419, ac370443",8,0.99444282823688168,0.11033046597212992,521,521
fixed_train,6,1,apriori|3|04,"ac370000, ac370419, ac370443",9,0.99444282823688168,0.12945355678767279,521,521
fixed_train,6,1,apriori|3|05,"ac370000, ac370442, ac370443",0,0.99444282823688168,0.09474034424646216,519,518
fixed_train,6,1,apriori|3|05,"ac370000, ac370442, ac370443",1,0.99444282823688168,0.10885009040390436,519,519
fixed_train,6,1,apriori|3|05,"ac370000, ac370442, ac370443",2,0.99444282823688168,0.10498383590178328,519,519
fixed_train,6,1,apriori|3|05,"ac370000, ac370442, ac370443",3,0.99444282823688168,0.1079524097353427,519,519
fixed_train,6,1,apriori|3|05,"ac370000, ac370442, ac370443",4,0.99444282823688168,0.10449609382183167,519,519
fixed_train,6,1,apriori|3|05,"ac370000, ac370442, ac370443",5,0.99444282823688168,0.10140241169954722,519,519
fixed_train,6,1,apriori|3|05,"ac370000, ac370442, ac370443",6,0.99444282823688168,0.1017548440747581,519,519
fixed_train,6,1,apriori|3|05,"ac370000, ac370442, ac370443",7,0.99444282823688168,0.11208141326784271,519,519
fixed_train,6,1,apriori|3|05,"ac370000, ac370442, ac370443",8,0.99444282823688168,0.095412940996302154,519,519
fixed_train,6,1,apriori|3|05,"ac370000, ac370442, ac370443",9,0.99444282823688168,0.1078324345005458,519,519
fixed_train,6,1,apriori|3|06,"370407, ac370000, ac370419",0,0.99444282823688168,0.11304604552169029,521,521
fixed_train,6,1,apriori|3|06,"370407, ac370000, ac370419",1,0.99444282823688168,0.1079524097353427,521,521
fixed_train,6,1,apriori|3|06,"370407, ac370000, ac370419",2,0.99444282823688168,0.10561200599310627,521,520
fixed_train,6,1,apriori|3|06,"370407, ac370000, ac370419",3,0.99444282823688168,0.12634502327828689,521,521
fixed_train,6,1,apriori|3|06,"370407, ac370000, ac370419",4,0.99444282823688168,0.11839755894835158,521,521
fixed_train,6,1,apriori|3|06,"370407, ac370000, ac370419",5,0.99444282823688168,0.12467383105957075,521,521
fixed_train,6,1,apriori|3|06,"370407, ac370000, ac370419",6,0.99444282823688168,0.12467383105957075,521,521
fixed_train,6,1,apriori|3|06,"370407, ac370000, ac370419",7,0.99444282823688168,0.11391257689525347,521,521
fixed_train,6,1,apriori|3|06,"370407, ac370000, ac370419",8,0.99444282823688168,0.12165779708162749,521,521
fixed_train,6,1,apriori|3|06,"370407, ac370000, ac370419",9,0.99444282823688168,0.11263321721981512,521,520
fixed_train,6,1,apriori|3|07,"ac370000, ac370419, ac370442",0,0.99444282823688168,0.11029281347757869,517,517
fixed_train,6,1,apriori|3|07,"ac370000, ac370419, ac370442",1,0.99444282823688168,0.1153715988017846,517,517
fixed_train,6,1,apriori|3|07,"ac370000, ac370419, ac370442",2,0.99444282823688168,0.105045544576154,517,517
fixed_train,6,1,apriori|3|07,"ac370000, ac370419, ac370442",3,0.99444282823688168,0.10242510106271774,517,517
fixed_train,6,1,apriori|3|07,"ac370000, ac370419, ac370442",4,0.99444282823688168,0.12737034949008608,517,517
fixed_train,6,1,apriori|3|07,"ac370000, ac370419, ac370442",5,0.99444282823688168,0.11864527980975059,517,517
fixed_train,6,1,apriori|3|07,"ac370000, ac370419, ac370442",6,0.99444282823688168,0.11731402470428776,517,517
fixed_train,6,1,apriori|3|07,"ac370000, ac370419, ac370442",7,0.99444282823688168,0.11930196432524343,517,517
fixed_train,6,1,apriori|3|07,"ac370000, ac370419, ac370442",8,0.99444282823688168,0.11101410709018611,517,516
fixed_train,6,1,apriori|3|07,"ac370000, ac370419, ac370442",9,0.99444282823688168,0.11933298648101009,517,517
fixed_train,6,1,apriori|3|08,"ac370000, ac370443, ac379999",0,0.99444282823688168,0.096512698055743029,515,515
fixed_train,6,1,apriori|3|08,"ac370000, ac370443, ac379999",1,0.99444282823688168,0.089901381219690824,515,515
fixed_train,6,1,apriori|3|08,"ac370000, ac370443, ac379999",2,0.99444282823688168,0.098576140111675259,515,515
fixed_train,6,1,apriori|3|08,"ac370000, ac370443, ac379999",3,0.99444282823688168,0.084877468210226792,515,515
fixed_train,6,1,apriori|3|08,"ac370000, ac370443, ac379999",4,0.99444282823688168,0.093235120396689131,515,515
fixed_train,6,1,apriori|3|08,"ac370000, ac370443, ac379999",5,0.99444282823688168,0.078400350739834201,515,515
fixed_train,6,1,apriori|3|08,"ac370000, ac370443, ac379999",6,0.99444282823688168,0.087382418895843084,515,515
fixed_train,6,1,apriori|3|08,"ac370000, ac370443, ac379999",7,0.99444282823688168,0.081991787530030669,515,515
fixed_train,6,1,apriori|3|08,"ac370000, ac370443, ac379999",8,0.99444282823688168,0.10165741431608821,515,515
fixed_train,6,1,apriori|3|08,"ac370000, ac370443, ac379999",9,0.99444282823688168,0.096015215813857968,515,514
fixed_train,6,1,apriori|3|09,"ac370419, ac370442, ac370443",0,0.99444282823688168,0.11567695824431823,516,516
fixed_train,6,1,apriori|3|09,"ac370419, ac370442, ac370443",1,0.99444282823688168,0.096250391024160997,516,516
fixed_train,6,1,apriori|3|09,"ac370419, ac370442, ac370443",2,0.99444282823688168,0.095228450404151732,516,516
fixed_train,6,1,apriori|3|09,"ac370419, ac370442, ac370443",3,0.99444282823688168,0.11334553266725211,516,516
fixed_train,6,1,apriori|3|09,"ac370419, ac370442, ac370443",4,0.99444282823688168,0.10844986354760799,516,516
fixed_train,6,1,apriori|3|09,"ac370419, ac370442, ac370443",5,0.99444282823688168,0.091633919320022295,516,516
fixed_train,6,1,apriori|3|09,"ac370419, ac370442, ac370443",6,0.99444282823688168,0.10384335457801463,516,516
fixed_train,6,1,apriori|3|09,"ac370419, ac370442, ac370443",7,0.99444282823688168,0.10579177713018495,516,516
fixed_train,6,1,apriori|3|09,"ac370419, ac370442, ac370443",8,0.99444282823688168,0.10384335457801463,516,516
fixed_train,6,1,apriori|3|09,"ac370419, ac370442, ac370443",9,0.99444282823688168,0.11357183124619064,516,516
fixed_train,6,1,apriori|3|10,"370407, ac370000, ac370443",0,0.99444282823688168,0.092304822391846897,515,515
fixed_train,6,1,apriori|3|10,"370407, ac370000, ac370443",1,0.99444282823688168,0.10574562528539488,515,515
fixed_train,6,1,apriori|3|10,"370407, ac370000, ac370443",2,0.99444282823688168,0.10978546803423961,515,515
fixed_train,6,1,apriori|3|10,"370407, ac370000, ac370443",3,0.99444282823688168,0.11104185680313439,515,515
fixed_train,6,1,apriori|3|10,"370407, ac370000, ac370443",4,0.99444282823688168,0.093327140728123981,515,515
fixed_train,6,1,apriori|3|10,"370407, ac370000, ac370443",5,0.99444282823688168,0.12608819022339668,515,515
fixed_train,6,1,apriori|3|10,"370407, ac370000, ac370443",6,0.99444282823688168,0.099950923592231233,515,515
fixed_train,6,1,apriori|3|10,"370407, ac370000, ac370443",7,0.99444282823688168,0.10700577589950167,515,515
fixed_train,6,1,apriori|3|10,"370407, ac370000, ac370443",8,0.99444282823688168,0.12037184527391187,515,515
fixed_train,6,1,apriori|3|10,"370407, ac370000, ac370443",9,0.99444282823688168,0.11080717576536159,515,515
fixed_train,6,1,impressed|1|01,376400,0,0.99444282823688168,0.13267605630834611,272,264
fixed_train,6,1,impressed|1|01,376400,1,0.99444282823688168,0.13003730058358298,272,260
fixed_train,6,1,impressed|1|01,376400,2,0.99444282823688168,0.12610119099846517,272,259
fixed_train,6,1,impressed|1|01,376400,3,0.99444282823688168,0.12228377282203196,272,260
fixed_train,6,1,impressed|1|01,376400,4,0.99444282823688168,0.14224566738404487,272,269
fixed_train,6,1,impressed|1|01,376400,5,0.99444282823688168,0.13309584686031328,272,264
fixed_train,6,1,impressed|1|01,376400,6,0.99444282823688168,0.1371490177582807,272,264
fixed_train,6,1,impressed|1|01,376400,7,0.99444282823688168,0.12553295493539884,272,263
fixed_train,6,1,impressed|1|01,376400,8,0.99444282823688168,0.13411040797079421,272,266
fixed_train,6,1,impressed|1|01,376400,9,0.99444282823688168,0.136629877288443,272,260
fixed_train,6,1,impressed|1|02,378619a,0,0.99444282823688168,0.059079802149503036,331,322
fixed_train,6,1,impressed|1|02,378619a,1,0.99444282823688168,0.059844762404298923,331,326
fixed_train,6,1,impressed|1|02,378619a,2,0.99444282823688168,0.057849303875122104,331,324
fixed_train,6,1,impressed|1|02,378619a,3,0.99444282823688168,0.056922815361757917,331,324
fixed_train,6,1,impressed|1|02,378619a,4,0.99444282823688168,0.054319207388703217,331,315
fixed_train,6,1,impressed|1|02,378619a,5,0.99444282823688168,0.062961018497240007,331,325
fixed_train,6,1,impressed|1|02,378619a,6,0.99444282823688168,0.059236888958975498,331,322
fixed_train,6,1,impressed|1|02,378619a,7,0.99444282823688168,0.073511639760087455,331,325
fixed_train,6,1,impressed|1|02,378619a,8,0.99444282823688168,0.061883873359615982,331,320
fixed_train,6,1,impressed|1|02,378619a,9,0.99444282823688168,0.053098083684149922,331,322
fixed_train,6,1,impressed|1|03,ac370000,0,0.99444282823688168,0.10242510106271774,636,632
fixed_train,6,1,impressed|1|03,ac370000,1,0.99444282823688168,0.11043131666740569,636,633
fixed_train,6,1,impressed|1|03,ac370000,2,0.99444282823688168,0.10912991553067164,636,629
fixed_train,6,1,impressed|1|03,ac370000,3,0.99444282823688168,0.10320428730611053,636,634
fixed_train,6,1,impressed|1|03,ac370000,4,0.99444282823688168,0.094610205874739672,636,634
fixed_train,6,1,impressed|1|03,ac370000,5,0.99444282823688168,0.11649852420021034,636,636
fixed_train,6,1,impressed|1|03,ac370000,6,0.99444282823688168,0.11121284108759055,636,634
fixed_train,6,1,impressed|1|03,ac370000,7,0.99444282823688168,0.1101465080977635,636,634
fixed_train,6,1,impressed|1|03,ac370000,8,0.99444282823688168,0.112329800037414,636,631
fixed_train,6,1,impressed|1|03,ac370000,9,0.99444282823688168,0.11610177167021862,636,634
fixed_train,6,1,impressed|1|04,ac419100,0,0.99444282823688168,0.052996101714370525,851,743
fixed_train,6,1,impressed|1|04,ac419100,1,0.99444282823688168,0.044198476776918461,851,744
fixed_train,6,1,impressed|1|04,ac419100,2,0.99444282823688168,0.052754659168573026,851,758
fixed_train,6,1,impressed|1|04,ac419100,3,0.99444282823688168,0.050744052734467138,851,742
fixed_train,6,1,impressed|1|04,ac419100,4,0.99444282823688168,0.043987905794756865,851,752
fixed_train,6,1,impressed|1|04,ac419100,5,0.99444282823688168,0.051930404749682246,851,753
fixed_train,6,1,impressed|1|04,ac419100,6,0.99444282823688168,0.046349193844060776,851,747
fixed_train,6,1,impressed|1|04,ac419100,7,0.99444282823688168,0.049079579675713192,851,756
fixed_train,6,1,impressed|1|04,ac419100,8,0.99444282823688168,0.052754659168573026,851,755
fixed_train,6,1,impressed|1|04,ac419100,9,0.99444282823688168,0.044956633670127144,851,748
fixed_train,6,1,impressed|1|05,ac10307,0,0.99444282823688168,0.0067163161825340989,120,103
fixed_train,6,1,impressed|1|05,ac10307,1,0.99444282823688168,0.0066922802826249184,120,103
fixed_train,6,1,impressed|1|05,ac10307,2,0.99444282823688168,0.0067163161825340989,120,102
fixed_train,6,1,impressed|1|05,ac10307,3,0.99444282823688168,0.0044651071833987643,120,101
fixed_train,6,1,impressed|1|05,ac10307,4,0.99444282823688168,0.0078453480710845014,120,106
fixed_train,6,1,impressed|1|05,ac10307,5,0.99444282823688168,0.0055895777402016344,120,111
fixed_train,6,1,impressed|1|05,ac10307,6,0.99444282823688168,0.0067163161825340989,120,103
fixed_train,6,1,impressed|1|05,ac10307,7,0.99444282823688168,0.0044651071833987643,120,100
fixed_train,6,1,impressed|1|05,ac10307,8,0.99444282823688168,0.0055895777402016344,120,105
fixed_train,6,1,impressed|1|05,ac10307,9,0.99444282823688168,0.0044847729196882957,120,103
fixed_train,6,1,impressed|1|06,ac415100,0,0.99444282823688168,0.020208402713886908,278,263
fixed_train,6,1,impressed|1|06,ac415100,1,0.99444282823688168,0.014506977342857552,278,260
fixed_train,6,1,impressed|1|06,ac415100,2,0.99444282823688168,0.012312854682485552,278,255
fixed_train,6,1,impressed|1|06,ac415100,3,0.99444282823688168,0.010079101376784916,278,262
fixed_train,6,1,impressed|1|06,ac415100,4,0.99444282823688168,0.020105575759609473,278,257
fixed_train,6,1,impressed|1|06,ac415100,5,0.99444282823688168,0.016736327243521698,278,265
fixed_train,6,1,impressed|1|06,ac415100,6,0.99444282823688168,0.012384930062017463,278,263
fixed_train,6,1,impressed|1|06,ac415100,7,0.99444282823688168,0.016780361293886492,278,267
fixed_train,6,1,impressed|1|06,ac415100,8,0.99444282823688168,0.015560080936731335,278,265
fixed_train,6,1,impressed|1|06,ac415100,9,0.99444282823688168,0.018015937439062824,278,264
fixed_train,6,1,impressed|1|07,ac337441,0,0.99444282823688168,0,2,1
fixed_train,6,1,impressed|1|07,ac337441,1,0.99444282823688168,0,2,2
fixed_train,6,1,impressed|1|07,ac337441,2,0.99444282823688168,0,2,1
fixed_train,6,1,impressed|1|07,ac337441,3,0.99444282823688168,0,2,1
fixed_train,6,1,impressed|1|07,ac337441,4,0.99444282823688168,0,2,1
fixed_train,6,1,impressed|1|07,ac337441,5,0.99444282823688168,0,2,1
fixed_train,6,1,impressed|1|07,ac337441,6,0.99444282823688168,0,2,1
fixed_train,6,1,impressed|1|07,ac337441,7,0.99444282823688168,0,2,2
fixed_train,6,1,impressed|1|07,ac337441,8,0.99444282823688168,0,2,1
fixed_train,6,1,impressed|1|07,ac337441,9,0.99444282823688168,0,2,2
fixed_train,6,1,impressed|1|08,ac379999,0,0.99444282823688168,0.069807812241280187,626,619
fixed_train,6,1,impressed|1|08,ac379999,1,0.99444282823688168,0.062777612719373765,626,615
fixed_train,6,1,impressed|1|08,ac379999,2,0.99444282823688168,0.065308410211166845,626,612
fixed_train,6,1,impressed|1|08,ac379999,3,0.99444282823688168,0.05605615850798118,626,616
fixed_train,6,1,impressed|1|08,ac379999,4,0.99444282823688168,0.053696302223872783,626,612
fixed_train,6,1,impressed|1|08,ac379999,5,0.99444282823688168,0.069965722871345282,626,611
fixed_train,6,1,impressed|1|08,ac379999,6,0.99444282823688168,0.063647062824799039,626,612
fixed_train,6,1,impressed|1|08,ac379999,7,0.99444282823688168,0.071337921435120411,626,618
fixed_train,6,1,impressed|1|08,ac379999,8,0.99444282823688168,0.058968504239565123,626,619
fixed_train,6,1,impressed|1|08,ac379999,9,0.99444282823688168,0.056704445432453343,626,616
fixed_train,6,1,impressed|1|09,ac378431,0,0.99444282823688168,0,12,10
fixed_train,6,1,impressed|1|09,ac378431,1,0.99444282823688168,0.001105050874421587,12,11
fixed_train,6,1,impressed|1|09,ac378431,2,0.99444282823688168,0.0022228687052472385,12,12
fixed_train,6,1,impressed|1|09,ac378431,3,0.99444282823688168,0.0022228687052472385,12,12
fixed_train,6,1,impressed|1|09,ac378431,4,0.99444282823688168,0.0022228687052472385,12,8
fixed_train,6,1,impressed|1|09,ac378431,5,0.99444282823688168,0.0033257917536017034,12,12
fixed_train,6,1,impressed|1|09,ac378431,6,0.99444282823688168,0.0022228687052472385,12,11
fixed_train,6,1,impressed|1|09,ac378431,7,0.99444282823688168,0.001105050874421587,12,11
fixed_train,6,1,impressed|1|09,ac378431,8,0.99444282823688168,0,12,11
fixed_train,6,1,impressed|1|09,ac378431,9,0.99444282823688168,0,12,12
fixed_train,6,1,impressed|1|10,378490e,0,0.99444282823688168,0,4,4
fixed_train,6,1,impressed|1|10,378490e,1,0.99444282823688168,0,4,4
fixed_train,6,1,impressed|1|10,378490e,2,0.99444282823688168,0,4,4
fixed_train,6,1,impressed|1|10,378490e,3,0.99444282823688168,0,4,4
fixed_train,6,1,impressed|1|10,378490e,4,0.99444282823688168,0,4,4
fixed_train,6,1,impressed|1|10,378490e,5,0.99444282823688168,0,4,4
fixed_train,6,1,impressed|1|10,378490e,6,0.99444282823688168,0,4,4
fixed_train,6,1,impressed|1|10,378490e,7,0.99444282823688168,0,4,4
fixed_train,6,1,impressed|1|10,378490e,8,0.99444282823688168,0,4,4
fixed_train,6,1,impressed|1|10,378490e,9,0.99444282823688168,0,4,4
fixed_train,6,1,impressed|2|01,"376400, 377498a",0,0.99444282823688168,0.13187725830906494,232,232
fixed_train,6,1,impressed|2|01,"376400, 377498a",1,0.99444282823688168,0.12103569405512682,232,231
fixed_train,6,1,impressed|2|01,"376400, 377498a",2,0.99444282823688168,0.12715075516454022,232,232
fixed_train,6,1,impressed|2|01,"376400, 377498a",3,0.99444282823688168,0.13322360803078326,232,232
fixed_train,6,1,impressed|2|01,"376400, 377498a",4,0.99444282823688168,0.13824249135081046,232,232
fixed_train,6,1,impressed|2|01,"376400, 377498a",5,0.99444282823688168,0.12023612996605815,232,232
fixed_train,6,1,impressed|2|01,"376400, 377498a",6,0.99444282823688168,0.12594960898071395,232,232
fixed_train,6,1,impressed|2|01,"376400, 377498a",7,0.99444282823688168,0.12471574733100532,232,232
fixed_train,6,1,impressed|2|01,"376400, 377498a",8,0.99444282823688168,0.13231890965677495,232,232
fixed_train,6,1,impressed|2|01,"376400, 377498a",9,0.99444282823688168,0.12826715160957247,232,231
fixed_train,6,1,impressed|2|02,"376400, 378619a",0,0.99444282823688168,0.15777641797630648,266,265
fixed_train,6,1,impressed|2|02,"376400, 378619a",1,0.99444282823688168,0.16710680013068369,266,266
fixed_train,6,1,impressed|2|02,"376400, 378619a",2,0.99444282823688168,0.16000962084741566,266,266
fixed_train,6,1,impressed|2|02,"376400, 378619a",3,0.99444282823688168,0.16033593472121954,266,266
fixed_train,6,1,impressed|2|02,"376400, 378619a",4,0.99444282823688168,0.16913203294254719,266,266
fixed_train,6,1,impressed|2|02,"376400, 378619a",5,0.99444282823688168,0.17244795052086292,266,266
fixed_train,6,1,impressed|2|02,"376400, 378619a",6,0.99444282823688168,0.17126282233562329,266,266
fixed_train,6,1,impressed|2|02,"376400, 378619a",7,0.99444282823688168,0.16887230206816051,266,264
fixed_train,6,1,impressed|2|02,"376400, 378619a",8,0.99444282823688168,0.17008842590115858,266,265
fixed_train,6,1,impressed|2|02,"376400, 378619a",9,0.99444282823688168,0.17464783117561844,266,265
fixed_train,6,1,impressed|2|03,"370712b, 376400",0,0.99444282823688168,0.13409082284109364,246,244
fixed_train,6,1,impressed|2|03,"370712b, 376400",1,0.99444282823688168,0.1462389390892338,246,246
fixed_train,6,1,impressed|2|03,"370712b, 376400",2,0.99444282823688168,0.1514534125393876,246,246
fixed_train,6,1,impressed|2|03,"370712b, 376400",3,0.99444282823688168,0.1514534125393876,246,246
fixed_train,6,1,impressed|2|03,"370712b, 376400",4,0.99444282823688168,0.13864913354661612,246,245
fixed_train,6,1,impressed|2|03,"370712b, 376400",5,0.99444282823688168,0.13111674767509685,246,245
fixed_train,6,1,impressed|2|03,"370712b, 376400",6,0.99444282823688168,0.14989064182269141,246,246
fixed_train,6,1,impressed|2|03,"370712b, 376400",7,0.99444282823688168,0.13561681083528476,246,246
fixed_train,6,1,impressed|2|03,"370712b, 376400",8,0.99444282823688168,0.13868832438471235,246,246
fixed_train,6,1,impressed|2|03,"370712b, 376400",9,0.99444282823688168,0.12578892339896697,246,245
fixed_train,6,1,impressed|2|04,"370715a, 376400",0,0.99444282823688168,0.12739476389177862,244,244
fixed_train,6,1,impressed|2|04,"370715a, 376400",1,0.99444282823688168,0.13765743389650698,244,244
fixed_train,6,1,impressed|2|04,"370715a, 376400",2,0.99444282823688168,0.13159387500261555,244,244
fixed_train,6,1,impressed|2|04,"370715a, 376400",3,0.99444282823688168,0.12814813074439346,244,244
fixed_train,6,1,impressed|2|04,"370715a, 376400",4,0.99444282823688168,0.13512254922968781,244,244
fixed_train,6,1,impressed|2|04,"370715a, 376400",5,0.99444282823688168,0.13460426299768458,244,244
fixed_train,6,1,impressed|2|04,"370715a, 376400",6,0.99444282823688168,0.12769467872018536,244,243
fixed_train,6,1,impressed|2|04,"370715a, 376400",7,0.99444282823688168,0.13816021428242897,244,244
fixed_train,6,1,impressed|2|04,"370715a, 376400",8,0.99444282823688168,0.13662694093897276,244,244
fixed_train,6,1,impressed|2|04,"370715a, 376400",9,0.99444282823688168,0.13564562434294547,244,243
fixed_train,6,1,impressed|2|05,"378619a, ac379999",0,0.99444282823688168,0.067425520151111695,330,329
fixed_train,6,1,impressed|2|05,"378619a, ac379999",1,0.99444282823688168,0.078588801255589313,330,329
fixed_train,6,1,impressed|2|05,"378619a, ac379999",2,0.99444282823688168,0.07255766389812468,330,329
fixed_train,6,1,impressed|2|05,"378619a, ac379999",3,0.99444282823688168,0.065461414517888228,330,329
fixed_train,6,1,impressed|2|05,"378619a, ac379999",4,0.99444282823688168,0.071683444014374653,330,327
fixed_train,6,1,impressed|2|05,"378619a, ac379999",5,0.99444282823688168,0.070439771006501339,330,329
fixed_train,6,1,impressed|2|05,"378619a, ac379999",6,0.99444282823688168,0.065461414517888228,330,328
fixed_train,6,1,impressed|2|05,"378619a, ac379999",7,0.99444282823688168,0.072251620566441077,330,326
fixed_train,6,1,impressed|2|05,"378619a, ac379999",8,0.99444282823688168,0.081377664094079427,330,330
fixed_train,6,1,impressed|2|05,"378619a, ac379999",9,0.99444282823688168,0.084548372312979514,330,330
fixed_train,6,1,impressed|2|06,"378619a, ac419100",0,0.99444282823688168,0.060761610063153615,309,308
fixed_train,6,1,impressed|2|06,"378619a, ac419100",1,0.99444282823688168,0.063696728857547402,309,307
fixed_train,6,1,impressed|2|06,"378619a, ac419100",2,0.99444282823688168,0.063132936279166607,309,309
fixed_train,6,1,impressed|2|06,"378619a, ac419100",3,0.99444282823688168,0.059998701972063806,309,308
fixed_train,6,1,impressed|2|06,"378619a, ac419100",4,0.99444282823688168,0.065833895687130495,309,307
fixed_train,6,1,impressed|2|06,"378619a, ac419100",5,0.99444282823688168,0.057403653534780164,309,309
fixed_train,6,1,impressed|2|06,"378619a, ac419100",6,0.99444282823688168,0.064209426639710299,309,309
fixed_train,6,1,impressed|2|06,"378619a, ac419100",7,0.99444282823688168,0.065665178398603308,309,309
fixed_train,6,1,impressed|2|06,"378619a, ac419100",8,0.99444282823688168,0.073511639760087455,309,308
fixed_train,6,1,impressed|2|06,"378619a, ac419100",9,0.99444282823688168,0.063865036153410881,309,308
fixed_train,6,1,impressed|2|07,"370401c, ac370000",0,0.99444282823688168,0.081422041073897389,486,486
fixed_train,6,1,impressed|2|07,"370401c, ac370000",1,0.99444282823688168,0.08923896957251054,486,484
fixed_train,6,1,impressed|2|07,"370401c, ac370000",2,0.99444282823688168,0.087805420361733555,486,481
fixed_train,6,1,impressed|2|07,"370401c, ac370000",3,0.99444282823688168,0.080570425974681892,486,486
fixed_train,6,1,impressed|2|07,"370401c, ac370000",4,0.99444282823688168,0.087382418895843084,486,485
fixed_train,6,1,impressed|2|07,"370401c, ac370000",5,0.99444282823688168,0.074482737337554505,486,482
fixed_train,6,1,impressed|2|07,"370401c, ac370000",6,0.99444282823688168,0.085300969027748086,486,485
fixed_train,6,1,impressed|2|07,"370401c, ac370000",7,0.99444282823688168,0.07812278259967087,486,482
fixed_train,6,1,impressed|2|07,"370401c, ac370000",8,0.99444282823688168,0.079056446429021432,486,485
fixed_train,6,1,impressed|2|07,"370401c, ac370000",9,0.99444282823688168,0.082164435689724868,486,485
fixed_train,6,1,impressed|2|08,"ac370000, ac370403",0,0.99444282823688168,0.078303910244739816,498,496
fixed_train,6,1,impressed|2|08,"ac370000, ac370403",1,0.99444282823688168,0.081422041073897389,498,496
fixed_train,6,1,impressed|2|08,"ac370000, ac370403",2,0.99444282823688168,0.082272738453115002,498,496
fixed_train,6,1,impressed|2|08,"ac370000, ac370403",3,0.99444282823688168,0.074644440073610374,498,497
fixed_train,6,1,impressed|2|08,"ac370000, ac370403",4,0.99444282823688168,0.07394482612867681,498,498
fixed_train,6,1,impressed|2|08,"ac370000, ac370403",5,0.99444282823688168,0.074142387920446806,498,495
fixed_train,6,1,impressed|2|08,"ac370000, ac370403",6,0.99444282823688168,0.081910574634418531,498,497
fixed_train,6,1,impressed|2|08,"ac370000, ac370403",7,0.99444282823688168,0.078864021541857343,498,497
fixed_train,6,1,impressed|2|08,"ac370000, ac370403",8,0.99444282823688168,0.078303910244739816,498,498
fixed_train,6,1,impressed|2|08,"ac370000, ac370403",9,0.99444282823688168,0.082587983653939601,498,498
fixed_train,6,1,impressed|2|09,"376400, ac379999",0,0.99444282823688168,0.14734231700980904,269,268
fixed_train,6,1,impressed|2|09,"376400, ac379999",1,0.99444282823688168,0.14947532046141987,269,269
fixed_train,6,1,impressed|2|09,"376400, ac379999",2,0.99444282823688168,0.13712969425463606,269,269
fixed_train,6,1,impressed|2|09,"376400, ac379999",3,0.99444282823688168,0.13362452601341268,269,268
fixed_train,6,1,impressed|2|09,"376400, ac379999",4,0.99444282823688168,0.13864913354661612,269,268
fixed_train,6,1,impressed|2|09,"376400, ac379999",5,0.99444282823688168,0.13865993601787652,269,265
fixed_train,6,1,impressed|2|09,"376400, ac379999",6,0.99444282823688168,0.14517110072917394,269,269
fixed_train,6,1,impressed|2|09,"376400, ac379999",7,0.99444282823688168,0.13510625282084299,269,268
fixed_train,6,1,impressed|2|09,"376400, ac379999",8,0.99444282823688168,0.13564562434294547,269,267
fixed_train,6,1,impressed|2|09,"376400, ac379999",9,0.99444282823688168,0.15400643017032267,269,269
fixed_train,6,1,impressed|2|10,"ac379999, ac419100",0,0.99444282823688168,0.07603739451479774,584,581
fixed_train,6,1,impressed|2|10,"ac379999, ac419100",1,0.99444282823688168,0.071337921435120411,584,580
fixed_train,6,1,impressed|2|10,"ac379999, ac419100",2,0.99444282823688168,0.079717788587351346,584,583
fixed_train,6,1,impressed|2|10,"ac379999, ac419100",3,0.99444282823688168,0.084337657774374741,584,581
fixed_train,6,1,impressed|2|10,"ac379999, ac419100",4,0.99444282823688168,0.05550657871783593,584,581
fixed_train,6,1,impressed|2|10,"ac379999, ac419100",5,0.99444282823688168,0.0576331863673607,584,582
fixed_train,6,1,impressed|2|10,"ac379999, ac419100",6,0.99444282823688168,0.061828037138111913,584,583
fixed_train,6,1,impressed|2|10,"ac379999, ac419100",7,0.99444282823688168,0.069807812241280187,584,583
fixed_train,6,1,impressed|2|10,"ac379999, ac419100",8,0.99444282823688168,0.071673340474625591,584,581
fixed_train,6,1,impressed|2|10,"ac379999, ac419100",9,0.99444282823688168,0.07603739451479774,584,581
fixed_train,6,1,impressed|3|01,"376400, 377498a, 378619a",0,0.99444282823688168,0.14890039490845253,227,227
fixed_train,6,1,impressed|3|01,"376400, 377498a, 378619a",1,0.99444282823688168,0.14524415729536266,227,227
fixed_train,6,1,impressed|3|01,"376400, 377498a, 378619a",2,0.99444282823688168,0.14017520505810288,227,227
fixed_train,6,1,impressed|3|01,"376400, 377498a, 378619a",3,0.99444282823688168,0.13864913354661612,227,227
fixed_train,6,1,impressed|3|01,"376400, 377498a, 378619a",4,0.99444282823688168,0.15875203985184316,227,227
fixed_train,6,1,impressed|3|01,"376400, 377498a, 378619a",5,0.99444282823688168,0.14607466712172101,227,227
fixed_train,6,1,impressed|3|01,"376400, 377498a, 378619a",6,0.99444282823688168,0.14734231700980904,227,227
fixed_train,6,1,impressed|3|01,"376400, 377498a, 378619a",7,0.99444282823688168,0.14379435964658249,227,226
fixed_train,6,1,impressed|3|01,"376400, 377498a, 378619a",8,0.99444282823688168,0.15655944780125775,227,227
fixed_train,6,1,impressed|3|01,"376400, 377498a, 378619a",9,0.99444282823688168,0.13309584686031328,227,227
fixed_train,6,1,impressed|3|02,"376400, 377498a, ac372417",0,0.99444282823688168,0.13662694093897276,231,231
fixed_train,6,1,impressed|3|02,"376400, 377498a, ac372417",1,0.99444282823688168,0.12680936395643982,231,231
fixed_train,6,1,impressed|3|02,"376400, 377498a, ac372417",2,0.99444282823688168,0.13914758356110613,231,231
fixed_train,6,1,impressed|3|02,"376400, 377498a, ac372417",3,0.99444282823688168,0.13864008269004457,231,231
fixed_train,6,1,impressed|3|02,"376400, 377498a, ac372417",4,0.99444282823688168,0.14114786102836041,231,231
fixed_train,6,1,impressed|3|02,"376400, 377498a, ac372417",5,0.99444282823688168,0.13120043044299756,231,231
fixed_train,6,1,impressed|3|02,"376400, 377498a, ac372417",6,0.99444282823688168,0.14170798618314162,231,231
fixed_train,6,1,impressed|3|02,"376400, 377498a, ac372417",7,0.99444282823688168,0.13763468710455939,231,231
fixed_train,6,1,impressed|3|02,"376400, 377498a, ac372417",8,0.99444282823688168,0.1446500686364609,231,231
fixed_train,6,1,impressed|3|02,"376400, 377498a, ac372417",9,0.99444282823688168,0.1224706181267825,231,231
fixed_train,6,1,impressed|3|03,"376400, 377498a, ac379999",0,0.99444282823688168,0.1289961362857649,229,229
fixed_train,6,1,impressed|3|03,"376400, 377498a, ac379999",1,0.99444282823688168,0.14165420908386694,229,229
fixed_train,6,1,impressed|3|03,"376400, 377498a, ac379999",2,0.99444282823688168,0.12331069518836169,229,229
fixed_train,6,1,impressed|3|03,"376400, 377498a, ac379999",3,0.99444282823688168,0.12841003575327703,229,229
fixed_train,6,1,impressed|3|03,"376400, 377498a, ac379999",4,0.99444282823688168,0.13415776441199478,229,229
fixed_train,6,1,impressed|3|03,"376400, 377498a, ac379999",5,0.99444282823688168,0.13029756125153047,229,229
fixed_train,6,1,impressed|3|03,"376400, 377498a, ac379999",6,0.99444282823688168,0.12942307205777592,229,229
fixed_train,6,1,impressed|3|03,"376400, 377498a, ac379999",7,0.99444282823688168,0.13202077083161035,229,229
fixed_train,6,1,impressed|3|03,"376400, 377498a, ac379999",8,0.99444282823688168,0.13101468520327364,229,229
fixed_train,6,1,impressed|3|03,"376400, 377498a, ac379999",9,0.99444282823688168,0.1361734341595835,229,229
fixed_train,6,1,impressed|3|04,"376400, 378619a, ac379999",0,0.99444282823688168,0.16681064508887844,265,265
fixed_train,6,1,impressed|3|04,"376400, 378619a, ac379999",1,0.99444282823688168,0.16652473137977597,265,265
fixed_train,6,1,impressed|3|04,"376400, 378619a, ac379999",2,0.99444282823688168,0.17506567290739194,265,265
fixed_train,6,1,impressed|3|04,"376400, 378619a, ac379999",3,0.99444282823688168,0.17149530167464588,265,264
fixed_train,6,1,impressed|3|04,"376400, 378619a, ac379999",4,0.99444282823688168,0.16983022813433379,265,265
fixed_train,6,1,impressed|3|04,"376400, 378619a, ac379999",5,0.99444282823688168,0.16614628944227683,265,265
fixed_train,6,1,impressed|3|04,"376400, 378619a, ac379999",6,0.99444282823688168,0.18291884006697934,265,265
fixed_train,6,1,impressed|3|04,"376400, 378619a, ac379999",7,0.99444282823688168,0.17149530167464588,265,265
fixed_train,6,1,impressed|3|04,"376400, 378619a, ac379999",8,0.99444282823688168,0.17054040322826203,265,265
fixed_train,6,1,impressed|3|04,"376400, 378619a, ac379999",9,0.99444282823688168,0.1808846869177404,265,264
fixed_train,6,1,impressed|3|05,"376400, 377498a, ac370606",0,0.99444282823688168,0.11691280053815511,201,201
fixed_train,6,1,impressed|3|05,"376400, 377498a, ac370606",1,0.99444282823688168,0.11224376829875304,201,200
fixed_train,6,1,impressed|3|05,"376400, 377498a, ac370606",2,0.99444282823688168,0.1236983357229311,201,201
fixed_train,6,1,impressed|3|05,"376400, 377498a, ac370606",3,0.99444282823688168,0.11741072383040019,201,201
fixed_train,6,1,impressed|3|05,"376400, 377498a, ac370606",4,0.99444282823688168,0.12826715160957247,201,201
fixed_train,6,1,impressed|3|05,"376400, 377498a, ac370606",5,0.99444282823688168,0.11741072383040019,201,201
fixed_train,6,1,impressed|3|05,"376400, 377498a, ac370606",6,0.99444282823688168,0.11404690798158035,201,201
fixed_train,6,1,impressed|3|05,"376400, 377498a, ac370606",7,0.99444282823688168,0.12108563432183339,201,201
fixed_train,6,1,impressed|3|05,"376400, 377498a, ac370606",8,0.99444282823688168,0.1313093524808151,201,201
fixed_train,6,1,impressed|3|05,"376400, 377498a, ac370606",9,0.99444282823688168,0.11779354158296729,201,201
fixed_train,6,1,impressed|3|06,"378619a, ac379999, ac419100",0,0.99444282823688168,0.072251620566441077,309,309
fixed_train,6,1,impressed|3|06,"378619a, ac379999, ac419100",1,0.99444282823688168,0.071318785942442453,309,309
fixed_train,6,1,impressed|3|06,"378619a, ac379999, ac419100",2,0.99444282823688168,0.077963660174735772,309,308
fixed_train,6,1,impressed|3|06,"378619a, ac379999, ac419100",3,0.99444282823688168,0.070083268635699358,309,309
fixed_train,6,1,impressed|3|06,"378619a, ac379999, ac419100",4,0.99444282823688168,0.069629713302566287,309,308
fixed_train,6,1,impressed|3|06,"378619a, ac379999, ac419100",5,0.99444282823688168,0.088510174187543034,309,309
fixed_train,6,1,impressed|3|06,"378619a, ac379999, ac419100",6,0.99444282823688168,0.07391402497677213,309,309
fixed_train,6,1,impressed|3|06,"378619a, ac379999, ac419100",7,0.99444282823688168,0.08583708505465304,309,309
fixed_train,6,1,impressed|3|06,"378619a, ac379999, ac419100",8,0.99444282823688168,0.081982658781831308,309,308
fixed_train,6,1,impressed|3|06,"378619a, ac379999, ac419100",9,0.99444282823688168,0.06122802036775965,309,309
fixed_train,6,1,impressed|3|07,"378619a, 387042a, ac379999",0,0.99444282823688168,0.029848615964646719,114,114
fixed_train,6,1,impressed|3|07,"378619a, 387042a, ac379999",1,0.99444282823688168,0.034979709875143206,114,114
fixed_train,6,1,impressed|3|07,"378619a, 387042a, ac379999",2,0.99444282823688168,0.039973454435908051,114,114
fixed_train,6,1,impressed|3|07,"378619a, 387042a, ac379999",3,0.99444282823688168,0.031963810791088343,114,114
fixed_train,6,1,impressed|3|07,"378619a, 387042a, ac379999",4,0.99444282823688168,0.02829480580678112,114,113
fixed_train,6,1,impressed|3|07,"378619a, 387042a, ac379999",5,0.99444282823688168,0.027201233071601938,114,114
fixed_train,6,1,impressed|3|07,"378619a, 387042a, ac379999",6,0.99444282823688168,0.035329570009804967,114,114
fixed_train,6,1,impressed|3|07,"378619a, 387042a, ac379999",7,0.99444282823688168,0.029689811848409131,114,114
fixed_train,6,1,impressed|3|07,"378619a, 387042a, ac379999",8,0.99444282823688168,0.035420391816005425,114,114
fixed_train,6,1,impressed|3|07,"378619a, 387042a, ac379999",9,0.99444282823688168,0.024942032738172859,114,114
fixed_train,6,1,impressed|3|08,"376400, 378619a, ac411100",0,0.99444282823688168,0.040501581430590572,71,71
fixed_train,6,1,impressed|3|08,"376400, 378619a, ac411100",1,0.99444282823688168,0.037993384830140253,71,71
fixed_train,6,1,impressed|3|08,"376400, 378619a, ac411100",2,0.99444282823688168,0.036996641012350784,71,71
fixed_train,6,1,impressed|3|08,"376400, 378619a, ac411100",3,0.99444282823688168,0.034417104703713175,71,71
fixed_train,6,1,impressed|3|08,"376400, 378619a, ac411100",4,0.99444282823688168,0.033409115715060445,71,71
fixed_train,6,1,impressed|3|08,"376400, 378619a, ac411100",5,0.99444282823688168,0.034508807971908029,71,71
fixed_train,6,1,impressed|3|08,"376400, 378619a, ac411100",6,0.99444282823688168,0.034601910620383647,71,71
fixed_train,6,1,impressed|3|08,"376400, 378619a, ac411100",7,0.99444282823688168,0.035797741234010472,71,71
fixed_train,6,1,impressed|3|08,"376400, 378619a, ac411100",8,0.99444282823688168,0.036996641012350784,71,71
fixed_train,6,1,impressed|3|08,"376400, 378619a, ac411100",9,0.99444282823688168,0.033319355514351501,71,71
fixed_train,6,1,impressed|3|09,"387042a, ac410100, ac419100",0,0.99444282823688168,0.016780361293886492,115,115
fixed_train,6,1,impressed|3|09,"387042a, ac410100, ac419100",1,0.99444282823688168,0.014467942895825647,115,114
fixed_train,6,1,impressed|3|09,"387042a, ac410100, ac419100",2,0.99444282823688168,0.016736327243521698,115,115
fixed_train,6,1,impressed|3|09,"387042a, ac410100, ac419100",3,0.99444282823688168,0.011179402708225927,115,115
fixed_train,6,1,impressed|3|09,"387042a, ac410100, ac419100",4,0.99444282823688168,0.014546607988185856,115,114
fixed_train,6,1,impressed|3|09,"387042a, ac410100, ac419100",5,0.99444282823688168,0.013337212231483986,115,114
fixed_train,6,1,impressed|3|09,"387042a, ac410100, ac419100",6,0.99444282823688168,0.0089478594453800131,115,114
fixed_train,6,1,impressed|3|09,"387042a, ac410100, ac419100",7,0.99444282823688168,0.017967917976756009,115,114
fixed_train,6,1,impressed|3|09,"387042a, ac410100, ac419100",8,0.99444282823688168,0.012277627442193628,115,113
fixed_train,6,1,impressed|3|09,"387042a, ac410100, ac419100",9,0.99444282823688168,0.015600972679528979,115,115
fixed_train,6,1,impressed|3|10,"378619a, ac370000, ac379999",0,0.99444282823688168,0.077348583985557773,330,330
fixed_train,6,1,impressed|3|10,"378619a, ac370000, ac379999",1,0.99444282823688168,0.089553388749911478,330,330
fixed_train,6,1,impressed|3|10,"378619a, ac370000, ac379999",2,0.99444282823688168,0.091822767284477913,330,330
fixed_train,6,1,impressed|3|10,"378619a, ac370000, ac379999",3,0.99444282823688168,0.077954539906859077,330,329
fixed_train,6,1,impressed|3|10,"378619a, ac370000, ac379999",4,0.99444282823688168,0.079010074423211618,330,330
fixed_train,6,1,impressed|3|10,"378619a, ac370000, ac379999",5,0.99444282823688168,0.092613130092040641,330,330
fixed_train,6,1,impressed|3|10,"378619a, ac370000, ac379999",6,0.99444282823688168,0.10443291480356776,330,330
fixed_train,6,1,impressed|3|10,"378619a, ac370000, ac379999",7,0.99444282823688168,0.094266833018729179,330,330
fixed_train,6,1,impressed|3|10,"378619a, ac370000, ac379999",8,0.99444282823688168,0.084548372312979514,330,330
fixed_train,6,1,impressed|3|10,"378619a, ac370000, ac379999",9,0.99444282823688168,0.093909987281924678,330,330
fixed_test,6,2,apriori|1|01,ac419100,0,0.89940405373838128,0.031265667179448342,208,181
fixed_test,6,2,apriori|1|01,ac419100,1,0.89940405373838128,0.035262562944672782,208,180
fixed_test,6,2,apriori|1|01,ac419100,2,0.89940405373838128,0.028635441819326868,208,181
fixed_test,6,2,apriori|1|01,ac419100,3,0.89940405373838128,0.046178936563443629,208,181
fixed_test,6,2,apriori|1|01,ac419100,4,0.89940405373838128,0.025893010585618215,208,177
fixed_test,6,2,apriori|1|01,ac419100,5,0.89940405373838128,0.021846980505086377,208,182
fixed_test,6,2,apriori|1|01,ac419100,6,0.89940405373838128,0.019404628384973588,208,184
fixed_test,6,2,apriori|1|01,ac419100,7,0.89940405373838128,0.024625501688185003,208,181
fixed_test,6,2,apriori|1|01,ac419100,8,0.89940405373838128,0.025893010585618215,208,188
fixed_test,6,2,apriori|1|01,ac419100,9,0.89940405373838128,0.025893010585618215,208,188
fixed_test,6,2,apriori|1|02,ac370000,0,0.89940405373838128,0.05010304052817216,153,153
fixed_test,6,2,apriori|1|02,ac370000,1,0.89940405373838128,0.035369809798404428,153,151
fixed_test,6,2,apriori|1|02,ac370000,2,0.89940405373838128,0.022309755885619897,153,152
fixed_test,6,2,apriori|1|02,ac370000,3,0.89940405373838128,0.055648283842479995,153,151
fixed_test,6,2,apriori|1|02,ac370000,4,0.89940405373838128,0.061271036196773099,153,153
fixed_test,6,2,apriori|1|02,ac370000,5,0.89940405373838128,-0.0011677998317377591,153,153
fixed_test,6,2,apriori|1|02,ac370000,6,0.89940405373838128,-0.0041292773488019741,153,153
fixed_test,6,2,apriori|1|02,ac370000,7,0.89940405373838128,0.059521727202534236,153,151
fixed_test,6,2,apriori|1|02,ac370000,8,0.89940405373838128,0,153,153
fixed_test,6,2,apriori|1|02,ac370000,9,0.89940405373838128,0.0060741760659918098,153,153
fixed_test,6,2,apriori|1|03,ac379999,0,0.89940405373838128,0.018290172047567221,149,147
fixed_test,6,2,apriori|1|03,ac379999,1,0.89940405373838128,-0.00088772515093515914,149,144
fixed_test,6,2,apriori|1|03,ac379999,2,0.89940405373838128,0.016523458226563648,149,147
fixed_test,6,2,apriori|1|03,ac379999,3,0.89940405373838128,0.039232460716812412,149,149
fixed_test,6,2,apriori|1|03,ac379999,4,0.89940405373838128,0.015349838877088406,149,146
fixed_test,6,2,apriori|1|03,ac379999,5,0.89940405373838128,0.015349838877088406,149,146
fixed_test,6,2,apriori|1|03,ac379999,6,0.89940405373838128,0.015349838877088406,149,146
fixed_test,6,2,apriori|1|03,ac379999,7,0.89940405373838128,0.029910566918250336,149,146
fixed_test,6,2,apriori|1|03,ac379999,8,0.89940405373838128,0.025893010585618215,149,144
fixed_test,6,2,apriori|1|03,ac379999,9,0.89940405373838128,0.021846980505086377,149,148
fixed_test,6,2,apriori|1|04,370407,0,0.89940405373838128,0.0041015037156586498,131,131
fixed_test,6,2,apriori|1|04,370407,1,0.89940405373838128,0.015349838877088406,131,127
fixed_test,6,2,apriori|1|04,370407,2,0.89940405373838128,0.022309755885619897,131,130
fixed_test,6,2,apriori|1|04,370407,3,0.89940405373838128,0.013205629800639329,131,129
fixed_test,6,2,apriori|1|04,370407,4,0.89940405373838128,0.01424532625363939,131,123
fixed_test,6,2,apriori|1|04,370407,5,0.89940405373838128,0.020588673119688039,131,127
fixed_test,6,2,apriori|1|04,370407,6,0.89940405373838128,0.010173814950620308,131,128
fixed_test,6,2,apriori|1|04,370407,7,0.89940405373838128,0.015349838877088406,131,130
fixed_test,6,2,apriori|1|04,370407,8,0.89940405373838128,-0.0091450860237834997,131,129
fixed_test,6,2,apriori|1|04,370407,9,0.89940405373838128,0.013205629800639329,131,126
fixed_test,6,2,apriori|1|05,ac370419,0,0.89940405373838128,0.01424532625363939,127,127
fixed_test,6,2,apriori|1|05,ac370419,1,0.89940405373838128,0.010173814950620308,127,120
fixed_test,6,2,apriori|1|05,ac370419,2,0.89940405373838128,-0.0091450860237834997,127,123
fixed_test,6,2,apriori|1|05,ac370419,3,0.89940405373838128,0.013205629800639329,127,123
fixed_test,6,2,apriori|1|05,ac370419,4,0.89940405373838128,0.0050580244524185414,127,123
fixed_test,6,2,apriori|1|05,ac370419,5,0.89940405373838128,0.02025746263803796,127,121
fixed_test,6,2,apriori|1|05,ac370419,6,0.89940405373838128,0.0064066390023764797,127,125
fixed_test,6,2,apriori|1|05,ac370419,7,0.89940405373838128,0.021252656249400537,127,126
fixed_test,6,2,apriori|1|05,ac370419,8,0.89940405373838128,0.0050580244524185414,127,125
fixed_test,6,2,apriori|1|05,ac370419,9,0.89940405373838128,0.021252656249400537,127,123
fixed_test,6,2,apriori|1|06,ac410100,0,0.89940405373838128,0.010173814950620308,131,123
fixed_test,6,2,apriori|1|06,ac410100,1,0.89940405373838128,0.01424532625363939,131,123
fixed_test,6,2,apriori|1|06,ac410100,2,0.89940405373838128,0.011266779321126186,131,123
fixed_test,6,2,apriori|1|06,ac410100,3,0.89940405373838128,0,131,126
fixed_test,6,2,apriori|1|06,ac410100,4,0.89940405373838128,0.0339011644992816,131,126
fixed_test,6,2,apriori|1|06,ac410100,5,0.89940405373838128,0.011266779321126186,131,121
fixed_test,6,2,apriori|1|06,ac410100,6,0.89940405373838128,0.039232460716812412,131,119
fixed_test,6,2,apriori|1|06,ac410100,7,0.89940405373838128,0.016523458226563648,131,125
fixed_test,6,2,apriori|1|06,ac410100,8,0.89940405373838128,0.020588673119688039,131,125
fixed_test,6,2,apriori|1|06,ac410100,9,0.89940405373838128,0.029910566918250336,131,125
fixed_test,6,2,apriori|1|07,ac370443,0,0.89940405373838128,-0.0041292773488019741,122,116
fixed_test,6,2,apriori|1|07,ac370443,1,0.89940405373838128,0.0091450860237836107,122,120
fixed_test,6,2,apriori|1|07,ac370443,2,0.89940405373838128,0.0050580244524185414,122,115
fixed_test,6,2,apriori|1|07,ac370443,3,0.89940405373838128,0.0041015037156586498,122,120
fixed_test,6,2,apriori|1|07,ac370443,4,0.89940405373838128,0.0081766585863998209,122,118
fixed_test,6,2,apriori|1|07,ac370443,5,0.89940405373838128,0.0081766585863998209,122,119
fixed_test,6,2,apriori|1|07,ac370443,6,0.89940405373838128,0.0091450860237836107,122,116
fixed_test,6,2,apriori|1|07,ac370443,7,0.89940405373838128,0.0081766585863998209,122,117
fixed_test,6,2,apriori|1|07,ac370443,8,0.89940405373838128,0,122,121
fixed_test,6,2,apriori|1|07,ac370443,9,0.89940405373838128,0.01424532625363939,122,118
fixed_test,6,2,apriori|1|08,ac370442,0,0.89940405373838128,0.01724104232373469,122,115
fixed_test,6,2,apriori|1|08,ac370442,1,0.89940405373838128,0.022309755885619897,122,121
fixed_test,6,2,apriori|1|08,ac370442,2,0.89940405373838128,0.01424532625363939,122,120
fixed_test,6,2,apriori|1|08,ac370442,3,0.89940405373838128,0.023432628054860016,122,120
fixed_test,6,2,apriori|1|08,ac370442,4,0.89940405373838128,0.031413881970600577,122,120
fixed_test,6,2,apriori|1|08,ac370442,5,0.89940405373838128,0.0081766585863998209,122,120
fixed_test,6,2,apriori|1|08,ac370442,6,0.89940405373838128,0.0091450860237836107,122,118
fixed_test,6,2,apriori|1|08,ac370442,7,0.89940405373838128,0.0032010114329532602,122,120
fixed_test,6,2,apriori|1|08,ac370442,8,0.89940405373838128,0.0091450860237836107,122,116
fixed_test,6,2,apriori|1|08,ac370442,9,0.89940405373838128,0.0091450860237836107,122,116
fixed_test,6,2,apriori|1|09,370712b,0,0.89940405373838128,0.019097330330416606,114,110
fixed_test,6,2,apriori|1|09,370712b,1,0.89940405373838128,0,114,109
fixed_test,6,2,apriori|1|09,370712b,2,0.89940405373838128,0.0050580244524185414,114,113
fixed_test,6,2,apriori|1|09,370712b,3,0.89940405373838128,-0.0050026223693219185,114,114
fixed_test,6,2,apriori|1|09,370712b,4,0.89940405373838128,-0.00088772515093515914,114,113
fixed_test,6,2,apriori|1|09,370712b,5,0.89940405373838128,0.013205629800639329,114,111
fixed_test,6,2,apriori|1|09,370712b,6,0.89940405373838128,0.018290172047567221,114,110
fixed_test,6,2,apriori|1|09,370712b,7,0.89940405373838128,-0.0041292773488019741,114,108
fixed_test,6,2,apriori|1|09,370712b,8,0.89940405373838128,0.0060741760659918098,114,109
fixed_test,6,2,apriori|1|09,370712b,9,0.89940405373838128,0.018290172047567221,114,112
fixed_test,6,2,apriori|1|10,ac411100,0,0.89940405373838128,-0.0050026223693219185,124,116
fixed_test,6,2,apriori|1|10,ac411100,1,0.89940405373838128,0.01424532625363939,124,114
fixed_test,6,2,apriori|1|10,ac411100,2,0.89940405373838128,0.0041015037156586498,124,113
fixed_test,6,2,apriori|1|10,ac411100,3,0.89940405373838128,0.013205629800639329,124,116
fixed_test,6,2,apriori|1|10,ac411100,4,0.89940405373838128,0.0050580244524185414,124,111
fixed_test,6,2,apriori|1|10,ac411100,5,0.89940405373838128,0.0091450860237836107,124,118
fixed_test,6,2,apriori|1|10,ac411100,6,0.89940405373838128,0.0091450860237836107,124,116
fixed_test,6,2,apriori|1|10,ac411100,7,0.89940405373838128,0.0091450860237836107,124,114
fixed_test,6,2,apriori|1|10,ac411100,8,0.89940405373838128,0.0050580244524185414,124,110
fixed_test,6,2,apriori|1|10,ac411100,9,0.89940405373838128,0.019404628384973588,124,111
fixed_test,6,2,apriori|2|01,"ac370000, ac379999",0,0.89940405373838128,0.043176827310378196,149,149
fixed_test,6,2,apriori|2|01,"ac370000, ac379999",1,0.89940405373838128,0.022309755885619897,149,149
fixed_test,6,2,apriori|2|01,"ac370000, ac379999",2,0.89940405373838128,0.024625501688185003,149,149
fixed_test,6,2,apriori|2|01,"ac370000, ac379999",3,0.89940405373838128,0.028635441819326868,149,149
fixed_test,6,2,apriori|2|01,"ac370000, ac379999",4,0.89940405373838128,0.025893010585618215,149,148
fixed_test,6,2,apriori|2|01,"ac370000, ac379999",5,0.89940405373838128,0.0339011644992816,149,149
fixed_test,6,2,apriori|2|01,"ac370000, ac379999",6,0.89940405373838128,0.028672792457779539,149,149
fixed_test,6,2,apriori|2|01,"ac370000, ac379999",7,0.89940405373838128,0.032619929856080754,149,149
fixed_test,6,2,apriori|2|01,"ac370000, ac379999",8,0.89940405373838128,0.046178936563443629,149,149
fixed_test,6,2,apriori|2|01,"ac370000, ac379999",9,0.89940405373838128,0.048554354515374487,149,149
fixed_test,6,2,apriori|2|02,"ac370000, ac419100",0,0.89940405373838128,0.022309755885619897,138,138
fixed_test,6,2,apriori|2|02,"ac370000, ac419100",1,0.89940405373838128,0.040518008055581256,138,138
fixed_test,6,2,apriori|2|02,"ac370000, ac419100",2,0.89940405373838128,0.025241753295219715,138,138
fixed_test,6,2,apriori|2|02,"ac370000, ac419100",3,0.89940405373838128,0.0060741760659918098,138,137
fixed_test,6,2,apriori|2|02,"ac370000, ac419100",4,0.89940405373838128,0.035369809798404428,138,138
fixed_test,6,2,apriori|2|02,"ac370000, ac419100",5,0.89940405373838128,0.031413881970600577,138,138
fixed_test,6,2,apriori|2|02,"ac370000, ac419100",6,0.89940405373838128,0.029910566918250336,138,138
fixed_test,6,2,apriori|2|02,"ac370000, ac419100",7,0.89940405373838128,0.022309755885619897,138,138
fixed_test,6,2,apriori|2|02,"ac370000, ac419100",8,0.89940405373838128,0.019404628384973588,138,138
fixed_test,6,2,apriori|2|02,"ac370000, ac419100",9,0.89940405373838128,0.028635441819326868,138,138
fixed_test,6,2,apriori|2|03,"ac379999, ac419100",0,0.89940405373838128,0.032619929856080754,137,137
fixed_test,6,2,apriori|2|03,"ac379999, ac419100",1,0.89940405373838128,0.013205629800639329,137,136
fixed_test,6,2,apriori|2|03,"ac379999, ac419100",2,0.89940405373838128,0.021846980505086377,137,137
fixed_test,6,2,apriori|2|03,"ac379999, ac419100",3,0.89940405373838128,0.024625501688185003,137,136
fixed_test,6,2,apriori|2|03,"ac379999, ac419100",4,0.89940405373838128,0.01424532625363939,137,137
fixed_test,6,2,apriori|2|03,"ac379999, ac419100",5,0.89940405373838128,0.019404628384973588,137,137
fixed_test,6,2,apriori|2|03,"ac379999, ac419100",6,0.89940405373838128,0.010173814950620308,137,136
fixed_test,6,2,apriori|2|03,"ac379999, ac419100",7,0.89940405373838128,0.04463211530372746,137,136
fixed_test,6,2,apriori|2|03,"ac379999, ac419100",8,0.89940405373838128,0.040684353853810307,137,137
fixed_test,6,2,apriori|2|03,"ac379999, ac419100",9,0.89940405373838128,0.02743525807135061,137,137
fixed_test,6,2,apriori|2|04,"370407, ac370000",0,0.89940405373838128,0.038161671363913241,131,131
fixed_test,6,2,apriori|2|04,"370407, ac370000",1,0.89940405373838128,0.06172815293257139,131,131
fixed_test,6,2,apriori|2|04,"370407, ac370000",2,0.89940405373838128,0.038161671363913241,131,130
fixed_test,6,2,apriori|2|04,"370407, ac370000",3,0.89940405373838128,0.011305358275100486,131,131
fixed_test,6,2,apriori|2|04,"370407, ac370000",4,0.89940405373838128,0.029910566918250336,131,131
fixed_test,6,2,apriori|2|04,"370407, ac370000",5,0.89940405373838128,0.064015602166484609,131,128
fixed_test,6,2,apriori|2|04,"370407, ac370000",6,0.89940405373838128,0.05487051614270122,131,131
fixed_test,6,2,apriori|2|04,"370407, ac370000",7,0.89940405373838128,0.029209567000975545,131,131
fixed_test,6,2,apriori|2|04,"370407, ac370000",8,0.89940405373838128,0.029910566918250336,131,131
fixed_test,6,2,apriori|2|04,"370407, ac370000",9,0.89940405373838128,0.0041015037156586498,131,131
fixed_test,6,2,apriori|2|05,"370407, ac379999",0,0.89940405373838128,0.018290172047567221,127,127
fixed_test,6,2,apriori|2|05,"370407, ac379999",1,0.89940405373838128,0.0091450860237836107,127,127
fixed_test,6,2,apriori|2|05,"370407, ac379999",2,0.89940405373838128,0.01424532625363939,127,127
fixed_test,6,2,apriori|2|05,"370407, ac379999",3,0.89940405373838128,0.030278478657624119,127,127
fixed_test,6,2,apriori|2|05,"370407, ac379999",4,0.89940405373838128,0.018290172047567221,127,127
fixed_test,6,2,apriori|2|05,"370407, ac379999",5,0.89940405373838128,0.023432628054860016,127,127
fixed_test,6,2,apriori|2|05,"370407, ac379999",6,0.89940405373838128,0.040684353853810307,127,127
fixed_test,6,2,apriori|2|05,"370407, ac379999",7,0.89940405373838128,0.023432628054860016,127,127
fixed_test,6,2,apriori|2|05,"370407, ac379999",8,0.89940405373838128,0.0081766585863998209,127,126
fixed_test,6,2,apriori|2|05,"370407, ac379999",9,0.89940405373838128,0.026305426061069448,127,127
fixed_test,6,2,apriori|2|06,"ac370000, ac370419",0,0.89940405373838128,0.02743525807135061,127,127
fixed_test,6,2,apriori|2|06,"ac370000, ac370419",1,0.89940405373838128,0.035262562944672782,127,127
fixed_test,6,2,apriori|2|06,"ac370000, ac370419",2,0.89940405373838128,0.0050580244524185414,127,127
fixed_test,6,2,apriori|2|06,"ac370000, ac370419",3,0.89940405373838128,0.025241753295219715,127,127
fixed_test,6,2,apriori|2|06,"ac370000, ac370419",4,0.89940405373838128,0.031413881970600577,127,127
fixed_test,6,2,apriori|2|06,"ac370000, ac370419",5,0.89940405373838128,0.037866255253680148,127,127
fixed_test,6,2,apriori|2|06,"ac370000, ac370419",6,0.89940405373838128,0.060181835259742522,127,127
fixed_test,6,2,apriori|2|06,"ac370000, ac370419",7,0.89940405373838128,0.035369809798404428,127,127
fixed_test,6,2,apriori|2|06,"ac370000, ac370419",8,0.89940405373838128,0.041807231657301269,127,127
fixed_test,6,2,apriori|2|06,"ac370000, ac370419",9,0.89940405373838128,0.039232460716812412,127,127
fixed_test,6,2,apriori|2|07,"ac370000, ac370443",0,0.89940405373838128,0.036580344095134221,122,122
fixed_test,6,2,apriori|2|07,"ac370000, ac370443",1,0.89940405373838128,0.041807231657301269,122,122
fixed_test,6,2,apriori|2|07,"ac370000, ac370443",2,0.89940405373838128,0.054001667662782027,122,122
fixed_test,6,2,apriori|2|07,"ac370000, ac370443",3,0.89940405373838128,0.023432628054860016,122,120
fixed_test,6,2,apriori|2|07,"ac370000, ac370443",4,0.89940405373838128,0.040518008055581256,122,122
fixed_test,6,2,apriori|2|07,"ac370000, ac370443",5,0.89940405373838128,0.030278478657624119,122,122
fixed_test,6,2,apriori|2|07,"ac370000, ac370443",6,0.89940405373838128,0.047097068688033428,122,122
fixed_test,6,2,apriori|2|07,"ac370000, ac370443",7,0.89940405373838128,0.030278478657624119,122,122
fixed_test,6,2,apriori|2|07,"ac370000, ac370443",8,0.89940405373838128,0.039232460716812412,122,122
fixed_test,6,2,apriori|2|07,"ac370000, ac370443",9,0.89940405373838128,0.028635441819326868,122,122
fixed_test,6,2,apriori|2|08,"ac370419, ac379999",0,0.89940405373838128,0.011305358275100486,123,123
fixed_test,6,2,apriori|2|08,"ac370419, ac379999",1,0.89940405373838128,0.012226833841176843,123,122
fixed_test,6,2,apriori|2|08,"ac370419, ac379999",2,0.89940405373838128,0.035369809798404428,123,123
fixed_test,6,2,apriori|2|08,"ac370419, ac379999",3,0.89940405373838128,0.0050580244524185414,123,123
fixed_test,6,2,apriori|2|08,"ac370419, ac379999",4,0.89940405373838128,0.040518008055581256,123,123
fixed_test,6,2,apriori|2|08,"ac370419, ac379999",5,0.89940405373838128,0.015323521107709515,123,122
fixed_test,6,2,apriori|2|08,"ac370419, ac379999",6,0.89940405373838128,0.0072649390728142249,123,123
fixed_test,6,2,apriori|2|08,"ac370419, ac379999",7,0.89940405373838128,0.01625334618401697,123,122
fixed_test,6,2,apriori|2|08,"ac370419, ac379999",8,0.89940405373838128,0.02743525807135061,123,122
fixed_test,6,2,apriori|2|08,"ac370419, ac379999",9,0.89940405373838128,0.0339011644992816,123,122
fixed_test,6,2,apriori|2|09,"ac370000, ac370442",0,0.89940405373838128,0.035369809798404428,122,122
fixed_test,6,2,apriori|2|09,"ac370000, ac370442",1,0.89940405373838128,0.023432628054860016,122,122
fixed_test,6,2,apriori|2|09,"ac370000, ac370442",2,0.89940405373838128,0.028635441819326868,122,121
fixed_test,6,2,apriori|2|09,"ac370000, ac370442",3,0.89940405373838128,0.035369809798404428,122,122
fixed_test,6,2,apriori|2|09,"ac370000, ac370442",4,0.89940405373838128,0.033157285318375362,122,122
fixed_test,6,2,apriori|2|09,"ac370000, ac370442",5,0.89940405373838128,0.02025746263803796,122,122
fixed_test,6,2,apriori|2|09,"ac370000, ac370442",6,0.89940405373838128,0.04572543011891772,122,122
fixed_test,6,2,apriori|2|09,"ac370000, ac370442",7,0.89940405373838128,0.011305358275100486,122,122
fixed_test,6,2,apriori|2|09,"ac370000, ac370442",8,0.89940405373838128,0.019404628384973588,122,121
fixed_test,6,2,apriori|2|09,"ac370000, ac370442",9,0.89940405373838128,0.035369809798404428,122,122
fixed_test,6,2,apriori|2|10,"ac370419, ac370443",0,0.89940405373838128,0.043218567517625095,122,122
fixed_test,6,2,apriori|2|10,"ac370419, ac370443",1,0.89940405373838128,0.032619929856080754,122,122
fixed_test,6,2,apriori|2|10,"ac370419, ac370443",2,0.89940405373838128,0.048330123474071396,122,121
fixed_test,6,2,apriori|2|10,"ac370419, ac370443",3,0.89940405373838128,0.035369809798404428,122,122
fixed_test,6,2,apriori|2|10,"ac370419, ac370443",4,0.89940405373838128,0.041807231657301269,122,122
fixed_test,6,2,apriori|2|10,"ac370419, ac370443",5,0.89940405373838128,0.039304301065847813,122,122
fixed_test,6,2,apriori|2|10,"ac370419, ac370443",6,0.89940405373838128,0.02743525807135061,122,121
fixed_test,6,2,apriori|2|10,"ac370419, ac370443",7,0.89940405373838128,0.023432628054860016,122,122
fixed_test,6,2,apriori|2|10,"ac370419, ac370443",8,0.89940405373838128,0.039304301065847813,122,122
fixed_test,6,2,apriori|2|10,"ac370419, ac370443",9,0.89940405373838128,0.06172815293257139,122,122
fixed_test,6,2,apriori|3|01,"ac370000, ac379999, ac419100",0,0.89940405373838128,0.036580344095134221,137,137
fixed_test,6,2,apriori|3|01,"ac370000, ac379999, ac419100",1,0.89940405373838128,0.037866255253680148,137,137
fixed_test,6,2,apriori|3|01,"ac370000, ac379999, ac419100",2,0.89940405373838128,0.057876248313936562,137,137
fixed_test,6,2,apriori|3|01,"ac370000, ac379999, ac419100",3,0.89940405373838128,0.032619929856080754,137,136
fixed_test,6,2,apriori|3|01,"ac370000, ac379999, ac419100",4,0.89940405373838128,0.064015602166484609,137,137
fixed_test,6,2,apriori|3|01,"ac370000, ac379999, ac419100",5,0.89940405373838128,0.050994533458521896,137,137
fixed_test,6,2,apriori|3|01,"ac370000, ac379999, ac419100",6,0.89940405373838128,0.039304301065847813,137,137
fixed_test,6,2,apriori|3|01,"ac370000, ac379999, ac419100",7,0.89940405373838128,0.01424532625363939,137,137
fixed_test,6,2,apriori|3|01,"ac370000, ac379999, ac419100",8,0.89940405373838128,0.04572543011891772,137,137
fixed_test,6,2,apriori|3|01,"ac370000, ac379999, ac419100",9,0.89940405373838128,0.024625501688185003,137,137
fixed_test,6,2,apriori|3|02,"370407, ac370000, ac379999",0,0.89940405373838128,0.040518008055581256,127,127
fixed_test,6,2,apriori|3|02,"370407, ac370000, ac379999",1,0.89940405373838128,0.050994533458521896,127,127
fixed_test,6,2,apriori|3|02,"370407, ac370000, ac379999",2,0.89940405373838128,0.0339011644992816,127,127
fixed_test,6,2,apriori|3|02,"370407, ac370000, ac379999",3,0.89940405373838128,0.05099104952904121,127,127
fixed_test,6,2,apriori|3|02,"370407, ac370000, ac379999",4,0.89940405373838128,0.040518008055581256,127,127
fixed_test,6,2,apriori|3|02,"370407, ac370000, ac379999",5,0.89940405373838128,0.038161671363913241,127,127
fixed_test,6,2,apriori|3|02,"370407, ac370000, ac379999",6,0.89940405373838128,0.054851472306903903,127,127
fixed_test,6,2,apriori|3|02,"370407, ac370000, ac379999",7,0.89940405373838128,0.040518008055581256,127,127
fixed_test,6,2,apriori|3|02,"370407, ac370000, ac379999",8,0.89940405373838128,0.054851472306903903,127,127
fixed_test,6,2,apriori|3|02,"370407, ac370000, ac379999",9,0.89940405373838128,0.028635441819326868,127,127
fixed_test,6,2,apriori|3|03,"ac370000, ac370419, ac379999",0,0.89940405373838128,0.047097068688033428,123,123
fixed_test,6,2,apriori|3|03,"ac370000, ac370419, ac379999",1,0.89940405373838128,0.084020322425446547,123,123
fixed_test,6,2,apriori|3|03,"ac370000, ac370419, ac379999",2,0.89940405373838128,0.044434193535739297,123,123
fixed_test,6,2,apriori|3|03,"ac370000, ac370419, ac379999",3,0.89940405373838128,0.044434193535739297,123,123
fixed_test,6,2,apriori|3|03,"ac370000, ac370419, ac379999",4,0.89940405373838128,0.036580344095134221,123,123
fixed_test,6,2,apriori|3|03,"ac370000, ac370419, ac379999",5,0.89940405373838128,0.050994533458521896,123,123
fixed_test,6,2,apriori|3|03,"ac370000, ac370419, ac379999",6,0.89940405373838128,0.044434193535739297,123,123
fixed_test,6,2,apriori|3|03,"ac370000, ac370419, ac379999",7,0.89940405373838128,0.047113775726850604,123,123
fixed_test,6,2,apriori|3|03,"ac370000, ac370419, ac379999",8,0.89940405373838128,0.035369809798404428,123,122
fixed_test,6,2,apriori|3|03,"ac370000, ac370419, ac379999",9,0.89940405373838128,0.052452490121474682,123,123
fixed_test,6,2,apriori|3|04,"ac370000, ac370419, ac370443",0,0.89940405373838128,0.070792623400207977,122,122
fixed_test,6,2,apriori|3|04,"ac370000, ac370419, ac370443",1,0.89940405373838128,0.057876248313936562,122,122
fixed_test,6,2,apriori|3|04,"ac370000, ac370419, ac370443",2,0.89940405373838128,0.026305426061069448,122,122
fixed_test,6,2,apriori|3|04,"ac370000, ac370419, ac370443",3,0.89940405373838128,0.040518008055581256,122,122
fixed_test,6,2,apriori|3|04,"ac370000, ac370419, ac370443",4,0.89940405373838128,0.064015602166484609,122,122
fixed_test,6,2,apriori|3|04,"ac370000, ac370419, ac370443",5,0.89940405373838128,0.011266779321126186,122,122
fixed_test,6,2,apriori|3|04,"ac370000, ac370419, ac370443",6,0.89940405373838128,0.028635441819326868,122,122
fixed_test,6,2,apriori|3|04,"ac370000, ac370419, ac370443",7,0.89940405373838128,0.048554354515374487,122,122
fixed_test,6,2,apriori|3|04,"ac370000, ac370419, ac370443",8,0.89940405373838128,0.054001667662782027,122,122
fixed_test,6,2,apriori|3|04,"ac370000, ac370419, ac370443",9,0.89940405373838128,0.03423016040642235,122,122
fixed_test,6,2,apriori|3|05,"ac370000, ac370442, ac370443",0,0.89940405373838128,0.068940413876896089,121,121
fixed_test,6,2,apriori|3|05,"ac370000, ac370442, ac370443",1,0.89940405373838128,0.063371220021836594,121,121
fixed_test,6,2,apriori|3|05,"ac370000, ac370442, ac370443",2,0.89940405373838128,0.06936913706096326,121,121
fixed_test,6,2,apriori|3|05,"ac370000, ac370442, ac370443",3,0.89940405373838128,0.041807231657301269,121,121
fixed_test,6,2,apriori|3|05,"ac370000, ac370442, ac370443",4,0.89940405373838128,0.031413881970600577,121,121
fixed_test,6,2,apriori|3|05,"ac370000, ac370442, ac370443",5,0.89940405373838128,0.040518008055581256,121,121
fixed_test,6,2,apriori|3|05,"ac370000, ac370442, ac370443",6,0.89940405373838128,0.025241753295219715,121,121
fixed_test,6,2,apriori|3|05,"ac370000, ac370442, ac370443",7,0.89940405373838128,-0.0050026223693219185,121,121
fixed_test,6,2,apriori|3|05,"ac370000, ac370442, ac370443",8,0.89940405373838128,0.058726260225542504,121,121
fixed_test,6,2,apriori|3|05,"ac370000, ac370442, ac370443",9,0.89940405373838128,0.029910566918250336,121,121
fixed_test,6,2,apriori|3|06,"370407, ac370000, ac370419",0,0.89940405373838128,0.060181835259742522,122,122
fixed_test,6,2,apriori|3|06,"370407, ac370000, ac370419",1,0.89940405373838128,0.043218567517625095,122,122
fixed_test,6,2,apriori|3|06,"370407, ac370000, ac370419",2,0.89940405373838128,0.043176827310378196,122,122
fixed_test,6,2,apriori|3|06,"370407, ac370000, ac370419",3,0.89940405373838128,0.037866255253680148,122,122
fixed_test,6,2,apriori|3|06,"370407, ac370000, ac370419",4,0.89940405373838128,0.048554354515374487,122,122
fixed_test,6,2,apriori|3|06,"370407, ac370000, ac370419",5,0.89940405373838128,0.06172815293257139,122,122
fixed_test,6,2,apriori|3|06,"370407, ac370000, ac370419",6,0.89940405373838128,0.047097068688033428,122,122
fixed_test,6,2,apriori|3|06,"370407, ac370000, ac370419",7,0.89940405373838128,0.05487051614270122,122,122
fixed_test,6,2,apriori|3|06,"370407, ac370000, ac370419",8,0.89940405373838128,0.06172815293257139,122,122
fixed_test,6,2,apriori|3|06,"370407, ac370000, ac370419",9,0.89940405373838128,0.01724104232373469,122,122
fixed_test,6,2,apriori|3|07,"ac370000, ac370419, ac370442",0,0.89940405373838128,0.042074167423708286,122,122
fixed_test,6,2,apriori|3|07,"ac370000, ac370419, ac370442",1,0.89940405373838128,0.067198142112498527,122,122
fixed_test,6,2,apriori|3|07,"ac370000, ac370419, ac370442",2,0.89940405373838128,0.058726260225542504,122,122
fixed_test,6,2,apriori|3|07,"ac370000, ac370419, ac370442",3,0.89940405373838128,0.047097068688033428,122,122
fixed_test,6,2,apriori|3|07,"ac370000, ac370419, ac370442",4,0.89940405373838128,0.054001667662782027,122,122
fixed_test,6,2,apriori|3|07,"ac370000, ac370419, ac370442",5,0.89940405373838128,0.064015602166484609,122,122
fixed_test,6,2,apriori|3|07,"ac370000, ac370419, ac370442",6,0.89940405373838128,0.064015602166484609,122,122
fixed_test,6,2,apriori|3|07,"ac370000, ac370419, ac370442",7,0.89940405373838128,0.064015602166484609,122,122
fixed_test,6,2,apriori|3|07,"ac370000, ac370419, ac370442",8,0.89940405373838128,0.056327882122386708,122,122
fixed_test,6,2,apriori|3|07,"ac370000, ac370419, ac370442",9,0.89940405373838128,0.037086053041929912,122,122
fixed_test,6,2,apriori|3|08,"ac370000, ac370443, ac379999",0,0.89940405373838128,0.03423016040642235,118,118
fixed_test,6,2,apriori|3|08,"ac370000, ac370443, ac379999",1,0.89940405373838128,0.032619929856080754,118,118
fixed_test,6,2,apriori|3|08,"ac370000, ac370443, ac379999",2,0.89940405373838128,0.024625501688185003,118,118
fixed_test,6,2,apriori|3|08,"ac370000, ac370443, ac379999",3,0.89940405373838128,0.031413881970600577,118,118
fixed_test,6,2,apriori|3|08,"ac370000, ac370443, ac379999",4,0.89940405373838128,0.015349838877088406,118,118
fixed_test,6,2,apriori|3|08,"ac370000, ac370443, ac379999",5,0.89940405373838128,0.022309755885619897,118,118
fixed_test,6,2,apriori|3|08,"ac370000, ac370443, ac379999",6,0.89940405373838128,0.02743525807135061,118,118
fixed_test,6,2,apriori|3|08,"ac370000, ac370443, ac379999",7,0.89940405373838128,0.05487051614270122,118,118
fixed_test,6,2,apriori|3|08,"ac370000, ac370443, ac379999",8,0.89940405373838128,0.039304301065847813,118,118
fixed_test,6,2,apriori|3|08,"ac370000, ac370443, ac379999",9,0.89940405373838128,0.031413881970600577,118,118
fixed_test,6,2,apriori|3|09,"ac370419, ac370442, ac370443",0,0.89940405373838128,0.057399178839868004,121,121
fixed_test,6,2,apriori|3|09,"ac370419, ac370442, ac370443",1,0.89940405373838128,0.01625334618401697,121,121
fixed_test,6,2,apriori|3|09,"ac370419, ac370442, ac370443",2,0.89940405373838128,0.05220697462882784,121,121
fixed_test,6,2,apriori|3|09,"ac370419, ac370442, ac370443",3,0.89940405373838128,0.04572543011891772,121,121
fixed_test,6,2,apriori|3|09,"ac370419, ac370442, ac370443",4,0.89940405373838128,0.032619929856080754,121,121
fixed_test,6,2,apriori|3|09,"ac370419, ac370442, ac370443",5,0.89940405373838128,0.041807231657301269,121,121
fixed_test,6,2,apriori|3|09,"ac370419, ac370442, ac370443",6,0.89940405373838128,0.059521727202534236,121,121
fixed_test,6,2,apriori|3|09,"ac370419, ac370442, ac370443",7,0.89940405373838128,0.048554354515374487,121,121
fixed_test,6,2,apriori|3|09,"ac370419, ac370442, ac370443",8,0.89940405373838128,0.064015602166484609,121,121
fixed_test,6,2,apriori|3|09,"ac370419, ac370442, ac370443",9,0.89940405373838128,0.023432628054860016,121,121
fixed_test,6,2,apriori|3|10,"370407, ac370000, ac370443",0,0.89940405373838128,0.08230577421405183,120,120
fixed_test,6,2,apriori|3|10,"370407, ac370000, ac370443",1,0.89940405373838128,0.07134330637657349,120,120
fixed_test,6,2,apriori|3|10,"370407, ac370000, ac370443",2,0.89940405373838128,0.071627344747743793,120,120
fixed_test,6,2,apriori|3|10,"370407, ac370000, ac370443",3,0.89940405373838128,0.037086053041929912,120,120
fixed_test,6,2,apriori|3|10,"370407, ac370000, ac370443",4,0.89940405373838128,0.028203343409442971,120,120
fixed_test,6,2,apriori|3|10,"370407, ac370000, ac370443",5,0.89940405373838128,0.049622134140561935,120,120
fixed_test,6,2,apriori|3|10,"370407, ac370000, ac370443",6,0.89940405373838128,0.038161671363913241,120,120
fixed_test,6,2,apriori|3|10,"370407, ac370000, ac370443",7,0.89940405373838128,0.06511763112151614,120,120
fixed_test,6,2,apriori|3|10,"370407, ac370000, ac370443",8,0.89940405373838128,0.041807231657301269,120,120
fixed_test,6,2,apriori|3|10,"370407, ac370000, ac370443",9,0.89940405373838128,0.029910566918250336,120,120
fixed_test,6,2,impressed|1|01,376400,0,0.89940405373838128,0.15129296197633246,71,68
fixed_test,6,2,impressed|1|01,376400,1,0.89940405373838128,0.14710726850010891,71,70
fixed_test,6,2,impressed|1|01,376400,2,0.89940405373838128,0.14057428503003677,71,66
fixed_test,6,2,impressed|1|01,376400,3,0.89940405373838128,0.16875568819747466,71,68
fixed_test,6,2,impressed|1|01,376400,4,0.89940405373838128,0.13282381651116903,71,71
fixed_test,6,2,impressed|1|01,376400,5,0.89940405373838128,0.13656670616982258,71,70
fixed_test,6,2,impressed|1|01,376400,6,0.89940405373838128,0.12646619451020868,71,70
fixed_test,6,2,impressed|1|01,376400,7,0.89940405373838128,0.16365228053299696,71,67
fixed_test,6,2,impressed|1|01,376400,8,0.89940405373838128,0.14809116029800173,71,71
fixed_test,6,2,impressed|1|01,376400,9,0.89940405373838128,0.12932374329233098,71,69
fixed_test,6,2,impressed|1|02,378619a,0,0.89940405373838128,0.029910566918250336,82,81
fixed_test,6,2,impressed|1|02,378619a,1,0.89940405373838128,0.025893010585618215,82,80
fixed_test,6,2,impressed|1|02,378619a,2,0.89940405373838128,0.031265667179448342,82,80
fixed_test,6,2,impressed|1|02,378619a,3,0.89940405373838128,0.019404628384973588,82,81
fixed_test,6,2,impressed|1|02,378619a,4,0.89940405373838128,0.0050580244524185414,82,80
fixed_test,6,2,impressed|1|02,378619a,5,0.89940405373838128,0.0339011644992816,82,80
fixed_test,6,2,impressed|1|02,378619a,6,0.89940405373838128,0.0339011644992816,82,81
fixed_test,6,2,impressed|1|02,378619a,7,0.89940405373838128,0.029910566918250336,82,79
fixed_test,6,2,impressed|1|02,378619a,8,0.89940405373838128,0.047823716712505293,82,81
fixed_test,6,2,impressed|1|02,378619a,9,0.89940405373838128,0.029910566918250336,82,80
fixed_test,6,2,impressed|1|03,ac370000,0,0.89940405373838128,0.05010304052817216,153,153
fixed_test,6,2,impressed|1|03,ac370000,1,0.89940405373838128,0.035369809798404428,153,151
fixed_test,6,2,impressed|1|03,ac370000,2,0.89940405373838128,0.022309755885619897,153,152
fixed_test,6,2,impressed|1|03,ac370000,3,0.89940405373838128,0.055648283842479995,153,151
fixed_test,6,2,impressed|1|03,ac370000,4,0.89940405373838128,0.061271036196773099,153,153
fixed_test,6,2,impressed|1|03,ac370000,5,0.89940405373838128,-0.0011677998317377591,153,153
fixed_test,6,2,impressed|1|03,ac370000,6,0.89940405373838128,-0.0041292773488019741,153,153
fixed_test,6,2,impressed|1|03,ac370000,7,0.89940405373838128,0.059521727202534236,153,151
fixed_test,6,2,impressed|1|03,ac370000,8,0.89940405373838128,0,153,153
fixed_test,6,2,impressed|1|03,ac370000,9,0.89940405373838128,0.0060741760659918098,153,153
fixed_test,6,2,impressed|1|04,ac419100,0,0.89940405373838128,0.031265667179448342,208,181
fixed_test,6,2,impressed|1|04,ac419100,1,0.89940405373838128,0.035262562944672782,208,180
fixed_test,6,2,impressed|1|04,ac419100,2,0.89940405373838128,0.028635441819326868,208,181
fixed_test,6,2,impressed|1|04,ac419100,3,0.89940405373838128,0.046178936563443629,208,181
fixed_test,6,2,impressed|1|04,ac419100,4,0.89940405373838128,0.025893010585618215,208,177
fixed_test,6,2,impressed|1|04,ac419100,5,0.89940405373838128,0.021846980505086377,208,182
fixed_test,6,2,impressed|1|04,ac419100,6,0.89940405373838128,0.019404628384973588,208,184
fixed_test,6,2,impressed|1|04,ac419100,7,0.89940405373838128,0.024625501688185003,208,181
fixed_test,6,2,impressed|1|04,ac419100,8,0.89940405373838128,0.025893010585618215,208,188
fixed_test,6,2,impressed|1|04,ac419100,9,0.89940405373838128,0.025893010585618215,208,188
fixed_test,6,2,impressed|1|05,ac10307,0,0.89940405373838128,0,23,21
fixed_test,6,2,impressed|1|05,ac10307,1,0.89940405373838128,0,23,17
fixed_test,6,2,impressed|1|05,ac10307,2,0.89940405373838128,0,23,19
fixed_test,6,2,impressed|1|05,ac10307,3,0.89940405373838128,0,23,18
fixed_test,6,2,impressed|1|05,ac10307,4,0.89940405373838128,0,23,19
fixed_test,6,2,impressed|1|05,ac10307,5,0.89940405373838128,0,23,20
fixed_test,6,2,impressed|1|05,ac10307,6,0.89940405373838128,0,23,16
fixed_test,6,2,impressed|1|05,ac10307,7,0.89940405373838128,0,23,18
fixed_test,6,2,impressed|1|05,ac10307,8,0.89940405373838128,0,23,22
fixed_test,6,2,impressed|1|05,ac10307,9,0.89940405373838128,0,23,19
fixed_test,6,2,impressed|1|06,ac415100,0,0.89940405373838128,0.010173814950620308,68,63
fixed_test,6,2,impressed|1|06,ac415100,1,0.89940405373838128,0.019404628384973588,68,67
fixed_test,6,2,impressed|1|06,ac415100,2,0.89940405373838128,0.01424532625363939,68,66
fixed_test,6,2,impressed|1|06,ac415100,3,0.89940405373838128,0.0091450860237836107,68,64
fixed_test,6,2,impressed|1|06,ac415100,4,0.89940405373838128,0.013205629800639329,68,64
fixed_test,6,2,impressed|1|06,ac415100,5,0.89940405373838128,0.019404628384973588,68,61
fixed_test,6,2,impressed|1|06,ac415100,6,0.89940405373838128,0.015349838877088406,68,63
fixed_test,6,2,impressed|1|06,ac415100,7,0.89940405373838128,0.015349838877088406,68,64
fixed_test,6,2,impressed|1|06,ac415100,8,0.89940405373838128,0.010173814950620308,68,64
fixed_test,6,2,impressed|1|06,ac415100,9,0.89940405373838128,0.0050580244524185414,68,65
fixed_test,6,2,impressed|1|07,ac337441,0,0.89940405373838128,0,0,0
fixed_test,6,2,impressed|1|07,ac337441,1,0.89940405373838128,0,0,0
fixed_test,6,2,impressed|1|07,ac337441,2,0.89940405373838128,0,0,0
fixed_test,6,2,impressed|1|07,ac337441,3,0.89940405373838128,0,0,0
fixed_test,6,2,impressed|1|07,ac337441,4,0.89940405373838128,0,0,0
fixed_test,6,2,impressed|1|07,ac337441,5,0.89940405373838128,0,0,0
fixed_test,6,2,impressed|1|07,ac337441,6,0.89940405373838128,0,0,0
fixed_test,6,2,impressed|1|07,ac337441,7,0.89940405373838128,0,0,0
fixed_test,6,2,impressed|1|07,ac337441,8,0.89940405373838128,0,0,0
fixed_test,6,2,impressed|1|07,ac337441,9,0.89940405373838128,0,0,0
fixed_test,6,2,impressed|1|08,ac379999,0,0.89940405373838128,0.018290172047567221,149,147
fixed_test,6,2,impressed|1|08,ac379999,1,0.89940405373838128,-0.00088772515093515914,149,144
fixed_test,6,2,impressed|1|08,ac379999,2,0.89940405373838128,0.016523458226563648,149,147
fixed_test,6,2,impressed|1|08,ac379999,3,0.89940405373838128,0.039232460716812412,149,149
fixed_test,6,2,impressed|1|08,ac379999,4,0.89940405373838128,0.015349838877088406,149,146
fixed_test,6,2,impressed|1|08,ac379999,5,0.89940405373838128,0.015349838877088406,149,146
fixed_test,6,2,impressed|1|08,ac379999,6,0.89940405373838128,0.015349838877088406,149,146
fixed_test,6,2,impressed|1|08,ac379999,7,0.89940405373838128,0.029910566918250336,149,146
fixed_test,6,2,impressed|1|08,ac379999,8,0.89940405373838128,0.025893010585618215,149,144
fixed_test,6,2,impressed|1|08,ac379999,9,0.89940405373838128,0.021846980505086377,149,148
fixed_test,6,2,impressed|1|09,ac378431,0,0.89940405373838128,0,4,4
fixed_test,6,2,impressed|1|09,ac378431,1,0.89940405373838128,0,4,4
fixed_test,6,2,impressed|1|09,ac378431,2,0.89940405373838128,0.0050580244524185414,4,4
fixed_test,6,2,impressed|1|09,ac378431,3,0.89940405373838128,0,4,3
fixed_test,6,2,impressed|1|09,ac378431,4,0.89940405373838128,0,4,4
fixed_test,6,2,impressed|1|09,ac378431,5,0.89940405373838128,0.0050580244524185414,4,4
fixed_test,6,2,impressed|1|09,ac378431,6,0.89940405373838128,0,4,4
fixed_test,6,2,impressed|1|09,ac378431,7,0.89940405373838128,0.0050580244524185414,4,3
fixed_test,6,2,impressed|1|09,ac378431,8,0.89940405373838128,0,4,4
fixed_test,6,2,impressed|1|09,ac378431,9,0.89940405373838128,0.0050580244524185414,4,4
fixed_test,6,2,impressed|1|10,378490e,0,0.89940405373838128,0,2,2
fixed_test,6,2,impressed|1|10,378490e,1,0.89940405373838128,0,2,1
fixed_test,6,2,impressed|1|10,378490e,2,0.89940405373838128,0,2,2
fixed_test,6,2,impressed|1|10,378490e,3,0.89940405373838128,0,2,2
fixed_test,6,2,impressed|1|10,378490e,4,0.89940405373838128,0,2,2
fixed_test,6,2,impressed|1|10,378490e,5,0.89940405373838128,0,2,2
fixed_test,6,2,impressed|1|10,378490e,6,0.89940405373838128,0,2,2
fixed_test,6,2,impressed|1|10,378490e,7,0.89940405373838128,0,2,2
fixed_test,6,2,impressed|1|10,378490e,8,0.89940405373838128,0,2,2
fixed_test,6,2,impressed|1|10,378490e,9,0.89940405373838128,0,2,2
fixed_test,6,2,impressed|2|01,"376400, 377498a",0,0.89940405373838128,0.14710726850010891,57,57
fixed_test,6,2,impressed|2|01,"376400, 377498a",1,0.89940405373838128,0.15890364319189831,57,57
fixed_test,6,2,impressed|2|01,"376400, 377498a",2,0.89940405373838128,0.16060012981986505,57,57
fixed_test,6,2,impressed|2|01,"376400, 377498a",3,0.89940405373838128,0.10170118147479723,57,57
fixed_test,6,2,impressed|2|01,"376400, 377498a",4,0.89940405373838128,0.095827958642821565,57,55
fixed_test,6,2,impressed|2|01,"376400, 377498a",5,0.89940405373838128,0.14057428503003677,57,57
fixed_test,6,2,impressed|2|01,"376400, 377498a",6,0.89940405373838128,0.13322189652499838,57,56
fixed_test,6,2,impressed|2|01,"376400, 377498a",7,0.89940405373838128,0.15447806405105446,57,57
fixed_test,6,2,impressed|2|01,"376400, 377498a",8,0.89940405373838128,0.12602614383953625,57,57
fixed_test,6,2,impressed|2|01,"376400, 377498a",9,0.89940405373838128,0.12602614383953625,57,56
fixed_test,6,2,impressed|2|02,"376400, 378619a",0,0.89940405373838128,0.16818839316068135,69,69
fixed_test,6,2,impressed|2|02,"376400, 378619a",1,0.89940405373838128,0.16201163892262838,69,69
fixed_test,6,2,impressed|2|02,"376400, 378619a",2,0.89940405373838128,0.17760016963952696,69,69
fixed_test,6,2,impressed|2|02,"376400, 378619a",3,0.89940405373838128,0.16875568819747466,69,69
fixed_test,6,2,impressed|2|02,"376400, 378619a",4,0.89940405373838128,0.16365228053299696,69,69
fixed_test,6,2,impressed|2|02,"376400, 378619a",5,0.89940405373838128,0.14384998028802642,69,69
fixed_test,6,2,impressed|2|02,"376400, 378619a",6,0.89940405373838128,0.15129296197633246,69,69
fixed_test,6,2,impressed|2|02,"376400, 378619a",7,0.89940405373838128,0.14809116029800173,69,69
fixed_test,6,2,impressed|2|02,"376400, 378619a",8,0.89940405373838128,0.15129296197633246,69,69
fixed_test,6,2,impressed|2|02,"376400, 378619a",9,0.89940405373838128,0.16510614781408262,69,69
fixed_test,6,2,impressed|2|03,"370712b, 376400",0,0.89940405373838128,0.11897963286383673,62,62
fixed_test,6,2,impressed|2|03,"370712b, 376400",1,0.89940405373838128,0.15447806405105446,62,62
fixed_test,6,2,impressed|2|03,"370712b, 376400",2,0.89940405373838128,0.12943561282219174,62,62
fixed_test,6,2,impressed|2|03,"370712b, 376400",3,0.89940405373838128,0.11897963286383673,62,62
fixed_test,6,2,impressed|2|03,"370712b, 376400",4,0.89940405373838128,0.15129296197633246,62,62
fixed_test,6,2,impressed|2|03,"370712b, 376400",5,0.89940405373838128,0.11948507027957478,62,61
fixed_test,6,2,impressed|2|03,"370712b, 376400",6,0.89940405373838128,0.14384998028802642,62,62
fixed_test,6,2,impressed|2|03,"370712b, 376400",7,0.89940405373838128,0.11897963286383673,62,62
fixed_test,6,2,impressed|2|03,"370712b, 376400",8,0.89940405373838128,0.15890364319189831,62,62
fixed_test,6,2,impressed|2|03,"370712b, 376400",9,0.89940405373838128,0.14057428503003677,62,62
fixed_test,6,2,impressed|2|04,"370715a, 376400",0,0.89940405373838128,0.12602614383953625,62,62
fixed_test,6,2,impressed|2|04,"370715a, 376400",1,0.89940405373838128,0.12589712699047784,62,62
fixed_test,6,2,impressed|2|04,"370715a, 376400",2,0.89940405373838128,0.13989159278054686,62,62
fixed_test,6,2,impressed|2|04,"370715a, 376400",3,0.89940405373838128,0.13727867740410515,62,62
fixed_test,6,2,impressed|2|04,"370715a, 376400",4,0.89940405373838128,0.13727867740410515,62,61
fixed_test,6,2,impressed|2|04,"370715a, 376400",5,0.89940405373838128,0.15264193774988788,62,62
fixed_test,6,2,impressed|2|04,"370715a, 376400",6,0.89940405373838128,0.13322189652499838,62,62
fixed_test,6,2,impressed|2|04,"370715a, 376400",7,0.89940405373838128,0.15578086643159417,62,62
fixed_test,6,2,impressed|2|04,"370715a, 376400",8,0.89940405373838128,0.12259381276197046,62,62
fixed_test,6,2,impressed|2|04,"370715a, 376400",9,0.89940405373838128,0.12943561282219174,62,61
fixed_test,6,2,impressed|2|05,"378619a, ac379999",0,0.89940405373838128,0.051749448993338443,81,81
fixed_test,6,2,impressed|2|05,"378619a, ac379999",1,0.89940405373838128,0.054001667662782027,81,81
fixed_test,6,2,impressed|2|05,"378619a, ac379999",2,0.89940405373838128,0.036580344095134221,81,80
fixed_test,6,2,impressed|2|05,"378619a, ac379999",3,0.89940405373838128,0.0339011644992816,81,81
fixed_test,6,2,impressed|2|05,"378619a, ac379999",4,0.89940405373838128,0.032619929856080754,81,81
fixed_test,6,2,impressed|2|05,"378619a, ac379999",5,0.89940405373838128,0.031265667179448342,81,81
fixed_test,6,2,impressed|2|05,"378619a, ac379999",6,0.89940405373838128,0.025893010585618215,81,81
fixed_test,6,2,impressed|2|05,"378619a, ac379999",7,0.89940405373838128,0.023432628054860016,81,81
fixed_test,6,2,impressed|2|05,"378619a, ac379999",8,0.89940405373838128,0.021252656249400537,81,80
fixed_test,6,2,impressed|2|05,"378619a, ac379999",9,0.89940405373838128,0.0339011644992816,81,81
fixed_test,6,2,impressed|2|06,"378619a, ac419100",0,0.89940405373838128,0.025893010585618215,74,73
fixed_test,6,2,impressed|2|06,"378619a, ac419100",1,0.89940405373838128,0.047823716712505293,74,74
fixed_test,6,2,impressed|2|06,"378619a, ac419100",2,0.89940405373838128,0.059261893812068034,74,74
fixed_test,6,2,impressed|2|06,"378619a, ac419100",3,0.89940405373838128,0.029910566918250336,74,74
fixed_test,6,2,impressed|2|06,"378619a, ac419100",4,0.89940405373838128,0.078638601699787647,74,74
fixed_test,6,2,impressed|2|06,"378619a, ac419100",5,0.89940405373838128,0.056327882122386708,74,74
fixed_test,6,2,impressed|2|06,"378619a, ac419100",6,0.89940405373838128,0.040684353853810307,74,74
fixed_test,6,2,impressed|2|06,"378619a, ac419100",7,0.89940405373838128,0.055648283842479995,74,74
fixed_test,6,2,impressed|2|06,"378619a, ac419100",8,0.89940405373838128,0.032706274586468687,74,73
fixed_test,6,2,impressed|2|06,"378619a, ac419100",9,0.89940405373838128,0.025893010585618215,74,74
fixed_test,6,2,impressed|2|07,"370401c, ac370000",0,0.89940405373838128,0.025241753295219715,108,108
fixed_test,6,2,impressed|2|07,"370401c, ac370000",1,0.89940405373838128,0.044434193535739297,108,108
fixed_test,6,2,impressed|2|07,"370401c, ac370000",2,0.89940405373838128,0.048330123474071396,108,108
fixed_test,6,2,impressed|2|07,"370401c, ac370000",3,0.89940405373838128,0.053498577273074055,108,108
fixed_test,6,2,impressed|2|07,"370401c, ac370000",4,0.89940405373838128,0.026305426061069448,108,108
fixed_test,6,2,impressed|2|07,"370401c, ac370000",5,0.89940405373838128,0.01424532625363939,108,107
fixed_test,6,2,impressed|2|07,"370401c, ac370000",6,0.89940405373838128,0.053498577273074055,108,108
fixed_test,6,2,impressed|2|07,"370401c, ac370000",7,0.89940405373838128,0.05220697462882784,108,108
fixed_test,6,2,impressed|2|07,"370401c, ac370000",8,0.89940405373838128,0.036073716091816199,108,108
fixed_test,6,2,impressed|2|07,"370401c, ac370000",9,0.89940405373838128,0.05487051614270122,108,108
fixed_test,6,2,impressed|2|08,"ac370000, ac370403",0,0.89940405373838128,0.056327882122386708,111,111
fixed_test,6,2,impressed|2|08,"ac370000, ac370403",1,0.89940405373838128,0,111,111
fixed_test,6,2,impressed|2|08,"ac370000, ac370403",2,0.89940405373838128,0.036580344095134221,111,111
fixed_test,6,2,impressed|2|08,"ac370000, ac370403",3,0.89940405373838128,0.023432628054860016,111,111
fixed_test,6,2,impressed|2|08,"ac370000, ac370403",4,0.89940405373838128,0.05220697462882784,111,111
fixed_test,6,2,impressed|2|08,"ac370000, ac370403",5,0.89940405373838128,0.040518008055581256,111,111
fixed_test,6,2,impressed|2|08,"ac370000, ac370403",6,0.89940405373838128,0.016523458226563648,111,111
fixed_test,6,2,impressed|2|08,"ac370000, ac370403",7,0.89940405373838128,0.049622134140561935,111,110
fixed_test,6,2,impressed|2|08,"ac370000, ac370403",8,0.89940405373838128,0.047097068688033428,111,109
fixed_test,6,2,impressed|2|08,"ac370000, ac370403",9,0.89940405373838128,0.047097068688033428,111,110
fixed_test,6,2,impressed|2|09,"376400, ac379999",0,0.89940405373838128,0.15034757273890187,68,67
fixed_test,6,2,impressed|2|09,"376400, ac379999",1,0.89940405373838128,0.16201163892262838,68,68
fixed_test,6,2,impressed|2|09,"376400, ac379999",2,0.89940405373838128,0.12259381276197046,68,68
fixed_test,6,2,impressed|2|09,"376400, ac379999",3,0.89940405373838128,0.12985560808374108,68,68
fixed_test,6,2,impressed|2|09,"376400, ac379999",4,0.89940405373838128,0.13727867740410515,68,68
fixed_test,6,2,impressed|2|09,"376400, ac379999",5,0.89940405373838128,0.13656670616982258,68,68
fixed_test,6,2,impressed|2|09,"376400, ac379999",6,0.89940405373838128,0.14809116029800173,68,68
fixed_test,6,2,impressed|2|09,"376400, ac379999",7,0.89940405373838128,0.13989159278054686,68,68
fixed_test,6,2,impressed|2|09,"376400, ac379999",8,0.89940405373838128,0.092152332991085273,68,68
fixed_test,6,2,impressed|2|09,"376400, ac379999",9,0.89940405373838128,0.11560198729720061,68,67
fixed_test,6,2,impressed|2|10,"ac379999, ac419100",0,0.89940405373838128,0.032619929856080754,137,137
fixed_test,6,2,impressed|2|10,"ac379999, ac419100",1,0.89940405373838128,0.013205629800639329,137,136
fixed_test,6,2,impressed|2|10,"ac379999, ac419100",2,0.89940405373838128,0.021846980505086377,137,137
fixed_test,6,2,impressed|2|10,"ac379999, ac419100",3,0.89940405373838128,0.024625501688185003,137,136
fixed_test,6,2,impressed|2|10,"ac379999, ac419100",4,0.89940405373838128,0.01424532625363939,137,137
fixed_test,6,2,impressed|2|10,"ac379999, ac419100",5,0.89940405373838128,0.019404628384973588,137,137
fixed_test,6,2,impressed|2|10,"ac379999, ac419100",6,0.89940405373838128,0.010173814950620308,137,136
fixed_test,6,2,impressed|2|10,"ac379999, ac419100",7,0.89940405373838128,0.04463211530372746,137,136
fixed_test,6,2,impressed|2|10,"ac379999, ac419100",8,0.89940405373838128,0.040684353853810307,137,137
fixed_test,6,2,impressed|2|10,"ac379999, ac419100",9,0.89940405373838128,0.02743525807135061,137,137
fixed_test,6,2,impressed|3|01,"376400, 377498a, 378619a",0,0.89940405373838128,0.14057428503003677,55,55
fixed_test,6,2,impressed|3|01,"376400, 377498a, 378619a",1,0.89940405373838128,0.14710726850010891,55,55
fixed_test,6,2,impressed|3|01,"376400, 377498a, 378619a",2,0.89940405373838128,0.15578086643159417,55,55
fixed_test,6,2,impressed|3|01,"376400, 377498a, 378619a",3,0.89940405373838128,0.1124416255440015,55,55
fixed_test,6,2,impressed|3|01,"376400, 377498a, 378619a",4,0.89940405373838128,0.13282381651116903,55,55
fixed_test,6,2,impressed|3|01,"376400, 377498a, 378619a",5,0.89940405373838128,0.16971612608579478,55,55
fixed_test,6,2,impressed|3|01,"376400, 377498a, 378619a",6,0.89940405373838128,0.11948507027957478,55,55
fixed_test,6,2,impressed|3|01,"376400, 377498a, 378619a",7,0.89940405373838128,0.14809116029800173,55,55
fixed_test,6,2,impressed|3|01,"376400, 377498a, 378619a",8,0.89940405373838128,0.16669051803556068,55,55
fixed_test,6,2,impressed|3|01,"376400, 377498a, 378619a",9,0.89940405373838128,0.10852365290548172,55,55
fixed_test,6,2,impressed|3|02,"376400, 377498a, ac372417",0,0.89940405373838128,0.11910509042326656,57,57
fixed_test,6,2,impressed|3|02,"376400, 377498a, ac372417",1,0.89940405373838128,0.15129296197633246,57,56
fixed_test,6,2,impressed|3|02,"376400, 377498a, ac372417",2,0.89940405373838128,0.11910509042326656,57,57
fixed_test,6,2,impressed|3|02,"376400, 377498a, ac372417",3,0.89940405373838128,0.12244960483237832,57,57
fixed_test,6,2,impressed|3|02,"376400, 377498a, ac372417",4,0.89940405373838128,0.14057428503003677,57,57
fixed_test,6,2,impressed|3|02,"376400, 377498a, ac372417",5,0.89940405373838128,0.098667784685137705,57,57
fixed_test,6,2,impressed|3|02,"376400, 377498a, ac372417",6,0.89940405373838128,0.12932374329233098,57,57
fixed_test,6,2,impressed|3|02,"376400, 377498a, ac372417",7,0.89940405373838128,0.13989159278054686,57,57
fixed_test,6,2,impressed|3|02,"376400, 377498a, ac372417",8,0.89940405373838128,0.13282381651116903,57,57
fixed_test,6,2,impressed|3|02,"376400, 377498a, ac372417",9,0.89940405373838128,0.10888643755420213,57,57
fixed_test,6,2,impressed|3|03,"376400, 377498a, ac379999",0,0.89940405373838128,0.11910509042326656,54,54
fixed_test,6,2,impressed|3|03,"376400, 377498a, ac379999",1,0.89940405373838128,0.10229697926754344,54,54
fixed_test,6,2,impressed|3|03,"376400, 377498a, ac379999",2,0.89940405373838128,0.14710726850010891,54,54
fixed_test,6,2,impressed|3|03,"376400, 377498a, ac379999",3,0.89940405373838128,0.12602614383953625,54,54
fixed_test,6,2,impressed|3|03,"376400, 377498a, ac379999",4,0.89940405373838128,0.098667784685137705,54,54
fixed_test,6,2,impressed|3|03,"376400, 377498a, ac379999",5,0.89940405373838128,0.11560198729720061,54,54
fixed_test,6,2,impressed|3|03,"376400, 377498a, ac379999",6,0.89940405373838128,0.16201163892262838,54,54
fixed_test,6,2,impressed|3|03,"376400, 377498a, ac379999",7,0.89940405373838128,0.14384998028802642,54,54
fixed_test,6,2,impressed|3|03,"376400, 377498a, ac379999",8,0.89940405373838128,0.13282381651116903,54,54
fixed_test,6,2,impressed|3|03,"376400, 377498a, ac379999",9,0.89940405373838128,0.14057428503003677,54,54
fixed_test,6,2,impressed|3|04,"376400, 378619a, ac379999",0,0.89940405373838128,0.14809116029800173,68,68
fixed_test,6,2,impressed|3|04,"376400, 378619a, ac379999",1,0.89940405373838128,0.12602614383953625,68,68
fixed_test,6,2,impressed|3|04,"376400, 378619a, ac379999",2,0.89940405373838128,0.13619226668375484,68,68
fixed_test,6,2,impressed|3|04,"376400, 378619a, ac379999",3,0.89940405373838128,0.12602614383953625,68,68
fixed_test,6,2,impressed|3|04,"376400, 378619a, ac379999",4,0.89940405373838128,0.16669051803556068,68,68
fixed_test,6,2,impressed|3|04,"376400, 378619a, ac379999",5,0.89940405373838128,0.13282381651116903,68,68
fixed_test,6,2,impressed|3|04,"376400, 378619a, ac379999",6,0.89940405373838128,0.14057428503003677,68,68
fixed_test,6,2,impressed|3|04,"376400, 378619a, ac379999",7,0.89940405373838128,0.13322189652499838,68,68
fixed_test,6,2,impressed|3|04,"376400, 378619a, ac379999",8,0.89940405373838128,0.15034757273890187,68,68
fixed_test,6,2,impressed|3|04,"376400, 378619a, ac379999",9,0.89940405373838128,0.15578086643159417,68,68
fixed_test,6,2,impressed|3|05,"376400, 377498a, ac370606",0,0.89940405373838128,0.11560198729720061,47,47
fixed_test,6,2,impressed|3|05,"376400, 377498a, ac370606",1,0.89940405373838128,0.13619226668375484,47,47
fixed_test,6,2,impressed|3|05,"376400, 377498a, ac370606",2,0.89940405373838128,0.092152332991085273,47,47
fixed_test,6,2,impressed|3|05,"376400, 377498a, ac370606",3,0.89940405373838128,0.1053068476039235,47,47
fixed_test,6,2,impressed|3|05,"376400, 377498a, ac370606",4,0.89940405373838128,0.10948138770952065,47,47
fixed_test,6,2,impressed|3|05,"376400, 377498a, ac370606",5,0.89940405373838128,0.11207539315358772,47,47
fixed_test,6,2,impressed|3|05,"376400, 377498a, ac370606",6,0.89940405373838128,0.12244960483237832,47,47
fixed_test,6,2,impressed|3|05,"376400, 377498a, ac370606",7,0.89940405373838128,0.08947402256941217,47,47
fixed_test,6,2,impressed|3|05,"376400, 377498a, ac370606",8,0.89940405373838128,0.11560198729720061,47,47
fixed_test,6,2,impressed|3|05,"376400, 377498a, ac370606",9,0.89940405373838128,0.11910509042326656,47,47
fixed_test,6,2,impressed|3|06,"378619a, ac379999, ac419100",0,0.89940405373838128,0.046178936563443629,74,74
fixed_test,6,2,impressed|3|06,"378619a, ac379999, ac419100",1,0.89940405373838128,0.05010304052817216,74,74
fixed_test,6,2,impressed|3|06,"378619a, ac379999, ac419100",2,0.89940405373838128,0.043869511917085324,74,74
fixed_test,6,2,impressed|3|06,"378619a, ac379999, ac419100",3,0.89940405373838128,0.042227861789903565,74,74
fixed_test,6,2,impressed|3|06,"378619a, ac379999, ac419100",4,0.89940405373838128,0.032706274586468687,74,74
fixed_test,6,2,impressed|3|06,"378619a, ac379999, ac419100",5,0.89940405373838128,0.051749448993338443,74,74
fixed_test,6,2,impressed|3|06,"378619a, ac379999, ac419100",6,0.89940405373838128,0.023432628054860016,74,74
fixed_test,6,2,impressed|3|06,"378619a, ac379999, ac419100",7,0.89940405373838128,0.048554354515374487,74,74
fixed_test,6,2,impressed|3|06,"378619a, ac379999, ac419100",8,0.89940405373838128,0.031265667179448342,74,74
fixed_test,6,2,impressed|3|06,"378619a, ac379999, ac419100",9,0.89940405373838128,0.038248254585142472,74,74
fixed_test,6,2,impressed|3|07,"378619a, 387042a, ac379999",0,0.89940405373838128,0.015349838877088406,29,29
fixed_test,6,2,impressed|3|07,"378619a, 387042a, ac379999",1,0.89940405373838128,0.0050580244524185414,29,29
fixed_test,6,2,impressed|3|07,"378619a, 387042a, ac379999",2,0.89940405373838128,0.015349838877088406,29,29
fixed_test,6,2,impressed|3|07,"378619a, 387042a, ac379999",3,0.89940405373838128,0.032619929856080754,29,29
fixed_test,6,2,impressed|3|07,"378619a, 387042a, ac379999",4,0.89940405373838128,0.032619929856080754,29,29
fixed_test,6,2,impressed|3|07,"378619a, 387042a, ac379999",5,0.89940405373838128,0.032619929856080754,29,29
fixed_test,6,2,impressed|3|07,"378619a, 387042a, ac379999",6,0.89940405373838128,0.011266779321126186,29,29
fixed_test,6,2,impressed|3|07,"378619a, 387042a, ac379999",7,0.89940405373838128,0.024625501688185003,29,29
fixed_test,6,2,impressed|3|07,"378619a, 387042a, ac379999",8,0.89940405373838128,0.025893010585618215,29,29
fixed_test,6,2,impressed|3|07,"378619a, 387042a, ac379999",9,0.89940405373838128,0.019404628384973588,29,29
fixed_test,6,2,impressed|3|08,"376400, 378619a, ac411100",0,0.89940405373838128,0.020588673119688039,20,20
fixed_test,6,2,impressed|3|08,"376400, 378619a, ac411100",1,0.89940405373838128,0.025893010585618215,20,20
fixed_test,6,2,impressed|3|08,"376400, 378619a, ac411100",2,0.89940405373838128,0.019404628384973588,20,20
fixed_test,6,2,impressed|3|08,"376400, 378619a, ac411100",3,0.89940405373838128,0.010173814950620308,20,20
fixed_test,6,2,impressed|3|08,"376400, 378619a, ac411100",4,0.89940405373838128,0.024625501688185003,20,20
fixed_test,6,2,impressed|3|08,"376400, 378619a, ac411100",5,0.89940405373838128,0.01424532625363939,20,20
fixed_test,6,2,impressed|3|08,"376400, 378619a, ac411100",6,0.89940405373838128,0.019404628384973588,20,20
fixed_test,6,2,impressed|3|08,"376400, 378619a, ac411100",7,0.89940405373838128,0.020588673119688039,20,20
fixed_test,6,2,impressed|3|08,"376400, 378619a, ac411100",8,0.89940405373838128,0.010173814950620308,20,20
fixed_test,6,2,impressed|3|08,"376400, 378619a, ac411100",9,0.89940405373838128,0.0091450860237836107,20,20
fixed_test,6,2,impressed|3|09,"387042a, ac410100, ac419100",0,0.89940405373838128,0,33,32
fixed_test,6,2,impressed|3|09,"387042a, ac410100, ac419100",1,0.89940405373838128,0.010173814950620308,33,33
fixed_test,6,2,impressed|3|09,"387042a, ac410100, ac419100",2,0.89940405373838128,0.01424532625363939,33,33
fixed_test,6,2,impressed|3|09,"387042a, ac410100, ac419100",3,0.89940405373838128,0,33,32
fixed_test,6,2,impressed|3|09,"387042a, ac410100, ac419100",4,0.89940405373838128,0,33,33
fixed_test,6,2,impressed|3|09,"387042a, ac410100, ac419100",5,0.89940405373838128,0.020588673119688039,33,32
fixed_test,6,2,impressed|3|09,"387042a, ac410100, ac419100",6,0.89940405373838128,0.010173814950620308,33,33
fixed_test,6,2,impressed|3|09,"387042a, ac410100, ac419100",7,0.89940405373838128,0.01424532625363939,33,31
fixed_test,6,2,impressed|3|09,"387042a, ac410100, ac419100",8,0.89940405373838128,0.015349838877088406,33,33
fixed_test,6,2,impressed|3|09,"387042a, ac410100, ac419100",9,0.89940405373838128,0.010173814950620308,33,33
fixed_test,6,2,impressed|3|10,"378619a, ac370000, ac379999",0,0.89940405373838128,0.032619929856080754,81,81
fixed_test,6,2,impressed|3|10,"378619a, ac370000, ac379999",1,0.89940405373838128,0.04463211530372746,81,81
fixed_test,6,2,impressed|3|10,"378619a, ac370000, ac379999",2,0.89940405373838128,0.046178936563443629,81,81
fixed_test,6,2,impressed|3|10,"378619a, ac370000, ac379999",3,0.89940405373838128,0.0041015037156586498,81,81
fixed_test,6,2,impressed|3|10,"378619a, ac370000, ac379999",4,0.89940405373838128,0.025893010585618215,81,81
fixed_test,6,2,impressed|3|10,"378619a, ac370000, ac379999",5,0.89940405373838128,0.024625501688185003,81,81
fixed_test,6,2,impressed|3|10,"378619a, ac370000, ac379999",6,0.89940405373838128,0.0339011644992816,81,81
fixed_test,6,2,impressed|3|10,"378619a, ac370000, ac379999",7,0.89940405373838128,0.028635441819326868,81,81
fixed_test,6,2,impressed|3|10,"378619a, ac370000, ac379999",8,0.89940405373838128,0.0339011644992816,81,81
fixed_test,6,2,impressed|3|10,"378619a, ac370000, ac379999",9,0.89940405373838128,0.055648283842479995,81,81
fixed_train,6,2,apriori|1|01,ac419100,0,0.99444282823688168,0.053501455242215279,851,744
fixed_train,6,2,apriori|1|01,ac419100,1,0.99444282823688168,0.046239954774660363,851,745
fixed_train,6,2,apriori|1|01,ac419100,2,0.99444282823688168,0.049560503105770204,851,752
fixed_train,6,2,apriori|1|01,ac419100,3,0.99444282823688168,0.05550657871783593,851,741
fixed_train,6,2,apriori|1|01,ac419100,4,0.99444282823688168,0.046686998280061287,851,748
fixed_train,6,2,apriori|1|01,ac419100,5,0.99444282823688168,0.05098333794146892,851,764
fixed_train,6,2,apriori|1|01,ac419100,6,0.99444282823688168,0.053244958329652259,851,755
fixed_train,6,2,apriori|1|01,ac419100,7,0.99444282823688168,0.043120092589783332,851,747
fixed_train,6,2,apriori|1|01,ac419100,8,0.99444282823688168,0.039578798330081155,851,739
fixed_train,6,2,apriori|1|01,ac419100,9,0.99444282823688168,0.052754659168573026,851,746
fixed_train,6,2,apriori|1|02,ac370000,0,0.99444282823688168,0.12071446980277156,640,639
fixed_train,6,2,apriori|1|02,ac370000,1,0.99444282823688168,0.095228450404151732,640,638
fixed_train,6,2,apriori|1|02,ac370000,2,0.99444282823688168,0.10953651486966998,640,636
fixed_train,6,2,apriori|1|02,ac370000,3,0.99444282823688168,0.094501793411633339,640,638
fixed_train,6,2,apriori|1|02,ac370000,4,0.99444282823688168,0.10065782263142065,640,638
fixed_train,6,2,apriori|1|02,ac370000,5,0.99444282823688168,0.10803566126450126,640,639
fixed_train,6,2,apriori|1|02,ac370000,6,0.99444282823688168,0.10803566126450126,640,634
fixed_train,6,2,apriori|1|02,ac370000,7,0.99444282823688168,0.10979716889830959,640,636
fixed_train,6,2,apriori|1|02,ac370000,8,0.99444282823688168,0.11101410709018611,640,632
fixed_train,6,2,apriori|1|02,ac370000,9,0.99444282823688168,0.11294130828275195,640,637
fixed_train,6,2,apriori|1|03,ac379999,0,0.99444282823688168,0.043015635405604824,631,616
fixed_train,6,2,apriori|1|03,ac379999,1,0.99444282823688168,0.054838525182800302,631,620
fixed_train,6,2,apriori|1|03,ac379999,2,0.99444282823688168,0.056570837406178631,631,618
fixed_train,6,2,apriori|1|03,ac379999,3,0.99444282823688168,0.062004297633984296,631,618
fixed_train,6,2,apriori|1|03,ac379999,4,0.99444282823688168,0.053119589358040731,631,619
fixed_train,6,2,apriori|1|03,ac379999,5,0.99444282823688168,0.058830037739607599,631,619
fixed_train,6,2,apriori|1|03,ac379999,6,0.99444282823688168,0.056840088930905641,631,624
fixed_train,6,2,apriori|1|03,ac379999,7,0.99444282823688168,0.053815673770850281,631,619
fixed_train,6,2,apriori|1|03,ac379999,8,0.99444282823688168,0.06229143988238639,631,622
fixed_train,6,2,apriori|1|03,ac379999,9,0.99444282823688168,0.054440386625341675,631,626
fixed_train,6,2,apriori|1|04,370407,0,0.99444282823688168,0.038403916158435081,549,536
fixed_train,6,2,apriori|1|04,370407,1,0.99444282823688168,0.047540173369625016,549,540
fixed_train,6,2,apriori|1|04,370407,2,0.99444282823688168,0.042327049870241384,549,536
fixed_train,6,2,apriori|1|04,370407,3,0.99444282823688168,0.035726378599530983,549,544
fixed_train,6,2,apriori|1|04,370407,4,0.99444282823688168,0.041445530549318432,549,539
fixed_train,6,2,apriori|1|04,370407,5,0.99444282823688168,0.056864625455473328,549,538
fixed_train,6,2,apriori|1|04,370407,6,0.99444282823688168,0.054311637072749663,549,537
fixed_train,6,2,apriori|1|04,370407,7,0.99444282823688168,0.041445530549318432,549,538
fixed_train,6,2,apriori|1|04,370407,8,0.99444282823688168,0.039117894350891191,549,536
fixed_train,6,2,apriori|1|04,370407,9,0.99444282823688168,0.043393108514300338,549,540
fixed_train,6,2,apriori|1|05,ac370419,0,0.99444282823688168,0.040189465125222701,535,519
fixed_train,6,2,apriori|1|05,ac370419,1,0.99444282823688168,0.033494835336685069,535,513
fixed_train,6,2,apriori|1|05,ac370419,2,0.99444282823688168,0.034571126448833533,535,524
fixed_train,6,2,apriori|1|05,ac370419,3,0.99444282823688168,0.039207306629678751,535,516
fixed_train,6,2,apriori|1|05,ac370419,4,0.99444282823688168,0.039117894350891191,535,513
fixed_train,6,2,apriori|1|05,ac370419,5,0.99444282823688168,0.047310802090713477,535,515
fixed_train,6,2,apriori|1|05,ac370419,6,0.99444282823688168,0.034493057554769724,535,521
fixed_train,6,2,apriori|1|05,ac370419,7,0.99444282823688168,0.039029826250161381,535,524
fixed_train,6,2,apriori|1|05,ac370419,8,0.99444282823688168,0.032569794615295189,535,518
fixed_train,6,2,apriori|1|05,ac370419,9,0.99444282823688168,0.046988361772515419,535,522
fixed_train,6,2,apriori|1|06,ac410100,0,0.99444282823688168,0.037142872267190929,527,502
fixed_train,6,2,apriori|1|06,ac410100,1,0.99444282823688168,0.040658330923643016,527,501
fixed_train,6,2,apriori|1|06,ac410100,2,0.99444282823688168,0.046239954774660363,527,501
fixed_train,6,2,apriori|1|06,ac410100,3,0.99444282823688168,0.043120092589783332,527,509
fixed_train,6,2,apriori|1|06,ac410100,4,0.99444282823688168,0.037231758855046704,527,502
fixed_train,6,2,apriori|1|06,ac410100,5,0.99444282823688168,0.045921978388598239,527,504
fixed_train,6,2,apriori|1|06,ac410100,6,0.99444282823688168,0.043884984482502887,527,507
fixed_train,6,2,apriori|1|06,ac410100,7,0.99444282823688168,0.041835596834740918,527,498
fixed_train,6,2,apriori|1|06,ac410100,8,0.99444282823688168,0.041637613744065494,527,506
fixed_train,6,2,apriori|1|06,ac410100,9,0.99444282823688168,0.042421008388068615,527,501
fixed_train,6,2,apriori|1|07,ac370443,0,0.99444282823688168,0.031120161873462671,530,516
fixed_train,6,2,apriori|1|07,ac370443,1,0.99444282823688168,0.032416634433789837,530,514
fixed_train,6,2,apriori|1|07,ac370443,2,0.99444282823688168,0.030112426647505464,530,509
fixed_train,6,2,apriori|1|07,ac370443,3,0.99444282823688168,0.033343030578709909,530,518
fixed_train,6,2,apriori|1|07,ac370443,4,0.99444282823688168,0.046988361772515419,530,519
fixed_train,6,2,apriori|1|07,ac370443,5,0.99444282823688168,0.034571126448833533,530,517
fixed_train,6,2,apriori|1|07,ac370443,6,0.99444282823688168,0.033494835336685069,530,516
fixed_train,6,2,apriori|1|07,ac370443,7,0.99444282823688168,0.046132355220940169,530,517
fixed_train,6,2,apriori|1|07,ac370443,8,0.99444282823688168,0.038497234738746777,530,518
fixed_train,6,2,apriori|1|07,ac370443,9,0.99444282823688168,0.038221459612360897,530,511
fixed_train,6,2,apriori|1|08,ac370442,0,0.99444282823688168,0.03326883830537819,526,510
fixed_train,6,2,apriori|1|08,ac370442,1,0.99444282823688168,0.034493057554769724,526,508
fixed_train,6,2,apriori|1|08,ac370442,2,0.99444282823688168,0.029100520568895449,526,507
fixed_train,6,2,apriori|1|08,ac370442,3,0.99444282823688168,0.029711440096174546,526,511
fixed_train,6,2,apriori|1|08,ac370442,4,0.99444282823688168,0.038943083034534975,526,517
fixed_train,6,2,apriori|1|08,ac370442,5,0.99444282823688168,0.039117894350891191,526,511
fixed_train,6,2,apriori|1|08,ac370442,6,0.99444282823688168,0.030182881128089423,526,511
fixed_train,6,2,apriori|1|08,ac370442,7,0.99444282823688168,0.032341776548169499,526,507
fixed_train,6,2,apriori|1|08,ac370442,8,0.99444282823688168,0.024568662285301301,526,506
fixed_train,6,2,apriori|1|08,ac370442,9,0.99444282823688168,0.036636904941301562,526,510
fixed_train,6,2,apriori|1|09,370712b,0,0.99444282823688168,0.034895501528753425,509,496
fixed_train,6,2,apriori|1|09,370712b,1,0.99444282823688168,0.038221459612360897,509,492
fixed_train,6,2,apriori|1|09,370712b,2,0.99444282823688168,0.029031748810993352,509,496
fixed_train,6,2,apriori|1|09,370712b,3,0.99444282823688168,0.045717875952153375,509,501
fixed_train,6,2,apriori|1|09,370712b,4,0.99444282823688168,0.032648130790316143,509,500
fixed_train,6,2,apriori|1|09,370712b,5,0.99444282823688168,0.028084269159011299,509,497
fixed_train,6,2,apriori|1|09,370712b,6,0.99444282823688168,0.03047561191533632,509,493
fixed_train,6,2,apriori|1|09,370712b,7,0.99444282823688168,0.026674424462967972,509,499
fixed_train,6,2,apriori|1|09,370712b,8,0.99444282823688168,0.035891795873803201,509,493
fixed_train,6,2,apriori|1|09,370712b,9,0.99444282823688168,0.043120092589783332,509,490
fixed_train,6,2,apriori|1|10,ac411100,0,0.99444282823688168,0.029170341662410393,494,447
fixed_train,6,2,apriori|1|10,ac411100,1,0.99444282823688168,0.028153389313441468,494,451
fixed_train,6,2,apriori|1|10,ac411100,2,0.99444282823688168,0.033572480869800359,494,456
fixed_train,6,2,apriori|1|10,ac411100,3,0.99444282823688168,0.03280840281610109,494,457
fixed_train,6,2,apriori|1|10,ac411100,4,0.99444282823688168,0.026996169516084301,494,449
fixed_train,6,2,apriori|1|10,ac411100,5,0.99444282823688168,0.022506053477573618,494,450
fixed_train,6,2,apriori|1|10,ac411100,6,0.99444282823688168,0.02931319397026011,494,455
fixed_train,6,2,apriori|1|10,ac411100,7,0.99444282823688168,0.028153389313441468,494,448
fixed_train,6,2,apriori|1|10,ac411100,8,0.99444282823688168,0.033731343573850436,494,449
fixed_train,6,2,apriori|1|10,ac411100,9,0.99444282823688168,0.034979709875143206,494,440
fixed_train,6,2,apriori|2|01,"ac370000, ac379999",0,0.99444282823688168,0.08490764376422133,631,628
fixed_train,6,2,apriori|2|01,"ac370000, ac379999",1,0.99444282823688168,0.094388197015138453,631,630
fixed_train,6,2,apriori|2|01,"ac370000, ac379999",2,0.99444282823688168,0.081056317316563709,631,631
fixed_train,6,2,apriori|2|01,"ac370000, ac379999",3,0.99444282823688168,0.099053925437016965,631,631
fixed_train,6,2,apriori|2|01,"ac370000, ac379999",4,0.99444282823688168,0.083492211462592336,631,629
fixed_train,6,2,apriori|2|01,"ac370000, ac379999",5,0.99444282823688168,0.091303851640713418,631,630
fixed_train,6,2,apriori|2|01,"ac370000, ac379999",6,0.99444282823688168,0.083681241407326468,631,630
fixed_train,6,2,apriori|2|01,"ac370000, ac379999",7,0.99444282823688168,0.091079769989686588,631,630
fixed_train,6,2,apriori|2|01,"ac370000, ac379999",8,0.99444282823688168,0.086776836412921887,631,630
fixed_train,6,2,apriori|2|01,"ac370000, ac379999",9,0.99444282823688168,0.095635781186105828,631,629
fixed_train,6,2,apriori|2|02,"ac370000, ac419100",0,0.99444282823688168,0.082272738453115002,593,589
fixed_train,6,2,apriori|2|02,"ac370000, ac419100",1,0.99444282823688168,0.069807812241280187,593,592
fixed_train,6,2,apriori|2|02,"ac370000, ac419100",2,0.99444282823688168,0.07173955166789725,593,591
fixed_train,6,2,apriori|2|02,"ac370000, ac419100",3,0.99444282823688168,0.075861162211487421,593,590
fixed_train,6,2,apriori|2|02,"ac370000, ac419100",4,0.99444282823688168,0.079530001910550707,593,591
fixed_train,6,2,apriori|2|02,"ac370000, ac419100",5,0.99444282823688168,0.078983381932176688,593,592
fixed_train,6,2,apriori|2|02,"ac370000, ac419100",6,0.99444282823688168,0.076387445939702148,593,591
fixed_train,6,2,apriori|2|02,"ac370000, ac419100",7,0.99444282823688168,0.075516591513404729,593,592
fixed_train,6,2,apriori|2|02,"ac370000, ac419100",8,0.99444282823688168,0.0714310708050655,593,592
fixed_train,6,2,apriori|2|02,"ac370000, ac419100",9,0.99444282823688168,0.068760444573694457,593,592
fixed_train,6,2,apriori|2|03,"ac379999, ac419100",0,0.99444282823688168,0.056570837406178631,587,585
fixed_train,6,2,apriori|2|03,"ac379999, ac419100",1,0.99444282823688168,0.057369208913126801,587,585
fixed_train,6,2,apriori|2|03,"ac379999, ac419100",2,0.99444282823688168,0.05776819910601938,587,587
fixed_train,6,2,apriori|2|03,"ac379999, ac419100",3,0.99444282823688168,0.051229969588163837,587,586
fixed_train,6,2,apriori|2|03,"ac379999, ac419100",4,0.99444282823688168,0.061828037138111913,587,586
fixed_train,6,2,apriori|2|03,"ac379999, ac419100",5,0.99444282823688168,0.063202478575721588,587,582
fixed_train,6,2,apriori|2|03,"ac379999, ac419100",6,0.99444282823688168,0.053119589358040731,587,583
fixed_train,6,2,apriori|2|03,"ac379999, ac419100",7,0.99444282823688168,0.074300713795642404,587,585
fixed_train,6,2,apriori|2|03,"ac379999, ac419100",8,0.99444282823688168,0.06137807152683461,587,580
fixed_train,6,2,apriori|2|03,"ac379999, ac419100",9,0.99444282823688168,0.071173977395320387,587,585
fixed_train,6,2,apriori|2|04,"370407, ac370000",0,0.99444282823688168,0.094144399039206128,549,546
fixed_train,6,2,apriori|2|04,"370407, ac370000",1,0.99444282823688168,0.085846174164105227,549,546
fixed_train,6,2,apriori|2|04,"370407, ac370000",2,0.99444282823688168,0.088001040993008206,549,549
fixed_train,6,2,apriori|2|04,"370407, ac370000",3,0.99444282823688168,0.094763573766761144,549,545
fixed_train,6,2,apriori|2|04,"370407, ac370000",4,0.99444282823688168,0.081559207159200398,549,548
fixed_train,6,2,apriori|2|04,"370407, ac370000",5,0.99444282823688168,0.088832399251249305,549,546
fixed_train,6,2,apriori|2|04,"370407, ac370000",6,0.99444282823688168,0.094376167799981592,549,548
fixed_train,6,2,apriori|2|04,"370407, ac370000",7,0.99444282823688168,0.091485163937260139,549,549
fixed_train,6,2,apriori|2|04,"370407, ac370000",8,0.99444282823688168,0.079717788587351346,549,548
fixed_train,6,2,apriori|2|04,"370407, ac370000",9,0.99444282823688168,0.11705153355747033,549,549
fixed_train,6,2,apriori|2|05,"370407, ac379999",0,0.99444282823688168,0.060017455041677659,543,541
fixed_train,6,2,apriori|2|05,"370407, ac379999",1,0.99444282823688168,0.053936865747148621,543,542
fixed_train,6,2,apriori|2|05,"370407, ac379999",2,0.99444282823688168,0.064598780862501592,543,543
fixed_train,6,2,apriori|2|05,"370407, ac379999",3,0.99444282823688168,0.071173977395320387,543,542
fixed_train,6,2,apriori|2|05,"370407, ac379999",4,0.99444282823688168,0.058722296672346075,543,543
fixed_train,6,2,apriori|2|05,"370407, ac379999",5,0.99444282823688168,0.054177341511218002,543,542
fixed_train,6,2,apriori|2|05,"370407, ac379999",6,0.99444282823688168,0.055571717631183182,543,543
fixed_train,6,2,apriori|2|05,"370407, ac379999",7,0.99444282823688168,0.060144434664049617,543,543
fixed_train,6,2,apriori|2|05,"370407, ac379999",8,0.99444282823688168,0.048596180231187835,543,542
fixed_train,6,2,apriori|2|05,"370407, ac379999",9,0.99444282823688168,0.053462915366371599,543,543
fixed_train,6,2,apriori|2|06,"ac370000, ac370419",0,0.99444282823688168,0.080570425974681892,535,534
fixed_train,6,2,apriori|2|06,"ac370000, ac370419",1,0.99444282823688168,0.088813784358068193,535,532
fixed_train,6,2,apriori|2|06,"ac370000, ac370419",2,0.99444282823688168,0.085367678016723403,535,535
fixed_train,6,2,apriori|2|06,"ac370000, ac370419",3,0.99444282823688168,0.080020689473211615,535,534
fixed_train,6,2,apriori|2|06,"ac370000, ac370419",4,0.99444282823688168,0.094554523406903623,535,534
fixed_train,6,2,apriori|2|06,"ac370000, ac370419",5,0.99444282823688168,0.094977243074471196,535,535
fixed_train,6,2,apriori|2|06,"ac370000, ac370419",6,0.99444282823688168,0.075577535978409105,535,533
fixed_train,6,2,apriori|2|06,"ac370000, ac370419",7,0.99444282823688168,0.09025545575821603,535,534
fixed_train,6,2,apriori|2|06,"ac370000, ac370419",8,0.99444282823688168,0.08363015552048858,535,535
fixed_train,6,2,apriori|2|06,"ac370000, ac370419",9,0.99444282823688168,0.082272738453115002,535,534
fixed_train,6,2,apriori|2|07,"ac370000, ac370443",0,0.99444282823688168,0.10323558327410298,530,528
fixed_train,6,2,apriori|2|07,"ac370000, ac370443",1,0.99444282823688168,0.082836941704623968,530,529
fixed_train,6,2,apriori|2|07,"ac370000, ac370443",2,0.99444282823688168,0.09025545575821603,530,530
fixed_train,6,2,apriori|2|07,"ac370000, ac370443",3,0.99444282823688168,0.077425049178134642,530,530
fixed_train,6,2,apriori|2|07,"ac370000, ac370443",4,0.99444282823688168,0.092534223866097109,530,529
fixed_train,6,2,apriori|2|07,"ac370000, ac370443",5,0.99444282823688168,0.090055121376790281,530,527
fixed_train,6,2,apriori|2|07,"ac370000, ac370443",6,0.99444282823688168,0.094764285288631567,530,529
fixed_train,6,2,apriori|2|07,"ac370000, ac370443",7,0.99444282823688168,0.075350271315376416,530,529
fixed_train,6,2,apriori|2|07,"ac370000, ac370443",8,0.99444282823688168,0.089471984631112722,530,530
fixed_train,6,2,apriori|2|07,"ac370000, ac370443",9,0.99444282823688168,0.093741962441920124,530,530
fixed_train,6,2,apriori|2|08,"ac370419, ac379999",0,0.99444282823688168,0.052520414185094122,528,527
fixed_train,6,2,apriori|2|08,"ac370419, ac379999",1,0.99444282823688168,0.057240184624856805,528,528
fixed_train,6,2,apriori|2|08,"ac370419, ac379999",2,0.99444282823688168,0.061589545826077119,528,528
fixed_train,6,2,apriori|2|08,"ac370419, ac379999",3,0.99444282823688168,0.068908929862667057,528,528
fixed_train,6,2,apriori|2|08,"ac370419, ac379999",4,0.99444282823688168,0.049008569167919402,528,526
fixed_train,6,2,apriori|2|08,"ac370419, ac379999",5,0.99444282823688168,0.060404242675230146,528,527
fixed_train,6,2,apriori|2|08,"ac370419, ac379999",6,0.99444282823688168,0.062777612719373765,528,528
fixed_train,6,2,apriori|2|08,"ac370419, ac379999",7,0.99444282823688168,0.059482947352998972,528,527
fixed_train,6,2,apriori|2|08,"ac370419, ac379999",8,0.99444282823688168,0.0558102679651441,528,527
fixed_train,6,2,apriori|2|08,"ac370419, ac379999",9,0.99444282823688168,0.056623572853921611,528,528
fixed_train,6,2,apriori|2|09,"ac370000, ac370442",0,0.99444282823688168,0.090494220382002388,526,525
fixed_train,6,2,apriori|2|09,"ac370000, ac370442",1,0.99444282823688168,0.08087756197821272,526,523
fixed_train,6,2,apriori|2|09,"ac370000, ac370442",2,0.99444282823688168,0.090055121376790281,526,525
fixed_train,6,2,apriori|2|09,"ac370000, ac370442",3,0.99444282823688168,0.089028885392825163,526,526
fixed_train,6,2,apriori|2|09,"ac370000, ac370442",4,0.99444282823688168,0.092929386346240594,526,524
fixed_train,6,2,apriori|2|09,"ac370000, ac370442",5,0.99444282823688168,0.081422041073897389,526,526
fixed_train,6,2,apriori|2|09,"ac370000, ac370442",6,0.99444282823688168,0.098415905232922762,526,525
fixed_train,6,2,apriori|2|09,"ac370000, ac370442",7,0.99444282823688168,0.076220521142158937,526,525
fixed_train,6,2,apriori|2|09,"ac370000, ac370442",8,0.99444282823688168,0.087422944827813542,526,526
fixed_train,6,2,apriori|2|09,"ac370000, ac370442",9,0.99444282823688168,0.092509870523423854,526,525
fixed_train,6,2,apriori|2|10,"ac370419, ac370443",0,0.99444282823688168,0.070126039406752438,526,525
fixed_train,6,2,apriori|2|10,"ac370419, ac370443",1,0.99444282823688168,0.083873151117793809,526,525
fixed_train,6,2,apriori|2|10,"ac370419, ac370443",2,0.99444282823688168,0.067558111226223572,526,525
fixed_train,6,2,apriori|2|10,"ac370419, ac370443",3,0.99444282823688168,0.081609092310682252,526,526
fixed_train,6,2,apriori|2|10,"ac370419, ac370443",4,0.99444282823688168,0.07045403671869277,526,526
fixed_train,6,2,apriori|2|10,"ac370419, ac370443",5,0.99444282823688168,0.077080974696458915,526,526
fixed_train,6,2,apriori|2|10,"ac370419, ac370443",6,0.99444282823688168,0.074644440073610374,526,526
fixed_train,6,2,apriori|2|10,"ac370419, ac370443",7,0.99444282823688168,0.074474552401760929,526,525
fixed_train,6,2,apriori|2|10,"ac370419, ac370443",8,0.99444282823688168,0.073820123577945207,526,526
fixed_train,6,2,apriori|2|10,"ac370419, ac370443",9,0.99444282823688168,0.072552857082235356,526,525
fixed_train,6,2,apriori|3|01,"ac370000, ac379999, ac419100",0,0.99444282823688168,0.084714768423280296,587,587
fixed_train,6,2,apriori|3|01,"ac370000, ac379999, ac419100",1,0.99444282823688168,0.077768640493308117,587,587
fixed_train,6,2,apriori|3|01,"ac370000, ac379999, ac419100",2,0.99444282823688168,0.085668350572071117,587,587
fixed_train,6,2,apriori|3|01,"ac370000, ac379999, ac419100",3,0.99444282823688168,0.087236004480660267,587,587
fixed_train,6,2,apriori|3|01,"ac370000, ac379999, ac419100",4,0.99444282823688168,0.08464333875553598,587,587
fixed_train,6,2,apriori|3|01,"ac370000, ac379999, ac419100",5,0.99444282823688168,0.09190391430207534,587,587
fixed_train,6,2,apriori|3|01,"ac370000, ac379999, ac419100",6,0.99444282823688168,0.095978046696370445,587,587
fixed_train,6,2,apriori|3|01,"ac370000, ac379999, ac419100",7,0.99444282823688168,0.09011837605183648,587,587
fixed_train,6,2,apriori|3|01,"ac370000, ac379999, ac419100",8,0.99444282823688168,0.088638862818844477,587,586
fixed_train,6,2,apriori|3|01,"ac370000, ac379999, ac419100",9,0.99444282823688168,0.088075524064769262,587,587
fixed_train,6,2,apriori|3|02,"370407, ac370000, ac379999",0,0.99444282823688168,0.080188992557083894,543,543
fixed_train,6,2,apriori|3|02,"370407, ac370000, ac379999",1,0.99444282823688168,0.098619897770220843,543,543
fixed_train,6,2,apriori|3|02,"370407, ac370000, ac379999",2,0.99444282823688168,0.10669769785187178,543,543
fixed_train,6,2,apriori|3|02,"370407, ac370000, ac379999",3,0.99444282823688168,0.10385470267435759,543,543
fixed_train,6,2,apriori|3|02,"370407, ac370000, ac379999",4,0.99444282823688168,0.1010383904375215,543,543
fixed_train,6,2,apriori|3|02,"370407, ac370000, ac379999",5,0.99444282823688168,0.10927484173824742,543,543
fixed_train,6,2,apriori|3|02,"370407, ac370000, ac379999",6,0.99444282823688168,0.094961726993403328,543,543
fixed_train,6,2,apriori|3|02,"370407, ac370000, ac379999",7,0.99444282823688168,0.10225196044137708,543,543
fixed_train,6,2,apriori|3|02,"370407, ac370000, ac379999",8,0.99444282823688168,0.10284990788289938,543,543
fixed_train,6,2,apriori|3|02,"370407, ac370000, ac379999",9,0.99444282823688168,0.095478635529164357,543,543
fixed_train,6,2,apriori|3|03,"ac370000, ac370419, ac379999",0,0.99444282823688168,0.10473177695682245,528,528
fixed_train,6,2,apriori|3|03,"ac370000, ac370419, ac379999",1,0.99444282823688168,0.10065188538337511,528,528
fixed_train,6,2,apriori|3|03,"ac370000, ac370419, ac379999",2,0.99444282823688168,0.10801711093944621,528,528
fixed_train,6,2,apriori|3|03,"ac370000, ac370419, ac379999",3,0.99444282823688168,0.099950923592231233,528,528
fixed_train,6,2,apriori|3|03,"ac370000, ac370419, ac379999",4,0.99444282823688168,0.10310633798772972,528,528
fixed_train,6,2,apriori|3|03,"ac370000, ac370419, ac379999",5,0.99444282823688168,0.099950923592231233,528,528
fixed_train,6,2,apriori|3|03,"ac370000, ac370419, ac379999",6,0.99444282823688168,0.094169520354334679,528,528
fixed_train,6,2,apriori|3|03,"ac370000, ac370419, ac379999",7,0.99444282823688168,0.088260467076302085,528,528
fixed_train,6,2,apriori|3|03,"ac370000, ac370419, ac379999",8,0.99444282823688168,0.098415905232922762,528,528
fixed_train,6,2,apriori|3|03,"ac370000, ac370419, ac379999",9,0.99444282823688168,0.10209543918769637,528,528
fixed_train,6,2,apriori|3|04,"ac370000, ac370419, ac370443",0,0.99444282823688168,0.1171030535556512,526,526
fixed_train,6,2,apriori|3|04,"ac370000, ac370419, ac370443",1,0.99444282823688168,0.11556997441735761,526,526
fixed_train,6,2,apriori|3|04,"ac370000, ac370419, ac370443",2,0.99444282823688168,0.11106649010026404,526,526
fixed_train,6,2,apriori|3|04,"ac370000, ac370419, ac370443",3,0.99444282823688168,0.11739062597323735,526,526
fixed_train,6,2,apriori|3|04,"ac370000, ac370419, ac370443",4,0.99444282823688168,0.10905873589718518,526,526
fixed_train,6,2,apriori|3|04,"ac370000, ac370419, ac370443",5,0.99444282823688168,0.10702009139573199,526,526
fixed_train,6,2,apriori|3|04,"ac370000, ac370419, ac370443",6,0.99444282823688168,0.10826939373444744,526,526
fixed_train,6,2,apriori|3|04,"ac370000, ac370419, ac370443",7,0.99444282823688168,0.11006179832938601,526,526
fixed_train,6,2,apriori|3|04,"ac370000, ac370419, ac370443",8,0.99444282823688168,0.12093192938776787,526,526
fixed_train,6,2,apriori|3|04,"ac370000, ac370419, ac370443",9,0.99444282823688168,0.12080506239477495,526,526
fixed_train,6,2,apriori|3|05,"ac370000, ac370442, ac370443",0,0.99444282823688168,0.10479322825214921,524,524
fixed_train,6,2,apriori|3|05,"ac370000, ac370442, ac370443",1,0.99444282823688168,0.10498383590178328,524,524
fixed_train,6,2,apriori|3|05,"ac370000, ac370442, ac370443",2,0.99444282823688168,0.1388417610970103,524,524
fixed_train,6,2,apriori|3|05,"ac370000, ac370442, ac370443",3,0.99444282823688168,0.11979537502945603,524,524
fixed_train,6,2,apriori|3|05,"ac370000, ac370442, ac370443",4,0.99444282823688168,0.13954854370803693,524,524
fixed_train,6,2,apriori|3|05,"ac370000, ac370442, ac370443",5,0.99444282823688168,0.11107241006929069,524,524
fixed_train,6,2,apriori|3|05,"ac370000, ac370442, ac370443",6,0.99444282823688168,0.11535811673591356,524,524
fixed_train,6,2,apriori|3|05,"ac370000, ac370442, ac370443",7,0.99444282823688168,0.11556997441735761,524,524
fixed_train,6,2,apriori|3|05,"ac370000, ac370442, ac370443",8,0.99444282823688168,0.1118317861356376,524,524
fixed_train,6,2,apriori|3|05,"ac370000, ac370442, ac370443",9,0.99444282823688168,0.12618899617185653,524,524
fixed_train,6,2,apriori|3|06,"370407, ac370000, ac370419",0,0.99444282823688168,0.12335519036334064,522,522
fixed_train,6,2,apriori|3|06,"370407, ac370000, ac370419",1,0.99444282823688168,0.12875817552400948,522,522
fixed_train,6,2,apriori|3|06,"370407, ac370000, ac370419",2,0.99444282823688168,0.11856674599317962,522,522
fixed_train,6,2,apriori|3|06,"370407, ac370000, ac370419",3,0.99444282823688168,0.12335519036334064,522,522
fixed_train,6,2,apriori|3|06,"370407, ac370000, ac370419",4,0.99444282823688168,0.12250668279795818,522,522
fixed_train,6,2,apriori|3|06,"370407, ac370000, ac370419",5,0.99444282823688168,0.12915432726002785,522,522
fixed_train,6,2,apriori|3|06,"370407, ac370000, ac370419",6,0.99444282823688168,0.099852676459554424,522,522
fixed_train,6,2,apriori|3|06,"370407, ac370000, ac370419",7,0.99444282823688168,0.12236215083869284,522,522
fixed_train,6,2,apriori|3|06,"370407, ac370000, ac370419",8,0.99444282823688168,0.11878973114764591,522,522
fixed_train,6,2,apriori|3|06,"370407, ac370000, ac370419",9,0.99444282823688168,0.13851749886809517,522,522
fixed_train,6,2,apriori|3|07,"ac370000, ac370419, ac370442",0,0.99444282823688168,0.1301400515278911,521,521
fixed_train,6,2,apriori|3|07,"ac370000, ac370419, ac370442",1,0.99444282823688168,0.12192858159415532,521,521
fixed_train,6,2,apriori|3|07,"ac370000, ac370419, ac370442",2,0.99444282823688168,0.093807458311576997,521,521
fixed_train,6,2,apriori|3|07,"ac370000, ac370419, ac370442",3,0.99444282823688168,0.098415905232922762,521,521
fixed_train,6,2,apriori|3|07,"ac370000, ac370419, ac370442",4,0.99444282823688168,0.11355347737405996,521,521
fixed_train,6,2,apriori|3|07,"ac370000, ac370419, ac370442",5,0.99444282823688168,0.11837577061289772,521,521
fixed_train,6,2,apriori|3|07,"ac370000, ac370419, ac370442",6,0.99444282823688168,0.10557320019002159,521,521
fixed_train,6,2,apriori|3|07,"ac370000, ac370419, ac370442",7,0.99444282823688168,0.11580084811249713,521,521
fixed_train,6,2,apriori|3|07,"ac370000, ac370419, ac370442",8,0.99444282823688168,0.11654924641051501,521,521
fixed_train,6,2,apriori|3|07,"ac370000, ac370419, ac370442",9,0.99444282823688168,0.12109356997515697,521,521
fixed_train,6,2,apriori|3|08,"ac370000, ac370443, ac379999",0,0.99444282823688168,0.11006331622853227,523,523
fixed_train,6,2,apriori|3|08,"ac370000, ac370443, ac379999",1,0.99444282823688168,0.10411580029923428,523,523
fixed_train,6,2,apriori|3|08,"ac370000, ac370443, ac379999",2,0.99444282823688168,0.097018700053839391,523,523
fixed_train,6,2,apriori|3|08,"ac370000, ac370443, ac379999",3,0.99444282823688168,0.099053925437016965,523,523
fixed_train,6,2,apriori|3|08,"ac370000, ac370443, ac379999",4,0.99444282823688168,0.11305084574190316,523,523
fixed_train,6,2,apriori|3|08,"ac370000, ac370443, ac379999",5,0.99444282823688168,0.082272738453115002,523,523
fixed_train,6,2,apriori|3|08,"ac370000, ac370443, ac379999",6,0.99444282823688168,0.10065188538337511,523,523
fixed_train,6,2,apriori|3|08,"ac370000, ac370443, ac379999",7,0.99444282823688168,0.088401268732017257,523,523
fixed_train,6,2,apriori|3|08,"ac370000, ac370443, ac379999",8,0.99444282823688168,0.095574511466561263,523,523
fixed_train,6,2,apriori|3|08,"ac370000, ac370443, ac379999",9,0.99444282823688168,0.09025545575821603,523,523
fixed_train,6,2,apriori|3|09,"ac370419, ac370442, ac370443",0,0.99444282823688168,0.11161508172874623,520,520
fixed_train,6,2,apriori|3|09,"ac370419, ac370442, ac370443",1,0.99444282823688168,0.10401983035898765,520,520
fixed_train,6,2,apriori|3|09,"ac370419, ac370442, ac370443",2,0.99444282823688168,0.10217315244125835,520,520
fixed_train,6,2,apriori|3|09,"ac370419, ac370442, ac370443",3,0.99444282823688168,0.10294060587592435,520,520
fixed_train,6,2,apriori|3|09,"ac370419, ac370442, ac370443",4,0.99444282823688168,0.10776861473398736,520,520
fixed_train,6,2,apriori|3|09,"ac370419, ac370442, ac370443",5,0.99444282823688168,0.099102205603575966,520,520
fixed_train,6,2,apriori|3|09,"ac370419, ac370442, ac370443",6,0.99444282823688168,0.12509449801665751,520,520
fixed_train,6,2,apriori|3|09,"ac370419, ac370442, ac370443",7,0.99444282823688168,0.10320428730611053,520,520
fixed_train,6,2,apriori|3|09,"ac370419, ac370442, ac370443",8,0.99444282823688168,0.094835598653609354,520,520
fixed_train,6,2,apriori|3|09,"ac370419, ac370442, ac370443",9,0.99444282823688168,0.11006179832938601,520,520
fixed_train,6,2,apriori|3|10,"370407, ac370000, ac370443",0,0.99444282823688168,0.11781204137810841,518,518
fixed_train,6,2,apriori|3|10,"370407, ac370000, ac370443",1,0.99444282823688168,0.11430876167338411,518,518
fixed_train,6,2,apriori|3|10,"370407, ac370000, ac370443",2,0.99444282823688168,0.12128860632480898,518,518
fixed_train,6,2,apriori|3|10,"370407, ac370000, ac370443",3,0.99444282823688168,0.11506550674470772,518,518
fixed_train,6,2,apriori|3|10,"370407, ac370000, ac370443",4,0.99444282823688168,0.12748364718880512,518,518
fixed_train,6,2,apriori|3|10,"370407, ac370000, ac370443",5,0.99444282823688168,0.12595811165162529,518,518
fixed_train,6,2,apriori|3|10,"370407, ac370000, ac370443",6,0.99444282823688168,0.11406776628609017,518,518
fixed_train,6,2,apriori|3|10,"370407, ac370000, ac370443",7,0.99444282823688168,0.11804821885093464,518,518
fixed_train,6,2,apriori|3|10,"370407, ac370000, ac370443",8,0.99444282823688168,0.12695962764083069,518,518
fixed_train,6,2,apriori|3|10,"370407, ac370000, ac370443",9,0.99444282823688168,0.11904354167031106,518,518
fixed_train,6,2,impressed|1|01,376400,0,0.99444282823688168,0.14535004299158971,268,260
fixed_train,6,2,impressed|1|01,376400,1,0.99444282823688168,0.15046554179683391,268,254
fixed_train,6,2,impressed|1|01,376400,2,0.99444282823688168,0.13512254922968781,268,259
fixed_train,6,2,impressed|1|01,376400,3,0.99444282823688168,0.14370900390836128,268,258
fixed_train,6,2,impressed|1|01,376400,4,0.99444282823688168,0.14379435964658249,268,257
fixed_train,6,2,impressed|1|01,376400,5,0.99444282823688168,0.14178775886350892,268,258
fixed_train,6,2,impressed|1|01,376400,6,0.99444282823688168,0.14479399219692701,268,263
fixed_train,6,2,impressed|1|01,376400,7,0.99444282823688168,0.1427922935889675,268,263
fixed_train,6,2,impressed|1|01,376400,8,0.99444282823688168,0.15483565857833659,268,258
fixed_train,6,2,impressed|1|01,376400,9,0.99444282823688168,0.13969734257116273,268,259
fixed_train,6,2,impressed|1|02,378619a,0,0.99444282823688168,0.048370738866155616,331,324
fixed_train,6,2,impressed|1|02,378619a,1,0.99444282823688168,0.049202521191460513,331,323
fixed_train,6,2,impressed|1|02,378619a,2,0.99444282823688168,0.052429801275201027,331,319
fixed_train,6,2,impressed|1|02,378619a,3,0.99444282823688168,0.054038326732919861,331,322
fixed_train,6,2,impressed|1|02,378619a,4,0.99444282823688168,0.045274835739033792,331,320
fixed_train,6,2,impressed|1|02,378619a,5,0.99444282823688168,0.036419167249225004,331,325
fixed_train,6,2,impressed|1|02,378619a,6,0.99444282823688168,0.044415512626010067,331,324
fixed_train,6,2,impressed|1|02,378619a,7,0.99444282823688168,0.051484175064567816,331,318
fixed_train,6,2,impressed|1|02,378619a,8,0.99444282823688168,0.056475197732574811,331,320
fixed_train,6,2,impressed|1|02,378619a,9,0.99444282823688168,0.043443110664702411,331,322
fixed_train,6,2,impressed|1|03,ac370000,0,0.99444282823688168,0.12071446980277156,640,639
fixed_train,6,2,impressed|1|03,ac370000,1,0.99444282823688168,0.095228450404151732,640,638
fixed_train,6,2,impressed|1|03,ac370000,2,0.99444282823688168,0.10953651486966998,640,636
fixed_train,6,2,impressed|1|03,ac370000,3,0.99444282823688168,0.094501793411633339,640,638
fixed_train,6,2,impressed|1|03,ac370000,4,0.99444282823688168,0.10065782263142065,640,638
fixed_train,6,2,impressed|1|03,ac370000,5,0.99444282823688168,0.10803566126450126,640,639
fixed_train,6,2,impressed|1|03,ac370000,6,0.99444282823688168,0.10803566126450126,640,634
fixed_train,6,2,impressed|1|03,ac370000,7,0.99444282823688168,0.10979716889830959,640,636
fixed_train,6,2,impressed|1|03,ac370000,8,0.99444282823688168,0.11101410709018611,640,632
fixed_train,6,2,impressed|1|03,ac370000,9,0.99444282823688168,0.11294130828275195,640,637
fixed_train,6,2,impressed|1|04,ac419100,0,0.99444282823688168,0.053501455242215279,851,744
fixed_train,6,2,impressed|1|04,ac419100,1,0.99444282823688168,0.046239954774660363,851,745
fixed_train,6,2,impressed|1|04,ac419100,2,0.99444282823688168,0.049560503105770204,851,752
fixed_train,6,2,impressed|1|04,ac419100,3,0.99444282823688168,0.05550657871783593,851,741
fixed_train,6,2,impressed|1|04,ac419100,4,0.99444282823688168,0.046686998280061287,851,748
fixed_train,6,2,impressed|1|04,ac419100,5,0.99444282823688168,0.05098333794146892,851,764
fixed_train,6,2,impressed|1|04,ac419100,6,0.99444282823688168,0.053244958329652259,851,755
fixed_train,6,2,impressed|1|04,ac419100,7,0.99444282823688168,0.043120092589783332,851,747
fixed_train,6,2,impressed|1|04,ac419100,8,0.99444282823688168,0.039578798330081155,851,739
fixed_train,6,2,impressed|1|04,ac419100,9,0.99444282823688168,0.052754659168573026,851,746
fixed_train,6,2,impressed|1|05,ac10307,0,0.99444282823688168,0.0078453480710845014,122,97
fixed_train,6,2,impressed|1|05,ac10307,1,0.99444282823688168,0.0044847729196882957,122,102
fixed_train,6,2,impressed|1|05,ac10307,2,0.99444282823688168,0.0033428791964124072,122,105
fixed_train,6,2,impressed|1|05,ac10307,3,0.99444282823688168,0.0044847729196882957,122,103
fixed_train,6,2,impressed|1|05,ac10307,4,0.99444282823688168,0.0033602278395374885,122,105
fixed_train,6,2,impressed|1|05,ac10307,5,0.99444282823688168,0.0033602278395374885,122,105
fixed_train,6,2,impressed|1|05,ac10307,6,0.99444282823688168,0.0022379340841728323,122,102
fixed_train,6,2,impressed|1|05,ac10307,7,0.99444282823688168,0.0067407190643703485,122,104
fixed_train,6,2,impressed|1|05,ac10307,8,0.99444282823688168,0.0067163161825340989,122,104
fixed_train,6,2,impressed|1|05,ac10307,9,0.99444282823688168,0.0033428791964124072,122,107
fixed_train,6,2,impressed|1|06,ac415100,0,0.99444282823688168,0.013448659515727934,276,262
fixed_train,6,2,impressed|1|06,ac415100,1,0.99444282823688168,0.015480136575707237,276,262
fixed_train,6,2,impressed|1|06,ac415100,2,0.99444282823688168,0.015642489233917645,276,263
fixed_train,6,2,impressed|1|06,ac415100,3,0.99444282823688168,0.011212679365275369,276,260
fixed_train,6,2,impressed|1|06,ac415100,4,0.99444282823688168,0.011246463765363202,276,261
fixed_train,6,2,impressed|1|06,ac415100,5,0.99444282823688168,0.011146626481076893,276,263
fixed_train,6,2,impressed|1|06,ac415100,6,0.99444282823688168,0.011212679365275369,276,261
fixed_train,6,2,impressed|1|06,ac415100,7,0.99444282823688168,0.015727433239625221,276,263
fixed_train,6,2,impressed|1|06,ac415100,8,0.99444282823688168,0.017967917976756009,276,263
fixed_train,6,2,impressed|1|06,ac415100,9,0.99444282823688168,0.0089478594453800131,276,261
fixed_train,6,2,impressed|1|07,ac337441,0,0.99444282823688168,0,3,3
fixed_train,6,2,impressed|1|07,ac337441,1,0.99444282823688168,0,3,3
fixed_train,6,2,impressed|1|07,ac337441,2,0.99444282823688168,0,3,1
fixed_train,6,2,impressed|1|07,ac337441,3,0.99444282823688168,0,3,2
fixed_train,6,2,impressed|1|07,ac337441,4,0.99444282823688168,0,3,3
fixed_train,6,2,impressed|1|07,ac337441,5,0.99444282823688168,0,3,1
fixed_train,6,2,impressed|1|07,ac337441,6,0.99444282823688168,0,3,2
fixed_train,6,2,impressed|1|07,ac337441,7,0.99444282823688168,0,3,3
fixed_train,6,2,impressed|1|07,ac337441,8,0.99444282823688168,0,3,2
fixed_train,6,2,impressed|1|07,ac337441,9,0.99444282823688168,0,3,1
fixed_train,6,2,impressed|1|08,ac379999,0,0.99444282823688168,0.043015635405604824,631,616
fixed_train,6,2,impressed|1|08,ac379999,1,0.99444282823688168,0.054838525182800302,631,620
fixed_train,6,2,impressed|1|08,ac379999,2,0.99444282823688168,0.056570837406178631,631,618
fixed_train,6,2,impressed|1|08,ac379999,3,0.99444282823688168,0.062004297633984296,631,618
fixed_train,6,2,impressed|1|08,ac379999,4,0.99444282823688168,0.053119589358040731,631,619
fixed_train,6,2,impressed|1|08,ac379999,5,0.99444282823688168,0.058830037739607599,631,619
fixed_train,6,2,impressed|1|08,ac379999,6,0.99444282823688168,0.056840088930905641,631,624
fixed_train,6,2,impressed|1|08,ac379999,7,0.99444282823688168,0.053815673770850281,631,619
fixed_train,6,2,impressed|1|08,ac379999,8,0.99444282823688168,0.06229143988238639,631,622
fixed_train,6,2,impressed|1|08,ac379999,9,0.99444282823688168,0.054440386625341675,631,626
fixed_train,6,2,impressed|1|09,ac378431,0,0.99444282823688168,0.001105050874421587,10,8
fixed_train,6,2,impressed|1|09,ac378431,1,0.99444282823688168,0.0011178664565296703,10,8
fixed_train,6,2,impressed|1|09,ac378431,2,0.99444282823688168,0,10,8
fixed_train,6,2,impressed|1|09,ac378431,3,0.99444282823688168,0.001105050874421587,10,8
fixed_train,6,2,impressed|1|09,ac378431,4,0.99444282823688168,0.001105050874421587,10,10
fixed_train,6,2,impressed|1|09,ac378431,5,0.99444282823688168,0.001105050874421587,10,8
fixed_train,6,2,impressed|1|09,ac378431,6,0.99444282823688168,0.0022228687052472385,10,9
fixed_train,6,2,impressed|1|09,ac378431,7,0.99444282823688168,0,10,10
fixed_train,6,2,impressed|1|09,ac378431,8,0.99444282823688168,0,10,9
fixed_train,6,2,impressed|1|09,ac378431,9,0.99444282823688168,0,10,10
fixed_train,6,2,impressed|1|10,378490e,0,0.99444282823688168,0,2,2
fixed_train,6,2,impressed|1|10,378490e,1,0.99444282823688168,0,2,2
fixed_train,6,2,impressed|1|10,378490e,2,0.99444282823688168,0,2,2
fixed_train,6,2,impressed|1|10,378490e,3,0.99444282823688168,0,2,2
fixed_train,6,2,impressed|1|10,378490e,4,0.99444282823688168,0,2,2
fixed_train,6,2,impressed|1|10,378490e,5,0.99444282823688168,0,2,2
fixed_train,6,2,impressed|1|10,378490e,6,0.99444282823688168,0,2,2
fixed_train,6,2,impressed|1|10,378490e,7,0.99444282823688168,0,2,2
fixed_train,6,2,impressed|1|10,378490e,8,0.99444282823688168,0,2,2
fixed_train,6,2,impressed|1|10,378490e,9,0.99444282823688168,0,2,2
fixed_train,6,2,impressed|2|01,"376400, 377498a",0,0.99444282823688168,0.13368693230129036,237,235
fixed_train,6,2,impressed|2|01,"376400, 377498a",1,0.99444282823688168,0.13662694093897276,237,236
fixed_train,6,2,impressed|2|01,"376400, 377498a",2,0.99444282823688168,0.13516674510242654,237,236
fixed_train,6,2,impressed|2|01,"376400, 377498a",3,0.99444282823688168,0.12805391891037032,237,237
fixed_train,6,2,impressed|2|01,"376400, 377498a",4,0.99444282823688168,0.13662694093897276,237,236
fixed_train,6,2,impressed|2|01,"376400, 377498a",5,0.99444282823688168,0.15117897438162398,237,237
fixed_train,6,2,impressed|2|01,"376400, 377498a",6,0.99444282823688168,0.14064395340864688,237,237
fixed_train,6,2,impressed|2|01,"376400, 377498a",7,0.99444282823688168,0.12814813074439346,237,237
fixed_train,6,2,impressed|2|01,"376400, 377498a",8,0.99444282823688168,0.13309584686031328,237,236
fixed_train,6,2,impressed|2|01,"376400, 377498a",9,0.99444282823688168,0.13120043044299756,237,236
fixed_train,6,2,impressed|2|02,"376400, 378619a",0,0.99444282823688168,0.17104219135448007,262,262
fixed_train,6,2,impressed|2|02,"376400, 378619a",1,0.99444282823688168,0.16584850556671527,262,260
fixed_train,6,2,impressed|2|02,"376400, 378619a",2,0.99444282823688168,0.16098227557143774,262,262
fixed_train,6,2,impressed|2|02,"376400, 378619a",3,0.99444282823688168,0.1666976104577329,262,261
fixed_train,6,2,impressed|2|02,"376400, 378619a",4,0.99444282823688168,0.16887230206816051,262,261
fixed_train,6,2,impressed|2|02,"376400, 378619a",5,0.99444282823688168,0.16325144984959672,262,260
fixed_train,6,2,impressed|2|02,"376400, 378619a",6,0.99444282823688168,0.16228792312460494,262,262
fixed_train,6,2,impressed|2|02,"376400, 378619a",7,0.99444282823688168,0.17842536927265229,262,261
fixed_train,6,2,impressed|2|02,"376400, 378619a",8,0.99444282823688168,0.17126282233562329,262,261
fixed_train,6,2,impressed|2|02,"376400, 378619a",9,0.99444282823688168,0.16098227557143774,262,261
fixed_train,6,2,impressed|2|03,"370712b, 376400",0,0.99444282823688168,0.1183542387671509,247,247
fixed_train,6,2,impressed|2|03,"370712b, 376400",1,0.99444282823688168,0.12103569405512682,247,247
fixed_train,6,2,impressed|2|03,"370712b, 376400",2,0.99444282823688168,0.14014812269058763,247,247
fixed_train,6,2,impressed|2|03,"370712b, 376400",3,0.99444282823688168,0.15186420397253886,247,247
fixed_train,6,2,impressed|2|03,"370712b, 376400",4,0.99444282823688168,0.13362452601341268,247,245
fixed_train,6,2,impressed|2|03,"370712b, 376400",5,0.99444282823688168,0.13814478887579618,247,247
fixed_train,6,2,impressed|2|03,"370712b, 376400",6,0.99444282823688168,0.14017790547077758,247,245
fixed_train,6,2,impressed|2|03,"370712b, 376400",7,0.99444282823688168,0.14070388483190766,247,247
fixed_train,6,2,impressed|2|03,"370712b, 376400",8,0.99444282823688168,0.15031310953262245,247,247
fixed_train,6,2,impressed|2|03,"370712b, 376400",9,0.99444282823688168,0.14370900390836128,247,247
fixed_train,6,2,impressed|2|04,"370715a, 376400",0,0.99444282823688168,0.15440325841988811,245,245
fixed_train,6,2,impressed|2|04,"370715a, 376400",1,0.99444282823688168,0.13463625260982226,245,244
fixed_train,6,2,impressed|2|04,"370715a, 376400",2,0.99444282823688168,0.15129880945097895,245,245
fixed_train,6,2,impressed|2|04,"370715a, 376400",3,0.99444282823688168,0.15046554179683391,245,245
fixed_train,6,2,impressed|2|04,"370715a, 376400",4,0.99444282823688168,0.12962934459650299,245,243
fixed_train,6,2,impressed|2|04,"370715a, 376400",5,0.99444282823688168,0.15065424782975989,245,245
fixed_train,6,2,impressed|2|04,"370715a, 376400",6,0.99444282823688168,0.15342223757930118,245,245
fixed_train,6,2,impressed|2|04,"370715a, 376400",7,0.99444282823688168,0.13712969425463606,245,245
fixed_train,6,2,impressed|2|04,"370715a, 376400",8,0.99444282823688168,0.1462389390892338,245,244
fixed_train,6,2,impressed|2|04,"370715a, 376400",9,0.99444282823688168,0.13813777481025624,245,245
fixed_train,6,2,impressed|2|05,"378619a, ac379999",0,0.99444282823688168,0.057549957696670373,331,329
fixed_train,6,2,impressed|2|05,"378619a, ac379999",1,0.99444282823688168,0.069909028246087468,331,330
fixed_train,6,2,impressed|2|05,"378619a, ac379999",2,0.99444282823688168,0.062139567111927585,331,330
fixed_train,6,2,impressed|2|05,"378619a, ac379999",3,0.99444282823688168,0.063367683232096073,331,329
fixed_train,6,2,impressed|2|05,"378619a, ac379999",4,0.99444282823688168,0.06289244443010511,331,329
fixed_train,6,2,impressed|2|05,"378619a, ac379999",5,0.99444282823688168,0.075350271315376416,331,330
fixed_train,6,2,impressed|2|05,"378619a, ac379999",6,0.99444282823688168,0.060761610063153615,331,331
fixed_train,6,2,impressed|2|05,"378619a, ac379999",7,0.99444282823688168,0.061828037138111913,331,328
fixed_train,6,2,impressed|2|05,"378619a, ac379999",8,0.99444282823688168,0.059251798103238662,331,330
fixed_train,6,2,impressed|2|05,"378619a, ac379999",9,0.99444282823688168,0.073799938547891686,331,330
fixed_train,6,2,impressed|2|06,"378619a, ac419100",0,0.99444282823688168,0.059543792768578574,311,310
fixed_train,6,2,impressed|2|06,"378619a, ac419100",1,0.99444282823688168,0.058772692899081824,311,310
fixed_train,6,2,impressed|2|06,"378619a, ac419100",2,0.99444282823688168,0.063696728857547402,311,310
fixed_train,6,2,impressed|2|06,"378619a, ac419100",3,0.99444282823688168,0.047410394409647005,311,311
fixed_train,6,2,impressed|2|06,"378619a, ac419100",4,0.99444282823688168,0.054177702566067465,311,310
fixed_train,6,2,impressed|2|06,"378619a, ac419100",5,0.99444282823688168,0.061070188065589059,311,311
fixed_train,6,2,impressed|2|06,"378619a, ac419100",6,0.99444282823688168,0.065641890413440818,311,310
fixed_train,6,2,impressed|2|06,"378619a, ac419100",7,0.99444282823688168,0.052824684422205781,311,310
fixed_train,6,2,impressed|2|06,"378619a, ac419100",8,0.99444282823688168,0.059998701972063806,311,310
fixed_train,6,2,impressed|2|06,"378619a, ac419100",9,0.99444282823688168,0.066534979919804615,311,310
fixed_train,6,2,impressed|2|07,"370401c, ac370000",0,0.99444282823688168,0.085320697404262624,496,496
fixed_train,6,2,impressed|2|07,"370401c, ac370000",1,0.99444282823688168,0.091324858053214109,496,496
fixed_train,6,2,impressed|2|07,"370401c, ac370000",2,0.99444282823688168,0.096179925082470308,496,496
fixed_train,6,2,impressed|2|07,"370401c, ac370000",3,0.99444282823688168,0.098619897770220843,496,494
fixed_train,6,2,impressed|2|07,"370401c, ac370000",4,0.99444282823688168,0.087893363311953743,496,495
fixed_train,6,2,impressed|2|07,"370401c, ac370000",5,0.99444282823688168,0.083616824263441192,496,495
fixed_train,6,2,impressed|2|07,"370401c, ac370000",6,0.99444282823688168,0.088734566974658868,496,494
fixed_train,6,2,impressed|2|07,"370401c, ac370000",7,0.99444282823688168,0.071131798567914406,496,495
fixed_train,6,2,impressed|2|07,"370401c, ac370000",8,0.99444282823688168,0.086870511854762023,496,495
fixed_train,6,2,impressed|2|07,"370401c, ac370000",9,0.99444282823688168,0.078671097221283515,496,494
fixed_train,6,2,impressed|2|08,"ac370000, ac370403",0,0.99444282823688168,0.078292083878850338,508,505
fixed_train,6,2,impressed|2|08,"ac370000, ac370403",1,0.99444282823688168,0.088914748209893202,508,506
fixed_train,6,2,impressed|2|08,"ac370000, ac370403",2,0.99444282823688168,0.081559207159200398,508,508
fixed_train,6,2,impressed|2|08,"ac370000, ac370403",3,0.99444282823688168,0.097018700053839391,508,507
fixed_train,6,2,impressed|2|08,"ac370000, ac370403",4,0.99444282823688168,0.075516591513404729,508,505
fixed_train,6,2,impressed|2|08,"ac370000, ac370403",5,0.99444282823688168,0.094144399039206128,508,508
fixed_train,6,2,impressed|2|08,"ac370000, ac370403",6,0.99444282823688168,0.078292083878850338,508,507
fixed_train,6,2,impressed|2|08,"ac370000, ac370403",7,0.99444282823688168,0.074474552401760929,508,506
fixed_train,6,2,impressed|2|08,"ac370000, ac370403",8,0.99444282823688168,0.082246142094151042,508,508
fixed_train,6,2,impressed|2|08,"ac370000, ac370403",9,0.99444282823688168,0.084265786472709769,508,508
fixed_train,6,2,impressed|2|09,"376400, ac379999",0,0.99444282823688168,0.14070388483190766,266,264
fixed_train,6,2,impressed|2|09,"376400, ac379999",1,0.99444282823688168,0.16034860049188793,266,266
fixed_train,6,2,impressed|2|09,"376400, ac379999",2,0.99444282823688168,0.15520423546072493,266,266
fixed_train,6,2,impressed|2|09,"376400, ac379999",3,0.99444282823688168,0.1421805567685388,266,266
fixed_train,6,2,impressed|2|09,"376400, ac379999",4,0.99444282823688168,0.13712969425463606,266,265
fixed_train,6,2,impressed|2|09,"376400, ac379999",5,0.99444282823688168,0.13362452601341268,266,265
fixed_train,6,2,impressed|2|09,"376400, ac379999",6,0.99444282823688168,0.14777863341399256,266,265
fixed_train,6,2,impressed|2|09,"376400, ac379999",7,0.99444282823688168,0.15655944780125775,266,266
fixed_train,6,2,impressed|2|09,"376400, ac379999",8,0.99444282823688168,0.1596797978914235,266,264
fixed_train,6,2,impressed|2|09,"376400, ac379999",9,0.99444282823688168,0.14479399219692701,266,265
fixed_train,6,2,impressed|2|10,"ac379999, ac419100",0,0.99444282823688168,0.056570837406178631,587,585
fixed_train,6,2,impressed|2|10,"ac379999, ac419100",1,0.99444282823688168,0.057369208913126801,587,585
fixed_train,6,2,impressed|2|10,"ac379999, ac419100",2,0.99444282823688168,0.05776819910601938,587,587
fixed_train,6,2,impressed|2|10,"ac379999, ac419100",3,0.99444282823688168,0.051229969588163837,587,586
fixed_train,6,2,impressed|2|10,"ac379999, ac419100",4,0.99444282823688168,0.061828037138111913,587,586
fixed_train,6,2,impressed|2|10,"ac379999, ac419100",5,0.99444282823688168,0.063202478575721588,587,582
fixed_train,6,2,impressed|2|10,"ac379999, ac419100",6,0.99444282823688168,0.053119589358040731,587,583
fixed_train,6,2,impressed|2|10,"ac379999, ac419100",7,0.99444282823688168,0.074300713795642404,587,585
fixed_train,6,2,impressed|2|10,"ac379999, ac419100",8,0.99444282823688168,0.06137807152683461,587,580
fixed_train,6,2,impressed|2|10,"ac379999, ac419100",9,0.99444282823688168,0.071173977395320387,587,585
fixed_train,6,2,impressed|3|01,"376400, 377498a, 378619a",0,0.99444282823688168,0.13358926318487097,233,233
fixed_train,6,2,impressed|3|01,"376400, 377498a, 378619a",1,0.99444282823688168,0.15558104060207834,233,233
fixed_train,6,2,impressed|3|01,"376400, 377498a, 378619a",2,0.99444282823688168,0.14890039490845253,233,233
fixed_train,6,2,impressed|3|01,"376400, 377498a, 378619a",3,0.99444282823688168,0.15361737698887568,233,233
fixed_train,6,2,impressed|3|01,"376400, 377498a, 378619a",4,0.99444282823688168,0.15520423546072493,233,233
fixed_train,6,2,impressed|3|01,"376400, 377498a, 378619a",5,0.99444282823688168,0.16421864784298368,233,233
fixed_train,6,2,impressed|3|01,"376400, 377498a, 378619a",6,0.99444282823688168,0.14317970276019931,233,233
fixed_train,6,2,impressed|3|01,"376400, 377498a, 378619a",7,0.99444282823688168,0.14170798618314162,233,233
fixed_train,6,2,impressed|3|01,"376400, 377498a, 378619a",8,0.99444282823688168,0.1371490177582807,233,233
fixed_train,6,2,impressed|3|01,"376400, 377498a, 378619a",9,0.99444282823688168,0.14435027939614598,233,233
fixed_train,6,2,impressed|3|02,"376400, 377498a, ac372417",0,0.99444282823688168,0.14164249313566157,235,235
fixed_train,6,2,impressed|3|02,"376400, 377498a, ac372417",1,0.99444282823688168,0.14065873878522783,235,235
fixed_train,6,2,impressed|3|02,"376400, 377498a, ac372417",2,0.99444282823688168,0.12871392858470443,235,235
fixed_train,6,2,impressed|3|02,"376400, 377498a, ac372417",3,0.99444282823688168,0.12023612996605815,235,235
fixed_train,6,2,impressed|3|02,"376400, 377498a, ac372417",4,0.99444282823688168,0.14920960577986575,235,235
fixed_train,6,2,impressed|3|02,"376400, 377498a, ac372417",5,0.99444282823688168,0.14014812269058763,235,235
fixed_train,6,2,impressed|3|02,"376400, 377498a, ac372417",6,0.99444282823688168,0.14214256033040495,235,235
fixed_train,6,2,impressed|3|02,"376400, 377498a, ac372417",7,0.99444282823688168,0.13564562434294547,235,235
fixed_train,6,2,impressed|3|02,"376400, 377498a, ac372417",8,0.99444282823688168,0.13120043044299756,235,235
fixed_train,6,2,impressed|3|02,"376400, 377498a, ac372417",9,0.99444282823688168,0.14524415729536266,235,235
fixed_train,6,2,impressed|3|03,"376400, 377498a, ac379999",0,0.99444282823688168,0.13613230435172852,236,236
fixed_train,6,2,impressed|3|03,"376400, 377498a, ac379999",1,0.99444282823688168,0.13914758356110613,236,236
fixed_train,6,2,impressed|3|03,"376400, 377498a, ac379999",2,0.99444282823688168,0.12535738914190686,236,236
fixed_train,6,2,impressed|3|03,"376400, 377498a, ac379999",3,0.99444282823688168,0.14164249313566157,236,236
fixed_train,6,2,impressed|3|03,"376400, 377498a, ac379999",4,0.99444282823688168,0.13813777481025624,236,236
fixed_train,6,2,impressed|3|03,"376400, 377498a, ac379999",5,0.99444282823688168,0.13813777481025624,236,236
fixed_train,6,2,impressed|3|03,"376400, 377498a, ac379999",6,0.99444282823688168,0.14064395340864688,236,236
fixed_train,6,2,impressed|3|03,"376400, 377498a, ac379999",7,0.99444282823688168,0.14014682497943076,236,236
fixed_train,6,2,impressed|3|03,"376400, 377498a, ac379999",8,0.99444282823688168,0.13813777481025624,236,236
fixed_train,6,2,impressed|3|03,"376400, 377498a, ac379999",9,0.99444282823688168,0.14317970276019931,236,236
fixed_train,6,2,impressed|3|04,"376400, 378619a, ac379999",0,0.99444282823688168,0.16488411189629104,262,262
fixed_train,6,2,impressed|3|04,"376400, 378619a, ac379999",1,0.99444282823688168,0.16105324922773734,262,262
fixed_train,6,2,impressed|3|04,"376400, 378619a, ac379999",2,0.99444282823688168,0.17294452652011372,262,262
fixed_train,6,2,impressed|3|04,"376400, 378619a, ac379999",3,0.99444282823688168,0.17221691051687993,262,261
fixed_train,6,2,impressed|3|04,"376400, 378619a, ac379999",4,0.99444282823688168,0.16887230206816051,262,262
fixed_train,6,2,impressed|3|04,"376400, 378619a, ac379999",5,0.99444282823688168,0.17579704725785539,262,262
fixed_train,6,2,impressed|3|04,"376400, 378619a, ac379999",6,0.99444282823688168,0.16791208121346524,262,262
fixed_train,6,2,impressed|3|04,"376400, 378619a, ac379999",7,0.99444282823688168,0.16817340431890482,262,262
fixed_train,6,2,impressed|3|04,"376400, 378619a, ac379999",8,0.99444282823688168,0.16624930246167524,262,262
fixed_train,6,2,impressed|3|04,"376400, 378619a, ac379999",9,0.99444282823688168,0.16777056425103454,262,262
fixed_train,6,2,impressed|3|05,"376400, 377498a, ac370606",0,0.99444282823688168,0.13175764566558212,212,212
fixed_train,6,2,impressed|3|05,"376400, 377498a, ac370606",1,0.99444282823688168,0.12391116198114305,212,212
fixed_train,6,2,impressed|3|05,"376400, 377498a, ac370606",2,0.99444282823688168,0.12331069518836169,212,212
fixed_train,6,2,impressed|3|05,"376400, 377498a, ac370606",3,0.99444282823688168,0.11754647236178639,212,212
fixed_train,6,2,impressed|3|05,"376400, 377498a, ac370606",4,0.99444282823688168,0.12288730308709506,212,211
fixed_train,6,2,impressed|3|05,"376400, 377498a, ac370606",5,0.99444282823688168,0.11691280053815511,212,212
fixed_train,6,2,impressed|3|05,"376400, 377498a, ac370606",6,0.99444282823688168,0.12308303448835767,212,212
fixed_train,6,2,impressed|3|05,"376400, 377498a, ac370606",7,0.99444282823688168,0.12493269100928051,212,212
fixed_train,6,2,impressed|3|05,"376400, 377498a, ac370606",8,0.99444282823688168,0.11857758015574327,212,212
fixed_train,6,2,impressed|3|05,"376400, 377498a, ac370606",9,0.99444282823688168,0.11638198624258878,212,212
fixed_train,6,2,impressed|3|06,"378619a, ac379999, ac419100",0,0.99444282823688168,0.06476637394474849,311,311
fixed_train,6,2,impressed|3|06,"378619a, ac379999, ac419100",1,0.99444282823688168,0.062298908068035064,311,311
fixed_train,6,2,impressed|3|06,"378619a, ac379999, ac419100",2,0.99444282823688168,0.077348583985557773,311,311
fixed_train,6,2,impressed|3|06,"378619a, ac379999, ac419100",3,0.99444282823688168,0.069737406049427464,311,311
fixed_train,6,2,impressed|3|06,"378619a, ac379999, ac419100",4,0.99444282823688168,0.065665178398603308,311,311
fixed_train,6,2,impressed|3|06,"378619a, ac379999, ac419100",5,0.99444282823688168,0.070807256945063624,311,311
fixed_train,6,2,impressed|3|06,"378619a, ac379999, ac419100",6,0.99444282823688168,0.06549899952061955,311,311
fixed_train,6,2,impressed|3|06,"378619a, ac379999, ac419100",7,0.99444282823688168,0.06476637394474849,311,310
fixed_train,6,2,impressed|3|06,"378619a, ac379999, ac419100",8,0.99444282823688168,0.082164435689724868,311,311
fixed_train,6,2,impressed|3|06,"378619a, ac379999, ac419100",9,0.99444282823688168,0.073315000369638117,311,310
fixed_train,6,2,impressed|3|07,"378619a, 387042a, ac379999",0,0.99444282823688168,0.027201233071601938,119,119
fixed_train,6,2,impressed|3|07,"378619a, 387042a, ac379999",1,0.99444282823688168,0.021524410292801166,119,119
fixed_train,6,2,impressed|3|07,"378619a, 387042a, ac379999",2,0.99444282823688168,0.025074210759402527,119,118
fixed_train,6,2,impressed|3|07,"378619a, 387042a, ac379999",3,0.99444282823688168,0.029460433405030906,119,119
fixed_train,6,2,impressed|3|07,"378619a, 387042a, ac379999",4,0.99444282823688168,0.026038007302121247,119,119
fixed_train,6,2,impressed|3|07,"378619a, 387042a, ac379999",5,0.99444282823688168,0.029535739747112988,119,119
fixed_train,6,2,impressed|3|07,"378619a, 387042a, ac379999",6,0.99444282823688168,0.030551604311441105,119,119
fixed_train,6,2,impressed|3|07,"378619a, 387042a, ac379999",7,0.99444282823688168,0.029386257097603563,119,119
fixed_train,6,2,impressed|3|07,"378619a, 387042a, ac379999",8,0.99444282823688168,0.02262301280197998,119,119
fixed_train,6,2,impressed|3|07,"378619a, 387042a, ac379999",9,0.99444282823688168,0.022506053477573618,119,119
fixed_train,6,2,impressed|3|08,"376400, 378619a, ac411100",0,0.99444282823688168,0.035606210060084909,68,68
fixed_train,6,2,impressed|3|08,"376400, 378619a, ac411100",1,0.99444282823688168,0.035701250272600515,68,68
fixed_train,6,2,impressed|3|08,"376400, 378619a, ac411100",2,0.99444282823688168,0.04159705320429341,68,68
fixed_train,6,2,impressed|3|08,"376400, 378619a, ac411100",3,0.99444282823688168,0.038095236400517596,68,68
fixed_train,6,2,impressed|3|08,"376400, 378619a, ac411100",4,0.99444282823688168,0.036896715328012197,68,68
fixed_train,6,2,impressed|3|08,"376400, 378619a, ac411100",5,0.99444282823688168,0.036896715328012197,68,68
fixed_train,6,2,impressed|3|08,"376400, 378619a, ac411100",6,0.99444282823688168,0.03679829252819522,68,68
fixed_train,6,2,impressed|3|08,"376400, 378619a, ac411100",7,0.99444282823688168,0.036605861953843744,68,68
fixed_train,6,2,impressed|3|08,"376400, 378619a, ac411100",8,0.99444282823688168,0.035701250272600515,68,68
fixed_train,6,2,impressed|3|08,"376400, 378619a, ac411100",9,0.99444282823688168,0.040285519387680213,68,68
fixed_train,6,2,impressed|3|09,"387042a, ac410100, ac419100",0,0.99444282823688168,0.014586843513640368,121,121
fixed_train,6,2,impressed|3|09,"387042a, ac410100, ac419100",1,0.99444282823688168,0.013448659515727934,121,119
fixed_train,6,2,impressed|3|09,"387042a, ac410100, ac419100",2,0.99444282823688168,0.012348619594000465,121,120
fixed_train,6,2,impressed|3|09,"387042a, ac410100, ac419100",3,0.99444282823688168,0.016780361293886492,121,120
fixed_train,6,2,impressed|3|09,"387042a, ac410100, ac419100",4,0.99444282823688168,0.015684639666180278,121,120
fixed_train,6,2,impressed|3|09,"387042a, ac410100, ac419100",5,0.99444282823688168,0.011146626481076893,121,121
fixed_train,6,2,impressed|3|09,"387042a, ac410100, ac419100",6,0.99444282823688168,0.010048277541529593,121,121
fixed_train,6,2,impressed|3|09,"387042a, ac410100, ac419100",7,0.99444282823688168,0.014586843513640368,121,120
fixed_train,6,2,impressed|3|09,"387042a, ac410100, ac419100",8,0.99444282823688168,0.013410945971071953,121,121
fixed_train,6,2,impressed|3|09,"387042a, ac410100, ac419100",9,0.99444282823688168,0.015684639666180278,121,121
fixed_train,6,2,impressed|3|10,"378619a, ac370000, ac379999",0,0.99444282823688168,0.079855972335702519,331,331
fixed_train,6,2,impressed|3|10,"378619a, ac370000, ac379999",1,0.99444282823688168,0.076100144643863055,331,331
fixed_train,6,2,impressed|3|10,"378619a, ac370000, ac379999",2,0.99444282823688168,0.087382418895843084,331,331
fixed_train,6,2,impressed|3|10,"378619a, ac370000, ac379999",3,0.99444282823688168,0.0720190599225351,331,331
fixed_train,6,2,impressed|3|10,"378619a, ac370000, ac379999",4,0.99444282823688168,0.061828037138111913,331,330
fixed_train,6,2,impressed|3|10,"378619a, ac370000, ac379999",5,0.99444282823688168,0.071140560872503422,331,331
fixed_train,6,2,impressed|3|10,"378619a, ac370000, ac379999",6,0.99444282823688168,0.077629354218995972,331,330
fixed_train,6,2,impressed|3|10,"378619a, ac370000, ac379999",7,0.99444282823688168,0.079251806865859087,331,331
fixed_train,6,2,impressed|3|10,"378619a, ac370000, ac379999",8,0.99444282823688168,0.084045139730660412,331,331
fixed_train,6,2,impressed|3|10,"378619a, ac370000, ac379999",9,0.99444282823688168,0.079251806865859087,331,331
fixed_test,6,3,apriori|1|01,ac419100,0,0.9219079346896244,0.022503880951243116,213,190
fixed_test,6,3,apriori|1|01,ac419100,1,0.9219079346896244,0.018374603602441142,213,189
fixed_test,6,3,apriori|1|01,ac419100,2,0.9219079346896244,0.017501258581921197,213,187
fixed_test,6,3,apriori|1|01,ac419100,3,0.9219079346896244,0.032677695901863424,213,187
fixed_test,6,3,apriori|1|01,ac419100,4,0.9219079346896244,0.012551772062973088,213,188
fixed_test,6,3,apriori|1|01,ac419100,5,0.9219079346896244,0.027561905403661657,213,195
fixed_test,6,3,apriori|1|01,ac419100,6,0.9219079346896244,0.021616155800307957,213,190
fixed_test,6,3,apriori|1|01,ac419100,7,0.9219079346896244,0.0076532475677490996,213,190
fixed_test,6,3,apriori|1|01,ac419100,8,0.9219079346896244,0.01179200580165185,213,187
fixed_test,6,3,apriori|1|01,ac419100,9,0.9219079346896244,0.035709510751882445,213,188
fixed_test,6,3,apriori|1|02,ac370000,0,0.9219079346896244,0.062389066875591537,161,161
fixed_test,6,3,apriori|1|02,ac370000,1,0.9219079346896244,0.06637339286832844,161,160
fixed_test,6,3,apriori|1|02,ac370000,2,0.9219079346896244,0.077867886589191193,161,161
fixed_test,6,3,apriori|1|02,ac370000,3,0.9219079346896244,0.083748642654226102,161,161
fixed_test,6,3,apriori|1|02,ac370000,4,0.9219079346896244,0.056051264658404376,161,161
fixed_test,6,3,apriori|1|02,ac370000,5,0.9219079346896244,0.064731742741146681,161,160
fixed_test,6,3,apriori|1|02,ac370000,6,0.9219079346896244,0.095797436501006028,161,161
fixed_test,6,3,apriori|1|02,ac370000,7,0.9219079346896244,0.079852221125918499,161,159
fixed_test,6,3,apriori|1|02,ac370000,8,0.9219079346896244,0.097362880576637001,161,159
fixed_test,6,3,apriori|1|02,ac370000,9,0.9219079346896244,0.089723739028186866,161,161
fixed_test,6,3,apriori|1|03,ac379999,0,0.9219079346896244,0.027561905403661657,157,154
fixed_test,6,3,apriori|1|03,ac379999,1,0.9219079346896244,0.0049852555988038061,157,152
fixed_test,6,3,apriori|1|03,ac379999,2,0.9219079346896244,0.013358794927459616,157,155
fixed_test,6,3,apriori|1|03,ac379999,3,0.9219079346896244,0.021616155800307957,157,154
fixed_test,6,3,apriori|1|03,ac379999,4,0.9219079346896244,0.012551772062973088,157,152
fixed_test,6,3,apriori|1|03,ac379999,5,0.9219079346896244,0.039744923274977806,157,153
fixed_test,6,3,apriori|1|03,ac379999,6,0.9219079346896244,0.021616155800307957,157,152
fixed_test,6,3,apriori|1|03,ac379999,7,0.9219079346896244,0.018374603602441142,157,156
fixed_test,6,3,apriori|1|03,ac379999,8,0.9219079346896244,0.021616155800307957,157,155
fixed_test,6,3,apriori|1|03,ac379999,9,0.9219079346896244,0.013358794927459616,157,155
fixed_test,6,3,apriori|1|04,370407,0,0.9219079346896244,0.036749207204882506,138,137
fixed_test,6,3,apriori|1|04,370407,1,0.9219079346896244,0.020288234459697629,138,136
fixed_test,6,3,apriori|1|04,370407,2,0.9219079346896244,0.029657786818752196,138,135
fixed_test,6,3,apriori|1|04,370407,3,0.9219079346896244,0.017501258581921197,138,135
fixed_test,6,3,apriori|1|04,370407,4,0.9219079346896244,0.013358794927459616,138,131
fixed_test,6,3,apriori|1|04,370407,5,0.9219079346896244,0,138,132
fixed_test,6,3,apriori|1|04,370407,6,0.9219079346896244,0.0049852555988038061,138,137
fixed_test,6,3,apriori|1|04,370407,7,0.9219079346896244,0.026605384666901766,138,136
fixed_test,6,3,apriori|1|04,370407,8,0.9219079346896244,0.029657786818752196,138,136
fixed_test,6,3,apriori|1|04,370407,9,0.9219079346896244,0.023446882467510144,138,137
fixed_test,6,3,apriori|1|05,ac370419,0,0.9219079346896244,0.029657786818752196,135,131
fixed_test,6,3,apriori|1|05,ac370419,1,0.9219079346896244,0.032677695901863424,135,131
fixed_test,6,3,apriori|1|05,ac370419,2,0.9219079346896244,0.014216069033156975,135,131
fixed_test,6,3,apriori|1|05,ac370419,3,0.9219079346896244,0.052414447869493452,135,134
fixed_test,6,3,apriori|1|05,ac370419,4,0.9219079346896244,0.028578057017234926,135,135
fixed_test,6,3,apriori|1|05,ac370419,5,0.9219079346896244,0.039027339177806764,135,132
fixed_test,6,3,apriori|1|05,ac370419,6,0.9219079346896244,0.028578057017234926,135,131
fixed_test,6,3,apriori|1|05,ac370419,7,0.9219079346896244,0.043092554070931155,135,130
fixed_test,6,3,apriori|1|05,ac370419,8,0.9219079346896244,0.027561905403661657,135,133
fixed_test,6,3,apriori|1|05,ac370419,9,0.9219079346896244,0.028578057017234926,135,132
fixed_test,6,3,apriori|1|06,ac410100,0,0.9219079346896244,0.026605384666901766,130,124
fixed_test,6,3,apriori|1|06,ac410100,1,0.9219079346896244,0.0083971324969405181,130,126
fixed_test,6,3,apriori|1|06,ac410100,2,0.9219079346896244,0.020780412912854485,130,125
fixed_test,6,3,apriori|1|06,ac410100,3,0.9219079346896244,0.016679069975972571,130,126
fixed_test,6,3,apriori|1|06,ac410100,4,0.9219079346896244,0.017501258581921197,130,125
fixed_test,6,3,apriori|1|06,ac410100,5,0.9219079346896244,0.0091873018012205154,130,126
fixed_test,6,3,apriori|1|06,ac410100,6,0.9219079346896244,-0.00070699358804016121,130,125
fixed_test,6,3,apriori|1|06,ac410100,7,0.9219079346896244,0.0076532475677490996,130,124
fixed_test,6,3,apriori|1|06,ac410100,8,0.9219079346896244,0.0034873883256382188,130,127
fixed_test,6,3,apriori|1|06,ac410100,9,0.9219079346896244,0.019302394206138551,130,125
fixed_test,6,3,apriori|1|07,ac370443,0,0.9219079346896244,0.025513488107605564,132,125
fixed_test,6,3,apriori|1|07,ac370443,1,0.9219079346896244,0.01512687267524504,132,129
fixed_test,6,3,apriori|1|07,ac370443,2,0.9219079346896244,0.019302394206138551,132,129
fixed_test,6,3,apriori|1|07,ac370443,3,0.9219079346896244,0.029657786818752196,132,127
fixed_test,6,3,apriori|1|07,ac370443,4,0.9219079346896244,0.032677695901863424,132,127
fixed_test,6,3,apriori|1|07,ac370443,5,0.9219079346896244,0.024448766473807226,132,128
fixed_test,6,3,apriori|1|07,ac370443,6,0.9219079346896244,0.014216069033156975,132,129
fixed_test,6,3,apriori|1|07,ac370443,7,0.9219079346896244,0.027561905403661657,132,127
fixed_test,6,3,apriori|1|07,ac370443,8,0.9219079346896244,0.037480301232587609,132,129
fixed_test,6,3,apriori|1|07,ac370443,9,0.9219079346896244,0.028578057017234926,132,125
fixed_test,6,3,apriori|1|08,ac370442,0,0.9219079346896244,0.030805428398541723,131,128
fixed_test,6,3,apriori|1|08,ac370442,1,0.9219079346896244,-0.0049313771201074941,131,130
fixed_test,6,3,apriori|1|08,ac370442,2,0.9219079346896244,0.028578057017234926,131,130
fixed_test,6,3,apriori|1|08,ac370442,3,0.9219079346896244,0.01512687267524504,131,128
fixed_test,6,3,apriori|1|08,ac370442,4,0.9219079346896244,0.045688568334277035,131,126
fixed_test,6,3,apriori|1|08,ac370442,5,0.9219079346896244,0.018374603602441142,131,125
fixed_test,6,3,apriori|1|08,ac370442,6,0.9219079346896244,0.061736341668055528,131,130
fixed_test,6,3,apriori|1|08,ac370442,7,0.9219079346896244,0.039027339177806764,131,126
fixed_test,6,3,apriori|1|08,ac370442,8,0.9219079346896244,0.039027339177806764,131,127
fixed_test,6,3,apriori|1|08,ac370442,9,0.9219079346896244,0.014216069033156975,131,126
fixed_test,6,3,apriori|1|09,370712b,0,0.9219079346896244,0.013358794927459616,126,120
fixed_test,6,3,apriori|1|09,370712b,1,0.9219079346896244,0.023446882467510144,126,124
fixed_test,6,3,apriori|1|09,370712b,2,0.9219079346896244,0.020288234459697629,126,120
fixed_test,6,3,apriori|1|09,370712b,3,0.9219079346896244,0.014216069033156975,126,119
fixed_test,6,3,apriori|1|09,370712b,4,0.9219079346896244,0.026605384666901766,126,123
fixed_test,6,3,apriori|1|09,370712b,5,0.9219079346896244,0.019302394206138551,126,121
fixed_test,6,3,apriori|1|09,370712b,6,0.9219079346896244,0.014216069033156975,126,119
fixed_test,6,3,apriori|1|09,370712b,7,0.9219079346896244,0.028578057017234926,126,124
fixed_test,6,3,apriori|1|09,370712b,8,0.9219079346896244,0.0083971324969405181,126,124
fixed_test,6,3,apriori|1|09,370712b,9,0.9219079346896244,0.023446882467510144,126,123
fixed_test,6,3,apriori|1|10,ac411100,0,0.9219079346896244,0.010918682100643062,126,119
fixed_test,6,3,apriori|1|10,ac411100,1,0.9219079346896244,0.00075106858394535791,126,116
fixed_test,6,3,apriori|1|10,ac411100,2,0.9219079346896244,0.027561905403661657,126,114
fixed_test,6,3,apriori|1|10,ac411100,3,0.9219079346896244,-0.0035169149218789997,126,115
fixed_test,6,3,apriori|1|10,ac411100,4,0.9219079346896244,0.010026731395041732,126,117
fixed_test,6,3,apriori|1|10,ac411100,5,0.9219079346896244,0.018374603602441142,126,113
fixed_test,6,3,apriori|1|10,ac411100,6,0.9219079346896244,0.013358794927459616,126,116
fixed_test,6,3,apriori|1|10,ac411100,7,0.9219079346896244,-0.0049313771201074941,126,110
fixed_test,6,3,apriori|1|10,ac411100,8,0.9219079346896244,0.0058049788766831867,126,115
fixed_test,6,3,apriori|1|10,ac411100,9,0.9219079346896244,0.027561905403661657,126,120
fixed_test,6,3,apriori|2|01,"ac370000, ac379999",0,0.9219079346896244,0.055210155537711803,157,157
fixed_test,6,3,apriori|2|01,"ac370000, ac379999",1,0.9219079346896244,0.055210155537711803,157,157
fixed_test,6,3,apriori|2|01,"ac370000, ac379999",2,0.9219079346896244,0.030805428398541723,157,157
fixed_test,6,3,apriori|2|01,"ac370000, ac379999",3,0.9219079346896244,0.031648966975026727,157,157
fixed_test,6,3,apriori|2|01,"ac370000, ac379999",4,0.9219079346896244,0.040274775677577979,157,156
fixed_test,6,3,apriori|2|01,"ac370000, ac379999",5,0.9219079346896244,0.047111331777834553,157,156
fixed_test,6,3,apriori|2|01,"ac370000, ac379999",6,0.9219079346896244,0.056405045450524716,157,157
fixed_test,6,3,apriori|2|01,"ac370000, ac379999",7,0.9219079346896244,0.057873690749647544,157,157
fixed_test,6,3,apriori|2|01,"ac370000, ac379999",8,0.9219079346896244,0.067135996254970576,157,155
fixed_test,6,3,apriori|2|01,"ac370000, ac379999",9,0.9219079346896244,0.066938074486982413,157,157
fixed_test,6,3,apriori|2|02,"ac370000, ac419100",0,0.9219079346896244,0.044350861456329493,149,149
fixed_test,6,3,apriori|2|02,"ac370000, ac419100",1,0.9219079346896244,0.048809307012312564,149,148
fixed_test,6,3,apriori|2|02,"ac370000, ac419100",2,0.9219079346896244,0.041908509336216704,149,149
fixed_test,6,3,apriori|2|02,"ac370000, ac419100",3,0.9219079346896244,0.067135996254970576,149,149
fixed_test,6,3,apriori|2|02,"ac370000, ac419100",4,0.9219079346896244,0.026605384666901766,149,149
fixed_test,6,3,apriori|2|02,"ac370000, ac419100",5,0.9219079346896244,0.031648966975026727,149,149
fixed_test,6,3,apriori|2|02,"ac370000, ac419100",6,0.9219079346896244,0.052782359608867235,149,149
fixed_test,6,3,apriori|2|02,"ac370000, ac419100",7,0.9219079346896244,0.049939139022593726,149,148
fixed_test,6,3,apriori|2|02,"ac370000, ac419100",8,0.9219079346896244,0.047129382639428119,149,149
fixed_test,6,3,apriori|2|02,"ac370000, ac419100",9,0.9219079346896244,0.042761343589281076,149,148
fixed_test,6,3,apriori|2|03,"ac379999, ac419100",0,0.9219079346896244,0.018374603602441142,147,147
fixed_test,6,3,apriori|2|03,"ac379999, ac419100",1,0.9219079346896244,0.042761343589281076,147,146
fixed_test,6,3,apriori|2|03,"ac379999, ac419100",2,0.9219079346896244,0.027561905403661657,147,147
fixed_test,6,3,apriori|2|03,"ac379999, ac419100",3,0.9219079346896244,0.030680539537642937,147,147
fixed_test,6,3,apriori|2|03,"ac379999, ac419100",4,0.9219079346896244,0.035709510751882445,147,147
fixed_test,6,3,apriori|2|03,"ac379999, ac419100",5,0.9219079346896244,0.040794052998810337,147,146
fixed_test,6,3,apriori|2|03,"ac379999, ac419100",6,0.9219079346896244,0.032941805095711985,147,147
fixed_test,6,3,apriori|2|03,"ac379999, ac419100",7,0.9219079346896244,0.041908509336216704,147,147
fixed_test,6,3,apriori|2|03,"ac379999, ac419100",8,0.9219079346896244,0.025704892384196376,147,145
fixed_test,6,3,apriori|2|03,"ac379999, ac419100",9,0.9219079346896244,0.025704892384196376,147,146
fixed_test,6,3,apriori|2|04,"370407, ac370000",0,0.9219079346896244,0.051176673409022655,138,138
fixed_test,6,3,apriori|2|04,"370407, ac370000",1,0.9219079346896244,0.045688568334277035,138,138
fixed_test,6,3,apriori|2|04,"370407, ac370000",2,0.9219079346896244,0.019302394206138551,138,138
fixed_test,6,3,apriori|2|04,"370407, ac370000",3,0.9219079346896244,0.033770660272369302,138,138
fixed_test,6,3,apriori|2|04,"370407, ac370000",4,0.9219079346896244,0.041601211281659722,138,136
fixed_test,6,3,apriori|2|04,"370407, ac370000",5,0.9219079346896244,0.078831763073629824,138,138
fixed_test,6,3,apriori|2|04,"370407, ac370000",6,0.9219079346896244,0.069980703223650131,138,137
fixed_test,6,3,apriori|2|04,"370407, ac370000",7,0.9219079346896244,0.045688568334277035,138,138
fixed_test,6,3,apriori|2|04,"370407, ac370000",8,0.9219079346896244,0.060370136204923264,138,138
fixed_test,6,3,apriori|2|04,"370407, ac370000",9,0.9219079346896244,0.07990305979111112,138,138
fixed_test,6,3,apriori|2|05,"370407, ac379999",0,0.9219079346896244,0.010026731395041732,134,134
fixed_test,6,3,apriori|2|05,"370407, ac379999",1,0.9219079346896244,0.014216069033156975,134,134
fixed_test,6,3,apriori|2|05,"370407, ac379999",2,0.9219079346896244,0.032677695901863424,134,134
fixed_test,6,3,apriori|2|05,"370407, ac379999",3,0.9219079346896244,0.047129382639428119,134,134
fixed_test,6,3,apriori|2|05,"370407, ac379999",4,0.9219079346896244,0.012551772062973088,134,134
fixed_test,6,3,apriori|2|05,"370407, ac379999",5,0.9219079346896244,0.019302394206138551,134,134
fixed_test,6,3,apriori|2|05,"370407, ac379999",6,0.9219079346896244,0.026605384666901766,134,134
fixed_test,6,3,apriori|2|05,"370407, ac379999",7,0.9219079346896244,0.024448766473807226,134,134
fixed_test,6,3,apriori|2|05,"370407, ac379999",8,0.9219079346896244,0.048809307012312564,134,133
fixed_test,6,3,apriori|2|05,"370407, ac379999",9,0.9219079346896244,0.031648966975026727,134,133
fixed_test,6,3,apriori|2|06,"ac370000, ac370419",0,0.9219079346896244,0.064131587143365532,135,133
fixed_test,6,3,apriori|2|06,"ac370000, ac370419",1,0.9219079346896244,0.064131587143365532,135,134
fixed_test,6,3,apriori|2|06,"ac370000, ac370419",2,0.9219079346896244,0.061736341668055528,135,135
fixed_test,6,3,apriori|2|06,"ac370000, ac370419",3,0.9219079346896244,0.074253329944581559,135,135
fixed_test,6,3,apriori|2|06,"ac370000, ac370419",4,0.9219079346896244,0.041601211281659722,135,134
fixed_test,6,3,apriori|2|06,"ac370000, ac370419",5,0.9219079346896244,0.048396891536861331,135,135
fixed_test,6,3,apriori|2|06,"ac370000, ac370419",6,0.9219079346896244,0.033770660272369302,135,135
fixed_test,6,3,apriori|2|06,"ac370000, ac370419",7,0.9219079346896244,0.048396891536861331,135,135
fixed_test,6,3,apriori|2|06,"ac370000, ac370419",8,0.9219079346896244,0.044350861456329493,135,135
fixed_test,6,3,apriori|2|06,"ac370000, ac370419",9,0.9219079346896244,0.049744122956614123,135,135
fixed_test,6,3,apriori|2|07,"ac370000, ac370443",0,0.9219079346896244,0.047111331777834553,132,132
fixed_test,6,3,apriori|2|07,"ac370000, ac370443",1,0.9219079346896244,0.047129382639428119,132,132
fixed_test,6,3,apriori|2|07,"ac370000, ac370443",2,0.9219079346896244,0.071058235466617603,132,132
fixed_test,6,3,apriori|2|07,"ac370000, ac370443",3,0.9219079346896244,0.049744122956614123,132,131
fixed_test,6,3,apriori|2|07,"ac370000, ac370443",4,0.9219079346896244,0.037853719828331522,132,132
fixed_test,6,3,apriori|2|07,"ac370000, ac370443",5,0.9219079346896244,0.032677695901863424,132,132
fixed_test,6,3,apriori|2|07,"ac370000, ac370443",6,0.9219079346896244,0.089702023063741643,132,132
fixed_test,6,3,apriori|2|07,"ac370000, ac370443",7,0.9219079346896244,0.039027339177806764,132,131
fixed_test,6,3,apriori|2|07,"ac370000, ac370443",8,0.9219079346896244,0.059084225046377337,132,131
fixed_test,6,3,apriori|2|07,"ac370000, ac370443",9,0.9219079346896244,0.060370136204923264,132,132
fixed_test,6,3,apriori|2|08,"ac370419, ac379999",0,0.9219079346896244,0.037827402058952631,131,130
fixed_test,6,3,apriori|2|08,"ac370419, ac379999",1,0.9219079346896244,0.033770660272369302,131,131
fixed_test,6,3,apriori|2|08,"ac370419, ac379999",2,0.9219079346896244,0.052414447869493452,131,131
fixed_test,6,3,apriori|2|08,"ac370419, ac379999",3,0.9219079346896244,0.018374603602441142,131,131
fixed_test,6,3,apriori|2|08,"ac370419, ac379999",4,0.9219079346896244,0.041908509336216704,131,131
fixed_test,6,3,apriori|2|08,"ac370419, ac379999",5,0.9219079346896244,0.028578057017234926,131,131
fixed_test,6,3,apriori|2|08,"ac370419, ac379999",6,0.9219079346896244,0.01512687267524504,131,131
fixed_test,6,3,apriori|2|08,"ac370419, ac379999",7,0.9219079346896244,0.031648966975026727,131,131
fixed_test,6,3,apriori|2|08,"ac370419, ac379999",8,0.9219079346896244,0.031648966975026727,131,130
fixed_test,6,3,apriori|2|08,"ac370419, ac379999",9,0.9219079346896244,0.033770660272369302,131,131
fixed_test,6,3,apriori|2|09,"ac370000, ac370442",0,0.9219079346896244,0.063188234805053423,131,131
fixed_test,6,3,apriori|2|09,"ac370000, ac370442",1,0.9219079346896244,0.073498414409765012,131,131
fixed_test,6,3,apriori|2|09,"ac370000, ac370442",2,0.9219079346896244,0.053769548130691458,131,131
fixed_test,6,3,apriori|2|09,"ac370000, ac370442",3,0.9219079346896244,0.048809307012312564,131,130
fixed_test,6,3,apriori|2|09,"ac370000, ac370442",4,0.9219079346896244,0.061736341668055528,131,131
fixed_test,6,3,apriori|2|09,"ac370000, ac370442",5,0.9219079346896244,0.041908509336216704,131,131
fixed_test,6,3,apriori|2|09,"ac370000, ac370442",6,0.9219079346896244,0.044350861456329493,131,131
fixed_test,6,3,apriori|2|09,"ac370000, ac370442",7,0.9219079346896244,0.059213470235650489,131,131
fixed_test,6,3,apriori|2|09,"ac370000, ac370442",8,0.9219079346896244,0.045936509006103132,131,131
fixed_test,6,3,apriori|2|09,"ac370000, ac370442",9,0.9219079346896244,0.043092554070931155,131,131
fixed_test,6,3,apriori|2|10,"ac370419, ac370443",0,0.9219079346896244,0.053769548130691458,132,132
fixed_test,6,3,apriori|2|10,"ac370419, ac370443",1,0.9219079346896244,0.063188234805053423,132,132
fixed_test,6,3,apriori|2|10,"ac370419, ac370443",2,0.9219079346896244,0.085635453958822216,132,132
fixed_test,6,3,apriori|2|10,"ac370419, ac370443",3,0.9219079346896244,0.085635453958822216,132,132
fixed_test,6,3,apriori|2|10,"ac370419, ac370443",4,0.9219079346896244,0.033770660272369302,132,132
fixed_test,6,3,apriori|2|10,"ac370419, ac370443",5,0.9219079346896244,0.02245028702693419,132,132
fixed_test,6,3,apriori|2|10,"ac370419, ac370443",6,0.9219079346896244,0.047129382639428119,132,132
fixed_test,6,3,apriori|2|10,"ac370419, ac370443",7,0.9219079346896244,0.072077420819451454,132,132
fixed_test,6,3,apriori|2|10,"ac370419, ac370443",8,0.9219079346896244,0.060752135536385587,132,132
fixed_test,6,3,apriori|2|10,"ac370419, ac370443",9,0.9219079346896244,0.048396891536861331,132,132
fixed_test,6,3,apriori|3|01,"ac370000, ac379999, ac419100",0,0.9219079346896244,0.059084225046377337,147,147
fixed_test,6,3,apriori|3|01,"ac370000, ac379999, ac419100",1,0.9219079346896244,0.025704892384196376,147,147
fixed_test,6,3,apriori|3|01,"ac370000, ac379999, ac419100",2,0.9219079346896244,0.051139322770569984,147,147
fixed_test,6,3,apriori|3|01,"ac370000, ac379999, ac419100",3,0.9219079346896244,0.029657786818752196,147,147
fixed_test,6,3,apriori|3|01,"ac370000, ac379999, ac419100",4,0.9219079346896244,0.037827402058952631,147,147
fixed_test,6,3,apriori|3|01,"ac370000, ac379999, ac419100",5,0.9219079346896244,0.031648966975026727,147,147
fixed_test,6,3,apriori|3|01,"ac370000, ac379999, ac419100",6,0.9219079346896244,0.045936509006103132,147,147
fixed_test,6,3,apriori|3|01,"ac370000, ac379999, ac419100",7,0.9219079346896244,0.032677695901863424,147,147
fixed_test,6,3,apriori|3|01,"ac370000, ac379999, ac419100",8,0.9219079346896244,0.039744923274977806,147,147
fixed_test,6,3,apriori|3|01,"ac370000, ac379999, ac419100",9,0.9219079346896244,0.021616155800307957,147,147
fixed_test,6,3,apriori|3|02,"370407, ac370000, ac379999",0,0.9219079346896244,0.049744122956614123,134,134
fixed_test,6,3,apriori|3|02,"370407, ac370000, ac379999",1,0.9219079346896244,0.049939139022593726,134,133
fixed_test,6,3,apriori|3|02,"370407, ac370000, ac379999",2,0.9219079346896244,0.045936509006103132,134,134
fixed_test,6,3,apriori|3|02,"370407, ac370000, ac379999",3,0.9219079346896244,0.039027339177806764,134,134
fixed_test,6,3,apriori|3|02,"370407, ac370000, ac379999",4,0.9219079346896244,0.055210155537711803,134,134
fixed_test,6,3,apriori|3|02,"370407, ac370000, ac379999",5,0.9219079346896244,0.067135996254970576,134,134
fixed_test,6,3,apriori|3|02,"370407, ac370000, ac379999",6,0.9219079346896244,0.057766443895915898,134,134
fixed_test,6,3,apriori|3|02,"370407, ac370000, ac379999",7,0.9219079346896244,0.051139322770569984,134,134
fixed_test,6,3,apriori|3|02,"370407, ac370000, ac379999",8,0.9219079346896244,0.038757227135260086,134,134
fixed_test,6,3,apriori|3|02,"370407, ac370000, ac379999",9,0.9219079346896244,0.084232033883814506,134,134
fixed_test,6,3,apriori|3|03,"ac370000, ac370419, ac379999",0,0.9219079346896244,0.055210155537711803,131,131
fixed_test,6,3,apriori|3|03,"ac370000, ac370419, ac379999",1,0.9219079346896244,0.052414447869493452,131,131
fixed_test,6,3,apriori|3|03,"ac370000, ac370419, ac379999",2,0.9219079346896244,0.078152164793723111,131,130
fixed_test,6,3,apriori|3|03,"ac370000, ac370419, ac379999",3,0.9219079346896244,0.057766443895915898,131,131
fixed_test,6,3,apriori|3|03,"ac370000, ac370419, ac379999",4,0.9219079346896244,0.053769548130691458,131,131
fixed_test,6,3,apriori|3|03,"ac370000, ac370419, ac379999",5,0.9219079346896244,0.022503880951243116,131,131
fixed_test,6,3,apriori|3|03,"ac370000, ac370419, ac379999",6,0.9219079346896244,0.051139322770569984,131,131
fixed_test,6,3,apriori|3|03,"ac370000, ac370419, ac379999",7,0.9219079346896244,0.013358794927459616,131,131
fixed_test,6,3,apriori|3|03,"ac370000, ac370419, ac379999",8,0.9219079346896244,0.064731742741146681,131,131
fixed_test,6,3,apriori|3|03,"ac370000, ac370419, ac379999",9,0.9219079346896244,0.063188234805053423,131,131
fixed_test,6,3,apriori|3|04,"ac370000, ac370419, ac370443",0,0.9219079346896244,0.076505548614025143,132,132
fixed_test,6,3,apriori|3|04,"ac370000, ac370419, ac370443",1,0.9219079346896244,0.10480965516529495,132,132
fixed_test,6,3,apriori|3|04,"ac370000, ac370419, ac370443",2,0.9219079346896244,0.033770660272369302,132,132
fixed_test,6,3,apriori|3|04,"ac370000, ac370419, ac370443",3,0.9219079346896244,0.082025608153777352,132,132
fixed_test,6,3,apriori|3|04,"ac370000, ac370419, ac370443",4,0.9219079346896244,0.11233967875832074,132,132
fixed_test,6,3,apriori|3|04,"ac370000, ac370419, ac370443",5,0.9219079346896244,0.11575501681104283,132,132
fixed_test,6,3,apriori|3|04,"ac370000, ac370419, ac370443",6,0.9219079346896244,0.11083083659489057,132,131
fixed_test,6,3,apriori|3|04,"ac370000, ac370419, ac370443",7,0.9219079346896244,0.059084225046377337,132,132
fixed_test,6,3,apriori|3|04,"ac370000, ac370419, ac370443",8,0.9219079346896244,0.076505548614025143,132,132
fixed_test,6,3,apriori|3|04,"ac370000, ac370419, ac370443",9,0.9219079346896244,0.10656020663083188,132,132
fixed_test,6,3,apriori|3|05,"ac370000, ac370442, ac370443",0,0.9219079346896244,0.070327597663748409,131,131
fixed_test,6,3,apriori|3|05,"ac370000, ac370442, ac370443",1,0.9219079346896244,0.064731742741146681,131,131
fixed_test,6,3,apriori|3|05,"ac370000, ac370442, ac370443",2,0.9219079346896244,0.085635453958822216,131,131
fixed_test,6,3,apriori|3|05,"ac370000, ac370442, ac370443",3,0.9219079346896244,0.072606921479415276,131,131
fixed_test,6,3,apriori|3|05,"ac370000, ac370442, ac370443",4,0.9219079346896244,0.077374397093944336,131,131
fixed_test,6,3,apriori|3|05,"ac370000, ac370442, ac370443",5,0.9219079346896244,0.057766443895915898,131,131
fixed_test,6,3,apriori|3|05,"ac370000, ac370442, ac370443",6,0.9219079346896244,0.064731742741146681,131,131
fixed_test,6,3,apriori|3|05,"ac370000, ac370442, ac370443",7,0.9219079346896244,0.074956371072717798,131,131
fixed_test,6,3,apriori|3|05,"ac370000, ac370442, ac370443",8,0.9219079346896244,0.082025608153777352,131,131
fixed_test,6,3,apriori|3|05,"ac370000, ac370442, ac370443",9,0.9219079346896244,0.08587510097307971,131,131
fixed_test,6,3,apriori|3|06,"370407, ac370000, ac370419",0,0.9219079346896244,0.11028166817686313,133,132
fixed_test,6,3,apriori|3|06,"370407, ac370000, ac370419",1,0.9219079346896244,0.10656020663083188,133,133
fixed_test,6,3,apriori|3|06,"370407, ac370000, ac370419",2,0.9219079346896244,0.099438393346746867,133,133
fixed_test,6,3,apriori|3|06,"370407, ac370000, ac370419",3,0.9219079346896244,0.073498414409765012,133,133
fixed_test,6,3,apriori|3|06,"370407, ac370000, ac370419",4,0.9219079346896244,0.084232033883814506,133,133
fixed_test,6,3,apriori|3|06,"370407, ac370000, ac370419",5,0.9219079346896244,0.091454128707170845,133,133
fixed_test,6,3,apriori|3|06,"370407, ac370000, ac370419",6,0.9219079346896244,0.11083083659489057,133,133
fixed_test,6,3,apriori|3|06,"370407, ac370000, ac370419",7,0.9219079346896244,0.074253329944581559,133,133
fixed_test,6,3,apriori|3|06,"370407, ac370000, ac370419",8,0.9219079346896244,0.078152164793723111,133,133
fixed_test,6,3,apriori|3|06,"370407, ac370000, ac370419",9,0.9219079346896244,0.08123014117678562,133,133
fixed_test,6,3,apriori|3|07,"ac370000, ac370419, ac370442",0,0.9219079346896244,0.064311112608544385,131,131
fixed_test,6,3,apriori|3|07,"ac370000, ac370419, ac370442",1,0.9219079346896244,0.08587510097307971,131,131
fixed_test,6,3,apriori|3|07,"ac370000, ac370419, ac370442",2,0.9219079346896244,0.082025608153777352,131,131
fixed_test,6,3,apriori|3|07,"ac370000, ac370419, ac370442",3,0.9219079346896244,0.05512381080732387,131,131
fixed_test,6,3,apriori|3|07,"ac370000, ac370419, ac370442",4,0.9219079346896244,0.084232033883814506,131,131
fixed_test,6,3,apriori|3|07,"ac370000, ac370419, ac370442",5,0.9219079346896244,0.082025608153777352,131,131
fixed_test,6,3,apriori|3|07,"ac370000, ac370419, ac370442",6,0.9219079346896244,0.067135996254970576,131,131
fixed_test,6,3,apriori|3|07,"ac370000, ac370419, ac370442",7,0.9219079346896244,0.068682817514686745,131,131
fixed_test,6,3,apriori|3|07,"ac370000, ac370419, ac370442",8,0.9219079346896244,0.078152164793723111,131,130
fixed_test,6,3,apriori|3|07,"ac370000, ac370419, ac370442",9,0.9219079346896244,0.076004423413575273,131,131
fixed_test,6,3,apriori|3|08,"ac370000, ac370443, ac379999",0,0.9219079346896244,0.063188234805053423,128,128
fixed_test,6,3,apriori|3|08,"ac370000, ac370443, ac379999",1,0.9219079346896244,0.071058235466617603,128,128
fixed_test,6,3,apriori|3|08,"ac370000, ac370443, ac379999",2,0.9219079346896244,0.045688568334277035,128,128
fixed_test,6,3,apriori|3|08,"ac370000, ac370443, ac379999",3,0.9219079346896244,0.051139322770569984,128,128
fixed_test,6,3,apriori|3|08,"ac370000, ac370443, ac379999",4,0.9219079346896244,0.055210155537711803,128,128
fixed_test,6,3,apriori|3|08,"ac370000, ac370443, ac379999",5,0.9219079346896244,0.061736341668055528,128,128
fixed_test,6,3,apriori|3|08,"ac370000, ac370443, ac379999",6,0.9219079346896244,0.052414447869493452,128,128
fixed_test,6,3,apriori|3|08,"ac370000, ac370443, ac379999",7,0.9219079346896244,0.044813636836863013,128,128
fixed_test,6,3,apriori|3|08,"ac370000, ac370443, ac379999",8,0.9219079346896244,0.061736341668055528,128,128
fixed_test,6,3,apriori|3|08,"ac370000, ac370443, ac379999",9,0.9219079346896244,0.052414447869493452,128,128
fixed_test,6,3,apriori|3|09,"ac370419, ac370442, ac370443",0,0.9219079346896244,0.049744122956614123,131,131
fixed_test,6,3,apriori|3|09,"ac370419, ac370442, ac370443",1,0.9219079346896244,0.099595256930455345,131,131
fixed_test,6,3,apriori|3|09,"ac370419, ac370442, ac370443",2,0.9219079346896244,0.065680708261621312,131,131
fixed_test,6,3,apriori|3|09,"ac370419, ac370442, ac370443",3,0.9219079346896244,0.064731742741146681,131,131
fixed_test,6,3,apriori|3|09,"ac370419, ac370442, ac370443",4,0.9219079346896244,0.072077420819451454,131,131
fixed_test,6,3,apriori|3|09,"ac370419, ac370442, ac370443",5,0.9219079346896244,0.063188234805053423,131,131
fixed_test,6,3,apriori|3|09,"ac370419, ac370442, ac370443",6,0.9219079346896244,0.082025608153777352,131,131
fixed_test,6,3,apriori|3|09,"ac370419, ac370442, ac370443",7,0.9219079346896244,0.10489751504931621,131,131
fixed_test,6,3,apriori|3|09,"ac370419, ac370442, ac370443",8,0.9219079346896244,0.062389066875591537,131,131
fixed_test,6,3,apriori|3|09,"ac370419, ac370442, ac370443",9,0.9219079346896244,0.07990305979111112,131,131
fixed_test,6,3,apriori|3|10,"370407, ac370000, ac370443",0,0.9219079346896244,0.086519483117727725,130,130
fixed_test,6,3,apriori|3|10,"370407, ac370000, ac370443",1,0.9219079346896244,0.076002458224317171,130,130
fixed_test,6,3,apriori|3|10,"370407, ac370000, ac370443",2,0.9219079346896244,0.078152164793723111,130,130
fixed_test,6,3,apriori|3|10,"370407, ac370000, ac370443",3,0.9219079346896244,0.099023916862303829,130,130
fixed_test,6,3,apriori|3|10,"370407, ac370000, ac370443",4,0.9219079346896244,0.084232033883814506,130,130
fixed_test,6,3,apriori|3|10,"370407, ac370000, ac370443",5,0.9219079346896244,0.078831763073629824,130,130
fixed_test,6,3,apriori|3|10,"370407, ac370000, ac370443",6,0.9219079346896244,0.039744923274977806,130,130
fixed_test,6,3,apriori|3|10,"370407, ac370000, ac370443",7,0.9219079346896244,0.087621512072759256,130,130
fixed_test,6,3,apriori|3|10,"370407, ac370000, ac370443",8,0.9219079346896244,0.099053984045836763,130,130
fixed_test,6,3,apriori|3|10,"370407, ac370000, ac370443",9,0.9219079346896244,0.088062576507982993,130,130
fixed_test,6,3,impressed|1|01,376400,0,0.9219079346896244,0.12057155389836982,68,65
fixed_test,6,3,impressed|1|01,376400,1,0.9219079346896244,0.12781072855516662,68,63
fixed_test,6,3,impressed|1|01,376400,2,0.9219079346896244,0.10073435989825197,68,67
fixed_test,6,3,impressed|1|01,376400,3,0.9219079346896244,0.13139031850544525,68,64
fixed_test,6,3,impressed|1|01,376400,4,0.9219079346896244,0.11567052242230658,68,66
fixed_test,6,3,impressed|1|01,376400,5,0.9219079346896244,0.11383085074724997,68,66
fixed_test,6,3,impressed|1|01,376400,6,0.9219079346896244,0.13102753385672483,68,64
fixed_test,6,3,impressed|1|01,376400,7,0.9219079346896244,0.11833183959406468,68,67
fixed_test,6,3,impressed|1|01,376400,8,0.9219079346896244,0.14148351381507984,68,66
fixed_test,6,3,impressed|1|01,376400,9,0.9219079346896244,0.11751558886188951,68,65
fixed_test,6,3,impressed|1|02,378619a,0,0.9219079346896244,0.073940114898795706,81,80
fixed_test,6,3,impressed|1|02,378619a,1,0.9219079346896244,0.062389066875591537,81,81
fixed_test,6,3,impressed|1|02,378619a,2,0.9219079346896244,0.048396891536861331,81,75
fixed_test,6,3,impressed|1|02,378619a,3,0.9219079346896244,0.055210155537711803,81,80
fixed_test,6,3,impressed|1|02,378619a,4,0.9219079346896244,0.079852221125918499,81,80
fixed_test,6,3,impressed|1|02,378619a,5,0.9219079346896244,0.03493217478196764,81,77
fixed_test,6,3,impressed|1|02,378619a,6,0.9219079346896244,0.029657786818752196,81,80
fixed_test,6,3,impressed|1|02,378619a,7,0.9219079346896244,0.036166981130842157,81,78
fixed_test,6,3,impressed|1|02,378619a,8,0.9219079346896244,0.039027339177806764,81,78
fixed_test,6,3,impressed|1|02,378619a,9,0.9219079346896244,0.039027339177806764,81,78
fixed_test,6,3,impressed|1|03,ac370000,0,0.9219079346896244,0.062389066875591537,161,161
fixed_test,6,3,impressed|1|03,ac370000,1,0.9219079346896244,0.06637339286832844,161,160
fixed_test,6,3,impressed|1|03,ac370000,2,0.9219079346896244,0.077867886589191193,161,161
fixed_test,6,3,impressed|1|03,ac370000,3,0.9219079346896244,0.083748642654226102,161,161
fixed_test,6,3,impressed|1|03,ac370000,4,0.9219079346896244,0.056051264658404376,161,161
fixed_test,6,3,impressed|1|03,ac370000,5,0.9219079346896244,0.064731742741146681,161,160
fixed_test,6,3,impressed|1|03,ac370000,6,0.9219079346896244,0.095797436501006028,161,161
fixed_test,6,3,impressed|1|03,ac370000,7,0.9219079346896244,0.079852221125918499,161,159
fixed_test,6,3,impressed|1|03,ac370000,8,0.9219079346896244,0.097362880576637001,161,159
fixed_test,6,3,impressed|1|03,ac370000,9,0.9219079346896244,0.089723739028186866,161,161
fixed_test,6,3,impressed|1|04,ac419100,0,0.9219079346896244,0.022503880951243116,213,190
fixed_test,6,3,impressed|1|04,ac419100,1,0.9219079346896244,0.018374603602441142,213,189
fixed_test,6,3,impressed|1|04,ac419100,2,0.9219079346896244,0.017501258581921197,213,187
fixed_test,6,3,impressed|1|04,ac419100,3,0.9219079346896244,0.032677695901863424,213,187
fixed_test,6,3,impressed|1|04,ac419100,4,0.9219079346896244,0.012551772062973088,213,188
fixed_test,6,3,impressed|1|04,ac419100,5,0.9219079346896244,0.027561905403661657,213,195
fixed_test,6,3,impressed|1|04,ac419100,6,0.9219079346896244,0.021616155800307957,213,190
fixed_test,6,3,impressed|1|04,ac419100,7,0.9219079346896244,0.0076532475677490996,213,190
fixed_test,6,3,impressed|1|04,ac419100,8,0.9219079346896244,0.01179200580165185,213,187
fixed_test,6,3,impressed|1|04,ac419100,9,0.9219079346896244,0.035709510751882445,213,188
fixed_test,6,3,impressed|1|05,ac10307,0,0.9219079346896244,0,33,29
fixed_test,6,3,impressed|1|05,ac10307,1,0.9219079346896244,0,33,26
fixed_test,6,3,impressed|1|05,ac10307,2,0.9219079346896244,0,33,29
fixed_test,6,3,impressed|1|05,ac10307,3,0.9219079346896244,0.0042137089036762276,33,30
fixed_test,6,3,impressed|1|05,ac10307,4,0.9219079346896244,0,33,26
fixed_test,6,3,impressed|1|05,ac10307,5,0.9219079346896244,0.0042137089036762276,33,26
fixed_test,6,3,impressed|1|05,ac10307,6,0.9219079346896244,0.0042137089036762276,33,30
fixed_test,6,3,impressed|1|05,ac10307,7,0.9219079346896244,0,33,29
fixed_test,6,3,impressed|1|05,ac10307,8,0.9219079346896244,0.0042137089036762276,33,25
fixed_test,6,3,impressed|1|05,ac10307,9,0.9219079346896244,0,33,26
fixed_test,6,3,impressed|1|06,ac415100,0,0.9219079346896244,0.0083971324969405181,71,67
fixed_test,6,3,impressed|1|06,ac415100,1,0.9219079346896244,0.0083971324969405181,71,68
fixed_test,6,3,impressed|1|06,ac415100,2,0.9219079346896244,0,71,71
fixed_test,6,3,impressed|1|06,ac415100,3,0.9219079346896244,0,71,67
fixed_test,6,3,impressed|1|06,ac415100,4,0.9219079346896244,0.0042137089036762276,71,68
fixed_test,6,3,impressed|1|06,ac415100,5,0.9219079346896244,-0.00070699358804016121,71,68
fixed_test,6,3,impressed|1|06,ac415100,6,0.9219079346896244,-0.0042455578355495849,71,68
fixed_test,6,3,impressed|1|06,ac415100,7,0.9219079346896244,0.0049852555988038061,71,69
fixed_test,6,3,impressed|1|06,ac415100,8,0.9219079346896244,0.0034873883256382188,71,67
fixed_test,6,3,impressed|1|06,ac415100,9,0.9219079346896244,0.0049852555988038061,71,68
fixed_test,6,3,impressed|1|07,ac337441,0,0.9219079346896244,0,0,0
fixed_test,6,3,impressed|1|07,ac337441,1,0.9219079346896244,0,0,0
fixed_test,6,3,impressed|1|07,ac337441,2,0.9219079346896244,0,0,0
fixed_test,6,3,impressed|1|07,ac337441,3,0.9219079346896244,0,0,0
fixed_test,6,3,impressed|1|07,ac337441,4,0.9219079346896244,0,0,0
fixed_test,6,3,impressed|1|07,ac337441,5,0.9219079346896244,0,0,0
fixed_test,6,3,impressed|1|07,ac337441,6,0.9219079346896244,0,0,0
fixed_test,6,3,impressed|1|07,ac337441,7,0.9219079346896244,0,0,0
fixed_test,6,3,impressed|1|07,ac337441,8,0.9219079346896244,0,0,0
fixed_test,6,3,impressed|1|07,ac337441,9,0.9219079346896244,0,0,0
fixed_test,6,3,impressed|1|08,ac379999,0,0.9219079346896244,0.027561905403661657,157,154
fixed_test,6,3,impressed|1|08,ac379999,1,0.9219079346896244,0.0049852555988038061,157,152
fixed_test,6,3,impressed|1|08,ac379999,2,0.9219079346896244,0.013358794927459616,157,155
fixed_test,6,3,impressed|1|08,ac379999,3,0.9219079346896244,0.021616155800307957,157,154
fixed_test,6,3,impressed|1|08,ac379999,4,0.9219079346896244,0.012551772062973088,157,152
fixed_test,6,3,impressed|1|08,ac379999,5,0.9219079346896244,0.039744923274977806,157,153
fixed_test,6,3,impressed|1|08,ac379999,6,0.9219079346896244,0.021616155800307957,157,152
fixed_test,6,3,impressed|1|08,ac379999,7,0.9219079346896244,0.018374603602441142,157,156
fixed_test,6,3,impressed|1|08,ac379999,8,0.9219079346896244,0.021616155800307957,157,155
fixed_test,6,3,impressed|1|08,ac379999,9,0.9219079346896244,0.013358794927459616,157,155
fixed_test,6,3,impressed|1|09,ac378431,0,0.9219079346896244,0,3,3
fixed_test,6,3,impressed|1|09,ac378431,1,0.9219079346896244,0,3,3
fixed_test,6,3,impressed|1|09,ac378431,2,0.9219079346896244,0.0049852555988038061,3,3
fixed_test,6,3,impressed|1|09,ac378431,3,0.9219079346896244,0.0049852555988038061,3,3
fixed_test,6,3,impressed|1|09,ac378431,4,0.9219079346896244,0.0049852555988038061,3,3
fixed_test,6,3,impressed|1|09,ac378431,5,0.9219079346896244,0,3,2
fixed_test,6,3,impressed|1|09,ac378431,6,0.9219079346896244,0.0049852555988038061,3,3
fixed_test,6,3,impressed|1|09,ac378431,7,0.9219079346896244,0,3,2
fixed_test,6,3,impressed|1|09,ac378431,8,0.9219079346896244,0.0049852555988038061,3,3
fixed_test,6,3,impressed|1|09,ac378431,9,0.9219079346896244,0.0049852555988038061,3,2
fixed_test,6,3,impressed|1|10,378490e,0,0.9219079346896244,0,0,0
fixed_test,6,3,impressed|1|10,378490e,1,0.9219079346896244,0,0,0
fixed_test,6,3,impressed|1|10,378490e,2,0.9219079346896244,0,0,0
fixed_test,6,3,impressed|1|10,378490e,3,0.9219079346896244,0,0,0
fixed_test,6,3,impressed|1|10,378490e,4,0.9219079346896244,0,0,0
fixed_test,6,3,impressed|1|10,378490e,5,0.9219079346896244,0,0,0
fixed_test,6,3,impressed|1|10,378490e,6,0.9219079346896244,0,0,0
fixed_test,6,3,impressed|1|10,378490e,7,0.9219079346896244,0,0,0
fixed_test,6,3,impressed|1|10,378490e,8,0.9219079346896244,0,0,0
fixed_test,6,3,impressed|1|10,378490e,9,0.9219079346896244,0,0,0
fixed_test,6,3,impressed|2|01,"376400, 377498a",0,0.9219079346896244,0.14148351381507984,57,57
fixed_test,6,3,impressed|2|01,"376400, 377498a",1,0.9219079346896244,0.1072204491686124,57,57
fixed_test,6,3,impressed|2|01,"376400, 377498a",2,0.9219079346896244,0.12560706538295707,57,57
fixed_test,6,3,impressed|2|01,"376400, 377498a",3,0.9219079346896244,0.12198158609070942,57,57
fixed_test,6,3,impressed|2|01,"376400, 377498a",4,0.9219079346896244,0.11751558886188951,57,57
fixed_test,6,3,impressed|2|01,"376400, 377498a",5,0.9219079346896244,0.11465621394232839,57,57
fixed_test,6,3,impressed|2|01,"376400, 377498a",6,0.9219079346896244,0.14495348578362144,57,57
fixed_test,6,3,impressed|2|01,"376400, 377498a",7,0.9219079346896244,0.098185798065404173,57,57
fixed_test,6,3,impressed|2|01,"376400, 377498a",8,0.9219079346896244,0.11833183959406468,57,56
fixed_test,6,3,impressed|2|01,"376400, 377498a",9,0.9219079346896244,0.12420506242604035,57,57
fixed_test,6,3,impressed|2|02,"376400, 378619a",0,0.9219079346896244,0.11690833779992049,67,67
fixed_test,6,3,impressed|2|02,"376400, 378619a",1,0.9219079346896244,0.15312513313491294,67,67
fixed_test,6,3,impressed|2|02,"376400, 378619a",2,0.9219079346896244,0.11383085074724997,67,67
fixed_test,6,3,impressed|2|02,"376400, 378619a",3,0.9219079346896244,0.10451156766587022,67,67
fixed_test,6,3,impressed|2|02,"376400, 378619a",4,0.9219079346896244,0.16737509577887066,67,67
fixed_test,6,3,impressed|2|02,"376400, 378619a",5,0.9219079346896244,0.12384152618715738,67,66
fixed_test,6,3,impressed|2|02,"376400, 378619a",6,0.9219079346896244,0.13798946246049315,67,67
fixed_test,6,3,impressed|2|02,"376400, 378619a",7,0.9219079346896244,0.15193949377343485,67,67
fixed_test,6,3,impressed|2|02,"376400, 378619a",8,0.9219079346896244,0.1489700754614518,67,67
fixed_test,6,3,impressed|2|02,"376400, 378619a",9,0.9219079346896244,0.13139031850544525,67,67
fixed_test,6,3,impressed|2|03,"370712b, 376400",0,0.9219079346896244,0.098185798065404173,62,61
fixed_test,6,3,impressed|2|03,"370712b, 376400",1,0.9219079346896244,0.14164081208868828,62,62
fixed_test,6,3,impressed|2|03,"370712b, 376400",2,0.9219079346896244,0.1057339794616563,62,62
fixed_test,6,3,impressed|2|03,"370712b, 376400",3,0.9219079346896244,0.10345663906845937,62,62
fixed_test,6,3,impressed|2|03,"370712b, 376400",4,0.9219079346896244,0.11751558886188951,62,62
fixed_test,6,3,impressed|2|03,"370712b, 376400",5,0.9219079346896244,0.11690833779992049,62,62
fixed_test,6,3,impressed|2|03,"370712b, 376400",6,0.9219079346896244,0.11095301276731639,62,62
fixed_test,6,3,impressed|2|03,"370712b, 376400",7,0.9219079346896244,0.13102753385672483,62,62
fixed_test,6,3,impressed|2|03,"370712b, 376400",8,0.9219079346896244,0.12117166563638082,62,62
fixed_test,6,3,impressed|2|03,"370712b, 376400",9,0.9219079346896244,0.12744890013020671,62,62
fixed_test,6,3,impressed|2|04,"370715a, 376400",0,0.9219079346896244,0.10197422095060094,60,60
fixed_test,6,3,impressed|2|04,"370715a, 376400",1,0.9219079346896244,0.11751558886188951,60,60
fixed_test,6,3,impressed|2|04,"370715a, 376400",2,0.9219079346896244,0.12117166563638082,60,60
fixed_test,6,3,impressed|2|04,"370715a, 376400",3,0.9219079346896244,0.12744890013020671,60,60
fixed_test,6,3,impressed|2|04,"370715a, 376400",4,0.9219079346896244,0.10636777546963427,60,60
fixed_test,6,3,impressed|2|04,"370715a, 376400",5,0.9219079346896244,0.12480086021878656,60,60
fixed_test,6,3,impressed|2|04,"370715a, 376400",6,0.9219079346896244,0.12744890013020671,60,60
fixed_test,6,3,impressed|2|04,"370715a, 376400",7,0.9219079346896244,0.094366921389412162,60,60
fixed_test,6,3,impressed|2|04,"370715a, 376400",8,0.9219079346896244,0.11383085074724997,60,60
fixed_test,6,3,impressed|2|04,"370715a, 376400",9,0.9219079346896244,0.086630169782058286,60,60
fixed_test,6,3,impressed|2|05,"378619a, ac379999",0,0.9219079346896244,0.036166981130842157,81,80
fixed_test,6,3,impressed|2|05,"378619a, ac379999",1,0.9219079346896244,0.030805428398541723,81,80
fixed_test,6,3,impressed|2|05,"378619a, ac379999",2,0.9219079346896244,0.036166981130842157,81,81
fixed_test,6,3,impressed|2|05,"378619a, ac379999",3,0.9219079346896244,0.058372892601745274,81,81
fixed_test,6,3,impressed|2|05,"378619a, ac379999",4,0.9219079346896244,0.062389066875591537,81,81
fixed_test,6,3,impressed|2|05,"378619a, ac379999",5,0.9219079346896244,0.055210155537711803,81,81
fixed_test,6,3,impressed|2|05,"378619a, ac379999",6,0.9219079346896244,0.055210155537711803,81,80
fixed_test,6,3,impressed|2|05,"378619a, ac379999",7,0.9219079346896244,0.039027339177806764,81,81
fixed_test,6,3,impressed|2|05,"378619a, ac379999",8,0.9219079346896244,0.036749207204882506,81,80
fixed_test,6,3,impressed|2|05,"378619a, ac379999",9,0.9219079346896244,0.049744122956614123,81,81
fixed_test,6,3,impressed|2|06,"378619a, ac419100",0,0.9219079346896244,0.057766443895915898,77,77
fixed_test,6,3,impressed|2|06,"378619a, ac419100",1,0.9219079346896244,0.024448766473807226,77,77
fixed_test,6,3,impressed|2|06,"378619a, ac419100",2,0.9219079346896244,0.029657786818752196,77,77
fixed_test,6,3,impressed|2|06,"378619a, ac419100",3,0.9219079346896244,0.045688568334277035,77,76
fixed_test,6,3,impressed|2|06,"378619a, ac419100",4,0.9219079346896244,0.059084225046377337,77,77
fixed_test,6,3,impressed|2|06,"378619a, ac419100",5,0.9219079346896244,0.036166981130842157,77,76
fixed_test,6,3,impressed|2|06,"378619a, ac419100",6,0.9219079346896244,0.056742362323081497,77,77
fixed_test,6,3,impressed|2|06,"378619a, ac419100",7,0.9219079346896244,0.032677695901863424,77,77
fixed_test,6,3,impressed|2|06,"378619a, ac419100",8,0.9219079346896244,0.064731742741146681,77,77
fixed_test,6,3,impressed|2|06,"378619a, ac419100",9,0.9219079346896244,0.059084225046377337,77,76
fixed_test,6,3,impressed|2|07,"370401c, ac370000",0,0.9219079346896244,0.070327597663748409,123,123
fixed_test,6,3,impressed|2|07,"370401c, ac370000",1,0.9219079346896244,0.064131587143365532,123,123
fixed_test,6,3,impressed|2|07,"370401c, ac370000",2,0.9219079346896244,0.089723739028186866,123,123
fixed_test,6,3,impressed|2|07,"370401c, ac370000",3,0.9219079346896244,0.063188234805053423,123,123
fixed_test,6,3,impressed|2|07,"370401c, ac370000",4,0.9219079346896244,0.052700712931731841,123,123
fixed_test,6,3,impressed|2|07,"370401c, ac370000",5,0.9219079346896244,0.074253329944581559,123,123
fixed_test,6,3,impressed|2|07,"370401c, ac370000",6,0.9219079346896244,0.068682817514686745,123,122
fixed_test,6,3,impressed|2|07,"370401c, ac370000",7,0.9219079346896244,0.07990305979111112,123,123
fixed_test,6,3,impressed|2|07,"370401c, ac370000",8,0.9219079346896244,0.029657786818752196,123,123
fixed_test,6,3,impressed|2|07,"370401c, ac370000",9,0.9219079346896244,0.060752135536385587,123,123
fixed_test,6,3,impressed|2|08,"ac370000, ac370403",0,0.9219079346896244,0.051176673409022655,128,128
fixed_test,6,3,impressed|2|08,"ac370000, ac370403",1,0.9219079346896244,0.064311112608544385,128,128
fixed_test,6,3,impressed|2|08,"ac370000, ac370403",2,0.9219079346896244,0.061736341668055528,128,127
fixed_test,6,3,impressed|2|08,"ac370000, ac370403",3,0.9219079346896244,0.061736341668055528,128,128
fixed_test,6,3,impressed|2|08,"ac370000, ac370403",4,0.9219079346896244,0.068229311070160836,128,128
fixed_test,6,3,impressed|2|08,"ac370000, ac370403",5,0.9219079346896244,0.068682817514686745,128,127
fixed_test,6,3,impressed|2|08,"ac370000, ac370403",6,0.9219079346896244,0.05512381080732387,128,128
fixed_test,6,3,impressed|2|08,"ac370000, ac370403",7,0.9219079346896244,0.078831763073629824,128,126
fixed_test,6,3,impressed|2|08,"ac370000, ac370403",8,0.9219079346896244,0.043012358987871924,128,128
fixed_test,6,3,impressed|2|08,"ac370000, ac370403",9,0.9219079346896244,0.067135996254970576,128,126
fixed_test,6,3,impressed|2|09,"376400, ac379999",0,0.9219079346896244,0.11383085074724997,68,68
fixed_test,6,3,impressed|2|09,"376400, ac379999",1,0.9219079346896244,0.0996595939816598,68,68
fixed_test,6,3,impressed|2|09,"376400, ac379999",2,0.9219079346896244,0.11465621394232839,68,68
fixed_test,6,3,impressed|2|09,"376400, ac379999",3,0.9219079346896244,0.094366921389412162,68,68
fixed_test,6,3,impressed|2|09,"376400, ac379999",4,0.9219079346896244,0.10073435989825197,68,68
fixed_test,6,3,impressed|2|09,"376400, ac379999",5,0.9219079346896244,0.10345663906845937,68,68
fixed_test,6,3,impressed|2|09,"376400, ac379999",6,0.9219079346896244,0.078039756536743665,68,68
fixed_test,6,3,impressed|2|09,"376400, ac379999",7,0.9219079346896244,0.098185798065404173,68,68
fixed_test,6,3,impressed|2|09,"376400, ac379999",8,0.9219079346896244,0.11095301276731639,68,68
fixed_test,6,3,impressed|2|09,"376400, ac379999",9,0.9219079346896244,0.091970538380546807,68,67
fixed_test,6,3,impressed|2|10,"ac379999, ac419100",0,0.9219079346896244,0.018374603602441142,147,147
fixed_test,6,3,impressed|2|10,"ac379999, ac419100",1,0.9219079346896244,0.042761343589281076,147,146
fixed_test,6,3,impressed|2|10,"ac379999, ac419100",2,0.9219079346896244,0.027561905403661657,147,147
fixed_test,6,3,impressed|2|10,"ac379999, ac419100",3,0.9219079346896244,0.030680539537642937,147,147
fixed_test,6,3,impressed|2|10,"ac379999, ac419100",4,0.9219079346896244,0.035709510751882445,147,147
fixed_test,6,3,impressed|2|10,"ac379999, ac419100",5,0.9219079346896244,0.040794052998810337,147,146
fixed_test,6,3,impressed|2|10,"ac379999, ac419100",6,0.9219079346896244,0.032941805095711985,147,147
fixed_test,6,3,impressed|2|10,"ac379999, ac419100",7,0.9219079346896244,0.041908509336216704,147,147
fixed_test,6,3,impressed|2|10,"ac379999, ac419100",8,0.9219079346896244,0.025704892384196376,147,145
fixed_test,6,3,impressed|2|10,"ac379999, ac419100",9,0.9219079346896244,0.025704892384196376,147,146
fixed_test,6,3,impressed|3|01,"376400, 377498a, 378619a",0,0.9219079346896244,0.1590705871210657,56,56
fixed_test,6,3,impressed|3|01,"376400, 377498a, 378619a",1,0.9219079346896244,0.13798946246049315,56,56
fixed_test,6,3,impressed|3|01,"376400, 377498a, 378619a",2,0.9219079346896244,0.11383085074724997,56,56
fixed_test,6,3,impressed|3|01,"376400, 377498a, 378619a",3,0.9219079346896244,0.12420506242604035,56,56
fixed_test,6,3,impressed|3|01,"376400, 377498a, 378619a",4,0.9219079346896244,0.15312513313491294,56,56
fixed_test,6,3,impressed|3|01,"376400, 377498a, 378619a",5,0.9219079346896244,0.1523594890349842,56,56
fixed_test,6,3,impressed|3|01,"376400, 377498a, 378619a",6,0.9219079346896244,0.12744890013020671,56,55
fixed_test,6,3,impressed|3|01,"376400, 377498a, 378619a",7,0.9219079346896244,0.12744890013020671,56,56
fixed_test,6,3,impressed|3|01,"376400, 377498a, 378619a",8,0.9219079346896244,0.18919439898680379,56,56
fixed_test,6,3,impressed|3|01,"376400, 377498a, 378619a",9,0.9219079346896244,0.12057155389836982,56,56
fixed_test,6,3,impressed|3|02,"376400, 377498a, ac372417",0,0.9219079346896244,0.094366921389412162,57,57
fixed_test,6,3,impressed|3|02,"376400, 377498a, ac372417",1,0.9219079346896244,0.11465621394232839,57,57
fixed_test,6,3,impressed|3|02,"376400, 377498a, ac372417",2,0.9219079346896244,0.11011557394001481,57,57
fixed_test,6,3,impressed|3|02,"376400, 377498a, ac372417",3,0.9219079346896244,0.13464614096697125,57,57
fixed_test,6,3,impressed|3|02,"376400, 377498a, ac372417",4,0.9219079346896244,0.12480086021878656,57,57
fixed_test,6,3,impressed|3|02,"376400, 377498a, ac372417",5,0.9219079346896244,0.12744890013020671,57,57
fixed_test,6,3,impressed|3|02,"376400, 377498a, ac372417",6,0.9219079346896244,0.13102753385672483,57,57
fixed_test,6,3,impressed|3|02,"376400, 377498a, ac372417",7,0.9219079346896244,0.13102753385672483,57,57
fixed_test,6,3,impressed|3|02,"376400, 377498a, ac372417",8,0.9219079346896244,0.10636777546963427,57,57
fixed_test,6,3,impressed|3|02,"376400, 377498a, ac372417",9,0.9219079346896244,0.12781072855516662,57,57
fixed_test,6,3,impressed|3|03,"376400, 377498a, ac379999",0,0.9219079346896244,0.13139031850544525,57,57
fixed_test,6,3,impressed|3|03,"376400, 377498a, ac379999",1,0.9219079346896244,0.14160897137450967,57,57
fixed_test,6,3,impressed|3|03,"376400, 377498a, ac379999",2,0.9219079346896244,0.079852221125918499,57,57
fixed_test,6,3,impressed|3|03,"376400, 377498a, ac379999",3,0.9219079346896244,0.13139031850544525,57,57
fixed_test,6,3,impressed|3|03,"376400, 377498a, ac379999",4,0.9219079346896244,0.11383085074724997,57,57
fixed_test,6,3,impressed|3|03,"376400, 377498a, ac379999",5,0.9219079346896244,0.13457927410483084,57,57
fixed_test,6,3,impressed|3|03,"376400, 377498a, ac379999",6,0.9219079346896244,0.091970538380546807,57,57
fixed_test,6,3,impressed|3|03,"376400, 377498a, ac379999",7,0.9219079346896244,0.11197790352065529,57,57
fixed_test,6,3,impressed|3|03,"376400, 377498a, ac379999",8,0.9219079346896244,0.11833183959406468,57,57
fixed_test,6,3,impressed|3|03,"376400, 377498a, ac379999",9,0.9219079346896244,0.14840100794172095,57,57
fixed_test,6,3,impressed|3|04,"376400, 378619a, ac379999",0,0.9219079346896244,0.11095301276731639,67,67
fixed_test,6,3,impressed|3|04,"376400, 378619a, ac379999",1,0.9219079346896244,0.13092213514239237,67,67
fixed_test,6,3,impressed|3|04,"376400, 378619a, ac379999",2,0.9219079346896244,0.12420506242604035,67,67
fixed_test,6,3,impressed|3|04,"376400, 378619a, ac379999",3,0.9219079346896244,0.14164081208868828,67,67
fixed_test,6,3,impressed|3|04,"376400, 378619a, ac379999",4,0.9219079346896244,0.13102753385672483,67,67
fixed_test,6,3,impressed|3|04,"376400, 378619a, ac379999",5,0.9219079346896244,0.11465621394232839,67,67
fixed_test,6,3,impressed|3|04,"376400, 378619a, ac379999",6,0.9219079346896244,0.11751558886188951,67,67
fixed_test,6,3,impressed|3|04,"376400, 378619a, ac379999",7,0.9219079346896244,0.1557257774762415,67,67
fixed_test,6,3,impressed|3|04,"376400, 378619a, ac379999",8,0.9219079346896244,0.14148351381507984,67,67
fixed_test,6,3,impressed|3|04,"376400, 378619a, ac379999",9,0.9219079346896244,0.13457927410483084,67,67
fixed_test,6,3,impressed|3|05,"376400, 377498a, ac370606",0,0.9219079346896244,0.091970538380546807,53,53
fixed_test,6,3,impressed|3|05,"376400, 377498a, ac370606",1,0.9219079346896244,0.077867886589191193,53,53
fixed_test,6,3,impressed|3|05,"376400, 377498a, ac370606",2,0.9219079346896244,0.10073435989825197,53,53
fixed_test,6,3,impressed|3|05,"376400, 377498a, ac370606",3,0.9219079346896244,0.15193949377343485,53,53
fixed_test,6,3,impressed|3|05,"376400, 377498a, ac370606",4,0.9219079346896244,0.13198526866076377,53,53
fixed_test,6,3,impressed|3|05,"376400, 377498a, ac370606",5,0.9219079346896244,0.13810586824844373,53,53
fixed_test,6,3,impressed|3|05,"376400, 377498a, ac370606",6,0.9219079346896244,0.10825881882973454,53,53
fixed_test,6,3,impressed|3|05,"376400, 377498a, ac370606",7,0.9219079346896244,0.11465621394232839,53,53
fixed_test,6,3,impressed|3|05,"376400, 377498a, ac370606",8,0.9219079346896244,0.10451156766587022,53,53
fixed_test,6,3,impressed|3|05,"376400, 377498a, ac370606",9,0.9219079346896244,0.12117166563638082,53,53
fixed_test,6,3,impressed|3|06,"378619a, ac379999, ac419100",0,0.9219079346896244,0.028578057017234926,77,77
fixed_test,6,3,impressed|3|06,"378619a, ac379999, ac419100",1,0.9219079346896244,0.027561905403661657,77,77
fixed_test,6,3,impressed|3|06,"378619a, ac379999, ac419100",2,0.9219079346896244,0.049744122956614123,77,77
fixed_test,6,3,impressed|3|06,"378619a, ac379999, ac419100",3,0.9219079346896244,0.018374603602441142,77,77
fixed_test,6,3,impressed|3|06,"378619a, ac379999, ac419100",4,0.9219079346896244,0.021616155800307957,77,77
fixed_test,6,3,impressed|3|06,"378619a, ac379999, ac419100",5,0.9219079346896244,0.047129382639428119,77,77
fixed_test,6,3,impressed|3|06,"378619a, ac379999, ac419100",6,0.9219079346896244,0.032677695901863424,77,77
fixed_test,6,3,impressed|3|06,"378619a, ac379999, ac419100",7,0.9219079346896244,0.047129382639428119,77,77
fixed_test,6,3,impressed|3|06,"378619a, ac379999, ac419100",8,0.9219079346896244,0.043092554070931155,77,77
fixed_test,6,3,impressed|3|06,"378619a, ac379999, ac419100",9,0.9219079346896244,0.032677695901863424,77,77
fixed_test,6,3,impressed|3|07,"378619a, 387042a, ac379999",0,0.9219079346896244,0.019302394206138551,26,26
fixed_test,6,3,impressed|3|07,"378619a, 387042a, ac379999",1,0.9219079346896244,0,26,26
fixed_test,6,3,impressed|3|07,"378619a, 387042a, ac379999",2,0.9219079346896244,0.019302394206138551,26,26
fixed_test,6,3,impressed|3|07,"378619a, 387042a, ac379999",3,0.9219079346896244,0.01512687267524504,26,26
fixed_test,6,3,impressed|3|07,"378619a, 387042a, ac379999",4,0.9219079346896244,0.01512687267524504,26,26
fixed_test,6,3,impressed|3|07,"378619a, 387042a, ac379999",5,0.9219079346896244,0.020288234459697629,26,26
fixed_test,6,3,impressed|3|07,"378619a, 387042a, ac379999",6,0.9219079346896244,0.01512687267524504,26,26
fixed_test,6,3,impressed|3|07,"378619a, 387042a, ac379999",7,0.9219079346896244,0.019302394206138551,26,26
fixed_test,6,3,impressed|3|07,"378619a, 387042a, ac379999",8,0.9219079346896244,0.030805428398541723,26,26
fixed_test,6,3,impressed|3|07,"378619a, 387042a, ac379999",9,0.9219079346896244,0.01512687267524504,26,26
fixed_test,6,3,impressed|3|08,"376400, 378619a, ac411100",0,0.9219079346896244,0,18,18
fixed_test,6,3,impressed|3|08,"376400, 378619a, ac411100",1,0.9219079346896244,0.016094801433243822,18,18
fixed_test,6,3,impressed|3|08,"376400, 378619a, ac411100",2,0.9219079346896244,0.0058049788766831867,18,18
fixed_test,6,3,impressed|3|08,"376400, 378619a, ac411100",3,0.9219079346896244,0.0058049788766831867,18,18
fixed_test,6,3,impressed|3|08,"376400, 378619a, ac411100",4,0.9219079346896244,0.0058049788766831867,18,18
fixed_test,6,3,impressed|3|08,"376400, 378619a, ac411100",5,0.9219079346896244,0.0058049788766831867,18,18
fixed_test,6,3,impressed|3|08,"376400, 378619a, ac411100",6,0.9219079346896244,0.0091873018012205154,18,18
fixed_test,6,3,impressed|3|08,"376400, 378619a, ac411100",7,0.9219079346896244,0.01512687267524504,18,18
fixed_test,6,3,impressed|3|08,"376400, 378619a, ac411100",8,0.9219079346896244,0.010918682100643062,18,18
fixed_test,6,3,impressed|3|08,"376400, 378619a, ac411100",9,0.9219079346896244,0.0058049788766831867,18,18
fixed_test,6,3,impressed|3|09,"387042a, ac410100, ac419100",0,0.9219079346896244,0,27,27
fixed_test,6,3,impressed|3|09,"387042a, ac410100, ac419100",1,0.9219079346896244,-0.00070699358804016121,27,27
fixed_test,6,3,impressed|3|09,"387042a, ac410100, ac419100",2,0.9219079346896244,0.0034873883256382188,27,27
fixed_test,6,3,impressed|3|09,"387042a, ac410100, ac419100",3,0.9219079346896244,0.018374603602441142,27,27
fixed_test,6,3,impressed|3|09,"387042a, ac410100, ac419100",4,0.9219079346896244,0.0049852555988038061,27,26
fixed_test,6,3,impressed|3|09,"387042a, ac410100, ac419100",5,0.9219079346896244,0.0083971324969405181,27,27
fixed_test,6,3,impressed|3|09,"387042a, ac410100, ac419100",6,0.9219079346896244,-0.0049313771201074941,27,27
fixed_test,6,3,impressed|3|09,"387042a, ac410100, ac419100",7,0.9219079346896244,0.0042137089036762276,27,27
fixed_test,6,3,impressed|3|09,"387042a, ac410100, ac419100",8,0.9219079346896244,0.0042137089036762276,27,27
fixed_test,6,3,impressed|3|09,"387042a, ac410100, ac419100",9,0.9219079346896244,0.0034873883256382188,27,26
fixed_test,6,3,impressed|3|10,"378619a, ac370000, ac379999",0,0.9219079346896244,0.085635453958822216,81,81
fixed_test,6,3,impressed|3|10,"378619a, ac370000, ac379999",1,0.9219079346896244,0.057766443895915898,81,81
fixed_test,6,3,impressed|3|10,"378619a, ac370000, ac379999",2,0.9219079346896244,0.070327597663748409,81,81
fixed_test,6,3,impressed|3|10,"378619a, ac370000, ac379999",3,0.9219079346896244,0.063188234805053423,81,81
fixed_test,6,3,impressed|3|10,"378619a, ac370000, ac379999",4,0.9219079346896244,0.055210155537711803,81,81
fixed_test,6,3,impressed|3|10,"378619a, ac370000, ac379999",5,0.9219079346896244,0.067135996254970576,81,81
fixed_test,6,3,impressed|3|10,"378619a, ac370000, ac379999",6,0.9219079346896244,0.062389066875591537,81,81
fixed_test,6,3,impressed|3|10,"378619a, ac370000, ac379999",7,0.9219079346896244,0.033770660272369302,81,81
fixed_test,6,3,impressed|3|10,"378619a, ac370000, ac379999",8,0.9219079346896244,0.047129382639428119,81,81
fixed_test,6,3,impressed|3|10,"378619a, ac370000, ac379999",9,0.9219079346896244,0.044350861456329493,81,81
fixed_train,6,3,apriori|1|01,ac419100,0,0.99332496178035201,0.043735868365796904,846,742
fixed_train,6,3,apriori|1|01,ac419100,1,0.99332496178035201,0.047961713219183522,846,743
fixed_train,6,3,apriori|1|01,ac419100,2,0.99332496178035201,0.046646257282517922,846,749
fixed_train,6,3,apriori|1|01,ac419100,3,0.99332496178035201,0.05345323117641132,846,738
fixed_train,6,3,apriori|1|01,ac419100,4,0.99332496178035201,0.03827237654909843,846,741
fixed_train,6,3,apriori|1|01,ac419100,5,0.99332496178035201,0.047261859502847781,846,747
fixed_train,6,3,apriori|1|01,ac419100,6,0.99332496178035201,0.049394029983901189,846,738
fixed_train,6,3,apriori|1|01,ac419100,7,0.99332496178035201,0.046303708762736817,846,740
fixed_train,6,3,apriori|1|01,ac419100,8,0.99332496178035201,0.03934865117508668,846,747
fixed_train,6,3,apriori|1|01,ac419100,9,0.99332496178035201,0.044804111932068569,846,760
fixed_train,6,3,apriori|1|02,ac370000,0,0.99332496178035201,0.12295066314214409,632,628
fixed_train,6,3,apriori|1|02,ac370000,1,0.99332496178035201,0.13633261232126404,632,626
fixed_train,6,3,apriori|1|02,ac370000,2,0.99332496178035201,0.14270744263731461,632,628
fixed_train,6,3,apriori|1|02,ac370000,3,0.99332496178035201,0.12102288896452984,632,628
fixed_train,6,3,apriori|1|02,ac370000,4,0.99332496178035201,0.12088224465673125,632,626
fixed_train,6,3,apriori|1|02,ac370000,5,0.99332496178035201,0.10423414491188998,632,632
fixed_train,6,3,apriori|1|02,ac370000,6,0.99332496178035201,0.1254531524978324,632,627
fixed_train,6,3,apriori|1|02,ac370000,7,0.99332496178035201,0.13490666247715621,632,631
fixed_train,6,3,apriori|1|02,ac370000,8,0.99332496178035201,0.13521754117735618,632,627
fixed_train,6,3,apriori|1|02,ac370000,9,0.99332496178035201,0.13490666247715621,632,629
fixed_train,6,3,apriori|1|03,ac379999,0,0.99332496178035201,0.056432091240140703,623,613
fixed_train,6,3,apriori|1|03,ac379999,1,0.99332496178035201,0.055722222474375971,623,608
fixed_train,6,3,apriori|1|03,ac379999,2,0.99332496178035201,0.06026020507030494,623,606
fixed_train,6,3,apriori|1|03,ac379999,3,0.99332496178035201,0.058278824533509854,623,608
fixed_train,6,3,apriori|1|03,ac379999,4,0.99332496178035201,0.054929616354253197,623,617
fixed_train,6,3,apriori|1|03,ac379999,5,0.99332496178035201,0.059344369768940197,623,609
fixed_train,6,3,apriori|1|03,ac379999,6,0.99332496178035201,0.053720658726270631,623,606
fixed_train,6,3,apriori|1|03,ac379999,7,0.99332496178035201,0.062230571949935864,623,607
fixed_train,6,3,apriori|1|03,ac379999,8,0.99332496178035201,0.054655074439736828,623,608
fixed_train,6,3,apriori|1|03,ac379999,9,0.99332496178035201,0.065853465138499545,623,617
fixed_train,6,3,apriori|1|04,370407,0,0.99332496178035201,0.038365941378420421,542,533
fixed_train,6,3,apriori|1|04,370407,1,0.99332496178035201,0.036113892398517033,542,535
fixed_train,6,3,apriori|1|04,370407,2,0.99332496178035201,0.041495383628666227,542,536
fixed_train,6,3,apriori|1|04,370407,3,0.99332496178035201,0.037014414154404429,542,530
fixed_train,6,3,apriori|1|04,370407,4,0.99332496178035201,0.030368419098065313,542,525
fixed_train,6,3,apriori|1|04,370407,5,0.99332496178035201,0.042870039338227195,542,533
fixed_train,6,3,apriori|1|04,370407,6,0.99332496178035201,0.04490850452761741,542,531
fixed_train,6,3,apriori|1|04,370407,7,0.99332496178035201,0.047151267255759244,542,530
fixed_train,6,3,apriori|1|04,370407,8,0.99332496178035201,0.043188307839078455,542,531
fixed_train,6,3,apriori|1|04,370407,9,0.99332496178035201,0.033612992333869163,542,534
fixed_train,6,3,apriori|1|05,ac370419,0,0.99332496178035201,0.039540464467113345,527,510
fixed_train,6,3,apriori|1|05,ac370419,1,0.99332496178035201,0.031530264333786473,527,510
fixed_train,6,3,apriori|1|05,ac370419,2,0.99332496178035201,0.034944430558900508,527,510
fixed_train,6,3,apriori|1|05,ac370419,3,0.99332496178035201,0.044266284940365219,527,512
fixed_train,6,3,apriori|1|05,ac370419,4,0.99332496178035201,0.045231327387531106,527,518
fixed_train,6,3,apriori|1|05,ac370419,5,0.99332496178035201,0.03512016794878825,527,515
fixed_train,6,3,apriori|1|05,ac370419,6,0.99332496178035201,0.03827237654909843,527,515
fixed_train,6,3,apriori|1|05,ac370419,7,0.99332496178035201,0.039738167326141882,527,509
fixed_train,6,3,apriori|1|05,ac370419,8,0.99332496178035201,0.034858535136576108,527,513
fixed_train,6,3,apriori|1|05,ac370419,9,0.99332496178035201,0.031530264333786473,527,517
fixed_train,6,3,apriori|1|06,ac410100,0,0.99332496178035201,0.030218634262818234,528,506
fixed_train,6,3,apriori|1|06,ac410100,1,0.99332496178035201,0.039254898891535217,528,507
fixed_train,6,3,apriori|1|06,ac410100,2,0.99332496178035201,0.03827237654909843,528,500
fixed_train,6,3,apriori|1|06,ac410100,3,0.99332496178035201,0.032613477117320766,528,503
fixed_train,6,3,apriori|1|06,ac410100,4,0.99332496178035201,0.03944383258901385,528,493
fixed_train,6,3,apriori|1|06,ac410100,5,0.99332496178035201,0.038000027894361521,528,493
fixed_train,6,3,apriori|1|06,ac410100,6,0.99332496178035201,0.034944430558900508,528,501
fixed_train,6,3,apriori|1|06,ac410100,7,0.99332496178035201,0.034858535136576108,528,507
fixed_train,6,3,apriori|1|06,ac410100,8,0.99332496178035201,0.040327664092788762,528,497
fixed_train,6,3,apriori|1|06,ac410100,9,0.99332496178035201,0.038893770237922176,528,506
fixed_train,6,3,apriori|1|07,ac370443,0,0.99332496178035201,0.032694729543843781,520,509
fixed_train,6,3,apriori|1|07,ac370443,1,0.99332496178035201,0.040921792109136379,520,501
fixed_train,6,3,apriori|1|07,ac370443,2,0.99332496178035201,0.029136544494589689,520,506
fixed_train,6,3,apriori|1|07,ac370443,3,0.99332496178035201,0.037379368282217107,520,506
fixed_train,6,3,apriori|1|07,ac370443,4,0.99332496178035201,0.036483189207326516,520,510
fixed_train,6,3,apriori|1|07,ac370443,5,0.99332496178035201,0.03169053635957142,520,506
fixed_train,6,3,apriori|1|07,ac370443,6,0.99332496178035201,0.035210049711918434,520,511
fixed_train,6,3,apriori|1|07,ac370443,7,0.99332496178035201,0.03728604970190541,520,504
fixed_train,6,3,apriori|1|07,ac370443,8,0.99332496178035201,0.034034128767654881,520,507
fixed_train,6,3,apriori|1|07,ac370443,9,0.99332496178035201,0.03512016794878825,520,507
fixed_train,6,3,apriori|1|08,ac370442,0,0.99332496178035201,0.046416169615933089,517,498
fixed_train,6,3,apriori|1|08,ac370442,1,0.99332496178035201,0.028123361078809972,517,507
fixed_train,6,3,apriori|1|08,ac370442,2,0.99332496178035201,0.034944430558900508,517,505
fixed_train,6,3,apriori|1|08,ac370442,3,0.99332496178035201,0.04534223070857224,517,501
fixed_train,6,3,apriori|1|08,ac370442,4,0.99332496178035201,0.032613477117320766,517,507
fixed_train,6,3,apriori|1|08,ac370442,5,0.99332496178035201,0.03944383258901385,517,499
fixed_train,6,3,apriori|1|08,ac370442,6,0.99332496178035201,0.030763318196766365,517,508
fixed_train,6,3,apriori|1|08,ac370442,7,0.99332496178035201,0.040717730378211248,517,500
fixed_train,6,3,apriori|1|08,ac370442,8,0.99332496178035201,0.042002226133253662,517,506
fixed_train,6,3,apriori|1|08,ac370442,9,0.99332496178035201,0.036204133368891278,517,504
fixed_train,6,3,apriori|1|09,370712b,0,0.99332496178035201,0.036295749155838331,497,487
fixed_train,6,3,apriori|1|09,370712b,1,0.99332496178035201,0.036926574714175597,497,483
fixed_train,6,3,apriori|1|09,370712b,2,0.99332496178035201,0.028342566948501235,497,486
fixed_train,6,3,apriori|1|09,370712b,3,0.99332496178035201,0.039738167326141882,497,487
fixed_train,6,3,apriori|1|09,370712b,4,0.99332496178035201,0.039839283388624414,497,479
fixed_train,6,3,apriori|1|09,370712b,5,0.99332496178035201,0.037379368282217107,497,481
fixed_train,6,3,apriori|1|09,370712b,6,0.99332496178035201,0.032454614413270688,497,482
fixed_train,6,3,apriori|1|09,370712b,7,0.99332496178035201,0.032860967615359171,497,485
fixed_train,6,3,apriori|1|09,370712b,8,0.99332496178035201,0.03934865117508668,497,486
fixed_train,6,3,apriori|1|09,370712b,9,0.99332496178035201,0.026966402702481629,497,477
fixed_train,6,3,apriori|1|10,ac411100,0,0.99332496178035201,0.023759561110658134,492,452
fixed_train,6,3,apriori|1|10,ac411100,1,0.99332496178035201,0.023824166281643189,492,448
fixed_train,6,3,apriori|1|10,ac411100,2,0.99332496178035201,0.027322697729483592,492,455
fixed_train,6,3,apriori|1|10,ac411100,3,0.99332496178035201,0.023759561110658134,492,456
fixed_train,6,3,apriori|1|10,ac411100,4,0.99332496178035201,0.027105696478903263,492,453
fixed_train,6,3,apriori|1|10,ac411100,5,0.99332496178035201,0.029510887991287871,492,445
fixed_train,6,3,apriori|1|10,ac411100,6,0.99332496178035201,0.027105696478903263,492,449
fixed_train,6,3,apriori|1|10,ac411100,7,0.99332496178035201,0.019196523453503755,492,445
fixed_train,6,3,apriori|1|10,ac411100,8,0.99332496178035201,0.026013975875866069,492,451
fixed_train,6,3,apriori|1|10,ac411100,9,0.99332496178035201,0.02717693935025145,492,453
fixed_train,6,3,apriori|2|01,"ac370000, ac379999",0,0.99332496178035201,0.10467391067365528,623,623
fixed_train,6,3,apriori|2|01,"ac370000, ac379999",1,0.99332496178035201,0.103378227365302,623,622
fixed_train,6,3,apriori|2|01,"ac370000, ac379999",2,0.99332496178035201,0.093323752824406414,623,619
fixed_train,6,3,apriori|2|01,"ac370000, ac379999",3,0.99332496178035201,0.10057053832539198,623,622
fixed_train,6,3,apriori|2|01,"ac370000, ac379999",4,0.99332496178035201,0.085627819376944636,623,623
fixed_train,6,3,apriori|2|01,"ac370000, ac379999",5,0.99332496178035201,0.10488495743496029,623,620
fixed_train,6,3,apriori|2|01,"ac370000, ac379999",6,0.99332496178035201,0.094357338587365835,623,621
fixed_train,6,3,apriori|2|01,"ac370000, ac379999",7,0.99332496178035201,0.083139530508084425,623,623
fixed_train,6,3,apriori|2|01,"ac370000, ac379999",8,0.99332496178035201,0.079370433143840624,623,621
fixed_train,6,3,apriori|2|01,"ac370000, ac379999",9,0.99332496178035201,0.094871165212493724,623,623
fixed_train,6,3,apriori|2|02,"ac370000, ac419100",0,0.99332496178035201,0.06790611477828401,582,579
fixed_train,6,3,apriori|2|02,"ac370000, ac419100",1,0.99332496178035201,0.072312178972260943,582,582
fixed_train,6,3,apriori|2|02,"ac370000, ac419100",2,0.99332496178035201,0.074790528901170217,582,579
fixed_train,6,3,apriori|2|02,"ac370000, ac419100",3,0.99332496178035201,0.083759601753697122,582,582
fixed_train,6,3,apriori|2|02,"ac370000, ac419100",4,0.99332496178035201,0.075651725426758465,582,580
fixed_train,6,3,apriori|2|02,"ac370000, ac419100",5,0.99332496178035201,0.085010344081949185,582,580
fixed_train,6,3,apriori|2|02,"ac370000, ac419100",6,0.99332496178035201,0.070555474018095921,582,579
fixed_train,6,3,apriori|2|02,"ac370000, ac419100",7,0.99332496178035201,0.072495724193541444,582,582
fixed_train,6,3,apriori|2|02,"ac370000, ac419100",8,0.99332496178035201,0.06374101705594204,582,582
fixed_train,6,3,apriori|2|02,"ac370000, ac419100",9,0.99332496178035201,0.070727026318696762,582,582
fixed_train,6,3,apriori|2|03,"ac379999, ac419100",0,0.99332496178035201,0.061469531401890709,577,577
fixed_train,6,3,apriori|2|03,"ac379999, ac419100",1,0.99332496178035201,0.062681929532067304,577,575
fixed_train,6,3,apriori|2|03,"ac379999, ac419100",2,0.99332496178035201,0.067229927417425728,577,575
fixed_train,6,3,apriori|2|03,"ac379999, ac419100",3,0.99332496178035201,0.052383588785685609,577,576
fixed_train,6,3,apriori|2|03,"ac379999, ac419100",4,0.99332496178035201,0.062529196368269369,577,574
fixed_train,6,3,apriori|2|03,"ac379999, ac419100",5,0.99332496178035201,0.066337885719790379,577,575
fixed_train,6,3,apriori|2|03,"ac379999, ac419100",6,0.99332496178035201,0.069674239051607523,577,575
fixed_train,6,3,apriori|2|03,"ac379999, ac419100",7,0.99332496178035201,0.061469531401890709,577,576
fixed_train,6,3,apriori|2|03,"ac379999, ac419100",8,0.99332496178035201,0.065443725303399258,577,573
fixed_train,6,3,apriori|2|03,"ac379999, ac419100",9,0.99332496178035201,0.062681929532067304,577,576
fixed_train,6,3,apriori|2|04,"370407, ac370000",0,0.99332496178035201,0.089476762238781982,542,542
fixed_train,6,3,apriori|2|04,"370407, ac370000",1,0.99332496178035201,0.07853365518871358,542,540
fixed_train,6,3,apriori|2|04,"370407, ac370000",2,0.99332496178035201,0.094414749106666584,542,541
fixed_train,6,3,apriori|2|04,"370407, ac370000",3,0.99332496178035201,0.096427494802042046,542,541
fixed_train,6,3,apriori|2|04,"370407, ac370000",4,0.99332496178035201,0.10756481505659032,542,542
fixed_train,6,3,apriori|2|04,"370407, ac370000",5,0.99332496178035201,0.087085998155425948,542,541
fixed_train,6,3,apriori|2|04,"370407, ac370000",6,0.99332496178035201,0.10467391067365528,542,541
fixed_train,6,3,apriori|2|04,"370407, ac370000",7,0.99332496178035201,0.10053954785955854,542,539
fixed_train,6,3,apriori|2|04,"370407, ac370000",8,0.99332496178035201,0.076230717529028102,542,540
fixed_train,6,3,apriori|2|04,"370407, ac370000",9,0.99332496178035201,0.0977444144940397,542,541
fixed_train,6,3,apriori|2|05,"370407, ac379999",0,0.99332496178035201,0.057712171283077929,536,535
fixed_train,6,3,apriori|2|05,"370407, ac379999",1,0.99332496178035201,0.059554173348384865,536,535
fixed_train,6,3,apriori|2|05,"370407, ac379999",2,0.99332496178035201,0.048328883252108157,536,534
fixed_train,6,3,apriori|2|05,"370407, ac379999",3,0.99332496178035201,0.045870495315985749,536,534
fixed_train,6,3,apriori|2|05,"370407, ac379999",4,0.99332496178035201,0.045122088318130693,536,536
fixed_train,6,3,apriori|2|05,"370407, ac379999",5,0.99332496178035201,0.062084612119191918,536,536
fixed_train,6,3,apriori|2|05,"370407, ac379999",6,0.99332496178035201,0.052942038679353876,536,536
fixed_train,6,3,apriori|2|05,"370407, ac379999",7,0.99332496178035201,0.049280559771348265,536,536
fixed_train,6,3,apriori|2|05,"370407, ac379999",8,0.99332496178035201,0.058365080896469301,536,535
fixed_train,6,3,apriori|2|05,"370407, ac379999",9,0.99332496178035201,0.047603851096755689,536,535
fixed_train,6,3,apriori|2|06,"ac370000, ac370419",0,0.99332496178035201,0.089157875496102323,527,525
fixed_train,6,3,apriori|2|06,"ac370000, ac370419",1,0.99332496178035201,0.08812110311598087,527,523
fixed_train,6,3,apriori|2|06,"ac370000, ac370419",2,0.99332496178035201,0.09544377126982817,527,527
fixed_train,6,3,apriori|2|06,"ac370000, ac370419",3,0.99332496178035201,0.081912902288352352,527,526
fixed_train,6,3,apriori|2|06,"ac370000, ac370419",4,0.99332496178035201,0.07282695967214714,527,523
fixed_train,6,3,apriori|2|06,"ac370000, ac370419",5,0.99332496178035201,0.06601250270999337,527,526
fixed_train,6,3,apriori|2|06,"ac370000, ac370419",6,0.99332496178035201,0.092037608765613843,527,526
fixed_train,6,3,apriori|2|06,"ac370000, ac370419",7,0.99332496178035201,0.094414749106666584,527,526
fixed_train,6,3,apriori|2|06,"ac370000, ac370419",8,0.99332496178035201,0.09211725394015946,527,526
fixed_train,6,3,apriori|2|06,"ac370000, ac370419",9,0.99332496178035201,0.094414749106666584,527,527
fixed_train,6,3,apriori|2|07,"ac370000, ac370443",0,0.99332496178035201,0.077369930980249801,520,518
fixed_train,6,3,apriori|2|07,"ac370000, ac370443",1,0.99332496178035201,0.078945684877404387,520,518
fixed_train,6,3,apriori|2|07,"ac370000, ac370443",2,0.99332496178035201,0.095207024535133189,520,517
fixed_train,6,3,apriori|2|07,"ac370000, ac370443",3,0.99332496178035201,0.079083304957430767,520,518
fixed_train,6,3,apriori|2|07,"ac370000, ac370443",4,0.99332496178035201,0.080426074966869265,520,517
fixed_train,6,3,apriori|2|07,"ac370000, ac370443",5,0.99332496178035201,0.08812110311598087,520,518
fixed_train,6,3,apriori|2|07,"ac370000, ac370443",6,0.99332496178035201,0.073927779869342736,520,519
fixed_train,6,3,apriori|2|07,"ac370000, ac370443",7,0.99332496178035201,0.070565577557844983,520,518
fixed_train,6,3,apriori|2|07,"ac370000, ac370443",8,0.99332496178035201,0.09362247778993249,520,519
fixed_train,6,3,apriori|2|07,"ac370000, ac370443",9,0.99332496178035201,0.081046569233195198,520,519
fixed_train,6,3,apriori|2|08,"ac370419, ac379999",0,0.99332496178035201,0.050692337664297149,520,517
fixed_train,6,3,apriori|2|08,"ac370419, ac379999",1,0.99332496178035201,0.053322520168812004,520,520
fixed_train,6,3,apriori|2|08,"ac370419, ac379999",2,0.99332496178035201,0.063285715424810984,520,518
fixed_train,6,3,apriori|2|08,"ac370419, ac379999",3,0.99332496178035201,0.05638233321764774,520,520
fixed_train,6,3,apriori|2|08,"ac370419, ac379999",4,0.99332496178035201,0.053322520168812004,520,520
fixed_train,6,3,apriori|2|08,"ac370419, ac379999",5,0.99332496178035201,0.051311934818671356,520,519
fixed_train,6,3,apriori|2|08,"ac370419, ac379999",6,0.99332496178035201,0.048675369949362057,520,520
fixed_train,6,3,apriori|2|08,"ac370419, ac379999",7,0.99332496178035201,0.053193770616219993,520,520
fixed_train,6,3,apriori|2|08,"ac370419, ac379999",8,0.99332496178035201,0.04534223070857224,520,520
fixed_train,6,3,apriori|2|08,"ac370419, ac379999",9,0.99332496178035201,0.045122088318130693,520,519
fixed_train,6,3,apriori|2|09,"ac370000, ac370442",0,0.99332496178035201,0.086872770577757441,517,517
fixed_train,6,3,apriori|2|09,"ac370000, ac370442",1,0.99332496178035201,0.078945684877404387,517,517
fixed_train,6,3,apriori|2|09,"ac370000, ac370442",2,0.99332496178035201,0.077746155085327673,517,517
fixed_train,6,3,apriori|2|09,"ac370000, ac370442",3,0.99332496178035201,0.071434990625705685,517,515
fixed_train,6,3,apriori|2|09,"ac370000, ac370442",4,0.99332496178035201,0.093717732197079684,517,516
fixed_train,6,3,apriori|2|09,"ac370000, ac370442",5,0.99332496178035201,0.085887905669057574,517,516
fixed_train,6,3,apriori|2|09,"ac370000, ac370442",6,0.99332496178035201,0.07509844532619836,517,516
fixed_train,6,3,apriori|2|09,"ac370000, ac370442",7,0.99332496178035201,0.082927273274130742,517,516
fixed_train,6,3,apriori|2|09,"ac370000, ac370442",8,0.99332496178035201,0.077369930980249801,517,516
fixed_train,6,3,apriori|2|09,"ac370000, ac370442",9,0.99332496178035201,0.07528008893859961,517,515
fixed_train,6,3,apriori|2|10,"ac370419, ac370443",0,0.99332496178035201,0.067733209859686561,516,515
fixed_train,6,3,apriori|2|10,"ac370419, ac370443",1,0.99332496178035201,0.083969747731684752,516,514
fixed_train,6,3,apriori|2|10,"ac370419, ac370443",2,0.99332496178035201,0.062578862401017732,516,514
fixed_train,6,3,apriori|2|10,"ac370419, ac370443",3,0.99332496178035201,0.082308387910258518,516,516
fixed_train,6,3,apriori|2|10,"ac370419, ac370443",4,0.99332496178035201,0.071812715817106354,516,515
fixed_train,6,3,apriori|2|10,"ac370419, ac370443",5,0.99332496178035201,0.079582690379276011,516,515
fixed_train,6,3,apriori|2|10,"ac370419, ac370443",6,0.99332496178035201,0.077685872267146627,516,516
fixed_train,6,3,apriori|2|10,"ac370419, ac370443",7,0.99332496178035201,0.07259343140059904,516,516
fixed_train,6,3,apriori|2|10,"ac370419, ac370443",8,0.99332496178035201,0.078749698371977095,516,516
fixed_train,6,3,apriori|2|10,"ac370419, ac370443",9,0.99332496178035201,0.077282484283304531,516,514
fixed_train,6,3,apriori|3|01,"ac370000, ac379999, ac419100",0,0.99332496178035201,0.081882896475247158,577,577
fixed_train,6,3,apriori|3|01,"ac370000, ac379999, ac419100",1,0.99332496178035201,0.085853700471410388,577,576
fixed_train,6,3,apriori|3|01,"ac370000, ac379999, ac419100",2,0.99332496178035201,0.087906902280564303,577,577
fixed_train,6,3,apriori|3|01,"ac370000, ac379999, ac419100",3,0.99332496178035201,0.091436078323972381,577,577
fixed_train,6,3,apriori|3|01,"ac370000, ac379999, ac419100",4,0.99332496178035201,0.078412135454021037,577,577
fixed_train,6,3,apriori|3|01,"ac370000, ac379999, ac419100",5,0.99332496178035201,0.082309462831542612,577,576
fixed_train,6,3,apriori|3|01,"ac370000, ac379999, ac419100",6,0.99332496178035201,0.086662745488356063,577,577
fixed_train,6,3,apriori|3|01,"ac370000, ac379999, ac419100",7,0.99332496178035201,0.073874152858091957,577,577
fixed_train,6,3,apriori|3|01,"ac370000, ac379999, ac419100",8,0.99332496178035201,0.10032193334806394,577,577
fixed_train,6,3,apriori|3|01,"ac370000, ac379999, ac419100",9,0.99332496178035201,0.074232404858846746,577,577
fixed_train,6,3,apriori|3|02,"370407, ac370000, ac379999",0,0.99332496178035201,0.073024521463917136,536,536
fixed_train,6,3,apriori|3|02,"370407, ac370000, ac379999",1,0.99332496178035201,0.093717732197079684,536,536
fixed_train,6,3,apriori|3|02,"370407, ac370000, ac379999",2,0.99332496178035201,0.085224768440637977,536,536
fixed_train,6,3,apriori|3|02,"370407, ac370000, ac379999",3,0.99332496178035201,0.085224768440637977,536,536
fixed_train,6,3,apriori|3|02,"370407, ac370000, ac379999",4,0.99332496178035201,0.094880894490050327,536,536
fixed_train,6,3,apriori|3|02,"370407, ac370000, ac379999",5,0.99332496178035201,0.093946561792626504,536,536
fixed_train,6,3,apriori|3|02,"370407, ac370000, ac379999",6,0.99332496178035201,0.089757091943843625,536,536
fixed_train,6,3,apriori|3|02,"370407, ac370000, ac379999",7,0.99332496178035201,0.086252106707978671,536,536
fixed_train,6,3,apriori|3|02,"370407, ac370000, ac379999",8,0.99332496178035201,0.099009739439680833,536,536
fixed_train,6,3,apriori|3|02,"370407, ac370000, ac379999",9,0.99332496178035201,0.086455873596454902,536,536
fixed_train,6,3,apriori|3|03,"ac370000, ac370419, ac379999",0,0.99332496178035201,0.095999386070187209,520,520
fixed_train,6,3,apriori|3|03,"ac370000, ac370419, ac379999",1,0.99332496178035201,0.088939276798307376,520,520
fixed_train,6,3,apriori|3|03,"ac370000, ac370419, ac379999",2,0.99332496178035201,0.10386596944525361,520,520
fixed_train,6,3,apriori|3|03,"ac370000, ac370419, ac379999",3,0.99332496178035201,0.08438621417840475,520,519
fixed_train,6,3,apriori|3|03,"ac370000, ac370419, ac379999",4,0.99332496178035201,0.096175934839594746,520,519
fixed_train,6,3,apriori|3|03,"ac370000, ac370419, ac379999",5,0.99332496178035201,0.078599922130821676,520,520
fixed_train,6,3,apriori|3|03,"ac370000, ac370419, ac379999",6,0.99332496178035201,0.095999386070187209,520,520
fixed_train,6,3,apriori|3|03,"ac370000, ac370419, ac379999",7,0.99332496178035201,0.087745405827455381,520,520
fixed_train,6,3,apriori|3|03,"ac370000, ac370419, ac379999",8,0.99332496178035201,0.086883174536478536,520,520
fixed_train,6,3,apriori|3|03,"ac370000, ac370419, ac379999",9,0.99332496178035201,0.086930903553370631,520,520
fixed_train,6,3,apriori|3|04,"ac370000, ac370419, ac370443",0,0.99332496178035201,0.11163321997948672,516,515
fixed_train,6,3,apriori|3|04,"ac370000, ac370419, ac370443",1,0.99332496178035201,0.11738970077173816,516,516
fixed_train,6,3,apriori|3|04,"ac370000, ac370419, ac370443",2,0.99332496178035201,0.12098640010675932,516,516
fixed_train,6,3,apriori|3|04,"ac370000, ac370419, ac370443",3,0.99332496178035201,0.11953190309904715,516,516
fixed_train,6,3,apriori|3|04,"ac370000, ac370419, ac370443",4,0.99332496178035201,0.12655608572663912,516,516
fixed_train,6,3,apriori|3|04,"ac370000, ac370419, ac370443",5,0.99332496178035201,0.13777857562760309,516,515
fixed_train,6,3,apriori|3|04,"ac370000, ac370419, ac370443",6,0.99332496178035201,0.12687736652511816,516,516
fixed_train,6,3,apriori|3|04,"ac370000, ac370419, ac370443",7,0.99332496178035201,0.11163321997948672,516,516
fixed_train,6,3,apriori|3|04,"ac370000, ac370419, ac370443",8,0.99332496178035201,0.11859252928531805,516,516
fixed_train,6,3,apriori|3|04,"ac370000, ac370419, ac370443",9,0.99332496178035201,0.12690118328324862,516,516
fixed_train,6,3,apriori|3|05,"ac370000, ac370442, ac370443",0,0.99332496178035201,0.10309397997556069,514,514
fixed_train,6,3,apriori|3|05,"ac370000, ac370442, ac370443",1,0.99332496178035201,0.1216844970025881,514,514
fixed_train,6,3,apriori|3|05,"ac370000, ac370442, ac370443",2,0.99332496178035201,0.10105528598472868,514,514
fixed_train,6,3,apriori|3|05,"ac370000, ac370442, ac370443",3,0.99332496178035201,0.12039135465429252,514,514
fixed_train,6,3,apriori|3|05,"ac370000, ac370442, ac370443",4,0.99332496178035201,0.11768359540336604,514,514
fixed_train,6,3,apriori|3|05,"ac370000, ac370442, ac370443",5,0.99332496178035201,0.11163321997948672,514,514
fixed_train,6,3,apriori|3|05,"ac370000, ac370442, ac370443",6,0.99332496178035201,0.11567351954352789,514,514
fixed_train,6,3,apriori|3|05,"ac370000, ac370442, ac370443",7,0.99332496178035201,0.11324779118084627,514,514
fixed_train,6,3,apriori|3|05,"ac370000, ac370442, ac370443",8,0.99332496178035201,0.12856090067520787,514,514
fixed_train,6,3,apriori|3|05,"ac370000, ac370442, ac370443",9,0.99332496178035201,0.12590213811485496,514,514
fixed_train,6,3,apriori|3|06,"370407, ac370000, ac370419",0,0.99332496178035201,0.10207547820399487,511,511
fixed_train,6,3,apriori|3|06,"370407, ac370000, ac370419",1,0.99332496178035201,0.11725790415636805,511,511
fixed_train,6,3,apriori|3|06,"370407, ac370000, ac370419",2,0.99332496178035201,0.10773222394737469,511,511
fixed_train,6,3,apriori|3|06,"370407, ac370000, ac370419",3,0.99332496178035201,0.10512600156261709,511,511
fixed_train,6,3,apriori|3|06,"370407, ac370000, ac370419",4,0.99332496178035201,0.12180590204172637,511,511
fixed_train,6,3,apriori|3|06,"370407, ac370000, ac370419",5,0.99332496178035201,0.11939236244504814,511,511
fixed_train,6,3,apriori|3|06,"370407, ac370000, ac370419",6,0.99332496178035201,0.11653427092815427,511,511
fixed_train,6,3,apriori|3|06,"370407, ac370000, ac370419",7,0.99332496178035201,0.11753498002761853,511,511
fixed_train,6,3,apriori|3|06,"370407, ac370000, ac370419",8,0.99332496178035201,0.10018575999554391,511,511
fixed_train,6,3,apriori|3|06,"370407, ac370000, ac370419",9,0.99332496178035201,0.11092922196589339,511,511
fixed_train,6,3,apriori|3|07,"ac370000, ac370419, ac370442",0,0.99332496178035201,0.12223206549051768,512,512
fixed_train,6,3,apriori|3|07,"ac370000, ac370419, ac370442",1,0.99332496178035201,0.10284434768950967,512,512
fixed_train,6,3,apriori|3|07,"ac370000, ac370419, ac370442",2,0.99332496178035201,0.12209314583485775,512,512
fixed_train,6,3,apriori|3|07,"ac370000, ac370419, ac370442",3,0.99332496178035201,0.11910196179569521,512,512
fixed_train,6,3,apriori|3|07,"ac370000, ac370419, ac370442",4,0.99332496178035201,0.12788701839467331,512,512
fixed_train,6,3,apriori|3|07,"ac370000, ac370419, ac370442",5,0.99332496178035201,0.11123341642914375,512,512
fixed_train,6,3,apriori|3|07,"ac370000, ac370419, ac370442",6,0.99332496178035201,0.12129075806843737,512,512
fixed_train,6,3,apriori|3|07,"ac370000, ac370419, ac370442",7,0.99332496178035201,0.1143736879988112,512,512
fixed_train,6,3,apriori|3|07,"ac370000, ac370419, ac370442",8,0.99332496178035201,0.1216844970025881,512,512
fixed_train,6,3,apriori|3|07,"ac370000, ac370419, ac370442",9,0.99332496178035201,0.12059900962732195,512,512
fixed_train,6,3,apriori|3|08,"ac370000, ac370443, ac379999",0,0.99332496178035201,0.091215808108258689,513,513
fixed_train,6,3,apriori|3|08,"ac370000, ac370443, ac379999",1,0.99332496178035201,0.11096354681131304,513,513
fixed_train,6,3,apriori|3|08,"ac370000, ac370443, ac379999",2,0.99332496178035201,0.088518622437920635,513,513
fixed_train,6,3,apriori|3|08,"ac370000, ac370443, ac379999",3,0.99332496178035201,0.081268370007381185,513,513
fixed_train,6,3,apriori|3|08,"ac370000, ac370443, ac379999",4,0.99332496178035201,0.089594613197028883,513,513
fixed_train,6,3,apriori|3|08,"ac370000, ac370443, ac379999",5,0.99332496178035201,0.094295074539772483,513,513
fixed_train,6,3,apriori|3|08,"ac370000, ac370443, ac379999",6,0.99332496178035201,0.10515092790597624,513,513
fixed_train,6,3,apriori|3|08,"ac370000, ac370443, ac379999",7,0.99332496178035201,0.083147920016180099,513,513
fixed_train,6,3,apriori|3|08,"ac370000, ac370443, ac379999",8,0.99332496178035201,0.090628055422558806,513,513
fixed_train,6,3,apriori|3|08,"ac370000, ac370443, ac379999",9,0.99332496178035201,0.088338570866271504,513,513
fixed_train,6,3,apriori|3|09,"ac370419, ac370442, ac370443",0,0.99332496178035201,0.11518397087071386,510,510
fixed_train,6,3,apriori|3|09,"ac370419, ac370442, ac370443",1,0.99332496178035201,0.10793168965734856,510,510
fixed_train,6,3,apriori|3|09,"ac370419, ac370442, ac370443",2,0.99332496178035201,0.1030180041552603,510,510
fixed_train,6,3,apriori|3|09,"ac370419, ac370442, ac370443",3,0.99332496178035201,0.10140610906227354,510,510
fixed_train,6,3,apriori|3|09,"ac370419, ac370442, ac370443",4,0.99332496178035201,0.10392767811962433,510,510
fixed_train,6,3,apriori|3|09,"ac370419, ac370442, ac370443",5,0.99332496178035201,0.10290196390245798,510,510
fixed_train,6,3,apriori|3|09,"ac370419, ac370442, ac370443",6,0.99332496178035201,0.097974859384594826,510,510
fixed_train,6,3,apriori|3|09,"ac370419, ac370442, ac370443",7,0.99332496178035201,0.098239112748325974,510,510
fixed_train,6,3,apriori|3|09,"ac370419, ac370442, ac370443",8,0.99332496178035201,0.096170039914327932,510,510
fixed_train,6,3,apriori|3|09,"ac370419, ac370442, ac370443",9,0.99332496178035201,0.11192817906516062,510,510
fixed_train,6,3,apriori|3|10,"370407, ac370000, ac370443",0,0.99332496178035201,0.12695325739804575,508,508
fixed_train,6,3,apriori|3|10,"370407, ac370000, ac370443",1,0.99332496178035201,0.10847793952865548,508,508
fixed_train,6,3,apriori|3|10,"370407, ac370000, ac370443",2,0.99332496178035201,0.11581238554171802,508,508
fixed_train,6,3,apriori|3|10,"370407, ac370000, ac370443",3,0.99332496178035201,0.099621120024976029,508,508
fixed_train,6,3,apriori|3|10,"370407, ac370000, ac370443",4,0.99332496178035201,0.11150740422322902,508,508
fixed_train,6,3,apriori|3|10,"370407, ac370000, ac370443",5,0.99332496178035201,0.10640598118952649,508,508
fixed_train,6,3,apriori|3|10,"370407, ac370000, ac370443",6,0.99332496178035201,0.12893039454571642,508,508
fixed_train,6,3,apriori|3|10,"370407, ac370000, ac370443",7,0.99332496178035201,0.11898022557505139,508,508
fixed_train,6,3,apriori|3|10,"370407, ac370000, ac370443",8,0.99332496178035201,0.10816190838565121,508,508
fixed_train,6,3,apriori|3|10,"370407, ac370000, ac370443",9,0.99332496178035201,0.12397663156012784,508,508
fixed_train,6,3,impressed|1|01,376400,0,0.99332496178035201,0.13601182779810639,271,264
fixed_train,6,3,impressed|1|01,376400,1,0.99332496178035201,0.13905733860157321,271,257
fixed_train,6,3,impressed|1|01,376400,2,0.99332496178035201,0.1405421404188002,271,264
fixed_train,6,3,impressed|1|01,376400,3,0.99332496178035201,0.14059011972661195,271,267
fixed_train,6,3,impressed|1|01,376400,4,0.99332496178035201,0.13958601837537798,271,262
fixed_train,6,3,impressed|1|01,376400,5,0.99332496178035201,0.13702692241926651,271,259
fixed_train,6,3,impressed|1|01,376400,6,0.99332496178035201,0.12898040702341496,271,263
fixed_train,6,3,impressed|1|01,376400,7,0.99332496178035201,0.13701990835372657,271,256
fixed_train,6,3,impressed|1|01,376400,8,0.99332496178035201,0.14212968892485667,271,265
fixed_train,6,3,impressed|1|01,376400,9,0.99332496178035201,0.15074633751600919,271,260
fixed_train,6,3,impressed|1|02,378619a,0,0.99332496178035201,0.060026468434086766,332,320
fixed_train,6,3,impressed|1|02,378619a,1,0.99332496178035201,0.059686591583915427,332,324
fixed_train,6,3,impressed|1|02,378619a,2,0.99332496178035201,0.07813494101018259,332,322
fixed_train,6,3,impressed|1|02,378619a,3,0.99332496178035201,0.067195789109061987,332,318
fixed_train,6,3,impressed|1|02,378619a,4,0.99332496178035201,0.060936303515268464,332,323
fixed_train,6,3,impressed|1|02,378619a,5,0.99332496178035201,0.071067442741030051,332,327
fixed_train,6,3,impressed|1|02,378619a,6,0.99332496178035201,0.070262005823532925,332,318
fixed_train,6,3,impressed|1|02,378619a,7,0.99332496178035201,0.068511846846036617,332,322
fixed_train,6,3,impressed|1|02,378619a,8,0.99332496178035201,0.063091560183180628,332,324
fixed_train,6,3,impressed|1|02,378619a,9,0.99332496178035201,0.057358113345193917,332,326
fixed_train,6,3,impressed|1|03,ac370000,0,0.99332496178035201,0.12295066314214409,632,628
fixed_train,6,3,impressed|1|03,ac370000,1,0.99332496178035201,0.13633261232126404,632,626
fixed_train,6,3,impressed|1|03,ac370000,2,0.99332496178035201,0.14270744263731461,632,628
fixed_train,6,3,impressed|1|03,ac370000,3,0.99332496178035201,0.12102288896452984,632,628
fixed_train,6,3,impressed|1|03,ac370000,4,0.99332496178035201,0.12088224465673125,632,626
fixed_train,6,3,impressed|1|03,ac370000,5,0.99332496178035201,0.10423414491188998,632,632
fixed_train,6,3,impressed|1|03,ac370000,6,0.99332496178035201,0.1254531524978324,632,627
fixed_train,6,3,impressed|1|03,ac370000,7,0.99332496178035201,0.13490666247715621,632,631
fixed_train,6,3,impressed|1|03,ac370000,8,0.99332496178035201,0.13521754117735618,632,627
fixed_train,6,3,impressed|1|03,ac370000,9,0.99332496178035201,0.13490666247715621,632,629
fixed_train,6,3,impressed|1|04,ac419100,0,0.99332496178035201,0.043735868365796904,846,742
fixed_train,6,3,impressed|1|04,ac419100,1,0.99332496178035201,0.047961713219183522,846,743
fixed_train,6,3,impressed|1|04,ac419100,2,0.99332496178035201,0.046646257282517922,846,749
fixed_train,6,3,impressed|1|04,ac419100,3,0.99332496178035201,0.05345323117641132,846,738
fixed_train,6,3,impressed|1|04,ac419100,4,0.99332496178035201,0.03827237654909843,846,741
fixed_train,6,3,impressed|1|04,ac419100,5,0.99332496178035201,0.047261859502847781,846,747
fixed_train,6,3,impressed|1|04,ac419100,6,0.99332496178035201,0.049394029983901189,846,738
fixed_train,6,3,impressed|1|04,ac419100,7,0.99332496178035201,0.046303708762736817,846,740
fixed_train,6,3,impressed|1|04,ac419100,8,0.99332496178035201,0.03934865117508668,846,747
fixed_train,6,3,impressed|1|04,ac419100,9,0.99332496178035201,0.044804111932068569,846,760
fixed_train,6,3,impressed|1|05,ac10307,0,0.99332496178035201,0.0033669064631586254,112,97
fixed_train,6,3,impressed|1|05,ac10307,1,0.99332496178035201,0.0044937283088544167,112,96
fixed_train,6,3,impressed|1|05,ac10307,2,0.99332496178035201,0.0044717112836719641,112,98
fixed_train,6,3,impressed|1|05,ac10307,3,0.99332496178035201,0.0056228526078406782,112,102
fixed_train,6,3,impressed|1|05,ac10307,4,0.99332496178035201,0.0033669064631586254,112,99
fixed_train,6,3,impressed|1|05,ac10307,5,0.99332496178035201,0.0055984497260044286,112,96
fixed_train,6,3,impressed|1|05,ac10307,6,0.99332496178035201,0.0067543052981912099,112,94
fixed_train,6,3,impressed|1|05,ac10307,7,0.99332496178035201,0.0055984497260044286,112,106
fixed_train,6,3,impressed|1|05,ac10307,8,0.99332496178035201,0.0033669064631586254,112,99
fixed_train,6,3,impressed|1|05,ac10307,9,0.99332496178035201,0.0056228526078406782,112,101
fixed_train,6,3,impressed|1|06,ac415100,0,0.99332496178035201,0.015845451579386216,273,264
fixed_train,6,3,impressed|1|06,ac415100,1,0.99332496178035201,0.0089000509595307253,273,256
fixed_train,6,3,impressed|1|06,ac415100,2,0.99332496178035201,0.011230753137470795,273,247
fixed_train,6,3,impressed|1|06,ac415100,3,0.99332496178035201,0.013389110886327882,273,262
fixed_train,6,3,impressed|1|06,ac415100,4,0.99332496178035201,0.010094812908745698,273,259
fixed_train,6,3,impressed|1|06,ac415100,5,0.99332496178035201,0.011267063605487793,273,258
fixed_train,6,3,impressed|1|06,ac415100,6,0.99332496178035201,0.010061536251696257,273,255
fixed_train,6,3,impressed|1|06,ac415100,7,0.99332496178035201,0.0089925292178311134,273,257
fixed_train,6,3,impressed|1|06,ac415100,8,0.99332496178035201,0.013551298426287994,273,258
fixed_train,6,3,impressed|1|06,ac415100,9,0.99332496178035201,0.013428741531656185,273,262
fixed_train,6,3,impressed|1|07,ac337441,0,0.99332496178035201,0,3,1
fixed_train,6,3,impressed|1|07,ac337441,1,0.99332496178035201,0,3,3
fixed_train,6,3,impressed|1|07,ac337441,2,0.99332496178035201,0,3,2
fixed_train,6,3,impressed|1|07,ac337441,3,0.99332496178035201,0,3,2
fixed_train,6,3,impressed|1|07,ac337441,4,0.99332496178035201,0,3,3
fixed_train,6,3,impressed|1|07,ac337441,5,0.99332496178035201,0,3,2
fixed_train,6,3,impressed|1|07,ac337441,6,0.99332496178035201,0,3,2
fixed_train,6,3,impressed|1|07,ac337441,7,0.99332496178035201,0,3,1
fixed_train,6,3,impressed|1|07,ac337441,8,0.99332496178035201,0,3,2
fixed_train,6,3,impressed|1|07,ac337441,9,0.99332496178035201,0,3,0
fixed_train,6,3,impressed|1|08,ac379999,0,0.99332496178035201,0.056432091240140703,623,613
fixed_train,6,3,impressed|1|08,ac379999,1,0.99332496178035201,0.055722222474375971,623,608
fixed_train,6,3,impressed|1|08,ac379999,2,0.99332496178035201,0.06026020507030494,623,606
fixed_train,6,3,impressed|1|08,ac379999,3,0.99332496178035201,0.058278824533509854,623,608
fixed_train,6,3,impressed|1|08,ac379999,4,0.99332496178035201,0.054929616354253197,623,617
fixed_train,6,3,impressed|1|08,ac379999,5,0.99332496178035201,0.059344369768940197,623,609
fixed_train,6,3,impressed|1|08,ac379999,6,0.99332496178035201,0.053720658726270631,623,606
fixed_train,6,3,impressed|1|08,ac379999,7,0.99332496178035201,0.062230571949935864,623,607
fixed_train,6,3,impressed|1|08,ac379999,8,0.99332496178035201,0.054655074439736828,623,608
fixed_train,6,3,impressed|1|08,ac379999,9,0.99332496178035201,0.065853465138499545,623,617
fixed_train,6,3,impressed|1|09,ac378431,0,0.99332496178035201,0.0022079252970720331,11,10
fixed_train,6,3,impressed|1|09,ac378431,1,0.99332496178035201,0,11,11
fixed_train,6,3,impressed|1|09,ac378431,2,0.99332496178035201,0.0011050022487175681,11,10
fixed_train,6,3,impressed|1|09,ac378431,3,0.99332496178035201,0.0011050022487175681,11,11
fixed_train,6,3,impressed|1|09,ac378431,4,0.99332496178035201,0.0022079252970720331,11,10
fixed_train,6,3,impressed|1|09,ac378431,5,0.99332496178035201,0.0011050022487175681,11,9
fixed_train,6,3,impressed|1|09,ac378431,6,0.99332496178035201,0,11,11
fixed_train,6,3,impressed|1|09,ac378431,7,0.99332496178035201,0.0011050022487175681,11,10
fixed_train,6,3,impressed|1|09,ac378431,8,0.99332496178035201,0,11,8
fixed_train,6,3,impressed|1|09,ac378431,9,0.99332496178035201,0.0022079252970720331,11,10
fixed_train,6,3,impressed|1|10,378490e,0,0.99332496178035201,0,4,4
fixed_train,6,3,impressed|1|10,378490e,1,0.99332496178035201,0,4,3
fixed_train,6,3,impressed|1|10,378490e,2,0.99332496178035201,0,4,4
fixed_train,6,3,impressed|1|10,378490e,3,0.99332496178035201,0,4,3
fixed_train,6,3,impressed|1|10,378490e,4,0.99332496178035201,0,4,4
fixed_train,6,3,impressed|1|10,378490e,5,0.99332496178035201,0,4,4
fixed_train,6,3,impressed|1|10,378490e,6,0.99332496178035201,0,4,3
fixed_train,6,3,impressed|1|10,378490e,7,0.99332496178035201,0,4,3
fixed_train,6,3,impressed|1|10,378490e,8,0.99332496178035201,0,4,4
fixed_train,6,3,impressed|1|10,378490e,9,0.99332496178035201,0,4,3
fixed_train,6,3,impressed|2|01,"376400, 377498a",0,0.99332496178035201,0.15113081098726733,237,237
fixed_train,6,3,impressed|2|01,"376400, 377498a",1,0.99332496178035201,0.13802971710457645,237,237
fixed_train,6,3,impressed|2|01,"376400, 377498a",2,0.99332496178035201,0.14002857141963987,237,236
fixed_train,6,3,impressed|2|01,"376400, 377498a",3,0.99332496178035201,0.13558806091819486,237,236
fixed_train,6,3,impressed|2|01,"376400, 377498a",4,0.99332496178035201,0.14721703002381403,237,236
fixed_train,6,3,impressed|2|01,"376400, 377498a",5,0.99332496178035201,0.13754206956134685,237,237
fixed_train,6,3,impressed|2|01,"376400, 377498a",6,0.99332496178035201,0.12962751336364819,237,237
fixed_train,6,3,impressed|2|01,"376400, 377498a",7,0.99332496178035201,0.1320285933535652,237,237
fixed_train,6,3,impressed|2|01,"376400, 377498a",8,0.99332496178035201,0.15564133822787196,237,236
fixed_train,6,3,impressed|2|01,"376400, 377498a",9,0.99332496178035201,0.14551444582824324,237,237
fixed_train,6,3,impressed|2|02,"376400, 378619a",0,0.99332496178035201,0.17133008406433325,264,263
fixed_train,6,3,impressed|2|02,"376400, 378619a",1,0.99332496178035201,0.16310078138645401,264,264
fixed_train,6,3,impressed|2|02,"376400, 378619a",2,0.99332496178035201,0.15758496023493296,264,264
fixed_train,6,3,impressed|2|02,"376400, 378619a",3,0.99332496178035201,0.17228051759416518,264,264
fixed_train,6,3,impressed|2|02,"376400, 378619a",4,0.99332496178035201,0.16416589274213877,264,264
fixed_train,6,3,impressed|2|02,"376400, 378619a",5,0.99332496178035201,0.17618003829171724,264,264
fixed_train,6,3,impressed|2|02,"376400, 378619a",6,0.99332496178035201,0.15237035710939073,264,264
fixed_train,6,3,impressed|2|02,"376400, 378619a",7,0.99332496178035201,0.15091997453752726,264,264
fixed_train,6,3,impressed|2|02,"376400, 378619a",8,0.99332496178035201,0.17014495587909362,264,262
fixed_train,6,3,impressed|2|02,"376400, 378619a",9,0.99332496178035201,0.17976682046121073,264,264
fixed_train,6,3,impressed|2|03,"370712b, 376400",0,0.99332496178035201,0.14358812156896061,247,247
fixed_train,6,3,impressed|2|03,"370712b, 376400",1,0.99332496178035201,0.13550907448244309,247,247
fixed_train,6,3,impressed|2|03,"370712b, 376400",2,0.99332496178035201,0.13754206956134685,247,245
fixed_train,6,3,impressed|2|03,"370712b, 376400",3,0.99332496178035201,0.14778252845192286,247,247
fixed_train,6,3,impressed|2|03,"370712b, 376400",4,0.99332496178035201,0.13652286248294321,247,247
fixed_train,6,3,impressed|2|03,"370712b, 376400",5,0.99332496178035201,0.1411278009275152,247,247
fixed_train,6,3,impressed|2|03,"370712b, 376400",6,0.99332496178035201,0.14259113745183161,247,247
fixed_train,6,3,impressed|2|03,"370712b, 376400",7,0.99332496178035201,0.13550907448244309,247,247
fixed_train,6,3,impressed|2|03,"370712b, 376400",8,0.99332496178035201,0.12555516923179832,247,247
fixed_train,6,3,impressed|2|03,"370712b, 376400",9,0.99332496178035201,0.12703026428786379,247,246
fixed_train,6,3,impressed|2|04,"370715a, 376400",0,0.99332496178035201,0.15763417339531349,247,247
fixed_train,6,3,impressed|2|04,"370715a, 376400",1,0.99332496178035201,0.128050078806354,247,246
fixed_train,6,3,impressed|2|04,"370715a, 376400",2,0.99332496178035201,0.1471037642536126,247,246
fixed_train,6,3,impressed|2|04,"370715a, 376400",3,0.99332496178035201,0.13404887864589687,247,246
fixed_train,6,3,impressed|2|04,"370715a, 376400",4,0.99332496178035201,0.14312917417396132,247,246
fixed_train,6,3,impressed|2|04,"370715a, 376400",5,0.99332496178035201,0.13753126709008645,247,247
fixed_train,6,3,impressed|2|04,"370715a, 376400",6,0.99332496178035201,0.14611355282591199,247,246
fixed_train,6,3,impressed|2|04,"370715a, 376400",7,0.99332496178035201,0.15190542474292656,247,246
fixed_train,6,3,impressed|2|04,"370715a, 376400",8,0.99332496178035201,0.15230437112277151,247,247
fixed_train,6,3,impressed|2|04,"370715a, 376400",9,0.99332496178035201,0.14423217653506004,247,246
fixed_train,6,3,impressed|2|05,"378619a, ac379999",0,0.99332496178035201,0.075779055144511887,331,329
fixed_train,6,3,impressed|2|05,"378619a, ac379999",1,0.99332496178035201,0.075779055144511887,331,329
fixed_train,6,3,impressed|2|05,"378619a, ac379999",2,0.99332496178035201,0.073258386257841979,331,330
fixed_train,6,3,impressed|2|05,"378619a, ac379999",3,0.99332496178035201,0.071328982777523087,331,330
fixed_train,6,3,impressed|2|05,"378619a, ac379999",4,0.99332496178035201,0.074068890887504568,331,329
fixed_train,6,3,impressed|2|05,"378619a, ac379999",5,0.99332496178035201,0.06326772909233469,331,331
fixed_train,6,3,impressed|2|05,"378619a, ac379999",6,0.99332496178035201,0.06793058024646681,331,329
fixed_train,6,3,impressed|2|05,"378619a, ac379999",7,0.99332496178035201,0.063091560183180628,331,329
fixed_train,6,3,impressed|2|05,"378619a, ac379999",8,0.99332496178035201,0.070941475403421994,331,331
fixed_train,6,3,impressed|2|05,"378619a, ac379999",9,0.99332496178035201,0.085449666079959297,331,330
fixed_train,6,3,impressed|2|06,"378619a, ac419100",0,0.99332496178035201,0.064343548061358558,308,307
fixed_train,6,3,impressed|2|06,"378619a, ac419100",1,0.99332496178035201,0.07813494101018259,308,308
fixed_train,6,3,impressed|2|06,"378619a, ac419100",2,0.99332496178035201,0.074719326583652101,308,308
fixed_train,6,3,impressed|2|06,"378619a, ac419100",3,0.99332496178035201,0.079587708131797386,308,308
fixed_train,6,3,impressed|2|06,"378619a, ac419100",4,0.99332496178035201,0.070262005823532925,308,305
fixed_train,6,3,impressed|2|06,"378619a, ac419100",5,0.99332496178035201,0.074068890887504568,308,306
fixed_train,6,3,impressed|2|06,"378619a, ac419100",6,0.99332496178035201,0.065417113463274945,308,306
fixed_train,6,3,impressed|2|06,"378619a, ac419100",7,0.99332496178035201,0.084719218598123369,308,307
fixed_train,6,3,impressed|2|06,"378619a, ac419100",8,0.99332496178035201,0.080963504874725256,308,308
fixed_train,6,3,impressed|2|06,"378619a, ac419100",9,0.99332496178035201,0.074317537682969337,308,306
fixed_train,6,3,impressed|2|07,"370401c, ac370000",0,0.99332496178035201,0.082609387795852474,481,480
fixed_train,6,3,impressed|2|07,"370401c, ac370000",1,0.99332496178035201,0.090174009890195528,481,481
fixed_train,6,3,impressed|2|07,"370401c, ac370000",2,0.99332496178035201,0.076631611280186918,481,478
fixed_train,6,3,impressed|2|07,"370401c, ac370000",3,0.99332496178035201,0.084183102571218416,481,480
fixed_train,6,3,impressed|2|07,"370401c, ac370000",4,0.99332496178035201,0.079156443218939887,481,480
fixed_train,6,3,impressed|2|07,"370401c, ac370000",5,0.99332496178035201,0.082718209524409336,481,481
fixed_train,6,3,impressed|2|07,"370401c, ac370000",6,0.99332496178035201,0.079788337650679941,481,480
fixed_train,6,3,impressed|2|07,"370401c, ac370000",7,0.99332496178035201,0.091749546045644226,481,479
fixed_train,6,3,impressed|2|07,"370401c, ac370000",8,0.99332496178035201,0.090202374250096362,481,480
fixed_train,6,3,impressed|2|07,"370401c, ac370000",9,0.99332496178035201,0.083355032587217215,481,481
fixed_train,6,3,impressed|2|08,"ac370000, ac370403",0,0.99332496178035201,0.069847148159715045,491,490
fixed_train,6,3,impressed|2|08,"ac370000, ac370403",1,0.99332496178035201,0.076034787774609369,491,491
fixed_train,6,3,impressed|2|08,"ac370000, ac370403",2,0.99332496178035201,0.076699881268314729,491,487
fixed_train,6,3,impressed|2|08,"ac370000, ac370403",3,0.99332496178035201,0.075651725426758465,491,488
fixed_train,6,3,impressed|2|08,"ac370000, ac370403",4,0.99332496178035201,0.079997130088702573,491,490
fixed_train,6,3,impressed|2|08,"ac370000, ac370403",5,0.99332496178035201,0.090405347485513987,491,491
fixed_train,6,3,impressed|2|08,"ac370000, ac370403",6,0.99332496178035201,0.075464501212220148,491,491
fixed_train,6,3,impressed|2|08,"ac370000, ac370403",7,0.99332496178035201,0.064547311942073637,491,490
fixed_train,6,3,impressed|2|08,"ac370000, ac370403",8,0.99332496178035201,0.073364870881024835,491,490
fixed_train,6,3,impressed|2|08,"ac370000, ac370403",9,0.99332496178035201,0.068259887534636188,491,490
fixed_train,6,3,impressed|2|09,"376400, ac379999",0,0.99332496178035201,0.14736484766937841,266,266
fixed_train,6,3,impressed|2|09,"376400, ac379999",1,0.99332496178035201,0.13852529416661197,266,266
fixed_train,6,3,impressed|2|09,"376400, ac379999",2,0.99332496178035201,0.13805106527926259,266,265
fixed_train,6,3,impressed|2|09,"376400, ac379999",3,0.99332496178035201,0.15190542474292656,266,266
fixed_train,6,3,impressed|2|09,"376400, ac379999",4,0.99332496178035201,0.14259113745183161,266,265
fixed_train,6,3,impressed|2|09,"376400, ac379999",5,0.99332496178035201,0.1324713967283413,266,265
fixed_train,6,3,impressed|2|09,"376400, ac379999",6,0.99332496178035201,0.12544294260972866,266,265
fixed_train,6,3,impressed|2|09,"376400, ac379999",7,0.99332496178035201,0.11682926452094178,266,266
fixed_train,6,3,impressed|2|09,"376400, ac379999",8,0.99332496178035201,0.12952942882071439,266,265
fixed_train,6,3,impressed|2|09,"376400, ac379999",9,0.99332496178035201,0.1432324129396163,266,266
fixed_train,6,3,impressed|2|10,"ac379999, ac419100",0,0.99332496178035201,0.061469531401890709,577,577
fixed_train,6,3,impressed|2|10,"ac379999, ac419100",1,0.99332496178035201,0.062681929532067304,577,575
fixed_train,6,3,impressed|2|10,"ac379999, ac419100",2,0.99332496178035201,0.067229927417425728,577,575
fixed_train,6,3,impressed|2|10,"ac379999, ac419100",3,0.99332496178035201,0.052383588785685609,577,576
fixed_train,6,3,impressed|2|10,"ac379999, ac419100",4,0.99332496178035201,0.062529196368269369,577,574
fixed_train,6,3,impressed|2|10,"ac379999, ac419100",5,0.99332496178035201,0.066337885719790379,577,575
fixed_train,6,3,impressed|2|10,"ac379999, ac419100",6,0.99332496178035201,0.069674239051607523,577,575
fixed_train,6,3,impressed|2|10,"ac379999, ac419100",7,0.99332496178035201,0.061469531401890709,577,576
fixed_train,6,3,impressed|2|10,"ac379999, ac419100",8,0.99332496178035201,0.065443725303399258,577,573
fixed_train,6,3,impressed|2|10,"ac379999, ac419100",9,0.99332496178035201,0.062681929532067304,577,576
fixed_train,6,3,impressed|3|01,"376400, 377498a, 378619a",0,0.99332496178035201,0.14467335947433546,232,232
fixed_train,6,3,impressed|3|01,"376400, 377498a, 378619a",1,0.99332496178035201,0.16775443561163084,232,232
fixed_train,6,3,impressed|3|01,"376400, 377498a, 378619a",2,0.99332496178035201,0.14379763894186937,232,232
fixed_train,6,3,impressed|3|01,"376400, 377498a, 378619a",3,0.99332496178035201,0.15758496023493296,232,232
fixed_train,6,3,impressed|3|01,"376400, 377498a, 378619a",4,0.99332496178035201,0.14934767534030424,232,232
fixed_train,6,3,impressed|3|01,"376400, 377498a, 378619a",5,0.99332496178035201,0.14854382985272763,232,232
fixed_train,6,3,impressed|3|01,"376400, 377498a, 378619a",6,0.99332496178035201,0.14595684871818815,232,232
fixed_train,6,3,impressed|3|01,"376400, 377498a, 378619a",7,0.99332496178035201,0.13753126709008645,232,232
fixed_train,6,3,impressed|3|01,"376400, 377498a, 378619a",8,0.99332496178035201,0.16147873552542569,232,232
fixed_train,6,3,impressed|3|01,"376400, 377498a, 378619a",9,0.99332496178035201,0.15986440911490807,232,232
fixed_train,6,3,impressed|3|02,"376400, 377498a, ac372417",0,0.99332496178035201,0.13054498838090967,235,235
fixed_train,6,3,impressed|3|02,"376400, 377498a, ac372417",1,0.99332496178035201,0.13701990835372657,235,235
fixed_train,6,3,impressed|3|02,"376400, 377498a, ac372417",2,0.99332496178035201,0.13054498838090967,235,235
fixed_train,6,3,impressed|3|02,"376400, 377498a, ac372417",3,0.99332496178035201,0.14152094502813828,235,235
fixed_train,6,3,impressed|3|02,"376400, 377498a, ac372417",4,0.99332496178035201,0.14853911019325039,235,235
fixed_train,6,3,impressed|3|02,"376400, 377498a, ac372417",5,0.99332496178035201,0.14002857141963987,235,235
fixed_train,6,3,impressed|3|02,"376400, 377498a, ac372417",6,0.99332496178035201,0.14452441601781874,235,235
fixed_train,6,3,impressed|3|02,"376400, 377498a, ac372417",7,0.99332496178035201,0.13753126709008645,235,235
fixed_train,6,3,impressed|3|02,"376400, 377498a, ac372417",8,0.99332496178035201,0.12759606212817476,235,235
fixed_train,6,3,impressed|3|02,"376400, 377498a, ac372417",9,0.99332496178035201,0.14551444582824324,235,235
fixed_train,6,3,impressed|3|03,"376400, 377498a, ac379999",0,0.99332496178035201,0.14057613685769121,233,233
fixed_train,6,3,impressed|3|03,"376400, 377498a, ac379999",1,0.99332496178035201,0.15426419531335267,233,233
fixed_train,6,3,impressed|3|03,"376400, 377498a, ac379999",2,0.99332496178035201,0.1405246266791319,233,233
fixed_train,6,3,impressed|3|03,"376400, 377498a, ac379999",3,0.99332496178035201,0.14405323427264427,233,233
fixed_train,6,3,impressed|3|03,"376400, 377498a, ac379999",4,0.99332496178035201,0.13256906584476069,233,233
fixed_train,6,3,impressed|3|03,"376400, 377498a, ac379999",5,0.99332496178035201,0.13612518896524139,233,233
fixed_train,6,3,impressed|3|03,"376400, 377498a, ac379999",6,0.99332496178035201,0.13505556770305382,233,233
fixed_train,6,3,impressed|3|03,"376400, 377498a, ac379999",7,0.99332496178035201,0.14400021112387151,233,233
fixed_train,6,3,impressed|3|03,"376400, 377498a, ac379999",8,0.99332496178035201,0.13265754952417619,233,233
fixed_train,6,3,impressed|3|03,"376400, 377498a, ac379999",9,0.99332496178035201,0.13651682064802972,233,233
fixed_train,6,3,impressed|3|04,"376400, 378619a, ac379999",0,0.99332496178035201,0.17133008406433325,263,263
fixed_train,6,3,impressed|3|04,"376400, 378619a, ac379999",1,0.99332496178035201,0.1814801854369742,263,263
fixed_train,6,3,impressed|3|04,"376400, 378619a, ac379999",2,0.99332496178035201,0.18241138583257044,263,263
fixed_train,6,3,impressed|3|04,"376400, 378619a, ac379999",3,0.99332496178035201,0.17583607117433087,263,263
fixed_train,6,3,impressed|3|04,"376400, 378619a, ac379999",4,0.99332496178035201,0.17157271644706273,263,263
fixed_train,6,3,impressed|3|04,"376400, 378619a, ac379999",5,0.99332496178035201,0.17228051759416518,263,263
fixed_train,6,3,impressed|3|04,"376400, 378619a, ac379999",6,0.99332496178035201,0.17900011438390573,263,263
fixed_train,6,3,impressed|3|04,"376400, 378619a, ac379999",7,0.99332496178035201,0.17373273416820201,263,263
fixed_train,6,3,impressed|3|04,"376400, 378619a, ac379999",8,0.99332496178035201,0.16636840244219508,263,263
fixed_train,6,3,impressed|3|04,"376400, 378619a, ac379999",9,0.99332496178035201,0.1654068649232463,263,263
fixed_train,6,3,impressed|3|05,"376400, 377498a, ac370606",0,0.99332496178035201,0.1117904983602559,206,206
fixed_train,6,3,impressed|3|05,"376400, 377498a, ac370606",1,0.99332496178035201,0.1246710569424373,206,206
fixed_train,6,3,impressed|3|05,"376400, 377498a, ac370606",2,0.99332496178035201,0.12423952268537719,206,206
fixed_train,6,3,impressed|3|05,"376400, 377498a, ac370606",3,0.99332496178035201,0.12423952268537719,206,206
fixed_train,6,3,impressed|3|05,"376400, 377498a, ac370606",4,0.99332496178035201,0.1271492851530428,206,206
fixed_train,6,3,impressed|3|05,"376400, 377498a, ac370606",5,0.99332496178035201,0.12613060324259562,206,206
fixed_train,6,3,impressed|3|05,"376400, 377498a, ac370606",6,0.99332496178035201,0.12962751336364819,206,206
fixed_train,6,3,impressed|3|05,"376400, 377498a, ac370606",7,0.99332496178035201,0.13155818985181644,206,206
fixed_train,6,3,impressed|3|05,"376400, 377498a, ac370606",8,0.99332496178035201,0.121965168031828,206,206
fixed_train,6,3,impressed|3|05,"376400, 377498a, ac370606",9,0.99332496178035201,0.13155818985181644,206,206
fixed_train,6,3,impressed|3|06,"378619a, ac379999, ac419100",0,0.99332496178035201,0.08169598642393483,308,307
fixed_train,6,3,impressed|3|06,"378619a, ac379999, ac419100",1,0.99332496178035201,0.079808322938468179,308,308
fixed_train,6,3,impressed|3|06,"378619a, ac379999, ac419100",2,0.99332496178035201,0.081090102114213414,308,308
fixed_train,6,3,impressed|3|06,"378619a, ac379999, ac419100",3,0.99332496178035201,0.065237824607276895,308,308
fixed_train,6,3,impressed|3|06,"378619a, ac379999, ac419100",4,0.99332496178035201,0.078314417493687616,308,307
fixed_train,6,3,impressed|3|06,"378619a, ac379999, ac419100",5,0.99332496178035201,0.080642895732409015,308,308
fixed_train,6,3,impressed|3|06,"378619a, ac379999, ac419100",6,0.99332496178035201,0.077685872267146627,308,308
fixed_train,6,3,impressed|3|06,"378619a, ac379999, ac419100",7,0.99332496178035201,0.065061243294098792,308,308
fixed_train,6,3,impressed|3|06,"378619a, ac379999, ac419100",8,0.99332496178035201,0.06364850748821882,308,308
fixed_train,6,3,impressed|3|06,"378619a, ac379999, ac419100",9,0.99332496178035201,0.08169598642393483,308,308
fixed_train,6,3,impressed|3|07,"378619a, 387042a, ac379999",0,0.99332496178035201,0.037667941162596086,122,122
fixed_train,6,3,impressed|3|07,"378619a, 387042a, ac379999",1,0.99332496178035201,0.031855729189367965,122,122
fixed_train,6,3,impressed|3|07,"378619a, 387042a, ac379999",2,0.99332496178035201,0.041239693115608378,122,122
fixed_train,6,3,impressed|3|07,"378619a, 387042a, ac379999",3,0.99332496178035201,0.03994194010527552,122,122
fixed_train,6,3,impressed|3|07,"378619a, 387042a, ac379999",4,0.99332496178035201,0.040046161304553296,122,122
fixed_train,6,3,impressed|3|07,"378619a, 387042a, ac379999",5,0.99332496178035201,0.035301300792695334,122,121
fixed_train,6,3,impressed|3|07,"378619a, 387042a, ac379999",6,0.99332496178035201,0.032694729543843781,122,122
fixed_train,6,3,impressed|3|07,"378619a, 387042a, ac379999",7,0.99332496178035201,0.038557369544021891,122,122
fixed_train,6,3,impressed|3|07,"378619a, 387042a, ac379999",8,0.99332496178035201,0.036676385369393549,122,122
fixed_train,6,3,impressed|3|07,"378619a, 387042a, ac379999",9,0.99332496178035201,0.031772508379471431,122,122
fixed_train,6,3,impressed|3|08,"376400, 378619a, ac411100",0,0.99332496178035201,0.03568042607166555,70,70
fixed_train,6,3,impressed|3|08,"376400, 378619a, ac411100",1,0.99332496178035201,0.028650746786455406,70,70
fixed_train,6,3,impressed|3|08,"376400, 378619a, ac411100",2,0.99332496178035201,0.040705747122250391,70,70
fixed_train,6,3,impressed|3|08,"376400, 378619a, ac411100",3,0.99332496178035201,0.045328262765362282,70,70
fixed_train,6,3,impressed|3|08,"376400, 378619a, ac411100",4,0.99332496178035201,0.038178980651792482,70,70
fixed_train,6,3,impressed|3|08,"376400, 378619a, ac411100",5,0.99332496178035201,0.047772366859222148,70,70
fixed_train,6,3,impressed|3|08,"376400, 378619a, ac411100",6,0.99332496178035201,0.040591607256131312,70,70
fixed_train,6,3,impressed|3|08,"376400, 378619a, ac411100",7,0.99332496178035201,0.033484044163853977,70,70
fixed_train,6,3,impressed|3|08,"376400, 378619a, ac411100",8,0.99332496178035201,0.037080777314375535,70,70
fixed_train,6,3,impressed|3|08,"376400, 378619a, ac411100",9,0.99332496178035201,0.04047918674776374,70,69
fixed_train,6,3,impressed|3|09,"387042a, ac410100, ac419100",0,0.99332496178035201,0.015532370572151954,127,126
fixed_train,6,3,impressed|3|09,"387042a, ac410100, ac419100",1,0.99332496178035201,0.017800101919061451,127,127
fixed_train,6,3,impressed|3|09,"387042a, ac410100, ac419100",2,0.99332496178035201,0.005574413826095248,127,124
fixed_train,6,3,impressed|3|09,"387042a, ac410100, ac419100",3,0.99332496178035201,0.01775311145133196,127,127
fixed_train,6,3,impressed|3|09,"387042a, ac410100, ac419100",4,0.99332496178035201,0.01775311145133196,127,127
fixed_train,6,3,impressed|3|09,"387042a, ac410100, ac419100",5,0.99332496178035201,0.015618460786992028,127,127
fixed_train,6,3,impressed|3|09,"387042a, ac410100, ac419100",6,0.99332496178035201,0.016710279322225352,127,127
fixed_train,6,3,impressed|3|09,"387042a, ac410100, ac419100",7,0.99332496178035201,0.016756166040234,127,126
fixed_train,6,3,impressed|3|09,"387042a, ac410100, ac419100",8,0.99332496178035201,0.013428741531656185,127,127
fixed_train,6,3,impressed|3|09,"387042a, ac410100, ac419100",9,0.99332496178035201,0.014401938674678649,127,125
fixed_train,6,3,impressed|3|10,"378619a, ac370000, ac379999",0,0.99332496178035201,0.10020655738415785,331,331
fixed_train,6,3,impressed|3|10,"378619a, ac370000, ac379999",1,0.99332496178035201,0.097831410815184316,331,330
fixed_train,6,3,impressed|3|10,"378619a, ac370000, ac379999",2,0.99332496178035201,0.086662745488356063,331,331
fixed_train,6,3,impressed|3|10,"378619a, ac370000, ac379999",3,0.99332496178035201,0.092037608765613843,331,331
fixed_train,6,3,impressed|3|10,"378619a, ac370000, ac379999",4,0.99332496178035201,0.097472928309867646,331,330
fixed_train,6,3,impressed|3|10,"378619a, ac370000, ac379999",5,0.99332496178035201,0.09070597110826395,331,331
fixed_train,6,3,impressed|3|10,"378619a, ac370000, ac379999",6,0.99332496178035201,0.088435522293381807,331,331
fixed_train,6,3,impressed|3|10,"378619a, ac370000, ac379999",7,0.99332496178035201,0.089956808687295275,331,331
fixed_train,6,3,impressed|3|10,"378619a, ac370000, ac379999",8,0.99332496178035201,0.097472928309867646,331,331
fixed_train,6,3,impressed|3|10,"378619a, ac370000, ac379999",9,0.99332496178035201,0.098020089139070565,331,331
fixed_test,6,4,apriori|1|01,ac419100,0,0.88405421486129288,-0.0080848998042741815,217,196
fixed_test,6,4,apriori|1|01,ac419100,1,0.88405421486129288,0.0049076237609495532,217,199
fixed_test,6,4,apriori|1|01,ac419100,2,0.88405421486129288,-0.02745020991746816,217,195
fixed_test,6,4,apriori|1|01,ac419100,3,0.88405421486129288,-0.0089431998747119268,217,195
fixed_test,6,4,apriori|1|01,ac419100,4,0.88405421486129288,-0.02194868932786298,217,197
fixed_test,6,4,apriori|1|01,ac419100,5,0.88405421486129288,0.010955587183981041,217,196
fixed_test,6,4,apriori|1|01,ac419100,6,0.88405421486129288,-0.0040444806019879209,217,188
fixed_test,6,4,apriori|1|01,ac419100,7,0.88405421486129288,-0.0080848998042741815,217,190
fixed_test,6,4,apriori|1|01,ac419100,8,0.88405421486129288,0.014928639780535713,217,197
fixed_test,6,4,apriori|1|01,ac419100,9,0.88405421486129288,-0.029456587331391004,217,191
fixed_test,6,4,apriori|1|02,ac370000,0,0.88405421486129288,0.011890403128282601,163,161
fixed_test,6,4,apriori|1|02,ac370000,1,0.88405421486129288,0.0253345149767219,163,161
fixed_test,6,4,apriori|1|02,ac370000,2,0.88405421486129288,0.049767792244427733,163,162
fixed_test,6,4,apriori|1|02,ac370000,3,0.88405421486129288,0.038148738395985649,163,163
fixed_test,6,4,apriori|1|02,ac370000,4,0.88405421486129288,0.049761663754582464,163,162
fixed_test,6,4,apriori|1|02,ac370000,5,0.88405421486129288,0.070775726344868173,163,163
fixed_test,6,4,apriori|1|02,ac370000,6,0.88405421486129288,0.0052388342425996326,163,163
fixed_test,6,4,apriori|1|02,ac370000,7,0.88405421486129288,0.029282276426639053,163,161
fixed_test,6,4,apriori|1|02,ac370000,8,0.88405421486129288,0.051870019199855344,163,162
fixed_test,6,4,apriori|1|02,ac370000,9,0.88405421486129288,0.018551325622193193,163,162
fixed_test,6,4,apriori|1|03,ac379999,0,0.88405421486129288,0.0029403331704788149,162,158
fixed_test,6,4,apriori|1|03,ac379999,1,0.88405421486129288,0.006497141627997971,162,159
fixed_test,6,4,apriori|1|03,ac379999,2,0.88405421486129288,0.037102651244386275,162,160
fixed_test,6,4,apriori|1|03,ac379999,3,0.88405421486129288,0.012085419194262204,162,157
fixed_test,6,4,apriori|1|03,ac379999,4,0.88405421486129288,-0.0081959330095793259,162,161
fixed_test,6,4,apriori|1|03,ac379999,5,0.88405421486129288,-0.012996584964925506,162,159
fixed_test,6,4,apriori|1|03,ac379999,6,0.88405421486129288,-0.0081959330095793259,162,162
fixed_test,6,4,apriori|1|03,ac379999,7,0.88405421486129288,0.017270090978992347,162,158
fixed_test,6,4,apriori|1|03,ac379999,8,0.88405421486129288,-0.0021442090764490773,162,156
fixed_test,6,4,apriori|1|03,ac379999,9,0.88405421486129288,0.0052388342425996326,162,160
fixed_test,6,4,apriori|1|04,370407,0,0.88405421486129288,-0.011248335161429757,143,138
fixed_test,6,4,apriori|1|04,370407,1,0.88405421486129288,-0.0062047528533047958,143,140
fixed_test,6,4,apriori|1|04,370407,2,0.88405421486129288,0.018551325622193193,143,138
fixed_test,6,4,apriori|1|04,370407,3,0.88405421486129288,0.026457392780212863,143,141
fixed_test,6,4,apriori|1|04,370407,4,0.88405421486129288,-0.0081959330095793259,143,141
fixed_test,6,4,apriori|1|04,370407,5,0.88405421486129288,-0.0071731802906885855,143,137
fixed_test,6,4,apriori|1|04,370407,6,0.88405421486129288,-0.015349838877088406,143,143
fixed_test,6,4,apriori|1|04,370407,7,0.88405421486129288,0.031747229810945021,143,141
fixed_test,6,4,apriori|1|04,370407,8,0.88405421486129288,-0.015349838877088406,143,142
fixed_test,6,4,apriori|1|04,370407,9,0.88405421486129288,0.010955587183981041,143,137
fixed_test,6,4,apriori|1|05,ac370419,0,0.88405421486129288,0.0092756628110965966,139,136
fixed_test,6,4,apriori|1|05,ac370419,1,0.88405421486129288,0,139,135
fixed_test,6,4,apriori|1|05,ac370419,2,0.88405421486129288,0.015915828302359936,139,138
fixed_test,6,4,apriori|1|05,ac370419,3,0.88405421486129288,0.01456072804116193,139,133
fixed_test,6,4,apriori|1|05,ac370419,4,0.88405421486129288,0.022516416376591741,139,137
fixed_test,6,4,apriori|1|05,ac370419,5,0.88405421486129288,0.030375591241829314,139,134
fixed_test,6,4,apriori|1|05,ac370419,6,0.88405421486129288,0.021230505218045814,139,135
fixed_test,6,4,apriori|1|05,ac370419,7,0.88405421486129288,0.0092756628110965966,139,135
fixed_test,6,4,apriori|1|05,ac370419,8,0.88405421486129288,0.01456072804116193,139,137
fixed_test,6,4,apriori|1|05,ac370419,9,0.88405421486129288,0.0092756628110965966,139,134
fixed_test,6,4,apriori|1|06,ac410100,0,0.88405421486129288,-0.0092756628110965966,137,134
fixed_test,6,4,apriori|1|06,ac410100,1,0.88405421486129288,0.0080827891777716099,137,134
fixed_test,6,4,apriori|1|06,ac410100,2,0.88405421486129288,0.0011736193494752412,137,128
fixed_test,6,4,apriori|1|06,ac410100,3,0.88405421486129288,0.0018912034466462835,137,135
fixed_test,6,4,apriori|1|06,ac410100,4,0.88405421486129288,-0.0011045126234490166,137,132
fixed_test,6,4,apriori|1|06,ac410100,5,0.88405421486129288,-0.0040830595559622207,137,133
fixed_test,6,4,apriori|1|06,ac410100,6,0.88405421486129288,0.022516416376591741,137,131
fixed_test,6,4,apriori|1|06,ac410100,7,0.88405421486129288,0.01456072804116193,137,133
fixed_test,6,4,apriori|1|06,ac410100,8,0.88405421486129288,-0.016237564028023566,137,131
fixed_test,6,4,apriori|1|06,ac410100,9,0.88405421486129288,-0.010291814424669865,137,137
fixed_test,6,4,apriori|1|07,ac370443,0,0.88405421486129288,0.0040547895078851814,140,136
fixed_test,6,4,apriori|1|07,ac370443,1,0.88405421486129288,0,140,135
fixed_test,6,4,apriori|1|07,ac370443,2,0.88405421486129288,-0.012148827444135146,140,138
fixed_test,6,4,apriori|1|07,ac370443,3,0.88405421486129288,0.012085419194262204,140,139
fixed_test,6,4,apriori|1|07,ac370443,4,0.88405421486129288,-0.0051760239264680985,140,132
fixed_test,6,4,apriori|1|07,ac370443,5,0.88405421486129288,0.01735643570938028,140,135
fixed_test,6,4,apriori|1|07,ac370443,6,0.88405421486129288,-0.0092756628110965966,140,134
fixed_test,6,4,apriori|1|07,ac370443,7,0.88405421486129288,0.015915828302359936,140,134
fixed_test,6,4,apriori|1|07,ac370443,8,0.88405421486129288,-0.0011045126234490166,140,136
fixed_test,6,4,apriori|1|07,ac370443,9,0.88405421486129288,-0.0051760239264680985,140,135
fixed_test,6,4,apriori|1|08,ac370442,0,0.88405421486129288,-0.0011045126234490166,140,135
fixed_test,6,4,apriori|1|08,ac370442,1,0.88405421486129288,-0.0021442090764490773,140,133
fixed_test,6,4,apriori|1|08,ac370442,2,0.88405421486129288,-0.0029215450463638826,140,137
fixed_test,6,4,apriori|1|08,ac370442,3,0.88405421486129288,0.019912724067584375,140,131
fixed_test,6,4,apriori|1|08,ac370442,4,0.88405421486129288,0.0011736193494752412,140,138
fixed_test,6,4,apriori|1|08,ac370442,5,0.88405421486129288,-0.014406837360821378,140,138
fixed_test,6,4,apriori|1|08,ac370442,6,0.88405421486129288,-0.0011045126234490166,140,133
fixed_test,6,4,apriori|1|08,ac370442,7,0.88405421486129288,-0.026061714026679672,140,135
fixed_test,6,4,apriori|1|08,ac370442,8,0.88405421486129288,0.018551325622193193,140,138
fixed_test,6,4,apriori|1|08,ac370442,9,0.88405421486129288,0.0040547895078851814,140,137
fixed_test,6,4,apriori|1|09,370712b,0,0.88405421486129288,0.013285602942238461,136,131
fixed_test,6,4,apriori|1|09,370712b,1,0.88405421486129288,0.013285602942238461,136,130
fixed_test,6,4,apriori|1|09,370712b,2,0.88405421486129288,-0.0011045126234490166,136,133
fixed_test,6,4,apriori|1|09,370712b,3,0.88405421486129288,0.010543171708529808,136,135
fixed_test,6,4,apriori|1|09,370712b,4,0.88405421486129288,0.017270090978992347,136,133
fixed_test,6,4,apriori|1|09,370712b,5,0.88405421486129288,0.021359750407318967,136,132
fixed_test,6,4,apriori|1|09,370712b,6,0.88405421486129288,0.018551325622193193,136,133
fixed_test,6,4,apriori|1|09,370712b,7,0.88405421486129288,-0.017073306915477038,136,131
fixed_test,6,4,apriori|1|09,370712b,8,0.88405421486129288,0.023882621839724005,136,133
fixed_test,6,4,apriori|1|09,370712b,9,0.88405421486129288,0.0253345149767219,136,132
fixed_test,6,4,apriori|1|10,ac411100,0,0.88405421486129288,-0.0062047528533047958,114,105
fixed_test,6,4,apriori|1|10,ac411100,1,0.88405421486129288,0.006959917008531491,114,104
fixed_test,6,4,apriori|1|10,ac411100,2,0.88405421486129288,-0.0021442090764490773,114,106
fixed_test,6,4,apriori|1|10,ac411100,3,0.88405421486129288,0.0040547895078851814,114,104
fixed_test,6,4,apriori|1|10,ac411100,4,0.88405421486129288,0.0029403331704788149,114,106
fixed_test,6,4,apriori|1|10,ac411100,5,0.88405421486129288,-0.0011045126234490166,114,100
fixed_test,6,4,apriori|1|10,ac411100,6,0.88405421486129288,-0.0051760239264680985,114,106
fixed_test,6,4,apriori|1|10,ac411100,7,0.88405421486129288,-0.0021442090764490773,114,101
fixed_test,6,4,apriori|1|10,ac411100,8,0.88405421486129288,-0.0092756628110965966,114,103
fixed_test,6,4,apriori|1|10,ac411100,9,0.88405421486129288,0.0080827891777716099,114,103
fixed_test,6,4,apriori|2|01,"ac370000, ac379999",0,0.88405421486129288,0.019912724067584375,162,162
fixed_test,6,4,apriori|2|01,"ac370000, ac379999",1,0.88405421486129288,0.018551325622193193,162,162
fixed_test,6,4,apriori|2|01,"ac370000, ac379999",2,0.88405421486129288,0.02782698843328979,162,162
fixed_test,6,4,apriori|2|01,"ac370000, ac379999",3,0.88405421486129288,0.026878022912815158,162,162
fixed_test,6,4,apriori|2|01,"ac370000, ac379999",4,0.88405421486129288,0.019912724067584375,162,162
fixed_test,6,4,apriori|2|01,"ac370000, ac379999",5,0.88405421486129288,0.057412764675737638,162,162
fixed_test,6,4,apriori|2|01,"ac370000, ac379999",6,0.88405421486129288,0.015915828302359936,162,162
fixed_test,6,4,apriori|2|01,"ac370000, ac379999",7,0.88405421486129288,0.01456072804116193,162,162
fixed_test,6,4,apriori|2|01,"ac370000, ac379999",8,0.88405421486129288,0.017270090978992347,162,162
fixed_test,6,4,apriori|2|01,"ac370000, ac379999",9,0.88405421486129288,0.030829097686355222,162,162
fixed_test,6,4,apriori|2|02,"ac370000, ac419100",0,0.88405421486129288,-0.0040444806019879209,155,153
fixed_test,6,4,apriori|2|02,"ac370000, ac419100",1,0.88405421486129288,0.010955587183981041,155,155
fixed_test,6,4,apriori|2|02,"ac370000, ac419100",2,0.88405421486129288,0.019912724067584375,155,154
fixed_test,6,4,apriori|2|02,"ac370000, ac419100",3,0.88405421486129288,0,155,155
fixed_test,6,4,apriori|2|02,"ac370000, ac419100",4,0.88405421486129288,0.010543171708529808,155,155
fixed_test,6,4,apriori|2|02,"ac370000, ac419100",5,0.88405421486129288,0.0029403331704788149,155,155
fixed_test,6,4,apriori|2|02,"ac370000, ac419100",6,0.88405421486129288,0.013859728123887138,155,155
fixed_test,6,4,apriori|2|02,"ac370000, ac419100",7,0.88405421486129288,0.01456072804116193,155,155
fixed_test,6,4,apriori|2|02,"ac370000, ac419100",8,0.88405421486129288,0.006959917008531491,155,155
fixed_test,6,4,apriori|2|02,"ac370000, ac419100",9,0.88405421486129288,0.0052388342425996326,155,155
fixed_test,6,4,apriori|2|03,"ac379999, ac419100",0,0.88405421486129288,0.036857135751739434,154,154
fixed_test,6,4,apriori|2|03,"ac379999, ac419100",1,0.88405421486129288,0.0049076237609495532,154,154
fixed_test,6,4,apriori|2|03,"ac379999, ac419100",2,0.88405421486129288,0.010955587183981041,154,153
fixed_test,6,4,apriori|2|03,"ac379999, ac419100",3,0.88405421486129288,-0.011248335161429757,154,153
fixed_test,6,4,apriori|2|03,"ac379999, ac419100",4,0.88405421486129288,-0.011248335161429757,154,154
fixed_test,6,4,apriori|2|03,"ac379999, ac419100",5,0.88405421486129288,0.014928639780535713,154,154
fixed_test,6,4,apriori|2|03,"ac379999, ac419100",6,0.88405421486129288,-0.012148827444135146,154,154
fixed_test,6,4,apriori|2|03,"ac379999, ac419100",7,0.88405421486129288,0.014928639780535713,154,154
fixed_test,6,4,apriori|2|03,"ac379999, ac419100",8,0.88405421486129288,0.029084354658650891,154,153
fixed_test,6,4,apriori|2|03,"ac379999, ac419100",9,0.88405421486129288,0.017807446441286956,154,154
fixed_test,6,4,apriori|2|04,"370407, ac370000",0,0.88405421486129288,0.022516416376591741,143,143
fixed_test,6,4,apriori|2|04,"370407, ac370000",1,0.88405421486129288,0.009891914418131309,143,143
fixed_test,6,4,apriori|2|04,"370407, ac370000",2,0.88405421486129288,0.051870019199855344,143,143
fixed_test,6,4,apriori|2|04,"370407, ac370000",3,0.88405421486129288,0.021359750407318967,143,142
fixed_test,6,4,apriori|2|04,"370407, ac370000",4,0.88405421486129288,0.0253345149767219,143,142
fixed_test,6,4,apriori|2|04,"370407, ac370000",5,0.88405421486129288,0.0253345149767219,143,143
fixed_test,6,4,apriori|2|04,"370407, ac370000",6,0.88405421486129288,0.066760485862857544,143,143
fixed_test,6,4,apriori|2|04,"370407, ac370000",7,0.88405421486129288,0.033204515638286081,143,143
fixed_test,6,4,apriori|2|04,"370407, ac370000",8,0.88405421486129288,0.026457392780212863,143,142
fixed_test,6,4,apriori|2|04,"370407, ac370000",9,0.88405421486129288,0.048021381144748188,143,143
fixed_test,6,4,apriori|2|05,"370407, ac379999",0,0.88405421486129288,0.017270090978992347,143,143
fixed_test,6,4,apriori|2|05,"370407, ac379999",1,0.88405421486129288,0.0092756628110965966,143,143
fixed_test,6,4,apriori|2|05,"370407, ac379999",2,0.88405421486129288,0.010543171708529808,143,143
fixed_test,6,4,apriori|2|05,"370407, ac379999",3,0.88405421486129288,0.0040547895078851814,143,143
fixed_test,6,4,apriori|2|05,"370407, ac379999",4,0.88405421486129288,0.006497141627997971,143,143
fixed_test,6,4,apriori|2|05,"370407, ac379999",5,0.88405421486129288,-0.0051760239264680985,143,143
fixed_test,6,4,apriori|2|05,"370407, ac379999",6,0.88405421486129288,-0.0051760239264680985,143,143
fixed_test,6,4,apriori|2|05,"370407, ac379999",7,0.88405421486129288,0.018551325622193193,143,143
fixed_test,6,4,apriori|2|05,"370407, ac379999",8,0.88405421486129288,0.013285602942238461,143,143
fixed_test,6,4,apriori|2|05,"370407, ac379999",9,0.88405421486129288,0.0040547895078851814,143,143
fixed_test,6,4,apriori|2|06,"ac370000, ac370419",0,0.88405421486129288,0.0253345149767219,139,139
fixed_test,6,4,apriori|2|06,"ac370000, ac370419",1,0.88405421486129288,0.059509160748305479,139,139
fixed_test,6,4,apriori|2|06,"ac370000, ac370419",2,0.88405421486129288,0.03815070358524375,139,139
fixed_test,6,4,apriori|2|06,"ac370000, ac370419",3,0.88405421486129288,0.037102651244386275,139,139
fixed_test,6,4,apriori|2|06,"ac370000, ac370419",4,0.88405421486129288,0.047781734130490694,139,139
fixed_test,6,4,apriori|2|06,"ac370000, ac370419",5,0.88405421486129288,0.03815070358524375,139,139
fixed_test,6,4,apriori|2|06,"ac370000, ac370419",6,0.88405421486129288,0.01735643570938028,139,139
fixed_test,6,4,apriori|2|06,"ac370000, ac370419",7,0.88405421486129288,0.045921197319684692,139,139
fixed_test,6,4,apriori|2|06,"ac370000, ac370419",8,0.88405421486129288,0.034753201651083754,139,139
fixed_test,6,4,apriori|2|06,"ac370000, ac370419",9,0.88405421486129288,0.030829097686355222,139,138
fixed_test,6,4,apriori|2|07,"ac370000, ac370443",0,0.88405421486129288,0.026878022912815158,140,140
fixed_test,6,4,apriori|2|07,"ac370000, ac370443",1,0.88405421486129288,0.023882621839724005,140,140
fixed_test,6,4,apriori|2|07,"ac370000, ac370443",2,0.88405421486129288,0.01735643570938028,140,140
fixed_test,6,4,apriori|2|07,"ac370000, ac370443",3,0.88405421486129288,0.042049339962779597,140,140
fixed_test,6,4,apriori|2|07,"ac370000, ac370443",4,0.88405421486129288,0.011890403128282601,140,140
fixed_test,6,4,apriori|2|07,"ac370000, ac370443",5,0.88405421486129288,0.026878022912815158,140,140
fixed_test,6,4,apriori|2|07,"ac370000, ac370443",6,0.88405421486129288,0.017270090978992347,140,140
fixed_test,6,4,apriori|2|07,"ac370000, ac370443",7,0.88405421486129288,0.0253345149767219,140,140
fixed_test,6,4,apriori|2|07,"ac370000, ac370443",8,0.88405421486129288,-0.0040830595559622207,140,140
fixed_test,6,4,apriori|2|07,"ac370000, ac370443",9,0.88405421486129288,0.015915828302359936,140,139
fixed_test,6,4,apriori|2|08,"ac370419, ac379999",0,0.88405421486129288,0.015915828302359936,138,137
fixed_test,6,4,apriori|2|08,"ac370419, ac379999",1,0.88405421486129288,0,138,138
fixed_test,6,4,apriori|2|08,"ac370419, ac379999",2,0.88405421486129288,0.01456072804116193,138,138
fixed_test,6,4,apriori|2|08,"ac370419, ac379999",3,0.88405421486129288,0.0011736193494752412,138,138
fixed_test,6,4,apriori|2|08,"ac370419, ac379999",4,0.88405421486129288,0.006959917008531491,138,138
fixed_test,6,4,apriori|2|08,"ac370419, ac379999",5,0.88405421486129288,-0.010291814424669865,138,138
fixed_test,6,4,apriori|2|08,"ac370419, ac379999",6,0.88405421486129288,0.0040547895078851814,138,138
fixed_test,6,4,apriori|2|08,"ac370419, ac379999",7,0.88405421486129288,0,138,138
fixed_test,6,4,apriori|2|08,"ac370419, ac379999",8,0.88405421486129288,-0.0097510948732203451,138,138
fixed_test,6,4,apriori|2|08,"ac370419, ac379999",9,0.88405421486129288,0.0080827891777716099,138,138
fixed_test,6,4,apriori|2|09,"ac370000, ac370442",0,0.88405421486129288,0.019912724067584375,140,139
fixed_test,6,4,apriori|2|09,"ac370000, ac370442",1,0.88405421486129288,0.042049339962779597,140,140
fixed_test,6,4,apriori|2|09,"ac370000, ac370442",2,0.88405421486129288,0.026878022912815158,140,140
fixed_test,6,4,apriori|2|09,"ac370000, ac370442",3,0.88405421486129288,0.040014166760859671,140,140
fixed_test,6,4,apriori|2|09,"ac370000, ac370442",4,0.88405421486129288,0.026878022912815158,140,140
fixed_test,6,4,apriori|2|09,"ac370000, ac370442",5,0.88405421486129288,0.0092756628110965966,140,140
fixed_test,6,4,apriori|2|09,"ac370000, ac370442",6,0.88405421486129288,0.015915828302359936,140,138
fixed_test,6,4,apriori|2|09,"ac370000, ac370442",7,0.88405421486129288,0.057412764675737638,140,140
fixed_test,6,4,apriori|2|09,"ac370000, ac370442",8,0.88405421486129288,0.023882621839724005,140,140
fixed_test,6,4,apriori|2|09,"ac370000, ac370442",9,0.88405421486129288,0.036086395070464183,140,140
fixed_test,6,4,apriori|2|10,"ac370419, ac370443",0,0.88405421486129288,0.018551325622193193,139,139
fixed_test,6,4,apriori|2|10,"ac370419, ac370443",1,0.88405421486129288,0.044171888325445829,139,139
fixed_test,6,4,apriori|2|10,"ac370419, ac370443",2,0.88405421486129288,0.036399610116250036,139,139
fixed_test,6,4,apriori|2|10,"ac370419, ac370443",3,0.88405421486129288,0.019912724067584375,139,139
fixed_test,6,4,apriori|2|10,"ac370419, ac370443",4,0.88405421486129288,0.013322953580691133,139,139
fixed_test,6,4,apriori|2|10,"ac370419, ac370443",5,0.88405421486129288,0.033204515638286081,139,139
fixed_test,6,4,apriori|2|10,"ac370419, ac370443",6,0.88405421486129288,0.01456072804116193,139,139
fixed_test,6,4,apriori|2|10,"ac370419, ac370443",7,0.88405421486129288,0.030829097686355222,139,139
fixed_test,6,4,apriori|2|10,"ac370419, ac370443",8,0.88405421486129288,0.013285602942238461,139,139
fixed_test,6,4,apriori|2|10,"ac370419, ac370443",9,0.88405421486129288,0.0092756628110965966,139,139
fixed_test,6,4,apriori|3|01,"ac370000, ac379999, ac419100",0,0.88405421486129288,-0.00090153735109654853,154,154
fixed_test,6,4,apriori|3|01,"ac370000, ac379999, ac419100",1,0.88405421486129288,0.0049076237609495532,154,154
fixed_test,6,4,apriori|3|01,"ac370000, ac379999, ac419100",2,0.88405421486129288,0.009891914418131309,154,154
fixed_test,6,4,apriori|3|01,"ac370000, ac379999, ac419100",3,0.88405421486129288,-0.0021442090764490773,154,153
fixed_test,6,4,apriori|3|01,"ac370000, ac379999, ac419100",4,0.88405421486129288,0.022516416376591741,154,154
fixed_test,6,4,apriori|3|01,"ac370000, ac379999, ac419100",5,0.88405421486129288,0.02516816917849285,154,154
fixed_test,6,4,apriori|3|01,"ac370000, ac379999, ac419100",6,0.88405421486129288,0.00090350730692856374,154,154
fixed_test,6,4,apriori|3|01,"ac370000, ac379999, ac419100",7,0.88405421486129288,0.048665763289396202,154,154
fixed_test,6,4,apriori|3|01,"ac370000, ac379999, ac419100",8,0.88405421486129288,-0.0011045126234490166,154,154
fixed_test,6,4,apriori|3|01,"ac370000, ac379999, ac419100",9,0.88405421486129288,0.02516816917849285,154,154
fixed_test,6,4,apriori|3|02,"370407, ac370000, ac379999",0,0.88405421486129288,0.026878022912815158,143,143
fixed_test,6,4,apriori|3|02,"370407, ac370000, ac379999",1,0.88405421486129288,0.029282276426639053,143,143
fixed_test,6,4,apriori|3|02,"370407, ac370000, ac379999",2,0.88405421486129288,0.015915828302359936,143,143
fixed_test,6,4,apriori|3|02,"370407, ac370000, ac379999",3,0.88405421486129288,0.015915828302359936,143,143
fixed_test,6,4,apriori|3|02,"370407, ac370000, ac379999",4,0.88405421486129288,0.029282276426639053,143,143
fixed_test,6,4,apriori|3|02,"370407, ac370000, ac379999",5,0.88405421486129288,0.010543171708529808,143,143
fixed_test,6,4,apriori|3|02,"370407, ac370000, ac379999",6,0.88405421486129288,0.023882621839724005,143,143
fixed_test,6,4,apriori|3|02,"370407, ac370000, ac379999",7,0.88405421486129288,0.02782698843328979,143,143
fixed_test,6,4,apriori|3|02,"370407, ac370000, ac379999",8,0.88405421486129288,0.0253345149767219,143,143
fixed_test,6,4,apriori|3|02,"370407, ac370000, ac379999",9,0.88405421486129288,0.045921197319684692,143,143
fixed_test,6,4,apriori|3|03,"ac370000, ac370419, ac379999",0,0.88405421486129288,0.018551325622193193,138,138
fixed_test,6,4,apriori|3|03,"ac370000, ac370419, ac379999",1,0.88405421486129288,0.049761663754582464,138,138
fixed_test,6,4,apriori|3|03,"ac370000, ac370419, ac379999",2,0.88405421486129288,0.026878022912815158,138,138
fixed_test,6,4,apriori|3|03,"ac370000, ac370419, ac379999",3,0.88405421486129288,0.026878022912815158,138,138
fixed_test,6,4,apriori|3|03,"ac370000, ac370419, ac379999",4,0.88405421486129288,0.032473877835416887,138,138
fixed_test,6,4,apriori|3|03,"ac370000, ac370419, ac379999",5,0.88405421486129288,0.03815070358524375,138,138
fixed_test,6,4,apriori|3|03,"ac370000, ac370419, ac379999",6,0.88405421486129288,0.034753201651083754,138,138
fixed_test,6,4,apriori|3|03,"ac370000, ac370419, ac379999",7,0.88405421486129288,0.0011736193494752412,138,138
fixed_test,6,4,apriori|3|03,"ac370000, ac370419, ac379999",8,0.88405421486129288,0.045921197319684692,138,138
fixed_test,6,4,apriori|3|03,"ac370000, ac370419, ac379999",9,0.88405421486129288,0.03815070358524375,138,138
fixed_test,6,4,apriori|3|04,"ac370000, ac370419, ac370443",0,0.88405421486129288,0.063009261674169537,139,139
fixed_test,6,4,apriori|3|04,"ac370000, ac370419, ac370443",1,0.88405421486129288,0.070775726344868173,139,139
fixed_test,6,4,apriori|3|04,"ac370000, ac370419, ac370443",2,0.88405421486129288,0.047213122133320518,139,139
fixed_test,6,4,apriori|3|04,"ac370000, ac370419, ac370443",3,0.88405421486129288,0.051624802090142419,139,139
fixed_test,6,4,apriori|3|04,"ac370000, ac370419, ac370443",4,0.88405421486129288,0.085499590580966567,139,139
fixed_test,6,4,apriori|3|04,"ac370000, ac370419, ac370443",5,0.88405421486129288,0.05184830323541012,139,139
fixed_test,6,4,apriori|3|04,"ac370000, ac370419, ac370443",6,0.88405421486129288,0.061170197033972307,139,139
fixed_test,6,4,apriori|3|04,"ac370000, ac370419, ac370443",7,0.88405421486129288,0.084007546133424094,139,139
fixed_test,6,4,apriori|3|04,"ac370000, ac370419, ac370443",8,0.88405421486129288,0.05943967011400475,139,139
fixed_test,6,4,apriori|3|04,"ac370000, ac370419, ac370443",9,0.88405421486129288,0.048665763289396202,139,139
fixed_test,6,4,apriori|3|05,"ac370000, ac370442, ac370443",0,0.88405421486129288,0.057810849313179924,140,140
fixed_test,6,4,apriori|3|05,"ac370000, ac370442, ac370443",1,0.88405421486129288,0.074205302488772551,140,140
fixed_test,6,4,apriori|3|05,"ac370000, ac370442, ac370443",2,0.88405421486129288,0.045921197319684692,140,140
fixed_test,6,4,apriori|3|05,"ac370000, ac370442, ac370443",3,0.88405421486129288,0.0253345149767219,140,140
fixed_test,6,4,apriori|3|05,"ac370000, ac370442, ac370443",4,0.88405421486129288,0.093529133336858861,140,140
fixed_test,6,4,apriori|3|05,"ac370000, ac370442, ac370443",5,0.88405421486129288,0.032473877835416887,140,140
fixed_test,6,4,apriori|3|05,"ac370000, ac370442, ac370443",6,0.88405421486129288,0.031747229810945021,140,140
fixed_test,6,4,apriori|3|05,"ac370000, ac370442, ac370443",7,0.88405421486129288,0.061170197033972307,140,140
fixed_test,6,4,apriori|3|05,"ac370000, ac370442, ac370443",8,0.88405421486129288,0.033204515638286081,140,140
fixed_test,6,4,apriori|3|05,"ac370000, ac370442, ac370443",9,0.88405421486129288,0.033204515638286081,140,140
fixed_test,6,4,apriori|3|06,"370407, ac370000, ac370419",0,0.88405421486129288,0.05943967011400475,137,137
fixed_test,6,4,apriori|3|06,"370407, ac370000, ac370419",1,0.88405421486129288,0.084007546133424094,137,137
fixed_test,6,4,apriori|3|06,"370407, ac370000, ac370419",2,0.88405421486129288,0.063009261674169537,137,137
fixed_test,6,4,apriori|3|06,"370407, ac370000, ac370419",3,0.88405421486129288,0.06328876282269924,137,137
fixed_test,6,4,apriori|3|06,"370407, ac370000, ac370419",4,0.88405421486129288,0.039520677265612814,137,137
fixed_test,6,4,apriori|3|06,"370407, ac370000, ac370419",5,0.88405421486129288,0.049767792244427733,137,137
fixed_test,6,4,apriori|3|06,"370407, ac370000, ac370419",6,0.88405421486129288,0.081846635022893355,137,137
fixed_test,6,4,apriori|3|06,"370407, ac370000, ac370419",7,0.88405421486129288,0.031747229810945021,137,137
fixed_test,6,4,apriori|3|06,"370407, ac370000, ac370419",8,0.88405421486129288,0.085499590580966567,137,137
fixed_test,6,4,apriori|3|06,"370407, ac370000, ac370419",9,0.88405421486129288,0.078175834081536832,137,137
fixed_test,6,4,apriori|3|07,"ac370000, ac370419, ac370442",0,0.88405421486129288,0.048021381144748188,139,139
fixed_test,6,4,apriori|3|07,"ac370000, ac370419, ac370442",1,0.88405421486129288,0.042526409436848156,139,139
fixed_test,6,4,apriori|3|07,"ac370000, ac370419, ac370442",2,0.88405421486129288,0.057390933503802977,139,139
fixed_test,6,4,apriori|3|07,"ac370000, ac370419, ac370442",3,0.88405421486129288,0.066760485862857544,139,139
fixed_test,6,4,apriori|3|07,"ac370000, ac370419, ac370442",4,0.88405421486129288,0.046378314055482983,139,139
fixed_test,6,4,apriori|3|07,"ac370000, ac370419, ac370442",5,0.88405421486129288,0.068706486802500355,139,139
fixed_test,6,4,apriori|3|07,"ac370000, ac370419, ac370442",6,0.88405421486129288,0.09126532169725543,139,139
fixed_test,6,4,apriori|3|07,"ac370000, ac370419, ac370442",7,0.88405421486129288,0.095936886856725301,139,139
fixed_test,6,4,apriori|3|07,"ac370000, ac370419, ac370442",8,0.88405421486129288,0.081484572906660446,139,139
fixed_test,6,4,apriori|3|07,"ac370000, ac370419, ac370442",9,0.88405421486129288,0.044171888325445829,139,139
fixed_test,6,4,apriori|3|08,"ac370000, ac370443, ac379999",0,0.88405421486129288,0.0011736193494752412,139,139
fixed_test,6,4,apriori|3|08,"ac370000, ac370443, ac379999",1,0.88405421486129288,0.018888642494749974,139,139
fixed_test,6,4,apriori|3|08,"ac370000, ac370443, ac379999",2,0.88405421486129288,0.019912724067584375,139,139
fixed_test,6,4,apriori|3|08,"ac370000, ac370443, ac379999",3,0.88405421486129288,0.01735643570938028,139,139
fixed_test,6,4,apriori|3|08,"ac370000, ac370443, ac379999",4,0.88405421486129288,0.015915828302359936,139,139
fixed_test,6,4,apriori|3|08,"ac370000, ac370443, ac379999",5,0.88405421486129288,0.018888642494749974,139,139
fixed_test,6,4,apriori|3|08,"ac370000, ac370443, ac379999",6,0.88405421486129288,0.03815070358524375,139,139
fixed_test,6,4,apriori|3|08,"ac370000, ac370443, ac379999",7,0.88405421486129288,0.0052388342425996326,139,139
fixed_test,6,4,apriori|3|08,"ac370000, ac370443, ac379999",8,0.88405421486129288,0.01735643570938028,139,139
fixed_test,6,4,apriori|3|08,"ac370000, ac370443, ac379999",9,0.88405421486129288,0.011890403128282601,139,139
fixed_test,6,4,apriori|3|09,"ac370419, ac370442, ac370443",0,0.88405421486129288,0.064964371726554448,139,139
fixed_test,6,4,apriori|3|09,"ac370419, ac370442, ac370443",1,0.88405421486129288,0.036399610116250036,139,139
fixed_test,6,4,apriori|3|09,"ac370419, ac370442, ac370443",2,0.88405421486129288,0.067043795220984692,139,139
fixed_test,6,4,apriori|3|09,"ac370419, ac370442, ac370443",3,0.88405421486129288,0.01606404309351217,139,139
fixed_test,6,4,apriori|3|09,"ac370419, ac370442, ac370443",4,0.88405421486129288,0.021230505218045814,139,139
fixed_test,6,4,apriori|3|09,"ac370419, ac370442, ac370443",5,0.88405421486129288,0.072977116766559047,139,139
fixed_test,6,4,apriori|3|09,"ac370419, ac370442, ac370443",6,0.88405421486129288,0.05184830323541012,139,139
fixed_test,6,4,apriori|3|09,"ac370419, ac370442, ac370443",7,0.88405421486129288,0.048021381144748188,139,139
fixed_test,6,4,apriori|3|09,"ac370419, ac370442, ac370443",8,0.88405421486129288,0.034753201651083754,139,139
fixed_test,6,4,apriori|3|09,"ac370419, ac370442, ac370443",9,0.88405421486129288,0.045921197319684692,139,139
fixed_test,6,4,apriori|3|10,"370407, ac370000, ac370443",0,0.88405421486129288,0.070492090832534271,138,138
fixed_test,6,4,apriori|3|10,"370407, ac370000, ac370443",1,0.88405421486129288,0.061170197033972307,138,138
fixed_test,6,4,apriori|3|10,"370407, ac370000, ac370443",2,0.88405421486129288,0.054019298183874853,138,138
fixed_test,6,4,apriori|3|10,"370407, ac370000, ac370443",3,0.88405421486129288,0.01606404309351217,138,138
fixed_test,6,4,apriori|3|10,"370407, ac370000, ac370443",4,0.88405421486129288,0.054019298183874853,138,138
fixed_test,6,4,apriori|3|10,"370407, ac370000, ac370443",5,0.88405421486129288,0.061170197033972307,138,138
fixed_test,6,4,apriori|3|10,"370407, ac370000, ac370443",6,0.88405421486129288,0.061170197033972307,138,138
fixed_test,6,4,apriori|3|10,"370407, ac370000, ac370443",7,0.88405421486129288,0.072393901786316106,138,138
fixed_test,6,4,apriori|3|10,"370407, ac370000, ac370443",8,0.88405421486129288,0.036857135751739434,138,138
fixed_test,6,4,apriori|3|10,"370407, ac370000, ac370443",9,0.88405421486129288,0.064929639677675954,138,138
fixed_test,6,4,impressed|1|01,376400,0,0.88405421486129288,0.14975630893699421,67,64
fixed_test,6,4,impressed|1|01,376400,1,0.88405421486129288,0.12522444615294837,67,63
fixed_test,6,4,impressed|1|01,376400,2,0.88405421486129288,0.13594312309924406,67,63
fixed_test,6,4,impressed|1|01,376400,3,0.88405421486129288,0.12784818931287112,67,61
fixed_test,6,4,impressed|1|01,376400,4,0.88405421486129288,0.14355380431480991,67,64
fixed_test,6,4,impressed|1|01,376400,5,0.88405421486129288,0.12121686729273418,67,66
fixed_test,6,4,impressed|1|01,376400,6,0.88405421486129288,0.124192557284307,67,63
fixed_test,6,4,impressed|1|01,376400,7,0.88405421486129288,0.12522444615294837,67,64
fixed_test,6,4,impressed|1|01,376400,8,0.88405421486129288,0.10025214842011221,67,64
fixed_test,6,4,impressed|1|01,376400,9,0.88405421486129288,0.14043102755450576,67,65
fixed_test,6,4,impressed|1|02,378619a,0,0.88405421486129288,0,81,80
fixed_test,6,4,impressed|1|02,378619a,1,0.88405421486129288,0.014846993103400319,81,80
fixed_test,6,4,impressed|1|02,378619a,2,0.88405421486129288,0.019912724067584375,81,76
fixed_test,6,4,impressed|1|02,378619a,3,0.88405421486129288,0.040014166760859671,81,78
fixed_test,6,4,impressed|1|02,378619a,4,0.88405421486129288,0.014846993103400319,81,78
fixed_test,6,4,impressed|1|02,378619a,5,0.88405421486129288,0.0092576119495030307,81,79
fixed_test,6,4,impressed|1|02,378619a,6,0.88405421486129288,0.018888642494749974,81,76
fixed_test,6,4,impressed|1|02,378619a,7,0.88405421486129288,0.036086395070464183,81,77
fixed_test,6,4,impressed|1|02,378619a,8,0.88405421486129288,0.023882621839724005,81,80
fixed_test,6,4,impressed|1|02,378619a,9,0.88405421486129288,0.0092576119495030307,81,80
fixed_test,6,4,impressed|1|03,ac370000,0,0.88405421486129288,0.011890403128282601,163,161
fixed_test,6,4,impressed|1|03,ac370000,1,0.88405421486129288,0.0253345149767219,163,161
fixed_test,6,4,impressed|1|03,ac370000,2,0.88405421486129288,0.049767792244427733,163,162
fixed_test,6,4,impressed|1|03,ac370000,3,0.88405421486129288,0.038148738395985649,163,163
fixed_test,6,4,impressed|1|03,ac370000,4,0.88405421486129288,0.049761663754582464,163,162
fixed_test,6,4,impressed|1|03,ac370000,5,0.88405421486129288,0.070775726344868173,163,163
fixed_test,6,4,impressed|1|03,ac370000,6,0.88405421486129288,0.0052388342425996326,163,163
fixed_test,6,4,impressed|1|03,ac370000,7,0.88405421486129288,0.029282276426639053,163,161
fixed_test,6,4,impressed|1|03,ac370000,8,0.88405421486129288,0.051870019199855344,163,162
fixed_test,6,4,impressed|1|03,ac370000,9,0.88405421486129288,0.018551325622193193,163,162
fixed_test,6,4,impressed|1|04,ac419100,0,0.88405421486129288,-0.0080848998042741815,217,196
fixed_test,6,4,impressed|1|04,ac419100,1,0.88405421486129288,0.0049076237609495532,217,199
fixed_test,6,4,impressed|1|04,ac419100,2,0.88405421486129288,-0.02745020991746816,217,195
fixed_test,6,4,impressed|1|04,ac419100,3,0.88405421486129288,-0.0089431998747119268,217,195
fixed_test,6,4,impressed|1|04,ac419100,4,0.88405421486129288,-0.02194868932786298,217,197
fixed_test,6,4,impressed|1|04,ac419100,5,0.88405421486129288,0.010955587183981041,217,196
fixed_test,6,4,impressed|1|04,ac419100,6,0.88405421486129288,-0.0040444806019879209,217,188
fixed_test,6,4,impressed|1|04,ac419100,7,0.88405421486129288,-0.0080848998042741815,217,190
fixed_test,6,4,impressed|1|04,ac419100,8,0.88405421486129288,0.014928639780535713,217,197
fixed_test,6,4,impressed|1|04,ac419100,9,0.88405421486129288,-0.029456587331391004,217,191
fixed_test,6,4,impressed|1|05,ac10307,0,0.88405421486129288,0,32,27
fixed_test,6,4,impressed|1|05,ac10307,1,0.88405421486129288,0.0052388342425996326,32,29
fixed_test,6,4,impressed|1|05,ac10307,2,0.88405421486129288,0.0052388342425996326,32,25
fixed_test,6,4,impressed|1|05,ac10307,3,0.88405421486129288,0,32,29
fixed_test,6,4,impressed|1|05,ac10307,4,0.88405421486129288,0.0052388342425996326,32,28
fixed_test,6,4,impressed|1|05,ac10307,5,0.88405421486129288,0,32,25
fixed_test,6,4,impressed|1|05,ac10307,6,0.88405421486129288,0,32,28
fixed_test,6,4,impressed|1|05,ac10307,7,0.88405421486129288,0,32,27
fixed_test,6,4,impressed|1|05,ac10307,8,0.88405421486129288,0,32,29
fixed_test,6,4,impressed|1|05,ac10307,9,0.88405421486129288,0.0052388342425996326,32,27
fixed_test,6,4,impressed|1|06,ac415100,0,0.88405421486129288,-0.0051760239264680985,72,71
fixed_test,6,4,impressed|1|06,ac415100,1,0.88405421486129288,-0.0040830595559622207,72,68
fixed_test,6,4,impressed|1|06,ac415100,2,0.88405421486129288,-0.0040830595559622207,72,70
fixed_test,6,4,impressed|1|06,ac415100,3,0.88405421486129288,-0.0011045126234490166,72,70
fixed_test,6,4,impressed|1|06,ac415100,4,0.88405421486129288,-0.0051760239264680985,72,67
fixed_test,6,4,impressed|1|06,ac415100,5,0.88405421486129288,-0.0051760239264680985,72,68
fixed_test,6,4,impressed|1|06,ac415100,6,0.88405421486129288,-0.0011045126234490166,72,67
fixed_test,6,4,impressed|1|06,ac415100,7,0.88405421486129288,-0.0051760239264680985,72,68
fixed_test,6,4,impressed|1|06,ac415100,8,0.88405421486129288,-0.0040830595559622207,72,66
fixed_test,6,4,impressed|1|06,ac415100,9,0.88405421486129288,-0.0051760239264680985,72,69
fixed_test,6,4,impressed|1|07,ac337441,0,0.88405421486129288,0,1,1
fixed_test,6,4,impressed|1|07,ac337441,1,0.88405421486129288,0,1,0
fixed_test,6,4,impressed|1|07,ac337441,2,0.88405421486129288,0,1,1
fixed_test,6,4,impressed|1|07,ac337441,3,0.88405421486129288,0,1,0
fixed_test,6,4,impressed|1|07,ac337441,4,0.88405421486129288,0,1,1
fixed_test,6,4,impressed|1|07,ac337441,5,0.88405421486129288,0,1,0
fixed_test,6,4,impressed|1|07,ac337441,6,0.88405421486129288,0,1,0
fixed_test,6,4,impressed|1|07,ac337441,7,0.88405421486129288,0,1,1
fixed_test,6,4,impressed|1|07,ac337441,8,0.88405421486129288,0,1,1
fixed_test,6,4,impressed|1|07,ac337441,9,0.88405421486129288,0,1,1
fixed_test,6,4,impressed|1|08,ac379999,0,0.88405421486129288,0.0029403331704788149,162,158
fixed_test,6,4,impressed|1|08,ac379999,1,0.88405421486129288,0.006497141627997971,162,159
fixed_test,6,4,impressed|1|08,ac379999,2,0.88405421486129288,0.037102651244386275,162,160
fixed_test,6,4,impressed|1|08,ac379999,3,0.88405421486129288,0.012085419194262204,162,157
fixed_test,6,4,impressed|1|08,ac379999,4,0.88405421486129288,-0.0081959330095793259,162,161
fixed_test,6,4,impressed|1|08,ac379999,5,0.88405421486129288,-0.012996584964925506,162,159
fixed_test,6,4,impressed|1|08,ac379999,6,0.88405421486129288,-0.0081959330095793259,162,162
fixed_test,6,4,impressed|1|08,ac379999,7,0.88405421486129288,0.017270090978992347,162,158
fixed_test,6,4,impressed|1|08,ac379999,8,0.88405421486129288,-0.0021442090764490773,162,156
fixed_test,6,4,impressed|1|08,ac379999,9,0.88405421486129288,0.0052388342425996326,162,160
fixed_test,6,4,impressed|1|09,ac378431,0,0.88405421486129288,0,2,2
fixed_test,6,4,impressed|1|09,ac378431,1,0.88405421486129288,0,2,1
fixed_test,6,4,impressed|1|09,ac378431,2,0.88405421486129288,0,2,2
fixed_test,6,4,impressed|1|09,ac378431,3,0.88405421486129288,0,2,2
fixed_test,6,4,impressed|1|09,ac378431,4,0.88405421486129288,0,2,1
fixed_test,6,4,impressed|1|09,ac378431,5,0.88405421486129288,0,2,2
fixed_test,6,4,impressed|1|09,ac378431,6,0.88405421486129288,0,2,0
fixed_test,6,4,impressed|1|09,ac378431,7,0.88405421486129288,0.0052388342425996326,2,2
fixed_test,6,4,impressed|1|09,ac378431,8,0.88405421486129288,0,2,1
fixed_test,6,4,impressed|1|09,ac378431,9,0.88405421486129288,0,2,2
fixed_test,6,4,impressed|1|10,378490e,0,0.88405421486129288,0,0,0
fixed_test,6,4,impressed|1|10,378490e,1,0.88405421486129288,0,0,0
fixed_test,6,4,impressed|1|10,378490e,2,0.88405421486129288,0,0,0
fixed_test,6,4,impressed|1|10,378490e,3,0.88405421486129288,0,0,0
fixed_test,6,4,impressed|1|10,378490e,4,0.88405421486129288,0,0,0
fixed_test,6,4,impressed|1|10,378490e,5,0.88405421486129288,0,0,0
fixed_test,6,4,impressed|1|10,378490e,6,0.88405421486129288,0,0,0
fixed_test,6,4,impressed|1|10,378490e,7,0.88405421486129288,0,0,0
fixed_test,6,4,impressed|1|10,378490e,8,0.88405421486129288,0,0,0
fixed_test,6,4,impressed|1|10,378490e,9,0.88405421486129288,0,0,0
fixed_test,6,4,impressed|2|01,"376400, 377498a",0,0.88405421486129288,0.11738107921982954,61,61
fixed_test,6,4,impressed|2|01,"376400, 377498a",1,0.88405421486129288,0.11747397763408063,61,61
fixed_test,6,4,impressed|2|01,"376400, 377498a",2,0.88405421486129288,0.13499773386181346,61,61
fixed_test,6,4,impressed|2|01,"376400, 377498a",3,0.88405421486129288,0.10375525154617815,61,61
fixed_test,6,4,impressed|2|01,"376400, 377498a",4,0.88405421486129288,0.11747397763408063,61,61
fixed_test,6,4,impressed|2|01,"376400, 377498a",5,0.88405421486129288,0.10723643294337115,61,61
fixed_test,6,4,impressed|2|01,"376400, 377498a",6,0.88405421486129288,0.11069718205872403,61,61
fixed_test,6,4,impressed|2|01,"376400, 377498a",7,0.88405421486129288,0.084127866262377893,61,59
fixed_test,6,4,impressed|2|01,"376400, 377498a",8,0.88405421486129288,0.124192557284307,61,61
fixed_test,6,4,impressed|2|01,"376400, 377498a",9,0.88405421486129288,0.12192883852701675,61,61
fixed_test,6,4,impressed|2|02,"376400, 378619a",0,0.88405421486129288,0.084127866262377893,66,63
fixed_test,6,4,impressed|2|02,"376400, 378619a",1,0.88405421486129288,0.13113756749994365,66,66
fixed_test,6,4,impressed|2|02,"376400, 378619a",2,0.88405421486129288,0.13594312309924406,66,66
fixed_test,6,4,impressed|2|02,"376400, 378619a",3,0.88405421486129288,0.14043102755450576,66,66
fixed_test,6,4,impressed|2|02,"376400, 378619a",4,0.88405421486129288,0.15436628720870638,66,66
fixed_test,6,4,impressed|2|02,"376400, 378619a",5,0.88405421486129288,0.12850014141093802,66,66
fixed_test,6,4,impressed|2|02,"376400, 378619a",6,0.88405421486129288,0.10724397388488205,66,66
fixed_test,6,4,impressed|2|02,"376400, 378619a",7,0.88405421486129288,0.15931278443901731,66,66
fixed_test,6,4,impressed|2|02,"376400, 378619a",8,0.88405421486129288,0.13594312309924406,66,66
fixed_test,6,4,impressed|2|02,"376400, 378619a",9,0.88405421486129288,0.10709976595528992,66,66
fixed_test,6,4,impressed|2|03,"370712b, 376400",0,0.88405421486129288,0.13274132142091333,64,64
fixed_test,6,4,impressed|2|03,"370712b, 376400",1,0.88405421486129288,0.079661869033557986,64,64
fixed_test,6,4,impressed|2|03,"370712b, 376400",2,0.88405421486129288,0.13594312309924406,64,64
fixed_test,6,4,impressed|2|03,"370712b, 376400",3,0.88405421486129288,0.12850014141093802,64,64
fixed_test,6,4,impressed|2|03,"370712b, 376400",4,0.88405421486129288,0.11408577394510333,64,64
fixed_test,6,4,impressed|2|03,"370712b, 376400",5,0.88405421486129288,0.10723643294337115,64,64
fixed_test,6,4,impressed|2|03,"370712b, 376400",6,0.88405421486129288,0.12121686729273418,64,63
fixed_test,6,4,impressed|2|03,"370712b, 376400",7,0.88405421486129288,0.12522444615294837,64,64
fixed_test,6,4,impressed|2|03,"370712b, 376400",8,0.88405421486129288,0.14043102755450576,64,64
fixed_test,6,4,impressed|2|03,"370712b, 376400",9,0.88405421486129288,0.11054728811338943,64,64
fixed_test,6,4,impressed|2|04,"370715a, 376400",0,0.88405421486129288,0.12121686729273418,64,64
fixed_test,6,4,impressed|2|04,"370715a, 376400",1,0.88405421486129288,0.13113756749994365,64,64
fixed_test,6,4,impressed|2|04,"370715a, 376400",2,0.88405421486129288,0.10709976595528992,64,63
fixed_test,6,4,impressed|2|04,"370715a, 376400",3,0.88405421486129288,0.13274132142091333,64,64
fixed_test,6,4,impressed|2|04,"370715a, 376400",4,0.88405421486129288,0.12121686729273418,64,63
fixed_test,6,4,impressed|2|04,"370715a, 376400",5,0.88405421486129288,0.13274132142091333,64,64
fixed_test,6,4,impressed|2|04,"370715a, 376400",6,0.88405421486129288,0.14355380431480991,64,64
fixed_test,6,4,impressed|2|04,"370715a, 376400",7,0.88405421486129288,0.11738107921982954,64,64
fixed_test,6,4,impressed|2|04,"370715a, 376400",8,0.88405421486129288,0.13274132142091333,64,64
fixed_test,6,4,impressed|2|04,"370715a, 376400",9,0.88405421486129288,0.093173814028393309,64,63
fixed_test,6,4,impressed|2|05,"378619a, ac379999",0,0.88405421486129288,0.042049339962779597,81,81
fixed_test,6,4,impressed|2|05,"378619a, ac379999",1,0.88405421486129288,0.03815070358524375,81,81
fixed_test,6,4,impressed|2|05,"378619a, ac379999",2,0.88405421486129288,0.01456072804116193,81,81
fixed_test,6,4,impressed|2|05,"378619a, ac379999",3,0.88405421486129288,0.042049339962779597,81,81
fixed_test,6,4,impressed|2|05,"378619a, ac379999",4,0.88405421486129288,0.051870019199855344,81,81
fixed_test,6,4,impressed|2|05,"378619a, ac379999",5,0.88405421486129288,0.034223700991119932,81,81
fixed_test,6,4,impressed|2|05,"378619a, ac379999",6,0.88405421486129288,0.03815070358524375,81,81
fixed_test,6,4,impressed|2|05,"378619a, ac379999",7,0.88405421486129288,0.029282276426639053,81,81
fixed_test,6,4,impressed|2|05,"378619a, ac379999",8,0.88405421486129288,0.024535347047260014,81,80
fixed_test,6,4,impressed|2|05,"378619a, ac379999",9,0.88405421486129288,0.013322953580691133,81,81
fixed_test,6,4,impressed|2|06,"378619a, ac419100",0,0.88405421486129288,0.023882621839724005,78,78
fixed_test,6,4,impressed|2|06,"378619a, ac419100",1,0.88405421486129288,0.051624802090142419,78,77
fixed_test,6,4,impressed|2|06,"378619a, ac419100",2,0.88405421486129288,0.04589492282589458,78,78
fixed_test,6,4,impressed|2|06,"378619a, ac419100",3,0.88405421486129288,0.042526409436848156,78,78
fixed_test,6,4,impressed|2|06,"378619a, ac419100",4,0.88405421486129288,0.051624802090142419,78,78
fixed_test,6,4,impressed|2|06,"378619a, ac419100",5,0.88405421486129288,0.022898415708054065,78,78
fixed_test,6,4,impressed|2|06,"378619a, ac419100",6,0.88405421486129288,0.021359750407318967,78,78
fixed_test,6,4,impressed|2|06,"378619a, ac419100",7,0.88405421486129288,0.042049339962779597,78,78
fixed_test,6,4,impressed|2|06,"378619a, ac419100",8,0.88405421486129288,0.034753201651083754,78,78
fixed_test,6,4,impressed|2|06,"378619a, ac419100",9,0.88405421486129288,0.011890403128282601,78,77
fixed_test,6,4,impressed|2|07,"370401c, ac370000",0,0.88405421486129288,0.034753201651083754,128,127
fixed_test,6,4,impressed|2|07,"370401c, ac370000",1,0.88405421486129288,0.0029403331704788149,128,128
fixed_test,6,4,impressed|2|07,"370401c, ac370000",2,0.88405421486129288,0.030266669767136545,128,128
fixed_test,6,4,impressed|2|07,"370401c, ac370000",3,0.88405421486129288,0.049761663754582464,128,128
fixed_test,6,4,impressed|2|07,"370401c, ac370000",4,0.88405421486129288,0.006497141627997971,128,128
fixed_test,6,4,impressed|2|07,"370401c, ac370000",5,0.88405421486129288,0.011890403128282601,128,128
fixed_test,6,4,impressed|2|07,"370401c, ac370000",6,0.88405421486129288,0.046378314055482983,128,128
fixed_test,6,4,impressed|2|07,"370401c, ac370000",7,0.88405421486129288,0.029282276426639053,128,128
fixed_test,6,4,impressed|2|07,"370401c, ac370000",8,0.88405421486129288,0.006497141627997971,128,127
fixed_test,6,4,impressed|2|07,"370401c, ac370000",9,0.88405421486129288,0.0092756628110965966,128,128
fixed_test,6,4,impressed|2|08,"ac370000, ac370403",0,0.88405421486129288,0.0011736193494752412,135,134
fixed_test,6,4,impressed|2|08,"ac370000, ac370403",1,0.88405421486129288,0.010543171708529808,135,135
fixed_test,6,4,impressed|2|08,"ac370000, ac370403",2,0.88405421486129288,0.021359750407318967,135,135
fixed_test,6,4,impressed|2|08,"ac370000, ac370403",3,0.88405421486129288,0.0052388342425996326,135,135
fixed_test,6,4,impressed|2|08,"ac370000, ac370403",4,0.88405421486129288,0.0024210558492464562,135,135
fixed_test,6,4,impressed|2|08,"ac370000, ac370403",5,0.88405421486129288,0.037102651244386275,135,135
fixed_test,6,4,impressed|2|08,"ac370000, ac370403",6,0.88405421486129288,0.022898415708054065,135,135
fixed_test,6,4,impressed|2|08,"ac370000, ac370403",7,0.88405421486129288,-0.0040830595559622207,135,135
fixed_test,6,4,impressed|2|08,"ac370000, ac370403",8,0.88405421486129288,-0.013404953354524296,135,133
fixed_test,6,4,impressed|2|08,"ac370000, ac370403",9,0.88405421486129288,0.022898415708054065,135,135
fixed_test,6,4,impressed|2|09,"376400, ac379999",0,0.88405421486129288,0.11747397763408063,67,67
fixed_test,6,4,impressed|2|09,"376400, ac379999",1,0.88405421486129288,0.10025214842011221,67,67
fixed_test,6,4,impressed|2|09,"376400, ac379999",2,0.88405421486129288,0.084127866262377893,67,67
fixed_test,6,4,impressed|2|09,"376400, ac379999",3,0.88405421486129288,0.089957008726835097,67,67
fixed_test,6,4,impressed|2|09,"376400, ac379999",4,0.88405421486129288,0.11054728811338943,67,66
fixed_test,6,4,impressed|2|09,"376400, ac379999",5,0.88405421486129288,0.10709976595528992,67,67
fixed_test,6,4,impressed|2|09,"376400, ac379999",6,0.88405421486129288,0.11787205764790998,67,67
fixed_test,6,4,impressed|2|09,"376400, ac379999",7,0.88405421486129288,0.093173814028393309,67,67
fixed_test,6,4,impressed|2|09,"376400, ac379999",8,0.88405421486129288,0.076802494113996866,67,67
fixed_test,6,4,impressed|2|09,"376400, ac379999",9,0.88405421486129288,0.12784818931287112,67,67
fixed_test,6,4,impressed|2|10,"ac379999, ac419100",0,0.88405421486129288,0.036857135751739434,154,154
fixed_test,6,4,impressed|2|10,"ac379999, ac419100",1,0.88405421486129288,0.0049076237609495532,154,154
fixed_test,6,4,impressed|2|10,"ac379999, ac419100",2,0.88405421486129288,0.010955587183981041,154,153
fixed_test,6,4,impressed|2|10,"ac379999, ac419100",3,0.88405421486129288,-0.011248335161429757,154,153
fixed_test,6,4,impressed|2|10,"ac379999, ac419100",4,0.88405421486129288,-0.011248335161429757,154,154
fixed_test,6,4,impressed|2|10,"ac379999, ac419100",5,0.88405421486129288,0.014928639780535713,154,154
fixed_test,6,4,impressed|2|10,"ac379999, ac419100",6,0.88405421486129288,-0.012148827444135146,154,154
fixed_test,6,4,impressed|2|10,"ac379999, ac419100",7,0.88405421486129288,0.014928639780535713,154,154
fixed_test,6,4,impressed|2|10,"ac379999, ac419100",8,0.88405421486129288,0.029084354658650891,154,153
fixed_test,6,4,impressed|2|10,"ac379999, ac419100",9,0.88405421486129288,0.017807446441286956,154,154
fixed_test,6,4,impressed|3|01,"376400, 377498a, 378619a",0,0.88405421486129288,0.11747397763408063,61,61
fixed_test,6,4,impressed|3|01,"376400, 377498a, 378619a",1,0.88405421486129288,0.12850014141093802,61,61
fixed_test,6,4,impressed|3|01,"376400, 377498a, 378619a",2,0.88405421486129288,0.10724397388488205,61,61
fixed_test,6,4,impressed|3|01,"376400, 377498a, 378619a",3,0.88405421486129288,0.10362979398674832,61,61
fixed_test,6,4,impressed|3|01,"376400, 377498a, 378619a",4,0.88405421486129288,0.13594312309924406,61,61
fixed_test,6,4,impressed|3|01,"376400, 377498a, 378619a",5,0.88405421486129288,0.13175742962302051,61,61
fixed_test,6,4,impressed|3|01,"376400, 377498a, 378619a",6,0.88405421486129288,0.11787205764790998,61,61
fixed_test,6,4,impressed|3|01,"376400, 377498a, 378619a",7,0.88405421486129288,0.12084242780666643,61,61
fixed_test,6,4,impressed|3|01,"376400, 377498a, 378619a",8,0.88405421486129288,0.096725554276499315,61,61
fixed_test,6,4,impressed|3|01,"376400, 377498a, 378619a",9,0.88405421486129288,0.11747397763408063,61,61
fixed_test,6,4,impressed|3|02,"376400, 377498a, ac372417",0,0.88405421486129288,0.11450576920665267,60,60
fixed_test,6,4,impressed|3|02,"376400, 377498a, ac372417",1,0.88405421486129288,0.11054728811338943,60,60
fixed_test,6,4,impressed|3|02,"376400, 377498a, ac372417",2,0.88405421486129288,0.093536598677113725,60,60
fixed_test,6,4,impressed|3|02,"376400, 377498a, ac372417",3,0.88405421486129288,0.12752572549628738,60,60
fixed_test,6,4,impressed|3|02,"376400, 377498a, ac372417",4,0.88405421486129288,0.11747397763408063,60,60
fixed_test,6,4,impressed|3|02,"376400, 377498a, ac372417",5,0.88405421486129288,0.15436628720870638,60,60
fixed_test,6,4,impressed|3|02,"376400, 377498a, ac372417",6,0.88405421486129288,0.094131548832432244,60,60
fixed_test,6,4,impressed|3|02,"376400, 377498a, ac372417",7,0.88405421486129288,0.10724397388488205,60,60
fixed_test,6,4,impressed|3|02,"376400, 377498a, ac372417",8,0.88405421486129288,0.13175742962302051,60,60
fixed_test,6,4,impressed|3|02,"376400, 377498a, ac372417",9,0.88405421486129288,0.081484572906660446,60,60
fixed_test,6,4,impressed|3|03,"376400, 377498a, ac379999",0,0.88405421486129288,0.093536598677113725,61,61
fixed_test,6,4,impressed|3|03,"376400, 377498a, ac379999",1,0.88405421486129288,0.06788025963332478,61,61
fixed_test,6,4,impressed|3|03,"376400, 377498a, ac379999",2,0.88405421486129288,0.10723643294337115,61,61
fixed_test,6,4,impressed|3|03,"376400, 377498a, ac379999",3,0.88405421486129288,0.11747397763408063,61,61
fixed_test,6,4,impressed|3|03,"376400, 377498a, ac379999",4,0.88405421486129288,0.091356090808928703,61,61
fixed_test,6,4,impressed|3|03,"376400, 377498a, ac379999",5,0.88405421486129288,0.098499148723197094,61,61
fixed_test,6,4,impressed|3|03,"376400, 377498a, ac379999",6,0.88405421486129288,0.11413891397254072,61,61
fixed_test,6,4,impressed|3|03,"376400, 377498a, ac379999",7,0.88405421486129288,0.083317945808049299,61,61
fixed_test,6,4,impressed|3|03,"376400, 377498a, ac379999",8,0.88405421486129288,0.097091786666913094,61,61
fixed_test,6,4,impressed|3|03,"376400, 377498a, ac379999",9,0.88405421486129288,0.12084242780666643,61,61
fixed_test,6,4,impressed|3|04,"376400, 378619a, ac379999",0,0.88405421486129288,0.14043102755450576,66,66
fixed_test,6,4,impressed|3|04,"376400, 378619a, ac379999",1,0.88405421486129288,0.13912822517396606,66,66
fixed_test,6,4,impressed|3|04,"376400, 378619a, ac379999",2,0.88405421486129288,0.10025214842011221,66,66
fixed_test,6,4,impressed|3|04,"376400, 378619a, ac379999",3,0.88405421486129288,0.096725554276499315,66,66
fixed_test,6,4,impressed|3|04,"376400, 378619a, ac379999",4,0.88405421486129288,0.15636501758454202,66,66
fixed_test,6,4,impressed|3|04,"376400, 378619a, ac379999",5,0.88405421486129288,0.14229799195330672,66,66
fixed_test,6,4,impressed|3|04,"376400, 378619a, ac379999",6,0.88405421486129288,0.13499773386181346,66,65
fixed_test,6,4,impressed|3|04,"376400, 378619a, ac379999",7,0.88405421486129288,0.13274132142091333,66,66
fixed_test,6,4,impressed|3|04,"376400, 378619a, ac379999",8,0.88405421486129288,0.14975630893699421,66,66
fixed_test,6,4,impressed|3|04,"376400, 378619a, ac379999",9,0.88405421486129288,0.13594312309924406,66,66
fixed_test,6,4,impressed|3|05,"376400, 377498a, ac370606",0,0.88405421486129288,0.10723643294337115,52,52
fixed_test,6,4,impressed|3|05,"376400, 377498a, ac370606",1,0.88405421486129288,0.12084242780666643,52,52
fixed_test,6,4,impressed|3|05,"376400, 377498a, ac370606",2,0.88405421486129288,0.082665470710418854,52,52
fixed_test,6,4,impressed|3|05,"376400, 377498a, ac370606",3,0.88405421486129288,0.06033207823707265,52,52
fixed_test,6,4,impressed|3|05,"376400, 377498a, ac370606",4,0.88405421486129288,0.10723643294337115,52,52
fixed_test,6,4,impressed|3|05,"376400, 377498a, ac370606",5,0.88405421486129288,0.080478119765733158,52,52
fixed_test,6,4,impressed|3|05,"376400, 377498a, ac370606",6,0.88405421486129288,0.08775334555462555,52,52
fixed_test,6,4,impressed|3|05,"376400, 377498a, ac370606",7,0.88405421486129288,0.10413523140248637,52,52
fixed_test,6,4,impressed|3|05,"376400, 377498a, ac370606",8,0.88405421486129288,0.093536598677113725,52,52
fixed_test,6,4,impressed|3|05,"376400, 377498a, ac370606",9,0.88405421486129288,0.084127866262377893,52,52
fixed_test,6,4,impressed|3|06,"378619a, ac379999, ac419100",0,0.88405421486129288,0.045921197319684692,78,78
fixed_test,6,4,impressed|3|06,"378619a, ac379999, ac419100",1,0.88405421486129288,0.041998501297586976,78,78
fixed_test,6,4,impressed|3|06,"378619a, ac379999, ac419100",2,0.88405421486129288,0.0080827891777716099,78,78
fixed_test,6,4,impressed|3|06,"378619a, ac379999, ac419100",3,0.88405421486129288,0.021359750407318967,78,78
fixed_test,6,4,impressed|3|06,"378619a, ac379999, ac419100",4,0.88405421486129288,0.019912724067584375,78,78
fixed_test,6,4,impressed|3|06,"378619a, ac379999, ac419100",5,0.88405421486129288,0.023882621839724005,78,78
fixed_test,6,4,impressed|3|06,"378619a, ac379999, ac419100",6,0.88405421486129288,0.02782698843328979,78,78
fixed_test,6,4,impressed|3|06,"378619a, ac379999, ac419100",7,0.88405421486129288,0.022898415708054065,78,78
fixed_test,6,4,impressed|3|06,"378619a, ac379999, ac419100",8,0.88405421486129288,0.03815070358524375,78,78
fixed_test,6,4,impressed|3|06,"378619a, ac379999, ac419100",9,0.88405421486129288,0.040014166760859671,78,78
fixed_test,6,4,impressed|3|07,"378619a, 387042a, ac379999",0,0.88405421486129288,0.0011736193494752412,24,24
fixed_test,6,4,impressed|3|07,"378619a, 387042a, ac379999",1,0.88405421486129288,0.011890403128282601,24,24
fixed_test,6,4,impressed|3|07,"378619a, 387042a, ac379999",2,0.88405421486129288,0.010543171708529808,24,24
fixed_test,6,4,impressed|3|07,"378619a, 387042a, ac379999",3,0.88405421486129288,0.011890403128282601,24,24
fixed_test,6,4,impressed|3|07,"378619a, 387042a, ac379999",4,0.88405421486129288,0.015915828302359936,24,24
fixed_test,6,4,impressed|3|07,"378619a, 387042a, ac379999",5,0.88405421486129288,0.006497141627997971,24,24
fixed_test,6,4,impressed|3|07,"378619a, 387042a, ac379999",6,0.88405421486129288,0.0011736193494752412,24,24
fixed_test,6,4,impressed|3|07,"378619a, 387042a, ac379999",7,0.88405421486129288,0.015915828302359936,24,24
fixed_test,6,4,impressed|3|07,"378619a, 387042a, ac379999",8,0.88405421486129288,0.015915828302359936,24,24
fixed_test,6,4,impressed|3|07,"378619a, 387042a, ac379999",9,0.88405421486129288,0.011890403128282601,24,24
fixed_test,6,4,impressed|3|08,"376400, 378619a, ac411100",0,0.88405421486129288,0.015915828302359936,14,14
fixed_test,6,4,impressed|3|08,"376400, 378619a, ac411100",1,0.88405421486129288,0.021359750407318967,14,14
fixed_test,6,4,impressed|3|08,"376400, 378619a, ac411100",2,0.88405421486129288,0.015915828302359936,14,14
fixed_test,6,4,impressed|3|08,"376400, 378619a, ac411100",3,0.88405421486129288,0.0253345149767219,14,14
fixed_test,6,4,impressed|3|08,"376400, 378619a, ac411100",4,0.88405421486129288,0.021359750407318967,14,14
fixed_test,6,4,impressed|3|08,"376400, 378619a, ac411100",5,0.88405421486129288,0.0092756628110965966,14,14
fixed_test,6,4,impressed|3|08,"376400, 378619a, ac411100",6,0.88405421486129288,0.021359750407318967,14,14
fixed_test,6,4,impressed|3|08,"376400, 378619a, ac411100",7,0.88405421486129288,0.0052388342425996326,14,14
fixed_test,6,4,impressed|3|08,"376400, 378619a, ac411100",8,0.88405421486129288,0.015915828302359936,14,14
fixed_test,6,4,impressed|3|08,"376400, 378619a, ac411100",9,0.88405421486129288,0.010543171708529808,14,14
fixed_test,6,4,impressed|3|09,"387042a, ac410100, ac419100",0,0.88405421486129288,-0.0011045126234490166,22,22
fixed_test,6,4,impressed|3|09,"387042a, ac410100, ac419100",1,0.88405421486129288,-0.0040830595559622207,22,22
fixed_test,6,4,impressed|3|09,"387042a, ac410100, ac419100",2,0.88405421486129288,0,22,22
fixed_test,6,4,impressed|3|09,"387042a, ac410100, ac419100",3,0.88405421486129288,0,22,22
fixed_test,6,4,impressed|3|09,"387042a, ac410100, ac419100",4,0.88405421486129288,0.0052388342425996326,22,22
fixed_test,6,4,impressed|3|09,"387042a, ac410100, ac419100",5,0.88405421486129288,0.010543171708529808,22,22
fixed_test,6,4,impressed|3|09,"387042a, ac410100, ac419100",6,0.88405421486129288,-0.0040830595559622207,22,22
fixed_test,6,4,impressed|3|09,"387042a, ac410100, ac419100",7,0.88405421486129288,0.0080827891777716099,22,22
fixed_test,6,4,impressed|3|09,"387042a, ac410100, ac419100",8,0.88405421486129288,0.0040547895078851814,22,22
fixed_test,6,4,impressed|3|09,"387042a, ac410100, ac419100",9,0.88405421486129288,0.0080827891777716099,22,22
fixed_test,6,4,impressed|3|10,"378619a, ac370000, ac379999",0,0.88405421486129288,0.032473877835416887,81,81
fixed_test,6,4,impressed|3|10,"378619a, ac370000, ac379999",1,0.88405421486129288,0.026878022912815158,81,81
fixed_test,6,4,impressed|3|10,"378619a, ac370000, ac379999",2,0.88405421486129288,0.026878022912815158,81,81
fixed_test,6,4,impressed|3|10,"378619a, ac370000, ac379999",3,0.88405421486129288,0.029282276426639053,81,81
fixed_test,6,4,impressed|3|10,"378619a, ac370000, ac379999",4,0.88405421486129288,0.049767792244427733,81,81
fixed_test,6,4,impressed|3|10,"378619a, ac370000, ac379999",5,0.88405421486129288,0.0253345149767219,81,81
fixed_test,6,4,impressed|3|10,"378619a, ac370000, ac379999",6,0.88405421486129288,0.022898415708054065,81,81
fixed_test,6,4,impressed|3|10,"378619a, ac370000, ac379999",7,0.88405421486129288,0.02782698843328979,81,81
fixed_test,6,4,impressed|3|10,"378619a, ac370000, ac379999",8,0.88405421486129288,0.033204515638286081,81,81
fixed_test,6,4,impressed|3|10,"378619a, ac370000, ac379999",9,0.88405421486129288,0.030266669767136545,81,81
fixed_train,6,4,apriori|1|01,ac419100,0,0.99444282823688168,0.049224341922967874,842,747
fixed_train,6,4,apriori|1|01,ac419100,1,0.99444282823688168,0.051460322073420328,842,736
fixed_train,6,4,apriori|1|01,ac419100,2,0.99444282823688168,0.060273354490835818,842,736
fixed_train,6,4,apriori|1|01,ac419100,3,0.99444282823688168,0.049961350216381706,842,715
fixed_train,6,4,apriori|1|01,ac419100,4,0.99444282823688168,0.052520414185094122,842,752
fixed_train,6,4,apriori|1|01,ac419100,5,0.99444282823688168,0.052520414185094122,842,743
fixed_train,6,4,apriori|1|01,ac419100,6,0.99444282823688168,0.061455427407896113,842,731
fixed_train,6,4,apriori|1|01,ac419100,7,0.99444282823688168,0.060144434664049617,842,738
fixed_train,6,4,apriori|1|01,ac419100,8,0.99444282823688168,0.06564323591312704,842,730
fixed_train,6,4,apriori|1|01,ac419100,9,0.99444282823688168,0.061455427407896113,842,732
fixed_train,6,4,apriori|1|02,ac370000,0,0.99444282823688168,0.12165779708162749,630,630
fixed_train,6,4,apriori|1|02,ac370000,1,0.99444282823688168,0.1233559404494492,630,628
fixed_train,6,4,apriori|1|02,ac370000,2,0.99444282823688168,0.11731402470428776,630,626
fixed_train,6,4,apriori|1|02,ac370000,3,0.99444282823688168,0.12836946726013243,630,627
fixed_train,6,4,apriori|1|02,ac370000,4,0.99444282823688168,0.11364962334671747,630,626
fixed_train,6,4,apriori|1|02,ac370000,5,0.99444282823688168,0.12808669686091967,630,628
fixed_train,6,4,apriori|1|02,ac370000,6,0.99444282823688168,0.11528781283811573,630,627
fixed_train,6,4,apriori|1|02,ac370000,7,0.99444282823688168,0.12067746214737085,630,628
fixed_train,6,4,apriori|1|02,ac370000,8,0.99444282823688168,0.12901604341546924,630,627
fixed_train,6,4,apriori|1|02,ac370000,9,0.99444282823688168,0.11828981156339091,630,625
fixed_train,6,4,apriori|1|03,ac379999,0,0.99444282823688168,0.062587397858420379,618,607
fixed_train,6,4,apriori|1|03,ac379999,1,0.99444282823688168,0.052996101714370525,618,606
fixed_train,6,4,apriori|1|03,ac379999,2,0.99444282823688168,0.060537127982242978,618,608
fixed_train,6,4,apriori|1|03,ac379999,3,0.99444282823688168,0.069909028246087468,618,606
fixed_train,6,4,apriori|1|03,ac379999,4,0.99444282823688168,0.063496621853788571,618,605
fixed_train,6,4,apriori|1|03,ac379999,5,0.99444282823688168,0.060948063810513764,618,604
fixed_train,6,4,apriori|1|03,ac379999,6,0.99444282823688168,0.060462236225469868,618,611
fixed_train,6,4,apriori|1|03,ac379999,7,0.99444282823688168,0.05910908022887007,618,606
fixed_train,6,4,apriori|1|03,ac379999,8,0.99444282823688168,0.06745575217632005,618,608
fixed_train,6,4,apriori|1|03,ac379999,9,0.99444282823688168,0.059752248654080686,618,606
fixed_train,6,4,apriori|1|04,370407,0,0.99444282823688168,0.04538415139689489,537,524
fixed_train,6,4,apriori|1|04,370407,1,0.99444282823688168,0.047648210204006669,537,528
fixed_train,6,4,apriori|1|04,370407,2,0.99444282823688168,0.043987905794756865,537,527
fixed_train,6,4,apriori|1|04,370407,3,0.99444282823688168,0.046920867318352988,537,524
fixed_train,6,4,apriori|1|04,370407,4,0.99444282823688168,0.05098333794146892,537,526
fixed_train,6,4,apriori|1|04,370407,5,0.99444282823688168,0.04291274568885084,537,527
fixed_train,6,4,apriori|1|04,370407,6,0.99444282823688168,0.042811400060600135,537,526
fixed_train,6,4,apriori|1|04,370407,7,0.99444282823688168,0.051105721485434463,537,528
fixed_train,6,4,apriori|1|04,370407,8,0.99444282823688168,0.042039658565666049,537,530
fixed_train,6,4,apriori|1|04,370407,9,0.99444282823688168,0.041835596834740918,537,520
fixed_train,6,4,apriori|1|05,ac370419,0,0.99444282823688168,0.046686998280061287,523,507
fixed_train,6,4,apriori|1|05,ac370419,1,0.99444282823688168,0.04538415139689489,523,515
fixed_train,6,4,apriori|1|05,ac370419,2,0.99444282823688168,0.041540845527863079,523,509
fixed_train,6,4,apriori|1|05,ac370419,3,0.99444282823688168,0.038591974975559884,523,512
fixed_train,6,4,apriori|1|05,ac370419,4,0.99444282823688168,0.036419167249225004,523,513
fixed_train,6,4,apriori|1|05,ac370419,5,0.99444282823688168,0.047310802090713477,523,513
fixed_train,6,4,apriori|1|05,ac370419,6,0.99444282823688168,0.043443110664702411,523,509
fixed_train,6,4,apriori|1|05,ac370419,7,0.99444282823688168,0.034895501528753425,523,508
fixed_train,6,4,apriori|1|05,ac370419,8,0.99444282823688168,0.044198476776918461,523,509
fixed_train,6,4,apriori|1|05,ac370419,9,0.99444282823688168,0.043783608256005024,523,509
fixed_train,6,4,apriori|1|06,ac410100,0,0.99444282823688168,0.045327783989094095,521,498
fixed_train,6,4,apriori|1|06,ac410100,1,0.99444282823688168,0.035726378599530983,521,487
fixed_train,6,4,apriori|1|06,ac410100,2,0.99444282823688168,0.040903005228032141,521,493
fixed_train,6,4,apriori|1|06,ac410100,3,0.99444282823688168,0.039754816640280799,521,494
fixed_train,6,4,apriori|1|06,ac410100,4,0.99444282823688168,0.048052907573693182,521,494
fixed_train,6,4,apriori|1|06,ac410100,5,0.99444282823688168,0.03705532007157919,521,487
fixed_train,6,4,apriori|1|06,ac410100,6,0.99444282823688168,0.03184842801870047,521,492
fixed_train,6,4,apriori|1|06,ac410100,7,0.99444282823688168,0.043683754468958336,521,498
fixed_train,6,4,apriori|1|06,ac410100,8,0.99444282823688168,0.036400679323919216,521,487
fixed_train,6,4,apriori|1|06,ac410100,9,0.99444282823688168,0.043025603179767224,521,494
fixed_train,6,4,apriori|1|07,ac370443,0,0.99444282823688168,0.043333805504484291,512,496
fixed_train,6,4,apriori|1|07,ac370443,1,0.99444282823688168,0.049912269011118338,512,497
fixed_train,6,4,apriori|1|07,ac370443,2,0.99444282823688168,0.036149501393227257,512,498
fixed_train,6,4,apriori|1|07,ac370443,3,0.99444282823688168,0.044306174295608125,512,487
fixed_train,6,4,apriori|1|07,ac370443,4,0.99444282823688168,0.050155802332521926,512,497
fixed_train,6,4,apriori|1|07,ac370443,5,0.99444282823688168,0.039298082799721135,512,501
fixed_train,6,4,apriori|1|07,ac370443,6,0.99444282823688168,0.037231758855046704,512,493
fixed_train,6,4,apriori|1|07,ac370443,7,0.99444282823688168,0.042039658565666049,512,504
fixed_train,6,4,apriori|1|07,ac370443,8,0.99444282823688168,0.04538415139689489,512,504
fixed_train,6,4,apriori|1|07,ac370443,9,0.99444282823688168,0.043120092589783332,512,496
fixed_train,6,4,apriori|1|08,ac370442,0,0.99444282823688168,0.036149501393227257,508,495
fixed_train,6,4,apriori|1|08,ac370442,1,0.99444282823688168,0.050797877588178664,508,496
fixed_train,6,4,apriori|1|08,ac370442,2,0.99444282823688168,0.049079579675713192,508,492
fixed_train,6,4,apriori|1|08,ac370442,3,0.99444282823688168,0.042249985745859364,508,493
fixed_train,6,4,apriori|1|08,ac370442,4,0.99444282823688168,0.05028035937556119,508,490
fixed_train,6,4,apriori|1|08,ac370442,5,0.99444282823688168,0.032890374836001102,508,488
fixed_train,6,4,apriori|1|08,ac370442,6,0.99444282823688168,0.041637613744065494,508,494
fixed_train,6,4,apriori|1|08,ac370442,7,0.99444282823688168,0.039578798330081155,508,494
fixed_train,6,4,apriori|1|08,ac370442,8,0.99444282823688168,0.044306174295608125,508,501
fixed_train,6,4,apriori|1|08,ac370442,9,0.99444282823688168,0.043226141143118513,508,493
fixed_train,6,4,apriori|1|09,370712b,0,0.99444282823688168,0.036327916168448104,487,475
fixed_train,6,4,apriori|1|09,370712b,1,0.99444282823688168,0.034063857361336436,487,468
fixed_train,6,4,apriori|1|09,370712b,2,0.99444282823688168,0.042466773697285465,487,472
fixed_train,6,4,apriori|1|09,370712b,3,0.99444282823688168,0.038688158547189433,487,475
fixed_train,6,4,apriori|1|09,370712b,4,0.99444282823688168,0.040957149845154084,487,473
fixed_train,6,4,apriori|1|09,370712b,5,0.99444282823688168,0.033978834071888842,487,472
fixed_train,6,4,apriori|1|09,370712b,6,0.99444282823688168,0.039773142835723863,487,473
fixed_train,6,4,apriori|1|09,370712b,7,0.99444282823688168,0.035808461020252702,487,469
fixed_train,6,4,apriori|1|09,370712b,8,0.99444282823688168,0.043443110664702411,487,478
fixed_train,6,4,apriori|1|09,370712b,9,0.99444282823688168,0.038688158547189433,487,481
fixed_train,6,4,apriori|1|10,ac411100,0,0.99444282823688168,0.028084269159011299,504,457
fixed_train,6,4,apriori|1|10,ac411100,1,0.99444282823688168,0.03070707991595556,504,466
fixed_train,6,4,apriori|1|10,ac411100,2,0.99444282823688168,0.029612193355331606,504,451
fixed_train,6,4,apriori|1|10,ac411100,3,0.99444282823688168,0.032727660895239818,504,463
fixed_train,6,4,apriori|1|10,ac411100,4,0.99444282823688168,0.031640671862811498,504,461
fixed_train,6,4,apriori|1|10,ac411100,5,0.99444282823688168,0.03623803440531792,504,456
fixed_train,6,4,apriori|1|10,ac411100,6,0.99444282823688168,0.032648130790316143,504,460
fixed_train,6,4,apriori|1|10,ac411100,7,0.99444282823688168,0.029535739747112988,504,458
fixed_train,6,4,apriori|1|10,ac411100,8,0.99444282823688168,0.03040076005187875,504,465
fixed_train,6,4,apriori|1|10,ac411100,9,0.99444282823688168,0.027063492955203494,504,456
fixed_train,6,4,apriori|2|01,"ac370000, ac379999",0,0.99444282823688168,0.092116066000841657,618,615
fixed_train,6,4,apriori|2|01,"ac370000, ac379999",1,0.99444282823688168,0.099092725841124496,618,615
fixed_train,6,4,apriori|2|01,"ac370000, ac379999",2,0.99444282823688168,0.098576140111675259,618,617
fixed_train,6,4,apriori|2|01,"ac370000, ac379999",3,0.99444282823688168,0.093235120396689131,618,616
fixed_train,6,4,apriori|2|01,"ac370000, ac379999",4,0.99444282823688168,0.097025553627789529,618,618
fixed_train,6,4,apriori|2|01,"ac370000, ac379999",5,0.99444282823688168,0.088180527537159992,618,616
fixed_train,6,4,apriori|2|01,"ac370000, ac379999",6,0.99444282823688168,0.10912991553067164,618,616
fixed_train,6,4,apriori|2|01,"ac370000, ac379999",7,0.99444282823688168,0.081747644564153288,618,615
fixed_train,6,4,apriori|2|01,"ac370000, ac379999",8,0.99444282823688168,0.090031276896591295,618,616
fixed_train,6,4,apriori|2|01,"ac370000, ac379999",9,0.99444282823688168,0.098590794766397316,618,615
fixed_train,6,4,apriori|2|02,"ac370000, ac419100",0,0.99444282823688168,0.089430884540588229,576,576
fixed_train,6,4,apriori|2|02,"ac370000, ac419100",1,0.99444282823688168,0.07621631178272803,576,575
fixed_train,6,4,apriori|2|02,"ac370000, ac419100",2,0.99444282823688168,0.089456437322801174,576,576
fixed_train,6,4,apriori|2|02,"ac370000, ac419100",3,0.99444282823688168,0.086745685833474306,576,574
fixed_train,6,4,apriori|2|02,"ac370000, ac419100",4,0.99444282823688168,0.099950923592231233,576,573
fixed_train,6,4,apriori|2|02,"ac370000, ac419100",5,0.99444282823688168,0.083427329288072283,576,575
fixed_train,6,4,apriori|2|02,"ac370000, ac419100",6,0.99444282823688168,0.084045139730660412,576,572
fixed_train,6,4,apriori|2|02,"ac370000, ac419100",7,0.99444282823688168,0.082187520026235195,576,576
fixed_train,6,4,apriori|2|02,"ac370000, ac419100",8,0.99444282823688168,0.077443789644672245,576,574
fixed_train,6,4,apriori|2|02,"ac370000, ac419100",9,0.99444282823688168,0.079908437122615528,576,575
fixed_train,6,4,apriori|2|03,"ac379999, ac419100",0,0.99444282823688168,0.074992019314621627,570,567
fixed_train,6,4,apriori|2|03,"ac379999, ac419100",1,0.99444282823688168,0.066814680658753289,570,567
fixed_train,6,4,apriori|2|03,"ac379999, ac419100",2,0.99444282823688168,0.072057513256336914,570,569
fixed_train,6,4,apriori|2|03,"ac379999, ac419100",3,0.99444282823688168,0.0720190599225351,570,568
fixed_train,6,4,apriori|2|03,"ac379999, ac419100",4,0.99444282823688168,0.06229143988238639,570,569
fixed_train,6,4,apriori|2|03,"ac379999, ac419100",5,0.99444282823688168,0.081056317316563709,570,566
fixed_train,6,4,apriori|2|03,"ac379999, ac419100",6,0.99444282823688168,0.069499066930766462,570,566
fixed_train,6,4,apriori|2|03,"ac379999, ac419100",7,0.99444282823688168,0.082836941704623968,570,570
fixed_train,6,4,apriori|2|03,"ac379999, ac419100",8,0.99444282823688168,0.08923896957251054,570,569
fixed_train,6,4,apriori|2|03,"ac379999, ac419100",9,0.99444282823688168,0.080101992094377628,570,567
fixed_train,6,4,apriori|2|04,"370407, ac370000",0,0.99444282823688168,0.098060109859989475,537,536
fixed_train,6,4,apriori|2|04,"370407, ac370000",1,0.99444282823688168,0.09676717256103029,537,536
fixed_train,6,4,apriori|2|04,"370407, ac370000",2,0.99444282823688168,0.095989031669023395,537,536
fixed_train,6,4,apriori|2|04,"370407, ac370000",3,0.99444282823688168,0.091873158518521958,537,537
fixed_train,6,4,apriori|2|04,"370407, ac370000",4,0.99444282823688168,0.09083282470484344,537,536
fixed_train,6,4,apriori|2|04,"370407, ac370000",5,0.99444282823688168,0.093909987281924678,537,535
fixed_train,6,4,apriori|2|04,"370407, ac370000",6,0.99444282823688168,0.10885385092899014,537,536
fixed_train,6,4,apriori|2|04,"370407, ac370000",7,0.99444282823688168,0.10017438536050061,537,536
fixed_train,6,4,apriori|2|04,"370407, ac370000",8,0.99444282823688168,0.097824795202198001,537,535
fixed_train,6,4,apriori|2|04,"370407, ac370000",9,0.99444282823688168,0.092613130092040641,537,537
fixed_train,6,4,apriori|2|05,"370407, ac379999",0,0.99444282823688168,0.061232563046676791,527,527
fixed_train,6,4,apriori|2|05,"370407, ac379999",1,0.99444282823688168,0.052176327818230117,527,527
fixed_train,6,4,apriori|2|05,"370407, ac379999",2,0.99444282823688168,0.053632642295615818,527,525
fixed_train,6,4,apriori|2|05,"370407, ac379999",3,0.99444282823688168,0.055248150694273912,527,526
fixed_train,6,4,apriori|2|05,"370407, ac379999",4,0.99444282823688168,0.056309606150940161,527,527
fixed_train,6,4,apriori|2|05,"370407, ac379999",5,0.99444282823688168,0.039578798330081155,527,527
fixed_train,6,4,apriori|2|05,"370407, ac379999",6,0.99444282823688168,0.06229143988238639,527,525
fixed_train,6,4,apriori|2|05,"370407, ac379999",7,0.99444282823688168,0.067711308106137125,527,527
fixed_train,6,4,apriori|2|05,"370407, ac379999",8,0.99444282823688168,0.066396525877178258,527,526
fixed_train,6,4,apriori|2|05,"370407, ac379999",9,0.99444282823688168,0.053936865747148621,527,527
fixed_train,6,4,apriori|2|06,"ac370000, ac370419",0,0.99444282823688168,0.094699909977389196,523,522
fixed_train,6,4,apriori|2|06,"ac370000, ac370419",1,0.99444282823688168,0.10045530227416999,523,522
fixed_train,6,4,apriori|2|06,"ac370000, ac370419",2,0.99444282823688168,0.10281113503055417,523,520
fixed_train,6,4,apriori|2|06,"ac370000, ac370419",3,0.99444282823688168,0.098099469517785587,523,523
fixed_train,6,4,apriori|2|06,"ac370000, ac370419",4,0.99444282823688168,0.094950518231449177,523,523
fixed_train,6,4,apriori|2|06,"ac370000, ac370419",5,0.99444282823688168,0.10206753659783263,523,521
fixed_train,6,4,apriori|2|06,"ac370000, ac370419",6,0.99444282823688168,0.098590794766397316,523,523
fixed_train,6,4,apriori|2|06,"ac370000, ac370419",7,0.99444282823688168,0.09676717256103029,523,522
fixed_train,6,4,apriori|2|06,"ac370000, ac370419",8,0.99444282823688168,0.1022411824322017,523,522
fixed_train,6,4,apriori|2|06,"ac370000, ac370419",9,0.99444282823688168,0.087464959440653134,523,523
fixed_train,6,4,apriori|2|07,"ac370000, ac370443",0,0.99444282823688168,0.098832467824353398,512,512
fixed_train,6,4,apriori|2|07,"ac370000, ac370443",1,0.99444282823688168,0.094501793411633339,512,510
fixed_train,6,4,apriori|2|07,"ac370000, ac370443",2,0.99444282823688168,0.097545361258571717,512,511
fixed_train,6,4,apriori|2|07,"ac370000, ac370443",3,0.99444282823688168,0.11203097929231853,512,510
fixed_train,6,4,apriori|2|07,"ac370000, ac370443",4,0.99444282823688168,0.081798993208515136,512,509
fixed_train,6,4,apriori|2|07,"ac370000, ac370443",5,0.99444282823688168,0.088048770009900301,512,510
fixed_train,6,4,apriori|2|07,"ac370000, ac370443",6,0.99444282823688168,0.087823274176835886,512,511
fixed_train,6,4,apriori|2|07,"ac370000, ac370443",7,0.99444282823688168,0.099862272112991701,512,510
fixed_train,6,4,apriori|2|07,"ac370000, ac370443",8,0.99444282823688168,0.086560334624299684,512,511
fixed_train,6,4,apriori|2|07,"ac370000, ac370443",9,0.99444282823688168,0.086954725202977312,512,512
fixed_train,6,4,apriori|2|08,"ac370419, ac379999",0,0.99444282823688168,0.064272107203641737,513,511
fixed_train,6,4,apriori|2|08,"ac370419, ac379999",1,0.99444282823688168,0.06549899952061955,513,512
fixed_train,6,4,apriori|2|08,"ac370419, ac379999",2,0.99444282823688168,0.067558111226223572,513,512
fixed_train,6,4,apriori|2|08,"ac370419, ac379999",3,0.99444282823688168,0.062587397858420379,513,512
fixed_train,6,4,apriori|2|08,"ac370419, ac379999",4,0.99444282823688168,0.057905268675260801,513,513
fixed_train,6,4,apriori|2|08,"ac370419, ac379999",5,0.99444282823688168,0.051356110985664505,513,511
fixed_train,6,4,apriori|2|08,"ac370419, ac379999",6,0.99444282823688168,0.055638752945318726,513,513
fixed_train,6,4,apriori|2|08,"ac370419, ac379999",7,0.99444282823688168,0.070260168731617556,513,513
fixed_train,6,4,apriori|2|08,"ac370419, ac379999",8,0.99444282823688168,0.066396525877178258,513,513
fixed_train,6,4,apriori|2|08,"ac370419, ac379999",9,0.99444282823688168,0.069909028246087468,513,513
fixed_train,6,4,apriori|2|09,"ac370000, ac370442",0,0.99444282823688168,0.10401983035898765,508,507
fixed_train,6,4,apriori|2|09,"ac370000, ac370442",1,0.99444282823688168,0.094441619280936084,508,506
fixed_train,6,4,apriori|2|09,"ac370000, ac370442",2,0.99444282823688168,0.095772085263041373,508,508
fixed_train,6,4,apriori|2|09,"ac370000, ac370442",3,0.99444282823688168,0.096293026968180317,508,507
fixed_train,6,4,apriori|2|09,"ac370000, ac370442",4,0.99444282823688168,0.096016220156961429,508,507
fixed_train,6,4,apriori|2|09,"ac370000, ac370442",5,0.99444282823688168,0.093155475222143513,508,508
fixed_train,6,4,apriori|2|09,"ac370000, ac370442",6,0.99444282823688168,0.079219572118341963,508,508
fixed_train,6,4,apriori|2|09,"ac370000, ac370442",7,0.99444282823688168,0.098590794766397316,508,508
fixed_train,6,4,apriori|2|09,"ac370000, ac370442",8,0.99444282823688168,0.089790512720747451,508,508
fixed_train,6,4,apriori|2|09,"ac370000, ac370442",9,0.99444282823688168,0.097554297467187689,508,508
fixed_train,6,4,apriori|2|10,"ac370419, ac370443",0,0.99444282823688168,0.094441619280936084,509,509
fixed_train,6,4,apriori|2|10,"ac370419, ac370443",1,0.99444282823688168,0.09733678018636216,509,509
fixed_train,6,4,apriori|2|10,"ac370419, ac370443",2,0.99444282823688168,0.080705574588327056,509,507
fixed_train,6,4,apriori|2|10,"ac370419, ac370443",3,0.99444282823688168,0.08583708505465304,509,509
fixed_train,6,4,apriori|2|10,"ac370419, ac370443",4,0.99444282823688168,0.085368425742459064,509,508
fixed_train,6,4,apriori|2|10,"ac370419, ac370443",5,0.99444282823688168,0.078203200065328438,509,509
fixed_train,6,4,apriori|2|10,"ac370419, ac370443",6,0.99444282823688168,0.079432283950217286,509,509
fixed_train,6,4,apriori|2|10,"ac370419, ac370443",7,0.99444282823688168,0.086187523670242738,509,509
fixed_train,6,4,apriori|2|10,"ac370419, ac370443",8,0.99444282823688168,0.077749477736716588,509,509
fixed_train,6,4,apriori|2|10,"ac370419, ac370443",9,0.99444282823688168,0.10028399723871184,509,509
fixed_train,6,4,apriori|3|01,"ac370000, ac379999, ac419100",0,0.99444282823688168,0.098576140111675259,570,569
fixed_train,6,4,apriori|3|01,"ac370000, ac379999, ac419100",1,0.99444282823688168,0.089845225707035792,570,570
fixed_train,6,4,apriori|3|01,"ac370000, ac379999, ac419100",2,0.99444282823688168,0.078864021541857343,570,570
fixed_train,6,4,apriori|3|01,"ac370000, ac379999, ac419100",3,0.99444282823688168,0.087233618981300998,570,569
fixed_train,6,4,apriori|3|01,"ac370000, ac379999, ac419100",4,0.99444282823688168,0.093361782243426616,570,570
fixed_train,6,4,apriori|3|01,"ac370000, ac379999, ac419100",5,0.99444282823688168,0.079530001910550707,570,570
fixed_train,6,4,apriori|3|01,"ac370000, ac379999, ac419100",6,0.99444282823688168,0.078303910244739816,570,570
fixed_train,6,4,apriori|3|01,"ac370000, ac379999, ac419100",7,0.99444282823688168,0.099398906399824405,570,570
fixed_train,6,4,apriori|3|01,"ac370000, ac379999, ac419100",8,0.99444282823688168,0.08716926415240478,570,570
fixed_train,6,4,apriori|3|01,"ac370000, ac379999, ac419100",9,0.99444282823688168,0.10143979980459361,570,569
fixed_train,6,4,apriori|3|02,"370407, ac370000, ac379999",0,0.99444282823688168,0.10206753659783263,527,526
fixed_train,6,4,apriori|3|02,"370407, ac370000, ac379999",1,0.99444282823688168,0.1118926488808395,527,527
fixed_train,6,4,apriori|3|02,"370407, ac370000, ac379999",2,0.99444282823688168,0.087166952766513983,527,527
fixed_train,6,4,apriori|3|02,"370407, ac370000, ac379999",3,0.99444282823688168,0.092434654223253254,527,527
fixed_train,6,4,apriori|3|02,"370407, ac370000, ac379999",4,0.99444282823688168,0.095731631621267965,527,527
fixed_train,6,4,apriori|3|02,"370407, ac370000, ac379999",5,0.99444282823688168,0.093706752459835729,527,527
fixed_train,6,4,apriori|3|02,"370407, ac370000, ac379999",6,0.99444282823688168,0.10663745892849175,527,527
fixed_train,6,4,apriori|3|02,"370407, ac370000, ac379999",7,0.99444282823688168,0.093155475222143513,527,527
fixed_train,6,4,apriori|3|02,"370407, ac370000, ac379999",8,0.99444282823688168,0.099351724292879529,527,527
fixed_train,6,4,apriori|3|02,"370407, ac370000, ac379999",9,0.99444282823688168,0.097293801296124416,527,527
fixed_train,6,4,apriori|3|03,"ac370000, ac370419, ac379999",0,0.99444282823688168,0.097824795202198001,513,513
fixed_train,6,4,apriori|3|03,"ac370000, ac370419, ac379999",1,0.99444282823688168,0.1233559404494492,513,512
fixed_train,6,4,apriori|3|03,"ac370000, ac370419, ac379999",2,0.99444282823688168,0.10970250105359702,513,513
fixed_train,6,4,apriori|3|03,"ac370000, ac370419, ac379999",3,0.99444282823688168,0.10607471697863446,513,513
fixed_train,6,4,apriori|3|03,"ac370000, ac370419, ac379999",4,0.99444282823688168,0.11121284108759055,513,513
fixed_train,6,4,apriori|3|03,"ac370000, ac370419, ac379999",5,0.99444282823688168,0.10413587061178997,513,513
fixed_train,6,4,apriori|3|03,"ac370000, ac370419, ac379999",6,0.99444282823688168,0.10384335457801463,513,513
fixed_train,6,4,apriori|3|03,"ac370000, ac370419, ac379999",7,0.99444282823688168,0.10824829917202428,513,513
fixed_train,6,4,apriori|3|03,"ac370000, ac370419, ac379999",8,0.99444282823688168,0.11455471665468897,513,513
fixed_train,6,4,apriori|3|03,"ac370000, ac370419, ac379999",9,0.99444282823688168,0.10927150987972256,513,511
fixed_train,6,4,apriori|3|04,"ac370000, ac370419, ac370443",0,0.99444282823688168,0.13031788349894824,509,509
fixed_train,6,4,apriori|3|04,"ac370000, ac370419, ac370443",1,0.99444282823688168,0.13949983495317697,509,509
fixed_train,6,4,apriori|3|04,"ac370000, ac370419, ac370443",2,0.99444282823688168,0.11980406046731773,509,509
fixed_train,6,4,apriori|3|04,"ac370000, ac370419, ac370443",3,0.99444282823688168,0.11980406046731773,509,509
fixed_train,6,4,apriori|3|04,"ac370000, ac370419, ac370443",4,0.99444282823688168,0.12140831270810182,509,509
fixed_train,6,4,apriori|3|04,"ac370000, ac370419, ac370443",5,0.99444282823688168,0.13229253822731069,509,509
fixed_train,6,4,apriori|3|04,"ac370000, ac370419, ac370443",6,0.99444282823688168,0.12868890363315932,509,509
fixed_train,6,4,apriori|3|04,"ac370000, ac370419, ac370443",7,0.99444282823688168,0.12280236345911777,509,509
fixed_train,6,4,apriori|3|04,"ac370000, ac370419, ac370443",8,0.99444282823688168,0.11765213738468394,509,509
fixed_train,6,4,apriori|3|04,"ac370000, ac370419, ac370443",9,0.99444282823688168,0.11699859099981125,509,509
fixed_train,6,4,apriori|3|05,"ac370000, ac370442, ac370443",0,0.99444282823688168,0.13043377203340845,505,505
fixed_train,6,4,apriori|3|05,"ac370000, ac370442, ac370443",1,0.99444282823688168,0.12310255756128208,505,505
fixed_train,6,4,apriori|3|05,"ac370000, ac370442, ac370443",2,0.99444282823688168,0.11610177167021862,505,505
fixed_train,6,4,apriori|3|05,"ac370000, ac370442, ac370443",3,0.99444282823688168,0.12677875287711382,505,505
fixed_train,6,4,apriori|3|05,"ac370000, ac370442, ac370443",4,0.99444282823688168,0.11940280248663404,505,505
fixed_train,6,4,apriori|3|05,"ac370000, ac370442, ac370443",5,0.99444282823688168,0.12440447265926025,505,504
fixed_train,6,4,apriori|3|05,"ac370000, ac370442, ac370443",6,0.99444282823688168,0.13300345313401041,505,505
fixed_train,6,4,apriori|3|05,"ac370000, ac370442, ac370443",7,0.99444282823688168,0.12363422484358222,505,505
fixed_train,6,4,apriori|3|05,"ac370000, ac370442, ac370443",8,0.99444282823688168,0.1260252394161463,505,505
fixed_train,6,4,apriori|3|05,"ac370000, ac370442, ac370443",9,0.99444282823688168,0.11883194958697352,505,505
fixed_train,6,4,apriori|3|06,"370407, ac370000, ac370419",0,0.99444282823688168,0.13655517080435708,507,507
fixed_train,6,4,apriori|3|06,"370407, ac370000, ac370419",1,0.99444282823688168,0.13432836286084704,507,507
fixed_train,6,4,apriori|3|06,"370407, ac370000, ac370419",2,0.99444282823688168,0.1459854907461775,507,507
fixed_train,6,4,apriori|3|06,"370407, ac370000, ac370419",3,0.99444282823688168,0.12335519036334064,507,507
fixed_train,6,4,apriori|3|06,"370407, ac370000, ac370419",4,0.99444282823688168,0.12974576532629367,507,507
fixed_train,6,4,apriori|3|06,"370407, ac370000, ac370419",5,0.99444282823688168,0.11592595978649789,507,507
fixed_train,6,4,apriori|3|06,"370407, ac370000, ac370419",6,0.99444282823688168,0.12944781046576992,507,507
fixed_train,6,4,apriori|3|06,"370407, ac370000, ac370419",7,0.99444282823688168,0.12080506239477495,507,506
fixed_train,6,4,apriori|3|06,"370407, ac370000, ac370419",8,0.99444282823688168,0.12010293450175835,507,507
fixed_train,6,4,apriori|3|06,"370407, ac370000, ac370419",9,0.99444282823688168,0.12221544513089877,507,507
fixed_train,6,4,apriori|3|07,"ac370000, ac370419, ac370442",0,0.99444282823688168,0.12932491848235017,504,504
fixed_train,6,4,apriori|3|07,"ac370000, ac370419, ac370442",1,0.99444282823688168,0.12901604341546924,504,504
fixed_train,6,4,apriori|3|07,"ac370000, ac370419, ac370442",2,0.99444282823688168,0.13427392644102065,504,504
fixed_train,6,4,apriori|3|07,"ac370000, ac370419, ac370442",3,0.99444282823688168,0.13531576167953385,504,504
fixed_train,6,4,apriori|3|07,"ac370000, ac370419, ac370442",4,0.99444282823688168,0.1373928196698061,504,504
fixed_train,6,4,apriori|3|07,"ac370000, ac370419, ac370442",5,0.99444282823688168,0.13270593470479219,504,504
fixed_train,6,4,apriori|3|07,"ac370000, ac370419, ac370442",6,0.99444282823688168,0.13756755618625738,504,504
fixed_train,6,4,apriori|3|07,"ac370000, ac370419, ac370442",7,0.99444282823688168,0.1211043995195813,504,504
fixed_train,6,4,apriori|3|07,"ac370000, ac370419, ac370442",8,0.99444282823688168,0.113088829638469,504,504
fixed_train,6,4,apriori|3|07,"ac370000, ac370419, ac370442",9,0.99444282823688168,0.12833370277016842,504,504
fixed_train,6,4,apriori|3|08,"ac370000, ac370443, ac379999",0,0.99444282823688168,0.089456437322801174,502,502
fixed_train,6,4,apriori|3|08,"ac370000, ac370443, ac379999",1,0.99444282823688168,0.098323427150221909,502,502
fixed_train,6,4,apriori|3|08,"ac370000, ac370443, ac379999",2,0.99444282823688168,0.087464959440653134,502,502
fixed_train,6,4,apriori|3|08,"ac370000, ac370443, ac379999",3,0.99444282823688168,0.090712479653558553,502,502
fixed_train,6,4,apriori|3|08,"ac370000, ac370443, ac379999",4,0.99444282823688168,0.10401983035898765,502,502
fixed_train,6,4,apriori|3|08,"ac370000, ac370443, ac379999",5,0.99444282823688168,0.090937625230182006,502,502
fixed_train,6,4,apriori|3|08,"ac370000, ac370443, ac379999",6,0.99444282823688168,0.1026808982420977,502,502
fixed_train,6,4,apriori|3|08,"ac370000, ac370443, ac379999",7,0.99444282823688168,0.10294060587592435,502,502
fixed_train,6,4,apriori|3|08,"ac370000, ac370443, ac379999",8,0.99444282823688168,0.093235120396689131,502,502
fixed_train,6,4,apriori|3|08,"ac370000, ac370443, ac379999",9,0.99444282823688168,0.091087783300747405,502,501
fixed_train,6,4,apriori|3|09,"ac370419, ac370442, ac370443",0,0.99444282823688168,0.10766100907501663,502,502
fixed_train,6,4,apriori|3|09,"ac370419, ac370442, ac370443",1,0.99444282823688168,0.1026808982420977,502,502
fixed_train,6,4,apriori|3|09,"ac370419, ac370442, ac370443",2,0.99444282823688168,0.10931758656223911,502,502
fixed_train,6,4,apriori|3|09,"ac370419, ac370442, ac370443",3,0.99444282823688168,0.094501793411633339,502,502
fixed_train,6,4,apriori|3|09,"ac370419, ac370442, ac370443",4,0.99444282823688168,0.096015215813857968,502,502
fixed_train,6,4,apriori|3|09,"ac370419, ac370442, ac370443",5,0.99444282823688168,0.10737402281487562,502,502
fixed_train,6,4,apriori|3|09,"ac370419, ac370442, ac370443",6,0.99444282823688168,0.10868268151311999,502,502
fixed_train,6,4,apriori|3|09,"ac370419, ac370442, ac370443",7,0.99444282823688168,0.10635125593605388,502,502
fixed_train,6,4,apriori|3|09,"ac370419, ac370442, ac370443",8,0.99444282823688168,0.11897110662692179,502,502
fixed_train,6,4,apriori|3|09,"ac370419, ac370442, ac370443",9,0.99444282823688168,0.10347200736157436,502,502
fixed_train,6,4,apriori|3|10,"370407, ac370000, ac370443",0,0.99444282823688168,0.12254296032780931,500,500
fixed_train,6,4,apriori|3|10,"370407, ac370000, ac370443",1,0.99444282823688168,0.11880431747096154,500,500
fixed_train,6,4,apriori|3|10,"370407, ac370000, ac370443",2,0.99444282823688168,0.1133092528284062,500,500
fixed_train,6,4,apriori|3|10,"370407, ac370000, ac370443",3,0.99444282823688168,0.11937453920970276,500,500
fixed_train,6,4,apriori|3|10,"370407, ac370000, ac370443",4,0.99444282823688168,0.1395279007970649,500,500
fixed_train,6,4,apriori|3|10,"370407, ac370000, ac370443",5,0.99444282823688168,0.12029558958937181,500,500
fixed_train,6,4,apriori|3|10,"370407, ac370000, ac370443",6,0.99444282823688168,0.11754514381707326,500,500
fixed_train,6,4,apriori|3|10,"370407, ac370000, ac370443",7,0.99444282823688168,0.13398579306169878,500,500
fixed_train,6,4,apriori|3|10,"370407, ac370000, ac370443",8,0.99444282823688168,0.13723331922323478,500,500
fixed_train,6,4,apriori|3|10,"370407, ac370000, ac370443",9,0.99444282823688168,0.1225052814423786,500,500
fixed_train,6,4,impressed|1|01,376400,0,0.99444282823688168,0.13613230435172852,272,265
fixed_train,6,4,impressed|1|01,376400,1,0.99444282823688168,0.13159387500261555,272,264
fixed_train,6,4,impressed|1|01,376400,2,0.99444282823688168,0.13267605630834611,272,262
fixed_train,6,4,impressed|1|01,376400,3,0.99444282823688168,0.14379435964658249,272,268
fixed_train,6,4,impressed|1|01,376400,4,0.99444282823688168,0.14524415729536266,272,261
fixed_train,6,4,impressed|1|01,376400,5,0.99444282823688168,0.13322360803078326,272,265
fixed_train,6,4,impressed|1|01,376400,6,0.99444282823688168,0.12462243658318362,272,255
fixed_train,6,4,impressed|1|01,376400,7,0.99444282823688168,0.1514534125393876,272,269
fixed_train,6,4,impressed|1|01,376400,8,0.99444282823688168,0.12769467872018536,272,262
fixed_train,6,4,impressed|1|01,376400,9,0.99444282823688168,0.14065873878522783,272,263
fixed_train,6,4,impressed|1|02,378619a,0,0.99444282823688168,0.066355691063806566,332,319
fixed_train,6,4,impressed|1|02,378619a,1,0.99444282823688168,0.060804458040445097,332,324
fixed_train,6,4,impressed|1|02,378619a,2,0.99444282823688168,0.058002418329672123,332,326
fixed_train,6,4,impressed|1|02,378619a,3,0.99444282823688168,0.064035921295196085,332,325
fixed_train,6,4,impressed|1|02,378619a,4,0.99444282823688168,0.059543792768578574,332,327
fixed_train,6,4,impressed|1|02,378619a,5,0.99444282823688168,0.06904844670299648,332,321
fixed_train,6,4,impressed|1|02,378619a,6,0.99444282823688168,0.055691160508116178,332,329
fixed_train,6,4,impressed|1|02,378619a,7,0.99444282823688168,0.058002418329672123,332,317
fixed_train,6,4,impressed|1|02,378619a,8,0.99444282823688168,0.060973099451043455,332,323
fixed_train,6,4,impressed|1|02,378619a,9,0.99444282823688168,0.063696728857547402,332,328
fixed_train,6,4,impressed|1|03,ac370000,0,0.99444282823688168,0.12165779708162749,630,630
fixed_train,6,4,impressed|1|03,ac370000,1,0.99444282823688168,0.1233559404494492,630,628
fixed_train,6,4,impressed|1|03,ac370000,2,0.99444282823688168,0.11731402470428776,630,626
fixed_train,6,4,impressed|1|03,ac370000,3,0.99444282823688168,0.12836946726013243,630,627
fixed_train,6,4,impressed|1|03,ac370000,4,0.99444282823688168,0.11364962334671747,630,626
fixed_train,6,4,impressed|1|03,ac370000,5,0.99444282823688168,0.12808669686091967,630,628
fixed_train,6,4,impressed|1|03,ac370000,6,0.99444282823688168,0.11528781283811573,630,627
fixed_train,6,4,impressed|1|03,ac370000,7,0.99444282823688168,0.12067746214737085,630,628
fixed_train,6,4,impressed|1|03,ac370000,8,0.99444282823688168,0.12901604341546924,630,627
fixed_train,6,4,impressed|1|03,ac370000,9,0.99444282823688168,0.11828981156339091,630,625
fixed_train,6,4,impressed|1|04,ac419100,0,0.99444282823688168,0.049224341922967874,842,747
fixed_train,6,4,impressed|1|04,ac419100,1,0.99444282823688168,0.051460322073420328,842,736
fixed_train,6,4,impressed|1|04,ac419100,2,0.99444282823688168,0.060273354490835818,842,736
fixed_train,6,4,impressed|1|04,ac419100,3,0.99444282823688168,0.049961350216381706,842,715
fixed_train,6,4,impressed|1|04,ac419100,4,0.99444282823688168,0.052520414185094122,842,752
fixed_train,6,4,impressed|1|04,ac419100,5,0.99444282823688168,0.052520414185094122,842,743
fixed_train,6,4,impressed|1|04,ac419100,6,0.99444282823688168,0.061455427407896113,842,731
fixed_train,6,4,impressed|1|04,ac419100,7,0.99444282823688168,0.060144434664049617,842,738
fixed_train,6,4,impressed|1|04,ac419100,8,0.99444282823688168,0.06564323591312704,842,730
fixed_train,6,4,impressed|1|04,ac419100,9,0.99444282823688168,0.061455427407896113,842,732
fixed_train,6,4,impressed|1|05,ac10307,0,0.99444282823688168,0.0089766992148229141,113,101
fixed_train,6,4,impressed|1|05,ac10307,1,0.99444282823688168,0.005567891936295144,113,95
fixed_train,6,4,impressed|1|05,ac10307,2,0.99444282823688168,0.0078721717547208803,113,91
fixed_train,6,4,impressed|1|05,ac10307,3,0.99444282823688168,0.0067407190643703485,113,99
fixed_train,6,4,impressed|1|05,ac10307,4,0.99444282823688168,0.005611594765384087,113,100
fixed_train,6,4,impressed|1|05,ac10307,5,0.99444282823688168,0.0067407190643703485,113,94
fixed_train,6,4,impressed|1|05,ac10307,6,0.99444282823688168,0.005611594765384087,113,99
fixed_train,6,4,impressed|1|05,ac10307,7,0.99444282823688168,0.005611594765384087,113,96
fixed_train,6,4,impressed|1|05,ac10307,8,0.99444282823688168,0.0044651071833987643,113,96
fixed_train,6,4,impressed|1|05,ac10307,9,0.99444282823688168,0.0078453480710845014,113,94
fixed_train,6,4,impressed|1|06,ac415100,0,0.99444282823688168,0.022448887451017807,272,258
fixed_train,6,4,impressed|1|06,ac415100,1,0.99444282823688168,0.018015937439062824,272,256
fixed_train,6,4,impressed|1|06,ac415100,2,0.99444282823688168,0.020260995458318276,272,259
fixed_train,6,4,impressed|1|06,ac415100,3,0.99444282823688168,0.022506053477573618,272,257
fixed_train,6,4,impressed|1|06,ac415100,4,0.99444282823688168,0.025715374516688372,272,259
fixed_train,6,4,impressed|1|06,ac415100,5,0.99444282823688168,0.025777963111839552,272,267
fixed_train,6,4,impressed|1|06,ac415100,6,0.99444282823688168,0.012312854682485552,272,258
fixed_train,6,4,impressed|1|06,ac415100,7,0.99444282823688168,0.018917968375591121,272,260
fixed_train,6,4,impressed|1|06,ac415100,8,0.99444282823688168,0.022337119022455498,272,256
fixed_train,6,4,impressed|1|06,ac415100,9,0.99444282823688168,0.016870455518301353,272,250
fixed_train,6,4,impressed|1|07,ac337441,0,0.99444282823688168,0,2,2
fixed_train,6,4,impressed|1|07,ac337441,1,0.99444282823688168,0,2,1
fixed_train,6,4,impressed|1|07,ac337441,2,0.99444282823688168,0,2,0
fixed_train,6,4,impressed|1|07,ac337441,3,0.99444282823688168,0,2,1
fixed_train,6,4,impressed|1|07,ac337441,4,0.99444282823688168,0,2,2
fixed_train,6,4,impressed|1|07,ac337441,5,0.99444282823688168,0,2,1
fixed_train,6,4,impressed|1|07,ac337441,6,0.99444282823688168,0,2,1
fixed_train,6,4,impressed|1|07,ac337441,7,0.99444282823688168,0,2,2
fixed_train,6,4,impressed|1|07,ac337441,8,0.99444282823688168,0,2,2
fixed_train,6,4,impressed|1|07,ac337441,9,0.99444282823688168,0,2,0
fixed_train,6,4,impressed|1|08,ac379999,0,0.99444282823688168,0.062587397858420379,618,607
fixed_train,6,4,impressed|1|08,ac379999,1,0.99444282823688168,0.052996101714370525,618,606
fixed_train,6,4,impressed|1|08,ac379999,2,0.99444282823688168,0.060537127982242978,618,608
fixed_train,6,4,impressed|1|08,ac379999,3,0.99444282823688168,0.069909028246087468,618,606
fixed_train,6,4,impressed|1|08,ac379999,4,0.99444282823688168,0.063496621853788571,618,605
fixed_train,6,4,impressed|1|08,ac379999,5,0.99444282823688168,0.060948063810513764,618,604
fixed_train,6,4,impressed|1|08,ac379999,6,0.99444282823688168,0.060462236225469868,618,611
fixed_train,6,4,impressed|1|08,ac379999,7,0.99444282823688168,0.05910908022887007,618,606
fixed_train,6,4,impressed|1|08,ac379999,8,0.99444282823688168,0.06745575217632005,618,608
fixed_train,6,4,impressed|1|08,ac379999,9,0.99444282823688168,0.059752248654080686,618,606
fixed_train,6,4,impressed|1|09,ac378431,0,0.99444282823688168,0.0011178664565296703,12,11
fixed_train,6,4,impressed|1|09,ac378431,1,0.99444282823688168,0.0011178664565296703,12,12
fixed_train,6,4,impressed|1|09,ac378431,2,0.99444282823688168,0.0022228687052472385,12,12
fixed_train,6,4,impressed|1|09,ac378431,3,0.99444282823688168,0,12,11
fixed_train,6,4,impressed|1|09,ac378431,4,0.99444282823688168,0.0022228687052472385,12,10
fixed_train,6,4,impressed|1|09,ac378431,5,0.99444282823688168,0.001105050874421587,12,11
fixed_train,6,4,impressed|1|09,ac378431,6,0.99444282823688168,0.0011178664565296703,12,12
fixed_train,6,4,impressed|1|09,ac378431,7,0.99444282823688168,0.0022080302505809168,12,12
fixed_train,6,4,impressed|1|09,ac378431,8,0.99444282823688168,0.0022228687052472385,12,10
fixed_train,6,4,impressed|1|09,ac378431,9,0.99444282823688168,0.0022228687052472385,12,12
fixed_train,6,4,impressed|1|10,378490e,0,0.99444282823688168,0.0011178664565296703,4,4
fixed_train,6,4,impressed|1|10,378490e,1,0.99444282823688168,0.0011178664565296703,4,3
fixed_train,6,4,impressed|1|10,378490e,2,0.99444282823688168,0.0011178664565296703,4,3
fixed_train,6,4,impressed|1|10,378490e,3,0.99444282823688168,0.0011178664565296703,4,4
fixed_train,6,4,impressed|1|10,378490e,4,0.99444282823688168,0.0011178664565296703,4,3
fixed_train,6,4,impressed|1|10,378490e,5,0.99444282823688168,0.0011178664565296703,4,4
fixed_train,6,4,impressed|1|10,378490e,6,0.99444282823688168,0.0011178664565296703,4,4
fixed_train,6,4,impressed|1|10,378490e,7,0.99444282823688168,0.0011178664565296703,4,4
fixed_train,6,4,impressed|1|10,378490e,8,0.99444282823688168,0,4,3
fixed_train,6,4,impressed|1|10,378490e,9,0.99444282823688168,0.0011178664565296703,4,3
fixed_train,6,4,impressed|2|01,"376400, 377498a",0,0.99444282823688168,0.12782747519671867,233,232
fixed_train,6,4,impressed|2|01,"376400, 377498a",1,0.99444282823688168,0.12871392858470443,233,233
fixed_train,6,4,impressed|2|01,"376400, 377498a",2,0.99444282823688168,0.14064395340864688,233,232
fixed_train,6,4,impressed|2|01,"376400, 377498a",3,0.99444282823688168,0.14524415729536266,233,232
fixed_train,6,4,impressed|2|01,"376400, 377498a",4,0.99444282823688168,0.12520398992610471,233,232
fixed_train,6,4,impressed|2|01,"376400, 377498a",5,0.99444282823688168,0.13712969425463606,233,233
fixed_train,6,4,impressed|2|01,"376400, 377498a",6,0.99444282823688168,0.13564562434294547,233,232
fixed_train,6,4,impressed|2|01,"376400, 377498a",7,0.99444282823688168,0.14678609507784013,233,233
fixed_train,6,4,impressed|2|01,"376400, 377498a",8,0.99444282823688168,0.14715352264312065,233,232
fixed_train,6,4,impressed|2|01,"376400, 377498a",9,0.99444282823688168,0.13029756125153047,233,233
fixed_train,6,4,impressed|2|02,"376400, 378619a",0,0.99444282823688168,0.17748429073258354,265,262
fixed_train,6,4,impressed|2|02,"376400, 378619a",1,0.99444282823688168,0.14678609507784013,265,264
fixed_train,6,4,impressed|2|02,"376400, 378619a",2,0.99444282823688168,0.15483565857833659,265,263
fixed_train,6,4,impressed|2|02,"376400, 378619a",3,0.99444282823688168,0.1600271151690752,265,265
fixed_train,6,4,impressed|2|02,"376400, 378619a",4,0.99444282823688168,0.15400643017032267,265,265
fixed_train,6,4,impressed|2|02,"376400, 378619a",5,0.99444282823688168,0.16325144984959672,265,265
fixed_train,6,4,impressed|2|02,"376400, 378619a",6,0.99444282823688168,0.16162665059708914,265,265
fixed_train,6,4,impressed|2|02,"376400, 378619a",7,0.99444282823688168,0.169975484722516,265,261
fixed_train,6,4,impressed|2|02,"376400, 378619a",8,0.99444282823688168,0.15937557750857323,265,265
fixed_train,6,4,impressed|2|02,"376400, 378619a",9,0.99444282823688168,0.17316872524305871,265,265
fixed_train,6,4,impressed|2|03,"370712b, 376400",0,0.99444282823688168,0.13166285483743934,245,245
fixed_train,6,4,impressed|2|03,"370712b, 376400",1,0.99444282823688168,0.14470598802549028,245,245
fixed_train,6,4,impressed|2|03,"370712b, 376400",2,0.99444282823688168,0.13358926318487097,245,245
fixed_train,6,4,impressed|2|03,"370712b, 376400",3,0.99444282823688168,0.13813777481025624,245,245
fixed_train,6,4,impressed|2|03,"370712b, 376400",4,0.99444282823688168,0.14579122593086513,245,245
fixed_train,6,4,impressed|2|03,"370712b, 376400",5,0.99444282823688168,0.14170798618314162,245,245
fixed_train,6,4,impressed|2|03,"370712b, 376400",6,0.99444282823688168,0.13965512551158743,245,244
fixed_train,6,4,impressed|2|03,"370712b, 376400",7,0.99444282823688168,0.13965512551158743,245,245
fixed_train,6,4,impressed|2|03,"370712b, 376400",8,0.99444282823688168,0.14379435964658249,245,243
fixed_train,6,4,impressed|2|03,"370712b, 376400",9,0.99444282823688168,0.14616341770499219,245,245
fixed_train,6,4,impressed|2|04,"370715a, 376400",0,0.99444282823688168,0.14070388483190766,243,243
fixed_train,6,4,impressed|2|04,"370715a, 376400",1,0.99444282823688168,0.13613230435172852,243,243
fixed_train,6,4,impressed|2|04,"370715a, 376400",2,0.99444282823688168,0.13362452601341268,243,243
fixed_train,6,4,impressed|2|04,"370715a, 376400",3,0.99444282823688168,0.14166000687532987,243,242
fixed_train,6,4,impressed|2|04,"370715a, 376400",4,0.99444282823688168,0.14890039490845253,243,243
fixed_train,6,4,impressed|2|04,"370715a, 376400",5,0.99444282823688168,0.13267605630834611,243,239
fixed_train,6,4,impressed|2|04,"370715a, 376400",6,0.99444282823688168,0.13814478887579618,243,243
fixed_train,6,4,impressed|2|04,"370715a, 376400",7,0.99444282823688168,0.13064729527724406,243,243
fixed_train,6,4,impressed|2|04,"370715a, 376400",8,0.99444282823688168,0.14324755538138634,243,243
fixed_train,6,4,impressed|2|04,"370715a, 376400",9,0.99444282823688168,0.12928350481101103,243,239
fixed_train,6,4,impressed|2|05,"378619a, ac379999",0,0.99444282823688168,0.080063551333934058,331,326
fixed_train,6,4,impressed|2|05,"378619a, ac379999",1,0.99444282823688168,0.079648263300632793,331,326
fixed_train,6,4,impressed|2|05,"378619a, ac379999",2,0.99444282823688168,0.081608640223096551,331,331
fixed_train,6,4,impressed|2|05,"378619a, ac379999",3,0.99444282823688168,0.071576636837363705,331,330
fixed_train,6,4,impressed|2|05,"378619a, ac379999",4,0.99444282823688168,0.09338780400501745,331,327
fixed_train,6,4,impressed|2|05,"378619a, ac379999",5,0.99444282823688168,0.079948104719926416,331,330
fixed_train,6,4,impressed|2|05,"378619a, ac379999",6,0.99444282823688168,0.081150200089639135,331,330
fixed_train,6,4,impressed|2|05,"378619a, ac379999",7,0.99444282823688168,0.080705574588327056,331,331
fixed_train,6,4,impressed|2|05,"378619a, ac379999",8,0.99444282823688168,0.076251413116180777,331,330
fixed_train,6,4,impressed|2|05,"378619a, ac379999",9,0.99444282823688168,0.066073794931276186,331,328
fixed_train,6,4,impressed|2|06,"378619a, ac419100",0,0.99444282823688168,0.080926189394997849,307,307
fixed_train,6,4,impressed|2|06,"378619a, ac419100",1,0.99444282823688168,0.088180527537159992,307,306
fixed_train,6,4,impressed|2|06,"378619a, ac419100",2,0.99444282823688168,0.070622118919613897,307,306
fixed_train,6,4,impressed|2|06,"378619a, ac419100",3,0.99444282823688168,0.063367683232096073,307,306
fixed_train,6,4,impressed|2|06,"378619a, ac419100",4,0.99444282823688168,0.083493642572145976,307,306
fixed_train,6,4,impressed|2|06,"378619a, ac419100",5,0.99444282823688168,0.076896974710328192,307,305
fixed_train,6,4,impressed|2|06,"378619a, ac419100",6,0.99444282823688168,0.076463315124625231,307,307
fixed_train,6,4,impressed|2|06,"378619a, ac419100",7,0.99444282823688168,0.074775327472774267,307,307
fixed_train,6,4,impressed|2|06,"378619a, ac419100",8,0.99444282823688168,0.097905544002715783,307,307
fixed_train,6,4,impressed|2|06,"378619a, ac419100",9,0.99444282823688168,0.073315000369638117,307,306
fixed_train,6,4,impressed|2|07,"370401c, ac370000",0,0.99444282823688168,0.10093119850863352,476,475
fixed_train,6,4,impressed|2|07,"370401c, ac370000",1,0.99444282823688168,0.084913849212690629,476,475
fixed_train,6,4,impressed|2|07,"370401c, ac370000",2,0.99444282823688168,0.092867412502173896,476,474
fixed_train,6,4,impressed|2|07,"370401c, ac370000",3,0.99444282823688168,0.089790512720747451,476,476
fixed_train,6,4,impressed|2|07,"370401c, ac370000",4,0.99444282823688168,0.083426254366788188,476,476
fixed_train,6,4,impressed|2|07,"370401c, ac370000",5,0.99444282823688168,0.088746196905103325,476,476
fixed_train,6,4,impressed|2|07,"370401c, ac370000",6,0.99444282823688168,0.099702158392097395,476,476
fixed_train,6,4,impressed|2|07,"370401c, ac370000",7,0.99444282823688168,0.094950518231449177,476,475
fixed_train,6,4,impressed|2|07,"370401c, ac370000",8,0.99444282823688168,0.08583708505465304,476,475
fixed_train,6,4,impressed|2|07,"370401c, ac370000",9,0.99444282823688168,0.10045530227416999,476,474
fixed_train,6,4,impressed|2|08,"ac370000, ac370403",0,0.99444282823688168,0.087601175123719566,484,482
fixed_train,6,4,impressed|2|08,"ac370000, ac370403",1,0.99444282823688168,0.098060109859989475,484,483
fixed_train,6,4,impressed|2|08,"ac370000, ac370403",2,0.99444282823688168,0.083643896132051587,484,484
fixed_train,6,4,impressed|2|08,"ac370000, ac370403",3,0.99444282823688168,0.096515776395205588,484,482
fixed_train,6,4,impressed|2|08,"ac370000, ac370403",4,0.99444282823688168,0.101030245513822,484,483
fixed_train,6,4,impressed|2|08,"ac370000, ac370403",5,0.99444282823688168,0.11090145305163601,484,484
fixed_train,6,4,impressed|2|08,"ac370000, ac370403",6,0.99444282823688168,0.092911539549731637,484,484
fixed_train,6,4,impressed|2|08,"ac370000, ac370403",7,0.99444282823688168,0.098060109859989475,484,483
fixed_train,6,4,impressed|2|08,"ac370000, ac370403",8,0.99444282823688168,0.09886228095056937,484,482
fixed_train,6,4,impressed|2|08,"ac370000, ac370403",9,0.99444282823688168,0.077547508981680502,484,484
fixed_train,6,4,impressed|2|09,"376400, ac379999",0,0.99444282823688168,0.12973081813767184,267,265
fixed_train,6,4,impressed|2|09,"376400, ac379999",1,0.99444282823688168,0.13864913354661612,267,266
fixed_train,6,4,impressed|2|09,"376400, ac379999",2,0.99444282823688168,0.15382874463185148,267,267
fixed_train,6,4,impressed|2|09,"376400, ac379999",3,0.99444282823688168,0.13964316062314164,267,266
fixed_train,6,4,impressed|2|09,"376400, ac379999",4,0.99444282823688168,0.13516674510242654,267,266
fixed_train,6,4,impressed|2|09,"376400, ac379999",5,0.99444282823688168,0.13463625260982226,267,266
fixed_train,6,4,impressed|2|09,"376400, ac379999",6,0.99444282823688168,0.14114786102836041,267,266
fixed_train,6,4,impressed|2|09,"376400, ac379999",7,0.99444282823688168,0.14317970276019931,267,266
fixed_train,6,4,impressed|2|09,"376400, ac379999",8,0.99444282823688168,0.13964316062314164,267,266
fixed_train,6,4,impressed|2|09,"376400, ac379999",9,0.99444282823688168,0.14014682497943076,267,267
fixed_train,6,4,impressed|2|10,"ac379999, ac419100",0,0.99444282823688168,0.074992019314621627,570,567
fixed_train,6,4,impressed|2|10,"ac379999, ac419100",1,0.99444282823688168,0.066814680658753289,570,567
fixed_train,6,4,impressed|2|10,"ac379999, ac419100",2,0.99444282823688168,0.072057513256336914,570,569
fixed_train,6,4,impressed|2|10,"ac379999, ac419100",3,0.99444282823688168,0.0720190599225351,570,568
fixed_train,6,4,impressed|2|10,"ac379999, ac419100",4,0.99444282823688168,0.06229143988238639,570,569
fixed_train,6,4,impressed|2|10,"ac379999, ac419100",5,0.99444282823688168,0.081056317316563709,570,566
fixed_train,6,4,impressed|2|10,"ac379999, ac419100",6,0.99444282823688168,0.069499066930766462,570,566
fixed_train,6,4,impressed|2|10,"ac379999, ac419100",7,0.99444282823688168,0.082836941704623968,570,570
fixed_train,6,4,impressed|2|10,"ac379999, ac419100",8,0.99444282823688168,0.08923896957251054,570,569
fixed_train,6,4,impressed|2|10,"ac379999, ac419100",9,0.99444282823688168,0.080101992094377628,570,567
fixed_train,6,4,impressed|3|01,"376400, 377498a, 378619a",0,0.99444282823688168,0.13261041135481622,227,227
fixed_train,6,4,impressed|3|01,"376400, 377498a, 378619a",1,0.99444282823688168,0.13409082284109364,227,226
fixed_train,6,4,impressed|3|01,"376400, 377498a, 378619a",2,0.99444282823688168,0.15005987042956204,227,227
fixed_train,6,4,impressed|3|01,"376400, 377498a, 378619a",3,0.99444282823688168,0.13916893173579226,227,227
fixed_train,6,4,impressed|3|01,"376400, 377498a, 378619a",4,0.99444282823688168,0.14224566738404487,227,227
fixed_train,6,4,impressed|3|01,"376400, 377498a, 378619a",5,0.99444282823688168,0.15046554179683391,227,227
fixed_train,6,4,impressed|3|01,"376400, 377498a, 378619a",6,0.99444282823688168,0.14491550539839904,227,227
fixed_train,6,4,impressed|3|01,"376400, 377498a, 378619a",7,0.99444282823688168,0.14876887427010632,227,227
fixed_train,6,4,impressed|3|01,"376400, 377498a, 378619a",8,0.99444282823688168,0.14435027939614598,227,227
fixed_train,6,4,impressed|3|01,"376400, 377498a, 378619a",9,0.99444282823688168,0.14479399219692701,227,227
fixed_train,6,4,impressed|3|02,"376400, 377498a, ac372417",0,0.99444282823688168,0.1421805567685388,232,232
fixed_train,6,4,impressed|3|02,"376400, 377498a, ac372417",1,0.99444282823688168,0.13064729527724406,232,232
fixed_train,6,4,impressed|3|02,"376400, 377498a, ac372417",2,0.99444282823688168,0.13213279860316263,232,232
fixed_train,6,4,impressed|3|02,"376400, 377498a, ac372417",3,0.99444282823688168,0.12331069518836169,232,232
fixed_train,6,4,impressed|3|02,"376400, 377498a, ac372417",4,0.99444282823688168,0.11339778234594011,232,232
fixed_train,6,4,impressed|3|02,"376400, 377498a, ac372417",5,0.99444282823688168,0.13469551501476507,232,232
fixed_train,6,4,impressed|3|02,"376400, 377498a, ac372417",6,0.99444282823688168,0.1313093524808151,232,232
fixed_train,6,4,impressed|3|02,"376400, 377498a, ac372417",7,0.99444282823688168,0.13111674767509685,232,232
fixed_train,6,4,impressed|3|02,"376400, 377498a, ac372417",8,0.99444282823688168,0.13914758356110613,232,232
fixed_train,6,4,impressed|3|02,"376400, 377498a, ac372417",9,0.99444282823688168,0.13314645981009487,232,232
fixed_train,6,4,impressed|3|03,"376400, 377498a, ac379999",0,0.99444282823688168,0.13415776441199478,229,229
fixed_train,6,4,impressed|3|03,"376400, 377498a, ac379999",1,0.99444282823688168,0.14313652087320472,229,229
fixed_train,6,4,impressed|3|03,"376400, 377498a, ac379999",2,0.99444282823688168,0.13765743389650698,229,229
fixed_train,6,4,impressed|3|03,"376400, 377498a, ac379999",3,0.99444282823688168,0.13764072893947288,229,229
fixed_train,6,4,impressed|3|03,"376400, 377498a, ac379999",4,0.99444282823688168,0.12680936395643982,229,229
fixed_train,6,4,impressed|3|03,"376400, 377498a, ac379999",5,0.99444282823688168,0.13377541598070586,229,229
fixed_train,6,4,impressed|3|03,"376400, 377498a, ac379999",6,0.99444282823688168,0.13516674510242654,229,229
fixed_train,6,4,impressed|3|03,"376400, 377498a, ac379999",7,0.99444282823688168,0.12782747519671867,229,229
fixed_train,6,4,impressed|3|03,"376400, 377498a, ac379999",8,0.99444282823688168,0.13570183624138865,229,229
fixed_train,6,4,impressed|3|03,"376400, 377498a, ac379999",9,0.99444282823688168,0.14512950027874838,229,229
fixed_train,6,4,impressed|3|04,"376400, 378619a, ac379999",0,0.99444282823688168,0.17054040322826203,264,264
fixed_train,6,4,impressed|3|04,"376400, 378619a, ac379999",1,0.99444282823688168,0.16259660198195536,264,264
fixed_train,6,4,impressed|3|04,"376400, 378619a, ac379999",2,0.99444282823688168,0.16518358311649495,264,264
fixed_train,6,4,impressed|3|04,"376400, 378619a, ac379999",3,0.99444282823688168,0.152248677443797,264,264
fixed_train,6,4,impressed|3|04,"376400, 378619a, ac379999",4,0.99444282823688168,0.16228195489385733,264,264
fixed_train,6,4,impressed|3|04,"376400, 378619a, ac379999",5,0.99444282823688168,0.16388670271481076,264,264
fixed_train,6,4,impressed|3|04,"376400, 378619a, ac379999",6,0.99444282823688168,0.17316872524305871,264,264
fixed_train,6,4,impressed|3|04,"376400, 378619a, ac379999",7,0.99444282823688168,0.15875203985184316,264,264
fixed_train,6,4,impressed|3|04,"376400, 378619a, ac379999",8,0.99444282823688168,0.16681064508887844,264,264
fixed_train,6,4,impressed|3|04,"376400, 378619a, ac379999",9,0.99444282823688168,0.16872829637769626,264,264
fixed_train,6,4,impressed|3|05,"376400, 377498a, ac370606",0,0.99444282823688168,0.12451469955519789,207,207
fixed_train,6,4,impressed|3|05,"376400, 377498a, ac370606",1,0.99444282823688168,0.13175764566558212,207,207
fixed_train,6,4,impressed|3|05,"376400, 377498a, ac370606",2,0.99444282823688168,0.13309584686031328,207,207
fixed_train,6,4,impressed|3|05,"376400, 377498a, ac370606",3,0.99444282823688168,0.12314980167869216,207,207
fixed_train,6,4,impressed|3|05,"376400, 377498a, ac370606",4,0.99444282823688168,0.12535738914190686,207,207
fixed_train,6,4,impressed|3|05,"376400, 377498a, ac370606",5,0.99444282823688168,0.13018536751426568,207,207
fixed_train,6,4,impressed|3|05,"376400, 377498a, ac370606",6,0.99444282823688168,0.11508439947928817,207,207
fixed_train,6,4,impressed|3|05,"376400, 377498a, ac370606",7,0.99444282823688168,0.12391116198114305,207,206
fixed_train,6,4,impressed|3|05,"376400, 377498a, ac370606",8,0.99444282823688168,0.11691280053815511,207,207
fixed_train,6,4,impressed|3|05,"376400, 377498a, ac370606",9,0.99444282823688168,0.12417812611377266,207,207
fixed_train,6,4,impressed|3|06,"378619a, ac379999, ac419100",0,0.99444282823688168,0.080488299600370294,307,306
fixed_train,6,4,impressed|3|06,"378619a, ac379999, ac419100",1,0.99444282823688168,0.08712975817375046,307,307
fixed_train,6,4,impressed|3|06,"378619a, ac379999, ac419100",2,0.99444282823688168,0.08583708505465304,307,307
fixed_train,6,4,impressed|3|06,"378619a, ac379999, ac419100",3,0.99444282823688168,0.084089240427660306,307,307
fixed_train,6,4,impressed|3|06,"378619a, ac379999, ac419100",4,0.99444282823688168,0.084913849212690629,307,307
fixed_train,6,4,impressed|3|06,"378619a, ac379999, ac419100",5,0.99444282823688168,0.084317054263030045,307,307
fixed_train,6,4,impressed|3|06,"378619a, ac379999, ac419100",6,0.99444282823688168,0.083211894130418296,307,306
fixed_train,6,4,impressed|3|06,"378619a, ac379999, ac419100",7,0.99444282823688168,0.093125614885592678,307,307
fixed_train,6,4,impressed|3|06,"378619a, ac379999, ac419100",8,0.99444282823688168,0.08607684441068475,307,307
fixed_train,6,4,impressed|3|06,"378619a, ac379999, ac419100",9,0.99444282823688168,0.090275741952631994,307,307
fixed_train,6,4,impressed|3|07,"378619a, 387042a, ac379999",0,0.99444282823688168,0.044753628243018873,124,124
fixed_train,6,4,impressed|3|07,"378619a, 387042a, ac379999",1,0.99444282823688168,0.037696923125956849,124,124
fixed_train,6,4,impressed|3|07,"378619a, 387042a, ac379999",2,0.99444282823688168,0.041377261640769603,124,123
fixed_train,6,4,impressed|3|07,"378619a, 387042a, ac379999",3,0.99444282823688168,0.042144026971958737,124,124
fixed_train,6,4,impressed|3|07,"378619a, 387042a, ac379999",4,0.99444282823688168,0.029612193355331606,124,124
fixed_train,6,4,impressed|3|07,"378619a, 387042a, ac379999",5,0.99444282823688168,0.037696923125956849,124,123
fixed_train,6,4,impressed|3|07,"378619a, 387042a, ac379999",6,0.99444282823688168,0.036701349073246514,124,124
fixed_train,6,4,impressed|3|07,"378619a, 387042a, ac379999",7,0.99444282823688168,0.04105980656180519,124,123
fixed_train,6,4,impressed|3|07,"378619a, 387042a, ac379999",8,0.99444282823688168,0.03070707991595556,124,124
fixed_train,6,4,impressed|3|07,"378619a, 387042a, ac379999",9,0.99444282823688168,0.035420391816005425,124,124
fixed_train,6,4,impressed|3|08,"376400, 378619a, ac411100",0,0.99444282823688168,0.046320853759078462,74,74
fixed_train,6,4,impressed|3|08,"376400, 378619a, ac411100",1,0.99444282823688168,0.038095236400517596,74,74
fixed_train,6,4,impressed|3|08,"376400, 378619a, ac411100",2,0.99444282823688168,0.045229022025369825,74,74
fixed_train,6,4,impressed|3|08,"376400, 378619a, ac411100",3,0.99444282823688168,0.030949290206600977,74,74
fixed_train,6,4,impressed|3|08,"376400, 378619a, ac411100",4,0.99444282823688168,0.035701250272600515,74,74
fixed_train,6,4,impressed|3|08,"376400, 378619a, ac411100",5,0.99444282823688168,0.032047696146604632,74,73
fixed_train,6,4,impressed|3|08,"376400, 378619a, ac411100",6,0.99444282823688168,0.039403783689452077,74,74
fixed_train,6,4,impressed|3|08,"376400, 378619a, ac411100",7,0.99444282823688168,0.034326779050224299,74,74
fixed_train,6,4,impressed|3|08,"376400, 378619a, ac411100",8,0.99444282823688168,0.04159705320429341,74,74
fixed_train,6,4,impressed|3|08,"376400, 378619a, ac411100",9,0.99444282823688168,0.036996641012350784,74,74
fixed_train,6,4,impressed|3|09,"387042a, ac410100, ac419100",0,0.99444282823688168,0.021355980974585353,132,130
fixed_train,6,4,impressed|3|09,"387042a, ac410100, ac419100",1,0.99444282823688168,0.023367993855356373,132,131
fixed_train,6,4,impressed|3|09,"387042a, ac410100, ac419100",2,0.99444282823688168,0.023598743702727409,132,130
fixed_train,6,4,impressed|3|09,"387042a, ac410100, ac419100",3,0.99444282823688168,0.028016187031479456,132,132
fixed_train,6,4,impressed|3|09,"387042a, ac410100, ac419100",4,0.99444282823688168,0.02450966507643304,132,131
fixed_train,6,4,impressed|3|09,"387042a, ac410100, ac419100",5,0.99444282823688168,0.024451555757720622,132,130
fixed_train,6,4,impressed|3|09,"387042a, ac410100, ac419100",6,0.99444282823688168,0.020105575759609473,132,131
fixed_train,6,4,impressed|3|09,"387042a, ac410100, ac419100",7,0.99444282823688168,0.018917968375591121,132,131
fixed_train,6,4,impressed|3|09,"387042a, ac410100, ac419100",8,0.99444282823688168,0.017967917976756009,132,132
fixed_train,6,4,impressed|3|09,"387042a, ac410100, ac419100",9,0.99444282823688168,0.026929856925279605,132,131
fixed_train,6,4,impressed|3|10,"378619a, ac370000, ac379999",0,0.99444282823688168,0.089553388749911478,331,331
fixed_train,6,4,impressed|3|10,"378619a, ac370000, ac379999",1,0.99444282823688168,0.087938353813223569,331,331
fixed_train,6,4,impressed|3|10,"378619a, ac370000, ac379999",2,0.99444282823688168,0.091074675143824946,331,331
fixed_train,6,4,impressed|3|10,"378619a, ac370000, ac379999",3,0.99444282823688168,0.10773715509167858,331,331
fixed_train,6,4,impressed|3|10,"378619a, ac370000, ac379999",4,0.99444282823688168,0.098060109859989475,331,331
fixed_train,6,4,impressed|3|10,"378619a, ac370000, ac379999",5,0.99444282823688168,0.097025553627789529,331,331
fixed_train,6,4,impressed|3|10,"378619a, ac370000, ac379999",6,0.99444282823688168,0.080488299600370294,331,331
fixed_train,6,4,impressed|3|10,"378619a, ac370000, ac379999",7,0.99444282823688168,0.090523970019667055,331,331
fixed_train,6,4,impressed|3|10,"378619a, ac370000, ac379999",8,0.99444282823688168,0.088510174187543034,331,331
fixed_train,6,4,impressed|3|10,"378619a, ac370000, ac379999",9,0.99444282823688168,0.097025553627789529,331,331
