setting,seed,fold,itemset_id,itemset,repeat,baseline,importance,n_traces_with_itemset,n_traces_changed
fixed_test,2,0,apriori|1|01,ac419100,0,0.91185466252730829,0.0058697512055122525,145,119
fixed_test,2,0,apriori|1|01,ac419100,1,0.91185466252730829,0.0042526979746710936,145,122
fixed_test,2,0,apriori|1|01,ac419100,2,0.91185466252730829,-0.0085915086707206711,145,118
fixed_test,2,0,apriori|1|01,ac419100,3,0.91185466252730829,0.0092784565760727356,145,127
fixed_test,2,0,apriori|1|01,ac419100,4,0.91185466252730829,0.0092784565760727356,145,127
fixed_test,2,0,apriori|1|01,ac419100,5,0.91185466252730829,0.013492501519407396,145,119
fixed_test,2,0,apriori|1|01,ac419100,6,0.91185466252730829,0,145,123
fixed_test,2,0,apriori|1|01,ac419100,7,0.91185466252730829,0.0050373480795196102,145,121
fixed_test,2,0,apriori|1|01,ac419100,8,0.91185466252730829,0.014355616634740831,145,127
fixed_test,2,0,apriori|1|01,ac419100,9,0.91185466252730829,0.0092784565760727356,145,124
fixed_test,2,0,apriori|1|02,ac370000,0,0.91185466252730829,0.16520432982081334,141,140
fixed_test,2,0,apriori|1|02,ac370000,1,0.91185466252730829,0.2026062475885807,141,141
fixed_test,2,0,apriori|1|02,ac370000,2,0.91185466252730829,0.14145813698089382,141,141
fixed_test,2,0,apriori|1|02,ac370000,3,0.91185466252730829,0.2026062475885807,141,141
fixed_test,2,0,apriori|1|02,ac370000,4,0.91185466252730829,0.21169174181485684,141,141
fixed_test,2,0,apriori|1|02,ac370000,5,0.91185466252730829,0.15951745720660893,141,140
fixed_test,2,0,apriori|1|02,ac370000,6,0.91185466252730829,0.14851022188752894,141,139
fixed_test,2,0,apriori|1|02,ac370000,7,0.91185466252730829,0.15265830646643475,141,140
fixed_test,2,0,apriori|1|02,ac370000,8,0.91185466252730829,0.18513223403321177,141,141
fixed_test,2,0,apriori|1|02,ac370000,9,0.91185466252730829,0.15199735637614831,141,140
fixed_test,2,0,apriori|1|03,370407,0,0.91185466252730829,0.0092784565760727356,122,114
fixed_test,2,0,apriori|1|03,370407,1,0.91185466252730829,0.0050373480795196102,122,116
fixed_test,2,0,apriori|1|03,370407,2,0.91185466252730829,0.0092784565760727356,122,115
fixed_test,2,0,apriori|1|03,370407,3,0.91185466252730829,0.010127039282684436,122,116
fixed_test,2,0,apriori|1|03,370407,4,0.91185466252730829,0.0042526979746710936,122,114
fixed_test,2,0,apriori|1|03,370407,5,0.91185466252730829,0.0050373480795196102,122,113
fixed_test,2,0,apriori|1|03,370407,6,0.91185466252730829,0.0050373480795196102,122,120
fixed_test,2,0,apriori|1|03,370407,7,0.91185466252730829,0.00076776530598188231,122,115
fixed_test,2,0,apriori|1|03,370407,8,0.91185466252730829,0.017680841367795019,122,117
fixed_test,2,0,apriori|1|03,370407,9,0.91185466252730829,0.0042526979746710936,122,118
fixed_test,2,0,apriori|1|04,ac370419,0,0.91185466252730829,0,114,111
fixed_test,2,0,apriori|1|04,ac370419,1,0.91185466252730829,-0.0049871055700652089,114,104
fixed_test,2,0,apriori|1|04,ac370419,2,0.91185466252730829,0.0050373480795196102,114,109
fixed_test,2,0,apriori|1|04,ac370419,3,0.91185466252730829,0.0050373480795196102,114,109
fixed_test,2,0,apriori|1|04,ac370419,4,0.91185466252730829,0.0050373480795196102,114,103
fixed_test,2,0,apriori|1|04,ac370419,5,0.91185466252730829,0.0050373480795196102,114,107
fixed_test,2,0,apriori|1|04,ac370419,6,0.91185466252730829,0.019486313259386989,114,110
fixed_test,2,0,apriori|1|04,ac370419,7,0.91185466252730829,0.0042526979746710936,114,111
fixed_test,2,0,apriori|1|04,ac370419,8,0.91185466252730829,0,114,111
fixed_test,2,0,apriori|1|04,ac370419,9,0.91185466252730829,0.0050373480795196102,114,109
fixed_test,2,0,apriori|1|05,ac370443,0,0.91185466252730829,0,113,113
fixed_test,2,0,apriori|1|05,ac370443,1,0.91185466252730829,0,113,106
fixed_test,2,0,apriori|1|05,ac370443,2,0.91185466252730829,0.00076776530598188231,113,106
fixed_test,2,0,apriori|1|05,ac370443,3,0.91185466252730829,0.0050373480795196102,113,105
fixed_test,2,0,apriori|1|05,ac370443,4,0.91185466252730829,0.00076776530598188231,113,104
fixed_test,2,0,apriori|1|05,ac370443,5,0.91185466252730829,0.0050373480795196102,113,105
fixed_test,2,0,apriori|1|05,ac370443,6,0.91185466252730829,0,113,102
fixed_test,2,0,apriori|1|05,ac370443,7,0.91185466252730829,0.0092784565760727356,113,108
fixed_test,2,0,apriori|1|05,ac370443,8,0.91185466252730829,0,113,108
fixed_test,2,0,apriori|1|05,ac370443,9,0.91185466252730829,0,113,105
fixed_test,2,0,apriori|1|06,ac370442,0,0.91185466252730829,0.0050373480795196102,112,108
fixed_test,2,0,apriori|1|06,ac370442,1,0.91185466252730829,0.00076776530598188231,112,104
fixed_test,2,0,apriori|1|06,ac370442,2,0.91185466252730829,0.010127039282684436,112,101
fixed_test,2,0,apriori|1|06,ac370442,3,0.91185466252730829,0.0092784565760727356,112,110
fixed_test,2,0,apriori|1|06,ac370442,4,0.91185466252730829,0.0050373480795196102,112,104
fixed_test,2,0,apriori|1|06,ac370442,5,0.91185466252730829,0.0050373480795196102,112,106
fixed_test,2,0,apriori|1|06,ac370442,6,0.91185466252730829,0.0050373480795196102,112,107
fixed_test,2,0,apriori|1|06,ac370442,7,0.91185466252730829,0,112,104
fixed_test,2,0,apriori|1|06,ac370442,8,0.91185466252730829,0.0050373480795196102,112,106
fixed_test,2,0,apriori|1|06,ac370442,9,0.91185466252730829,0.0050373480795196102,112,106
fixed_test,2,0,apriori|1|07,370712b,0,0.91185466252730829,0.0042526979746710936,109,102
fixed_test,2,0,apriori|1|07,370712b,1,0.91185466252730829,0.0050373480795196102,109,104
fixed_test,2,0,apriori|1|07,370712b,2,0.91185466252730829,0.014355616634740831,109,102
fixed_test,2,0,apriori|1|07,370712b,3,0.91185466252730829,0.0092784565760727356,109,103
fixed_test,2,0,apriori|1|07,370712b,4,0.91185466252730829,0.0050373480795196102,109,105
fixed_test,2,0,apriori|1|07,370712b,5,0.91185466252730829,0.0042526979746710936,109,109
fixed_test,2,0,apriori|1|07,370712b,6,0.91185466252730829,0.0092784565760727356,109,105
fixed_test,2,0,apriori|1|07,370712b,7,0.91185466252730829,0.0092784565760727356,109,104
fixed_test,2,0,apriori|1|07,370712b,8,0.91185466252730829,0.013492501519407396,109,105
fixed_test,2,0,apriori|1|07,370712b,9,0.91185466252730829,0.012678941519870146,109,105
fixed_test,2,0,apriori|1|08,370715a,0,0.91185466252730829,0.0050373480795196102,107,100
fixed_test,2,0,apriori|1|08,370715a,1,0.91185466252730829,0.0050373480795196102,107,102
fixed_test,2,0,apriori|1|08,370715a,2,0.91185466252730829,0,107,97
fixed_test,2,0,apriori|1|08,370715a,3,0.91185466252730829,-0.0042809204757014996,107,101
fixed_test,2,0,apriori|1|08,370715a,4,0.91185466252730829,0,107,103
fixed_test,2,0,apriori|1|08,370715a,5,0.91185466252730829,0,107,100
fixed_test,2,0,apriori|1|08,370715a,6,0.91185466252730829,0,107,103
fixed_test,2,0,apriori|1|08,370715a,7,0.91185466252730829,0.0050373480795196102,107,103
fixed_test,2,0,apriori|1|08,370715a,8,0.91185466252730829,0,107,102
fixed_test,2,0,apriori|1|08,370715a,9,0.91185466252730829,-0.0042809204757014996,107,101
fixed_test,2,0,apriori|1|09,370488e,0,0.91185466252730829,0.0092784565760727356,103,99
fixed_test,2,0,apriori|1|09,370488e,1,0.91185466252730829,0.0050373480795196102,103,100
fixed_test,2,0,apriori|1|09,370488e,2,0.91185466252730829,0.0050373480795196102,103,98
fixed_test,2,0,apriori|1|09,370488e,3,0.91185466252730829,0.0092784565760727356,103,100
fixed_test,2,0,apriori|1|09,370488e,4,0.91185466252730829,0.0092784565760727356,103,97
fixed_test,2,0,apriori|1|09,370488e,5,0.91185466252730829,0.0042526979746710936,103,101
fixed_test,2,0,apriori|1|09,370488e,6,0.91185466252730829,0,103,99
fixed_test,2,0,apriori|1|09,370488e,7,0.91185466252730829,0.0050373480795196102,103,101
fixed_test,2,0,apriori|1|09,370488e,8,0.91185466252730829,0.0092784565760727356,103,98
fixed_test,2,0,apriori|1|09,370488e,9,0.91185466252730829,0.0050373480795196102,103,100
fixed_test,2,0,apriori|1|10,370488g,0,0.91185466252730829,0.0092784565760727356,102,92
fixed_test,2,0,apriori|1|10,370488g,1,0.91185466252730829,0.010127039282684436,102,101
fixed_test,2,0,apriori|1|10,370488g,2,0.91185466252730829,0.0050373480795196102,102,95
fixed_test,2,0,apriori|1|10,370488g,3,0.91185466252730829,0.0050373480795196102,102,97
fixed_test,2,0,apriori|1|10,370488g,4,0.91185466252730829,0.0092784565760727356,102,96
fixed_test,2,0,apriori|1|10,370488g,5,0.91185466252730829,0.010127039282684436,102,96
fixed_test,2,0,apriori|1|10,370488g,6,0.91185466252730829,0.010127039282684436,102,100
fixed_test,2,0,apriori|1|10,370488g,7,0.91185466252730829,0.0050373480795196102,102,98
fixed_test,2,0,apriori|1|10,370488g,8,0.91185466252730829,0.014355616634740831,102,98
fixed_test,2,0,apriori|1|10,370488g,9,0.91185466252730829,0,102,95
fixed_test,2,0,apriori|2|01,"370407, ac370000",0,0.91185466252730829,0.0015822658151970481,122,122
fixed_test,2,0,apriori|2|01,"370407, ac370000",1,0.91185466252730829,0.020472287560015734,122,122
fixed_test,2,0,apriori|2|01,"370407, ac370000",2,0.91185466252730829,0.0092784565760727356,122,122
fixed_test,2,0,apriori|2|01,"370407, ac370000",3,0.91185466252730829,0.02805030336576908,122,122
fixed_test,2,0,apriori|2|01,"370407, ac370000",4,0.91185466252730829,0.021518379881030669,122,122
fixed_test,2,0,apriori|2|01,"370407, ac370000",5,0.91185466252730829,0.01198240445896781,122,122
fixed_test,2,0,apriori|2|01,"370407, ac370000",6,0.91185466252730829,0.025732494609402967,122,121
fixed_test,2,0,apriori|2|01,"370407, ac370000",7,0.91185466252730829,0.0067528559290539469,122,122
fixed_test,2,0,apriori|2|01,"370407, ac370000",8,0.91185466252730829,0.022628466077336484,122,121
fixed_test,2,0,apriori|2|01,"370407, ac370000",9,0.91185466252730829,0.012995961420812274,122,122
fixed_test,2,0,apriori|2|02,"ac370000, ac370419",0,0.91185466252730829,0.0067528559290539469,114,114
fixed_test,2,0,apriori|2|02,"ac370000, ac370419",1,0.91185466252730829,0.016242675269228402,114,114
fixed_test,2,0,apriori|2|02,"ac370000, ac370419",2,0.91185466252730829,0.021518379881030669,114,113
fixed_test,2,0,apriori|2|02,"ac370000, ac370419",3,0.91185466252730829,-0.0027369634111207297,114,114
fixed_test,2,0,apriori|2|02,"ac370000, ac370419",4,0.91185466252730829,0.016242675269228402,114,113
fixed_test,2,0,apriori|2|02,"ac370000, ac370419",5,0.91185466252730829,-0.0092784565760728466,114,112
fixed_test,2,0,apriori|2|02,"ac370000, ac370419",6,0.91185466252730829,0.0015822658151970481,114,113
fixed_test,2,0,apriori|2|02,"ac370000, ac370419",7,0.91185466252730829,0.011027276687606391,114,114
fixed_test,2,0,apriori|2|02,"ac370000, ac370419",8,0.91185466252730829,0.0024464290369050623,114,112
fixed_test,2,0,apriori|2|02,"ac370000, ac370419",9,0.91185466252730829,0.0067528559290539469,114,112
fixed_test,2,0,apriori|2|03,"370407, ac370419",0,0.91185466252730829,0.0050373480795196102,113,113
fixed_test,2,0,apriori|2|03,"370407, ac370419",1,0.91185466252730829,0,113,112
fixed_test,2,0,apriori|2|03,"370407, ac370419",2,0.91185466252730829,0.010127039282684436,113,113
fixed_test,2,0,apriori|2|03,"370407, ac370419",3,0.91185466252730829,0.010127039282684436,113,113
fixed_test,2,0,apriori|2|03,"370407, ac370419",4,0.91185466252730829,0,113,112
fixed_test,2,0,apriori|2|03,"370407, ac370419",5,0.91185466252730829,0.014355616634740831,113,113
fixed_test,2,0,apriori|2|03,"370407, ac370419",6,0.91185466252730829,0,113,113
fixed_test,2,0,apriori|2|03,"370407, ac370419",7,0.91185466252730829,0.00076776530598188231,113,113
fixed_test,2,0,apriori|2|03,"370407, ac370419",8,0.91185466252730829,0,113,112
fixed_test,2,0,apriori|2|03,"370407, ac370419",9,0.91185466252730829,-0.003531757662308177,113,112
fixed_test,2,0,apriori|2|04,"ac370000, ac370443",0,0.91185466252730829,-0.003531757662308177,113,112
fixed_test,2,0,apriori|2|04,"ac370000, ac370443",1,0.91185466252730829,0.0015822658151970481,113,112
fixed_test,2,0,apriori|2|04,"ac370000, ac370443",2,0.91185466252730829,0.016242675269228402,113,111
fixed_test,2,0,apriori|2|04,"ac370000, ac370443",3,0.91185466252730829,0.0024464290369050623,113,113
fixed_test,2,0,apriori|2|04,"ac370000, ac370443",4,0.91185466252730829,0.00076776530598188231,113,112
fixed_test,2,0,apriori|2|04,"ac370000, ac370443",5,0.91185466252730829,0.016242675269228402,113,113
fixed_test,2,0,apriori|2|04,"ac370000, ac370443",6,0.91185466252730829,0.0015822658151970481,113,112
fixed_test,2,0,apriori|2|04,"ac370000, ac370443",7,0.91185466252730829,0.00076776530598188231,113,113
fixed_test,2,0,apriori|2|04,"ac370000, ac370443",8,0.91185466252730829,0.01198240445896781,113,113
fixed_test,2,0,apriori|2|04,"ac370000, ac370443",9,0.91185466252730829,0.0015822658151970481,113,113
fixed_test,2,0,apriori|2|05,"ac370419, ac370443",0,0.91185466252730829,0.00076776530598188231,113,112
fixed_test,2,0,apriori|2|05,"ac370419, ac370443",1,0.91185466252730829,0.0050373480795196102,113,112
fixed_test,2,0,apriori|2|05,"ac370419, ac370443",2,0.91185466252730829,0.00076776530598188231,113,113
fixed_test,2,0,apriori|2|05,"ac370419, ac370443",3,0.91185466252730829,0.010127039282684436,113,111
fixed_test,2,0,apriori|2|05,"ac370419, ac370443",4,0.91185466252730829,0.0058697512055122525,113,112
fixed_test,2,0,apriori|2|05,"ac370419, ac370443",5,0.91185466252730829,0.011027276687606391,113,113
fixed_test,2,0,apriori|2|05,"ac370419, ac370443",6,0.91185466252730829,0.0042526979746710936,113,112
fixed_test,2,0,apriori|2|05,"ac370419, ac370443",7,0.91185466252730829,0.0050373480795196102,113,113
fixed_test,2,0,apriori|2|05,"ac370419, ac370443",8,0.91185466252730829,0.0050373480795196102,113,111
fixed_test,2,0,apriori|2|05,"ac370419, ac370443",9,0.91185466252730829,-0.0049871055700652089,113,113
fixed_test,2,0,apriori|2|06,"ac370000, ac370442",0,0.91185466252730829,0.015271260073332682,112,109
fixed_test,2,0,apriori|2|06,"ac370000, ac370442",1,0.91185466252730829,0.012995961420812274,112,112
fixed_test,2,0,apriori|2|06,"ac370000, ac370442",2,0.91185466252730829,0.016242675269228402,112,112
fixed_test,2,0,apriori|2|06,"ac370000, ac370442",3,0.91185466252730829,0.0067528559290539469,112,111
fixed_test,2,0,apriori|2|06,"ac370000, ac370442",4,0.91185466252730829,0.017273406420887483,112,112
fixed_test,2,0,apriori|2|06,"ac370000, ac370442",5,0.91185466252730829,0.015271260073332682,112,111
fixed_test,2,0,apriori|2|06,"ac370000, ac370442",6,0.91185466252730829,0.02805030336576908,112,111
fixed_test,2,0,apriori|2|06,"ac370000, ac370442",7,0.91185466252730829,0.01198240445896781,112,112
fixed_test,2,0,apriori|2|06,"ac370000, ac370442",8,0.91185466252730829,0.011027276687606391,112,112
fixed_test,2,0,apriori|2|06,"ac370000, ac370442",9,0.91185466252730829,0.017273406420887483,112,111
fixed_test,2,0,apriori|2|07,"ac370442, ac370443",0,0.91185466252730829,0.0042526979746710936,112,110
fixed_test,2,0,apriori|2|07,"ac370442, ac370443",1,0.91185466252730829,0,112,112
fixed_test,2,0,apriori|2|07,"ac370442, ac370443",2,0.91185466252730829,0,112,112
fixed_test,2,0,apriori|2|07,"ac370442, ac370443",3,0.91185466252730829,0.00076776530598188231,112,112
fixed_test,2,0,apriori|2|07,"ac370442, ac370443",4,0.91185466252730829,-0.003531757662308177,112,110
fixed_test,2,0,apriori|2|07,"ac370442, ac370443",5,0.91185466252730829,0.010127039282684436,112,112
fixed_test,2,0,apriori|2|07,"ac370442, ac370443",6,0.91185466252730829,-0.0092784565760728466,112,111
fixed_test,2,0,apriori|2|07,"ac370442, ac370443",7,0.91185466252730829,0.013492501519407396,112,112
fixed_test,2,0,apriori|2|07,"ac370442, ac370443",8,0.91185466252730829,0.0050373480795196102,112,112
fixed_test,2,0,apriori|2|07,"ac370442, ac370443",9,0.91185466252730829,0.0050373480795196102,112,112
fixed_test,2,0,apriori|2|08,"ac370419, ac370442",0,0.91185466252730829,0.010127039282684436,112,112
fixed_test,2,0,apriori|2|08,"ac370419, ac370442",1,0.91185466252730829,0.010127039282684436,112,112
fixed_test,2,0,apriori|2|08,"ac370419, ac370442",2,0.91185466252730829,-0.0092784565760728466,112,112
fixed_test,2,0,apriori|2|08,"ac370419, ac370442",3,0.91185466252730829,0.0092784565760727356,112,112
fixed_test,2,0,apriori|2|08,"ac370419, ac370442",4,0.91185466252730829,0,112,111
fixed_test,2,0,apriori|2|08,"ac370419, ac370442",5,0.91185466252730829,-0.0092784565760728466,112,111
fixed_test,2,0,apriori|2|08,"ac370419, ac370442",6,0.91185466252730829,0.0050373480795196102,112,111
fixed_test,2,0,apriori|2|08,"ac370419, ac370442",7,0.91185466252730829,0.0050373480795196102,112,112
fixed_test,2,0,apriori|2|08,"ac370419, ac370442",8,0.91185466252730829,0.00076776530598188231,112,112
fixed_test,2,0,apriori|2|08,"ac370419, ac370442",9,0.91185466252730829,0.011027276687606391,112,112
fixed_test,2,0,apriori|2|09,"370407, ac370443",0,0.91185466252730829,0.010127039282684436,112,111
fixed_test,2,0,apriori|2|09,"370407, ac370443",1,0.91185466252730829,0.0015822658151970481,112,112
fixed_test,2,0,apriori|2|09,"370407, ac370443",2,0.91185466252730829,0.0050373480795196102,112,112
fixed_test,2,0,apriori|2|09,"370407, ac370443",3,0.91185466252730829,0.011027276687606391,112,112
fixed_test,2,0,apriori|2|09,"370407, ac370443",4,0.91185466252730829,0.011027276687606391,112,110
fixed_test,2,0,apriori|2|09,"370407, ac370443",5,0.91185466252730829,0.0050373480795196102,112,112
fixed_test,2,0,apriori|2|09,"370407, ac370443",6,0.91185466252730829,0.0050373480795196102,112,112
fixed_test,2,0,apriori|2|09,"370407, ac370443",7,0.91185466252730829,0.010127039282684436,112,111
fixed_test,2,0,apriori|2|09,"370407, ac370443",8,0.91185466252730829,0.0042526979746710936,112,112
fixed_test,2,0,apriori|2|09,"370407, ac370443",9,0.91185466252730829,0.010127039282684436,112,112
fixed_test,2,0,apriori|2|10,"370712b, ac370000",0,0.91185466252730829,0.015271260073332682,109,108
fixed_test,2,0,apriori|2|10,"370712b, ac370000",1,0.91185466252730829,0.0058697512055122525,109,109
fixed_test,2,0,apriori|2|10,"370712b, ac370000",2,0.91185466252730829,0.0092784565760727356,109,108
fixed_test,2,0,apriori|2|10,"370712b, ac370000",3,0.91185466252730829,0.016242675269228402,109,108
fixed_test,2,0,apriori|2|10,"370712b, ac370000",4,0.91185466252730829,0.019486313259386989,109,108
fixed_test,2,0,apriori|2|10,"370712b, ac370000",5,0.91185466252730829,0.016242675269228402,109,109
fixed_test,2,0,apriori|2|10,"370712b, ac370000",6,0.91185466252730829,0.0058697512055122525,109,109
fixed_test,2,0,apriori|2|10,"370712b, ac370000",7,0.91185466252730829,0.011027276687606391,109,109
fixed_test,2,0,apriori|2|10,"370712b, ac370000",8,0.91185466252730829,0.015271260073332682,109,107
fixed_test,2,0,apriori|2|10,"370712b, ac370000",9,0.91185466252730829,0.00076776530598188231,109,108
fixed_test,2,0,apriori|3|01,"370407, ac370000, ac370419",0,0.91185466252730829,0.0024464290369050623,113,113
fixed_test,2,0,apriori|3|01,"370407, ac370000, ac370419",1,0.91185466252730829,-0.0085915086707206711,113,113
fixed_test,2,0,apriori|3|01,"370407, ac370000, ac370419",2,0.91185466252730829,0.025732494609402967,113,112
fixed_test,2,0,apriori|3|01,"370407, ac370000, ac370419",3,0.91185466252730829,0,113,113
fixed_test,2,0,apriori|3|01,"370407, ac370000, ac370419",4,0.91185466252730829,0.01198240445896781,113,111
fixed_test,2,0,apriori|3|01,"370407, ac370000, ac370419",5,0.91185466252730829,0.021518379881030669,113,113
fixed_test,2,0,apriori|3|01,"370407, ac370000, ac370419",6,0.91185466252730829,0.022628466077336484,113,112
fixed_test,2,0,apriori|3|01,"370407, ac370000, ac370419",7,0.91185466252730829,0.025732494609402967,113,112
fixed_test,2,0,apriori|3|01,"370407, ac370000, ac370419",8,0.91185466252730829,0.016242675269228402,113,113
fixed_test,2,0,apriori|3|01,"370407, ac370000, ac370419",9,0.91185466252730829,0.026856928593031015,113,113
fixed_test,2,0,apriori|3|02,"ac370000, ac370419, ac370443",0,0.91185466252730829,0.00076776530598188231,113,112
fixed_test,2,0,apriori|3|02,"ac370000, ac370419, ac370443",1,0.91185466252730829,0.028845587236089321,113,113
fixed_test,2,0,apriori|3|02,"ac370000, ac370419, ac370443",2,0.91185466252730829,0.016242675269228402,113,113
fixed_test,2,0,apriori|3|02,"ac370000, ac370419, ac370443",3,0.91185466252730829,0.0015822658151970481,113,113
fixed_test,2,0,apriori|3|02,"ac370000, ac370419, ac370443",4,0.91185466252730829,0.0067528559290539469,113,113
fixed_test,2,0,apriori|3|02,"ac370000, ac370419, ac370443",5,0.91185466252730829,0.019486313259386989,113,113
fixed_test,2,0,apriori|3|02,"ac370000, ac370419, ac370443",6,0.91185466252730829,0.0050373480795196102,113,113
fixed_test,2,0,apriori|3|02,"ac370000, ac370419, ac370443",7,0.91185466252730829,0.0067528559290539469,113,113
fixed_test,2,0,apriori|3|02,"ac370000, ac370419, ac370443",8,0.91185466252730829,0.026856928593031015,113,113
fixed_test,2,0,apriori|3|02,"ac370000, ac370419, ac370443",9,0.91185466252730829,0.0015822658151970481,113,113
fixed_test,2,0,apriori|3|03,"ac370000, ac370442, ac370443",0,0.91185466252730829,0.025732494609402967,112,112
fixed_test,2,0,apriori|3|03,"ac370000, ac370442, ac370443",1,0.91185466252730829,0.026856928593031015,112,112
fixed_test,2,0,apriori|3|03,"ac370000, ac370442, ac370443",2,0.91185466252730829,0.01198240445896781,112,112
fixed_test,2,0,apriori|3|03,"ac370000, ac370442, ac370443",3,0.91185466252730829,0.039105810738246483,112,112
fixed_test,2,0,apriori|3|03,"ac370000, ac370442, ac370443",4,0.91185466252730829,0.007689884248743839,112,112
fixed_test,2,0,apriori|3|03,"ac370000, ac370442, ac370443",5,0.91185466252730829,0.015271260073332682,112,112
fixed_test,2,0,apriori|3|03,"ac370000, ac370442, ac370443",6,0.91185466252730829,0.011027276687606391,112,112
fixed_test,2,0,apriori|3|03,"ac370000, ac370442, ac370443",7,0.91185466252730829,0.0067528559290539469,112,112
fixed_test,2,0,apriori|3|03,"ac370000, ac370442, ac370443",8,0.91185466252730829,0.017273406420887483,112,112
fixed_test,2,0,apriori|3|03,"ac370000, ac370442, ac370443",9,0.91185466252730829,0.02380679291923371,112,112
fixed_test,2,0,apriori|3|04,"ac370000, ac370419, ac370442",0,0.91185466252730829,0.0067528559290539469,112,112
fixed_test,2,0,apriori|3|04,"ac370000, ac370419, ac370442",1,0.91185466252730829,0.03299215374518305,112,112
fixed_test,2,0,apriori|3|04,"ac370000, ac370419, ac370442",2,0.91185466252730829,0.01198240445896781,112,112
fixed_test,2,0,apriori|3|04,"ac370000, ac370419, ac370442",3,0.91185466252730829,0.015271260073332682,112,112
fixed_test,2,0,apriori|3|04,"ac370000, ac370419, ac370442",4,0.91185466252730829,0.00076776530598188231,112,112
fixed_test,2,0,apriori|3|04,"ac370000, ac370419, ac370442",5,0.91185466252730829,0.015271260073332682,112,112
fixed_test,2,0,apriori|3|04,"ac370000, ac370419, ac370442",6,0.91185466252730829,0.01198240445896781,112,112
fixed_test,2,0,apriori|3|04,"ac370000, ac370419, ac370442",7,0.91185466252730829,0.032260970733860472,112,112
fixed_test,2,0,apriori|3|04,"ac370000, ac370419, ac370442",8,0.91185466252730829,0.020472287560015734,112,112
fixed_test,2,0,apriori|3|04,"ac370000, ac370419, ac370442",9,0.91185466252730829,0.017273406420887483,112,112
fixed_test,2,0,apriori|3|05,"ac370419, ac370442, ac370443",0,0.91185466252730829,0.010127039282684436,112,112
fixed_test,2,0,apriori|3|05,"ac370419, ac370442, ac370443",1,0.91185466252730829,-0.003531757662308177,112,112
fixed_test,2,0,apriori|3|05,"ac370419, ac370442, ac370443",2,0.91185466252730829,-0.0042809204757014996,112,112
fixed_test,2,0,apriori|3|05,"ac370419, ac370442, ac370443",3,0.91185466252730829,0.0067528559290539469,112,112
fixed_test,2,0,apriori|3|05,"ac370419, ac370442, ac370443",4,0.91185466252730829,0.00076776530598188231,112,112
fixed_test,2,0,apriori|3|05,"ac370419, ac370442, ac370443",5,0.91185466252730829,-0.0042809204757014996,112,112
fixed_test,2,0,apriori|3|05,"ac370419, ac370442, ac370443",6,0.91185466252730829,0.0050373480795196102,112,112
fixed_test,2,0,apriori|3|05,"ac370419, ac370442, ac370443",7,0.91185466252730829,0.0015822658151970481,112,112
fixed_test,2,0,apriori|3|05,"ac370419, ac370442, ac370443",8,0.91185466252730829,-0.003531757662308177,112,112
fixed_test,2,0,apriori|3|05,"ac370419, ac370442, ac370443",9,0.91185466252730829,-0.0042809204757014996,112,112
fixed_test,2,0,apriori|3|06,"370407, ac370000, ac370443",0,0.91185466252730829,0.015271260073332682,112,112
fixed_test,2,0,apriori|3|06,"370407, ac370000, ac370443",1,0.91185466252730829,0.010127039282684436,112,111
fixed_test,2,0,apriori|3|06,"370407, ac370000, ac370443",2,0.91185466252730829,0.0067528559290539469,112,111
fixed_test,2,0,apriori|3|06,"370407, ac370000, ac370443",3,0.91185466252730829,0.01198240445896781,112,112
fixed_test,2,0,apriori|3|06,"370407, ac370000, ac370443",4,0.91185466252730829,0.01198240445896781,112,112
fixed_test,2,0,apriori|3|06,"370407, ac370000, ac370443",5,0.91185466252730829,0.0067528559290539469,112,112
fixed_test,2,0,apriori|3|06,"370407, ac370000, ac370443",6,0.91185466252730829,0.017273406420887483,112,112
fixed_test,2,0,apriori|3|06,"370407, ac370000, ac370443",7,0.91185466252730829,0.01198240445896781,112,112
fixed_test,2,0,apriori|3|06,"370407, ac370000, ac370443",8,0.91185466252730829,0.011027276687606391,112,112
fixed_test,2,0,apriori|3|06,"370407, ac370000, ac370443",9,0.91185466252730829,0.015271260073332682,112,112
fixed_test,2,0,apriori|3|07,"370407, ac370419, ac370443",0,0.91185466252730829,0.0092784565760727356,112,112
fixed_test,2,0,apriori|3|07,"370407, ac370419, ac370443",1,0.91185466252730829,0.0050373480795196102,112,112
fixed_test,2,0,apriori|3|07,"370407, ac370419, ac370443",2,0.91185466252730829,-0.0092784565760728466,112,112
fixed_test,2,0,apriori|3|07,"370407, ac370419, ac370443",3,0.91185466252730829,0.00076776530598188231,112,112
fixed_test,2,0,apriori|3|07,"370407, ac370419, ac370443",4,0.91185466252730829,0.010127039282684436,112,112
fixed_test,2,0,apriori|3|07,"370407, ac370419, ac370443",5,0.91185466252730829,0.019486313259386989,112,112
fixed_test,2,0,apriori|3|07,"370407, ac370419, ac370443",6,0.91185466252730829,0.010127039282684436,112,112
fixed_test,2,0,apriori|3|07,"370407, ac370419, ac370443",7,0.91185466252730829,-0.0042809204757014996,112,112
fixed_test,2,0,apriori|3|07,"370407, ac370419, ac370443",8,0.91185466252730829,0.010127039282684436,112,112
fixed_test,2,0,apriori|3|07,"370407, ac370419, ac370443",9,0.91185466252730829,0.014355616634740831,112,112
fixed_test,2,0,apriori|3|08,"370407, ac370000, ac370442",0,0.91185466252730829,0.011027276687606391,111,111
fixed_test,2,0,apriori|3|08,"370407, ac370000, ac370442",1,0.91185466252730829,0.026856928593031015,111,111
fixed_test,2,0,apriori|3|08,"370407, ac370000, ac370442",2,0.91185466252730829,0.011027276687606391,111,111
fixed_test,2,0,apriori|3|08,"370407, ac370000, ac370442",3,0.91185466252730829,0.01198240445896781,111,111
fixed_test,2,0,apriori|3|08,"370407, ac370000, ac370442",4,0.91185466252730829,0.015271260073332682,111,111
fixed_test,2,0,apriori|3|08,"370407, ac370000, ac370442",5,0.91185466252730829,0.015271260073332682,111,111
fixed_test,2,0,apriori|3|08,"370407, ac370000, ac370442",6,0.91185466252730829,0.018556913152145693,111,111
fixed_test,2,0,apriori|3|08,"370407, ac370000, ac370442",7,0.91185466252730829,0.034074277808973541,111,111
fixed_test,2,0,apriori|3|08,"370407, ac370000, ac370442",8,0.91185466252730829,0.018556913152145693,111,111
fixed_test,2,0,apriori|3|08,"370407, ac370000, ac370442",9,0.91185466252730829,0.0024464290369050623,111,111
fixed_test,2,0,apriori|3|09,"370407, ac370419, ac370442",0,0.91185466252730829,0.00076776530598188231,111,111
fixed_test,2,0,apriori|3|09,"370407, ac370419, ac370442",1,0.91185466252730829,0.0050373480795196102,111,111
fixed_test,2,0,apriori|3|09,"370407, ac370419, ac370442",2,0.91185466252730829,0.0067528559290539469,111,111
fixed_test,2,0,apriori|3|09,"370407, ac370419, ac370442",3,0.91185466252730829,0.0058697512055122525,111,111
fixed_test,2,0,apriori|3|09,"370407, ac370419, ac370442",4,0.91185466252730829,0.0050373480795196102,111,111
fixed_test,2,0,apriori|3|09,"370407, ac370419, ac370442",5,0.91185466252730829,0.0058697512055122525,111,111
fixed_test,2,0,apriori|3|09,"370407, ac370419, ac370442",6,0.91185466252730829,0.010127039282684436,111,111
fixed_test,2,0,apriori|3|09,"370407, ac370419, ac370442",7,0.91185466252730829,0.014355616634740831,111,111
fixed_test,2,0,apriori|3|09,"370407, ac370419, ac370442",8,0.91185466252730829,0.010127039282684436,111,111
fixed_test,2,0,apriori|3|09,"370407, ac370419, ac370442",9,0.91185466252730829,0.00076776530598188231,111,111
fixed_test,2,0,apriori|3|10,"370407, ac370442, ac370443",0,0.91185466252730829,0.0058697512055122525,111,110
fixed_test,2,0,apriori|3|10,"370407, ac370442, ac370443",1,0.91185466252730829,0.0058697512055122525,111,111
fixed_test,2,0,apriori|3|10,"370407, ac370442, ac370443",2,0.91185466252730829,0.016242675269228402,111,111
fixed_test,2,0,apriori|3|10,"370407, ac370442, ac370443",3,0.91185466252730829,-0.0092784565760728466,111,111
fixed_test,2,0,apriori|3|10,"370407, ac370442, ac370443",4,0.91185466252730829,0.010127039282684436,111,111
fixed_test,2,0,apriori|3|10,"370407, ac370442, ac370443",5,0.91185466252730829,0.010127039282684436,111,111
fixed_test,2,0,apriori|3|10,"370407, ac370442, ac370443",6,0.91185466252730829,0.0050373480795196102,111,111
fixed_test,2,0,apriori|3|10,"370407, ac370442, ac370443",7,0.91185466252730829,0.0058697512055122525,111,111
fixed_test,2,0,apriori|3|10,"370407, ac370442, ac370443",8,0.91185466252730829,-0.003531757662308177,111,111
fixed_test,2,0,apriori|3|10,"370407, ac370442, ac370443",9,0.91185466252730829,0.0050373480795196102,111,111
fixed_test,2,0,impressed|1|01,ac419100,0,0.91185466252730829,0.0058697512055122525,145,119
fixed_test,2,0,impressed|1|01,ac419100,1,0.91185466252730829,0.0042526979746710936,145,122
fixed_test,2,0,impressed|1|01,ac419100,2,0.91185466252730829,-0.0085915086707206711,145,118
fixed_test,2,0,impressed|1|01,ac419100,3,0.91185466252730829,0.0092784565760727356,145,127
fixed_test,2,0,impressed|1|01,ac419100,4,0.91185466252730829,0.0092784565760727356,145,127
fixed_test,2,0,impressed|1|01,ac419100,5,0.91185466252730829,0.013492501519407396,145,119
fixed_test,2,0,impressed|1|01,ac419100,6,0.91185466252730829,0,145,123
fixed_test,2,0,impressed|1|01,ac419100,7,0.91185466252730829,0.0050373480795196102,145,121
fixed_test,2,0,impressed|1|01,ac419100,8,0.91185466252730829,0.014355616634740831,145,127
fixed_test,2,0,impressed|1|01,ac419100,9,0.91185466252730829,0.0092784565760727356,145,124
fixed_test,2,0,impressed|1|02,ac370000,0,0.91185466252730829,0.16520432982081334,141,140
fixed_test,2,0,impressed|1|02,ac370000,1,0.91185466252730829,0.2026062475885807,141,141
fixed_test,2,0,impressed|1|02,ac370000,2,0.91185466252730829,0.14145813698089382,141,141
fixed_test,2,0,impressed|1|02,ac370000,3,0.91185466252730829,0.2026062475885807,141,141
fixed_test,2,0,impressed|1|02,ac370000,4,0.91185466252730829,0.21169174181485684,141,141
fixed_test,2,0,impressed|1|02,ac370000,5,0.91185466252730829,0.15951745720660893,141,140
fixed_test,2,0,impressed|1|02,ac370000,6,0.91185466252730829,0.14851022188752894,141,139
fixed_test,2,0,impressed|1|02,ac370000,7,0.91185466252730829,0.15265830646643475,141,140
fixed_test,2,0,impressed|1|02,ac370000,8,0.91185466252730829,0.18513223403321177,141,141
fixed_test,2,0,impressed|1|02,ac370000,9,0.91185466252730829,0.15199735637614831,141,140
fixed_test,2,0,impressed|1|03,ac415100,0,0.91185466252730829,-0.012933266530128384,50,48
fixed_test,2,0,impressed|1|03,ac415100,1,0.91185466252730829,-0.0085915086707206711,50,43
fixed_test,2,0,impressed|1|03,ac415100,2,0.91185466252730829,0.0042526979746710936,50,49
fixed_test,2,0,impressed|1|03,ac415100,3,0.91185466252730829,0.0042526979746710936,50,49
fixed_test,2,0,impressed|1|03,ac415100,4,0.91185466252730829,0,50,45
fixed_test,2,0,impressed|1|03,ac415100,5,0.91185466252730829,-0.0042809204757014996,50,45
fixed_test,2,0,impressed|1|03,ac415100,6,0.91185466252730829,0.0042526979746710936,50,46
fixed_test,2,0,impressed|1|03,ac415100,7,0.91185466252730829,0,50,47
fixed_test,2,0,impressed|1|03,ac415100,8,0.91185466252730829,0.0042526979746710936,50,48
fixed_test,2,0,impressed|1|03,ac415100,9,0.91185466252730829,-0.0085915086707206711,50,46
fixed_test,2,0,impressed|1|04,ac10307,0,0.91185466252730829,-0.0049871055700652089,27,24
fixed_test,2,0,impressed|1|04,ac10307,1,0.91185466252730829,-0.0092784565760728466,27,26
fixed_test,2,0,impressed|1|04,ac10307,2,0.91185466252730829,0.0042526979746710936,27,23
fixed_test,2,0,impressed|1|04,ac10307,3,0.91185466252730829,0.00076776530598188231,27,23
fixed_test,2,0,impressed|1|04,ac10307,4,0.91185466252730829,-0.0092784565760728466,27,23
fixed_test,2,0,impressed|1|04,ac10307,5,0.91185466252730829,0,27,26
fixed_test,2,0,impressed|1|04,ac10307,6,0.91185466252730829,-0.0092784565760728466,27,22
fixed_test,2,0,impressed|1|04,ac10307,7,0.91185466252730829,0,27,21
fixed_test,2,0,impressed|1|04,ac10307,8,0.91185466252730829,-0.0042809204757014996,27,22
fixed_test,2,0,impressed|1|04,ac10307,9,0.91185466252730829,-0.0092784565760728466,27,21
fixed_test,2,0,impressed|1|05,ac355427,0,0.91185466252730829,0,6,5
fixed_test,2,0,impressed|1|05,ac355427,1,0.91185466252730829,0,6,5
fixed_test,2,0,impressed|1|05,ac355427,2,0.91185466252730829,0.0042526979746710936,6,4
fixed_test,2,0,impressed|1|05,ac355427,3,0.91185466252730829,0.0042526979746710936,6,6
fixed_test,2,0,impressed|1|05,ac355427,4,0.91185466252730829,0.0042526979746710936,6,6
fixed_test,2,0,impressed|1|05,ac355427,5,0.91185466252730829,0.0042526979746710936,6,6
fixed_test,2,0,impressed|1|05,ac355427,6,0.91185466252730829,0.0042526979746710936,6,3
fixed_test,2,0,impressed|1|05,ac355427,7,0.91185466252730829,0.0042526979746710936,6,5
fixed_test,2,0,impressed|1|05,ac355427,8,0.91185466252730829,0.0042526979746710936,6,6
fixed_test,2,0,impressed|1|05,ac355427,9,0.91185466252730829,0,6,6
fixed_test,2,0,impressed|1|06,ac388170,0,0.91185466252730829,0,0,0
fixed_test,2,0,impressed|1|06,ac388170,1,0.91185466252730829,0,0,0
fixed_test,2,0,impressed|1|06,ac388170,2,0.91185466252730829,0,0,0
fixed_test,2,0,impressed|1|06,ac388170,3,0.91185466252730829,0,0,0
fixed_test,2,0,impressed|1|06,ac388170,4,0.91185466252730829,0,0,0
fixed_test,2,0,impressed|1|06,ac388170,5,0.91185466252730829,0,0,0
fixed_test,2,0,impressed|1|06,ac388170,6,0.91185466252730829,0,0,0
fixed_test,2,0,impressed|1|06,ac388170,7,0.91185466252730829,0,0,0
fixed_test,2,0,impressed|1|06,ac388170,8,0.91185466252730829,0,0,0
fixed_test,2,0,impressed|1|06,ac388170,9,0.91185466252730829,0,0,0
fixed_test,2,0,impressed|1|07,387070a,0,0.91185466252730829,0,1,0
fixed_test,2,0,impressed|1|07,387070a,1,0.91185466252730829,0,1,0
fixed_test,2,0,impressed|1|07,387070a,2,0.91185466252730829,0,1,0
fixed_test,2,0,impressed|1|07,387070a,3,0.91185466252730829,0,1,0
fixed_test,2,0,impressed|1|07,387070a,4,0.91185466252730829,0,1,0
fixed_test,2,0,impressed|1|07,387070a,5,0.91185466252730829,0,1,0
fixed_test,2,0,impressed|1|07,387070a,6,0.91185466252730829,0,1,0
fixed_test,2,0,impressed|1|07,387070a,7,0.91185466252730829,0,1,0
fixed_test,2,0,impressed|1|07,387070a,8,0.91185466252730829,0,1,0
fixed_test,2,0,impressed|1|07,387070a,9,0.91185466252730829,0,1,0
fixed_test,2,0,impressed|1|08,ac370402,0,0.91185466252730829,0,98,91
fixed_test,2,0,impressed|1|08,ac370402,1,0.91185466252730829,0.010127039282684436,98,93
fixed_test,2,0,impressed|1|08,ac370402,2,0.91185466252730829,0.018556913152145693,98,89
fixed_test,2,0,impressed|1|08,ac370402,3,0.91185466252730829,0.010127039282684436,98,94
fixed_test,2,0,impressed|1|08,ac370402,4,0.91185466252730829,0.0050373480795196102,98,94
fixed_test,2,0,impressed|1|08,ac370402,5,0.91185466252730829,0,98,98
fixed_test,2,0,impressed|1|08,ac370402,6,0.91185466252730829,0.0042526979746710936,98,94
fixed_test,2,0,impressed|1|08,ac370402,7,0.91185466252730829,-0.0042809204757014996,98,96
fixed_test,2,0,impressed|1|08,ac370402,8,0.91185466252730829,0.010127039282684436,98,94
fixed_test,2,0,impressed|1|08,ac370402,9,0.91185466252730829,0.0092784565760727356,98,93
fixed_test,2,0,impressed|1|09,370488g,0,0.91185466252730829,0.0092784565760727356,102,92
fixed_test,2,0,impressed|1|09,370488g,1,0.91185466252730829,0.010127039282684436,102,101
fixed_test,2,0,impressed|1|09,370488g,2,0.91185466252730829,0.0050373480795196102,102,95
fixed_test,2,0,impressed|1|09,370488g,3,0.91185466252730829,0.0050373480795196102,102,97
fixed_test,2,0,impressed|1|09,370488g,4,0.91185466252730829,0.0092784565760727356,102,96
fixed_test,2,0,impressed|1|09,370488g,5,0.91185466252730829,0.010127039282684436,102,96
fixed_test,2,0,impressed|1|09,370488g,6,0.91185466252730829,0.010127039282684436,102,100
fixed_test,2,0,impressed|1|09,370488g,7,0.91185466252730829,0.0050373480795196102,102,98
fixed_test,2,0,impressed|1|09,370488g,8,0.91185466252730829,0.014355616634740831,102,98
fixed_test,2,0,impressed|1|09,370488g,9,0.91185466252730829,0,102,95
fixed_test,2,0,impressed|1|10,370488e,0,0.91185466252730829,0.0092784565760727356,103,99
fixed_test,2,0,impressed|1|10,370488e,1,0.91185466252730829,0.0050373480795196102,103,100
fixed_test,2,0,impressed|1|10,370488e,2,0.91185466252730829,0.0050373480795196102,103,98
fixed_test,2,0,impressed|1|10,370488e,3,0.91185466252730829,0.0092784565760727356,103,100
fixed_test,2,0,impressed|1|10,370488e,4,0.91185466252730829,0.0092784565760727356,103,97
fixed_test,2,0,impressed|1|10,370488e,5,0.91185466252730829,0.0042526979746710936,103,101
fixed_test,2,0,impressed|1|10,370488e,6,0.91185466252730829,0,103,99
fixed_test,2,0,impressed|1|10,370488e,7,0.91185466252730829,0.0050373480795196102,103,101
fixed_test,2,0,impressed|1|10,370488e,8,0.91185466252730829,0.0092784565760727356,103,98
fixed_test,2,0,impressed|1|10,370488e,9,0.91185466252730829,0.0050373480795196102,103,100
fixed_test,2,0,impressed|2|01,"ac370000, ac370402",0,0.91185466252730829,-0.0042809204757014996,98,98
fixed_test,2,0,impressed|2|01,"ac370000, ac370402",1,0.91185466252730829,0.020472287560015734,98,97
fixed_test,2,0,impressed|2|01,"ac370000, ac370402",2,0.91185466252730829,0.0058697512055122525,98,98
fixed_test,2,0,impressed|2|01,"ac370000, ac370402",3,0.91185466252730829,0.011027276687606391,98,97
fixed_test,2,0,impressed|2|01,"ac370000, ac370402",4,0.91185466252730829,0.015271260073332682,98,98
fixed_test,2,0,impressed|2|01,"ac370000, ac370402",5,0.91185466252730829,0.011027276687606391,98,98
fixed_test,2,0,impressed|2|01,"ac370000, ac370402",6,0.91185466252730829,0.020472287560015734,98,98
fixed_test,2,0,impressed|2|01,"ac370000, ac370402",7,0.91185466252730829,0.0058697512055122525,98,97
fixed_test,2,0,impressed|2|01,"ac370000, ac370402",8,0.91185466252730829,0.0092784565760727356,98,97
fixed_test,2,0,impressed|2|01,"ac370000, ac370402",9,0.91185466252730829,0.0092784565760727356,98,97
fixed_test,2,0,impressed|2|02,"370401c, ac370000",0,0.91185466252730829,0.017273406420887483,101,101
fixed_test,2,0,impressed|2|02,"370401c, ac370000",1,0.91185466252730829,0.015271260073332682,101,100
fixed_test,2,0,impressed|2|02,"370401c, ac370000",2,0.91185466252730829,0.020472287560015734,101,100
fixed_test,2,0,impressed|2|02,"370401c, ac370000",3,0.91185466252730829,0.026856928593031015,101,100
fixed_test,2,0,impressed|2|02,"370401c, ac370000",4,0.91185466252730829,0.0067528559290539469,101,99
fixed_test,2,0,impressed|2|02,"370401c, ac370000",5,0.91185466252730829,0.0015822658151970481,101,100
fixed_test,2,0,impressed|2|02,"370401c, ac370000",6,0.91185466252730829,0.01198240445896781,101,101
fixed_test,2,0,impressed|2|02,"370401c, ac370000",7,0.91185466252730829,0.0015822658151970481,101,100
fixed_test,2,0,impressed|2|02,"370401c, ac370000",8,0.91185466252730829,0.016242675269228402,101,100
fixed_test,2,0,impressed|2|02,"370401c, ac370000",9,0.91185466252730829,0.011027276687606391,101,99
fixed_test,2,0,impressed|2|03,"ac370000, ac370403",0,0.91185466252730829,0.020472287560015734,104,102
fixed_test,2,0,impressed|2|03,"ac370000, ac370403",1,0.91185466252730829,0.022628466077336484,104,104
fixed_test,2,0,impressed|2|03,"ac370000, ac370403",2,0.91185466252730829,0.025732494609402967,104,104
fixed_test,2,0,impressed|2|03,"ac370000, ac370403",3,0.91185466252730829,0.011027276687606391,104,104
fixed_test,2,0,impressed|2|03,"ac370000, ac370403",4,0.91185466252730829,0.011027276687606391,104,103
fixed_test,2,0,impressed|2|03,"ac370000, ac370403",5,0.91185466252730829,0.017273406420887483,104,103
fixed_test,2,0,impressed|2|03,"ac370000, ac370403",6,0.91185466252730829,0.024672768941153111,104,103
fixed_test,2,0,impressed|2|03,"ac370000, ac370403",7,0.91185466252730829,0.01198240445896781,104,104
fixed_test,2,0,impressed|2|03,"ac370000, ac370403",8,0.91185466252730829,0.021518379881030669,104,104
fixed_test,2,0,impressed|2|03,"ac370000, ac370403",9,0.91185466252730829,0.022628466077336484,104,104
fixed_test,2,0,impressed|2|04,"ac411100, ac419100",0,0.91185466252730829,-0.0049871055700652089,87,80
fixed_test,2,0,impressed|2|04,"ac411100, ac419100",1,0.91185466252730829,-0.0092784565760728466,87,80
fixed_test,2,0,impressed|2|04,"ac411100, ac419100",2,0.91185466252730829,-0.01359918903092272,87,82
fixed_test,2,0,impressed|2|04,"ac411100, ac419100",3,0.91185466252730829,-0.0049871055700652089,87,81
fixed_test,2,0,impressed|2|04,"ac411100, ac419100",4,0.91185466252730829,-0.0092784565760728466,87,78
fixed_test,2,0,impressed|2|04,"ac411100, ac419100",5,0.91185466252730829,-0.0092784565760728466,87,78
fixed_test,2,0,impressed|2|04,"ac411100, ac419100",6,0.91185466252730829,0.0042526979746710936,87,83
fixed_test,2,0,impressed|2|04,"ac411100, ac419100",7,0.91185466252730829,-0.00072371147402872094,87,80
fixed_test,2,0,impressed|2|04,"ac411100, ac419100",8,0.91185466252730829,-0.0049871055700652089,87,78
fixed_test,2,0,impressed|2|04,"ac411100, ac419100",9,0.91185466252730829,0.0035130979750919167,87,76
fixed_test,2,0,impressed|2|05,"ac411100, ac415100",0,0.91185466252730829,-0.0042809204757014996,44,43
fixed_test,2,0,impressed|2|05,"ac411100, ac415100",1,0.91185466252730829,0,44,42
fixed_test,2,0,impressed|2|05,"ac411100, ac415100",2,0.91185466252730829,-0.0042809204757014996,44,44
fixed_test,2,0,impressed|2|05,"ac411100, ac415100",3,0.91185466252730829,0,44,42
fixed_test,2,0,impressed|2|05,"ac411100, ac415100",4,0.91185466252730829,0.0042526979746710936,44,41
fixed_test,2,0,impressed|2|05,"ac411100, ac415100",5,0.91185466252730829,-0.0042809204757014996,44,43
fixed_test,2,0,impressed|2|05,"ac411100, ac415100",6,0.91185466252730829,0,44,42
fixed_test,2,0,impressed|2|05,"ac411100, ac415100",7,0.91185466252730829,-0.0042809204757014996,44,42
fixed_test,2,0,impressed|2|05,"ac411100, ac415100",8,0.91185466252730829,0.0042526979746710936,44,43
fixed_test,2,0,impressed|2|05,"ac411100, ac415100",9,0.91185466252730829,0,44,42
fixed_test,2,0,impressed|2|06,"ac415100, ac419100",0,0.91185466252730829,-0.0085915086707206711,47,43
fixed_test,2,0,impressed|2|06,"ac415100, ac419100",1,0.91185466252730829,-0.0085915086707206711,47,44
fixed_test,2,0,impressed|2|06,"ac415100, ac419100",2,0.91185466252730829,-0.0085915086707206711,47,44
fixed_test,2,0,impressed|2|06,"ac415100, ac419100",3,0.91185466252730829,-0.0085915086707206711,47,44
fixed_test,2,0,impressed|2|06,"ac415100, ac419100",4,0.91185466252730829,-0.012933266530128384,47,46
fixed_test,2,0,impressed|2|06,"ac415100, ac419100",5,0.91185466252730829,-0.0042809204757014996,47,45
fixed_test,2,0,impressed|2|06,"ac415100, ac419100",6,0.91185466252730829,0,47,45
fixed_test,2,0,impressed|2|06,"ac415100, ac419100",7,0.91185466252730829,-0.0042809204757014996,47,45
fixed_test,2,0,impressed|2|06,"ac415100, ac419100",8,0.91185466252730829,-0.012933266530128384,47,44
fixed_test,2,0,impressed|2|06,"ac415100, ac419100",9,0.91185466252730829,0.0042526979746710936,47,44
fixed_test,2,0,impressed|2|07,"ac10307, ac411100",0,0.91185466252730829,-0.0042809204757014996,27,27
fixed_test,2,0,impressed|2|07,"ac10307, ac411100",1,0.91185466252730829,-0.0092784565760728466,27,27
fixed_test,2,0,impressed|2|07,"ac10307, ac411100",2,0.91185466252730829,-0.0092784565760728466,27,26
fixed_test,2,0,impressed|2|07,"ac10307, ac411100",3,0.91185466252730829,-0.0092784565760728466,27,26
fixed_test,2,0,impressed|2|07,"ac10307, ac411100",4,0.91185466252730829,0,27,26
fixed_test,2,0,impressed|2|07,"ac10307, ac411100",5,0.91185466252730829,-0.0049871055700652089,27,25
fixed_test,2,0,impressed|2|07,"ac10307, ac411100",6,0.91185466252730829,-0.0092784565760728466,27,26
fixed_test,2,0,impressed|2|07,"ac10307, ac411100",7,0.91185466252730829,-0.0049871055700652089,27,27
fixed_test,2,0,impressed|2|07,"ac10307, ac411100",8,0.91185466252730829,-0.00072371147402872094,27,26
fixed_test,2,0,impressed|2|07,"ac10307, ac411100",9,0.91185466252730829,-0.0092784565760728466,27,25
fixed_test,2,0,impressed|2|08,"ac10307, ac419100",0,0.91185466252730829,-0.0042809204757014996,25,25
fixed_test,2,0,impressed|2|08,"ac10307, ac419100",1,0.91185466252730829,-0.0092784565760728466,25,25
fixed_test,2,0,impressed|2|08,"ac10307, ac419100",2,0.91185466252730829,-0.0049871055700652089,25,24
fixed_test,2,0,impressed|2|08,"ac10307, ac419100",3,0.91185466252730829,-0.0049871055700652089,25,24
fixed_test,2,0,impressed|2|08,"ac10307, ac419100",4,0.91185466252730829,-0.0049871055700652089,25,24
fixed_test,2,0,impressed|2|08,"ac10307, ac419100",5,0.91185466252730829,0,25,25
fixed_test,2,0,impressed|2|08,"ac10307, ac419100",6,0.91185466252730829,-0.0049871055700652089,25,24
fixed_test,2,0,impressed|2|08,"ac10307, ac419100",7,0.91185466252730829,-0.0042809204757014996,25,24
fixed_test,2,0,impressed|2|08,"ac10307, ac419100",8,0.91185466252730829,-0.0049871055700652089,25,25
fixed_test,2,0,impressed|2|08,"ac10307, ac419100",9,0.91185466252730829,-0.0092784565760728466,25,24
fixed_test,2,0,impressed|2|09,"ac10307, ac415100",0,0.91185466252730829,-0.0042809204757014996,14,14
fixed_test,2,0,impressed|2|09,"ac10307, ac415100",1,0.91185466252730829,-0.0042809204757014996,14,14
fixed_test,2,0,impressed|2|09,"ac10307, ac415100",2,0.91185466252730829,-0.0042809204757014996,14,14
fixed_test,2,0,impressed|2|09,"ac10307, ac415100",3,0.91185466252730829,-0.0042809204757014996,14,13
fixed_test,2,0,impressed|2|09,"ac10307, ac415100",4,0.91185466252730829,-0.0042809204757014996,14,14
fixed_test,2,0,impressed|2|09,"ac10307, ac415100",5,0.91185466252730829,-0.0042809204757014996,14,14
fixed_test,2,0,impressed|2|09,"ac10307, ac415100",6,0.91185466252730829,-0.0042809204757014996,14,14
fixed_test,2,0,impressed|2|09,"ac10307, ac415100",7,0.91185466252730829,0.0042526979746710936,14,14
fixed_test,2,0,impressed|2|09,"ac10307, ac415100",8,0.91185466252730829,-0.0042809204757014996,14,14
fixed_test,2,0,impressed|2|09,"ac10307, ac415100",9,0.91185466252730829,-0.0042809204757014996,14,14
fixed_test,2,0,impressed|2|10,"ac355201, ac415100",0,0.91185466252730829,0,3,2
fixed_test,2,0,impressed|2|10,"ac355201, ac415100",1,0.91185466252730829,0,3,3
fixed_test,2,0,impressed|2|10,"ac355201, ac415100",2,0.91185466252730829,0,3,2
fixed_test,2,0,impressed|2|10,"ac355201, ac415100",3,0.91185466252730829,0,3,3
fixed_test,2,0,impressed|2|10,"ac355201, ac415100",4,0.91185466252730829,0,3,3
fixed_test,2,0,impressed|2|10,"ac355201, ac415100",5,0.91185466252730829,0,3,3
fixed_test,2,0,impressed|2|10,"ac355201, ac415100",6,0.91185466252730829,0,3,3
fixed_test,2,0,impressed|2|10,"ac355201, ac415100",7,0.91185466252730829,0,3,3
fixed_test,2,0,impressed|2|10,"ac355201, ac415100",8,0.91185466252730829,0,3,3
fixed_test,2,0,impressed|2|10,"ac355201, ac415100",9,0.91185466252730829,0,3,3
fixed_test,2,0,impressed|3|01,"ac411100, ac415100, ac419100",0,0.91185466252730829,0.0042526979746710936,41,39
fixed_test,2,0,impressed|3|01,"ac411100, ac415100, ac419100",1,0.91185466252730829,-0.0042809204757014996,41,37
fixed_test,2,0,impressed|3|01,"ac411100, ac415100, ac419100",2,0.91185466252730829,0.0042526979746710936,41,39
fixed_test,2,0,impressed|3|01,"ac411100, ac415100, ac419100",3,0.91185466252730829,-0.0042809204757014996,41,38
fixed_test,2,0,impressed|3|01,"ac411100, ac415100, ac419100",4,0.91185466252730829,0.0084785649468830382,41,39
fixed_test,2,0,impressed|3|01,"ac411100, ac415100, ac419100",5,0.91185466252730829,0,41,39
fixed_test,2,0,impressed|3|01,"ac411100, ac415100, ac419100",6,0.91185466252730829,-0.0042809204757014996,41,39
fixed_test,2,0,impressed|3|01,"ac411100, ac415100, ac419100",7,0.91185466252730829,-0.0042809204757014996,41,38
fixed_test,2,0,impressed|3|01,"ac411100, ac415100, ac419100",8,0.91185466252730829,0.0042526979746710936,41,38
fixed_test,2,0,impressed|3|01,"ac411100, ac415100, ac419100",9,0.91185466252730829,0,41,38
fixed_test,2,0,impressed|3|02,"ac10307, ac411100, ac419100",0,0.91185466252730829,-0.0092784565760728466,24,24
fixed_test,2,0,impressed|3|02,"ac10307, ac411100, ac419100",1,0.91185466252730829,-0.0049871055700652089,24,24
fixed_test,2,0,impressed|3|02,"ac10307, ac411100, ac419100",2,0.91185466252730829,-0.0049871055700652089,24,24
fixed_test,2,0,impressed|3|02,"ac10307, ac411100, ac419100",3,0.91185466252730829,-0.0092784565760728466,24,22
fixed_test,2,0,impressed|3|02,"ac10307, ac411100, ac419100",4,0.91185466252730829,-0.0049871055700652089,24,24
fixed_test,2,0,impressed|3|02,"ac10307, ac411100, ac419100",5,0.91185466252730829,-0.0049871055700652089,24,23
fixed_test,2,0,impressed|3|02,"ac10307, ac411100, ac419100",6,0.91185466252730829,-0.0092784565760728466,24,24
fixed_test,2,0,impressed|3|02,"ac10307, ac411100, ac419100",7,0.91185466252730829,-0.00072371147402872094,24,24
fixed_test,2,0,impressed|3|02,"ac10307, ac411100, ac419100",8,0.91185466252730829,-0.0042809204757014996,24,24
fixed_test,2,0,impressed|3|02,"ac10307, ac411100, ac419100",9,0.91185466252730829,-0.0092784565760728466,24,24
fixed_test,2,0,impressed|3|03,"ac370000, ac411100, ac415100",0,0.91185466252730829,-0.012933266530128384,25,25
fixed_test,2,0,impressed|3|03,"ac370000, ac411100, ac415100",1,0.91185466252730829,-0.012933266530128384,25,25
fixed_test,2,0,impressed|3|03,"ac370000, ac411100, ac415100",2,0.91185466252730829,-0.0085915086707206711,25,25
fixed_test,2,0,impressed|3|03,"ac370000, ac411100, ac415100",3,0.91185466252730829,-0.012933266530128384,25,25
fixed_test,2,0,impressed|3|03,"ac370000, ac411100, ac415100",4,0.91185466252730829,-0.0042809204757014996,25,25
fixed_test,2,0,impressed|3|03,"ac370000, ac411100, ac415100",5,0.91185466252730829,-0.0085915086707206711,25,25
fixed_test,2,0,impressed|3|03,"ac370000, ac411100, ac415100",6,0.91185466252730829,-0.0085915086707206711,25,25
fixed_test,2,0,impressed|3|03,"ac370000, ac411100, ac415100",7,0.91185466252730829,-0.0085915086707206711,25,25
fixed_test,2,0,impressed|3|03,"ac370000, ac411100, ac415100",8,0.91185466252730829,-0.012933266530128384,25,25
fixed_test,2,0,impressed|3|03,"ac370000, ac411100, ac415100",9,0.91185466252730829,-0.012933266530128384,25,25
fixed_test,2,0,impressed|3|04,"ac355201, ac415100, ac419100",0,0.91185466252730829,0,3,3
fixed_test,2,0,impressed|3|04,"ac355201, ac415100, ac419100",1,0.91185466252730829,0,3,3
fixed_test,2,0,impressed|3|04,"ac355201, ac415100, ac419100",2,0.91185466252730829,0,3,3
fixed_test,2,0,impressed|3|04,"ac355201, ac415100, ac419100",3,0.91185466252730829,0,3,3
fixed_test,2,0,impressed|3|04,"ac355201, ac415100, ac419100",4,0.91185466252730829,0,3,3
fixed_test,2,0,impressed|3|04,"ac355201, ac415100, ac419100",5,0.91185466252730829,0,3,3
fixed_test,2,0,impressed|3|04,"ac355201, ac415100, ac419100",6,0.91185466252730829,0,3,3
fixed_test,2,0,impressed|3|04,"ac355201, ac415100, ac419100",7,0.91185466252730829,0,3,3
fixed_test,2,0,impressed|3|04,"ac355201, ac415100, ac419100",8,0.91185466252730829,0,3,3
fixed_test,2,0,impressed|3|04,"ac355201, ac415100, ac419100",9,0.91185466252730829,0,3,2
fixed_test,2,0,impressed|3|05,"ac355201, ac411100, ac419100",0,0.91185466252730829,-0.0049871055700652089,5,4
fixed_test,2,0,impressed|3|05,"ac355201, ac411100, ac419100",1,0.91185466252730829,-0.0049871055700652089,5,5
fixed_test,2,0,impressed|3|05,"ac355201, ac411100, ac419100",2,0.91185466252730829,-0.0049871055700652089,5,5
fixed_test,2,0,impressed|3|05,"ac355201, ac411100, ac419100",3,0.91185466252730829,-0.00072371147402872094,5,4
fixed_test,2,0,impressed|3|05,"ac355201, ac411100, ac419100",4,0.91185466252730829,-0.0049871055700652089,5,5
fixed_test,2,0,impressed|3|05,"ac355201, ac411100, ac419100",5,0.91185466252730829,-0.0049871055700652089,5,5
fixed_test,2,0,impressed|3|05,"ac355201, ac411100, ac419100",6,0.91185466252730829,-0.0049871055700652089,5,5
fixed_test,2,0,impressed|3|05,"ac355201, ac411100, ac419100",7,0.91185466252730829,-0.0049871055700652089,5,5
fixed_test,2,0,impressed|3|05,"ac355201, ac411100, ac419100",8,0.91185466252730829,-0.0049871055700652089,5,5
fixed_test,2,0,impressed|3|05,"ac355201, ac411100, ac419100",9,0.91185466252730829,-0.0049871055700652089,5,5
fixed_test,2,0,impressed|3|06,"ac355427, ac415100, ac419100",0,0.91185466252730829,0,4,4
fixed_test,2,0,impressed|3|06,"ac355427, ac415100, ac419100",1,0.91185466252730829,0,4,4
fixed_test,2,0,impressed|3|06,"ac355427, ac415100, ac419100",2,0.91185466252730829,0,4,4
fixed_test,2,0,impressed|3|06,"ac355427, ac415100, ac419100",3,0.91185466252730829,0,4,4
fixed_test,2,0,impressed|3|06,"ac355427, ac415100, ac419100",4,0.91185466252730829,0,4,4
fixed_test,2,0,impressed|3|06,"ac355427, ac415100, ac419100",5,0.91185466252730829,0,4,4
fixed_test,2,0,impressed|3|06,"ac355427, ac415100, ac419100",6,0.91185466252730829,0,4,4
fixed_test,2,0,impressed|3|06,"ac355427, ac415100, ac419100",7,0.91185466252730829,0,4,4
fixed_test,2,0,impressed|3|06,"ac355427, ac415100, ac419100",8,0.91185466252730829,0,4,4
fixed_test,2,0,impressed|3|06,"ac355427, ac415100, ac419100",9,0.91185466252730829,0,4,4
fixed_test,2,0,impressed|3|07,"370407, ac10307, ac370000",0,0.91185466252730829,0.00076776530598188231,8,8
fixed_test,2,0,impressed|3|07,"370407, ac10307, ac370000",1,0.91185466252730829,0.00076776530598188231,8,8
fixed_test,2,0,impressed|3|07,"370407, ac10307, ac370000",2,0.91185466252730829,-0.0092784565760728466,8,8
fixed_test,2,0,impressed|3|07,"370407, ac10307, ac370000",3,0.91185466252730829,0,8,8
fixed_test,2,0,impressed|3|07,"370407, ac10307, ac370000",4,0.91185466252730829,-0.0042809204757014996,8,8
fixed_test,2,0,impressed|3|07,"370407, ac10307, ac370000",5,0.91185466252730829,-0.0092784565760728466,8,8
fixed_test,2,0,impressed|3|07,"370407, ac10307, ac370000",6,0.91185466252730829,-0.0042809204757014996,8,8
fixed_test,2,0,impressed|3|07,"370407, ac10307, ac370000",7,0.91185466252730829,0.00076776530598188231,8,8
fixed_test,2,0,impressed|3|07,"370407, ac10307, ac370000",8,0.91185466252730829,-0.0042809204757014996,8,8
fixed_test,2,0,impressed|3|07,"370407, ac10307, ac370000",9,0.91185466252730829,-0.0042809204757014996,8,8
fixed_test,2,0,impressed|3|08,"376400, ac370000, ac411100",0,0.91185466252730829,0.0042526979746710936,9,9
fixed_test,2,0,impressed|3|08,"376400, ac370000, ac411100",1,0.91185466252730829,0,9,9
fixed_test,2,0,impressed|3|08,"376400, ac370000, ac411100",2,0.91185466252730829,0,9,9
fixed_test,2,0,impressed|3|08,"376400, ac370000, ac411100",3,0.91185466252730829,0.0042526979746710936,9,9
fixed_test,2,0,impressed|3|08,"376400, ac370000, ac411100",4,0.91185466252730829,0.0042526979746710936,9,9
fixed_test,2,0,impressed|3|08,"376400, ac370000, ac411100",5,0.91185466252730829,0.0042526979746710936,9,9
fixed_test,2,0,impressed|3|08,"376400, ac370000, ac411100",6,0.91185466252730829,0,9,9
fixed_test,2,0,impressed|3|08,"376400, ac370000, ac411100",7,0.91185466252730829,0.0042526979746710936,9,9
fixed_test,2,0,impressed|3|08,"376400, ac370000, ac411100",8,0.91185466252730829,0.0042526979746710936,9,9
fixed_test,2,0,impressed|3|08,"376400, ac370000, ac411100",9,0.91185466252730829,0.012678941519870146,9,9
fixed_test,2,0,impressed|3|09,"ac410500, ac411100, ac415100",0,0.91185466252730829,0.0042526979746710936,4,4
fixed_test,2,0,impressed|3|09,"ac410500, ac411100, ac415100",1,0.91185466252730829,0.0042526979746710936,4,4
fixed_test,2,0,impressed|3|09,"ac410500, ac411100, ac415100",2,0.91185466252730829,0,4,3
fixed_test,2,0,impressed|3|09,"ac410500, ac411100, ac415100",3,0.91185466252730829,0.0042526979746710936,4,4
fixed_test,2,0,impressed|3|09,"ac410500, ac411100, ac415100",4,0.91185466252730829,0.0042526979746710936,4,4
fixed_test,2,0,impressed|3|09,"ac410500, ac411100, ac415100",5,0.91185466252730829,0,4,4
fixed_test,2,0,impressed|3|09,"ac410500, ac411100, ac415100",6,0.91185466252730829,0,4,3
fixed_test,2,0,impressed|3|09,"ac410500, ac411100, ac415100",7,0.91185466252730829,0.0042526979746710936,4,3
fixed_test,2,0,impressed|3|09,"ac410500, ac411100, ac415100",8,0.91185466252730829,0.0042526979746710936,4,3
fixed_test,2,0,impressed|3|09,"ac410500, ac411100, ac415100",9,0.91185466252730829,0.0042526979746710936,4,4
fixed_test,2,0,impressed|3|10,"ac379999, ac415100, ac419100",0,0.91185466252730829,0.0042526979746710936,28,28
fixed_test,2,0,impressed|3|10,"ac379999, ac415100, ac419100",1,0.91185466252730829,-0.0042809204757014996,28,28
fixed_test,2,0,impressed|3|10,"ac379999, ac415100, ac419100",2,0.91185466252730829,0,28,28
fixed_test,2,0,impressed|3|10,"ac379999, ac415100, ac419100",3,0.91185466252730829,0,28,28
fixed_test,2,0,impressed|3|10,"ac379999, ac415100, ac419100",4,0.91185466252730829,-0.0042809204757014996,28,28
fixed_test,2,0,impressed|3|10,"ac379999, ac415100, ac419100",5,0.91185466252730829,0,28,28
fixed_test,2,0,impressed|3|10,"ac379999, ac415100, ac419100",6,0.91185466252730829,-0.0085915086707206711,28,28
fixed_test,2,0,impressed|3|10,"ac379999, ac415100, ac419100",7,0.91185466252730829,0.0084785649468830382,28,28
fixed_test,2,0,impressed|3|10,"ac379999, ac415100, ac419100",8,0.91185466252730829,0.0042526979746710936,28,28
fixed_test,2,0,impressed|3|10,"ac379999, ac415100, ac419100",9,0.91185466252730829,0,28,28
fixed_train,2,0,apriori|1|01,ac419100,0,0.99548011747776066,0.022842625334454469,611,491
fixed_train,2,0,apriori|1|01,ac419100,1,0.99548011747776066,0.022893495512168349,611,492
fixed_train,2,0,apriori|1|01,ac419100,2,0.99548011747776066,0.025177943681702231,611,492
fixed_train,2,0,apriori|1|01,ac419100,3,0.99548011747776066,0.024116704183165583,611,498
fixed_train,2,0,apriori|1|01,ac419100,4,0.99548011747776066,0.018367629495707471,611,504
fixed_train,2,0,apriori|1|01,ac419100,5,0.99548011747776066,0.018282207358338964,611,502
fixed_train,2,0,apriori|1|01,ac419100,6,0.99548011747776066,0.018240445426122243,611,507
fixed_train,2,0,apriori|1|01,ac419100,7,0.99548011747776066,0.021825777246733069,611,501
fixed_train,2,0,apriori|1|01,ac419100,8,0.99548011747776066,0.027462391851236445,611,499
fixed_train,2,0,apriori|1|01,ac419100,9,0.99548011747776066,0.024116704183165583,611,496
fixed_train,2,0,apriori|1|02,ac370000,0,0.99548011747776066,0.21695558886609378,561,558
fixed_train,2,0,apriori|1|02,ac370000,1,0.99548011747776066,0.22916885913850649,561,559
fixed_train,2,0,apriori|1|02,ac370000,2,0.99548011747776066,0.22547945921852719,561,559
fixed_train,2,0,apriori|1|02,ac370000,3,0.99548011747776066,0.22755859809653733,561,558
fixed_train,2,0,apriori|1|02,ac370000,4,0.99548011747776066,0.21888159230360049,561,559
fixed_train,2,0,apriori|1|02,ac370000,5,0.99548011747776066,0.23196752670330578,561,556
fixed_train,2,0,apriori|1|02,ac370000,6,0.99548011747776066,0.23093277954676927,561,559
fixed_train,2,0,apriori|1|02,ac370000,7,0.99548011747776066,0.21326934696298061,561,557
fixed_train,2,0,apriori|1|02,ac370000,8,0.99548011747776066,0.21791033990798314,561,558
fixed_train,2,0,apriori|1|02,ac370000,9,0.99548011747776066,0.22725914760956945,561,556
fixed_train,2,0,apriori|1|03,370407,0,0.99548011747776066,0.011383548692365908,464,442
fixed_train,2,0,apriori|1|03,370407,1,0.99548011747776066,0.014844078582370246,464,444
fixed_train,2,0,apriori|1|03,370407,2,0.99548011747776066,0.020471223672140271,464,443
fixed_train,2,0,apriori|1|03,370407,3,0.99548011747776066,0.017082813991765144,464,450
fixed_train,2,0,apriori|1|03,370407,4,0.99548011747776066,0.023956530866892312,464,446
fixed_train,2,0,apriori|1|03,370407,5,0.99548011747776066,0.019444484321384348,464,450
fixed_train,2,0,apriori|1|03,370407,6,0.99548011747776066,0.012597522366063374,464,445
fixed_train,2,0,apriori|1|03,370407,7,0.99548011747776066,0.012474085348280761,464,434
fixed_train,2,0,apriori|1|03,370407,8,0.99548011747776066,0.014844078582370246,464,441
fixed_train,2,0,apriori|1|03,370407,9,0.99548011747776066,0.014879843017837069,464,446
fixed_train,2,0,apriori|1|04,ac370419,0,0.99548011747776066,0.011412347041613757,456,439
fixed_train,2,0,apriori|1|04,ac370419,1,0.99548011747776066,0.013721789382223237,456,440
fixed_train,2,0,apriori|1|04,ac370419,2,0.99548011747776066,0.014844078582370246,456,441
fixed_train,2,0,apriori|1|04,ac370419,3,0.99548011747776066,0.013721789382223237,456,435
fixed_train,2,0,apriori|1|04,ac370419,4,0.99548011747776066,0.0091116299474222062,456,440
fixed_train,2,0,apriori|1|04,ac370419,5,0.99548011747776066,0.015964412631286118,456,431
fixed_train,2,0,apriori|1|04,ac370419,6,0.99548011747776066,0.020471223672140271,456,432
fixed_train,2,0,apriori|1|04,ac370419,7,0.99548011747776066,0.012534877883553674,456,439
fixed_train,2,0,apriori|1|04,ac370419,8,0.99548011747776066,0.014808845937659298,456,439
fixed_train,2,0,apriori|1|04,ac370419,9,0.99548011747776066,0.014844078582370246,456,436
fixed_train,2,0,apriori|1|05,ac370443,0,0.99548011747776066,0.0079644836820392806,444,432
fixed_train,2,0,apriori|1|05,ac370443,1,0.99548011747776066,0.0091363142467775216,444,427
fixed_train,2,0,apriori|1|05,ac370443,2,0.99548011747776066,0.011441580394165429,444,424
fixed_train,2,0,apriori|1|05,ac370443,3,0.99548011747776066,0.01026090982944794,444,415
fixed_train,2,0,apriori|1|05,ac370443,4,0.99548011747776066,0.0079869417753423155,444,426
fixed_train,2,0,apriori|1|05,ac370443,5,0.99548011747776066,0.0091363142467775216,444,427
fixed_train,2,0,apriori|1|05,ac370443,6,0.99548011747776066,0.011412347041613757,444,431
fixed_train,2,0,apriori|1|05,ac370443,7,0.99548011747776066,0.0079644836820392806,444,420
fixed_train,2,0,apriori|1|05,ac370443,8,0.99548011747776066,0.010208222965544689,444,420
fixed_train,2,0,apriori|1|05,ac370443,9,0.99548011747776066,0.01026090982944794,444,424
fixed_train,2,0,apriori|1|06,ac370442,0,0.99548011747776066,0.0068397112024787265,439,415
fixed_train,2,0,apriori|1|06,ac370442,1,0.99548011747776066,0.012534877883553674,439,409
fixed_train,2,0,apriori|1|06,ac370442,2,0.99548011747776066,0.0090873135415386885,439,421
fixed_train,2,0,apriori|1|06,ac370442,3,0.99548011747776066,0.0056945989176250267,439,421
fixed_train,2,0,apriori|1|06,ac370442,4,0.99548011747776066,0.01026090982944794,439,418
fixed_train,2,0,apriori|1|06,ac370442,5,0.99548011747776066,0.011412347041613757,439,417
fixed_train,2,0,apriori|1|06,ac370442,6,0.99548011747776066,0.0068397112024787265,439,419
fixed_train,2,0,apriori|1|06,ac370442,7,0.99548011747776066,0.0091363142467775216,439,412
fixed_train,2,0,apriori|1|06,ac370442,8,0.99548011747776066,0.016001998370281267,439,429
fixed_train,2,0,apriori|1|06,ac370442,9,0.99548011747776066,0.01135517955216836,439,416
fixed_train,2,0,apriori|1|07,370712b,0,0.99548011747776066,0.010234368446453646,434,418
fixed_train,2,0,apriori|1|07,370712b,1,0.99548011747776066,0.010287852440109213,434,416
fixed_train,2,0,apriori|1|07,370712b,2,0.99548011747776066,0.0079644836820392806,434,415
fixed_train,2,0,apriori|1|07,370712b,3,0.99548011747776066,0.010234368446453646,434,417
fixed_train,2,0,apriori|1|07,370712b,4,0.99548011747776066,0.0091116299474222062,434,407
fixed_train,2,0,apriori|1|07,370712b,5,0.99548011747776066,0.01026090982944794,434,412
fixed_train,2,0,apriori|1|07,370712b,6,0.99548011747776066,0.0068397112024787265,434,411
fixed_train,2,0,apriori|1|07,370712b,7,0.99548011747776066,0.0078779575395274692,434,411
fixed_train,2,0,apriori|1|07,370712b,8,0.99548011747776066,0.010234368446453646,434,419
fixed_train,2,0,apriori|1|07,370712b,9,0.99548011747776066,0.012534877883553674,434,409
fixed_train,2,0,apriori|1|08,370715a,0,0.99548011747776066,0.0091116299474222062,431,407
fixed_train,2,0,apriori|1|08,370715a,1,0.99548011747776066,0.0091116299474222062,431,409
fixed_train,2,0,apriori|1|08,370715a,2,0.99548011747776066,0.0068194475309090175,431,408
fixed_train,2,0,apriori|1|08,370715a,3,0.99548011747776066,0.010182468168739467,431,409
fixed_train,2,0,apriori|1|08,370715a,4,0.99548011747776066,0.010234368446453646,431,416
fixed_train,2,0,apriori|1|08,370715a,5,0.99548011747776066,0.0034106358173366935,431,414
fixed_train,2,0,apriori|1|08,370715a,6,0.99548011747776066,0.0034106358173366935,431,405
fixed_train,2,0,apriori|1|08,370715a,7,0.99548011747776066,0.005676498200072766,431,413
fixed_train,2,0,apriori|1|08,370715a,8,0.99548011747776066,0.005676498200072766,431,413
fixed_train,2,0,apriori|1|08,370715a,9,0.99548011747776066,0.0067798237833592845,431,414
fixed_train,2,0,apriori|1|09,370488e,0,0.99548011747776066,0.0079869417753423155,430,411
fixed_train,2,0,apriori|1|09,370488e,1,0.99548011747776066,0.012504253210867788,430,411
fixed_train,2,0,apriori|1|09,370488e,2,0.99548011747776066,0.018158777584057262,430,411
fixed_train,2,0,apriori|1|09,370488e,3,0.99548011747776066,0.015890911573427591,430,413
fixed_train,2,0,apriori|1|09,370488e,4,0.99548011747776066,0.0091116299474222062,430,404
fixed_train,2,0,apriori|1|09,370488e,5,0.99548011747776066,0.015964412631286118,430,408
fixed_train,2,0,apriori|1|09,370488e,6,0.99548011747776066,0.0079869417753423155,430,411
fixed_train,2,0,apriori|1|09,370488e,7,0.99548011747776066,0.012534877883553674,430,411
fixed_train,2,0,apriori|1|09,370488e,8,0.99548011747776066,0.017122191653500818,430,409
fixed_train,2,0,apriori|1|09,370488e,9,0.99548011747776066,0.01026090982944794,430,409
fixed_train,2,0,apriori|1|10,370488g,0,0.99548011747776066,0.011383548692365908,430,417
fixed_train,2,0,apriori|1|10,370488g,1,0.99548011747776066,0.010234368446453646,430,405
fixed_train,2,0,apriori|1|10,370488g,2,0.99548011747776066,0.010208222965544689,430,412
fixed_train,2,0,apriori|1|10,370488g,3,0.99548011747776066,0.011441580394165429,430,408
fixed_train,2,0,apriori|1|10,370488g,4,0.99548011747776066,0.010234368446453646,430,404
fixed_train,2,0,apriori|1|10,370488g,5,0.99548011747776066,0.012504253210867788,430,409
fixed_train,2,0,apriori|1|10,370488g,6,0.99548011747776066,0.013688379836449993,430,415
fixed_train,2,0,apriori|1|10,370488g,7,0.99548011747776066,0.010287852440109213,430,403
fixed_train,2,0,apriori|1|10,370488g,8,0.99548011747776066,0.0091116299474222062,430,410
fixed_train,2,0,apriori|1|10,370488g,9,0.99548011747776066,0.014774137975282264,430,404
fixed_train,2,0,apriori|2|01,"370407, ac370000",0,0.99548011747776066,0.035805849099181497,464,462
fixed_train,2,0,apriori|2|01,"370407, ac370000",1,0.99548011747776066,0.039666209013422327,464,459
fixed_train,2,0,apriori|2|01,"370407, ac370000",2,0.99548011747776066,0.034771462723927504,464,457
fixed_train,2,0,apriori|2|01,"370407, ac370000",3,0.99548011747776066,0.037340625248387549,464,464
fixed_train,2,0,apriori|2|01,"370407, ac370000",4,0.99548011747776066,0.040595307920053947,464,460
fixed_train,2,0,apriori|2|01,"370407, ac370000",5,0.99548011747776066,0.033577446812721234,464,462
fixed_train,2,0,apriori|2|01,"370407, ac370000",6,0.99548011747776066,0.033577446812721234,464,462
fixed_train,2,0,apriori|2|01,"370407, ac370000",7,0.99548011747776066,0.032312954310597441,464,464
fixed_train,2,0,apriori|2|01,"370407, ac370000",8,0.99548011747776066,0.034538507588999567,464,462
fixed_train,2,0,apriori|2|01,"370407, ac370000",9,0.99548011747776066,0.032240955229515089,464,463
fixed_train,2,0,apriori|2|02,"ac370000, ac370419",0,0.99548011747776066,0.032460207121211893,456,454
fixed_train,2,0,apriori|2|02,"ac370000, ac370419",1,0.99548011747776066,0.034851452713858921,456,452
fixed_train,2,0,apriori|2|02,"ac370000, ac370419",2,0.99548011747776066,0.0381101766204055,456,454
fixed_train,2,0,apriori|2|02,"ac370000, ac370419",3,0.99548011747776066,0.03596810890033153,456,456
fixed_train,2,0,apriori|2|02,"ac370000, ac370419",4,0.99548011747776066,0.034932639850727476,456,453
fixed_train,2,0,apriori|2|02,"ac370000, ac370419",5,0.99548011747776066,0.032460207121211893,456,454
fixed_train,2,0,apriori|2|02,"ac370000, ac370419",6,0.99548011747776066,0.037253376460901988,456,454
fixed_train,2,0,apriori|2|02,"ac370000, ac370419",7,0.99548011747776066,0.036999272629228197,456,450
fixed_train,2,0,apriori|2|02,"ac370000, ac370419",8,0.99548011747776066,0.030079413437316904,456,453
fixed_train,2,0,apriori|2|02,"ac370000, ac370419",9,0.99548011747776066,0.034692652898591025,456,451
fixed_train,2,0,apriori|2|03,"370407, ac370419",0,0.99548011747776066,0.021678417795761629,445,444
fixed_train,2,0,apriori|2|03,"370407, ac370419",1,0.99548011747776066,0.017162163669610764,445,444
fixed_train,2,0,apriori|2|03,"370407, ac370419",2,0.99548011747776066,0.014844078582370246,445,442
fixed_train,2,0,apriori|2|03,"370407, ac370419",3,0.99548011747776066,0.025122834322512277,445,443
fixed_train,2,0,apriori|2|03,"370407, ac370419",4,0.99548011747776066,0.014808845937659298,445,444
fixed_train,2,0,apriori|2|03,"370407, ac370419",5,0.99548011747776066,0.022842625334454469,445,443
fixed_train,2,0,apriori|2|03,"370407, ac370419",6,0.99548011747776066,0.025233883101091537,445,444
fixed_train,2,0,apriori|2|03,"370407, ac370419",7,0.99548011747776066,0.016040151003566483,445,444
fixed_train,2,0,apriori|2|03,"370407, ac370419",8,0.99548011747776066,0.019444484321384348,445,443
fixed_train,2,0,apriori|2|03,"370407, ac370419",9,0.99548011747776066,0.018282207358338964,445,443
fixed_train,2,0,apriori|2|04,"ac370000, ac370443",0,0.99548011747776066,0.028892866535509265,444,441
fixed_train,2,0,apriori|2|04,"ac370000, ac370443",1,0.99548011747776066,0.03605106550701842,444,441
fixed_train,2,0,apriori|2|04,"ac370000, ac370443",2,0.99548011747776066,0.03014895151849617,444,442
fixed_train,2,0,apriori|2|04,"ac370000, ac370443",3,0.99548011747776066,0.034851452713858921,444,442
fixed_train,2,0,apriori|2|04,"ac370000, ac370443",4,0.99548011747776066,0.027837695915780447,444,442
fixed_train,2,0,apriori|2|04,"ac370000, ac370443",5,0.99548011747776066,0.027837695915780447,444,443
fixed_train,2,0,apriori|2|04,"ac370000, ac370443",6,0.99548011747776066,0.033654509390470322,444,442
fixed_train,2,0,apriori|2|04,"ac370000, ac370443",7,0.99548011747776066,0.027837695915780447,444,441
fixed_train,2,0,apriori|2|04,"ac370000, ac370443",8,0.99548011747776066,0.023050745791576399,444,441
fixed_train,2,0,apriori|2|04,"ac370000, ac370443",9,0.99548011747776066,0.026467037400946025,444,444
fixed_train,2,0,apriori|2|05,"ac370419, ac370443",0,0.99548011747776066,0.012565965511239674,442,437
fixed_train,2,0,apriori|2|05,"ac370419, ac370443",1,0.99548011747776066,0.0091116299474222062,442,438
fixed_train,2,0,apriori|2|05,"ac370419, ac370443",2,0.99548011747776066,0.011412347041613757,442,441
fixed_train,2,0,apriori|2|05,"ac370419, ac370443",3,0.99548011747776066,0.014808845937659298,442,439
fixed_train,2,0,apriori|2|05,"ac370419, ac370443",4,0.99548011747776066,0.013688379836449993,442,441
fixed_train,2,0,apriori|2|05,"ac370419, ac370443",5,0.99548011747776066,0.013688379836449993,442,442
fixed_train,2,0,apriori|2|05,"ac370419, ac370443",6,0.99548011747776066,0.0079869417753423155,442,440
fixed_train,2,0,apriori|2|05,"ac370419, ac370443",7,0.99548011747776066,0.017082813991765144,442,439
fixed_train,2,0,apriori|2|05,"ac370419, ac370443",8,0.99548011747776066,0.013688379836449993,442,438
fixed_train,2,0,apriori|2|05,"ac370419, ac370443",9,0.99548011747776066,0.017202738149990737,442,441
fixed_train,2,0,apriori|2|06,"ac370000, ac370442",0,0.99548011747776066,0.030079413437316904,439,432
fixed_train,2,0,apriori|2|06,"ac370000, ac370442",1,0.99548011747776066,0.023104745102388247,439,434
fixed_train,2,0,apriori|2|06,"ac370000, ac370442",2,0.99548011747776066,0.03014895151849617,439,438
fixed_train,2,0,apriori|2|06,"ac370000, ac370442",3,0.99548011747776066,0.035805849099181497,439,437
fixed_train,2,0,apriori|2|06,"ac370000, ac370442",4,0.99548011747776066,0.033812112159768093,439,436
fixed_train,2,0,apriori|2|06,"ac370000, ac370442",5,0.99548011747776066,0.036220720488531755,439,436
fixed_train,2,0,apriori|2|06,"ac370000, ac370442",6,0.99548011747776066,0.038281708410192739,439,437
fixed_train,2,0,apriori|2|06,"ac370000, ac370442",7,0.99548011747776066,0.028959588711513939,439,435
fixed_train,2,0,apriori|2|06,"ac370000, ac370442",8,0.99548011747776066,0.038640446094449721,439,437
fixed_train,2,0,apriori|2|06,"ac370000, ac370442",9,0.99548011747776066,0.033812112159768093,439,438
fixed_train,2,0,apriori|2|07,"ac370442, ac370443",0,0.99548011747776066,0.01135517955216836,437,433
fixed_train,2,0,apriori|2|07,"ac370442, ac370443",1,0.99548011747776066,0.011383548692365908,437,437
fixed_train,2,0,apriori|2|07,"ac370442, ac370443",2,0.99548011747776066,0.013655467437309388,437,434
fixed_train,2,0,apriori|2|07,"ac370442, ac370443",3,0.99548011747776066,0.012565965511239674,437,436
fixed_train,2,0,apriori|2|07,"ac370442, ac370443",4,0.99548011747776066,0.012565965511239674,437,434
fixed_train,2,0,apriori|2|07,"ac370442, ac370443",5,0.99548011747776066,0.012504253210867788,437,432
fixed_train,2,0,apriori|2|07,"ac370442, ac370443",6,0.99548011747776066,0.014879843017837069,437,436
fixed_train,2,0,apriori|2|07,"ac370442, ac370443",7,0.99548011747776066,0.0091363142467775216,437,431
fixed_train,2,0,apriori|2|07,"ac370442, ac370443",8,0.99548011747776066,0.0091116299474222062,437,436
fixed_train,2,0,apriori|2|07,"ac370442, ac370443",9,0.99548011747776066,0.012565965511239674,437,435
fixed_train,2,0,apriori|2|08,"ac370419, ac370442",0,0.99548011747776066,0.013688379836449993,436,435
fixed_train,2,0,apriori|2|08,"ac370419, ac370442",1,0.99548011747776066,0.014844078582370246,436,431
fixed_train,2,0,apriori|2|08,"ac370419, ac370442",2,0.99548011747776066,0.012565965511239674,436,435
fixed_train,2,0,apriori|2|08,"ac370419, ac370442",3,0.99548011747776066,0.014879843017837069,436,433
fixed_train,2,0,apriori|2|08,"ac370419, ac370442",4,0.99548011747776066,0.010234368446453646,436,434
fixed_train,2,0,apriori|2|08,"ac370419, ac370442",5,0.99548011747776066,0.011412347041613757,436,434
fixed_train,2,0,apriori|2|08,"ac370419, ac370442",6,0.99548011747776066,0.013721789382223237,436,436
fixed_train,2,0,apriori|2|08,"ac370419, ac370442",7,0.99548011747776066,0.016001998370281267,436,434
fixed_train,2,0,apriori|2|08,"ac370419, ac370442",8,0.99548011747776066,0.014844078582370246,436,434
fixed_train,2,0,apriori|2|08,"ac370419, ac370442",9,0.99548011747776066,0.014916146500282279,436,434
fixed_train,2,0,apriori|2|09,"370407, ac370443",0,0.99548011747776066,0.018240445426122243,433,431
fixed_train,2,0,apriori|2|09,"370407, ac370443",1,0.99548011747776066,0.01819930492719668,433,433
fixed_train,2,0,apriori|2|09,"370407, ac370443",2,0.99548011747776066,0.018324599173100364,433,430
fixed_train,2,0,apriori|2|09,"370407, ac370443",3,0.99548011747776066,0.011412347041613757,433,431
fixed_train,2,0,apriori|2|09,"370407, ac370443",4,0.99548011747776066,0.014844078582370246,433,431
fixed_train,2,0,apriori|2|09,"370407, ac370443",5,0.99548011747776066,0.012565965511239674,433,430
fixed_train,2,0,apriori|2|09,"370407, ac370443",6,0.99548011747776066,0.0079869417753423155,433,432
fixed_train,2,0,apriori|2|09,"370407, ac370443",7,0.99548011747776066,0.017122191653500818,433,432
fixed_train,2,0,apriori|2|09,"370407, ac370443",8,0.99548011747776066,0.011412347041613757,433,433
fixed_train,2,0,apriori|2|09,"370407, ac370443",9,0.99548011747776066,0.012534877883553674,433,433
fixed_train,2,0,apriori|2|10,"370712b, ac370000",0,0.99548011747776066,0.028827129811819119,434,429
fixed_train,2,0,apriori|2|10,"370712b, ac370000",1,0.99548011747776066,0.022997545062772184,434,431
fixed_train,2,0,apriori|2|10,"370712b, ac370000",2,0.99548011747776066,0.026349104748824348,434,434
fixed_train,2,0,apriori|2|10,"370712b, ac370000",3,0.99548011747776066,0.025406797404440518,434,433
fixed_train,2,0,apriori|2|10,"370712b, ac370000",4,0.99548011747776066,0.0277088497064929,434,429
fixed_train,2,0,apriori|2|10,"370712b, ac370000",5,0.99548011747776066,0.039483374506340985,434,432
fixed_train,2,0,apriori|2|10,"370712b, ac370000",6,0.99548011747776066,0.026588539014285262,434,431
fixed_train,2,0,apriori|2|10,"370712b, ac370000",7,0.99548011747776066,0.029027310370747905,434,432
fixed_train,2,0,apriori|2|10,"370712b, ac370000",8,0.99548011747776066,0.031268517762117587,434,431
fixed_train,2,0,apriori|2|10,"370712b, ac370000",9,0.99548011747776066,0.029746840020770438,434,430
fixed_train,2,0,apriori|3|01,"370407, ac370000, ac370419",0,0.99548011747776066,0.026650659660910181,445,445
fixed_train,2,0,apriori|3|01,"370407, ac370000, ac370419",1,0.99548011747776066,0.033577446812721234,445,445
fixed_train,2,0,apriori|3|01,"370407, ac370000, ac370419",2,0.99548011747776066,0.031414385732246197,445,444
fixed_train,2,0,apriori|3|01,"370407, ac370000, ac370419",3,0.99548011747776066,0.041894849681250901,445,445
fixed_train,2,0,apriori|3|01,"370407, ac370000, ac370419",4,0.99548011747776066,0.034932639850727476,445,445
fixed_train,2,0,apriori|3|01,"370407, ac370000, ac370419",5,0.99548011747776066,0.041894849681250901,445,444
fixed_train,2,0,apriori|3|01,"370407, ac370000, ac370419",6,0.99548011747776066,0.034771462723927504,445,445
fixed_train,2,0,apriori|3|01,"370407, ac370000, ac370419",7,0.99548011747776066,0.032535491817617834,445,445
fixed_train,2,0,apriori|3|01,"370407, ac370000, ac370419",8,0.99548011747776066,0.043306427566524253,445,445
fixed_train,2,0,apriori|3|01,"370407, ac370000, ac370419",9,0.99548011747776066,0.033577446812721234,445,445
fixed_train,2,0,apriori|3|02,"ac370000, ac370419, ac370443",0,0.99548011747776066,0.032386033167953965,442,442
fixed_train,2,0,apriori|3|02,"ac370000, ac370419, ac370443",1,0.99548011747776066,0.034692652898591025,442,442
fixed_train,2,0,apriori|3|02,"ac370000, ac370419, ac370443",2,0.99548011747776066,0.027645850510545578,442,442
fixed_train,2,0,apriori|3|02,"ac370000, ac370419, ac370443",3,0.99548011747776066,0.030079413437316904,442,441
fixed_train,2,0,apriori|3|02,"ac370000, ac370419, ac370443",4,0.99548011747776066,0.03014895151849617,442,442
fixed_train,2,0,apriori|3|02,"ac370000, ac370419, ac370443",5,0.99548011747776066,0.033501521577957383,442,442
fixed_train,2,0,apriori|3|02,"ac370000, ac370419, ac370443",6,0.99548011747776066,0.033732725619632475,442,442
fixed_train,2,0,apriori|3|02,"ac370000, ac370419, ac370443",7,0.99548011747776066,0.030010902008545171,442,442
fixed_train,2,0,apriori|3|02,"ac370000, ac370419, ac370443",8,0.99548011747776066,0.036917058914702205,442,442
fixed_train,2,0,apriori|3|02,"ac370000, ac370419, ac370443",9,0.99548011747776066,0.030079413437316904,442,441
fixed_train,2,0,apriori|3|03,"ac370000, ac370442, ac370443",0,0.99548011747776066,0.026527335857746026,437,437
fixed_train,2,0,apriori|3|03,"ac370000, ac370442, ac370443",1,0.99548011747776066,0.037253376460901988,437,437
fixed_train,2,0,apriori|3|03,"ac370000, ac370442, ac370443",2,0.99548011747776066,0.034692652898591025,437,436
fixed_train,2,0,apriori|3|03,"ac370000, ac370442, ac370443",3,0.99548011747776066,0.026588539014285262,437,437
fixed_train,2,0,apriori|3|03,"ac370000, ac370442, ac370443",4,0.99548011747776066,0.037253376460901988,437,437
fixed_train,2,0,apriori|3|03,"ac370000, ac370442, ac370443",5,0.99548011747776066,0.030079413437316904,437,437
fixed_train,2,0,apriori|3|03,"ac370000, ac370442, ac370443",6,0.99548011747776066,0.031340909880609114,437,437
fixed_train,2,0,apriori|3|03,"ac370000, ac370442, ac370443",7,0.99548011747776066,0.0277088497064929,437,437
fixed_train,2,0,apriori|3|03,"ac370000, ac370442, ac370443",8,0.99548011747776066,0.033654509390470322,437,437
fixed_train,2,0,apriori|3|03,"ac370000, ac370442, ac370443",9,0.99548011747776066,0.032535491817617834,437,437
fixed_train,2,0,apriori|3|04,"ac370000, ac370419, ac370442",0,0.99548011747776066,0.028959588711513939,436,436
fixed_train,2,0,apriori|3|04,"ac370000, ac370419, ac370442",1,0.99548011747776066,0.026650659660910181,436,436
fixed_train,2,0,apriori|3|04,"ac370000, ac370419, ac370442",2,0.99548011747776066,0.025466173976042672,436,436
fixed_train,2,0,apriori|3|04,"ac370000, ac370419, ac370442",3,0.99548011747776066,0.033654509390470322,436,435
fixed_train,2,0,apriori|3|04,"ac370000, ac370419, ac370442",4,0.99548011747776066,0.028959588711513939,436,435
fixed_train,2,0,apriori|3|04,"ac370000, ac370419, ac370442",5,0.99548011747776066,0.023104745102388247,436,436
fixed_train,2,0,apriori|3|04,"ac370000, ac370419, ac370442",6,0.99548011747776066,0.025466173976042672,436,436
fixed_train,2,0,apriori|3|04,"ac370000, ac370419, ac370442",7,0.99548011747776066,0.027772793706679844,436,436
fixed_train,2,0,apriori|3|04,"ac370000, ac370419, ac370442",8,0.99548011747776066,0.028959588711513939,436,436
fixed_train,2,0,apriori|3|04,"ac370000, ac370419, ac370442",9,0.99548011747776066,0.035886375863324882,436,436
fixed_train,2,0,apriori|3|05,"ac370419, ac370442, ac370443",0,0.99548011747776066,0.017202738149990737,435,435
fixed_train,2,0,apriori|3|05,"ac370419, ac370442, ac370443",1,0.99548011747776066,0.012597522366063374,435,435
fixed_train,2,0,apriori|3|05,"ac370419, ac370442, ac370443",2,0.99548011747776066,0.012565965511239674,435,435
fixed_train,2,0,apriori|3|05,"ac370419, ac370442, ac370443",3,0.99548011747776066,0.014844078582370246,435,435
fixed_train,2,0,apriori|3|05,"ac370419, ac370442, ac370443",4,0.99548011747776066,0.012504253210867788,435,435
fixed_train,2,0,apriori|3|05,"ac370419, ac370442, ac370443",5,0.99548011747776066,0.016040151003566483,435,435
fixed_train,2,0,apriori|3|05,"ac370419, ac370442, ac370443",6,0.99548011747776066,0.012504253210867788,435,434
fixed_train,2,0,apriori|3|05,"ac370419, ac370442, ac370443",7,0.99548011747776066,0.017082813991765144,435,435
fixed_train,2,0,apriori|3|05,"ac370419, ac370442, ac370443",8,0.99548011747776066,0.017122191653500818,435,435
fixed_train,2,0,apriori|3|05,"ac370419, ac370442, ac370443",9,0.99548011747776066,0.018324599173100364,435,435
fixed_train,2,0,apriori|3|06,"370407, ac370000, ac370443",0,0.99548011747776066,0.028698558056030388,433,433
fixed_train,2,0,apriori|3|06,"370407, ac370000, ac370443",1,0.99548011747776066,0.031197194056733379,433,433
fixed_train,2,0,apriori|3|06,"370407, ac370000, ac370443",2,0.99548011747776066,0.032312954310597441,433,433
fixed_train,2,0,apriori|3|06,"370407, ac370000, ac370443",3,0.99548011747776066,0.029943402870030389,433,433
fixed_train,2,0,apriori|3|06,"370407, ac370000, ac370443",4,0.99548011747776066,0.03596810890033153,433,433
fixed_train,2,0,apriori|3|06,"370407, ac370000, ac370443",5,0.99548011747776066,0.026588539014285262,433,433
fixed_train,2,0,apriori|3|06,"370407, ac370000, ac370443",6,0.99548011747776066,0.034615006612649712,433,433
fixed_train,2,0,apriori|3|06,"370407, ac370000, ac370443",7,0.99548011747776066,0.034851452713858921,433,432
fixed_train,2,0,apriori|3|06,"370407, ac370000, ac370443",8,0.99548011747776066,0.035805849099181497,433,432
fixed_train,2,0,apriori|3|06,"370407, ac370000, ac370443",9,0.99548011747776066,0.029876901959025148,433,433
fixed_train,2,0,apriori|3|07,"370407, ac370419, ac370443",0,0.99548011747776066,0.017162163669610764,433,433
fixed_train,2,0,apriori|3|07,"370407, ac370419, ac370443",1,0.99548011747776066,0.019400304724631279,433,433
fixed_train,2,0,apriori|3|07,"370407, ac370419, ac370443",2,0.99548011747776066,0.014916146500282279,433,433
fixed_train,2,0,apriori|3|07,"370407, ac370419, ac370443",3,0.99548011747776066,0.018240445426122243,433,433
fixed_train,2,0,apriori|3|07,"370407, ac370419, ac370443",4,0.99548011747776066,0.014879843017837069,433,433
fixed_train,2,0,apriori|3|07,"370407, ac370419, ac370443",5,0.99548011747776066,0.020609047342634357,433,433
fixed_train,2,0,apriori|3|07,"370407, ac370419, ac370443",6,0.99548011747776066,0.013655467437309388,433,433
fixed_train,2,0,apriori|3|07,"370407, ac370419, ac370443",7,0.99548011747776066,0.021630750099976503,433,432
fixed_train,2,0,apriori|3|07,"370407, ac370419, ac370443",8,0.99548011747776066,0.019313907504110883,433,433
fixed_train,2,0,apriori|3|07,"370407, ac370419, ac370443",9,0.99548011747776066,0.018240445426122243,433,433
fixed_train,2,0,apriori|3|08,"370407, ac370000, ac370442",0,0.99548011747776066,0.031340909880609114,428,428
fixed_train,2,0,apriori|3|08,"370407, ac370000, ac370442",1,0.99548011747776066,0.026588539014285262,428,428
fixed_train,2,0,apriori|3|08,"370407, ac370000, ac370442",2,0.99548011747776066,0.023050745791576399,428,428
fixed_train,2,0,apriori|3|08,"370407, ac370000, ac370442",3,0.99548011747776066,0.032312954310597441,428,427
fixed_train,2,0,apriori|3|08,"370407, ac370000, ac370442",4,0.99548011747776066,0.032460207121211893,428,428
fixed_train,2,0,apriori|3|08,"370407, ac370000, ac370442",5,0.99548011747776066,0.03112692376589199,428,428
fixed_train,2,0,apriori|3|08,"370407, ac370000, ac370442",6,0.99548011747776066,0.031057692204380816,428,428
fixed_train,2,0,apriori|3|08,"370407, ac370000, ac370442",7,0.99548011747776066,0.028959588711513939,428,427
fixed_train,2,0,apriori|3|08,"370407, ac370000, ac370442",8,0.99548011747776066,0.031414385732246197,428,426
fixed_train,2,0,apriori|3|08,"370407, ac370000, ac370442",9,0.99548011747776066,0.028892866535509265,428,427
fixed_train,2,0,apriori|3|09,"370407, ac370419, ac370442",0,0.99548011747776066,0.011412347041613757,427,427
fixed_train,2,0,apriori|3|09,"370407, ac370419, ac370442",1,0.99548011747776066,0.012565965511239674,427,427
fixed_train,2,0,apriori|3|09,"370407, ac370419, ac370442",2,0.99548011747776066,0.019444484321384348,427,427
fixed_train,2,0,apriori|3|09,"370407, ac370419, ac370442",3,0.99548011747776066,0.014808845937659298,427,427
fixed_train,2,0,apriori|3|09,"370407, ac370419, ac370442",4,0.99548011747776066,0.013688379836449993,427,427
fixed_train,2,0,apriori|3|09,"370407, ac370419, ac370442",5,0.99548011747776066,0.017082813991765144,427,427
fixed_train,2,0,apriori|3|09,"370407, ac370419, ac370442",6,0.99548011747776066,0.019400304724631279,427,427
fixed_train,2,0,apriori|3|09,"370407, ac370419, ac370442",7,0.99548011747776066,0.014879843017837069,427,427
fixed_train,2,0,apriori|3|09,"370407, ac370419, ac370442",8,0.99548011747776066,0.018240445426122243,427,427
fixed_train,2,0,apriori|3|09,"370407, ac370419, ac370442",9,0.99548011747776066,0.017082813991765144,427,426
fixed_train,2,0,apriori|3|10,"370407, ac370442, ac370443",0,0.99548011747776066,0.017202738149990737,426,426
fixed_train,2,0,apriori|3|10,"370407, ac370442, ac370443",1,0.99548011747776066,0.012565965511239674,426,426
fixed_train,2,0,apriori|3|10,"370407, ac370442, ac370443",2,0.99548011747776066,0.018324599173100364,426,425
fixed_train,2,0,apriori|3|10,"370407, ac370442, ac370443",3,0.99548011747776066,0.016001998370281267,426,426
fixed_train,2,0,apriori|3|10,"370407, ac370442, ac370443",4,0.99548011747776066,0.013688379836449993,426,426
fixed_train,2,0,apriori|3|10,"370407, ac370442, ac370443",5,0.99548011747776066,0.013623045562798031,426,426
fixed_train,2,0,apriori|3|10,"370407, ac370442, ac370443",6,0.99548011747776066,0.01819930492719668,426,425
fixed_train,2,0,apriori|3|10,"370407, ac370442, ac370443",7,0.99548011747776066,0.014808845937659298,426,426
fixed_train,2,0,apriori|3|10,"370407, ac370442, ac370443",8,0.99548011747776066,0.013688379836449993,426,426
fixed_train,2,0,apriori|3|10,"370407, ac370442, ac370443",9,0.99548011747776066,0.018282207358338964,426,426
fixed_train,2,0,impressed|1|01,ac419100,0,0.99548011747776066,0.022842625334454469,611,491
fixed_train,2,0,impressed|1|01,ac419100,1,0.99548011747776066,0.022893495512168349,611,492
fixed_train,2,0,impressed|1|01,ac419100,2,0.99548011747776066,0.025177943681702231,611,492
fixed_train,2,0,impressed|1|01,ac419100,3,0.99548011747776066,0.024116704183165583,611,498
fixed_train,2,0,impressed|1|01,ac419100,4,0.99548011747776066,0.018367629495707471,611,504
fixed_train,2,0,impressed|1|01,ac419100,5,0.99548011747776066,0.018282207358338964,611,502
fixed_train,2,0,impressed|1|01,ac419100,6,0.99548011747776066,0.018240445426122243,611,507
fixed_train,2,0,impressed|1|01,ac419100,7,0.99548011747776066,0.021825777246733069,611,501
fixed_train,2,0,impressed|1|01,ac419100,8,0.99548011747776066,0.027462391851236445,611,499
fixed_train,2,0,impressed|1|01,ac419100,9,0.99548011747776066,0.024116704183165583,611,496
fixed_train,2,0,impressed|1|02,ac370000,0,0.99548011747776066,0.21695558886609378,561,558
fixed_train,2,0,impressed|1|02,ac370000,1,0.99548011747776066,0.22916885913850649,561,559
fixed_train,2,0,impressed|1|02,ac370000,2,0.99548011747776066,0.22547945921852719,561,559
fixed_train,2,0,impressed|1|02,ac370000,3,0.99548011747776066,0.22755859809653733,561,558
fixed_train,2,0,impressed|1|02,ac370000,4,0.99548011747776066,0.21888159230360049,561,559
fixed_train,2,0,impressed|1|02,ac370000,5,0.99548011747776066,0.23196752670330578,561,556
fixed_train,2,0,impressed|1|02,ac370000,6,0.99548011747776066,0.23093277954676927,561,559
fixed_train,2,0,impressed|1|02,ac370000,7,0.99548011747776066,0.21326934696298061,561,557
fixed_train,2,0,impressed|1|02,ac370000,8,0.99548011747776066,0.21791033990798314,561,558
fixed_train,2,0,impressed|1|02,ac370000,9,0.99548011747776066,0.22725914760956945,561,556
fixed_train,2,0,impressed|1|03,ac415100,0,0.99548011747776066,0.011327233944072201,182,160
fixed_train,2,0,impressed|1|03,ac415100,1,0.99548011747776066,0.011327233944072201,182,168
fixed_train,2,0,impressed|1|03,ac415100,2,0.99548011747776066,0.0067994863822689044,182,163
fixed_train,2,0,impressed|1|03,ac415100,3,0.99548011747776066,0.0090873135415386885,182,175
fixed_train,2,0,impressed|1|03,ac415100,4,0.99548011747776066,0.0045515815202793464,182,164
fixed_train,2,0,impressed|1|03,ac415100,5,0.99548011747776066,0.0067994863822689044,182,163
fixed_train,2,0,impressed|1|03,ac415100,6,0.99548011747776066,0.0068194475309090175,182,166
fixed_train,2,0,impressed|1|03,ac415100,7,0.99548011747776066,0.005676498200072766,182,165
fixed_train,2,0,impressed|1|03,ac415100,8,0.99548011747776066,0.010208222965544689,182,171
fixed_train,2,0,impressed|1|03,ac415100,9,0.99548011747776066,0.0079423605828088384,182,170
fixed_train,2,0,impressed|1|04,ac10307,0,0.99548011747776066,0.004535612601367256,115,99
fixed_train,2,0,impressed|1|04,ac10307,1,0.99548011747776066,0.0068194475309090175,115,98
fixed_train,2,0,impressed|1|04,ac10307,2,0.99548011747776066,0.0068397112024787265,115,92
fixed_train,2,0,impressed|1|04,ac10307,3,0.99548011747776066,0.0034106358173366935,115,91
fixed_train,2,0,impressed|1|04,ac10307,4,0.99548011747776066,0.0079869417753423155,115,94
fixed_train,2,0,impressed|1|04,ac10307,5,0.99548011747776066,0.0079869417753423155,115,98
fixed_train,2,0,impressed|1|04,ac10307,6,0.99548011747776066,0.0056945989176250267,115,101
fixed_train,2,0,impressed|1|04,ac10307,7,0.99548011747776066,0.0079869417753423155,115,98
fixed_train,2,0,impressed|1|04,ac10307,8,0.99548011747776066,0.0068397112024787265,115,96
fixed_train,2,0,impressed|1|04,ac10307,9,0.99548011747776066,0.0045515815202793464,115,83
fixed_train,2,0,impressed|1|05,ac355427,0,0.99548011747776066,0.0022717388204654965,28,23
fixed_train,2,0,impressed|1|05,ac355427,1,0.99548011747776066,0.0022717388204654965,28,22
fixed_train,2,0,impressed|1|05,ac355427,2,0.99548011747776066,0.0022717388204654965,28,23
fixed_train,2,0,impressed|1|05,ac355427,3,0.99548011747776066,0.0022717388204654965,28,21
fixed_train,2,0,impressed|1|05,ac355427,4,0.99548011747776066,0.0022717388204654965,28,20
fixed_train,2,0,impressed|1|05,ac355427,5,0.99548011747776066,0.0022717388204654965,28,25
fixed_train,2,0,impressed|1|05,ac355427,6,0.99548011747776066,0.0011348677435217835,28,22
fixed_train,2,0,impressed|1|05,ac355427,7,0.99548011747776066,0.0011348677435217835,28,25
fixed_train,2,0,impressed|1|05,ac355427,8,0.99548011747776066,0.0011348677435217835,28,21
fixed_train,2,0,impressed|1|05,ac355427,9,0.99548011747776066,0.0022717388204654965,28,21
fixed_train,2,0,impressed|1|06,ac388170,0,0.99548011747776066,0,4,2
fixed_train,2,0,impressed|1|06,ac388170,1,0.99548011747776066,0,4,3
fixed_train,2,0,impressed|1|06,ac388170,2,0.99548011747776066,0,4,2
fixed_train,2,0,impressed|1|06,ac388170,3,0.99548011747776066,0,4,2
fixed_train,2,0,impressed|1|06,ac388170,4,0.99548011747776066,0,4,1
fixed_train,2,0,impressed|1|06,ac388170,5,0.99548011747776066,0,4,2
fixed_train,2,0,impressed|1|06,ac388170,6,0.99548011747776066,0,4,2
fixed_train,2,0,impressed|1|06,ac388170,7,0.99548011747776066,0,4,1
fixed_train,2,0,impressed|1|06,ac388170,8,0.99548011747776066,0,4,1
fixed_train,2,0,impressed|1|06,ac388170,9,0.99548011747776066,0,4,1
fixed_train,2,0,impressed|1|07,387070a,0,0.99548011747776066,0,1,1
fixed_train,2,0,impressed|1|07,387070a,1,0.99548011747776066,0,1,1
fixed_train,2,0,impressed|1|07,387070a,2,0.99548011747776066,0,1,1
fixed_train,2,0,impressed|1|07,387070a,3,0.99548011747776066,0,1,1
fixed_train,2,0,impressed|1|07,387070a,4,0.99548011747776066,0,1,0
fixed_train,2,0,impressed|1|07,387070a,5,0.99548011747776066,0,1,1
fixed_train,2,0,impressed|1|07,387070a,6,0.99548011747776066,0,1,0
fixed_train,2,0,impressed|1|07,387070a,7,0.99548011747776066,0,1,1
fixed_train,2,0,impressed|1|07,387070a,8,0.99548011747776066,0,1,1
fixed_train,2,0,impressed|1|07,387070a,9,0.99548011747776066,0,1,1
fixed_train,2,0,impressed|1|08,ac370402,0,0.99548011747776066,0.01135517955216836,412,387
fixed_train,2,0,impressed|1|08,ac370402,1,0.99548011747776066,0.013688379836449993,412,386
fixed_train,2,0,impressed|1|08,ac370402,2,0.99548011747776066,0.013655467437309388,412,387
fixed_train,2,0,impressed|1|08,ac370402,3,0.99548011747776066,0.010287852440109213,412,389
fixed_train,2,0,impressed|1|08,ac370402,4,0.99548011747776066,0.014808845937659298,412,392
fixed_train,2,0,impressed|1|08,ac370402,5,0.99548011747776066,0.017122191653500818,412,399
fixed_train,2,0,impressed|1|08,ac370402,6,0.99548011747776066,0.013655467437309388,412,399
fixed_train,2,0,impressed|1|08,ac370402,7,0.99548011747776066,0.0091363142467775216,412,391
fixed_train,2,0,impressed|1|08,ac370402,8,0.99548011747776066,0.014774137975282264,412,390
fixed_train,2,0,impressed|1|08,ac370402,9,0.99548011747776066,0.010287852440109213,412,397
fixed_train,2,0,impressed|1|09,370488g,0,0.99548011747776066,0.011383548692365908,430,417
fixed_train,2,0,impressed|1|09,370488g,1,0.99548011747776066,0.010234368446453646,430,405
fixed_train,2,0,impressed|1|09,370488g,2,0.99548011747776066,0.010208222965544689,430,412
fixed_train,2,0,impressed|1|09,370488g,3,0.99548011747776066,0.011441580394165429,430,408
fixed_train,2,0,impressed|1|09,370488g,4,0.99548011747776066,0.010234368446453646,430,404
fixed_train,2,0,impressed|1|09,370488g,5,0.99548011747776066,0.012504253210867788,430,409
fixed_train,2,0,impressed|1|09,370488g,6,0.99548011747776066,0.013688379836449993,430,415
fixed_train,2,0,impressed|1|09,370488g,7,0.99548011747776066,0.010287852440109213,430,403
fixed_train,2,0,impressed|1|09,370488g,8,0.99548011747776066,0.0091116299474222062,430,410
fixed_train,2,0,impressed|1|09,370488g,9,0.99548011747776066,0.014774137975282264,430,404
fixed_train,2,0,impressed|1|10,370488e,0,0.99548011747776066,0.0079869417753423155,430,411
fixed_train,2,0,impressed|1|10,370488e,1,0.99548011747776066,0.012504253210867788,430,411
fixed_train,2,0,impressed|1|10,370488e,2,0.99548011747776066,0.018158777584057262,430,411
fixed_train,2,0,impressed|1|10,370488e,3,0.99548011747776066,0.015890911573427591,430,413
fixed_train,2,0,impressed|1|10,370488e,4,0.99548011747776066,0.0091116299474222062,430,404
fixed_train,2,0,impressed|1|10,370488e,5,0.99548011747776066,0.015964412631286118,430,408
fixed_train,2,0,impressed|1|10,370488e,6,0.99548011747776066,0.0079869417753423155,430,411
fixed_train,2,0,impressed|1|10,370488e,7,0.99548011747776066,0.012534877883553674,430,411
fixed_train,2,0,impressed|1|10,370488e,8,0.99548011747776066,0.017122191653500818,430,409
fixed_train,2,0,impressed|1|10,370488e,9,0.99548011747776066,0.01026090982944794,430,409
fixed_train,2,0,impressed|2|01,"ac370000, ac370402",0,0.99548011747776066,0.031414385732246197,412,412
fixed_train,2,0,impressed|2|01,"ac370000, ac370402",1,0.99548011747776066,0.031340909880609114,412,409
fixed_train,2,0,impressed|2|01,"ac370000, ac370402",2,0.99548011747776066,0.033732725619632475,412,409
fixed_train,2,0,impressed|2|01,"ac370000, ac370402",3,0.99548011747776066,0.031197194056733379,412,407
fixed_train,2,0,impressed|2|01,"ac370000, ac370402",4,0.99548011747776066,0.035015041483352771,412,410
fixed_train,2,0,impressed|2|01,"ac370000, ac370402",5,0.99548011747776066,0.035015041483352771,412,412
fixed_train,2,0,impressed|2|01,"ac370000, ac370402",6,0.99548011747776066,0.031197194056733379,412,411
fixed_train,2,0,impressed|2|01,"ac370000, ac370402",7,0.99548011747776066,0.027837695915780447,412,410
fixed_train,2,0,impressed|2|01,"ac370000, ac370402",8,0.99548011747776066,0.033732725619632475,412,408
fixed_train,2,0,impressed|2|01,"ac370000, ac370402",9,0.99548011747776066,0.041071529017780328,412,407
fixed_train,2,0,impressed|2|02,"370401c, ac370000",0,0.99548011747776066,0.03605106550701842,422,418
fixed_train,2,0,impressed|2|02,"370401c, ac370000",1,0.99548011747776066,0.024284211493061147,422,422
fixed_train,2,0,impressed|2|02,"370401c, ac370000",2,0.99548011747776066,0.03596810890033153,422,420
fixed_train,2,0,impressed|2|02,"370401c, ac370000",3,0.99548011747776066,0.026588539014285262,422,422
fixed_train,2,0,impressed|2|02,"370401c, ac370000",4,0.99548011747776066,0.033732725619632475,422,421
fixed_train,2,0,impressed|2|02,"370401c, ac370000",5,0.99548011747776066,0.035015041483352771,422,420
fixed_train,2,0,impressed|2|02,"370401c, ac370000",6,0.99548011747776066,0.036135263352616964,422,421
fixed_train,2,0,impressed|2|02,"370401c, ac370000",7,0.99548011747776066,0.037167413610099898,422,414
fixed_train,2,0,impressed|2|02,"370401c, ac370000",8,0.99548011747776066,0.037167413610099898,422,421
fixed_train,2,0,impressed|2|02,"370401c, ac370000",9,0.99548011747776066,0.03605106550701842,422,419
fixed_train,2,0,impressed|2|03,"ac370000, ac370403",0,0.99548011747776066,0.032535491817617834,427,426
fixed_train,2,0,impressed|2|03,"ac370000, ac370403",1,0.99548011747776066,0.038640446094449721,427,423
fixed_train,2,0,impressed|2|03,"ac370000, ac370403",2,0.99548011747776066,0.031340909880609114,427,424
fixed_train,2,0,impressed|2|03,"ac370000, ac370403",3,0.99548011747776066,0.031268517762117587,427,424
fixed_train,2,0,impressed|2|03,"ac370000, ac370403",4,0.99548011747776066,0.038548754946290176,427,426
fixed_train,2,0,impressed|2|03,"ac370000, ac370403",5,0.99548011747776066,0.03605106550701842,427,424
fixed_train,2,0,impressed|2|03,"ac370000, ac370403",6,0.99548011747776066,0.032611903240552853,427,422
fixed_train,2,0,impressed|2|03,"ac370000, ac370403",7,0.99548011747776066,0.033732725619632475,427,424
fixed_train,2,0,impressed|2|03,"ac370000, ac370403",8,0.99548011747776066,0.037340625248387549,427,424
fixed_train,2,0,impressed|2|03,"ac370000, ac370403",9,0.99548011747776066,0.035015041483352771,427,424
fixed_train,2,0,impressed|2|04,"ac411100, ac419100",0,0.99548011747776066,0.028573766928479238,346,312
fixed_train,2,0,impressed|2|04,"ac411100, ac419100",1,0.99548011747776066,0.027403043310570308,346,309
fixed_train,2,0,impressed|2|04,"ac411100, ac419100",2,0.99548011747776066,0.022893495512168349,346,320
fixed_train,2,0,impressed|2|04,"ac411100, ac419100",3,0.99548011747776066,0.024009125624931849,346,313
fixed_train,2,0,impressed|2|04,"ac411100, ac419100",4,0.99548011747776066,0.020656380697502197,346,324
fixed_train,2,0,impressed|2|04,"ac411100, ac419100",5,0.99548011747776066,0.021630750099976503,346,317
fixed_train,2,0,impressed|2|04,"ac411100, ac419100",6,0.99548011747776066,0.020562416346396772,346,318
fixed_train,2,0,impressed|2|04,"ac411100, ac419100",7,0.99548011747776066,0.022792511015794603,346,320
fixed_train,2,0,impressed|2|04,"ac411100, ac419100",8,0.99548011747776066,0.018367629495707471,346,314
fixed_train,2,0,impressed|2|04,"ac411100, ac419100",9,0.99548011747776066,0.025177943681702231,346,314
fixed_train,2,0,impressed|2|05,"ac411100, ac415100",0,0.99548011747776066,0.01015709894306327,156,151
fixed_train,2,0,impressed|2|05,"ac411100, ac415100",1,0.99548011747776066,0.012474085348280761,156,150
fixed_train,2,0,impressed|2|05,"ac411100, ac415100",2,0.99548011747776066,0.012444368275044027,156,152
fixed_train,2,0,impressed|2|05,"ac411100, ac415100",3,0.99548011747776066,0.015854981505875498,156,147
fixed_train,2,0,impressed|2|05,"ac411100, ac415100",4,0.99548011747776066,0.013623045562798031,156,147
fixed_train,2,0,impressed|2|05,"ac411100, ac415100",5,0.99548011747776066,0.012474085348280761,156,152
fixed_train,2,0,impressed|2|05,"ac411100, ac415100",6,0.99548011747776066,0.010182468168739467,156,150
fixed_train,2,0,impressed|2|05,"ac411100, ac415100",7,0.99548011747776066,0.012504253210867788,156,151
fixed_train,2,0,impressed|2|05,"ac411100, ac415100",8,0.99548011747776066,0.010182468168739467,156,151
fixed_train,2,0,impressed|2|05,"ac411100, ac415100",9,0.99548011747776066,0.012474085348280761,156,152
fixed_train,2,0,impressed|2|06,"ac415100, ac419100",0,0.99548011747776066,0.012504253210867788,174,160
fixed_train,2,0,impressed|2|06,"ac415100, ac419100",1,0.99548011747776066,0.01026090982944794,174,157
fixed_train,2,0,impressed|2|06,"ac415100, ac419100",2,0.99548011747776066,0.013655467437309388,174,163
fixed_train,2,0,impressed|2|06,"ac415100, ac419100",3,0.99548011747776066,0.015819588827838071,174,157
fixed_train,2,0,impressed|2|06,"ac415100, ac419100",4,0.99548011747776066,0.012534877883553674,174,159
fixed_train,2,0,impressed|2|06,"ac415100, ac419100",5,0.99548011747776066,0.013655467437309388,174,160
fixed_train,2,0,impressed|2|06,"ac415100, ac419100",6,0.99548011747776066,0.01026090982944794,174,165
fixed_train,2,0,impressed|2|06,"ac415100, ac419100",7,0.99548011747776066,0.014706268381348586,174,164
fixed_train,2,0,impressed|2|06,"ac415100, ac419100",8,0.99548011747776066,0.015890911573427591,174,159
fixed_train,2,0,impressed|2|06,"ac415100, ac419100",9,0.99548011747776066,0.013655467437309388,174,161
fixed_train,2,0,impressed|2|07,"ac10307, ac411100",0,0.99548011747776066,0.0045515815202793464,109,101
fixed_train,2,0,impressed|2|07,"ac10307, ac411100",1,0.99548011747776066,0.0068194475309090175,109,103
fixed_train,2,0,impressed|2|07,"ac10307, ac411100",2,0.99548011747776066,0.0056945989176250267,109,105
fixed_train,2,0,impressed|2|07,"ac10307, ac411100",3,0.99548011747776066,0.0068194475309090175,109,104
fixed_train,2,0,impressed|2|07,"ac10307, ac411100",4,0.99548011747776066,0.0068194475309090175,109,103
fixed_train,2,0,impressed|2|07,"ac10307, ac411100",5,0.99548011747776066,0.0045515815202793464,109,104
fixed_train,2,0,impressed|2|07,"ac10307, ac411100",6,0.99548011747776066,0.005676498200072766,109,104
fixed_train,2,0,impressed|2|07,"ac10307, ac411100",7,0.99548011747776066,0.0056945989176250267,109,107
fixed_train,2,0,impressed|2|07,"ac10307, ac411100",8,0.99548011747776066,0.0079423605828088384,109,101
fixed_train,2,0,impressed|2|07,"ac10307, ac411100",9,0.99548011747776066,0.005676498200072766,109,101
fixed_train,2,0,impressed|2|08,"ac10307, ac419100",0,0.99548011747776066,0.004535612601367256,104,102
fixed_train,2,0,impressed|2|08,"ac10307, ac419100",1,0.99548011747776066,0.005676498200072766,104,102
fixed_train,2,0,impressed|2|08,"ac10307, ac419100",2,0.99548011747776066,0.0045515815202793464,104,100
fixed_train,2,0,impressed|2|08,"ac10307, ac419100",3,0.99548011747776066,0.0056945989176250267,104,98
fixed_train,2,0,impressed|2|08,"ac10307, ac419100",4,0.99548011747776066,0.0033967678498262321,104,99
fixed_train,2,0,impressed|2|08,"ac10307, ac419100",5,0.99548011747776066,0.0045515815202793464,104,99
fixed_train,2,0,impressed|2|08,"ac10307, ac419100",6,0.99548011747776066,0.005676498200072766,104,97
fixed_train,2,0,impressed|2|08,"ac10307, ac419100",7,0.99548011747776066,0.0079423605828088384,104,103
fixed_train,2,0,impressed|2|08,"ac10307, ac419100",8,0.99548011747776066,0.0068194475309090175,104,96
fixed_train,2,0,impressed|2|08,"ac10307, ac419100",9,0.99548011747776066,0.0045515815202793464,104,102
fixed_train,2,0,impressed|2|09,"ac10307, ac415100",0,0.99548011747776066,0.0045515815202793464,45,43
fixed_train,2,0,impressed|2|09,"ac10307, ac415100",1,0.99548011747776066,0.0034106358173366935,45,44
fixed_train,2,0,impressed|2|09,"ac10307, ac415100",2,0.99548011747776066,0.0045515815202793464,45,44
fixed_train,2,0,impressed|2|09,"ac10307, ac415100",3,0.99548011747776066,0.0045515815202793464,45,45
fixed_train,2,0,impressed|2|09,"ac10307, ac415100",4,0.99548011747776066,0.0045515815202793464,45,43
fixed_train,2,0,impressed|2|09,"ac10307, ac415100",5,0.99548011747776066,0.0034106358173366935,45,43
fixed_train,2,0,impressed|2|09,"ac10307, ac415100",6,0.99548011747776066,0.0045515815202793464,45,45
fixed_train,2,0,impressed|2|09,"ac10307, ac415100",7,0.99548011747776066,0.0045515815202793464,45,45
fixed_train,2,0,impressed|2|09,"ac10307, ac415100",8,0.99548011747776066,0.0045515815202793464,45,44
fixed_train,2,0,impressed|2|09,"ac10307, ac415100",9,0.99548011747776066,0.004535612601367256,45,44
fixed_train,2,0,impressed|2|10,"ac355201, ac415100",0,0.99548011747776066,0.0011251103490309555,26,25
fixed_train,2,0,impressed|2|10,"ac355201, ac415100",1,0.99548011747776066,0.0011251103490309555,26,26
fixed_train,2,0,impressed|2|10,"ac355201, ac415100",2,0.99548011747776066,0.0033696520625214887,26,24
fixed_train,2,0,impressed|2|10,"ac355201, ac415100",3,0.99548011747776066,0.0033696520625214887,26,24
fixed_train,2,0,impressed|2|10,"ac355201, ac415100",4,0.99548011747776066,0.0033696520625214887,26,25
fixed_train,2,0,impressed|2|10,"ac355201, ac415100",5,0.99548011747776066,0.0022483204955722202,26,24
fixed_train,2,0,impressed|2|10,"ac355201, ac415100",6,0.99548011747776066,0.0022483204955722202,26,25
fixed_train,2,0,impressed|2|10,"ac355201, ac415100",7,0.99548011747776066,0.0022483204955722202,26,24
fixed_train,2,0,impressed|2|10,"ac355201, ac415100",8,0.99548011747776066,0.0022483204955722202,26,25
fixed_train,2,0,impressed|2|10,"ac355201, ac415100",9,0.99548011747776066,0,26,26
fixed_train,2,0,impressed|3|01,"ac411100, ac415100, ac419100",0,0.99548011747776066,0.012444368275044027,146,142
fixed_train,2,0,impressed|3|01,"ac411100, ac415100, ac419100",1,0.99548011747776066,0.012444368275044027,146,139
fixed_train,2,0,impressed|3|01,"ac411100, ac415100, ac419100",2,0.99548011747776066,0.013623045562798031,146,143
fixed_train,2,0,impressed|3|01,"ac411100, ac415100, ac419100",3,0.99548011747776066,0.012504253210867788,146,140
fixed_train,2,0,impressed|3|01,"ac411100, ac415100, ac419100",4,0.99548011747776066,0.014739947731016723,146,139
fixed_train,2,0,impressed|3|01,"ac411100, ac415100, ac419100",5,0.99548011747776066,0.012474085348280761,146,139
fixed_train,2,0,impressed|3|01,"ac411100, ac415100, ac419100",6,0.99548011747776066,0.015854981505875498,146,140
fixed_train,2,0,impressed|3|01,"ac411100, ac415100, ac419100",7,0.99548011747776066,0.012474085348280761,146,141
fixed_train,2,0,impressed|3|01,"ac411100, ac415100, ac419100",8,0.99548011747776066,0.01359110772497385,146,141
fixed_train,2,0,impressed|3|01,"ac411100, ac415100, ac419100",9,0.99548011747776066,0.012504253210867788,146,140
fixed_train,2,0,impressed|3|02,"ac10307, ac411100, ac419100",0,0.99548011747776066,0.0056945989176250267,98,97
fixed_train,2,0,impressed|3|02,"ac10307, ac411100, ac419100",1,0.99548011747776066,0.0045515815202793464,98,96
fixed_train,2,0,impressed|3|02,"ac10307, ac411100, ac419100",2,0.99548011747776066,0.005676498200072766,98,93
fixed_train,2,0,impressed|3|02,"ac10307, ac411100, ac419100",3,0.99548011747776066,0.009063360163170664,98,96
fixed_train,2,0,impressed|3|02,"ac10307, ac411100, ac419100",4,0.99548011747776066,0.005676498200072766,98,94
fixed_train,2,0,impressed|3|02,"ac10307, ac411100, ac419100",5,0.99548011747776066,0.0068194475309090175,98,91
fixed_train,2,0,impressed|3|02,"ac10307, ac411100, ac419100",6,0.99548011747776066,0.005676498200072766,98,94
fixed_train,2,0,impressed|3|02,"ac10307, ac411100, ac419100",7,0.99548011747776066,0.0079205680624351293,98,94
fixed_train,2,0,impressed|3|02,"ac10307, ac411100, ac419100",8,0.99548011747776066,0.0067994863822689044,98,96
fixed_train,2,0,impressed|3|02,"ac10307, ac411100, ac419100",9,0.99548011747776066,0.005676498200072766,98,96
fixed_train,2,0,impressed|3|03,"ac370000, ac411100, ac415100",0,0.99548011747776066,0.014774137975282264,95,95
fixed_train,2,0,impressed|3|03,"ac370000, ac411100, ac415100",1,0.99548011747776066,0.015927386182252978,95,95
fixed_train,2,0,impressed|3|03,"ac370000, ac411100, ac415100",2,0.99548011747776066,0.01026090982944794,95,95
fixed_train,2,0,impressed|3|03,"ac370000, ac411100, ac415100",3,0.99548011747776066,0.012534877883553674,95,95
fixed_train,2,0,impressed|3|03,"ac370000, ac411100, ac415100",4,0.99548011747776066,0.013655467437309388,95,94
fixed_train,2,0,impressed|3|03,"ac370000, ac411100, ac415100",5,0.99548011747776066,0.013655467437309388,95,95
fixed_train,2,0,impressed|3|03,"ac370000, ac411100, ac415100",6,0.99548011747776066,0.012504253210867788,95,95
fixed_train,2,0,impressed|3|03,"ac370000, ac411100, ac415100",7,0.99548011747776066,0.012474085348280761,95,95
fixed_train,2,0,impressed|3|03,"ac370000, ac411100, ac415100",8,0.99548011747776066,0.014808845937659298,95,95
fixed_train,2,0,impressed|3|03,"ac370000, ac411100, ac415100",9,0.99548011747776066,0.012474085348280761,95,95
fixed_train,2,0,impressed|3|04,"ac355201, ac415100, ac419100",0,0.99548011747776066,0.0022483204955722202,26,26
fixed_train,2,0,impressed|3|04,"ac355201, ac415100, ac419100",1,0.99548011747776066,0.0011251103490309555,26,26
fixed_train,2,0,impressed|3|04,"ac355201, ac415100, ac419100",2,0.99548011747776066,0.0022483204955722202,26,26
fixed_train,2,0,impressed|3|04,"ac355201, ac415100, ac419100",3,0.99548011747776066,0.0033696520625214887,26,26
fixed_train,2,0,impressed|3|04,"ac355201, ac415100, ac419100",4,0.99548011747776066,0.0033696520625214887,26,26
fixed_train,2,0,impressed|3|04,"ac355201, ac415100, ac419100",5,0.99548011747776066,0.0011251103490309555,26,26
fixed_train,2,0,impressed|3|04,"ac355201, ac415100, ac419100",6,0.99548011747776066,0.0022483204955722202,26,26
fixed_train,2,0,impressed|3|04,"ac355201, ac415100, ac419100",7,0.99548011747776066,0.0033696520625214887,26,26
fixed_train,2,0,impressed|3|04,"ac355201, ac415100, ac419100",8,0.99548011747776066,0,26,26
fixed_train,2,0,impressed|3|04,"ac355201, ac415100, ac419100",9,0.99548011747776066,0.0011251103490309555,26,26
fixed_train,2,0,impressed|3|05,"ac355201, ac411100, ac419100",0,0.99548011747776066,0.0022599412611197245,25,25
fixed_train,2,0,impressed|3|05,"ac355201, ac411100, ac419100",1,0.99548011747776066,0.0033831074975390063,25,25
fixed_train,2,0,impressed|3|05,"ac355201, ac411100, ac419100",2,0.99548011747776066,0.0011348677435217835,25,25
fixed_train,2,0,impressed|3|05,"ac355201, ac411100, ac419100",3,0.99548011747776066,0.0022599412611197245,25,25
fixed_train,2,0,impressed|3|05,"ac355201, ac411100, ac419100",4,0.99548011747776066,0.0033831074975390063,25,25
fixed_train,2,0,impressed|3|05,"ac355201, ac411100, ac419100",5,0.99548011747776066,0.0011348677435217835,25,24
fixed_train,2,0,impressed|3|05,"ac355201, ac411100, ac419100",6,0.99548011747776066,0.0011348677435217835,25,25
fixed_train,2,0,impressed|3|05,"ac355201, ac411100, ac419100",7,0.99548011747776066,0.004504388168175999,25,25
fixed_train,2,0,impressed|3|05,"ac355201, ac411100, ac419100",8,0.99548011747776066,0.0022599412611197245,25,25
fixed_train,2,0,impressed|3|05,"ac355201, ac411100, ac419100",9,0.99548011747776066,0.0022483204955722202,25,25
fixed_train,2,0,impressed|3|06,"ac355427, ac415100, ac419100",0,0.99548011747776066,0.0022717388204654965,16,13
fixed_train,2,0,impressed|3|06,"ac355427, ac415100, ac419100",1,0.99548011747776066,0.0022717388204654965,16,13
fixed_train,2,0,impressed|3|06,"ac355427, ac415100, ac419100",2,0.99548011747776066,0.0022717388204654965,16,14
fixed_train,2,0,impressed|3|06,"ac355427, ac415100, ac419100",3,0.99548011747776066,0.0033967678498262321,16,15
fixed_train,2,0,impressed|3|06,"ac355427, ac415100, ac419100",4,0.99548011747776066,0.0022717388204654965,16,15
fixed_train,2,0,impressed|3|06,"ac355427, ac415100, ac419100",5,0.99548011747776066,0.0033967678498262321,16,14
fixed_train,2,0,impressed|3|06,"ac355427, ac415100, ac419100",6,0.99548011747776066,0,16,14
fixed_train,2,0,impressed|3|06,"ac355427, ac415100, ac419100",7,0.99548011747776066,0.0022717388204654965,16,15
fixed_train,2,0,impressed|3|06,"ac355427, ac415100, ac419100",8,0.99548011747776066,0.0022717388204654965,16,15
fixed_train,2,0,impressed|3|06,"ac355427, ac415100, ac419100",9,0.99548011747776066,0.0011348677435217835,16,16
fixed_train,2,0,impressed|3|07,"370407, ac10307, ac370000",0,0.99548011747776066,0.0068397112024787265,34,34
fixed_train,2,0,impressed|3|07,"370407, ac10307, ac370000",1,0.99548011747776066,0.0056945989176250267,34,34
fixed_train,2,0,impressed|3|07,"370407, ac10307, ac370000",2,0.99548011747776066,0.0068194475309090175,34,34
fixed_train,2,0,impressed|3|07,"370407, ac10307, ac370000",3,0.99548011747776066,0.0068397112024787265,34,34
fixed_train,2,0,impressed|3|07,"370407, ac10307, ac370000",4,0.99548011747776066,0.0045515815202793464,34,34
fixed_train,2,0,impressed|3|07,"370407, ac10307, ac370000",5,0.99548011747776066,0.0034106358173366935,34,34
fixed_train,2,0,impressed|3|07,"370407, ac10307, ac370000",6,0.99548011747776066,0.0056945989176250267,34,34
fixed_train,2,0,impressed|3|07,"370407, ac10307, ac370000",7,0.99548011747776066,0.0056945989176250267,34,34
fixed_train,2,0,impressed|3|07,"370407, ac10307, ac370000",8,0.99548011747776066,0.0045515815202793464,34,34
fixed_train,2,0,impressed|3|07,"370407, ac10307, ac370000",9,0.99548011747776066,0.0068397112024787265,34,34
fixed_train,2,0,impressed|3|08,"376400, ac370000, ac411100",0,0.99548011747776066,0.0022599412611197245,33,33
fixed_train,2,0,impressed|3|08,"376400, ac370000, ac411100",1,0.99548011747776066,0.004504388168175999,33,33
fixed_train,2,0,impressed|3|08,"376400, ac370000, ac411100",2,0.99548011747776066,0.0022599412611197245,33,33
fixed_train,2,0,impressed|3|08,"376400, ac370000, ac411100",3,0.99548011747776066,0.0011251103490309555,33,32
fixed_train,2,0,impressed|3|08,"376400, ac370000, ac411100",4,0.99548011747776066,0.0022599412611197245,33,33
fixed_train,2,0,impressed|3|08,"376400, ac370000, ac411100",5,0.99548011747776066,0.0011348677435217835,33,33
fixed_train,2,0,impressed|3|08,"376400, ac370000, ac411100",6,0.99548011747776066,0.0011348677435217835,33,33
fixed_train,2,0,impressed|3|08,"376400, ac370000, ac411100",7,0.99548011747776066,0.0033831074975390063,33,33
fixed_train,2,0,impressed|3|08,"376400, ac370000, ac411100",8,0.99548011747776066,0.0022599412611197245,33,33
fixed_train,2,0,impressed|3|08,"376400, ac370000, ac411100",9,0.99548011747776066,0.0011348677435217835,33,33
fixed_train,2,0,impressed|3|09,"ac410500, ac411100, ac415100",0,0.99548011747776066,0,4,4
fixed_train,2,0,impressed|3|09,"ac410500, ac411100, ac415100",1,0.99548011747776066,0,4,4
fixed_train,2,0,impressed|3|09,"ac410500, ac411100, ac415100",2,0.99548011747776066,0,4,4
fixed_train,2,0,impressed|3|09,"ac410500, ac411100, ac415100",3,0.99548011747776066,0,4,4
fixed_train,2,0,impressed|3|09,"ac410500, ac411100, ac415100",4,0.99548011747776066,0,4,4
fixed_train,2,0,impressed|3|09,"ac410500, ac411100, ac415100",5,0.99548011747776066,0,4,4
fixed_train,2,0,impressed|3|09,"ac410500, ac411100, ac415100",6,0.99548011747776066,0,4,4
fixed_train,2,0,impressed|3|09,"ac410500, ac411100, ac415100",7,0.99548011747776066,0,4,4
fixed_train,2,0,impressed|3|09,"ac410500, ac411100, ac415100",8,0.99548011747776066,0,4,4
fixed_train,2,0,impressed|3|09,"ac410500, ac411100, ac415100",9,0.99548011747776066,0,4,4
fixed_train,2,0,impressed|3|10,"ac379999, ac415100, ac419100",0,0.99548011747776066,0.0090397650444787869,101,101
fixed_train,2,0,impressed|3|10,"ac379999, ac415100, ac419100",1,0.99548011747776066,0.010182468168739467,101,100
fixed_train,2,0,impressed|3|10,"ac379999, ac415100, ac419100",2,0.99548011747776066,0.01015709894306327,101,101
fixed_train,2,0,impressed|3|10,"ac379999, ac415100, ac419100",3,0.99548011747776066,0.0068194475309090175,101,101
fixed_train,2,0,impressed|3|10,"ac379999, ac415100, ac419100",4,0.99548011747776066,0.0090165235133837784,101,100
fixed_train,2,0,impressed|3|10,"ac379999, ac415100, ac419100",5,0.99548011747776066,0.010132110278030626,101,100
fixed_train,2,0,impressed|3|10,"ac379999, ac415100, ac419100",6,0.99548011747776066,0.0090397650444787869,101,100
fixed_train,2,0,impressed|3|10,"ac379999, ac415100, ac419100",7,0.99548011747776066,0.0090397650444787869,101,101
fixed_train,2,0,impressed|3|10,"ac379999, ac415100, ac419100",8,0.99548011747776066,0.0090397650444787869,101,100
fixed_train,2,0,impressed|3|10,"ac379999, ac415100, ac419100",9,0.99548011747776066,0.0067994863822689044,101,100
fixed_test,2,1,apriori|1|01,ac419100,0,0.93550986331158748,0.0086361924247042587,151,113
fixed_test,2,1,apriori|1|01,ac419100,1,0.93550986331158748,-0.0043614210326270442,151,116
fixed_test,2,1,apriori|1|01,ac419100,2,0.93550986331158748,0.0043320649957279134,151,116
fixed_test,2,1,apriori|1|01,ac419100,3,0.93550986331158748,-0.0043614210326270442,151,121
fixed_test,2,1,apriori|1|01,ac419100,4,0.93550986331158748,0,151,121
fixed_test,2,1,apriori|1|01,ac419100,5,0.93550986331158748,0.0092128766697732178,151,114
fixed_test,2,1,apriori|1|01,ac419100,6,0.93550986331158748,0.0043320649957279134,151,119
fixed_test,2,1,apriori|1|01,ac419100,7,0.93550986331158748,0.013508358553613431,151,117
fixed_test,2,1,apriori|1|01,ac419100,8,0.93550986331158748,0.0086361924247042587,151,120
fixed_test,2,1,apriori|1|01,ac419100,9,0.93550986331158748,0.0086361924247042587,151,124
fixed_test,2,1,apriori|1|02,ac370000,0,0.93550986331158748,0.095175870782472916,133,132
fixed_test,2,1,apriori|1|02,ac370000,1,0.93550986331158748,0.18726609513875314,133,132
fixed_test,2,1,apriori|1|02,ac370000,2,0.93550986331158748,0.14173470517472719,133,132
fixed_test,2,1,apriori|1|02,ac370000,3,0.93550986331158748,0.095175870782472916,133,132
fixed_test,2,1,apriori|1|02,ac370000,4,0.93550986331158748,0.10387177360898159,133,129
fixed_test,2,1,apriori|1|02,ac370000,5,0.93550986331158748,0.11439439300256882,133,132
fixed_test,2,1,apriori|1|02,ac370000,6,0.93550986331158748,0.14891627023317711,133,131
fixed_test,2,1,apriori|1|02,ac370000,7,0.93550986331158748,0.11184295315819071,133,131
fixed_test,2,1,apriori|1|02,ac370000,8,0.93550986331158748,0.095175870782472916,133,132
fixed_test,2,1,apriori|1|02,ac370000,9,0.93550986331158748,0.14891627023317711,133,132
fixed_test,2,1,apriori|1|03,370407,0,0.93550986331158748,0,117,112
fixed_test,2,1,apriori|1|03,370407,1,0.93550986331158748,0.0043320649957279134,117,109
fixed_test,2,1,apriori|1|03,370407,2,0.93550986331158748,0,117,109
fixed_test,2,1,apriori|1|03,370407,3,0.93550986331158748,0.0048891506067246793,117,110
fixed_test,2,1,apriori|1|03,370407,4,0.93550986331158748,0.0092128766697732178,117,112
fixed_test,2,1,apriori|1|03,370407,5,0.93550986331158748,0,117,112
fixed_test,2,1,apriori|1|03,370407,6,0.93550986331158748,0.0092128766697732178,117,111
fixed_test,2,1,apriori|1|03,370407,7,0.93550986331158748,0.0043320649957279134,117,112
fixed_test,2,1,apriori|1|03,370407,8,0.93550986331158748,0.0043320649957279134,117,112
fixed_test,2,1,apriori|1|03,370407,9,0.93550986331158748,-0.0048442285621573822,117,115
fixed_test,2,1,apriori|1|04,ac370419,0,0.93550986331158748,0.0043320649957279134,111,108
fixed_test,2,1,apriori|1|04,ac370419,1,0.93550986331158748,0,111,105
fixed_test,2,1,apriori|1|04,ac370419,2,0.93550986331158748,0,111,102
fixed_test,2,1,apriori|1|04,ac370419,3,0.93550986331158748,0.0043320649957279134,111,106
fixed_test,2,1,apriori|1|04,ac370419,4,0.93550986331158748,0.0043320649957279134,111,105
fixed_test,2,1,apriori|1|04,ac370419,5,0.93550986331158748,0,111,105
fixed_test,2,1,apriori|1|04,ac370419,6,0.93550986331158748,0.0043320649957279134,111,108
fixed_test,2,1,apriori|1|04,ac370419,7,0.93550986331158748,0,111,105
fixed_test,2,1,apriori|1|04,ac370419,8,0.93550986331158748,0,111,109
fixed_test,2,1,apriori|1|04,ac370419,9,0.93550986331158748,0.0043320649957279134,111,107
fixed_test,2,1,apriori|1|05,ac370443,0,0.93550986331158748,0.0043320649957279134,108,104
fixed_test,2,1,apriori|1|05,ac370443,1,0.93550986331158748,0.0043320649957279134,108,101
fixed_test,2,1,apriori|1|05,ac370443,2,0.93550986331158748,0.0086361924247042587,108,100
fixed_test,2,1,apriori|1|05,ac370443,3,0.93550986331158748,0,108,102
fixed_test,2,1,apriori|1|05,ac370443,4,0.93550986331158748,0,108,102
fixed_test,2,1,apriori|1|05,ac370443,5,0.93550986331158748,0.0043320649957279134,108,101
fixed_test,2,1,apriori|1|05,ac370443,6,0.93550986331158748,0.0043320649957279134,108,104
fixed_test,2,1,apriori|1|05,ac370443,7,0.93550986331158748,0,108,97
fixed_test,2,1,apriori|1|05,ac370443,8,0.93550986331158748,0.0043320649957279134,108,104
fixed_test,2,1,apriori|1|05,ac370443,9,0.93550986331158748,0.0043320649957279134,108,105
fixed_test,2,1,apriori|1|06,ac370442,0,0.93550986331158748,0.0043320649957279134,104,101
fixed_test,2,1,apriori|1|06,ac370442,1,0.93550986331158748,0.0043320649957279134,104,101
fixed_test,2,1,apriori|1|06,ac370442,2,0.93550986331158748,0.0043320649957279134,104,94
fixed_test,2,1,apriori|1|06,ac370442,3,0.93550986331158748,0.0043320649957279134,104,98
fixed_test,2,1,apriori|1|06,ac370442,4,0.93550986331158748,0.0043320649957279134,104,101
fixed_test,2,1,apriori|1|06,ac370442,5,0.93550986331158748,0,104,102
fixed_test,2,1,apriori|1|06,ac370442,6,0.93550986331158748,0,104,100
fixed_test,2,1,apriori|1|06,ac370442,7,0.93550986331158748,0.0043320649957279134,104,98
fixed_test,2,1,apriori|1|06,ac370442,8,0.93550986331158748,0,104,101
fixed_test,2,1,apriori|1|06,ac370442,9,0.93550986331158748,0,104,98
fixed_test,2,1,apriori|1|07,370712b,0,0.93550986331158748,0,105,102
fixed_test,2,1,apriori|1|07,370712b,1,0.93550986331158748,0.0043320649957279134,105,102
fixed_test,2,1,apriori|1|07,370712b,2,0.93550986331158748,0.0043320649957279134,105,99
fixed_test,2,1,apriori|1|07,370712b,3,0.93550986331158748,0,105,102
fixed_test,2,1,apriori|1|07,370712b,4,0.93550986331158748,0.0043320649957279134,105,100
fixed_test,2,1,apriori|1|07,370712b,5,0.93550986331158748,-0.0048442285621573822,105,98
fixed_test,2,1,apriori|1|07,370712b,6,0.93550986331158748,0.0043320649957279134,105,101
fixed_test,2,1,apriori|1|07,370712b,7,0.93550986331158748,0.0043320649957279134,105,100
fixed_test,2,1,apriori|1|07,370712b,8,0.93550986331158748,0,105,103
fixed_test,2,1,apriori|1|07,370712b,9,0.93550986331158748,0,105,102
fixed_test,2,1,apriori|1|08,370715a,0,0.93550986331158748,0.0043320649957279134,105,102
fixed_test,2,1,apriori|1|08,370715a,1,0.93550986331158748,0.0043320649957279134,105,100
fixed_test,2,1,apriori|1|08,370715a,2,0.93550986331158748,0,105,99
fixed_test,2,1,apriori|1|08,370715a,3,0.93550986331158748,0,105,100
fixed_test,2,1,apriori|1|08,370715a,4,0.93550986331158748,0,105,98
fixed_test,2,1,apriori|1|08,370715a,5,0.93550986331158748,0.0043320649957279134,105,99
fixed_test,2,1,apriori|1|08,370715a,6,0.93550986331158748,0.0043320649957279134,105,102
fixed_test,2,1,apriori|1|08,370715a,7,0.93550986331158748,0,105,95
fixed_test,2,1,apriori|1|08,370715a,8,0.93550986331158748,0,105,102
fixed_test,2,1,apriori|1|08,370715a,9,0.93550986331158748,0.0086361924247042587,105,100
fixed_test,2,1,apriori|1|09,370488e,0,0.93550986331158748,0,105,96
fixed_test,2,1,apriori|1|09,370488e,1,0.93550986331158748,-0.0048442285621573822,105,100
fixed_test,2,1,apriori|1|09,370488e,2,0.93550986331158748,0,105,94
fixed_test,2,1,apriori|1|09,370488e,3,0.93550986331158748,-0.0048442285621573822,105,100
fixed_test,2,1,apriori|1|09,370488e,4,0.93550986331158748,0.0086361924247042587,105,99
fixed_test,2,1,apriori|1|09,370488e,5,0.93550986331158748,0.02139437958608148,105,98
fixed_test,2,1,apriori|1|09,370488e,6,0.93550986331158748,-0.00050459871443531146,105,101
fixed_test,2,1,apriori|1|09,370488e,7,0.93550986331158748,0.0043320649957279134,105,102
fixed_test,2,1,apriori|1|09,370488e,8,0.93550986331158748,0,105,98
fixed_test,2,1,apriori|1|09,370488e,9,0.93550986331158748,0.0086361924247042587,105,100
fixed_test,2,1,apriori|1|10,370488g,0,0.93550986331158748,0.0043320649957279134,105,101
fixed_test,2,1,apriori|1|10,370488g,1,0.93550986331158748,0.0043320649957279134,105,101
fixed_test,2,1,apriori|1|10,370488g,2,0.93550986331158748,0.0043320649957279134,105,96
fixed_test,2,1,apriori|1|10,370488g,3,0.93550986331158748,0.012913749411125774,105,100
fixed_test,2,1,apriori|1|10,370488g,4,0.93550986331158748,0.0043320649957279134,105,101
fixed_test,2,1,apriori|1|10,370488g,5,0.93550986331158748,0.0043320649957279134,105,100
fixed_test,2,1,apriori|1|10,370488g,6,0.93550986331158748,0,105,103
fixed_test,2,1,apriori|1|10,370488g,7,0.93550986331158748,0.0086361924247042587,105,103
fixed_test,2,1,apriori|1|10,370488g,8,0.93550986331158748,0.0043320649957279134,105,99
fixed_test,2,1,apriori|1|10,370488g,9,0.93550986331158748,0.0043320649957279134,105,98
fixed_test,2,1,apriori|2|01,"370407, ac370000",0,0.93550986331158748,0.01116517964486996,117,116
fixed_test,2,1,apriori|2|01,"370407, ac370000",1,0.93550986331158748,-0.0038488502406743841,117,116
fixed_test,2,1,apriori|2|01,"370407, ac370000",2,0.93550986331158748,-0.0082661755731471276,117,117
fixed_test,2,1,apriori|2|01,"370407, ac370000",3,0.93550986331158748,0.0011044846127304941,117,116
fixed_test,2,1,apriori|2|01,"370407, ac370000",4,0.93550986331158748,-0.0038488502406743841,117,116
fixed_test,2,1,apriori|2|01,"370407, ac370000",5,0.93550986331158748,0.0098251512438967126,117,115
fixed_test,2,1,apriori|2|01,"370407, ac370000",6,0.93550986331158748,-0.0082661755731471276,117,117
fixed_test,2,1,apriori|2|01,"370407, ac370000",7,0.93550986331158748,0.006108432493725946,117,116
fixed_test,2,1,apriori|2|01,"370407, ac370000",8,0.93550986331158748,0.0011044846127304941,117,117
fixed_test,2,1,apriori|2|01,"370407, ac370000",9,0.93550986331158748,0.0011044846127304941,117,116
fixed_test,2,1,apriori|2|02,"ac370000, ac370419",0,0.93550986331158748,0.00053574025235803013,111,109
fixed_test,2,1,apriori|2|02,"ac370000, ac370419",1,0.93550986331158748,0.019114562235435284,111,110
fixed_test,2,1,apriori|2|02,"ac370000, ac370419",2,0.93550986331158748,0.0054805784435928429,111,110
fixed_test,2,1,apriori|2|02,"ac370000, ac370419",3,0.93550986331158748,0.010475144798608005,111,110
fixed_test,2,1,apriori|2|02,"ac370000, ac370419",4,0.93550986331158748,0.0054805784435928429,111,111
fixed_test,2,1,apriori|2|02,"ac370000, ac370419",5,0.93550986331158748,0.0011044846127304941,111,110
fixed_test,2,1,apriori|2|02,"ac370000, ac370419",6,0.93550986331158748,0.0098251512438967126,111,110
fixed_test,2,1,apriori|2|02,"ac370000, ac370419",7,0.93550986331158748,0.0054805784435928429,111,111
fixed_test,2,1,apriori|2|02,"ac370000, ac370419",8,0.93550986331158748,0.0054805784435928429,111,111
fixed_test,2,1,apriori|2|02,"ac370000, ac370419",9,0.93550986331158748,0.00053574025235803013,111,110
fixed_test,2,1,apriori|2|03,"370407, ac370419",0,0.93550986331158748,0.0048891506067246793,110,109
fixed_test,2,1,apriori|2|03,"370407, ac370419",1,0.93550986331158748,-0.0048442285621573822,110,109
fixed_test,2,1,apriori|2|03,"370407, ac370419",2,0.93550986331158748,-0.0048442285621573822,110,108
fixed_test,2,1,apriori|2|03,"370407, ac370419",3,0.93550986331158748,0.0048891506067246793,110,110
fixed_test,2,1,apriori|2|03,"370407, ac370419",4,0.93550986331158748,0.0086361924247042587,110,110
fixed_test,2,1,apriori|2|03,"370407, ac370419",5,0.93550986331158748,0.0086361924247042587,110,110
fixed_test,2,1,apriori|2|03,"370407, ac370419",6,0.93550986331158748,0.0048891506067246793,110,110
fixed_test,2,1,apriori|2|03,"370407, ac370419",7,0.93550986331158748,0.0043320649957279134,110,110
fixed_test,2,1,apriori|2|03,"370407, ac370419",8,0.93550986331158748,-0.0048442285621573822,110,109
fixed_test,2,1,apriori|2|03,"370407, ac370419",9,0.93550986331158748,0.0048891506067246793,110,109
fixed_test,2,1,apriori|2|04,"ac370000, ac370443",0,0.93550986331158748,0.015521575051344438,108,107
fixed_test,2,1,apriori|2|04,"ac370000, ac370443",1,0.93550986331158748,0.0011044846127304941,108,108
fixed_test,2,1,apriori|2|04,"ac370000, ac370443",2,0.93550986331158748,0.0011044846127304941,108,107
fixed_test,2,1,apriori|2|04,"ac370000, ac370443",3,0.93550986331158748,0.014810007127860181,108,107
fixed_test,2,1,apriori|2|04,"ac370000, ac370443",4,0.93550986331158748,0.0011044846127304941,108,108
fixed_test,2,1,apriori|2|04,"ac370000, ac370443",5,0.93550986331158748,0.0048891506067246793,108,107
fixed_test,2,1,apriori|2|04,"ac370000, ac370443",6,0.93550986331158748,0.006108432493725946,108,108
fixed_test,2,1,apriori|2|04,"ac370000, ac370443",7,0.93550986331158748,0.014810007127860181,108,108
fixed_test,2,1,apriori|2|04,"ac370000, ac370443",8,0.93550986331158748,-0.0038488502406743841,108,108
fixed_test,2,1,apriori|2|04,"ac370000, ac370443",9,0.93550986331158748,0.0011044846127304941,108,108
fixed_test,2,1,apriori|2|05,"ac370419, ac370443",0,0.93550986331158748,0,108,108
fixed_test,2,1,apriori|2|05,"ac370419, ac370443",1,0.93550986331158748,0.0043320649957279134,108,108
fixed_test,2,1,apriori|2|05,"ac370419, ac370443",2,0.93550986331158748,0.0043320649957279134,108,107
fixed_test,2,1,apriori|2|05,"ac370419, ac370443",3,0.93550986331158748,0.0043320649957279134,108,108
fixed_test,2,1,apriori|2|05,"ac370419, ac370443",4,0.93550986331158748,0,108,107
fixed_test,2,1,apriori|2|05,"ac370419, ac370443",5,0.93550986331158748,-0.0048442285621573822,108,108
fixed_test,2,1,apriori|2|05,"ac370419, ac370443",6,0.93550986331158748,0,108,108
fixed_test,2,1,apriori|2|05,"ac370419, ac370443",7,0.93550986331158748,0,108,108
fixed_test,2,1,apriori|2|05,"ac370419, ac370443",8,0.93550986331158748,0.0092128766697732178,108,107
fixed_test,2,1,apriori|2|05,"ac370419, ac370443",9,0.93550986331158748,0.0086361924247042587,108,108
fixed_test,2,1,apriori|2|06,"ac370000, ac370442",0,0.93550986331158748,0.0011044846127304941,104,104
fixed_test,2,1,apriori|2|06,"ac370000, ac370442",1,0.93550986331158748,0.006108432493725946,104,103
fixed_test,2,1,apriori|2|06,"ac370000, ac370442",2,0.93550986331158748,0.028403973226974077,104,103
fixed_test,2,1,apriori|2|06,"ac370000, ac370442",3,0.93550986331158748,0.0092128766697732178,104,104
fixed_test,2,1,apriori|2|06,"ac370000, ac370442",4,0.93550986331158748,0.0054805784435928429,104,104
fixed_test,2,1,apriori|2|06,"ac370000, ac370442",5,0.93550986331158748,0.0098251512438967126,104,103
fixed_test,2,1,apriori|2|06,"ac370000, ac370442",6,0.93550986331158748,0.006108432493725946,104,103
fixed_test,2,1,apriori|2|06,"ac370000, ac370442",7,0.93550986331158748,0.0054805784435928429,104,104
fixed_test,2,1,apriori|2|06,"ac370000, ac370442",8,0.93550986331158748,0.0011044846127304941,104,104
fixed_test,2,1,apriori|2|06,"ac370000, ac370442",9,0.93550986331158748,0.00053574025235803013,104,103
fixed_test,2,1,apriori|2|07,"ac370442, ac370443",0,0.93550986331158748,0,104,103
fixed_test,2,1,apriori|2|07,"ac370442, ac370443",1,0.93550986331158748,0,104,104
fixed_test,2,1,apriori|2|07,"ac370442, ac370443",2,0.93550986331158748,0.0086361924247042587,104,104
fixed_test,2,1,apriori|2|07,"ac370442, ac370443",3,0.93550986331158748,0.0043320649957279134,104,104
fixed_test,2,1,apriori|2|07,"ac370442, ac370443",4,0.93550986331158748,0.0086361924247042587,104,104
fixed_test,2,1,apriori|2|07,"ac370442, ac370443",5,0.93550986331158748,0.0086361924247042587,104,104
fixed_test,2,1,apriori|2|07,"ac370442, ac370443",6,0.93550986331158748,0,104,104
fixed_test,2,1,apriori|2|07,"ac370442, ac370443",7,0.93550986331158748,0,104,104
fixed_test,2,1,apriori|2|07,"ac370442, ac370443",8,0.93550986331158748,0,104,103
fixed_test,2,1,apriori|2|07,"ac370442, ac370443",9,0.93550986331158748,0.0043320649957279134,104,104
fixed_test,2,1,apriori|2|08,"ac370419, ac370442",0,0.93550986331158748,0.0086361924247042587,104,104
fixed_test,2,1,apriori|2|08,"ac370419, ac370442",1,0.93550986331158748,0.0043320649957279134,104,104
fixed_test,2,1,apriori|2|08,"ac370419, ac370442",2,0.93550986331158748,0.0092128766697732178,104,103
fixed_test,2,1,apriori|2|08,"ac370419, ac370442",3,0.93550986331158748,0,104,104
fixed_test,2,1,apriori|2|08,"ac370419, ac370442",4,0.93550986331158748,0,104,104
fixed_test,2,1,apriori|2|08,"ac370419, ac370442",5,0.93550986331158748,0,104,104
fixed_test,2,1,apriori|2|08,"ac370419, ac370442",6,0.93550986331158748,0.0043320649957279134,104,104
fixed_test,2,1,apriori|2|08,"ac370419, ac370442",7,0.93550986331158748,-0.0048442285621573822,104,103
fixed_test,2,1,apriori|2|08,"ac370419, ac370442",8,0.93550986331158748,0.0086361924247042587,104,104
fixed_test,2,1,apriori|2|08,"ac370419, ac370442",9,0.93550986331158748,0.0092128766697732178,104,104
fixed_test,2,1,apriori|2|09,"370407, ac370443",0,0.93550986331158748,0,107,107
fixed_test,2,1,apriori|2|09,"370407, ac370443",1,0.93550986331158748,0.0086361924247042587,107,106
fixed_test,2,1,apriori|2|09,"370407, ac370443",2,0.93550986331158748,-0.0048442285621573822,107,107
fixed_test,2,1,apriori|2|09,"370407, ac370443",3,0.93550986331158748,0,107,107
fixed_test,2,1,apriori|2|09,"370407, ac370443",4,0.93550986331158748,0.0043320649957279134,107,106
fixed_test,2,1,apriori|2|09,"370407, ac370443",5,0.93550986331158748,0.0092128766697732178,107,107
fixed_test,2,1,apriori|2|09,"370407, ac370443",6,0.93550986331158748,0,107,107
fixed_test,2,1,apriori|2|09,"370407, ac370443",7,0.93550986331158748,0.0086361924247042587,107,107
fixed_test,2,1,apriori|2|09,"370407, ac370443",8,0.93550986331158748,0.0043320649957279134,107,107
fixed_test,2,1,apriori|2|09,"370407, ac370443",9,0.93550986331158748,0.0092128766697732178,107,107
fixed_test,2,1,apriori|2|10,"370712b, ac370000",0,0.93550986331158748,0.014810007127860181,105,105
fixed_test,2,1,apriori|2|10,"370712b, ac370000",1,0.93550986331158748,0.0011044846127304941,105,105
fixed_test,2,1,apriori|2|10,"370712b, ac370000",2,0.93550986331158748,0.0011044846127304941,105,105
fixed_test,2,1,apriori|2|10,"370712b, ac370000",3,0.93550986331158748,0.0048891506067246793,105,105
fixed_test,2,1,apriori|2|10,"370712b, ac370000",4,0.93550986331158748,0,105,104
fixed_test,2,1,apriori|2|10,"370712b, ac370000",5,0.93550986331158748,0.00053574025235803013,105,105
fixed_test,2,1,apriori|2|10,"370712b, ac370000",6,0.93550986331158748,0.0011044846127304941,105,104
fixed_test,2,1,apriori|2|10,"370712b, ac370000",7,0.93550986331158748,0.010475144798608005,105,103
fixed_test,2,1,apriori|2|10,"370712b, ac370000",8,0.93550986331158748,0.0048891506067246793,105,104
fixed_test,2,1,apriori|2|10,"370712b, ac370000",9,0.93550986331158748,-0.0038488502406743841,105,105
fixed_test,2,1,apriori|3|01,"370407, ac370000, ac370419",0,0.93550986331158748,0.0092128766697732178,110,110
fixed_test,2,1,apriori|3|01,"370407, ac370000, ac370419",1,0.93550986331158748,0.0098251512438967126,110,110
fixed_test,2,1,apriori|3|01,"370407, ac370000, ac370419",2,0.93550986331158748,0.0011044846127304941,110,110
fixed_test,2,1,apriori|3|01,"370407, ac370000, ac370419",3,0.93550986331158748,0.010475144798608005,110,109
fixed_test,2,1,apriori|3|01,"370407, ac370000, ac370419",4,0.93550986331158748,0.016277004879488688,110,110
fixed_test,2,1,apriori|3|01,"370407, ac370000, ac370419",5,0.93550986331158748,0.006108432493725946,110,110
fixed_test,2,1,apriori|3|01,"370407, ac370000, ac370419",6,0.93550986331158748,0.0054805784435928429,110,110
fixed_test,2,1,apriori|3|01,"370407, ac370000, ac370419",7,0.93550986331158748,0.006108432493725946,110,110
fixed_test,2,1,apriori|3|01,"370407, ac370000, ac370419",8,0.93550986331158748,0.010475144798608005,110,110
fixed_test,2,1,apriori|3|01,"370407, ac370000, ac370419",9,0.93550986331158748,0.006108432493725946,110,110
fixed_test,2,1,apriori|3|02,"ac370000, ac370419, ac370443",0,0.93550986331158748,0.0098251512438967126,108,108
fixed_test,2,1,apriori|3|02,"ac370000, ac370419, ac370443",1,0.93550986331158748,0.014810007127860181,108,108
fixed_test,2,1,apriori|3|02,"ac370000, ac370419, ac370443",2,0.93550986331158748,-0.0043614210326270442,108,108
fixed_test,2,1,apriori|3|02,"ac370000, ac370419, ac370443",3,0.93550986331158748,0.019114562235435284,108,108
fixed_test,2,1,apriori|3|02,"ac370000, ac370419, ac370443",4,0.93550986331158748,0.014139722246076181,108,108
fixed_test,2,1,apriori|3|02,"ac370000, ac370419, ac370443",5,0.93550986331158748,0.0054805784435928429,108,108
fixed_test,2,1,apriori|3|02,"ac370000, ac370419, ac370443",6,0.93550986331158748,0.0054805784435928429,108,108
fixed_test,2,1,apriori|3|02,"ac370000, ac370419, ac370443",7,0.93550986331158748,0.0011044846127304941,108,108
fixed_test,2,1,apriori|3|02,"ac370000, ac370419, ac370443",8,0.93550986331158748,0.010475144798608005,108,108
fixed_test,2,1,apriori|3|02,"ac370000, ac370419, ac370443",9,0.93550986331158748,0.0054805784435928429,108,108
fixed_test,2,1,apriori|3|03,"ac370000, ac370442, ac370443",0,0.93550986331158748,0.0054805784435928429,104,104
fixed_test,2,1,apriori|3|03,"ac370000, ac370442, ac370443",1,0.93550986331158748,0.0098251512438967126,104,104
fixed_test,2,1,apriori|3|03,"ac370000, ac370442, ac370443",2,0.93550986331158748,0.014139722246076181,104,104
fixed_test,2,1,apriori|3|03,"ac370000, ac370442, ac370443",3,0.93550986331158748,0.019845804984485738,104,104
fixed_test,2,1,apriori|3|03,"ac370000, ac370442, ac370443",4,0.93550986331158748,0.0092128766697732178,104,104
fixed_test,2,1,apriori|3|03,"ac370000, ac370442, ac370443",5,0.93550986331158748,0.010475144798608005,104,104
fixed_test,2,1,apriori|3|03,"ac370000, ac370442, ac370443",6,0.93550986331158748,-0.0043614210326270442,104,104
fixed_test,2,1,apriori|3|03,"ac370000, ac370442, ac370443",7,0.93550986331158748,0.014810007127860181,104,104
fixed_test,2,1,apriori|3|03,"ac370000, ac370442, ac370443",8,0.93550986331158748,0.0098251512438967126,104,104
fixed_test,2,1,apriori|3|03,"ac370000, ac370442, ac370443",9,0.93550986331158748,0.0011044846127304941,104,104
fixed_test,2,1,apriori|3|04,"ac370000, ac370419, ac370442",0,0.93550986331158748,0.015521575051344438,104,104
fixed_test,2,1,apriori|3|04,"ac370000, ac370419, ac370442",1,0.93550986331158748,0.0011044846127304941,104,104
fixed_test,2,1,apriori|3|04,"ac370000, ac370419, ac370442",2,0.93550986331158748,0.0098251512438967126,104,104
fixed_test,2,1,apriori|3|04,"ac370000, ac370419, ac370442",3,0.93550986331158748,0.0011044846127304941,104,104
fixed_test,2,1,apriori|3|04,"ac370000, ac370419, ac370442",4,0.93550986331158748,0.01116517964486996,104,104
fixed_test,2,1,apriori|3|04,"ac370000, ac370419, ac370442",5,0.93550986331158748,0.024934717608962931,104,104
fixed_test,2,1,apriori|3|04,"ac370000, ac370419, ac370442",6,0.93550986331158748,0.010475144798608005,104,104
fixed_test,2,1,apriori|3|04,"ac370000, ac370419, ac370442",7,0.93550986331158748,0.024934717608962931,104,104
fixed_test,2,1,apriori|3|04,"ac370000, ac370419, ac370442",8,0.93550986331158748,0.006108432493725946,104,104
fixed_test,2,1,apriori|3|04,"ac370000, ac370419, ac370442",9,0.93550986331158748,-0.0038488502406743841,104,104
fixed_test,2,1,apriori|3|05,"ac370419, ac370442, ac370443",0,0.93550986331158748,0.0086361924247042587,104,104
fixed_test,2,1,apriori|3|05,"ac370419, ac370442, ac370443",1,0.93550986331158748,0.0086361924247042587,104,103
fixed_test,2,1,apriori|3|05,"ac370419, ac370442, ac370443",2,0.93550986331158748,-0.00050459871443531146,104,104
fixed_test,2,1,apriori|3|05,"ac370419, ac370442, ac370443",3,0.93550986331158748,0.0043320649957279134,104,104
fixed_test,2,1,apriori|3|05,"ac370419, ac370442, ac370443",4,0.93550986331158748,0,104,104
fixed_test,2,1,apriori|3|05,"ac370419, ac370442, ac370443",5,0.93550986331158748,0.0092128766697732178,104,104
fixed_test,2,1,apriori|3|05,"ac370419, ac370442, ac370443",6,0.93550986331158748,0,104,104
fixed_test,2,1,apriori|3|05,"ac370419, ac370442, ac370443",7,0.93550986331158748,0.0092128766697732178,104,104
fixed_test,2,1,apriori|3|05,"ac370419, ac370442, ac370443",8,0.93550986331158748,0,104,103
fixed_test,2,1,apriori|3|05,"ac370419, ac370442, ac370443",9,0.93550986331158748,0,104,104
fixed_test,2,1,apriori|3|06,"370407, ac370000, ac370443",0,0.93550986331158748,0.0011044846127304941,107,107
fixed_test,2,1,apriori|3|06,"370407, ac370000, ac370443",1,0.93550986331158748,0.00053574025235803013,107,107
fixed_test,2,1,apriori|3|06,"370407, ac370000, ac370443",2,0.93550986331158748,0.014810007127860181,107,107
fixed_test,2,1,apriori|3|06,"370407, ac370000, ac370443",3,0.93550986331158748,0.010475144798608005,107,107
fixed_test,2,1,apriori|3|06,"370407, ac370000, ac370443",4,0.93550986331158748,0.0098251512438967126,107,107
fixed_test,2,1,apriori|3|06,"370407, ac370000, ac370443",5,0.93550986331158748,0.0098251512438967126,107,107
fixed_test,2,1,apriori|3|06,"370407, ac370000, ac370443",6,0.93550986331158748,0.014810007127860181,107,107
fixed_test,2,1,apriori|3|06,"370407, ac370000, ac370443",7,0.93550986331158748,-0.0038488502406743841,107,107
fixed_test,2,1,apriori|3|06,"370407, ac370000, ac370443",8,0.93550986331158748,0.014810007127860181,107,107
fixed_test,2,1,apriori|3|06,"370407, ac370000, ac370443",9,0.93550986331158748,0.0011044846127304941,107,107
fixed_test,2,1,apriori|3|07,"370407, ac370419, ac370443",0,0.93550986331158748,0.0092128766697732178,107,107
fixed_test,2,1,apriori|3|07,"370407, ac370419, ac370443",1,0.93550986331158748,0.0092128766697732178,107,107
fixed_test,2,1,apriori|3|07,"370407, ac370419, ac370443",2,0.93550986331158748,0,107,107
fixed_test,2,1,apriori|3|07,"370407, ac370419, ac370443",3,0.93550986331158748,0.0086361924247042587,107,107
fixed_test,2,1,apriori|3|07,"370407, ac370419, ac370443",4,0.93550986331158748,-0.00050459871443531146,107,107
fixed_test,2,1,apriori|3|07,"370407, ac370419, ac370443",5,0.93550986331158748,0.0048891506067246793,107,107
fixed_test,2,1,apriori|3|07,"370407, ac370419, ac370443",6,0.93550986331158748,-0.0043614210326270442,107,107
fixed_test,2,1,apriori|3|07,"370407, ac370419, ac370443",7,0.93550986331158748,0.0043320649957279134,107,107
fixed_test,2,1,apriori|3|07,"370407, ac370419, ac370443",8,0.93550986331158748,0.0043320649957279134,107,107
fixed_test,2,1,apriori|3|07,"370407, ac370419, ac370443",9,0.93550986331158748,0,107,107
fixed_test,2,1,apriori|3|08,"370407, ac370000, ac370442",0,0.93550986331158748,0.00053574025235803013,103,103
fixed_test,2,1,apriori|3|08,"370407, ac370000, ac370442",1,0.93550986331158748,0.0011044846127304941,103,103
fixed_test,2,1,apriori|3|08,"370407, ac370000, ac370442",2,0.93550986331158748,0.015521575051344438,103,103
fixed_test,2,1,apriori|3|08,"370407, ac370000, ac370442",3,0.93550986331158748,0.0054805784435928429,103,102
fixed_test,2,1,apriori|3|08,"370407, ac370000, ac370442",4,0.93550986331158748,0.01116517964486996,103,103
fixed_test,2,1,apriori|3|08,"370407, ac370000, ac370442",5,0.93550986331158748,0.01116517964486996,103,103
fixed_test,2,1,apriori|3|08,"370407, ac370000, ac370442",6,0.93550986331158748,0.0054805784435928429,103,103
fixed_test,2,1,apriori|3|08,"370407, ac370000, ac370442",7,0.93550986331158748,0.0011044846127304941,103,103
fixed_test,2,1,apriori|3|08,"370407, ac370000, ac370442",8,0.93550986331158748,0.010475144798608005,103,102
fixed_test,2,1,apriori|3|08,"370407, ac370000, ac370442",9,0.93550986331158748,0.010475144798608005,103,103
fixed_test,2,1,apriori|3|09,"370407, ac370419, ac370442",0,0.93550986331158748,0.0043320649957279134,103,103
fixed_test,2,1,apriori|3|09,"370407, ac370419, ac370442",1,0.93550986331158748,0.0086361924247042587,103,103
fixed_test,2,1,apriori|3|09,"370407, ac370419, ac370442",2,0.93550986331158748,0.012913749411125774,103,103
fixed_test,2,1,apriori|3|09,"370407, ac370419, ac370442",3,0.93550986331158748,0.0043320649957279134,103,103
fixed_test,2,1,apriori|3|09,"370407, ac370419, ac370442",4,0.93550986331158748,0,103,103
fixed_test,2,1,apriori|3|09,"370407, ac370419, ac370442",5,0.93550986331158748,0.0092128766697732178,103,103
fixed_test,2,1,apriori|3|09,"370407, ac370419, ac370442",6,0.93550986331158748,0,103,103
fixed_test,2,1,apriori|3|09,"370407, ac370419, ac370442",7,0.93550986331158748,0.022684652111498727,103,103
fixed_test,2,1,apriori|3|09,"370407, ac370419, ac370442",8,0.93550986331158748,0.0043320649957279134,103,103
fixed_test,2,1,apriori|3|09,"370407, ac370419, ac370442",9,0.93550986331158748,0.0043320649957279134,103,103
fixed_test,2,1,apriori|3|10,"370407, ac370442, ac370443",0,0.93550986331158748,0.0092128766697732178,103,103
fixed_test,2,1,apriori|3|10,"370407, ac370442, ac370443",1,0.93550986331158748,0,103,103
fixed_test,2,1,apriori|3|10,"370407, ac370442, ac370443",2,0.93550986331158748,0.0092128766697732178,103,103
fixed_test,2,1,apriori|3|10,"370407, ac370442, ac370443",3,0.93550986331158748,0.0086361924247042587,103,103
fixed_test,2,1,apriori|3|10,"370407, ac370442, ac370443",4,0.93550986331158748,0.0043320649957279134,103,103
fixed_test,2,1,apriori|3|10,"370407, ac370442, ac370443",5,0.93550986331158748,0.0086361924247042587,103,103
fixed_test,2,1,apriori|3|10,"370407, ac370442, ac370443",6,0.93550986331158748,0.0043320649957279134,103,103
fixed_test,2,1,apriori|3|10,"370407, ac370442, ac370443",7,0.93550986331158748,0.0038074098700036085,103,103
fixed_test,2,1,apriori|3|10,"370407, ac370442, ac370443",8,0.93550986331158748,0.0043320649957279134,103,103
fixed_test,2,1,apriori|3|10,"370407, ac370442, ac370443",9,0.93550986331158748,0.0092128766697732178,103,103
fixed_test,2,1,impressed|1|01,ac419100,0,0.93550986331158748,0.0086361924247042587,151,113
fixed_test,2,1,impressed|1|01,ac419100,1,0.93550986331158748,-0.0043614210326270442,151,116
fixed_test,2,1,impressed|1|01,ac419100,2,0.93550986331158748,0.0043320649957279134,151,116
fixed_test,2,1,impressed|1|01,ac419100,3,0.93550986331158748,-0.0043614210326270442,151,121
fixed_test,2,1,impressed|1|01,ac419100,4,0.93550986331158748,0,151,121
fixed_test,2,1,impressed|1|01,ac419100,5,0.93550986331158748,0.0092128766697732178,151,114
fixed_test,2,1,impressed|1|01,ac419100,6,0.93550986331158748,0.0043320649957279134,151,119
fixed_test,2,1,impressed|1|01,ac419100,7,0.93550986331158748,0.013508358553613431,151,117
fixed_test,2,1,impressed|1|01,ac419100,8,0.93550986331158748,0.0086361924247042587,151,120
fixed_test,2,1,impressed|1|01,ac419100,9,0.93550986331158748,0.0086361924247042587,151,124
fixed_test,2,1,impressed|1|02,ac370000,0,0.93550986331158748,0.095175870782472916,133,132
fixed_test,2,1,impressed|1|02,ac370000,1,0.93550986331158748,0.18726609513875314,133,132
fixed_test,2,1,impressed|1|02,ac370000,2,0.93550986331158748,0.14173470517472719,133,132
fixed_test,2,1,impressed|1|02,ac370000,3,0.93550986331158748,0.095175870782472916,133,132
fixed_test,2,1,impressed|1|02,ac370000,4,0.93550986331158748,0.10387177360898159,133,129
fixed_test,2,1,impressed|1|02,ac370000,5,0.93550986331158748,0.11439439300256882,133,132
fixed_test,2,1,impressed|1|02,ac370000,6,0.93550986331158748,0.14891627023317711,133,131
fixed_test,2,1,impressed|1|02,ac370000,7,0.93550986331158748,0.11184295315819071,133,131
fixed_test,2,1,impressed|1|02,ac370000,8,0.93550986331158748,0.095175870782472916,133,132
fixed_test,2,1,impressed|1|02,ac370000,9,0.93550986331158748,0.14891627023317711,133,132
fixed_test,2,1,impressed|1|03,ac415100,0,0.93550986331158748,0,50,45
fixed_test,2,1,impressed|1|03,ac415100,1,0.93550986331158748,0,50,46
fixed_test,2,1,impressed|1|03,ac415100,2,0.93550986331158748,0,50,47
fixed_test,2,1,impressed|1|03,ac415100,3,0.93550986331158748,0,50,49
fixed_test,2,1,impressed|1|03,ac415100,4,0.93550986331158748,0,50,47
fixed_test,2,1,impressed|1|03,ac415100,5,0.93550986331158748,0,50,42
fixed_test,2,1,impressed|1|03,ac415100,6,0.93550986331158748,0,50,44
fixed_test,2,1,impressed|1|03,ac415100,7,0.93550986331158748,-0.0043614210326270442,50,48
fixed_test,2,1,impressed|1|03,ac415100,8,0.93550986331158748,0,50,47
fixed_test,2,1,impressed|1|03,ac415100,9,0.93550986331158748,0.0043320649957279134,50,46
fixed_test,2,1,impressed|1|04,ac10307,0,0.93550986331158748,0.0043320649957279134,36,33
fixed_test,2,1,impressed|1|04,ac10307,1,0.93550986331158748,0,36,32
fixed_test,2,1,impressed|1|04,ac10307,2,0.93550986331158748,0.0043320649957279134,36,29
fixed_test,2,1,impressed|1|04,ac10307,3,0.93550986331158748,0.0043320649957279134,36,32
fixed_test,2,1,impressed|1|04,ac10307,4,0.93550986331158748,0.0043320649957279134,36,31
fixed_test,2,1,impressed|1|04,ac10307,5,0.93550986331158748,0.0043320649957279134,36,31
fixed_test,2,1,impressed|1|04,ac10307,6,0.93550986331158748,0.0043320649957279134,36,33
fixed_test,2,1,impressed|1|04,ac10307,7,0.93550986331158748,0.0043320649957279134,36,27
fixed_test,2,1,impressed|1|04,ac10307,8,0.93550986331158748,0,36,27
fixed_test,2,1,impressed|1|04,ac10307,9,0.93550986331158748,0.0043320649957279134,36,29
fixed_test,2,1,impressed|1|05,ac355427,0,0.93550986331158748,0,7,5
fixed_test,2,1,impressed|1|05,ac355427,1,0.93550986331158748,0,7,6
fixed_test,2,1,impressed|1|05,ac355427,2,0.93550986331158748,0,7,7
fixed_test,2,1,impressed|1|05,ac355427,3,0.93550986331158748,0,7,6
fixed_test,2,1,impressed|1|05,ac355427,4,0.93550986331158748,0,7,3
fixed_test,2,1,impressed|1|05,ac355427,5,0.93550986331158748,0,7,5
fixed_test,2,1,impressed|1|05,ac355427,6,0.93550986331158748,0,7,6
fixed_test,2,1,impressed|1|05,ac355427,7,0.93550986331158748,0,7,7
fixed_test,2,1,impressed|1|05,ac355427,8,0.93550986331158748,0,7,5
fixed_test,2,1,impressed|1|05,ac355427,9,0.93550986331158748,0,7,3
fixed_test,2,1,impressed|1|06,ac388170,0,0.93550986331158748,0,1,0
fixed_test,2,1,impressed|1|06,ac388170,1,0.93550986331158748,0,1,0
fixed_test,2,1,impressed|1|06,ac388170,2,0.93550986331158748,0,1,0
fixed_test,2,1,impressed|1|06,ac388170,3,0.93550986331158748,0,1,0
fixed_test,2,1,impressed|1|06,ac388170,4,0.93550986331158748,0,1,0
fixed_test,2,1,impressed|1|06,ac388170,5,0.93550986331158748,0,1,0
fixed_test,2,1,impressed|1|06,ac388170,6,0.93550986331158748,0,1,0
fixed_test,2,1,impressed|1|06,ac388170,7,0.93550986331158748,0,1,0
fixed_test,2,1,impressed|1|06,ac388170,8,0.93550986331158748,0,1,0
fixed_test,2,1,impressed|1|06,ac388170,9,0.93550986331158748,0,1,0
fixed_test,2,1,impressed|1|07,387070a,0,0.93550986331158748,0,1,1
fixed_test,2,1,impressed|1|07,387070a,1,0.93550986331158748,0,1,1
fixed_test,2,1,impressed|1|07,387070a,2,0.93550986331158748,0,1,1
fixed_test,2,1,impressed|1|07,387070a,3,0.93550986331158748,0,1,1
fixed_test,2,1,impressed|1|07,387070a,4,0.93550986331158748,0,1,0
fixed_test,2,1,impressed|1|07,387070a,5,0.93550986331158748,0,1,1
fixed_test,2,1,impressed|1|07,387070a,6,0.93550986331158748,0,1,0
fixed_test,2,1,impressed|1|07,387070a,7,0.93550986331158748,0,1,1
fixed_test,2,1,impressed|1|07,387070a,8,0.93550986331158748,0,1,0
fixed_test,2,1,impressed|1|07,387070a,9,0.93550986331158748,0,1,0
fixed_test,2,1,impressed|1|08,ac370402,0,0.93550986331158748,0.0043320649957279134,103,95
fixed_test,2,1,impressed|1|08,ac370402,1,0.93550986331158748,0,103,101
fixed_test,2,1,impressed|1|08,ac370402,2,0.93550986331158748,0.0043320649957279134,103,96
fixed_test,2,1,impressed|1|08,ac370402,3,0.93550986331158748,0.013508358553613431,103,97
fixed_test,2,1,impressed|1|08,ac370402,4,0.93550986331158748,0.0043320649957279134,103,103
fixed_test,2,1,impressed|1|08,ac370402,5,0.93550986331158748,0.0043320649957279134,103,98
fixed_test,2,1,impressed|1|08,ac370402,6,0.93550986331158748,0,103,97
fixed_test,2,1,impressed|1|08,ac370402,7,0.93550986331158748,0.0048891506067246793,103,99
fixed_test,2,1,impressed|1|08,ac370402,8,0.93550986331158748,0,103,100
fixed_test,2,1,impressed|1|08,ac370402,9,0.93550986331158748,0,103,97
fixed_test,2,1,impressed|1|09,370488g,0,0.93550986331158748,0.0043320649957279134,105,101
fixed_test,2,1,impressed|1|09,370488g,1,0.93550986331158748,0.0043320649957279134,105,101
fixed_test,2,1,impressed|1|09,370488g,2,0.93550986331158748,0.0043320649957279134,105,96
fixed_test,2,1,impressed|1|09,370488g,3,0.93550986331158748,0.012913749411125774,105,100
fixed_test,2,1,impressed|1|09,370488g,4,0.93550986331158748,0.0043320649957279134,105,101
fixed_test,2,1,impressed|1|09,370488g,5,0.93550986331158748,0.0043320649957279134,105,100
fixed_test,2,1,impressed|1|09,370488g,6,0.93550986331158748,0,105,103
fixed_test,2,1,impressed|1|09,370488g,7,0.93550986331158748,0.0086361924247042587,105,103
fixed_test,2,1,impressed|1|09,370488g,8,0.93550986331158748,0.0043320649957279134,105,99
fixed_test,2,1,impressed|1|09,370488g,9,0.93550986331158748,0.0043320649957279134,105,98
fixed_test,2,1,impressed|1|10,370488e,0,0.93550986331158748,0,105,96
fixed_test,2,1,impressed|1|10,370488e,1,0.93550986331158748,-0.0048442285621573822,105,100
fixed_test,2,1,impressed|1|10,370488e,2,0.93550986331158748,0,105,94
fixed_test,2,1,impressed|1|10,370488e,3,0.93550986331158748,-0.0048442285621573822,105,100
fixed_test,2,1,impressed|1|10,370488e,4,0.93550986331158748,0.0086361924247042587,105,99
fixed_test,2,1,impressed|1|10,370488e,5,0.93550986331158748,0.02139437958608148,105,98
fixed_test,2,1,impressed|1|10,370488e,6,0.93550986331158748,-0.00050459871443531146,105,101
fixed_test,2,1,impressed|1|10,370488e,7,0.93550986331158748,0.0043320649957279134,105,102
fixed_test,2,1,impressed|1|10,370488e,8,0.93550986331158748,0,105,98
fixed_test,2,1,impressed|1|10,370488e,9,0.93550986331158748,0.0086361924247042587,105,100
fixed_test,2,1,impressed|2|01,"ac370000, ac370402",0,0.93550986331158748,0.02062209418653016,103,102
fixed_test,2,1,impressed|2|01,"ac370000, ac370402",1,0.93550986331158748,0.016277004879488688,103,102
fixed_test,2,1,impressed|2|01,"ac370000, ac370402",2,0.93550986331158748,0.010475144798608005,103,102
fixed_test,2,1,impressed|2|01,"ac370000, ac370402",3,0.93550986331158748,0.015521575051344438,103,103
fixed_test,2,1,impressed|2|01,"ac370000, ac370402",4,0.93550986331158748,0.01116517964486996,103,103
fixed_test,2,1,impressed|2|01,"ac370000, ac370402",5,0.93550986331158748,0.019845804984485738,103,103
fixed_test,2,1,impressed|2|01,"ac370000, ac370402",6,0.93550986331158748,0.01116517964486996,103,102
fixed_test,2,1,impressed|2|01,"ac370000, ac370402",7,0.93550986331158748,0.024934717608962931,103,103
fixed_test,2,1,impressed|2|01,"ac370000, ac370402",8,0.93550986331158748,0.010475144798608005,103,103
fixed_test,2,1,impressed|2|01,"ac370000, ac370402",9,0.93550986331158748,0.015521575051344438,103,102
fixed_test,2,1,impressed|2|02,"370401c, ac370000",0,0.93550986331158748,0.025779021534535818,107,107
fixed_test,2,1,impressed|2|02,"370401c, ac370000",1,0.93550986331158748,0.0098251512438967126,107,104
fixed_test,2,1,impressed|2|02,"370401c, ac370000",2,0.93550986331158748,0.0054805784435928429,107,107
fixed_test,2,1,impressed|2|02,"370401c, ac370000",3,0.93550986331158748,0.0011044846127304941,107,105
fixed_test,2,1,impressed|2|02,"370401c, ac370000",4,0.93550986331158748,0.016277004879488688,107,106
fixed_test,2,1,impressed|2|02,"370401c, ac370000",5,0.93550986331158748,0.014810007127860181,107,107
fixed_test,2,1,impressed|2|02,"370401c, ac370000",6,0.93550986331158748,0.006108432493725946,107,107
fixed_test,2,1,impressed|2|02,"370401c, ac370000",7,0.93550986331158748,0.0054805784435928429,107,107
fixed_test,2,1,impressed|2|02,"370401c, ac370000",8,0.93550986331158748,0.0054805784435928429,107,107
fixed_test,2,1,impressed|2|02,"370401c, ac370000",9,0.93550986331158748,0.0011044846127304941,107,106
fixed_test,2,1,impressed|2|03,"ac370000, ac370403",0,0.93550986331158748,0.006108432493725946,104,104
fixed_test,2,1,impressed|2|03,"ac370000, ac370403",1,0.93550986331158748,0.02062209418653016,104,103
fixed_test,2,1,impressed|2|03,"ac370000, ac370403",2,0.93550986331158748,0.006108432493725946,104,102
fixed_test,2,1,impressed|2|03,"ac370000, ac370403",3,0.93550986331158748,0.006108432493725946,104,104
fixed_test,2,1,impressed|2|03,"ac370000, ac370403",4,0.93550986331158748,0.016277004879488688,104,104
fixed_test,2,1,impressed|2|03,"ac370000, ac370403",5,0.93550986331158748,0.026675500116169593,104,104
fixed_test,2,1,impressed|2|03,"ac370000, ac370403",6,0.93550986331158748,0.030994776212230679,104,104
fixed_test,2,1,impressed|2|03,"ac370000, ac370403",7,0.93550986331158748,0.006108432493725946,104,103
fixed_test,2,1,impressed|2|03,"ac370000, ac370403",8,0.93550986331158748,0.006108432493725946,104,104
fixed_test,2,1,impressed|2|03,"ac370000, ac370403",9,0.93550986331158748,0.021446284922166381,104,104
fixed_test,2,1,impressed|2|04,"ac411100, ac419100",0,0.93550986331158748,0.0043320649957279134,85,75
fixed_test,2,1,impressed|2|04,"ac411100, ac419100",1,0.93550986331158748,0,85,81
fixed_test,2,1,impressed|2|04,"ac411100, ac419100",2,0.93550986331158748,0,85,79
fixed_test,2,1,impressed|2|04,"ac411100, ac419100",3,0.93550986331158748,0,85,78
fixed_test,2,1,impressed|2|04,"ac411100, ac419100",4,0.93550986331158748,0.0086361924247042587,85,79
fixed_test,2,1,impressed|2|04,"ac411100, ac419100",5,0.93550986331158748,0,85,74
fixed_test,2,1,impressed|2|04,"ac411100, ac419100",6,0.93550986331158748,0,85,80
fixed_test,2,1,impressed|2|04,"ac411100, ac419100",7,0.93550986331158748,0,85,80
fixed_test,2,1,impressed|2|04,"ac411100, ac419100",8,0.93550986331158748,0,85,80
fixed_test,2,1,impressed|2|04,"ac411100, ac419100",9,0.93550986331158748,0.0043320649957279134,85,81
fixed_test,2,1,impressed|2|05,"ac411100, ac415100",0,0.93550986331158748,0.0043320649957279134,45,44
fixed_test,2,1,impressed|2|05,"ac411100, ac415100",1,0.93550986331158748,0.0086361924247042587,45,42
fixed_test,2,1,impressed|2|05,"ac411100, ac415100",2,0.93550986331158748,0.0043320649957279134,45,44
fixed_test,2,1,impressed|2|05,"ac411100, ac415100",3,0.93550986331158748,0.0043320649957279134,45,43
fixed_test,2,1,impressed|2|05,"ac411100, ac415100",4,0.93550986331158748,0,45,44
fixed_test,2,1,impressed|2|05,"ac411100, ac415100",5,0.93550986331158748,0,45,44
fixed_test,2,1,impressed|2|05,"ac411100, ac415100",6,0.93550986331158748,0.0043320649957279134,45,44
fixed_test,2,1,impressed|2|05,"ac411100, ac415100",7,0.93550986331158748,0.0086361924247042587,45,43
fixed_test,2,1,impressed|2|05,"ac411100, ac415100",8,0.93550986331158748,0,45,44
fixed_test,2,1,impressed|2|05,"ac411100, ac415100",9,0.93550986331158748,0.0043320649957279134,45,43
fixed_test,2,1,impressed|2|06,"ac415100, ac419100",0,0.93550986331158748,0.0043320649957279134,47,44
fixed_test,2,1,impressed|2|06,"ac415100, ac419100",1,0.93550986331158748,0.0043320649957279134,47,46
fixed_test,2,1,impressed|2|06,"ac415100, ac419100",2,0.93550986331158748,0,47,45
fixed_test,2,1,impressed|2|06,"ac415100, ac419100",3,0.93550986331158748,0,47,47
fixed_test,2,1,impressed|2|06,"ac415100, ac419100",4,0.93550986331158748,0,47,46
fixed_test,2,1,impressed|2|06,"ac415100, ac419100",5,0.93550986331158748,0,47,45
fixed_test,2,1,impressed|2|06,"ac415100, ac419100",6,0.93550986331158748,0.0043320649957279134,47,46
fixed_test,2,1,impressed|2|06,"ac415100, ac419100",7,0.93550986331158748,0.0043320649957279134,47,44
fixed_test,2,1,impressed|2|06,"ac415100, ac419100",8,0.93550986331158748,-0.0043614210326270442,47,46
fixed_test,2,1,impressed|2|06,"ac415100, ac419100",9,0.93550986331158748,0.0043320649957279134,47,47
fixed_test,2,1,impressed|2|07,"ac10307, ac411100",0,0.93550986331158748,0.0043320649957279134,33,32
fixed_test,2,1,impressed|2|07,"ac10307, ac411100",1,0.93550986331158748,0,33,32
fixed_test,2,1,impressed|2|07,"ac10307, ac411100",2,0.93550986331158748,0.0043320649957279134,33,32
fixed_test,2,1,impressed|2|07,"ac10307, ac411100",3,0.93550986331158748,0,33,32
fixed_test,2,1,impressed|2|07,"ac10307, ac411100",4,0.93550986331158748,0,33,32
fixed_test,2,1,impressed|2|07,"ac10307, ac411100",5,0.93550986331158748,0,33,31
fixed_test,2,1,impressed|2|07,"ac10307, ac411100",6,0.93550986331158748,0,33,30
fixed_test,2,1,impressed|2|07,"ac10307, ac411100",7,0.93550986331158748,0,33,31
fixed_test,2,1,impressed|2|07,"ac10307, ac411100",8,0.93550986331158748,0,33,32
fixed_test,2,1,impressed|2|07,"ac10307, ac411100",9,0.93550986331158748,0.0043320649957279134,33,32
fixed_test,2,1,impressed|2|08,"ac10307, ac419100",0,0.93550986331158748,0,32,32
fixed_test,2,1,impressed|2|08,"ac10307, ac419100",1,0.93550986331158748,0,32,32
fixed_test,2,1,impressed|2|08,"ac10307, ac419100",2,0.93550986331158748,0.0043320649957279134,32,32
fixed_test,2,1,impressed|2|08,"ac10307, ac419100",3,0.93550986331158748,0.0043320649957279134,32,31
fixed_test,2,1,impressed|2|08,"ac10307, ac419100",4,0.93550986331158748,0.0092128766697732178,32,31
fixed_test,2,1,impressed|2|08,"ac10307, ac419100",5,0.93550986331158748,0.0043320649957279134,32,31
fixed_test,2,1,impressed|2|08,"ac10307, ac419100",6,0.93550986331158748,0.0043320649957279134,32,32
fixed_test,2,1,impressed|2|08,"ac10307, ac419100",7,0.93550986331158748,0,32,32
fixed_test,2,1,impressed|2|08,"ac10307, ac419100",8,0.93550986331158748,0,32,30
fixed_test,2,1,impressed|2|08,"ac10307, ac419100",9,0.93550986331158748,0,32,32
fixed_test,2,1,impressed|2|09,"ac10307, ac415100",0,0.93550986331158748,0.0043320649957279134,17,16
fixed_test,2,1,impressed|2|09,"ac10307, ac415100",1,0.93550986331158748,0,17,17
fixed_test,2,1,impressed|2|09,"ac10307, ac415100",2,0.93550986331158748,0,17,17
fixed_test,2,1,impressed|2|09,"ac10307, ac415100",3,0.93550986331158748,0,17,16
fixed_test,2,1,impressed|2|09,"ac10307, ac415100",4,0.93550986331158748,0,17,17
fixed_test,2,1,impressed|2|09,"ac10307, ac415100",5,0.93550986331158748,0.0043320649957279134,17,17
fixed_test,2,1,impressed|2|09,"ac10307, ac415100",6,0.93550986331158748,0,17,17
fixed_test,2,1,impressed|2|09,"ac10307, ac415100",7,0.93550986331158748,0,17,17
fixed_test,2,1,impressed|2|09,"ac10307, ac415100",8,0.93550986331158748,0,17,17
fixed_test,2,1,impressed|2|09,"ac10307, ac415100",9,0.93550986331158748,0,17,17
fixed_test,2,1,impressed|2|10,"ac355201, ac415100",0,0.93550986331158748,0,12,12
fixed_test,2,1,impressed|2|10,"ac355201, ac415100",1,0.93550986331158748,0,12,12
fixed_test,2,1,impressed|2|10,"ac355201, ac415100",2,0.93550986331158748,0,12,10
fixed_test,2,1,impressed|2|10,"ac355201, ac415100",3,0.93550986331158748,-0.0043614210326270442,12,12
fixed_test,2,1,impressed|2|10,"ac355201, ac415100",4,0.93550986331158748,0,12,10
fixed_test,2,1,impressed|2|10,"ac355201, ac415100",5,0.93550986331158748,-0.0043614210326270442,12,11
fixed_test,2,1,impressed|2|10,"ac355201, ac415100",6,0.93550986331158748,0,12,11
fixed_test,2,1,impressed|2|10,"ac355201, ac415100",7,0.93550986331158748,0,12,12
fixed_test,2,1,impressed|2|10,"ac355201, ac415100",8,0.93550986331158748,0,12,11
fixed_test,2,1,impressed|2|10,"ac355201, ac415100",9,0.93550986331158748,-0.0043614210326270442,12,11
fixed_test,2,1,impressed|3|01,"ac411100, ac415100, ac419100",0,0.93550986331158748,0,42,41
fixed_test,2,1,impressed|3|01,"ac411100, ac415100, ac419100",1,0.93550986331158748,0.0043320649957279134,42,40
fixed_test,2,1,impressed|3|01,"ac411100, ac415100, ac419100",2,0.93550986331158748,0.0086361924247042587,42,39
fixed_test,2,1,impressed|3|01,"ac411100, ac415100, ac419100",3,0.93550986331158748,0.0043320649957279134,42,41
fixed_test,2,1,impressed|3|01,"ac411100, ac415100, ac419100",4,0.93550986331158748,0.0043320649957279134,42,40
fixed_test,2,1,impressed|3|01,"ac411100, ac415100, ac419100",5,0.93550986331158748,0.0086361924247042587,42,41
fixed_test,2,1,impressed|3|01,"ac411100, ac415100, ac419100",6,0.93550986331158748,0.0043320649957279134,42,40
fixed_test,2,1,impressed|3|01,"ac411100, ac415100, ac419100",7,0.93550986331158748,0.0043320649957279134,42,41
fixed_test,2,1,impressed|3|01,"ac411100, ac415100, ac419100",8,0.93550986331158748,0.0043320649957279134,42,40
fixed_test,2,1,impressed|3|01,"ac411100, ac415100, ac419100",9,0.93550986331158748,0,42,39
fixed_test,2,1,impressed|3|02,"ac10307, ac411100, ac419100",0,0.93550986331158748,0,30,30
fixed_test,2,1,impressed|3|02,"ac10307, ac411100, ac419100",1,0.93550986331158748,0,30,30
fixed_test,2,1,impressed|3|02,"ac10307, ac411100, ac419100",2,0.93550986331158748,-0.0043614210326270442,30,29
fixed_test,2,1,impressed|3|02,"ac10307, ac411100, ac419100",3,0.93550986331158748,0.0043320649957279134,30,30
fixed_test,2,1,impressed|3|02,"ac10307, ac411100, ac419100",4,0.93550986331158748,0.0043320649957279134,30,29
fixed_test,2,1,impressed|3|02,"ac10307, ac411100, ac419100",5,0.93550986331158748,0,30,29
fixed_test,2,1,impressed|3|02,"ac10307, ac411100, ac419100",6,0.93550986331158748,-0.0043614210326270442,30,30
fixed_test,2,1,impressed|3|02,"ac10307, ac411100, ac419100",7,0.93550986331158748,0,30,29
fixed_test,2,1,impressed|3|02,"ac10307, ac411100, ac419100",8,0.93550986331158748,-0.0043614210326270442,30,30
fixed_test,2,1,impressed|3|02,"ac10307, ac411100, ac419100",9,0.93550986331158748,0,30,30
fixed_test,2,1,impressed|3|03,"ac370000, ac411100, ac415100",0,0.93550986331158748,0,23,23
fixed_test,2,1,impressed|3|03,"ac370000, ac411100, ac415100",1,0.93550986331158748,0,23,23
fixed_test,2,1,impressed|3|03,"ac370000, ac411100, ac415100",2,0.93550986331158748,0.0043320649957279134,23,23
fixed_test,2,1,impressed|3|03,"ac370000, ac411100, ac415100",3,0.93550986331158748,0,23,23
fixed_test,2,1,impressed|3|03,"ac370000, ac411100, ac415100",4,0.93550986331158748,0,23,23
fixed_test,2,1,impressed|3|03,"ac370000, ac411100, ac415100",5,0.93550986331158748,0.0043320649957279134,23,23
fixed_test,2,1,impressed|3|03,"ac370000, ac411100, ac415100",6,0.93550986331158748,0,23,23
fixed_test,2,1,impressed|3|03,"ac370000, ac411100, ac415100",7,0.93550986331158748,0,23,23
fixed_test,2,1,impressed|3|03,"ac370000, ac411100, ac415100",8,0.93550986331158748,0,23,23
fixed_test,2,1,impressed|3|03,"ac370000, ac411100, ac415100",9,0.93550986331158748,0,23,23
fixed_test,2,1,impressed|3|04,"ac355201, ac415100, ac419100",0,0.93550986331158748,0,12,12
fixed_test,2,1,impressed|3|04,"ac355201, ac415100, ac419100",1,0.93550986331158748,-0.0043614210326270442,12,12
fixed_test,2,1,impressed|3|04,"ac355201, ac415100, ac419100",2,0.93550986331158748,-0.0043614210326270442,12,12
fixed_test,2,1,impressed|3|04,"ac355201, ac415100, ac419100",3,0.93550986331158748,-0.0043614210326270442,12,12
fixed_test,2,1,impressed|3|04,"ac355201, ac415100, ac419100",4,0.93550986331158748,0,12,12
fixed_test,2,1,impressed|3|04,"ac355201, ac415100, ac419100",5,0.93550986331158748,0,12,12
fixed_test,2,1,impressed|3|04,"ac355201, ac415100, ac419100",6,0.93550986331158748,0,12,12
fixed_test,2,1,impressed|3|04,"ac355201, ac415100, ac419100",7,0.93550986331158748,0,12,12
fixed_test,2,1,impressed|3|04,"ac355201, ac415100, ac419100",8,0.93550986331158748,0,12,12
fixed_test,2,1,impressed|3|04,"ac355201, ac415100, ac419100",9,0.93550986331158748,0,12,11
fixed_test,2,1,impressed|3|05,"ac355201, ac411100, ac419100",0,0.93550986331158748,0,11,11
fixed_test,2,1,impressed|3|05,"ac355201, ac411100, ac419100",1,0.93550986331158748,0,11,11
fixed_test,2,1,impressed|3|05,"ac355201, ac411100, ac419100",2,0.93550986331158748,0,11,11
fixed_test,2,1,impressed|3|05,"ac355201, ac411100, ac419100",3,0.93550986331158748,0,11,11
fixed_test,2,1,impressed|3|05,"ac355201, ac411100, ac419100",4,0.93550986331158748,0.0043320649957279134,11,11
fixed_test,2,1,impressed|3|05,"ac355201, ac411100, ac419100",5,0.93550986331158748,0.0043320649957279134,11,11
fixed_test,2,1,impressed|3|05,"ac355201, ac411100, ac419100",6,0.93550986331158748,0,11,11
fixed_test,2,1,impressed|3|05,"ac355201, ac411100, ac419100",7,0.93550986331158748,0,11,11
fixed_test,2,1,impressed|3|05,"ac355201, ac411100, ac419100",8,0.93550986331158748,0,11,11
fixed_test,2,1,impressed|3|05,"ac355201, ac411100, ac419100",9,0.93550986331158748,0,11,11
fixed_test,2,1,impressed|3|06,"ac355427, ac415100, ac419100",0,0.93550986331158748,0,3,3
fixed_test,2,1,impressed|3|06,"ac355427, ac415100, ac419100",1,0.93550986331158748,0,3,3
fixed_test,2,1,impressed|3|06,"ac355427, ac415100, ac419100",2,0.93550986331158748,0,3,2
fixed_test,2,1,impressed|3|06,"ac355427, ac415100, ac419100",3,0.93550986331158748,0,3,3
fixed_test,2,1,impressed|3|06,"ac355427, ac415100, ac419100",4,0.93550986331158748,0,3,3
fixed_test,2,1,impressed|3|06,"ac355427, ac415100, ac419100",5,0.93550986331158748,0,3,3
fixed_test,2,1,impressed|3|06,"ac355427, ac415100, ac419100",6,0.93550986331158748,0,3,3
fixed_test,2,1,impressed|3|06,"ac355427, ac415100, ac419100",7,0.93550986331158748,0,3,3
fixed_test,2,1,impressed|3|06,"ac355427, ac415100, ac419100",8,0.93550986331158748,0,3,3
fixed_test,2,1,impressed|3|06,"ac355427, ac415100, ac419100",9,0.93550986331158748,0,3,3
fixed_test,2,1,impressed|3|07,"370407, ac10307, ac370000",0,0.93550986331158748,0.0048891506067246793,11,11
fixed_test,2,1,impressed|3|07,"370407, ac10307, ac370000",1,0.93550986331158748,-0.0048442285621573822,11,11
fixed_test,2,1,impressed|3|07,"370407, ac10307, ac370000",2,0.93550986331158748,0.0048891506067246793,11,11
fixed_test,2,1,impressed|3|07,"370407, ac10307, ac370000",3,0.93550986331158748,-0.0048442285621573822,11,11
fixed_test,2,1,impressed|3|07,"370407, ac10307, ac370000",4,0.93550986331158748,-0.0048442285621573822,11,11
fixed_test,2,1,impressed|3|07,"370407, ac10307, ac370000",5,0.93550986331158748,0,11,11
fixed_test,2,1,impressed|3|07,"370407, ac10307, ac370000",6,0.93550986331158748,0,11,11
fixed_test,2,1,impressed|3|07,"370407, ac10307, ac370000",7,0.93550986331158748,0,11,11
fixed_test,2,1,impressed|3|07,"370407, ac10307, ac370000",8,0.93550986331158748,-0.0096453898535747706,11,11
fixed_test,2,1,impressed|3|07,"370407, ac10307, ac370000",9,0.93550986331158748,-0.0048442285621573822,11,11
fixed_test,2,1,impressed|3|08,"376400, ac370000, ac411100",0,0.93550986331158748,0,6,6
fixed_test,2,1,impressed|3|08,"376400, ac370000, ac411100",1,0.93550986331158748,0,6,6
fixed_test,2,1,impressed|3|08,"376400, ac370000, ac411100",2,0.93550986331158748,0,6,6
fixed_test,2,1,impressed|3|08,"376400, ac370000, ac411100",3,0.93550986331158748,0,6,6
fixed_test,2,1,impressed|3|08,"376400, ac370000, ac411100",4,0.93550986331158748,0,6,6
fixed_test,2,1,impressed|3|08,"376400, ac370000, ac411100",5,0.93550986331158748,0,6,6
fixed_test,2,1,impressed|3|08,"376400, ac370000, ac411100",6,0.93550986331158748,0,6,6
fixed_test,2,1,impressed|3|08,"376400, ac370000, ac411100",7,0.93550986331158748,0,6,6
fixed_test,2,1,impressed|3|08,"376400, ac370000, ac411100",8,0.93550986331158748,0,6,6
fixed_test,2,1,impressed|3|08,"376400, ac370000, ac411100",9,0.93550986331158748,0,6,6
fixed_test,2,1,impressed|3|09,"ac410500, ac411100, ac415100",0,0.93550986331158748,0,1,1
fixed_test,2,1,impressed|3|09,"ac410500, ac411100, ac415100",1,0.93550986331158748,0,1,1
fixed_test,2,1,impressed|3|09,"ac410500, ac411100, ac415100",2,0.93550986331158748,0,1,1
fixed_test,2,1,impressed|3|09,"ac410500, ac411100, ac415100",3,0.93550986331158748,0,1,1
fixed_test,2,1,impressed|3|09,"ac410500, ac411100, ac415100",4,0.93550986331158748,0,1,1
fixed_test,2,1,impressed|3|09,"ac410500, ac411100, ac415100",5,0.93550986331158748,0,1,1
fixed_test,2,1,impressed|3|09,"ac410500, ac411100, ac415100",6,0.93550986331158748,0,1,1
fixed_test,2,1,impressed|3|09,"ac410500, ac411100, ac415100",7,0.93550986331158748,0,1,1
fixed_test,2,1,impressed|3|09,"ac410500, ac411100, ac415100",8,0.93550986331158748,0,1,1
fixed_test,2,1,impressed|3|09,"ac410500, ac411100, ac415100",9,0.93550986331158748,0,1,1
fixed_test,2,1,impressed|3|10,"ac379999, ac415100, ac419100",0,0.93550986331158748,0.0043320649957279134,23,23
fixed_test,2,1,impressed|3|10,"ac379999, ac415100, ac419100",1,0.93550986331158748,0.0043320649957279134,23,23
fixed_test,2,1,impressed|3|10,"ac379999, ac415100, ac419100",2,0.93550986331158748,0.0043320649957279134,23,23
fixed_test,2,1,impressed|3|10,"ac379999, ac415100, ac419100",3,0.93550986331158748,0.0043320649957279134,23,23
fixed_test,2,1,impressed|3|10,"ac379999, ac415100, ac419100",4,0.93550986331158748,0.0086361924247042587,23,23
fixed_test,2,1,impressed|3|10,"ac379999, ac415100, ac419100",5,0.93550986331158748,0.0043320649957279134,23,23
fixed_test,2,1,impressed|3|10,"ac379999, ac415100, ac419100",6,0.93550986331158748,0.0043320649957279134,23,23
fixed_test,2,1,impressed|3|10,"ac379999, ac415100, ac419100",7,0.93550986331158748,-0.0043614210326270442,23,23
fixed_test,2,1,impressed|3|10,"ac379999, ac415100, ac419100",8,0.93550986331158748,0.0043320649957279134,23,23
fixed_test,2,1,impressed|3|10,"ac379999, ac415100, ac419100",9,0.93550986331158748,-0.0043614210326270442,23,23
fixed_train,2,1,apriori|1|01,ac419100,0,0.99207873349174813,0.027411641458957359,605,513
fixed_train,2,1,apriori|1|01,ac419100,1,0.99207873349174813,0.032196453475671016,605,510
fixed_train,2,1,apriori|1|01,ac419100,2,0.99207873349174813,0.028793093171290085,605,488
fixed_train,2,1,apriori|1|01,ac419100,3,0.99207873349174813,0.025319130049855532,605,511
fixed_train,2,1,apriori|1|01,ac419100,4,0.99207873349174813,0.032044850470914099,605,501
fixed_train,2,1,apriori|1|01,ac419100,5,0.99207873349174813,0.029691183908454599,605,508
fixed_train,2,1,apriori|1|01,ac419100,6,0.99207873349174813,0.027543932968483231,605,499
fixed_train,2,1,apriori|1|01,ac419100,7,0.99207873349174813,0.02507159178915308,605,494
fixed_train,2,1,apriori|1|01,ac419100,8,0.99207873349174813,0.030939369139296735,605,493
fixed_train,2,1,apriori|1|01,ac419100,9,0.99207873349174813,0.029904012333732521,605,499
fixed_train,2,1,apriori|1|02,ac370000,0,0.99207873349174813,0.18141734659065367,569,567
fixed_train,2,1,apriori|1|02,ac370000,1,0.99207873349174813,0.17771967379493459,569,563
fixed_train,2,1,apriori|1|02,ac370000,2,0.99207873349174813,0.17608629389959141,569,564
fixed_train,2,1,apriori|1|02,ac370000,3,0.99207873349174813,0.17379260409540132,569,566
fixed_train,2,1,apriori|1|02,ac370000,4,0.99207873349174813,0.19031877898661742,569,567
fixed_train,2,1,apriori|1|02,ac370000,5,0.99207873349174813,0.17446010551006996,569,562
fixed_train,2,1,apriori|1|02,ac370000,6,0.99207873349174813,0.17676646058174372,569,568
fixed_train,2,1,apriori|1|02,ac370000,7,0.99207873349174813,0.18072061734711542,569,560
fixed_train,2,1,apriori|1|02,ac370000,8,0.99207873349174813,0.17313626591321041,569,562
fixed_train,2,1,apriori|1|02,ac370000,9,0.99207873349174813,0.18169320716512538,569,565
fixed_train,2,1,apriori|1|03,370407,0,0.99207873349174813,0.013655689605219345,469,452
fixed_train,2,1,apriori|1|03,370407,1,0.99207873349174813,0.019408111922012861,469,441
fixed_train,2,1,apriori|1|03,370407,2,0.99207873349174813,0.012538490648762779,469,445
fixed_train,2,1,apriori|1|03,370407,3,0.99207873349174813,0.017130663719490902,469,451
fixed_train,2,1,apriori|1|03,370407,4,0.99207873349174813,0.018245483175896915,469,452
fixed_train,2,1,apriori|1|03,370407,5,0.99207873349174813,0.014853215516968832,469,447
fixed_train,2,1,apriori|1|03,370407,6,0.99207873349174813,0.014853215516968832,469,450
fixed_train,2,1,apriori|1|03,370407,7,0.99207873349174813,0.01717690971754271,469,450
fixed_train,2,1,apriori|1|03,370407,8,0.99207873349174813,0.016013929211470379,469,453
fixed_train,2,1,apriori|1|03,370407,9,0.99207873349174813,0.013694744100392731,469,439
fixed_train,2,1,apriori|1|04,ac370419,0,0.99207873349174813,0.014937930931482546,459,440
fixed_train,2,1,apriori|1|04,ac370419,1,0.99207873349174813,0.013774625566152499,459,431
fixed_train,2,1,apriori|1|04,ac370419,2,0.99207873349174813,0.012652011187509138,459,439
fixed_train,2,1,apriori|1|04,ac370419,3,0.99207873349174813,0.014853215516968832,459,443
fixed_train,2,1,apriori|1|04,ac370419,4,0.99207873349174813,0.010265184297983176,459,444
fixed_train,2,1,apriori|1|04,ac370419,5,0.99207873349174813,0.011419374562640749,459,436
fixed_train,2,1,apriori|1|04,ac370419,6,0.99207873349174813,0.008020870909402511,459,441
fixed_train,2,1,apriori|1|04,ac370419,7,0.99207873349174813,0.015926948143479391,459,439
fixed_train,2,1,apriori|1|04,ac370419,8,0.99207873349174813,0.0091440050248885463,459,438
fixed_train,2,1,apriori|1|04,ac370419,9,0.99207873349174813,0.017223850675456065,459,431
fixed_train,2,1,apriori|1|05,ac370443,0,0.99207873349174813,0.0056699714697832082,449,432
fixed_train,2,1,apriori|1|05,ac370443,1,0.99207873349174813,0.0090827982051117084,449,432
fixed_train,2,1,apriori|1|05,ac370443,2,0.99207873349174813,0.0091753018629784355,449,421
fixed_train,2,1,apriori|1|05,ac370443,3,0.99207873349174813,0.0068155895766633945,449,423
fixed_train,2,1,apriori|1|05,ac370443,4,0.99207873349174813,0.011350006833560244,449,424
fixed_train,2,1,apriori|1|05,ac370443,5,0.99207873349174813,0.007991877947203907,449,427
fixed_train,2,1,apriori|1|05,ac370443,6,0.99207873349174813,0.011384431066959189,449,432
fixed_train,2,1,apriori|1|05,ac370443,7,0.99207873349174813,0.011419374562640749,449,426
fixed_train,2,1,apriori|1|05,ac370443,8,0.99207873349174813,0.0057185715964246375,449,419
fixed_train,2,1,apriori|1|05,ac370443,9,0.99207873349174813,0.0091131725286991427,449,427
fixed_train,2,1,apriori|1|06,ac370442,0,0.99207873349174813,0.007963315477057642,447,424
fixed_train,2,1,apriori|1|06,ac370442,1,0.99207873349174813,0.010265184297983176,447,423
fixed_train,2,1,apriori|1|06,ac370442,2,0.99207873349174813,0.007963315477057642,447,429
fixed_train,2,1,apriori|1|06,ac370442,3,0.99207873349174813,0.010232541474958889,447,427
fixed_train,2,1,apriori|1|06,ac370442,4,0.99207873349174813,0.00457065545217894,447,430
fixed_train,2,1,apriori|1|06,ac370442,5,0.99207873349174813,0.012575767314446762,447,428
fixed_train,2,1,apriori|1|06,ac370442,6,0.99207873349174813,0.011419374562640749,447,418
fixed_train,2,1,apriori|1|06,ac370442,7,0.99207873349174813,0.007991877947203907,447,427
fixed_train,2,1,apriori|1|06,ac370442,8,0.99207873349174813,0.0068419139904389858,447,425
fixed_train,2,1,apriori|1|06,ac370442,9,0.99207873349174813,0.003424863481254925,447,419
fixed_train,2,1,apriori|1|07,370712b,0,0.99207873349174813,0.007963315477057642,438,412
fixed_train,2,1,apriori|1|07,370712b,1,0.99207873349174813,0.007991877947203907,438,415
fixed_train,2,1,apriori|1|07,370712b,2,0.99207873349174813,0.0091131725286991427,438,422
fixed_train,2,1,apriori|1|07,370712b,3,0.99207873349174813,0.007991877947203907,438,418
fixed_train,2,1,apriori|1|07,370712b,4,0.99207873349174813,0.0068419139904389858,438,421
fixed_train,2,1,apriori|1|07,370712b,5,0.99207873349174813,0.0091131725286991427,438,427
fixed_train,2,1,apriori|1|07,370712b,6,0.99207873349174813,0.0079351777994557393,438,415
fixed_train,2,1,apriori|1|07,370712b,7,0.99207873349174813,0.010331952565053371,438,419
fixed_train,2,1,apriori|1|07,370712b,8,0.99207873349174813,0.00457065545217894,438,415
fixed_train,2,1,apriori|1|07,370712b,9,0.99207873349174813,0.0090827982051117084,438,421
fixed_train,2,1,apriori|1|08,370715a,0,0.99207873349174813,0.0068686354871365651,433,413
fixed_train,2,1,apriori|1|08,370715a,1,0.99207873349174813,0.0090827982051117084,433,403
fixed_train,2,1,apriori|1|08,370715a,2,0.99207873349174813,0.0056940894791562835,433,415
fixed_train,2,1,apriori|1|08,370715a,3,0.99207873349174813,0.0091440050248885463,433,411
fixed_train,2,1,apriori|1|08,370715a,4,0.99207873349174813,0.013734386761973139,433,409
fixed_train,2,1,apriori|1|08,370715a,5,0.99207873349174813,0.0068686354871365651,433,417
fixed_train,2,1,apriori|1|08,370715a,6,0.99207873349174813,0.010298319111924692,433,414
fixed_train,2,1,apriori|1|08,370715a,7,0.99207873349174813,0.010331952565053371,433,412
fixed_train,2,1,apriori|1|08,370715a,8,0.99207873349174813,0.003424863481254925,433,410
fixed_train,2,1,apriori|1|08,370715a,9,0.99207873349174813,0.00457065545217894,433,417
fixed_train,2,1,apriori|1|09,370488e,0,0.99207873349174813,0.011419374562640749,428,404
fixed_train,2,1,apriori|1|09,370488e,1,0.99207873349174813,0.0068419139904389858,428,405
fixed_train,2,1,apriori|1|09,370488e,2,0.99207873349174813,0.011384431066959189,428,412
fixed_train,2,1,apriori|1|09,370488e,3,0.99207873349174813,0.0057185715964246375,428,401
fixed_train,2,1,apriori|1|09,370488e,4,0.99207873349174813,0.010265184297983176,428,406
fixed_train,2,1,apriori|1|09,370488e,5,0.99207873349174813,0.010265184297983176,428,411
fixed_train,2,1,apriori|1|09,370488e,6,0.99207873349174813,0.0068419139904389858,428,402
fixed_train,2,1,apriori|1|09,370488e,7,0.99207873349174813,0.015970113638144823,428,411
fixed_train,2,1,apriori|1|09,370488e,8,0.99207873349174813,0.012538490648762779,428,405
fixed_train,2,1,apriori|1|09,370488e,9,0.99207873349174813,0.010298319111924692,428,409
fixed_train,2,1,apriori|1|10,370488g,0,0.99207873349174813,0.0056699714697832082,427,408
fixed_train,2,1,apriori|1|10,370488g,1,0.99207873349174813,0.0090827982051117084,427,403
fixed_train,2,1,apriori|1|10,370488g,2,0.99207873349174813,0.0091131725286991427,427,403
fixed_train,2,1,apriori|1|10,370488g,3,0.99207873349174813,0.011419374562640749,427,407
fixed_train,2,1,apriori|1|10,370488g,4,0.99207873349174813,0.0090827982051117084,427,400
fixed_train,2,1,apriori|1|10,370488g,5,0.99207873349174813,0.0090827982051117084,427,410
fixed_train,2,1,apriori|1|10,370488g,6,0.99207873349174813,0.0091131725286991427,427,401
fixed_train,2,1,apriori|1|10,370488g,7,0.99207873349174813,0.010232541474958889,427,406
fixed_train,2,1,apriori|1|10,370488g,8,0.99207873349174813,0.0068419139904389858,427,405
fixed_train,2,1,apriori|1|10,370488g,9,0.99207873349174813,0.013694744100392731,427,397
fixed_train,2,1,apriori|2|01,"370407, ac370000",0,0.99207873349174813,0.03362696649974295,469,467
fixed_train,2,1,apriori|2|01,"370407, ac370000",1,0.99207873349174813,0.031318731332632188,469,467
fixed_train,2,1,apriori|2|01,"370407, ac370000",2,0.99207873349174813,0.027749901811893629,469,466
fixed_train,2,1,apriori|2|01,"370407, ac370000",3,0.99207873349174813,0.034570833586699101,469,467
fixed_train,2,1,apriori|2|01,"370407, ac370000",4,0.99207873349174813,0.036023841679828195,469,464
fixed_train,2,1,apriori|2|01,"370407, ac370000",5,0.99207873349174813,0.030202959570663879,469,465
fixed_train,2,1,apriori|2|01,"370407, ac370000",6,0.99207873349174813,0.036955364604189023,469,465
fixed_train,2,1,apriori|2|01,"370407, ac370000",7,0.99207873349174813,0.041656192830176852,469,463
fixed_train,2,1,apriori|2|01,"370407, ac370000",8,0.99207873349174813,0.026702260998410443,469,468
fixed_train,2,1,apriori|2|01,"370407, ac370000",9,0.99207873349174813,0.033544227538421789,469,464
fixed_train,2,1,apriori|2|02,"ac370000, ac370419",0,0.99207873349174813,0.03005126750996745,459,455
fixed_train,2,1,apriori|2|02,"ac370000, ac370419",1,0.99207873349174813,0.031318731332632188,459,455
fixed_train,2,1,apriori|2|02,"ac370000, ac370419",2,0.99207873349174813,0.037134637039557772,459,455
fixed_train,2,1,apriori|2|02,"ac370000, ac370419",3,0.99207873349174813,0.027892400414365914,459,457
fixed_train,2,1,apriori|2|02,"ac370000, ac370419",4,0.99207873349174813,0.033544227538421789,459,457
fixed_train,2,1,apriori|2|02,"ac370000, ac370419",5,0.99207873349174813,0.037044336147532331,459,457
fixed_train,2,1,apriori|2|02,"ac370000, ac370419",6,0.99207873349174813,0.034824077883259807,459,456
fixed_train,2,1,apriori|2|02,"ac370000, ac370419",7,0.99207873349174813,0.038243436833964473,459,458
fixed_train,2,1,apriori|2|02,"ac370000, ac370419",8,0.99207873349174813,0.031240588980273154,459,456
fixed_train,2,1,apriori|2|02,"ac370000, ac370419",9,0.99207873349174813,0.034824077883259807,459,458
fixed_train,2,1,apriori|2|03,"370407, ac370419",0,0.99207873349174813,0.017271496118561713,448,443
fixed_train,2,1,apriori|2|03,"370407, ac370419",1,0.99207873349174813,0.016058403679247713,448,447
fixed_train,2,1,apriori|2|03,"370407, ac370419",2,0.99207873349174813,0.020573014110465193,448,446
fixed_train,2,1,apriori|2|03,"370407, ac370419",3,0.99207873349174813,0.02062595990543814,448,447
fixed_train,2,1,apriori|2|03,"370407, ac370419",4,0.99207873349174813,0.016058403679247713,448,448
fixed_train,2,1,apriori|2|03,"370407, ac370419",5,0.99207873349174813,0.017085103350321429,448,448
fixed_train,2,1,apriori|2|03,"370407, ac370419",6,0.99207873349174813,0.018391623426099901,448,445
fixed_train,2,1,apriori|2|03,"370407, ac370419",7,0.99207873349174813,0.018342181792342926,448,447
fixed_train,2,1,apriori|2|03,"370407, ac370419",8,0.99207873349174813,0.024021866870032271,448,448
fixed_train,2,1,apriori|2|03,"370407, ac370419",9,0.99207873349174813,0.024021866870032271,448,444
fixed_train,2,1,apriori|2|04,"ac370000, ac370443",0,0.99207873349174813,0.033225288883270143,449,445
fixed_train,2,1,apriori|2|04,"ac370000, ac370443",1,0.99207873349174813,0.025383352485088051,449,447
fixed_train,2,1,apriori|2|04,"ac370000, ac370443",2,0.99207873349174813,0.032432479464887698,449,447
fixed_train,2,1,apriori|2|04,"ac370000, ac370443",3,0.99207873349174813,0.031318731332632188,449,446
fixed_train,2,1,apriori|2|04,"ac370000, ac370443",4,0.99207873349174813,0.027346961326905062,449,445
fixed_train,2,1,apriori|2|04,"ac370000, ac370443",5,0.99207873349174813,0.030126551123565548,449,447
fixed_train,2,1,apriori|2|04,"ac370000, ac370443",6,0.99207873349174813,0.03235263320804127,449,443
fixed_train,2,1,apriori|2|04,"ac370000, ac370443",7,0.99207873349174813,0.035935201666853822,449,445
fixed_train,2,1,apriori|2|04,"ac370000, ac370443",8,0.99207873349174813,0.033382388131232843,449,446
fixed_train,2,1,apriori|2|04,"ac370000, ac370443",9,0.99207873349174813,0.027543932968483231,449,444
fixed_train,2,1,apriori|2|05,"ac370419, ac370443",0,0.99207873349174813,0.015970113638144823,447,447
fixed_train,2,1,apriori|2|05,"ac370419, ac370443",1,0.99207873349174813,0.011419374562640749,447,446
fixed_train,2,1,apriori|2|05,"ac370419, ac370443",2,0.99207873349174813,0.012538490648762779,447,445
fixed_train,2,1,apriori|2|05,"ac370419, ac370443",3,0.99207873349174813,0.013655689605219345,447,445
fixed_train,2,1,apriori|2|05,"ac370419, ac370443",4,0.99207873349174813,0.014853215516968832,447,446
fixed_train,2,1,apriori|2|05,"ac370419, ac370443",5,0.99207873349174813,0.015926948143479391,447,444
fixed_train,2,1,apriori|2|05,"ac370419, ac370443",6,0.99207873349174813,0.019561747266453766,447,443
fixed_train,2,1,apriori|2|05,"ac370419, ac370443",7,0.99207873349174813,0.015926948143479391,447,444
fixed_train,2,1,apriori|2|05,"ac370419, ac370443",8,0.99207873349174813,0.014811796999542048,447,447
fixed_train,2,1,apriori|2|05,"ac370419, ac370443",9,0.99207873349174813,0.011490847453057396,447,445
fixed_train,2,1,apriori|2|06,"ac370000, ac370442",0,0.99207873349174813,0.026565378134266182,447,445
fixed_train,2,1,apriori|2|06,"ac370000, ac370442",1,0.99207873349174813,0.045384346115134311,447,444
fixed_train,2,1,apriori|2|06,"ac370000, ac370442",2,0.99207873349174813,0.025448536113819586,447,445
fixed_train,2,1,apriori|2|06,"ac370000, ac370442",3,0.99207873349174813,0.025383352485088051,447,444
fixed_train,2,1,apriori|2|06,"ac370000, ac370442",4,0.99207873349174813,0.029904012333732521,447,443
fixed_train,2,1,apriori|2|06,"ac370000, ac370442",5,0.99207873349174813,0.03005126750996745,447,441
fixed_train,2,1,apriori|2|06,"ac370000, ac370442",6,0.99207873349174813,0.028793093171290085,447,444
fixed_train,2,1,apriori|2|06,"ac370000, ac370442",7,0.99207873349174813,0.031240588980273154,447,443
fixed_train,2,1,apriori|2|06,"ac370000, ac370442",8,0.99207873349174813,0.032196453475671016,447,445
fixed_train,2,1,apriori|2|06,"ac370000, ac370442",9,0.99207873349174813,0.031240588980273154,447,446
fixed_train,2,1,apriori|2|07,"ac370442, ac370443",0,0.99207873349174813,0.011419374562640749,445,445
fixed_train,2,1,apriori|2|07,"ac370442, ac370443",1,0.99207873349174813,0.011384431066959189,445,444
fixed_train,2,1,apriori|2|07,"ac370442, ac370443",2,0.99207873349174813,0.0091440050248885463,445,441
fixed_train,2,1,apriori|2|07,"ac370442, ac370443",3,0.99207873349174813,0.010298319111924692,445,445
fixed_train,2,1,apriori|2|07,"ac370442, ac370443",4,0.99207873349174813,0.007963315477057642,445,444
fixed_train,2,1,apriori|2|07,"ac370442, ac370443",5,0.99207873349174813,0.011419374562640749,445,443
fixed_train,2,1,apriori|2|07,"ac370442, ac370443",6,0.99207873349174813,0.013734386761973139,445,440
fixed_train,2,1,apriori|2|07,"ac370442, ac370443",7,0.99207873349174813,0.011419374562640749,445,441
fixed_train,2,1,apriori|2|07,"ac370442, ac370443",8,0.99207873349174813,0.011490847453057396,445,442
fixed_train,2,1,apriori|2|07,"ac370442, ac370443",9,0.99207873349174813,0.010298319111924692,445,443
fixed_train,2,1,apriori|2|08,"ac370419, ac370442",0,0.99207873349174813,0.010265184297983176,444,441
fixed_train,2,1,apriori|2|08,"ac370419, ac370442",1,0.99207873349174813,0.014895257333379597,444,440
fixed_train,2,1,apriori|2|08,"ac370419, ac370442",2,0.99207873349174813,0.010265184297983176,444,443
fixed_train,2,1,apriori|2|08,"ac370419, ac370442",3,0.99207873349174813,0.019358409701101031,444,441
fixed_train,2,1,apriori|2|08,"ac370419, ac370442",4,0.99207873349174813,0.014895257333379597,444,442
fixed_train,2,1,apriori|2|08,"ac370419, ac370442",5,0.99207873349174813,0.012575767314446762,444,444
fixed_train,2,1,apriori|2|08,"ac370419, ac370442",6,0.99207873349174813,0.012613604949216595,444,443
fixed_train,2,1,apriori|2|08,"ac370419, ac370442",7,0.99207873349174813,0.014937930931482546,444,443
fixed_train,2,1,apriori|2|08,"ac370419, ac370442",8,0.99207873349174813,0.012575767314446762,444,439
fixed_train,2,1,apriori|2|08,"ac370419, ac370442",9,0.99207873349174813,0.013734386761973139,444,439
fixed_train,2,1,apriori|2|09,"370407, ac370443",0,0.99207873349174813,0.018293471660967842,438,437
fixed_train,2,1,apriori|2|09,"370407, ac370443",1,0.99207873349174813,0.018198206681739437,438,437
fixed_train,2,1,apriori|2|09,"370407, ac370443",2,0.99207873349174813,0.01717690971754271,438,436
fixed_train,2,1,apriori|2|09,"370407, ac370443",3,0.99207873349174813,0.017085103350321429,438,434
fixed_train,2,1,apriori|2|09,"370407, ac370443",4,0.99207873349174813,0.01361721546200878,438,436
fixed_train,2,1,apriori|2|09,"370407, ac370443",5,0.99207873349174813,0.014770993470761828,438,436
fixed_train,2,1,apriori|2|09,"370407, ac370443",6,0.99207873349174813,0.012613604949216595,438,434
fixed_train,2,1,apriori|2|09,"370407, ac370443",7,0.99207873349174813,0.014770993470761828,438,437
fixed_train,2,1,apriori|2|09,"370407, ac370443",8,0.99207873349174813,0.014895257333379597,438,437
fixed_train,2,1,apriori|2|09,"370407, ac370443",9,0.99207873349174813,0.017223850675456065,438,437
fixed_train,2,1,apriori|2|10,"370712b, ac370000",0,0.99207873349174813,0.019408111922012861,438,435
fixed_train,2,1,apriori|2|10,"370712b, ac370000",1,0.99207873349174813,0.027543932968483231,438,434
fixed_train,2,1,apriori|2|10,"370712b, ac370000",2,0.99207873349174813,0.022909738018533354,438,434
fixed_train,2,1,apriori|2|10,"370712b, ac370000",3,0.99207873349174813,0.028653449395323438,438,437
fixed_train,2,1,apriori|2|10,"370712b, ac370000",4,0.99207873349174813,0.024203798211347327,438,435
fixed_train,2,1,apriori|2|10,"370712b, ac370000",5,0.99207873349174813,0.023147170415745655,438,436
fixed_train,2,1,apriori|2|10,"370712b, ac370000",6,0.99207873349174813,0.03235263320804127,438,434
fixed_train,2,1,apriori|2|10,"370712b, ac370000",7,0.99207873349174813,0.025448536113819586,438,437
fixed_train,2,1,apriori|2|10,"370712b, ac370000",8,0.99207873349174813,0.024081609907376289,438,437
fixed_train,2,1,apriori|2|10,"370712b, ac370000",9,0.99207873349174813,0.029085140386973407,438,433
fixed_train,2,1,apriori|3|01,"370407, ac370000, ac370419",0,0.99207873349174813,0.031398040817925077,448,447
fixed_train,2,1,apriori|3|01,"370407, ac370000, ac370419",1,0.99207873349174813,0.034911027108899595,448,447
fixed_train,2,1,apriori|3|01,"370407, ac370000, ac370419",2,0.99207873349174813,0.039839302986138803,448,447
fixed_train,2,1,apriori|3|01,"370407, ac370000, ac370419",3,0.99207873349174813,0.041959361463870692,448,447
fixed_train,2,1,apriori|3|01,"370407, ac370000, ac370419",4,0.99207873349174813,0.032595767994459068,448,446
fixed_train,2,1,apriori|3|01,"370407, ac370000, ac370419",5,0.99207873349174813,0.034999273839853684,448,447
fixed_train,2,1,apriori|3|01,"370407, ac370000, ac370419",6,0.99207873349174813,0.029085140386973407,448,448
fixed_train,2,1,apriori|3|01,"370407, ac370000, ac370419",7,0.99207873349174813,0.031398040817925077,448,447
fixed_train,2,1,apriori|3|01,"370407, ac370000, ac370419",8,0.99207873349174813,0.032513518726961954,448,447
fixed_train,2,1,apriori|3|01,"370407, ac370000, ac370419",9,0.99207873349174813,0.034911027108899595,448,446
fixed_train,2,1,apriori|3|02,"ac370000, ac370419, ac370443",0,0.99207873349174813,0.029904012333732521,447,447
fixed_train,2,1,apriori|3|02,"ac370000, ac370419, ac370443",1,0.99207873349174813,0.025383352485088051,447,447
fixed_train,2,1,apriori|3|02,"ac370000, ac370419, ac370443",2,0.99207873349174813,0.035935201666853822,447,447
fixed_train,2,1,apriori|3|02,"ac370000, ac370419, ac370443",3,0.99207873349174813,0.0288644877771006,447,447
fixed_train,2,1,apriori|3|02,"ac370000, ac370419, ac370443",4,0.99207873349174813,0.035935201666853822,447,447
fixed_train,2,1,apriori|3|02,"ac370000, ac370419, ac370443",5,0.99207873349174813,0.03235263320804127,447,446
fixed_train,2,1,apriori|3|02,"ac370000, ac370419, ac370443",6,0.99207873349174813,0.030126551123565548,447,447
fixed_train,2,1,apriori|3|02,"ac370000, ac370419, ac370443",7,0.99207873349174813,0.027892400414365914,447,447
fixed_train,2,1,apriori|3|02,"ac370000, ac370419, ac370443",8,0.99207873349174813,0.034738407806209959,447,447
fixed_train,2,1,apriori|3|02,"ac370000, ac370419, ac370443",9,0.99207873349174813,0.025383352485088051,447,447
fixed_train,2,1,apriori|3|03,"ac370000, ac370442, ac370443",0,0.99207873349174813,0.032273963311296172,445,445
fixed_train,2,1,apriori|3|03,"ac370000, ac370442, ac370443",1,0.99207873349174813,0.025319130049855532,445,445
fixed_train,2,1,apriori|3|03,"ac370000, ac370442, ac370443",2,0.99207873349174813,0.0288644877771006,445,445
fixed_train,2,1,apriori|3|03,"ac370000, ac370442, ac370443",3,0.99207873349174813,0.038060926348438939,445,445
fixed_train,2,1,apriori|3|03,"ac370000, ac370442, ac370443",4,0.99207873349174813,0.034911027108899595,445,445
fixed_train,2,1,apriori|3|03,"ac370000, ac370442, ac370443",5,0.99207873349174813,0.03346270706276977,445,445
fixed_train,2,1,apriori|3|03,"ac370000, ac370442, ac370443",6,0.99207873349174813,0.026498445691318762,445,445
fixed_train,2,1,apriori|3|03,"ac370000, ac370442, ac370443",7,0.99207873349174813,0.024266268491431653,445,445
fixed_train,2,1,apriori|3|03,"ac370000, ac370442, ac370443",8,0.99207873349174813,0.027611571191794138,445,445
fixed_train,2,1,apriori|3|03,"ac370000, ac370442, ac370443",9,0.99207873349174813,0.032432479464887698,445,445
fixed_train,2,1,apriori|3|04,"ac370000, ac370419, ac370442",0,0.99207873349174813,0.027749901811893629,444,444
fixed_train,2,1,apriori|3|04,"ac370000, ac370419, ac370442",1,0.99207873349174813,0.03907377690148639,444,443
fixed_train,2,1,apriori|3|04,"ac370000, ac370419, ac370442",2,0.99207873349174813,0.027892400414365914,444,444
fixed_train,2,1,apriori|3|04,"ac370000, ac370419, ac370442",3,0.99207873349174813,0.032513518726961954,444,444
fixed_train,2,1,apriori|3|04,"ac370000, ac370419, ac370442",4,0.99207873349174813,0.038243436833964473,444,444
fixed_train,2,1,apriori|3|04,"ac370000, ac370419, ac370442",5,0.99207873349174813,0.03235263320804127,444,443
fixed_train,2,1,apriori|3|04,"ac370000, ac370419, ac370442",6,0.99207873349174813,0.031478534126424873,444,444
fixed_train,2,1,apriori|3|04,"ac370000, ac370419, ac370442",7,0.99207873349174813,0.03362696649974295,444,444
fixed_train,2,1,apriori|3|04,"ac370000, ac370419, ac370442",8,0.99207873349174813,0.036023841679828195,444,443
fixed_train,2,1,apriori|3|04,"ac370000, ac370419, ac370442",9,0.99207873349174813,0.033796169457876557,444,444
fixed_train,2,1,apriori|3|05,"ac370419, ac370442, ac370443",0,0.99207873349174813,0.014895257333379597,443,443
fixed_train,2,1,apriori|3|05,"ac370419, ac370442, ac370443",1,0.99207873349174813,0.012613604949216595,443,442
fixed_train,2,1,apriori|3|05,"ac370419, ac370442, ac370443",2,0.99207873349174813,0.013694744100392731,443,443
fixed_train,2,1,apriori|3|05,"ac370419, ac370442, ac370443",3,0.99207873349174813,0.017223850675456065,443,443
fixed_train,2,1,apriori|3|05,"ac370419, ac370442, ac370443",4,0.99207873349174813,0.014853215516968832,443,443
fixed_train,2,1,apriori|3|05,"ac370419, ac370442, ac370443",5,0.99207873349174813,0.013734386761973139,443,443
fixed_train,2,1,apriori|3|05,"ac370419, ac370442, ac370443",6,0.99207873349174813,0.018342181792342926,443,443
fixed_train,2,1,apriori|3|05,"ac370419, ac370442, ac370443",7,0.99207873349174813,0.016013929211470379,443,442
fixed_train,2,1,apriori|3|05,"ac370419, ac370442, ac370443",8,0.99207873349174813,0.021795690163402992,443,443
fixed_train,2,1,apriori|3|05,"ac370419, ac370442, ac370443",9,0.99207873349174813,0.017130663719490902,443,443
fixed_train,2,1,apriori|3|06,"370407, ac370000, ac370443",0,0.99207873349174813,0.027611571191794138,438,438
fixed_train,2,1,apriori|3|06,"370407, ac370000, ac370443",1,0.99207873349174813,0.027611571191794138,438,438
fixed_train,2,1,apriori|3|06,"370407, ac370000, ac370443",2,0.99207873349174813,0.03108774065126152,438,438
fixed_train,2,1,apriori|3|06,"370407, ac370000, ac370443",3,0.99207873349174813,0.028936950422124519,438,438
fixed_train,2,1,apriori|3|06,"370407, ac370000, ac370443",4,0.99207873349174813,0.034824077883259807,438,438
fixed_train,2,1,apriori|3|06,"370407, ac370000, ac370443",5,0.99207873349174813,0.025514694440920915,438,438
fixed_train,2,1,apriori|3|06,"370407, ac370000, ac370443",6,0.99207873349174813,0.026498445691318762,438,438
fixed_train,2,1,apriori|3|06,"370407, ac370000, ac370443",7,0.99207873349174813,0.031240588980273154,438,437
fixed_train,2,1,apriori|3|06,"370407, ac370000, ac370443",8,0.99207873349174813,0.023147170415745655,438,438
fixed_train,2,1,apriori|3|06,"370407, ac370000, ac370443",9,0.99207873349174813,0.027680222760490758,438,438
fixed_train,2,1,apriori|3|07,"370407, ac370419, ac370443",0,0.99207873349174813,0.025132099009460007,438,437
fixed_train,2,1,apriori|3|07,"370407, ac370419, ac370443",1,0.99207873349174813,0.014853215516968832,438,436
fixed_train,2,1,apriori|3|07,"370407, ac370419, ac370443",2,0.99207873349174813,0.016996003118145753,438,438
fixed_train,2,1,apriori|3|07,"370407, ac370419, ac370443",3,0.99207873349174813,0.016013929211470379,438,438
fixed_train,2,1,apriori|3|07,"370407, ac370419, ac370443",4,0.99207873349174813,0.017040219468663076,438,438
fixed_train,2,1,apriori|3|07,"370407, ac370419, ac370443",5,0.99207873349174813,0.019509770419429584,438,438
fixed_train,2,1,apriori|3|07,"370407, ac370419, ac370443",6,0.99207873349174813,0.014811796999542048,438,438
fixed_train,2,1,apriori|3|07,"370407, ac370419, ac370443",7,0.99207873349174813,0.019509770419429584,438,438
fixed_train,2,1,apriori|3|07,"370407, ac370419, ac370443",8,0.99207873349174813,0.020573014110465193,438,438
fixed_train,2,1,apriori|3|07,"370407, ac370419, ac370443",9,0.99207873349174813,0.018293471660967842,438,438
fixed_train,2,1,apriori|3|08,"370407, ac370000, ac370442",0,0.99207873349174813,0.030126551123565548,436,434
fixed_train,2,1,apriori|3|08,"370407, ac370000, ac370442",1,0.99207873349174813,0.024142249562237872,436,436
fixed_train,2,1,apriori|3|08,"370407, ac370000, ac370442",2,0.99207873349174813,0.03116359741993513,436,436
fixed_train,2,1,apriori|3|08,"370407, ac370000, ac370442",3,0.99207873349174813,0.033544227538421789,436,436
fixed_train,2,1,apriori|3|08,"370407, ac370000, ac370442",4,0.99207873349174813,0.03954154533778087,436,435
fixed_train,2,1,apriori|3|08,"370407, ac370000, ac370442",5,0.99207873349174813,0.027749901811893629,436,436
fixed_train,2,1,apriori|3|08,"370407, ac370000, ac370442",6,0.99207873349174813,0.036867703862101697,436,436
fixed_train,2,1,apriori|3|08,"370407, ac370000, ac370442",7,0.99207873349174813,0.036113804789328019,436,436
fixed_train,2,1,apriori|3|08,"370407, ac370000, ac370442",8,0.99207873349174813,0.035847866096570202,436,435
fixed_train,2,1,apriori|3|08,"370407, ac370000, ac370442",9,0.99207873349174813,0.031318731332632188,436,436
fixed_train,2,1,apriori|3|09,"370407, ac370419, ac370442",0,0.99207873349174813,0.021740214485869047,435,435
fixed_train,2,1,apriori|3|09,"370407, ac370419, ac370442",1,0.99207873349174813,0.016013929211470379,435,435
fixed_train,2,1,apriori|3|09,"370407, ac370419, ac370442",2,0.99207873349174813,0.014895257333379597,435,435
fixed_train,2,1,apriori|3|09,"370407, ac370419, ac370442",3,0.99207873349174813,0.01717690971754271,435,435
fixed_train,2,1,apriori|3|09,"370407, ac370419, ac370442",4,0.99207873349174813,0.014811796999542048,435,435
fixed_train,2,1,apriori|3|09,"370407, ac370419, ac370442",5,0.99207873349174813,0.016013929211470379,435,435
fixed_train,2,1,apriori|3|09,"370407, ac370419, ac370442",6,0.99207873349174813,0.016013929211470379,435,435
fixed_train,2,1,apriori|3|09,"370407, ac370419, ac370442",7,0.99207873349174813,0.019458562101706045,435,434
fixed_train,2,1,apriori|3|09,"370407, ac370419, ac370442",8,0.99207873349174813,0.013694744100392731,435,435
fixed_train,2,1,apriori|3|09,"370407, ac370419, ac370442",9,0.99207873349174813,0.016058403679247713,435,433
fixed_train,2,1,apriori|3|10,"370407, ac370442, ac370443",0,0.99207873349174813,0.022852556559962656,434,432
fixed_train,2,1,apriori|3|10,"370407, ac370442, ac370443",1,0.99207873349174813,0.014853215516968832,434,434
fixed_train,2,1,apriori|3|10,"370407, ac370442, ac370443",2,0.99207873349174813,0.014853215516968832,434,434
fixed_train,2,1,apriori|3|10,"370407, ac370442, ac370443",3,0.99207873349174813,0.018245483175896915,434,434
fixed_train,2,1,apriori|3|10,"370407, ac370442, ac370443",4,0.99207873349174813,0.019408111922012861,434,434
fixed_train,2,1,apriori|3|10,"370407, ac370442, ac370443",5,0.99207873349174813,0.018293471660967842,434,434
fixed_train,2,1,apriori|3|10,"370407, ac370442, ac370443",6,0.99207873349174813,0.014853215516968832,434,434
fixed_train,2,1,apriori|3|10,"370407, ac370442, ac370443",7,0.99207873349174813,0.014811796999542048,434,434
fixed_train,2,1,apriori|3|10,"370407, ac370442, ac370443",8,0.99207873349174813,0.013655689605219345,434,434
fixed_train,2,1,apriori|3|10,"370407, ac370442, ac370443",9,0.99207873349174813,0.022909738018533354,434,434
fixed_train,2,1,impressed|1|01,ac419100,0,0.99207873349174813,0.027411641458957359,605,513
fixed_train,2,1,impressed|1|01,ac419100,1,0.99207873349174813,0.032196453475671016,605,510
fixed_train,2,1,impressed|1|01,ac419100,2,0.99207873349174813,0.028793093171290085,605,488
fixed_train,2,1,impressed|1|01,ac419100,3,0.99207873349174813,0.025319130049855532,605,511
fixed_train,2,1,impressed|1|01,ac419100,4,0.99207873349174813,0.032044850470914099,605,501
fixed_train,2,1,impressed|1|01,ac419100,5,0.99207873349174813,0.029691183908454599,605,508
fixed_train,2,1,impressed|1|01,ac419100,6,0.99207873349174813,0.027543932968483231,605,499
fixed_train,2,1,impressed|1|01,ac419100,7,0.99207873349174813,0.02507159178915308,605,494
fixed_train,2,1,impressed|1|01,ac419100,8,0.99207873349174813,0.030939369139296735,605,493
fixed_train,2,1,impressed|1|01,ac419100,9,0.99207873349174813,0.029904012333732521,605,499
fixed_train,2,1,impressed|1|02,ac370000,0,0.99207873349174813,0.18141734659065367,569,567
fixed_train,2,1,impressed|1|02,ac370000,1,0.99207873349174813,0.17771967379493459,569,563
fixed_train,2,1,impressed|1|02,ac370000,2,0.99207873349174813,0.17608629389959141,569,564
fixed_train,2,1,impressed|1|02,ac370000,3,0.99207873349174813,0.17379260409540132,569,566
fixed_train,2,1,impressed|1|02,ac370000,4,0.99207873349174813,0.19031877898661742,569,567
fixed_train,2,1,impressed|1|02,ac370000,5,0.99207873349174813,0.17446010551006996,569,562
fixed_train,2,1,impressed|1|02,ac370000,6,0.99207873349174813,0.17676646058174372,569,568
fixed_train,2,1,impressed|1|02,ac370000,7,0.99207873349174813,0.18072061734711542,569,560
fixed_train,2,1,impressed|1|02,ac370000,8,0.99207873349174813,0.17313626591321041,569,562
fixed_train,2,1,impressed|1|02,ac370000,9,0.99207873349174813,0.18169320716512538,569,565
fixed_train,2,1,impressed|1|03,ac415100,0,0.99207873349174813,0.0090528760094308325,182,169
fixed_train,2,1,impressed|1|03,ac415100,1,0.99207873349174813,0.011316095011788541,182,166
fixed_train,2,1,impressed|1|03,ac415100,2,0.99207873349174813,0.0067641111483178751,182,166
fixed_train,2,1,impressed|1|03,ac415100,3,0.99207873349174813,0.0090827982051117084,182,160
fixed_train,2,1,impressed|1|03,ac415100,4,0.99207873349174813,0.007963315477057642,182,171
fixed_train,2,1,impressed|1|03,ac415100,5,0.99207873349174813,0.015720575572522377,182,166
fixed_train,2,1,impressed|1|03,ac415100,6,0.99207873349174813,0.0056940894791562835,182,165
fixed_train,2,1,impressed|1|03,ac415100,7,0.99207873349174813,0.012429952426351809,182,171
fixed_train,2,1,impressed|1|03,ac415100,8,0.99207873349174813,0.010137500467472749,182,165
fixed_train,2,1,impressed|1|03,ac415100,9,0.99207873349174813,0.014652192211403903,182,168
fixed_train,2,1,impressed|1|04,ac10307,0,0.99207873349174813,0.0022632190023578191,106,91
fixed_train,2,1,impressed|1|04,ac10307,1,0.99207873349174813,0.0068419139904389858,106,94
fixed_train,2,1,impressed|1|04,ac10307,2,0.99207873349174813,0.0056940894791562835,106,90
fixed_train,2,1,impressed|1|04,ac10307,3,0.99207873349174813,0.0022632190023578191,106,95
fixed_train,2,1,impressed|1|04,ac10307,4,0.99207873349174813,0.0022632190023578191,106,90
fixed_train,2,1,impressed|1|04,ac10307,5,0.99207873349174813,0.00457065545217894,106,94
fixed_train,2,1,impressed|1|04,ac10307,6,0.99207873349174813,0.0034047651401106771,106,91
fixed_train,2,1,impressed|1|04,ac10307,7,0.99207873349174813,0.0022811723197663225,106,86
fixed_train,2,1,impressed|1|04,ac10307,8,0.99207873349174813,0.003424863481254925,106,88
fixed_train,2,1,impressed|1|04,ac10307,9,0.99207873349174813,0.0034047651401106771,106,83
fixed_train,2,1,impressed|1|05,ac355427,0,0.99207873349174813,0.001139558810438257,27,22
fixed_train,2,1,impressed|1|05,ac355427,1,0.99207873349174813,0.001139558810438257,27,22
fixed_train,2,1,impressed|1|05,ac355427,2,0.99207873349174813,0,27,24
fixed_train,2,1,impressed|1|05,ac355427,3,0.99207873349174813,0.001139558810438257,27,25
fixed_train,2,1,impressed|1|05,ac355427,4,0.99207873349174813,0.001139558810438257,27,22
fixed_train,2,1,impressed|1|05,ac355427,5,0.99207873349174813,0.001139558810438257,27,23
fixed_train,2,1,impressed|1|05,ac355427,6,0.99207873349174813,0,27,22
fixed_train,2,1,impressed|1|05,ac355427,7,0.99207873349174813,0.0022811723197663225,27,22
fixed_train,2,1,impressed|1|05,ac355427,8,0.99207873349174813,0.001139558810438257,27,24
fixed_train,2,1,impressed|1|05,ac355427,9,0.99207873349174813,0.001139558810438257,27,24
fixed_train,2,1,impressed|1|06,ac388170,0,0.99207873349174813,0,3,1
fixed_train,2,1,impressed|1|06,ac388170,1,0.99207873349174813,0,3,1
fixed_train,2,1,impressed|1|06,ac388170,2,0.99207873349174813,0,3,1
fixed_train,2,1,impressed|1|06,ac388170,3,0.99207873349174813,0,3,2
fixed_train,2,1,impressed|1|06,ac388170,4,0.99207873349174813,0,3,3
fixed_train,2,1,impressed|1|06,ac388170,5,0.99207873349174813,0,3,2
fixed_train,2,1,impressed|1|06,ac388170,6,0.99207873349174813,0,3,1
fixed_train,2,1,impressed|1|06,ac388170,7,0.99207873349174813,0.0011237196849053221,3,3
fixed_train,2,1,impressed|1|06,ac388170,8,0.99207873349174813,0,3,2
fixed_train,2,1,impressed|1|06,ac388170,9,0.99207873349174813,0,3,3
fixed_train,2,1,impressed|1|07,387070a,0,0.99207873349174813,0,1,0
fixed_train,2,1,impressed|1|07,387070a,1,0.99207873349174813,0,1,0
fixed_train,2,1,impressed|1|07,387070a,2,0.99207873349174813,0,1,0
fixed_train,2,1,impressed|1|07,387070a,3,0.99207873349174813,0,1,0
fixed_train,2,1,impressed|1|07,387070a,4,0.99207873349174813,0,1,0
fixed_train,2,1,impressed|1|07,387070a,5,0.99207873349174813,0,1,0
fixed_train,2,1,impressed|1|07,387070a,6,0.99207873349174813,0,1,0
fixed_train,2,1,impressed|1|07,387070a,7,0.99207873349174813,0,1,0
fixed_train,2,1,impressed|1|07,387070a,8,0.99207873349174813,0,1,0
fixed_train,2,1,impressed|1|07,387070a,9,0.99207873349174813,0,1,0
fixed_train,2,1,impressed|1|08,ac370402,0,0.99207873349174813,0.014895257333379597,407,385
fixed_train,2,1,impressed|1|08,ac370402,1,0.99207873349174813,0.011419374562640749,407,395
fixed_train,2,1,impressed|1|08,ac370402,2,0.99207873349174813,0.011490847453057396,407,396
fixed_train,2,1,impressed|1|08,ac370402,3,0.99207873349174813,0.010265184297983176,407,391
fixed_train,2,1,impressed|1|08,ac370402,4,0.99207873349174813,0.010298319111924692,407,387
fixed_train,2,1,impressed|1|08,ac370402,5,0.99207873349174813,0.011454844312475787,407,388
fixed_train,2,1,impressed|1|08,ac370402,6,0.99207873349174813,0.007963315477057642,407,389
fixed_train,2,1,impressed|1|08,ac370402,7,0.99207873349174813,0.012575767314446762,407,385
fixed_train,2,1,impressed|1|08,ac370402,8,0.99207873349174813,0.017223850675456065,407,389
fixed_train,2,1,impressed|1|08,ac370402,9,0.99207873349174813,0.012613604949216595,407,390
fixed_train,2,1,impressed|1|09,370488g,0,0.99207873349174813,0.0056699714697832082,427,408
fixed_train,2,1,impressed|1|09,370488g,1,0.99207873349174813,0.0090827982051117084,427,403
fixed_train,2,1,impressed|1|09,370488g,2,0.99207873349174813,0.0091131725286991427,427,403
fixed_train,2,1,impressed|1|09,370488g,3,0.99207873349174813,0.011419374562640749,427,407
fixed_train,2,1,impressed|1|09,370488g,4,0.99207873349174813,0.0090827982051117084,427,400
fixed_train,2,1,impressed|1|09,370488g,5,0.99207873349174813,0.0090827982051117084,427,410
fixed_train,2,1,impressed|1|09,370488g,6,0.99207873349174813,0.0091131725286991427,427,401
fixed_train,2,1,impressed|1|09,370488g,7,0.99207873349174813,0.010232541474958889,427,406
fixed_train,2,1,impressed|1|09,370488g,8,0.99207873349174813,0.0068419139904389858,427,405
fixed_train,2,1,impressed|1|09,370488g,9,0.99207873349174813,0.013694744100392731,427,397
fixed_train,2,1,impressed|1|10,370488e,0,0.99207873349174813,0.011419374562640749,428,404
fixed_train,2,1,impressed|1|10,370488e,1,0.99207873349174813,0.0068419139904389858,428,405
fixed_train,2,1,impressed|1|10,370488e,2,0.99207873349174813,0.011384431066959189,428,412
fixed_train,2,1,impressed|1|10,370488e,3,0.99207873349174813,0.0057185715964246375,428,401
fixed_train,2,1,impressed|1|10,370488e,4,0.99207873349174813,0.010265184297983176,428,406
fixed_train,2,1,impressed|1|10,370488e,5,0.99207873349174813,0.010265184297983176,428,411
fixed_train,2,1,impressed|1|10,370488e,6,0.99207873349174813,0.0068419139904389858,428,402
fixed_train,2,1,impressed|1|10,370488e,7,0.99207873349174813,0.015970113638144823,428,411
fixed_train,2,1,impressed|1|10,370488e,8,0.99207873349174813,0.012538490648762779,428,405
fixed_train,2,1,impressed|1|10,370488e,9,0.99207873349174813,0.010298319111924692,428,409
fixed_train,2,1,impressed|2|01,"ac370000, ac370402",0,0.99207873349174813,0.038625095002296828,407,407
fixed_train,2,1,impressed|2|01,"ac370000, ac370402",1,0.99207873349174813,0.032432479464887698,407,403
fixed_train,2,1,impressed|2|01,"ac370000, ac370402",2,0.99207873349174813,0.034999273839853684,407,405
fixed_train,2,1,impressed|2|01,"ac370000, ac370402",3,0.99207873349174813,0.031478534126424873,407,399
fixed_train,2,1,impressed|2|01,"ac370000, ac370402",4,0.99207873349174813,0.033710941248876525,407,406
fixed_train,2,1,impressed|2|01,"ac370000, ac370402",5,0.99207873349174813,0.037226286223340344,407,405
fixed_train,2,1,impressed|2|01,"ac370000, ac370402",6,0.99207873349174813,0.034999273839853684,407,407
fixed_train,2,1,impressed|2|01,"ac370000, ac370402",7,0.99207873349174813,0.038625095002296828,407,404
fixed_train,2,1,impressed|2|01,"ac370000, ac370402",8,0.99207873349174813,0.037413707278578956,407,405
fixed_train,2,1,impressed|2|01,"ac370000, ac370402",9,0.99207873349174813,0.037606759168742343,407,404
fixed_train,2,1,impressed|2|02,"370401c, ac370000",0,0.99207873349174813,0.020734247765978875,416,414
fixed_train,2,1,impressed|2|02,"370401c, ac370000",1,0.99207873349174813,0.025514694440920915,416,415
fixed_train,2,1,impressed|2|02,"370401c, ac370000",2,0.99207873349174813,0.024266268491431653,416,415
fixed_train,2,1,impressed|2|02,"370401c, ac370000",3,0.99207873349174813,0.034738407806209959,416,413
fixed_train,2,1,impressed|2|02,"370401c, ac370000",4,0.99207873349174813,0.025514694440920915,416,415
fixed_train,2,1,impressed|2|02,"370401c, ac370000",5,0.99207873349174813,0.035935201666853822,416,413
fixed_train,2,1,impressed|2|02,"370401c, ac370000",6,0.99207873349174813,0.031398040817925077,416,414
fixed_train,2,1,impressed|2|02,"370401c, ac370000",7,0.99207873349174813,0.027680222760490758,416,416
fixed_train,2,1,impressed|2|02,"370401c, ac370000",8,0.99207873349174813,0.032432479464887698,416,414
fixed_train,2,1,impressed|2|02,"370401c, ac370000",9,0.99207873349174813,0.024081609907376289,416,413
fixed_train,2,1,impressed|2|03,"ac370000, ac370403",0,0.99207873349174813,0.040749075452231165,427,422
fixed_train,2,1,impressed|2|03,"ac370000, ac370403",1,0.99207873349174813,0.042276300263818567,427,424
fixed_train,2,1,impressed|2|03,"ac370000, ac370403",2,0.99207873349174813,0.03276396637736545,427,423
fixed_train,2,1,impressed|2|03,"ac370000, ac370403",3,0.99207873349174813,0.048173733939513741,427,423
fixed_train,2,1,impressed|2|03,"ac370000, ac370403",4,0.99207873349174813,0.042385111623562288,427,422
fixed_train,2,1,impressed|2|03,"ac370000, ac370403",5,0.99207873349174813,0.038824567198219362,427,425
fixed_train,2,1,impressed|2|03,"ac370000, ac370403",6,0.99207873349174813,0.033796169457876557,427,427
fixed_train,2,1,impressed|2|03,"ac370000, ac370403",7,0.99207873349174813,0.045836442254190146,427,421
fixed_train,2,1,impressed|2|03,"ac370000, ac370403",8,0.99207873349174813,0.043279731153351708,427,420
fixed_train,2,1,impressed|2|03,"ac370000, ac370403",9,0.99207873349174813,0.048173733939513741,427,426
fixed_train,2,1,impressed|2|04,"ac411100, ac419100",0,0.99207873349174813,0.022796222251400988,348,314
fixed_train,2,1,impressed|2|04,"ac411100, ac419100",1,0.99207873349174813,0.023963008327057111,348,314
fixed_train,2,1,impressed|2|04,"ac411100, ac419100",2,0.99207873349174813,0.022852556559962656,348,309
fixed_train,2,1,impressed|2|04,"ac411100, ac419100",3,0.99207873349174813,0.021795690163402992,348,308
fixed_train,2,1,impressed|2|04,"ac411100, ac419100",4,0.99207873349174813,0.027411641458957359,348,310
fixed_train,2,1,impressed|2|04,"ac411100, ac419100",5,0.99207873349174813,0.029691183908454599,348,314
fixed_train,2,1,impressed|2|04,"ac411100, ac419100",6,0.99207873349174813,0.028386349458169979,348,314
fixed_train,2,1,impressed|2|04,"ac411100, ac419100",7,0.99207873349174813,0.02624045652957907,348,315
fixed_train,2,1,impressed|2|04,"ac411100, ac419100",8,0.99207873349174813,0.021740214485869047,348,316
fixed_train,2,1,impressed|2|04,"ac411100, ac419100",9,0.99207873349174813,0.031754884489596624,348,319
fixed_train,2,1,impressed|2|05,"ac411100, ac415100",0,0.99207873349174813,0.02027145171897482,155,151
fixed_train,2,1,impressed|2|05,"ac411100, ac415100",1,0.99207873349174813,0.012394846339438326,155,149
fixed_train,2,1,impressed|2|05,"ac411100, ac415100",2,0.99207873349174813,0.019166883955335168,155,151
fixed_train,2,1,impressed|2|05,"ac411100, ac415100",3,0.99207873349174813,0.015842533016503957,155,149
fixed_train,2,1,impressed|2|05,"ac411100, ac415100",4,0.99207873349174813,0.015720575572522377,155,153
fixed_train,2,1,impressed|2|05,"ac411100, ac415100",5,0.99207873349174813,0.015801266629283939,155,148
fixed_train,2,1,impressed|2|05,"ac411100, ac415100",6,0.99207873349174813,0.01246559045880069,155,151
fixed_train,2,1,impressed|2|05,"ac411100, ac415100",7,0.99207873349174813,0.013579314014146138,155,148
fixed_train,2,1,impressed|2|05,"ac411100, ac415100",8,0.99207873349174813,0.013468971564829624,155,151
fixed_train,2,1,impressed|2|05,"ac411100, ac415100",9,0.99207873349174813,0.015842533016503957,155,149
fixed_train,2,1,impressed|2|06,"ac415100, ac419100",0,0.99207873349174813,0.016952445522930515,174,159
fixed_train,2,1,impressed|2|06,"ac415100, ac419100",1,0.99207873349174813,0.013579314014146138,174,160
fixed_train,2,1,impressed|2|06,"ac415100, ac419100",2,0.99207873349174813,0.016996003118145753,174,160
fixed_train,2,1,impressed|2|06,"ac415100, ac419100",3,0.99207873349174813,0.018060555499525455,174,162
fixed_train,2,1,impressed|2|06,"ac415100, ac419100",4,0.99207873349174813,0.014730796788473333,174,157
fixed_train,2,1,impressed|2|06,"ac415100, ac419100",5,0.99207873349174813,0.011350006833560244,174,157
fixed_train,2,1,impressed|2|06,"ac415100, ac419100",6,0.99207873349174813,0.021374279440892652,174,164
fixed_train,2,1,impressed|2|06,"ac415100, ac419100",7,0.99207873349174813,0.014691198974640995,174,157
fixed_train,2,1,impressed|2|06,"ac415100, ac419100",8,0.99207873349174813,0.018060555499525455,174,157
fixed_train,2,1,impressed|2|06,"ac415100, ac419100",9,0.99207873349174813,0.01690953808336948,174,159
fixed_train,2,1,impressed|2|07,"ac10307, ac411100",0,0.99207873349174813,0.0068155895766633945,103,95
fixed_train,2,1,impressed|2|07,"ac10307, ac411100",1,0.99207873349174813,0.0068419139904389858,103,97
fixed_train,2,1,impressed|2|07,"ac10307, ac411100",2,0.99207873349174813,0.0079351777994557393,103,101
fixed_train,2,1,impressed|2|07,"ac10307, ac411100",3,0.99207873349174813,0.0090827982051117084,103,98
fixed_train,2,1,impressed|2|07,"ac10307, ac411100",4,0.99207873349174813,0.012429952426351809,103,102
fixed_train,2,1,impressed|2|07,"ac10307, ac411100",5,0.99207873349174813,0.0045483809482147475,103,96
fixed_train,2,1,impressed|2|07,"ac10307, ac411100",6,0.99207873349174813,0.0056940894791562835,103,97
fixed_train,2,1,impressed|2|07,"ac10307, ac411100",7,0.99207873349174813,0.00457065545217894,103,98
fixed_train,2,1,impressed|2|07,"ac10307, ac411100",8,0.99207873349174813,0.007963315477057642,103,102
fixed_train,2,1,impressed|2|07,"ac10307, ac411100",9,0.99207873349174813,0.0079351777994557393,103,97
fixed_train,2,1,impressed|2|08,"ac10307, ac419100",0,0.99207873349174813,0.0068419139904389858,97,94
fixed_train,2,1,impressed|2|08,"ac10307, ac419100",1,0.99207873349174813,0.0068419139904389858,97,95
fixed_train,2,1,impressed|2|08,"ac10307, ac419100",2,0.99207873349174813,0.007963315477057642,97,94
fixed_train,2,1,impressed|2|08,"ac10307, ac419100",3,0.99207873349174813,0.0068419139904389858,97,96
fixed_train,2,1,impressed|2|08,"ac10307, ac419100",4,0.99207873349174813,0.0056699714697832082,97,93
fixed_train,2,1,impressed|2|08,"ac10307, ac419100",5,0.99207873349174813,0.0057185715964246375,97,92
fixed_train,2,1,impressed|2|08,"ac10307, ac419100",6,0.99207873349174813,0.0056940894791562835,97,94
fixed_train,2,1,impressed|2|08,"ac10307, ac419100",7,0.99207873349174813,0.003424863481254925,97,93
fixed_train,2,1,impressed|2|08,"ac10307, ac419100",8,0.99207873349174813,0.0056940894791562835,97,94
fixed_train,2,1,impressed|2|08,"ac10307, ac419100",9,0.99207873349174813,0.0057185715964246375,97,94
fixed_train,2,1,impressed|2|09,"ac10307, ac415100",0,0.99207873349174813,0.003424863481254925,42,41
fixed_train,2,1,impressed|2|09,"ac10307, ac415100",1,0.99207873349174813,0.0034047651401106771,42,42
fixed_train,2,1,impressed|2|09,"ac10307, ac415100",2,0.99207873349174813,0.0034047651401106771,42,42
fixed_train,2,1,impressed|2|09,"ac10307, ac415100",3,0.99207873349174813,0.0034047651401106771,42,41
fixed_train,2,1,impressed|2|09,"ac10307, ac415100",4,0.99207873349174813,0.0045483809482147475,42,41
fixed_train,2,1,impressed|2|09,"ac10307, ac415100",5,0.99207873349174813,0.0022811723197663225,42,42
fixed_train,2,1,impressed|2|09,"ac10307, ac415100",6,0.99207873349174813,0.0034047651401106771,42,42
fixed_train,2,1,impressed|2|09,"ac10307, ac415100",7,0.99207873349174813,0.003424863481254925,42,42
fixed_train,2,1,impressed|2|09,"ac10307, ac415100",8,0.99207873349174813,0.0056699714697832082,42,42
fixed_train,2,1,impressed|2|09,"ac10307, ac415100",9,0.99207873349174813,0.0022632190023578191,42,42
fixed_train,2,1,impressed|2|10,"ac355201, ac415100",0,0.99207873349174813,0,17,17
fixed_train,2,1,impressed|2|10,"ac355201, ac415100",1,0.99207873349174813,0.0022455334078349543,17,17
fixed_train,2,1,impressed|2|10,"ac355201, ac415100",2,0.99207873349174813,0,17,16
fixed_train,2,1,impressed|2|10,"ac355201, ac415100",3,0.99207873349174813,0.0011237196849053221,17,16
fixed_train,2,1,impressed|2|10,"ac355201, ac415100",4,0.99207873349174813,0.0011237196849053221,17,17
fixed_train,2,1,impressed|2|10,"ac355201, ac415100",5,0.99207873349174813,0.0022455334078349543,17,17
fixed_train,2,1,impressed|2|10,"ac355201, ac415100",6,0.99207873349174813,0.0011237196849053221,17,17
fixed_train,2,1,impressed|2|10,"ac355201, ac415100",7,0.99207873349174813,0.0011237196849053221,17,17
fixed_train,2,1,impressed|2|10,"ac355201, ac415100",8,0.99207873349174813,0.0011237196849053221,17,17
fixed_train,2,1,impressed|2|10,"ac355201, ac415100",9,0.99207873349174813,0.0011237196849053221,17,17
fixed_train,2,1,impressed|3|01,"ac411100, ac415100, ac419100",0,0.99207873349174813,0.018016034260796676,145,143
fixed_train,2,1,impressed|3|01,"ac411100, ac415100, ac419100",1,0.99207873349174813,0.012429952426351809,145,139
fixed_train,2,1,impressed|3|01,"ac411100, ac415100, ac419100",2,0.99207873349174813,0.014691198974640995,145,135
fixed_train,2,1,impressed|3|01,"ac411100, ac415100, ac419100",3,0.99207873349174813,0.020223783587907884,145,140
fixed_train,2,1,impressed|3|01,"ac411100, ac415100, ac419100",4,0.99207873349174813,0.014691198974640995,145,140
fixed_train,2,1,impressed|3|01,"ac411100, ac415100, ac419100",5,0.99207873349174813,0.016952445522930515,145,136
fixed_train,2,1,impressed|3|01,"ac411100, ac415100, ac419100",6,0.99207873349174813,0.018016034260796676,145,138
fixed_train,2,1,impressed|3|01,"ac411100, ac415100, ac419100",7,0.99207873349174813,0.016952445522930515,145,143
fixed_train,2,1,impressed|3|01,"ac411100, ac415100, ac419100",8,0.99207873349174813,0.013579314014146138,145,137
fixed_train,2,1,impressed|3|01,"ac411100, ac415100, ac419100",9,0.99207873349174813,0.015842533016503957,145,138
fixed_train,2,1,impressed|3|02,"ac10307, ac411100, ac419100",0,0.99207873349174813,0.010200384129128159,92,89
fixed_train,2,1,impressed|3|02,"ac10307, ac411100, ac419100",1,0.99207873349174813,0.007991877947203907,92,88
fixed_train,2,1,impressed|3|02,"ac10307, ac411100, ac419100",2,0.99207873349174813,0.007963315477057642,92,91
fixed_train,2,1,impressed|3|02,"ac10307, ac411100, ac419100",3,0.99207873349174813,0.0068419139904389858,92,88
fixed_train,2,1,impressed|3|02,"ac10307, ac411100, ac419100",4,0.99207873349174813,0.0068686354871365651,92,91
fixed_train,2,1,impressed|3|02,"ac10307, ac411100, ac419100",5,0.99207873349174813,0.0056940894791562835,92,89
fixed_train,2,1,impressed|3|02,"ac10307, ac411100, ac419100",6,0.99207873349174813,0.0090827982051117084,92,91
fixed_train,2,1,impressed|3|02,"ac10307, ac411100, ac419100",7,0.99207873349174813,0.0068155895766633945,92,90
fixed_train,2,1,impressed|3|02,"ac10307, ac411100, ac419100",8,0.99207873349174813,0.0045483809482147475,92,88
fixed_train,2,1,impressed|3|02,"ac10307, ac411100, ac419100",9,0.99207873349174813,0.007991877947203907,92,89
fixed_train,2,1,impressed|3|03,"ac370000, ac411100, ac415100",0,0.99207873349174813,0.010200384129128159,97,97
fixed_train,2,1,impressed|3|03,"ac370000, ac411100, ac415100",1,0.99207873349174813,0.012501767472860359,97,97
fixed_train,2,1,impressed|3|03,"ac370000, ac411100, ac415100",2,0.99207873349174813,0.010232541474958889,97,97
fixed_train,2,1,impressed|3|03,"ac370000, ac411100, ac415100",3,0.99207873349174813,0.01361721546200878,97,97
fixed_train,2,1,impressed|3|03,"ac370000, ac411100, ac415100",4,0.99207873349174813,0.01361721546200878,97,97
fixed_train,2,1,impressed|3|03,"ac370000, ac411100, ac415100",5,0.99207873349174813,0.0091131725286991427,97,97
fixed_train,2,1,impressed|3|03,"ac370000, ac411100, ac415100",6,0.99207873349174813,0.012501767472860359,97,96
fixed_train,2,1,impressed|3|03,"ac370000, ac411100, ac415100",7,0.99207873349174813,0.01361721546200878,97,97
fixed_train,2,1,impressed|3|03,"ac370000, ac411100, ac415100",8,0.99207873349174813,0.015760616802618421,97,97
fixed_train,2,1,impressed|3|03,"ac370000, ac411100, ac415100",9,0.99207873349174813,0.012501767472860359,97,97
fixed_train,2,1,impressed|3|04,"ac355201, ac415100, ac419100",0,0.99207873349174813,0.0044835295117278129,17,16
fixed_train,2,1,impressed|3|04,"ac355201, ac415100, ac419100",1,0.99207873349174813,0.0033654628515760177,17,17
fixed_train,2,1,impressed|3|04,"ac355201, ac415100, ac419100",2,0.99207873349174813,0.0011237196849053221,17,17
fixed_train,2,1,impressed|3|04,"ac355201, ac415100, ac419100",3,0.99207873349174813,0.0044835295117278129,17,17
fixed_train,2,1,impressed|3|04,"ac355201, ac415100, ac419100",4,0.99207873349174813,0.0022455334078349543,17,17
fixed_train,2,1,impressed|3|04,"ac355201, ac415100, ac419100",5,0.99207873349174813,0.0044835295117278129,17,17
fixed_train,2,1,impressed|3|04,"ac355201, ac415100, ac419100",6,0.99207873349174813,0.0011237196849053221,17,16
fixed_train,2,1,impressed|3|04,"ac355201, ac415100, ac419100",7,0.99207873349174813,0.0011237196849053221,17,16
fixed_train,2,1,impressed|3|04,"ac355201, ac415100, ac419100",8,0.99207873349174813,0.0022455334078349543,17,17
fixed_train,2,1,impressed|3|04,"ac355201, ac415100, ac419100",9,0.99207873349174813,0.0022455334078349543,17,17
fixed_train,2,1,impressed|3|05,"ac355201, ac411100, ac419100",0,0.99207873349174813,0.0011237196849053221,19,19
fixed_train,2,1,impressed|3|05,"ac355201, ac411100, ac419100",1,0.99207873349174813,0.0022455334078349543,19,19
fixed_train,2,1,impressed|3|05,"ac355201, ac411100, ac419100",2,0.99207873349174813,0.0022455334078349543,19,18
fixed_train,2,1,impressed|3|05,"ac355201, ac411100, ac419100",3,0.99207873349174813,0.0011237196849053221,19,19
fixed_train,2,1,impressed|3|05,"ac355201, ac411100, ac419100",4,0.99207873349174813,0.0011237196849053221,19,19
fixed_train,2,1,impressed|3|05,"ac355201, ac411100, ac419100",5,0.99207873349174813,0.0011237196849053221,19,19
fixed_train,2,1,impressed|3|05,"ac355201, ac411100, ac419100",6,0.99207873349174813,0.0011237196849053221,19,19
fixed_train,2,1,impressed|3|05,"ac355201, ac411100, ac419100",7,0.99207873349174813,0.0011237196849053221,19,19
fixed_train,2,1,impressed|3|05,"ac355201, ac411100, ac419100",8,0.99207873349174813,0.0022455334078349543,19,19
fixed_train,2,1,impressed|3|05,"ac355201, ac411100, ac419100",9,0.99207873349174813,0.0011237196849053221,19,18
fixed_train,2,1,impressed|3|06,"ac355427, ac415100, ac419100",0,0.99207873349174813,0.001139558810438257,17,16
fixed_train,2,1,impressed|3|06,"ac355427, ac415100, ac419100",1,0.99207873349174813,0.001139558810438257,17,17
fixed_train,2,1,impressed|3|06,"ac355427, ac415100, ac419100",2,0.99207873349174813,0.0022632190023578191,17,15
fixed_train,2,1,impressed|3|06,"ac355427, ac415100, ac419100",3,0.99207873349174813,0.001139558810438257,17,17
fixed_train,2,1,impressed|3|06,"ac355427, ac415100, ac419100",4,0.99207873349174813,0.001139558810438257,17,14
fixed_train,2,1,impressed|3|06,"ac355427, ac415100, ac419100",5,0.99207873349174813,0.001139558810438257,17,17
fixed_train,2,1,impressed|3|06,"ac355427, ac415100, ac419100",6,0.99207873349174813,0.001139558810438257,17,17
fixed_train,2,1,impressed|3|06,"ac355427, ac415100, ac419100",7,0.99207873349174813,0,17,14
fixed_train,2,1,impressed|3|06,"ac355427, ac415100, ac419100",8,0.99207873349174813,0.001139558810438257,17,17
fixed_train,2,1,impressed|3|06,"ac355427, ac415100, ac419100",9,0.99207873349174813,0.0022632190023578191,17,17
fixed_train,2,1,impressed|3|07,"370407, ac10307, ac370000",0,0.99207873349174813,0.0068419139904389858,31,31
fixed_train,2,1,impressed|3|07,"370407, ac10307, ac370000",1,0.99207873349174813,0.0068686354871365651,31,31
fixed_train,2,1,impressed|3|07,"370407, ac10307, ac370000",2,0.99207873349174813,0.0045483809482147475,31,31
fixed_train,2,1,impressed|3|07,"370407, ac10307, ac370000",3,0.99207873349174813,0.007963315477057642,31,31
fixed_train,2,1,impressed|3|07,"370407, ac10307, ac370000",4,0.99207873349174813,0.0057185715964246375,31,31
fixed_train,2,1,impressed|3|07,"370407, ac10307, ac370000",5,0.99207873349174813,0.0056940894791562835,31,31
fixed_train,2,1,impressed|3|07,"370407, ac10307, ac370000",6,0.99207873349174813,0.0057185715964246375,31,31
fixed_train,2,1,impressed|3|07,"370407, ac10307, ac370000",7,0.99207873349174813,0.003424863481254925,31,31
fixed_train,2,1,impressed|3|07,"370407, ac10307, ac370000",8,0.99207873349174813,0.0068419139904389858,31,31
fixed_train,2,1,impressed|3|07,"370407, ac10307, ac370000",9,0.99207873349174813,0.0057185715964246375,31,31
fixed_train,2,1,impressed|3|08,"376400, ac370000, ac411100",0,0.99207873349174813,0.0034047651401106771,36,36
fixed_train,2,1,impressed|3|08,"376400, ac370000, ac411100",1,0.99207873349174813,0.0056462127814840279,36,36
fixed_train,2,1,impressed|3|08,"376400, ac370000, ac411100",2,0.99207873349174813,0.0022632190023578191,36,36
fixed_train,2,1,impressed|3|08,"376400, ac370000, ac411100",3,0.99207873349174813,0.0034047651401106771,36,35
fixed_train,2,1,impressed|3|08,"376400, ac370000, ac411100",4,0.99207873349174813,0.0033849662331946195,36,36
fixed_train,2,1,impressed|3|08,"376400, ac370000, ac411100",5,0.99207873349174813,0.0034047651401106771,36,36
fixed_train,2,1,impressed|3|08,"376400, ac370000, ac411100",6,0.99207873349174813,0.0022811723197663225,36,36
fixed_train,2,1,impressed|3|08,"376400, ac370000, ac411100",7,0.99207873349174813,0.0033849662331946195,36,36
fixed_train,2,1,impressed|3|08,"376400, ac370000, ac411100",8,0.99207873349174813,0.0022811723197663225,36,36
fixed_train,2,1,impressed|3|08,"376400, ac370000, ac411100",9,0.99207873349174813,0.0056462127814840279,36,36
fixed_train,2,1,impressed|3|09,"ac410500, ac411100, ac415100",0,0.99207873349174813,0,7,6
fixed_train,2,1,impressed|3|09,"ac410500, ac411100, ac415100",1,0.99207873349174813,0,7,7
fixed_train,2,1,impressed|3|09,"ac410500, ac411100, ac415100",2,0.99207873349174813,0,7,7
fixed_train,2,1,impressed|3|09,"ac410500, ac411100, ac415100",3,0.99207873349174813,0.0011237196849053221,7,7
fixed_train,2,1,impressed|3|09,"ac410500, ac411100, ac415100",4,0.99207873349174813,0,7,7
fixed_train,2,1,impressed|3|09,"ac410500, ac411100, ac415100",5,0.99207873349174813,0.0011237196849053221,7,7
fixed_train,2,1,impressed|3|09,"ac410500, ac411100, ac415100",6,0.99207873349174813,0.0011237196849053221,7,6
fixed_train,2,1,impressed|3|09,"ac410500, ac411100, ac415100",7,0.99207873349174813,0,7,7
fixed_train,2,1,impressed|3|09,"ac410500, ac411100, ac415100",8,0.99207873349174813,0,7,7
fixed_train,2,1,impressed|3|09,"ac410500, ac411100, ac415100",9,0.99207873349174813,0.0011237196849053221,7,7
fixed_train,2,1,impressed|3|10,"ac379999, ac415100, ac419100",0,0.99207873349174813,0.013541977759042534,106,106
fixed_train,2,1,impressed|3|10,"ac379999, ac415100, ac419100",1,0.99207873349174813,0.013541977759042534,106,106
fixed_train,2,1,impressed|3|10,"ac379999, ac415100, ac419100",2,0.99207873349174813,0.016867272371793418,106,104
fixed_train,2,1,impressed|3|10,"ac379999, ac415100, ac419100",3,0.99207873349174813,0.015720575572522377,106,106
fixed_train,2,1,impressed|3|10,"ac379999, ac415100, ac419100",4,0.99207873349174813,0.016825640128418584,106,106
fixed_train,2,1,impressed|3|10,"ac379999, ac415100, ac419100",5,0.99207873349174813,0.011249781886262245,106,106
fixed_train,2,1,impressed|3|10,"ac379999, ac415100, ac419100",6,0.99207873349174813,0.014652192211403903,106,105
fixed_train,2,1,impressed|3|10,"ac379999, ac415100, ac419100",7,0.99207873349174813,0.016825640128418584,106,105
fixed_train,2,1,impressed|3|10,"ac379999, ac415100, ac419100",8,0.99207873349174813,0.014652192211403903,106,106
fixed_train,2,1,impressed|3|10,"ac379999, ac415100, ac419100",9,0.99207873349174813,0.011316095011788541,106,104
fixed_test,2,2,apriori|1|01,ac419100,0,0.94993125504339893,-0.004713792480905532,151,122
fixed_test,2,2,apriori|1|01,ac419100,1,0.94993125504339893,-0.00035131691158141187,151,120
fixed_test,2,2,apriori|1|01,ac419100,2,0.94993125504339893,-0.0050236999115560454,151,126
fixed_test,2,2,apriori|1|01,ac419100,3,0.94993125504339893,0.0082973328785032052,151,128
fixed_test,2,2,apriori|1|01,ac419100,4,0.94993125504339893,-0.00035131691158141187,151,119
fixed_test,2,2,apriori|1|01,ac419100,5,0.94993125504339893,0.0039853090974529826,151,127
fixed_test,2,2,apriori|1|01,ac419100,6,0.94993125504339893,0.0043571980142335098,151,124
fixed_test,2,2,apriori|1|01,ac419100,7,0.94993125504339893,-0.004713792480905532,151,128
fixed_test,2,2,apriori|1|01,ac419100,8,0.94993125504339893,-0.013784782976044685,151,126
fixed_test,2,2,apriori|1|01,ac419100,9,0.94993125504339893,-0.004713792480905532,151,125
fixed_test,2,2,apriori|1|02,ac370000,0,0.94993125504339893,0.14113509624723997,143,143
fixed_test,2,2,apriori|1|02,ac370000,1,0.94993125504339893,0.14885991343151672,143,142
fixed_test,2,2,apriori|1|02,ac370000,2,0.94993125504339893,0.15177826334202027,143,143
fixed_test,2,2,apriori|1|02,ac370000,3,0.94993125504339893,0.15266764997491578,143,141
fixed_test,2,2,apriori|1|02,ac370000,4,0.94993125504339893,0.14227091177329965,143,142
fixed_test,2,2,apriori|1|02,ac370000,5,0.94993125504339893,0.16240179009457911,143,141
fixed_test,2,2,apriori|1|02,ac370000,6,0.94993125504339893,0.16240179009457911,143,142
fixed_test,2,2,apriori|1|02,ac370000,7,0.94993125504339893,0.17283763968891397,143,142
fixed_test,2,2,apriori|1|02,ac370000,8,0.94993125504339893,0.17646688157902546,143,140
fixed_test,2,2,apriori|1|02,ac370000,9,0.94993125504339893,0.17302531684713818,143,141
fixed_test,2,2,apriori|1|03,370407,0,0.94993125504339893,0.018715454262380748,117,112
fixed_test,2,2,apriori|1|03,370407,1,0.94993125504339893,0.0043571980142335098,117,113
fixed_test,2,2,apriori|1|03,370407,2,0.94993125504339893,0,117,114
fixed_test,2,2,apriori|1|03,370407,3,0.94993125504339893,0.014378030472833259,117,113
fixed_test,2,2,apriori|1|03,370407,4,0.94993125504339893,0.018206816347855037,117,113
fixed_test,2,2,apriori|1|03,370407,5,0.94993125504339893,-0.0091034081739274075,117,113
fixed_test,2,2,apriori|1|03,370407,6,0.94993125504339893,0.0047521224224058578,117,113
fixed_test,2,2,apriori|1|03,370407,7,0.94993125504339893,0.0091034081739275186,117,111
fixed_test,2,2,apriori|1|03,370407,8,0.94993125504339893,0.0047521224224058578,117,108
fixed_test,2,2,apriori|1|03,370407,9,0.94993125504339893,0.0086882154602402339,117,110
fixed_test,2,2,apriori|1|04,ac370419,0,0.94993125504339893,0,119,113
fixed_test,2,2,apriori|1|04,ac370419,1,0.94993125504339893,0.0047521224224058578,119,114
fixed_test,2,2,apriori|1|04,ac370419,2,0.94993125504339893,0.009544227699849861,119,113
fixed_test,2,2,apriori|1|04,ac370419,3,0.94993125504339893,0.0047521224224058578,119,115
fixed_test,2,2,apriori|1|04,ac370419,4,0.94993125504339893,-0.004713792480905532,119,113
fixed_test,2,2,apriori|1|04,ac370419,5,0.94993125504339893,0.0043571980142335098,119,114
fixed_test,2,2,apriori|1|04,ac370419,6,0.94993125504339893,-0.004713792480905532,119,114
fixed_test,2,2,apriori|1|04,ac370419,7,0.94993125504339893,0.0047521224224058578,119,110
fixed_test,2,2,apriori|1|04,ac370419,8,0.94993125504339893,0,119,111
fixed_test,2,2,apriori|1|04,ac370419,9,0.94993125504339893,0.0047521224224058578,119,112
fixed_test,2,2,apriori|1|05,ac370443,0,0.94993125504339893,0.0047521224224058578,118,108
fixed_test,2,2,apriori|1|05,ac370443,1,0.94993125504339893,-0.00035131691158141187,118,113
fixed_test,2,2,apriori|1|05,ac370443,2,0.94993125504339893,0,118,111
fixed_test,2,2,apriori|1|05,ac370443,3,0.94993125504339893,0,118,113
fixed_test,2,2,apriori|1|05,ac370443,4,0.94993125504339893,-0.0091034081739274075,118,114
fixed_test,2,2,apriori|1|05,ac370443,5,0.94993125504339893,0,118,114
fixed_test,2,2,apriori|1|05,ac370443,6,0.94993125504339893,-0.004713792480905532,118,110
fixed_test,2,2,apriori|1|05,ac370443,7,0.94993125504339893,0,118,113
fixed_test,2,2,apriori|1|05,ac370443,8,0.94993125504339893,0,118,112
fixed_test,2,2,apriori|1|05,ac370443,9,0.94993125504339893,0.0047521224224058578,118,112
fixed_test,2,2,apriori|1|06,ac370442,0,0.94993125504339893,0.0091034081739275186,119,111
fixed_test,2,2,apriori|1|06,ac370442,1,0.94993125504339893,0.0086882154602402339,119,113
fixed_test,2,2,apriori|1|06,ac370442,2,0.94993125504339893,0,119,111
fixed_test,2,2,apriori|1|06,ac370442,3,0.94993125504339893,0.0043571980142335098,119,112
fixed_test,2,2,apriori|1|06,ac370442,4,0.94993125504339893,0.0043571980142335098,119,112
fixed_test,2,2,apriori|1|06,ac370442,5,0.94993125504339893,0.0047521224224058578,119,114
fixed_test,2,2,apriori|1|06,ac370442,6,0.94993125504339893,0.0047521224224058578,119,113
fixed_test,2,2,apriori|1|06,ac370442,7,0.94993125504339893,0,119,115
fixed_test,2,2,apriori|1|06,ac370442,8,0.94993125504339893,0.0047521224224058578,119,114
fixed_test,2,2,apriori|1|06,ac370442,9,0.94993125504339893,0.0047521224224058578,119,117
fixed_test,2,2,apriori|1|07,370712b,0,0.94993125504339893,0,113,108
fixed_test,2,2,apriori|1|07,370712b,1,0.94993125504339893,0.0047521224224058578,113,110
fixed_test,2,2,apriori|1|07,370712b,2,0.94993125504339893,0,113,108
fixed_test,2,2,apriori|1|07,370712b,3,0.94993125504339893,0.0043571980142335098,113,109
fixed_test,2,2,apriori|1|07,370712b,4,0.94993125504339893,0,113,109
fixed_test,2,2,apriori|1|07,370712b,5,0.94993125504339893,0.0047521224224058578,113,111
fixed_test,2,2,apriori|1|07,370712b,6,0.94993125504339893,-0.004713792480905532,113,110
fixed_test,2,2,apriori|1|07,370712b,7,0.94993125504339893,0,113,106
fixed_test,2,2,apriori|1|07,370712b,8,0.94993125504339893,0.0047521224224058578,113,108
fixed_test,2,2,apriori|1|07,370712b,9,0.94993125504339893,-0.004713792480905532,113,107
fixed_test,2,2,apriori|1|08,370715a,0,0.94993125504339893,0,113,106
fixed_test,2,2,apriori|1|08,370715a,1,0.94993125504339893,-0.004713792480905532,113,110
fixed_test,2,2,apriori|1|08,370715a,2,0.94993125504339893,0.0091034081739275186,113,108
fixed_test,2,2,apriori|1|08,370715a,3,0.94993125504339893,0,113,107
fixed_test,2,2,apriori|1|08,370715a,4,0.94993125504339893,0,113,106
fixed_test,2,2,apriori|1|08,370715a,5,0.94993125504339893,0.0043571980142335098,113,110
fixed_test,2,2,apriori|1|08,370715a,6,0.94993125504339893,0,113,108
fixed_test,2,2,apriori|1|08,370715a,7,0.94993125504339893,-0.00035131691158141187,113,105
fixed_test,2,2,apriori|1|08,370715a,8,0.94993125504339893,0,113,108
fixed_test,2,2,apriori|1|08,370715a,9,0.94993125504339893,0,113,108
fixed_test,2,2,apriori|1|09,370488e,0,0.94993125504339893,0.0047521224224058578,114,110
fixed_test,2,2,apriori|1|09,370488e,1,0.94993125504339893,0,114,110
fixed_test,2,2,apriori|1|09,370488e,2,0.94993125504339893,0,114,109
fixed_test,2,2,apriori|1|09,370488e,3,0.94993125504339893,-0.0093908492834032797,114,111
fixed_test,2,2,apriori|1|09,370488e,4,0.94993125504339893,-0.004713792480905532,114,107
fixed_test,2,2,apriori|1|09,370488e,5,0.94993125504339893,-0.0093908492834032797,114,105
fixed_test,2,2,apriori|1|09,370488e,6,0.94993125504339893,-0.004713792480905532,114,112
fixed_test,2,2,apriori|1|09,370488e,7,0.94993125504339893,-0.004713792480905532,114,108
fixed_test,2,2,apriori|1|09,370488e,8,0.94993125504339893,0,114,107
fixed_test,2,2,apriori|1|09,370488e,9,0.94993125504339893,0,114,110
fixed_test,2,2,apriori|1|10,370488g,0,0.94993125504339893,0,113,107
fixed_test,2,2,apriori|1|10,370488g,1,0.94993125504339893,-0.004713792480905532,113,111
fixed_test,2,2,apriori|1|10,370488g,2,0.94993125504339893,0,113,108
fixed_test,2,2,apriori|1|10,370488g,3,0.94993125504339893,0.0047521224224058578,113,106
fixed_test,2,2,apriori|1|10,370488g,4,0.94993125504339893,0.0047521224224058578,113,105
fixed_test,2,2,apriori|1|10,370488g,5,0.94993125504339893,0.00037300113731897344,113,108
fixed_test,2,2,apriori|1|10,370488g,6,0.94993125504339893,0,113,110
fixed_test,2,2,apriori|1|10,370488g,7,0.94993125504339893,0,113,105
fixed_test,2,2,apriori|1|10,370488g,8,0.94993125504339893,-0.004713792480905532,113,106
fixed_test,2,2,apriori|1|10,370488g,9,0.94993125504339893,-0.0091034081739274075,113,107
fixed_test,2,2,apriori|2|01,"370407, ac370000",0,0.94993125504339893,0.00037300113731897344,117,117
fixed_test,2,2,apriori|2|01,"370407, ac370000",1,0.94993125504339893,0.014897082940261375,117,117
fixed_test,2,2,apriori|2|01,"370407, ac370000",2,0.94993125504339893,0.010508587012677761,117,117
fixed_test,2,2,apriori|2|01,"370407, ac370000",3,0.94993125504339893,0.009544227699849861,117,117
fixed_test,2,2,apriori|2|01,"370407, ac370000",4,0.94993125504339893,0.010012102996732719,117,117
fixed_test,2,2,apriori|2|01,"370407, ac370000",5,0.94993125504339893,0.009544227699849861,117,116
fixed_test,2,2,apriori|2|01,"370407, ac370000",6,0.94993125504339893,0.00076889561929660566,117,115
fixed_test,2,2,apriori|2|01,"370407, ac370000",7,0.94993125504339893,0.0056162503835666122,117,116
fixed_test,2,2,apriori|2|01,"370407, ac370000",8,0.94993125504339893,0.014378030472833259,117,116
fixed_test,2,2,apriori|2|01,"370407, ac370000",9,0.94993125504339893,0.024177915496955915,117,117
fixed_test,2,2,apriori|2|02,"ac370000, ac370419",0,0.94993125504339893,0.010012102996732719,119,119
fixed_test,2,2,apriori|2|02,"ac370000, ac370419",1,0.94993125504339893,0.018206816347855037,119,119
fixed_test,2,2,apriori|2|02,"ac370000, ac370419",2,0.94993125504339893,0.0051713482686284173,119,119
fixed_test,2,2,apriori|2|02,"ac370000, ac370419",3,0.94993125504339893,0.0047521224224058578,119,119
fixed_test,2,2,apriori|2|02,"ac370000, ac370419",4,0.94993125504339893,0.0051713482686284173,119,118
fixed_test,2,2,apriori|2|02,"ac370000, ac370419",5,0.94993125504339893,0.0051713482686284173,119,119
fixed_test,2,2,apriori|2|02,"ac370000, ac370419",6,0.94993125504339893,0.009544227699849861,119,119
fixed_test,2,2,apriori|2|02,"ac370000, ac370419",7,0.94993125504339893,0.014897082940261375,119,119
fixed_test,2,2,apriori|2|02,"ac370000, ac370419",8,0.94993125504339893,0.010508587012677761,119,119
fixed_test,2,2,apriori|2|02,"ac370000, ac370419",9,0.94993125504339893,0.0051713482686284173,119,118
fixed_test,2,2,apriori|2|03,"370407, ac370419",0,0.94993125504339893,0.018715454262380748,114,114
fixed_test,2,2,apriori|2|03,"370407, ac370419",1,0.94993125504339893,0.009544227699849861,114,111
fixed_test,2,2,apriori|2|03,"370407, ac370419",2,0.94993125504339893,0.0047521224224058578,114,113
fixed_test,2,2,apriori|2|03,"370407, ac370419",3,0.94993125504339893,0.0047521224224058578,114,114
fixed_test,2,2,apriori|2|03,"370407, ac370419",4,0.94993125504339893,0.014378030472833259,114,114
fixed_test,2,2,apriori|2|03,"370407, ac370419",5,0.94993125504339893,0,114,114
fixed_test,2,2,apriori|2|03,"370407, ac370419",6,0.94993125504339893,0,114,114
fixed_test,2,2,apriori|2|03,"370407, ac370419",7,0.94993125504339893,0,114,113
fixed_test,2,2,apriori|2|03,"370407, ac370419",8,0.94993125504339893,0.009544227699849861,114,113
fixed_test,2,2,apriori|2|03,"370407, ac370419",9,0.94993125504339893,0,114,114
fixed_test,2,2,apriori|2|04,"ac370000, ac370443",0,0.94993125504339893,0.019828176546413112,118,118
fixed_test,2,2,apriori|2|04,"ac370000, ac370443",1,0.94993125504339893,0.024807346940767472,118,118
fixed_test,2,2,apriori|2|04,"ac370000, ac370443",2,0.94993125504339893,0.00076889561929660566,118,115
fixed_test,2,2,apriori|2|04,"ac370000, ac370443",3,0.94993125504339893,0.009544227699849861,118,116
fixed_test,2,2,apriori|2|04,"ac370000, ac370443",4,0.94993125504339893,0.00076889561929660566,118,118
fixed_test,2,2,apriori|2|04,"ac370000, ac370443",5,0.94993125504339893,0.010012102996732719,118,117
fixed_test,2,2,apriori|2|04,"ac370000, ac370443",6,0.94993125504339893,0.010012102996732719,118,117
fixed_test,2,2,apriori|2|04,"ac370000, ac370443",7,0.94993125504339893,0.009544227699849861,118,118
fixed_test,2,2,apriori|2|04,"ac370000, ac370443",8,0.94993125504339893,0.014378030472833259,118,118
fixed_test,2,2,apriori|2|04,"ac370000, ac370443",9,0.94993125504339893,0.0051713482686284173,118,116
fixed_test,2,2,apriori|2|05,"ac370419, ac370443",0,0.94993125504339893,0.0047521224224058578,117,117
fixed_test,2,2,apriori|2|05,"ac370419, ac370443",1,0.94993125504339893,0.01388893365224031,117,117
fixed_test,2,2,apriori|2|05,"ac370419, ac370443",2,0.94993125504339893,0.0047521224224058578,117,115
fixed_test,2,2,apriori|2|05,"ac370419, ac370443",3,0.94993125504339893,0,117,117
fixed_test,2,2,apriori|2|05,"ac370419, ac370443",4,0.94993125504339893,0,117,117
fixed_test,2,2,apriori|2|05,"ac370419, ac370443",5,0.94993125504339893,0,117,117
fixed_test,2,2,apriori|2|05,"ac370419, ac370443",6,0.94993125504339893,0.0043571980142335098,117,117
fixed_test,2,2,apriori|2|05,"ac370419, ac370443",7,0.94993125504339893,0.0091034081739275186,117,116
fixed_test,2,2,apriori|2|05,"ac370419, ac370443",8,0.94993125504339893,0,117,117
fixed_test,2,2,apriori|2|05,"ac370419, ac370443",9,0.94993125504339893,0,117,115
fixed_test,2,2,apriori|2|06,"ac370000, ac370442",0,0.94993125504339893,0.027886680824911636,119,118
fixed_test,2,2,apriori|2|06,"ac370000, ac370442",1,0.94993125504339893,0.00076889561929660566,119,118
fixed_test,2,2,apriori|2|06,"ac370000, ac370442",2,0.94993125504339893,0.014378030472833259,119,119
fixed_test,2,2,apriori|2|06,"ac370000, ac370442",3,0.94993125504339893,0.0056162503835666122,119,118
fixed_test,2,2,apriori|2|06,"ac370000, ac370442",4,0.94993125504339893,0.0047521224224058578,119,119
fixed_test,2,2,apriori|2|06,"ac370000, ac370442",5,0.94993125504339893,0.009544227699849861,119,118
fixed_test,2,2,apriori|2|06,"ac370000, ac370442",6,0.94993125504339893,0.009544227699849861,119,119
fixed_test,2,2,apriori|2|06,"ac370000, ac370442",7,0.94993125504339893,0.00076889561929660566,119,118
fixed_test,2,2,apriori|2|06,"ac370000, ac370442",8,0.94993125504339893,0.014897082940261375,119,119
fixed_test,2,2,apriori|2|06,"ac370000, ac370442",9,0.94993125504339893,0.009544227699849861,119,119
fixed_test,2,2,apriori|2|07,"ac370442, ac370443",0,0.94993125504339893,0.0047521224224058578,118,118
fixed_test,2,2,apriori|2|07,"ac370442, ac370443",1,0.94993125504339893,-0.004713792480905532,118,117
fixed_test,2,2,apriori|2|07,"ac370442, ac370443",2,0.94993125504339893,0,118,118
fixed_test,2,2,apriori|2|07,"ac370442, ac370443",3,0.94993125504339893,0.0091034081739275186,118,118
fixed_test,2,2,apriori|2|07,"ac370442, ac370443",4,0.94993125504339893,0.0091034081739275186,118,117
fixed_test,2,2,apriori|2|07,"ac370442, ac370443",5,0.94993125504339893,0,118,118
fixed_test,2,2,apriori|2|07,"ac370442, ac370443",6,0.94993125504339893,0.0047521224224058578,118,118
fixed_test,2,2,apriori|2|07,"ac370442, ac370443",7,0.94993125504339893,0,118,118
fixed_test,2,2,apriori|2|07,"ac370442, ac370443",8,0.94993125504339893,0,118,117
fixed_test,2,2,apriori|2|07,"ac370442, ac370443",9,0.94993125504339893,0.013428188509372552,118,117
fixed_test,2,2,apriori|2|08,"ac370419, ac370442",0,0.94993125504339893,0,118,117
fixed_test,2,2,apriori|2|08,"ac370419, ac370442",1,0.94993125504339893,-0.0091034081739274075,118,118
fixed_test,2,2,apriori|2|08,"ac370419, ac370442",2,0.94993125504339893,0.0047521224224058578,118,117
fixed_test,2,2,apriori|2|08,"ac370419, ac370442",3,0.94993125504339893,0.0047521224224058578,118,118
fixed_test,2,2,apriori|2|08,"ac370419, ac370442",4,0.94993125504339893,0.0091034081739275186,118,118
fixed_test,2,2,apriori|2|08,"ac370419, ac370442",5,0.94993125504339893,-0.00035131691158141187,118,117
fixed_test,2,2,apriori|2|08,"ac370419, ac370442",6,0.94993125504339893,0.0047521224224058578,118,117
fixed_test,2,2,apriori|2|08,"ac370419, ac370442",7,0.94993125504339893,0,118,118
fixed_test,2,2,apriori|2|08,"ac370419, ac370442",8,0.94993125504339893,0,118,117
fixed_test,2,2,apriori|2|08,"ac370419, ac370442",9,0.94993125504339893,0.0043571980142335098,118,118
fixed_test,2,2,apriori|2|09,"370407, ac370443",0,0.94993125504339893,0.0091034081739275186,113,113
fixed_test,2,2,apriori|2|09,"370407, ac370443",1,0.94993125504339893,0,113,112
fixed_test,2,2,apriori|2|09,"370407, ac370443",2,0.94993125504339893,0.009544227699849861,113,112
fixed_test,2,2,apriori|2|09,"370407, ac370443",3,0.94993125504339893,0.0091034081739275186,113,111
fixed_test,2,2,apriori|2|09,"370407, ac370443",4,0.94993125504339893,0.00037300113731897344,113,113
fixed_test,2,2,apriori|2|09,"370407, ac370443",5,0.94993125504339893,0,113,113
fixed_test,2,2,apriori|2|09,"370407, ac370443",6,0.94993125504339893,0.014378030472833259,113,113
fixed_test,2,2,apriori|2|09,"370407, ac370443",7,0.94993125504339893,0.0047521224224058578,113,112
fixed_test,2,2,apriori|2|09,"370407, ac370443",8,0.94993125504339893,0.009544227699849861,113,113
fixed_test,2,2,apriori|2|09,"370407, ac370443",9,0.94993125504339893,0.0043571980142335098,113,113
fixed_test,2,2,apriori|2|10,"370712b, ac370000",0,0.94993125504339893,0.023584712677038211,113,113
fixed_test,2,2,apriori|2|10,"370712b, ac370000",1,0.94993125504339893,0.010012102996732719,113,113
fixed_test,2,2,apriori|2|10,"370712b, ac370000",2,0.94993125504339893,0.010012102996732719,113,113
fixed_test,2,2,apriori|2|10,"370712b, ac370000",3,0.94993125504339893,0.0056162503835666122,113,113
fixed_test,2,2,apriori|2|10,"370712b, ac370000",4,0.94993125504339893,0.0051713482686284173,113,111
fixed_test,2,2,apriori|2|10,"370712b, ac370000",5,0.94993125504339893,0.0051713482686284173,113,112
fixed_test,2,2,apriori|2|10,"370712b, ac370000",6,0.94993125504339893,0.010012102996732719,113,112
fixed_test,2,2,apriori|2|10,"370712b, ac370000",7,0.94993125504339893,0.0091034081739275186,113,112
fixed_test,2,2,apriori|2|10,"370712b, ac370000",8,0.94993125504339893,0.010012102996732719,113,112
fixed_test,2,2,apriori|2|10,"370712b, ac370000",9,0.94993125504339893,0.014378030472833259,113,112
fixed_test,2,2,apriori|3|01,"370407, ac370000, ac370419",0,0.94993125504339893,0.014378030472833259,114,114
fixed_test,2,2,apriori|3|01,"370407, ac370000, ac370419",1,0.94993125504339893,0.0047521224224058578,114,114
fixed_test,2,2,apriori|3|01,"370407, ac370000, ac370419",2,0.94993125504339893,0.018715454262380748,114,114
fixed_test,2,2,apriori|3|01,"370407, ac370000, ac370419",3,0.94993125504339893,0.0047521224224058578,114,114
fixed_test,2,2,apriori|3|01,"370407, ac370000, ac370419",4,0.94993125504339893,0.00076889561929660566,114,114
fixed_test,2,2,apriori|3|01,"370407, ac370000, ac370419",5,0.94993125504339893,0.014378030472833259,114,114
fixed_test,2,2,apriori|3|01,"370407, ac370000, ac370419",6,0.94993125504339893,0.0051713482686284173,114,114
fixed_test,2,2,apriori|3|01,"370407, ac370000, ac370419",7,0.94993125504339893,0.014378030472833259,114,114
fixed_test,2,2,apriori|3|01,"370407, ac370000, ac370419",8,0.94993125504339893,0.018715454262380748,114,114
fixed_test,2,2,apriori|3|01,"370407, ac370000, ac370419",9,0.94993125504339893,0.014378030472833259,114,114
fixed_test,2,2,apriori|3|02,"ac370000, ac370419, ac370443",0,0.94993125504339893,0.010012102996732719,117,117
fixed_test,2,2,apriori|3|02,"ac370000, ac370419, ac370443",1,0.94993125504339893,0.0056162503835666122,117,117
fixed_test,2,2,apriori|3|02,"ac370000, ac370419, ac370443",2,0.94993125504339893,0.01388893365224031,117,116
fixed_test,2,2,apriori|3|02,"ac370000, ac370419, ac370443",3,0.94993125504339893,0.01925531037416861,117,117
fixed_test,2,2,apriori|3|02,"ac370000, ac370419, ac370443",4,0.94993125504339893,0.009544227699849861,117,117
fixed_test,2,2,apriori|3|02,"ac370000, ac370419, ac370443",5,0.94993125504339893,-0.0043846888074285939,117,117
fixed_test,2,2,apriori|3|02,"ac370000, ac370419, ac370443",6,0.94993125504339893,0.0011889974789426327,117,117
fixed_test,2,2,apriori|3|02,"ac370000, ac370419, ac370443",7,0.94993125504339893,0.0056162503835666122,117,117
fixed_test,2,2,apriori|3|02,"ac370000, ac370419, ac370443",8,0.94993125504339893,0.0056162503835666122,117,117
fixed_test,2,2,apriori|3|02,"ac370000, ac370419, ac370443",9,0.94993125504339893,-0.0043846888074285939,117,117
fixed_test,2,2,apriori|3|03,"ac370000, ac370442, ac370443",0,0.94993125504339893,0.010012102996732719,118,118
fixed_test,2,2,apriori|3|03,"ac370000, ac370442, ac370443",1,0.94993125504339893,-0.004035333935576646,118,118
fixed_test,2,2,apriori|3|03,"ac370000, ac370442, ac370443",2,0.94993125504339893,0.009544227699849861,118,118
fixed_test,2,2,apriori|3|03,"ac370000, ac370442, ac370443",3,0.94993125504339893,0.01925531037416861,118,118
fixed_test,2,2,apriori|3|03,"ac370000, ac370442, ac370443",4,0.94993125504339893,0.014378030472833259,118,118
fixed_test,2,2,apriori|3|03,"ac370000, ac370442, ac370443",5,0.94993125504339893,0.018715454262380748,118,118
fixed_test,2,2,apriori|3|03,"ac370000, ac370442, ac370443",6,0.94993125504339893,0.00037300113731897344,118,118
fixed_test,2,2,apriori|3|03,"ac370000, ac370442, ac370443",7,0.94993125504339893,0.00037300113731897344,118,118
fixed_test,2,2,apriori|3|03,"ac370000, ac370442, ac370443",8,0.94993125504339893,0.014378030472833259,118,118
fixed_test,2,2,apriori|3|03,"ac370000, ac370442, ac370443",9,0.94993125504339893,0.023584712677038211,118,118
fixed_test,2,2,apriori|3|04,"ac370000, ac370419, ac370442",0,0.94993125504339893,0.010508587012677761,118,118
fixed_test,2,2,apriori|3|04,"ac370000, ac370419, ac370442",1,0.94993125504339893,0.01388893365224031,118,118
fixed_test,2,2,apriori|3|04,"ac370000, ac370419, ac370442",2,0.94993125504339893,0.024177915496955915,118,118
fixed_test,2,2,apriori|3|04,"ac370000, ac370419, ac370442",3,0.94993125504339893,0.01388893365224031,118,118
fixed_test,2,2,apriori|3|04,"ac370000, ac370419, ac370442",4,0.94993125504339893,0.014378030472833259,118,118
fixed_test,2,2,apriori|3|04,"ac370000, ac370419, ac370442",5,0.94993125504339893,0.0051713482686284173,118,118
fixed_test,2,2,apriori|3|04,"ac370000, ac370419, ac370442",6,0.94993125504339893,0.010508587012677761,118,118
fixed_test,2,2,apriori|3|04,"ac370000, ac370419, ac370442",7,0.94993125504339893,0.0051713482686284173,118,118
fixed_test,2,2,apriori|3|04,"ac370000, ac370419, ac370442",8,0.94993125504339893,0.009544227699849861,118,118
fixed_test,2,2,apriori|3|04,"ac370000, ac370419, ac370442",9,0.94993125504339893,0.01925531037416861,118,118
fixed_test,2,2,apriori|3|05,"ac370419, ac370442, ac370443",0,0.94993125504339893,-0.00035131691158141187,117,117
fixed_test,2,2,apriori|3|05,"ac370419, ac370442, ac370443",1,0.94993125504339893,0.023025744882074761,117,117
fixed_test,2,2,apriori|3|05,"ac370419, ac370442, ac370443",2,0.94993125504339893,0.009544227699849861,117,117
fixed_test,2,2,apriori|3|05,"ac370419, ac370442, ac370443",3,0.94993125504339893,0.0091034081739275186,117,117
fixed_test,2,2,apriori|3|05,"ac370419, ac370442, ac370443",4,0.94993125504339893,0.013428188509372552,117,117
fixed_test,2,2,apriori|3|05,"ac370419, ac370442, ac370443",5,0.94993125504339893,0.0047521224224058578,117,117
fixed_test,2,2,apriori|3|05,"ac370419, ac370442, ac370443",6,0.94993125504339893,0.0086882154602402339,117,117
fixed_test,2,2,apriori|3|05,"ac370419, ac370442, ac370443",7,0.94993125504339893,0.0091034081739275186,117,117
fixed_test,2,2,apriori|3|05,"ac370419, ac370442, ac370443",8,0.94993125504339893,0.018206816347855037,117,117
fixed_test,2,2,apriori|3|05,"ac370419, ac370442, ac370443",9,0.94993125504339893,0.009544227699849861,117,117
fixed_test,2,2,apriori|3|06,"370407, ac370000, ac370443",0,0.94993125504339893,0.014378030472833259,113,113
fixed_test,2,2,apriori|3|06,"370407, ac370000, ac370443",1,0.94993125504339893,0.010012102996732719,113,113
fixed_test,2,2,apriori|3|06,"370407, ac370000, ac370443",2,0.94993125504339893,0.010012102996732719,113,113
fixed_test,2,2,apriori|3|06,"370407, ac370000, ac370443",3,0.94993125504339893,0.011035369910954662,113,113
fixed_test,2,2,apriori|3|06,"370407, ac370000, ac370443",4,0.94993125504339893,0.00076889561929660566,113,113
fixed_test,2,2,apriori|3|06,"370407, ac370000, ac370443",5,0.94993125504339893,0.01925531037416861,113,113
fixed_test,2,2,apriori|3|06,"370407, ac370000, ac370443",6,0.94993125504339893,0.014378030472833259,113,113
fixed_test,2,2,apriori|3|06,"370407, ac370000, ac370443",7,0.94993125504339893,0.014897082940261375,113,113
fixed_test,2,2,apriori|3|06,"370407, ac370000, ac370443",8,0.94993125504339893,0.0051713482686284173,113,113
fixed_test,2,2,apriori|3|06,"370407, ac370000, ac370443",9,0.94993125504339893,0.018206816347855037,113,113
fixed_test,2,2,apriori|3|07,"370407, ac370419, ac370443",0,0.94993125504339893,0.0039853090974529826,113,113
fixed_test,2,2,apriori|3|07,"370407, ac370419, ac370443",1,0.94993125504339893,0.0091034081739275186,113,113
fixed_test,2,2,apriori|3|07,"370407, ac370419, ac370443",2,0.94993125504339893,-0.004713792480905532,113,113
fixed_test,2,2,apriori|3|07,"370407, ac370419, ac370443",3,0.94993125504339893,0,113,113
fixed_test,2,2,apriori|3|07,"370407, ac370419, ac370443",4,0.94993125504339893,0.0047521224224058578,113,113
fixed_test,2,2,apriori|3|07,"370407, ac370419, ac370443",5,0.94993125504339893,0.01388893365224031,113,113
fixed_test,2,2,apriori|3|07,"370407, ac370419, ac370443",6,0.94993125504339893,0.009544227699849861,113,113
fixed_test,2,2,apriori|3|07,"370407, ac370419, ac370443",7,0.94993125504339893,0.01388893365224031,113,113
fixed_test,2,2,apriori|3|07,"370407, ac370419, ac370443",8,0.94993125504339893,0.023025744882074761,113,113
fixed_test,2,2,apriori|3|07,"370407, ac370419, ac370443",9,0.94993125504339893,0.01388893365224031,113,113
fixed_test,2,2,apriori|3|08,"370407, ac370000, ac370442",0,0.94993125504339893,0.010012102996732719,114,114
fixed_test,2,2,apriori|3|08,"370407, ac370000, ac370442",1,0.94993125504339893,0.0056162503835666122,114,114
fixed_test,2,2,apriori|3|08,"370407, ac370000, ac370442",2,0.94993125504339893,0.023584712677038211,114,114
fixed_test,2,2,apriori|3|08,"370407, ac370000, ac370442",3,0.94993125504339893,0.014897082940261375,114,114
fixed_test,2,2,apriori|3|08,"370407, ac370000, ac370442",4,0.94993125504339893,-0.004035333935576646,114,114
fixed_test,2,2,apriori|3|08,"370407, ac370000, ac370442",5,0.94993125504339893,0.024177915496955915,114,114
fixed_test,2,2,apriori|3|08,"370407, ac370000, ac370442",6,0.94993125504339893,0.014897082940261375,114,114
fixed_test,2,2,apriori|3|08,"370407, ac370000, ac370442",7,0.94993125504339893,0.015447835453596404,114,114
fixed_test,2,2,apriori|3|08,"370407, ac370000, ac370442",8,0.94993125504339893,0.01925531037416861,114,114
fixed_test,2,2,apriori|3|08,"370407, ac370000, ac370442",9,0.94993125504339893,0.018715454262380748,114,114
fixed_test,2,2,apriori|3|09,"370407, ac370419, ac370442",0,0.94993125504339893,0.013428188509372552,114,114
fixed_test,2,2,apriori|3|09,"370407, ac370419, ac370442",1,0.94993125504339893,0.01925531037416861,114,114
fixed_test,2,2,apriori|3|09,"370407, ac370419, ac370442",2,0.94993125504339893,0.01925531037416861,114,114
fixed_test,2,2,apriori|3|09,"370407, ac370419, ac370442",3,0.94993125504339893,0.0091034081739275186,114,114
fixed_test,2,2,apriori|3|09,"370407, ac370419, ac370442",4,0.94993125504339893,0.01388893365224031,114,114
fixed_test,2,2,apriori|3|09,"370407, ac370419, ac370442",5,0.94993125504339893,0.0091034081739275186,114,114
fixed_test,2,2,apriori|3|09,"370407, ac370419, ac370442",6,0.94993125504339893,0.01388893365224031,114,114
fixed_test,2,2,apriori|3|09,"370407, ac370419, ac370442",7,0.94993125504339893,0.0091034081739275186,114,114
fixed_test,2,2,apriori|3|09,"370407, ac370419, ac370442",8,0.94993125504339893,0.0043571980142335098,114,114
fixed_test,2,2,apriori|3|09,"370407, ac370419, ac370442",9,0.94993125504339893,0.018206816347855037,114,114
fixed_test,2,2,apriori|3|10,"370407, ac370442, ac370443",0,0.94993125504339893,0.0091034081739275186,113,113
fixed_test,2,2,apriori|3|10,"370407, ac370442, ac370443",1,0.94993125504339893,0.0091034081739275186,113,113
fixed_test,2,2,apriori|3|10,"370407, ac370442, ac370443",2,0.94993125504339893,0.0091034081739275186,113,113
fixed_test,2,2,apriori|3|10,"370407, ac370442, ac370443",3,0.94993125504339893,-0.00035131691158141187,113,113
fixed_test,2,2,apriori|3|10,"370407, ac370442, ac370443",4,0.94993125504339893,0.0086882154602402339,113,113
fixed_test,2,2,apriori|3|10,"370407, ac370442, ac370443",5,0.94993125504339893,0.0091034081739275186,113,113
fixed_test,2,2,apriori|3|10,"370407, ac370442, ac370443",6,0.94993125504339893,0.0091034081739275186,113,113
fixed_test,2,2,apriori|3|10,"370407, ac370442, ac370443",7,0.94993125504339893,0.0091034081739275186,113,113
fixed_test,2,2,apriori|3|10,"370407, ac370442, ac370443",8,0.94993125504339893,0.0047521224224058578,113,113
fixed_test,2,2,apriori|3|10,"370407, ac370442, ac370443",9,0.94993125504339893,0.0091034081739275186,113,113
fixed_test,2,2,impressed|1|01,ac419100,0,0.94993125504339893,-0.004713792480905532,151,122
fixed_test,2,2,impressed|1|01,ac419100,1,0.94993125504339893,-0.00035131691158141187,151,120
fixed_test,2,2,impressed|1|01,ac419100,2,0.94993125504339893,-0.0050236999115560454,151,126
fixed_test,2,2,impressed|1|01,ac419100,3,0.94993125504339893,0.0082973328785032052,151,128
fixed_test,2,2,impressed|1|01,ac419100,4,0.94993125504339893,-0.00035131691158141187,151,119
fixed_test,2,2,impressed|1|01,ac419100,5,0.94993125504339893,0.0039853090974529826,151,127
fixed_test,2,2,impressed|1|01,ac419100,6,0.94993125504339893,0.0043571980142335098,151,124
fixed_test,2,2,impressed|1|01,ac419100,7,0.94993125504339893,-0.004713792480905532,151,128
fixed_test,2,2,impressed|1|01,ac419100,8,0.94993125504339893,-0.013784782976044685,151,126
fixed_test,2,2,impressed|1|01,ac419100,9,0.94993125504339893,-0.004713792480905532,151,125
fixed_test,2,2,impressed|1|02,ac370000,0,0.94993125504339893,0.14113509624723997,143,143
fixed_test,2,2,impressed|1|02,ac370000,1,0.94993125504339893,0.14885991343151672,143,142
fixed_test,2,2,impressed|1|02,ac370000,2,0.94993125504339893,0.15177826334202027,143,143
fixed_test,2,2,impressed|1|02,ac370000,3,0.94993125504339893,0.15266764997491578,143,141
fixed_test,2,2,impressed|1|02,ac370000,4,0.94993125504339893,0.14227091177329965,143,142
fixed_test,2,2,impressed|1|02,ac370000,5,0.94993125504339893,0.16240179009457911,143,141
fixed_test,2,2,impressed|1|02,ac370000,6,0.94993125504339893,0.16240179009457911,143,142
fixed_test,2,2,impressed|1|02,ac370000,7,0.94993125504339893,0.17283763968891397,143,142
fixed_test,2,2,impressed|1|02,ac370000,8,0.94993125504339893,0.17646688157902546,143,140
fixed_test,2,2,impressed|1|02,ac370000,9,0.94993125504339893,0.17302531684713818,143,141
fixed_test,2,2,impressed|1|03,ac415100,0,0.94993125504339893,0,39,35
fixed_test,2,2,impressed|1|03,ac415100,1,0.94993125504339893,0,39,35
fixed_test,2,2,impressed|1|03,ac415100,2,0.94993125504339893,0,39,35
fixed_test,2,2,impressed|1|03,ac415100,3,0.94993125504339893,-0.0043846888074285939,39,35
fixed_test,2,2,impressed|1|03,ac415100,4,0.94993125504339893,-0.0043846888074285939,39,37
fixed_test,2,2,impressed|1|03,ac415100,5,0.94993125504339893,-0.0043846888074285939,39,35
fixed_test,2,2,impressed|1|03,ac415100,6,0.94993125504339893,0,39,34
fixed_test,2,2,impressed|1|03,ac415100,7,0.94993125504339893,0.0043571980142335098,39,34
fixed_test,2,2,impressed|1|03,ac415100,8,0.94993125504339893,0,39,38
fixed_test,2,2,impressed|1|03,ac415100,9,0.94993125504339893,0,39,36
fixed_test,2,2,impressed|1|04,ac10307,0,0.94993125504339893,-0.0043846888074285939,20,17
fixed_test,2,2,impressed|1|04,ac10307,1,0.94993125504339893,-0.0043846888074285939,20,14
fixed_test,2,2,impressed|1|04,ac10307,2,0.94993125504339893,-0.0043846888074285939,20,18
fixed_test,2,2,impressed|1|04,ac10307,3,0.94993125504339893,-0.0043846888074285939,20,17
fixed_test,2,2,impressed|1|04,ac10307,4,0.94993125504339893,0,20,15
fixed_test,2,2,impressed|1|04,ac10307,5,0.94993125504339893,-0.0043846888074285939,20,18
fixed_test,2,2,impressed|1|04,ac10307,6,0.94993125504339893,-0.0043846888074285939,20,18
fixed_test,2,2,impressed|1|04,ac10307,7,0.94993125504339893,-0.0043846888074285939,20,17
fixed_test,2,2,impressed|1|04,ac10307,8,0.94993125504339893,-0.0043846888074285939,20,18
fixed_test,2,2,impressed|1|04,ac10307,9,0.94993125504339893,-0.0043846888074285939,20,14
fixed_test,2,2,impressed|1|05,ac355427,0,0.94993125504339893,0,7,6
fixed_test,2,2,impressed|1|05,ac355427,1,0.94993125504339893,0,7,5
fixed_test,2,2,impressed|1|05,ac355427,2,0.94993125504339893,0,7,6
fixed_test,2,2,impressed|1|05,ac355427,3,0.94993125504339893,0,7,4
fixed_test,2,2,impressed|1|05,ac355427,4,0.94993125504339893,0,7,6
fixed_test,2,2,impressed|1|05,ac355427,5,0.94993125504339893,0,7,4
fixed_test,2,2,impressed|1|05,ac355427,6,0.94993125504339893,0,7,6
fixed_test,2,2,impressed|1|05,ac355427,7,0.94993125504339893,0,7,4
fixed_test,2,2,impressed|1|05,ac355427,8,0.94993125504339893,0,7,6
fixed_test,2,2,impressed|1|05,ac355427,9,0.94993125504339893,0,7,7
fixed_test,2,2,impressed|1|06,ac388170,0,0.94993125504339893,0,2,1
fixed_test,2,2,impressed|1|06,ac388170,1,0.94993125504339893,0,2,2
fixed_test,2,2,impressed|1|06,ac388170,2,0.94993125504339893,0,2,0
fixed_test,2,2,impressed|1|06,ac388170,3,0.94993125504339893,0,2,1
fixed_test,2,2,impressed|1|06,ac388170,4,0.94993125504339893,0,2,1
fixed_test,2,2,impressed|1|06,ac388170,5,0.94993125504339893,0,2,2
fixed_test,2,2,impressed|1|06,ac388170,6,0.94993125504339893,0,2,2
fixed_test,2,2,impressed|1|06,ac388170,7,0.94993125504339893,0,2,0
fixed_test,2,2,impressed|1|06,ac388170,8,0.94993125504339893,0,2,1
fixed_test,2,2,impressed|1|06,ac388170,9,0.94993125504339893,0,2,1
fixed_test,2,2,impressed|1|07,387070a,0,0.94993125504339893,0,0,0
fixed_test,2,2,impressed|1|07,387070a,1,0.94993125504339893,0,0,0
fixed_test,2,2,impressed|1|07,387070a,2,0.94993125504339893,0,0,0
fixed_test,2,2,impressed|1|07,387070a,3,0.94993125504339893,0,0,0
fixed_test,2,2,impressed|1|07,387070a,4,0.94993125504339893,0,0,0
fixed_test,2,2,impressed|1|07,387070a,5,0.94993125504339893,0,0,0
fixed_test,2,2,impressed|1|07,387070a,6,0.94993125504339893,0,0,0
fixed_test,2,2,impressed|1|07,387070a,7,0.94993125504339893,0,0,0
fixed_test,2,2,impressed|1|07,387070a,8,0.94993125504339893,0,0,0
fixed_test,2,2,impressed|1|07,387070a,9,0.94993125504339893,0,0,0
fixed_test,2,2,impressed|1|08,ac370402,0,0.94993125504339893,0.01388893365224031,110,103
fixed_test,2,2,impressed|1|08,ac370402,1,0.94993125504339893,0,110,107
fixed_test,2,2,impressed|1|08,ac370402,2,0.94993125504339893,0.014378030472833259,110,103
fixed_test,2,2,impressed|1|08,ac370402,3,0.94993125504339893,0.01388893365224031,110,107
fixed_test,2,2,impressed|1|08,ac370402,4,0.94993125504339893,0.009544227699849861,110,101
fixed_test,2,2,impressed|1|08,ac370402,5,0.94993125504339893,0.009544227699849861,110,103
fixed_test,2,2,impressed|1|08,ac370402,6,0.94993125504339893,0.0091034081739275186,110,105
fixed_test,2,2,impressed|1|08,ac370402,7,0.94993125504339893,0.0091034081739275186,110,106
fixed_test,2,2,impressed|1|08,ac370402,8,0.94993125504339893,0.018715454262380748,110,100
fixed_test,2,2,impressed|1|08,ac370402,9,0.94993125504339893,-0.00035131691158141187,110,102
fixed_test,2,2,impressed|1|09,370488g,0,0.94993125504339893,0,113,107
fixed_test,2,2,impressed|1|09,370488g,1,0.94993125504339893,-0.004713792480905532,113,111
fixed_test,2,2,impressed|1|09,370488g,2,0.94993125504339893,0,113,108
fixed_test,2,2,impressed|1|09,370488g,3,0.94993125504339893,0.0047521224224058578,113,106
fixed_test,2,2,impressed|1|09,370488g,4,0.94993125504339893,0.0047521224224058578,113,105
fixed_test,2,2,impressed|1|09,370488g,5,0.94993125504339893,0.00037300113731897344,113,108
fixed_test,2,2,impressed|1|09,370488g,6,0.94993125504339893,0,113,110
fixed_test,2,2,impressed|1|09,370488g,7,0.94993125504339893,0,113,105
fixed_test,2,2,impressed|1|09,370488g,8,0.94993125504339893,-0.004713792480905532,113,106
fixed_test,2,2,impressed|1|09,370488g,9,0.94993125504339893,-0.0091034081739274075,113,107
fixed_test,2,2,impressed|1|10,370488e,0,0.94993125504339893,0.0047521224224058578,114,110
fixed_test,2,2,impressed|1|10,370488e,1,0.94993125504339893,0,114,110
fixed_test,2,2,impressed|1|10,370488e,2,0.94993125504339893,0,114,109
fixed_test,2,2,impressed|1|10,370488e,3,0.94993125504339893,-0.0093908492834032797,114,111
fixed_test,2,2,impressed|1|10,370488e,4,0.94993125504339893,-0.004713792480905532,114,107
fixed_test,2,2,impressed|1|10,370488e,5,0.94993125504339893,-0.0093908492834032797,114,105
fixed_test,2,2,impressed|1|10,370488e,6,0.94993125504339893,-0.004713792480905532,114,112
fixed_test,2,2,impressed|1|10,370488e,7,0.94993125504339893,-0.004713792480905532,114,108
fixed_test,2,2,impressed|1|10,370488e,8,0.94993125504339893,0,114,107
fixed_test,2,2,impressed|1|10,370488e,9,0.94993125504339893,0,114,110
fixed_test,2,2,impressed|2|01,"ac370000, ac370402",0,0.94993125504339893,0.009544227699849861,110,109
fixed_test,2,2,impressed|2|01,"ac370000, ac370402",1,0.94993125504339893,0.01925531037416861,110,110
fixed_test,2,2,impressed|2|01,"ac370000, ac370402",2,0.94993125504339893,0.01925531037416861,110,110
fixed_test,2,2,impressed|2|01,"ac370000, ac370402",3,0.94993125504339893,0.01925531037416861,110,109
fixed_test,2,2,impressed|2|01,"ac370000, ac370402",4,0.94993125504339893,0.014378030472833259,110,110
fixed_test,2,2,impressed|2|01,"ac370000, ac370402",5,0.94993125504339893,0.014897082940261375,110,110
fixed_test,2,2,impressed|2|01,"ac370000, ac370402",6,0.94993125504339893,0.029147766080148241,110,109
fixed_test,2,2,impressed|2|01,"ac370000, ac370402",7,0.94993125504339893,0.009544227699849861,110,110
fixed_test,2,2,impressed|2|01,"ac370000, ac370402",8,0.94993125504339893,0.01925531037416861,110,108
fixed_test,2,2,impressed|2|01,"ac370000, ac370402",9,0.94993125504339893,0.014897082940261375,110,109
fixed_test,2,2,impressed|2|02,"370401c, ac370000",0,0.94993125504339893,0.014897082940261375,111,110
fixed_test,2,2,impressed|2|02,"370401c, ac370000",1,0.94993125504339893,0.015447835453596404,111,110
fixed_test,2,2,impressed|2|02,"370401c, ac370000",2,0.94993125504339893,0.014897082940261375,111,111
fixed_test,2,2,impressed|2|02,"370401c, ac370000",3,0.94993125504339893,0.024807346940767472,111,111
fixed_test,2,2,impressed|2|02,"370401c, ac370000",4,0.94993125504339893,0.024177915496955915,111,111
fixed_test,2,2,impressed|2|02,"370401c, ac370000",5,0.94993125504339893,0.034918168834660479,111,111
fixed_test,2,2,impressed|2|02,"370401c, ac370000",6,0.94993125504339893,0.020436002967501588,111,109
fixed_test,2,2,impressed|2|02,"370401c, ac370000",7,0.94993125504339893,0.010508587012677761,111,111
fixed_test,2,2,impressed|2|02,"370401c, ac370000",8,0.94993125504339893,0.029147766080148241,111,111
fixed_test,2,2,impressed|2|02,"370401c, ac370000",9,0.94993125504339893,0.020436002967501588,111,110
fixed_test,2,2,impressed|2|03,"ac370000, ac370403",0,0.94993125504339893,0.024807346940767472,115,114
fixed_test,2,2,impressed|2|03,"ac370000, ac370403",1,0.94993125504339893,-0.004035333935576646,115,111
fixed_test,2,2,impressed|2|03,"ac370000, ac370403",2,0.94993125504339893,0.01388893365224031,115,114
fixed_test,2,2,impressed|2|03,"ac370000, ac370403",3,0.94993125504339893,0.010012102996732719,115,114
fixed_test,2,2,impressed|2|03,"ac370000, ac370403",4,0.94993125504339893,0.014897082940261375,115,115
fixed_test,2,2,impressed|2|03,"ac370000, ac370403",5,0.94993125504339893,0.024807346940767472,115,115
fixed_test,2,2,impressed|2|03,"ac370000, ac370403",6,0.94993125504339893,0.0056162503835666122,115,112
fixed_test,2,2,impressed|2|03,"ac370000, ac370403",7,0.94993125504339893,0.00037300113731897344,115,114
fixed_test,2,2,impressed|2|03,"ac370000, ac370403",8,0.94993125504339893,0.019828176546413112,115,114
fixed_test,2,2,impressed|2|03,"ac370000, ac370403",9,0.94993125504339893,0.010508587012677761,115,114
fixed_test,2,2,impressed|2|04,"ac411100, ac419100",0,0.94993125504339893,0.0086882154602402339,78,68
fixed_test,2,2,impressed|2|04,"ac411100, ac419100",1,0.94993125504339893,0.0086882154602402339,78,76
fixed_test,2,2,impressed|2|04,"ac411100, ac419100",2,0.94993125504339893,0.012994318106462011,78,71
fixed_test,2,2,impressed|2|04,"ac411100, ac419100",3,0.94993125504339893,0.0086882154602402339,78,74
fixed_test,2,2,impressed|2|04,"ac411100, ac419100",4,0.94993125504339893,0.0082973328785032052,78,70
fixed_test,2,2,impressed|2|04,"ac411100, ac419100",5,0.94993125504339893,0.0043571980142335098,78,71
fixed_test,2,2,impressed|2|04,"ac411100, ac419100",6,0.94993125504339893,0.0086882154602402339,78,69
fixed_test,2,2,impressed|2|04,"ac411100, ac419100",7,0.94993125504339893,0.0086882154602402339,78,69
fixed_test,2,2,impressed|2|04,"ac411100, ac419100",8,0.94993125504339893,0.0043571980142335098,78,72
fixed_test,2,2,impressed|2|04,"ac411100, ac419100",9,0.94993125504339893,0.012585960658917261,78,74
fixed_test,2,2,impressed|2|05,"ac411100, ac415100",0,0.94993125504339893,0,32,29
fixed_test,2,2,impressed|2|05,"ac411100, ac415100",1,0.94993125504339893,0.0043571980142335098,32,30
fixed_test,2,2,impressed|2|05,"ac411100, ac415100",2,0.94993125504339893,0.0086882154602402339,32,31
fixed_test,2,2,impressed|2|05,"ac411100, ac415100",3,0.94993125504339893,-0.0043846888074285939,32,30
fixed_test,2,2,impressed|2|05,"ac411100, ac415100",4,0.94993125504339893,0,32,31
fixed_test,2,2,impressed|2|05,"ac411100, ac415100",5,0.94993125504339893,0,32,32
fixed_test,2,2,impressed|2|05,"ac411100, ac415100",6,0.94993125504339893,0.0043571980142335098,32,30
fixed_test,2,2,impressed|2|05,"ac411100, ac415100",7,0.94993125504339893,0.0086882154602402339,32,29
fixed_test,2,2,impressed|2|05,"ac411100, ac415100",8,0.94993125504339893,0.0043571980142335098,32,32
fixed_test,2,2,impressed|2|05,"ac411100, ac415100",9,0.94993125504339893,0.0086882154602402339,32,31
fixed_test,2,2,impressed|2|06,"ac415100, ac419100",0,0.94993125504339893,0.0043571980142335098,37,30
fixed_test,2,2,impressed|2|06,"ac415100, ac419100",1,0.94993125504339893,0.0043571980142335098,37,31
fixed_test,2,2,impressed|2|06,"ac415100, ac419100",2,0.94993125504339893,0.0043571980142335098,37,34
fixed_test,2,2,impressed|2|06,"ac415100, ac419100",3,0.94993125504339893,0.0043571980142335098,37,32
fixed_test,2,2,impressed|2|06,"ac415100, ac419100",4,0.94993125504339893,0.0086882154602402339,37,32
fixed_test,2,2,impressed|2|06,"ac415100, ac419100",5,0.94993125504339893,0.0086882154602402339,37,33
fixed_test,2,2,impressed|2|06,"ac415100, ac419100",6,0.94993125504339893,0,37,33
fixed_test,2,2,impressed|2|06,"ac415100, ac419100",7,0.94993125504339893,0,37,33
fixed_test,2,2,impressed|2|06,"ac415100, ac419100",8,0.94993125504339893,0.0086882154602402339,37,32
fixed_test,2,2,impressed|2|06,"ac415100, ac419100",9,0.94993125504339893,0,37,32
fixed_test,2,2,impressed|2|07,"ac10307, ac411100",0,0.94993125504339893,-0.0043846888074285939,20,19
fixed_test,2,2,impressed|2|07,"ac10307, ac411100",1,0.94993125504339893,0,20,20
fixed_test,2,2,impressed|2|07,"ac10307, ac411100",2,0.94993125504339893,-0.0043846888074285939,20,19
fixed_test,2,2,impressed|2|07,"ac10307, ac411100",3,0.94993125504339893,-0.0043846888074285939,20,20
fixed_test,2,2,impressed|2|07,"ac10307, ac411100",4,0.94993125504339893,0,20,19
fixed_test,2,2,impressed|2|07,"ac10307, ac411100",5,0.94993125504339893,-0.0043846888074285939,20,19
fixed_test,2,2,impressed|2|07,"ac10307, ac411100",6,0.94993125504339893,0.0043571980142335098,20,19
fixed_test,2,2,impressed|2|07,"ac10307, ac411100",7,0.94993125504339893,0,20,18
fixed_test,2,2,impressed|2|07,"ac10307, ac411100",8,0.94993125504339893,-0.0043846888074285939,20,17
fixed_test,2,2,impressed|2|07,"ac10307, ac411100",9,0.94993125504339893,0,20,20
fixed_test,2,2,impressed|2|08,"ac10307, ac419100",0,0.94993125504339893,-0.0043846888074285939,19,16
fixed_test,2,2,impressed|2|08,"ac10307, ac419100",1,0.94993125504339893,-0.0043846888074285939,19,19
fixed_test,2,2,impressed|2|08,"ac10307, ac419100",2,0.94993125504339893,-0.0043846888074285939,19,19
fixed_test,2,2,impressed|2|08,"ac10307, ac419100",3,0.94993125504339893,0,19,17
fixed_test,2,2,impressed|2|08,"ac10307, ac419100",4,0.94993125504339893,-0.0043846888074285939,19,16
fixed_test,2,2,impressed|2|08,"ac10307, ac419100",5,0.94993125504339893,-0.0043846888074285939,19,16
fixed_test,2,2,impressed|2|08,"ac10307, ac419100",6,0.94993125504339893,0,19,19
fixed_test,2,2,impressed|2|08,"ac10307, ac419100",7,0.94993125504339893,-0.0043846888074285939,19,17
fixed_test,2,2,impressed|2|08,"ac10307, ac419100",8,0.94993125504339893,0,19,19
fixed_test,2,2,impressed|2|08,"ac10307, ac419100",9,0.94993125504339893,0,19,18
fixed_test,2,2,impressed|2|09,"ac10307, ac415100",0,0.94993125504339893,0,6,6
fixed_test,2,2,impressed|2|09,"ac10307, ac415100",1,0.94993125504339893,0,6,6
fixed_test,2,2,impressed|2|09,"ac10307, ac415100",2,0.94993125504339893,-0.0043846888074285939,6,6
fixed_test,2,2,impressed|2|09,"ac10307, ac415100",3,0.94993125504339893,-0.0043846888074285939,6,6
fixed_test,2,2,impressed|2|09,"ac10307, ac415100",4,0.94993125504339893,-0.0043846888074285939,6,6
fixed_test,2,2,impressed|2|09,"ac10307, ac415100",5,0.94993125504339893,-0.0043846888074285939,6,6
fixed_test,2,2,impressed|2|09,"ac10307, ac415100",6,0.94993125504339893,-0.0043846888074285939,6,6
fixed_test,2,2,impressed|2|09,"ac10307, ac415100",7,0.94993125504339893,-0.0043846888074285939,6,6
fixed_test,2,2,impressed|2|09,"ac10307, ac415100",8,0.94993125504339893,-0.0043846888074285939,6,6
fixed_test,2,2,impressed|2|09,"ac10307, ac415100",9,0.94993125504339893,-0.0043846888074285939,6,6
fixed_test,2,2,impressed|2|10,"ac355201, ac415100",0,0.94993125504339893,0,5,5
fixed_test,2,2,impressed|2|10,"ac355201, ac415100",1,0.94993125504339893,0.0043571980142335098,5,5
fixed_test,2,2,impressed|2|10,"ac355201, ac415100",2,0.94993125504339893,0.0043571980142335098,5,5
fixed_test,2,2,impressed|2|10,"ac355201, ac415100",3,0.94993125504339893,0.0043571980142335098,5,5
fixed_test,2,2,impressed|2|10,"ac355201, ac415100",4,0.94993125504339893,0,5,5
fixed_test,2,2,impressed|2|10,"ac355201, ac415100",5,0.94993125504339893,0.0043571980142335098,5,5
fixed_test,2,2,impressed|2|10,"ac355201, ac415100",6,0.94993125504339893,0,5,5
fixed_test,2,2,impressed|2|10,"ac355201, ac415100",7,0.94993125504339893,0.0043571980142335098,5,5
fixed_test,2,2,impressed|2|10,"ac355201, ac415100",8,0.94993125504339893,0.0043571980142335098,5,5
fixed_test,2,2,impressed|2|10,"ac355201, ac415100",9,0.94993125504339893,0,5,5
fixed_test,2,2,impressed|3|01,"ac411100, ac415100, ac419100",0,0.94993125504339893,0.012994318106462011,29,26
fixed_test,2,2,impressed|3|01,"ac411100, ac415100, ac419100",1,0.94993125504339893,0.0086882154602402339,29,28
fixed_test,2,2,impressed|3|01,"ac411100, ac415100, ac419100",2,0.94993125504339893,0.012994318106462011,29,29
fixed_test,2,2,impressed|3|01,"ac411100, ac415100, ac419100",3,0.94993125504339893,0.0086882154602402339,29,29
fixed_test,2,2,impressed|3|01,"ac411100, ac415100, ac419100",4,0.94993125504339893,0.012994318106462011,29,27
fixed_test,2,2,impressed|3|01,"ac411100, ac415100, ac419100",5,0.94993125504339893,0.012994318106462011,29,28
fixed_test,2,2,impressed|3|01,"ac411100, ac415100, ac419100",6,0.94993125504339893,0.0086882154602402339,29,28
fixed_test,2,2,impressed|3|01,"ac411100, ac415100, ac419100",7,0.94993125504339893,0.0086882154602402339,29,27
fixed_test,2,2,impressed|3|01,"ac411100, ac415100, ac419100",8,0.94993125504339893,0.012994318106462011,29,27
fixed_test,2,2,impressed|3|01,"ac411100, ac415100, ac419100",9,0.94993125504339893,0.0086882154602402339,29,29
fixed_test,2,2,impressed|3|02,"ac10307, ac411100, ac419100",0,0.94993125504339893,-0.0043846888074285939,18,17
fixed_test,2,2,impressed|3|02,"ac10307, ac411100, ac419100",1,0.94993125504339893,-0.0043846888074285939,18,16
fixed_test,2,2,impressed|3|02,"ac10307, ac411100, ac419100",2,0.94993125504339893,-0.0043846888074285939,18,17
fixed_test,2,2,impressed|3|02,"ac10307, ac411100, ac419100",3,0.94993125504339893,-0.0043846888074285939,18,18
fixed_test,2,2,impressed|3|02,"ac10307, ac411100, ac419100",4,0.94993125504339893,-0.0043846888074285939,18,18
fixed_test,2,2,impressed|3|02,"ac10307, ac411100, ac419100",5,0.94993125504339893,-0.0043846888074285939,18,17
fixed_test,2,2,impressed|3|02,"ac10307, ac411100, ac419100",6,0.94993125504339893,-0.0043846888074285939,18,15
fixed_test,2,2,impressed|3|02,"ac10307, ac411100, ac419100",7,0.94993125504339893,-0.0043846888074285939,18,18
fixed_test,2,2,impressed|3|02,"ac10307, ac411100, ac419100",8,0.94993125504339893,-0.0043846888074285939,18,18
fixed_test,2,2,impressed|3|02,"ac10307, ac411100, ac419100",9,0.94993125504339893,0,18,18
fixed_test,2,2,impressed|3|03,"ac370000, ac411100, ac415100",0,0.94993125504339893,-0.0043846888074285939,18,18
fixed_test,2,2,impressed|3|03,"ac370000, ac411100, ac415100",1,0.94993125504339893,0.0086882154602402339,18,18
fixed_test,2,2,impressed|3|03,"ac370000, ac411100, ac415100",2,0.94993125504339893,-0.0043846888074285939,18,18
fixed_test,2,2,impressed|3|03,"ac370000, ac411100, ac415100",3,0.94993125504339893,-0.0043846888074285939,18,18
fixed_test,2,2,impressed|3|03,"ac370000, ac411100, ac415100",4,0.94993125504339893,-0.0043846888074285939,18,18
fixed_test,2,2,impressed|3|03,"ac370000, ac411100, ac415100",5,0.94993125504339893,-0.0043846888074285939,18,18
fixed_test,2,2,impressed|3|03,"ac370000, ac411100, ac415100",6,0.94993125504339893,-0.0043846888074285939,18,18
fixed_test,2,2,impressed|3|03,"ac370000, ac411100, ac415100",7,0.94993125504339893,-0.0087982254252120251,18,18
fixed_test,2,2,impressed|3|03,"ac370000, ac411100, ac415100",8,0.94993125504339893,-0.0043846888074285939,18,18
fixed_test,2,2,impressed|3|03,"ac370000, ac411100, ac415100",9,0.94993125504339893,-0.0087982254252120251,18,18
fixed_test,2,2,impressed|3|04,"ac355201, ac415100, ac419100",0,0.94993125504339893,0.0043571980142335098,5,5
fixed_test,2,2,impressed|3|04,"ac355201, ac415100, ac419100",1,0.94993125504339893,0.0086882154602402339,5,5
fixed_test,2,2,impressed|3|04,"ac355201, ac415100, ac419100",2,0.94993125504339893,0.0043571980142335098,5,5
fixed_test,2,2,impressed|3|04,"ac355201, ac415100, ac419100",3,0.94993125504339893,0,5,5
fixed_test,2,2,impressed|3|04,"ac355201, ac415100, ac419100",4,0.94993125504339893,0.0086882154602402339,5,5
fixed_test,2,2,impressed|3|04,"ac355201, ac415100, ac419100",5,0.94993125504339893,0.0086882154602402339,5,5
fixed_test,2,2,impressed|3|04,"ac355201, ac415100, ac419100",6,0.94993125504339893,0.0043571980142335098,5,5
fixed_test,2,2,impressed|3|04,"ac355201, ac415100, ac419100",7,0.94993125504339893,0.0043571980142335098,5,5
fixed_test,2,2,impressed|3|04,"ac355201, ac415100, ac419100",8,0.94993125504339893,0.0086882154602402339,5,5
fixed_test,2,2,impressed|3|04,"ac355201, ac415100, ac419100",9,0.94993125504339893,0.0086882154602402339,5,5
fixed_test,2,2,impressed|3|05,"ac355201, ac411100, ac419100",0,0.94993125504339893,0.0043571980142335098,5,5
fixed_test,2,2,impressed|3|05,"ac355201, ac411100, ac419100",1,0.94993125504339893,0.0043571980142335098,5,5
fixed_test,2,2,impressed|3|05,"ac355201, ac411100, ac419100",2,0.94993125504339893,0.0043571980142335098,5,5
fixed_test,2,2,impressed|3|05,"ac355201, ac411100, ac419100",3,0.94993125504339893,0.0043571980142335098,5,5
fixed_test,2,2,impressed|3|05,"ac355201, ac411100, ac419100",4,0.94993125504339893,0.0043571980142335098,5,5
fixed_test,2,2,impressed|3|05,"ac355201, ac411100, ac419100",5,0.94993125504339893,0.0043571980142335098,5,5
fixed_test,2,2,impressed|3|05,"ac355201, ac411100, ac419100",6,0.94993125504339893,0.0043571980142335098,5,5
fixed_test,2,2,impressed|3|05,"ac355201, ac411100, ac419100",7,0.94993125504339893,0.0043571980142335098,5,5
fixed_test,2,2,impressed|3|05,"ac355201, ac411100, ac419100",8,0.94993125504339893,0.0043571980142335098,5,5
fixed_test,2,2,impressed|3|05,"ac355201, ac411100, ac419100",9,0.94993125504339893,0.0043571980142335098,5,5
fixed_test,2,2,impressed|3|06,"ac355427, ac415100, ac419100",0,0.94993125504339893,0,3,3
fixed_test,2,2,impressed|3|06,"ac355427, ac415100, ac419100",1,0.94993125504339893,0,3,3
fixed_test,2,2,impressed|3|06,"ac355427, ac415100, ac419100",2,0.94993125504339893,0,3,3
fixed_test,2,2,impressed|3|06,"ac355427, ac415100, ac419100",3,0.94993125504339893,0,3,3
fixed_test,2,2,impressed|3|06,"ac355427, ac415100, ac419100",4,0.94993125504339893,0,3,3
fixed_test,2,2,impressed|3|06,"ac355427, ac415100, ac419100",5,0.94993125504339893,0,3,3
fixed_test,2,2,impressed|3|06,"ac355427, ac415100, ac419100",6,0.94993125504339893,0,3,2
fixed_test,2,2,impressed|3|06,"ac355427, ac415100, ac419100",7,0.94993125504339893,0,3,3
fixed_test,2,2,impressed|3|06,"ac355427, ac415100, ac419100",8,0.94993125504339893,0,3,3
fixed_test,2,2,impressed|3|06,"ac355427, ac415100, ac419100",9,0.94993125504339893,0,3,3
fixed_test,2,2,impressed|3|07,"370407, ac10307, ac370000",0,0.94993125504339893,-0.0043846888074285939,4,4
fixed_test,2,2,impressed|3|07,"370407, ac10307, ac370000",1,0.94993125504339893,-0.0043846888074285939,4,4
fixed_test,2,2,impressed|3|07,"370407, ac10307, ac370000",2,0.94993125504339893,-0.0043846888074285939,4,4
fixed_test,2,2,impressed|3|07,"370407, ac10307, ac370000",3,0.94993125504339893,-0.0043846888074285939,4,4
fixed_test,2,2,impressed|3|07,"370407, ac10307, ac370000",4,0.94993125504339893,-0.0043846888074285939,4,4
fixed_test,2,2,impressed|3|07,"370407, ac10307, ac370000",5,0.94993125504339893,-0.0043846888074285939,4,4
fixed_test,2,2,impressed|3|07,"370407, ac10307, ac370000",6,0.94993125504339893,-0.0043846888074285939,4,4
fixed_test,2,2,impressed|3|07,"370407, ac10307, ac370000",7,0.94993125504339893,-0.0043846888074285939,4,4
fixed_test,2,2,impressed|3|07,"370407, ac10307, ac370000",8,0.94993125504339893,-0.0043846888074285939,4,4
fixed_test,2,2,impressed|3|07,"370407, ac10307, ac370000",9,0.94993125504339893,-0.0043846888074285939,4,4
fixed_test,2,2,impressed|3|08,"376400, ac370000, ac411100",0,0.94993125504339893,0,7,7
fixed_test,2,2,impressed|3|08,"376400, ac370000, ac411100",1,0.94993125504339893,0,7,7
fixed_test,2,2,impressed|3|08,"376400, ac370000, ac411100",2,0.94993125504339893,0,7,7
fixed_test,2,2,impressed|3|08,"376400, ac370000, ac411100",3,0.94993125504339893,0,7,7
fixed_test,2,2,impressed|3|08,"376400, ac370000, ac411100",4,0.94993125504339893,0,7,7
fixed_test,2,2,impressed|3|08,"376400, ac370000, ac411100",5,0.94993125504339893,0,7,7
fixed_test,2,2,impressed|3|08,"376400, ac370000, ac411100",6,0.94993125504339893,0,7,7
fixed_test,2,2,impressed|3|08,"376400, ac370000, ac411100",7,0.94993125504339893,0,7,7
fixed_test,2,2,impressed|3|08,"376400, ac370000, ac411100",8,0.94993125504339893,0,7,7
fixed_test,2,2,impressed|3|08,"376400, ac370000, ac411100",9,0.94993125504339893,0,7,7
fixed_test,2,2,impressed|3|09,"ac410500, ac411100, ac415100",0,0.94993125504339893,0,0,0
fixed_test,2,2,impressed|3|09,"ac410500, ac411100, ac415100",1,0.94993125504339893,0,0,0
fixed_test,2,2,impressed|3|09,"ac410500, ac411100, ac415100",2,0.94993125504339893,0,0,0
fixed_test,2,2,impressed|3|09,"ac410500, ac411100, ac415100",3,0.94993125504339893,0,0,0
fixed_test,2,2,impressed|3|09,"ac410500, ac411100, ac415100",4,0.94993125504339893,0,0,0
fixed_test,2,2,impressed|3|09,"ac410500, ac411100, ac415100",5,0.94993125504339893,0,0,0
fixed_test,2,2,impressed|3|09,"ac410500, ac411100, ac415100",6,0.94993125504339893,0,0,0
fixed_test,2,2,impressed|3|09,"ac410500, ac411100, ac415100",7,0.94993125504339893,0,0,0
fixed_test,2,2,impressed|3|09,"ac410500, ac411100, ac415100",8,0.94993125504339893,0,0,0
fixed_test,2,2,impressed|3|09,"ac410500, ac411100, ac415100",9,0.94993125504339893,0,0,0
fixed_test,2,2,impressed|3|10,"ac379999, ac415100, ac419100",0,0.94993125504339893,0.0086882154602402339,20,20
fixed_test,2,2,impressed|3|10,"ac379999, ac415100, ac419100",1,0.94993125504339893,0.0086882154602402339,20,20
fixed_test,2,2,impressed|3|10,"ac379999, ac415100, ac419100",2,0.94993125504339893,0.0086882154602402339,20,20
fixed_test,2,2,impressed|3|10,"ac379999, ac415100, ac419100",3,0.94993125504339893,0,20,20
fixed_test,2,2,impressed|3|10,"ac379999, ac415100, ac419100",4,0.94993125504339893,0.0043571980142335098,20,20
fixed_test,2,2,impressed|3|10,"ac379999, ac415100, ac419100",5,0.94993125504339893,0.0043571980142335098,20,20
fixed_test,2,2,impressed|3|10,"ac379999, ac415100, ac419100",6,0.94993125504339893,0.012994318106462011,20,20
fixed_test,2,2,impressed|3|10,"ac379999, ac415100, ac419100",7,0.94993125504339893,0.0086882154602402339,20,20
fixed_test,2,2,impressed|3|10,"ac379999, ac415100, ac419100",8,0.94993125504339893,0.012994318106462011,20,20
fixed_test,2,2,impressed|3|10,"ac379999, ac415100, ac419100",9,0.94993125504339893,0.0086882154602402339,20,20
fixed_train,2,2,apriori|1|01,ac419100,0,0.99321599666937299,0.02615163405713139,605,498
fixed_train,2,2,apriori|1|01,ac419100,1,0.99321599666937299,0.030902650699353829,605,503
fixed_train,2,2,apriori|1|01,ac419100,2,0.99321599666937299,0.025162560482389962,605,492
fixed_train,2,2,apriori|1|01,ac419100,3,0.99321599666937299,0.023880210789010037,605,489
fixed_train,2,2,apriori|1|01,ac419100,4,0.99321599666937299,0.033038400985437422,605,498
fixed_train,2,2,apriori|1|01,ac419100,5,0.99321599666937299,0.028423057325252521,605,507
fixed_train,2,2,apriori|1|01,ac419100,6,0.99321599666937299,0.027380906933674232,605,499
fixed_train,2,2,apriori|1|01,ac419100,7,0.99321599666937299,0.0228806630671744,605,496
fixed_train,2,2,apriori|1|01,ac419100,8,0.99321599666937299,0.026334571422992448,605,484
fixed_train,2,2,apriori|1|01,ac419100,9,0.99321599666937299,0.0228806630671744,605,491
fixed_train,2,2,apriori|1|02,ac370000,0,0.99321599666937299,0.17195384050114038,559,553
fixed_train,2,2,apriori|1|02,ac370000,1,0.99321599666937299,0.18835065656102457,559,551
fixed_train,2,2,apriori|1|02,ac370000,2,0.99321599666937299,0.18281010792713237,559,557
fixed_train,2,2,apriori|1|02,ac370000,3,0.99321599666937299,0.17722104838815422,559,558
fixed_train,2,2,apriori|1|02,ac370000,4,0.99321599666937299,0.18281010792713237,559,555
fixed_train,2,2,apriori|1|02,ac370000,5,0.99321599666937299,0.17962807214166043,559,552
fixed_train,2,2,apriori|1|02,ac370000,6,0.99321599666937299,0.18255452814811879,559,558
fixed_train,2,2,apriori|1|02,ac370000,7,0.99321599666937299,0.19303901282311997,559,557
fixed_train,2,2,apriori|1|02,ac370000,8,0.99321599666937299,0.19026678038252731,559,556
fixed_train,2,2,apriori|1|02,ac370000,9,0.99321599666937299,0.18210604724921475,559,555
fixed_train,2,2,apriori|1|03,370407,0,0.99321599666937299,0.017243906302940148,469,453
fixed_train,2,2,apriori|1|03,370407,1,0.99321599666937299,0.016034970821527827,469,438
fixed_train,2,2,apriori|1|03,370407,2,0.99321599666937299,0.018364173697172137,469,453
fixed_train,2,2,apriori|1|03,370407,3,0.99321599666937299,0.017290083200438011,469,448
fixed_train,2,2,apriori|1|03,370407,4,0.99321599666937299,0.017290083200438011,469,443
fixed_train,2,2,apriori|1|03,370407,5,0.99321599666937299,0.017243906302940148,469,448
fixed_train,2,2,apriori|1|03,370407,6,0.99321599666937299,0.02065037160879013,469,448
fixed_train,2,2,apriori|1|03,370407,7,0.99321599666937299,0.01715359356941315,469,444
fixed_train,2,2,apriori|1|03,370407,8,0.99321599666937299,0.01259405130273894,469,446
fixed_train,2,2,apriori|1|03,370407,9,0.99321599666937299,0.013791777873935818,469,452
fixed_train,2,2,apriori|1|04,ac370419,0,0.99321599666937299,0.012488405535234892,451,428
fixed_train,2,2,apriori|1|04,ac370419,1,0.99321599666937299,0.011403891526840737,451,430
fixed_train,2,2,apriori|1|04,ac370419,2,0.99321599666937299,0.010314280169401613,451,427
fixed_train,2,2,apriori|1|04,ac370419,3,0.99321599666937299,0.013677378384024164,451,421
fixed_train,2,2,apriori|1|04,ac370419,4,0.99321599666937299,0.010282741376257731,451,429
fixed_train,2,2,apriori|1|04,ac370419,5,0.99321599666937299,0.013714942827953824,451,430
fixed_train,2,2,apriori|1|04,ac370419,6,0.99321599666937299,0.016077975785554033,451,433
fixed_train,2,2,apriori|1|04,ac370419,7,0.99321599666937299,0.0091304046696573105,451,431
fixed_train,2,2,apriori|1|04,ac370419,8,0.99321599666937299,0.014873822436076156,451,435
fixed_train,2,2,apriori|1|04,ac370419,9,0.99321599666937299,0.0091596214593800962,451,435
fixed_train,2,2,apriori|1|05,ac370443,0,0.99321599666937299,0.010251671180282362,439,414
fixed_train,2,2,apriori|1|05,ac370443,1,0.99321599666937299,0.0091016222982632788,439,421
fixed_train,2,2,apriori|1|05,ac370443,2,0.99321599666937299,0.0056863788766953194,439,416
fixed_train,2,2,apriori|1|05,ac370443,3,0.99321599666937299,0.0068322472084219044,439,408
fixed_train,2,2,apriori|1|05,ac370443,4,0.99321599666937299,0.0056642676506993839,439,415
fixed_train,2,2,apriori|1|05,ac370443,5,0.99321599666937299,0.0079275896473042229,439,420
fixed_train,2,2,apriori|1|05,ac370443,6,0.99321599666937299,0.0079802479121611203,439,417
fixed_train,2,2,apriori|1|05,ac370443,7,0.99321599666937299,0.010221063315721812,439,412
fixed_train,2,2,apriori|1|05,ac370443,8,0.99321599666937299,0.0045628721185804189,439,424
fixed_train,2,2,apriori|1|05,ac370443,9,0.99321599666937299,0.0068569178124737729,439,418
fixed_train,2,2,apriori|1|06,ac370442,0,0.99321599666937299,0.010282741376257731,432,416
fixed_train,2,2,apriori|1|06,ac370442,1,0.99321599666937299,0.0079802479121611203,432,399
fixed_train,2,2,apriori|1|06,ac370442,2,0.99321599666937299,0.0045426194461302138,432,410
fixed_train,2,2,apriori|1|06,ac370442,3,0.99321599666937299,0.0045426194461302138,432,400
fixed_train,2,2,apriori|1|06,ac370442,4,0.99321599666937299,0.0068322472084219044,432,410
fixed_train,2,2,apriori|1|06,ac370442,5,0.99321599666937299,0.0045426194461302138,432,413
fixed_train,2,2,apriori|1|06,ac370442,6,0.99321599666937299,0.0057088246440399892,432,413
fixed_train,2,2,apriori|1|06,ac370442,7,0.99321599666937299,0.0056642676506993839,432,404
fixed_train,2,2,apriori|1|06,ac370442,8,0.99321599666937299,0.0079802479121611203,432,413
fixed_train,2,2,apriori|1|06,ac370442,9,0.99321599666937299,0.0091596214593800962,432,417
fixed_train,2,2,apriori|1|07,370712b,0,0.99321599666937299,0.0068322472084219044,430,416
fixed_train,2,2,apriori|1|07,370712b,1,0.99321599666937299,0.014679933745069484,430,412
fixed_train,2,2,apriori|1|07,370712b,2,0.99321599666937299,0.0045226688870847465,430,412
fixed_train,2,2,apriori|1|07,370712b,3,0.99321599666937299,0.0022613344435424843,430,411
fixed_train,2,2,apriori|1|07,370712b,4,0.99321599666937299,0.0080071754153397956,430,415
fixed_train,2,2,apriori|1|07,370712b,5,0.99321599666937299,0.0045426194461302138,430,402
fixed_train,2,2,apriori|1|07,370712b,6,0.99321599666937299,0.0022613344435424843,430,405
fixed_train,2,2,apriori|1|07,370712b,7,0.99321599666937299,0.0067840033306271197,430,416
fixed_train,2,2,apriori|1|07,370712b,8,0.99321599666937299,0.0091304046696573105,430,404
fixed_train,2,2,apriori|1|07,370712b,9,0.99321599666937299,0.0067840033306271197,430,413
fixed_train,2,2,apriori|1|08,370715a,0,0.99321599666937299,0.0034009456540945449,425,408
fixed_train,2,2,apriori|1|08,370715a,1,0.99321599666937299,0.0056642676506993839,425,406
fixed_train,2,2,apriori|1|08,370715a,2,0.99321599666937299,0.0056642676506993839,425,410
fixed_train,2,2,apriori|1|08,370715a,3,0.99321599666937299,0.0056642676506993839,425,401
fixed_train,2,2,apriori|1|08,370715a,4,0.99321599666937299,0.0045426194461302138,425,402
fixed_train,2,2,apriori|1|08,370715a,5,0.99321599666937299,0.0045030164722570376,425,409
fixed_train,2,2,apriori|1|08,370715a,6,0.99321599666937299,0.0034190366571821285,425,410
fixed_train,2,2,apriori|1|08,370715a,7,0.99321599666937299,0.0067604204328338691,425,406
fixed_train,2,2,apriori|1|08,370715a,8,0.99321599666937299,0.0034190366571821285,425,409
fixed_train,2,2,apriori|1|08,370715a,9,0.99321599666937299,0.0056642676506993839,425,394
fixed_train,2,2,apriori|1|09,370488e,0,0.99321599666937299,0.0045628721185804189,419,403
fixed_train,2,2,apriori|1|09,370488e,1,0.99321599666937299,0.013677378384024164,419,401
fixed_train,2,2,apriori|1|09,370488e,2,0.99321599666937299,0.0068322472084219044,419,399
fixed_train,2,2,apriori|1|09,370488e,3,0.99321599666937299,0.010282741376257731,419,403
fixed_train,2,2,apriori|1|09,370488e,4,0.99321599666937299,0.0091304046696573105,419,400
fixed_train,2,2,apriori|1|09,370488e,5,0.99321599666937299,0.013753073406312377,419,399
fixed_train,2,2,apriori|1|09,370488e,6,0.99321599666937299,0.013714942827953824,419,406
fixed_train,2,2,apriori|1|09,370488e,7,0.99321599666937299,0.0068079440014816583,419,404
fixed_train,2,2,apriori|1|09,370488e,8,0.99321599666937299,0.011403891526840737,419,399
fixed_train,2,2,apriori|1|09,370488e,9,0.99321599666937299,0.0091304046696573105,419,403
fixed_train,2,2,apriori|1|10,370488g,0,0.99321599666937299,0.0080071754153397956,419,402
fixed_train,2,2,apriori|1|10,370488g,1,0.99321599666937299,0.0022772948907787693,419,393
fixed_train,2,2,apriori|1|10,370488g,2,0.99321599666937299,0.0045426194461302138,419,397
fixed_train,2,2,apriori|1|10,370488g,3,0.99321599666937299,0.0057088246440399892,419,393
fixed_train,2,2,apriori|1|10,370488g,4,0.99321599666937299,0.0045628721185804189,419,402
fixed_train,2,2,apriori|1|10,370488g,5,0.99321599666937299,0.0057088246440399892,419,403
fixed_train,2,2,apriori|1|10,370488g,6,0.99321599666937299,0.0057088246440399892,419,403
fixed_train,2,2,apriori|1|10,370488g,7,0.99321599666937299,0.0079537210962085103,419,399
fixed_train,2,2,apriori|1|10,370488g,8,0.99321599666937299,0.010282741376257731,419,396
fixed_train,2,2,apriori|1|10,370488g,9,0.99321599666937299,0.0056863788766953194,419,397
fixed_train,2,2,apriori|2|01,"370407, ac370000",0,0.99321599666937299,0.038467230028982557,469,465
fixed_train,2,2,apriori|2|01,"370407, ac370000",1,0.99321599666937299,0.044430309166025195,469,468
fixed_train,2,2,apriori|2|01,"370407, ac370000",2,0.99321599666937299,0.0416011606057618,469,467
fixed_train,2,2,apriori|2|01,"370407, ac370000",3,0.99321599666937299,0.032384938903592508,469,468
fixed_train,2,2,apriori|2|01,"370407, ac370000",4,0.99321599666937299,0.029935896477815249,469,466
fixed_train,2,2,apriori|2|01,"370407, ac370000",5,0.99321599666937299,0.037081074772773226,469,463
fixed_train,2,2,apriori|2|01,"370407, ac370000",6,0.99321599666937299,0.031270990601812376,469,468
fixed_train,2,2,apriori|2|01,"370407, ac370000",7,0.99321599666937299,0.034857026520914158,469,465
fixed_train,2,2,apriori|2|01,"370407, ac370000",8,0.99321599666937299,0.030080883478050269,469,467
fixed_train,2,2,apriori|2|01,"370407, ac370000",9,0.99321599666937299,0.036057704119127121,469,468
fixed_train,2,2,apriori|2|02,"ac370000, ac370419",0,0.99321599666937299,0.034942932499839374,451,446
fixed_train,2,2,apriori|2|02,"ac370000, ac370419",1,0.99321599666937299,0.034857026520914158,451,448
fixed_train,2,2,apriori|2|02,"ac370000, ac370419",2,0.99321599666937299,0.03957925870322454,451,449
fixed_train,2,2,apriori|2|02,"ac370000, ac370419",3,0.99321599666937299,0.04300500802989804,451,449
fixed_train,2,2,apriori|2|02,"ac370000, ac370419",4,0.99321599666937299,0.031270990601812376,451,448
fixed_train,2,2,apriori|2|02,"ac370000, ac370419",5,0.99321599666937299,0.029110400208356202,451,447
fixed_train,2,2,apriori|2|02,"ac370000, ac370419",6,0.99321599666937299,0.038562389350520587,451,448
fixed_train,2,2,apriori|2|02,"ac370000, ac370419",7,0.99321599666937299,0.031348003320013307,451,447
fixed_train,2,2,apriori|2|02,"ac370000, ac370419",8,0.99321599666937299,0.032543635973606322,451,450
fixed_train,2,2,apriori|2|02,"ac370000, ac370419",9,0.99321599666937299,0.031195113732537583,451,449
fixed_train,2,2,apriori|2|03,"370407, ac370419",0,0.99321599666937299,0.022993316360577665,444,441
fixed_train,2,2,apriori|2|03,"370407, ac370419",1,0.99321599666937299,0.0228806630671744,444,442
fixed_train,2,2,apriori|2|03,"370407, ac370419",2,0.99321599666937299,0.020547924880814028,444,440
fixed_train,2,2,apriori|2|03,"370407, ac370419",3,0.99321599666937299,0.025408869035609793,444,443
fixed_train,2,2,apriori|2|03,"370407, ac370419",4,0.99321599666937299,0.020755921525704601,444,444
fixed_train,2,2,apriori|2|03,"370407, ac370419",5,0.99321599666937299,0.020547924880814028,444,443
fixed_train,2,2,apriori|2|03,"370407, ac370419",6,0.99321599666937299,0.020702753307408117,444,442
fixed_train,2,2,apriori|2|03,"370407, ac370419",7,0.99321599666937299,0.019482452508450598,444,443
fixed_train,2,2,apriori|2|03,"370407, ac370419",8,0.99321599666937299,0.014873822436076156,444,440
fixed_train,2,2,apriori|2|03,"370407, ac370419",9,0.99321599666937299,0.015992603512240411,444,440
fixed_train,2,2,apriori|2|04,"ac370000, ac370443",0,0.99321599666937299,0.028685768033210213,439,435
fixed_train,2,2,apriori|2|04,"ac370000, ac370443",1,0.99321599666937299,0.025537633166615281,439,437
fixed_train,2,2,apriori|2|04,"ac370000, ac370443",2,0.99321599666937299,0.030080883478050269,439,438
fixed_train,2,2,apriori|2|04,"ac370000, ac370443",3,0.99321599666937299,0.030080883478050269,439,437
fixed_train,2,2,apriori|2|04,"ac370000, ac370443",4,0.99321599666937299,0.031270990601812376,439,432
fixed_train,2,2,apriori|2|04,"ac370000, ac370443",5,0.99321599666937299,0.033417590707575218,439,438
fixed_train,2,2,apriori|2|04,"ac370000, ac370443",6,0.99321599666937299,0.026658264064546966,439,437
fixed_train,2,2,apriori|2|04,"ac370000, ac370443",7,0.99321599666937299,0.025283879413747434,439,436
fixed_train,2,2,apriori|2|04,"ac370000, ac370443",8,0.99321599666937299,0.028964627333179505,439,436
fixed_train,2,2,apriori|2|04,"ac370000, ac370443",9,0.99321599666937299,0.030080883478050269,439,435
fixed_train,2,2,apriori|2|05,"ac370419, ac370443",0,0.99321599666937299,0.0091596214593800962,438,436
fixed_train,2,2,apriori|2|05,"ac370419, ac370443",1,0.99321599666937299,0.011437282143666905,438,438
fixed_train,2,2,apriori|2|05,"ac370419, ac370443",2,0.99321599666937299,0.0091304046696573105,438,435
fixed_train,2,2,apriori|2|05,"ac370419, ac370443",3,0.99321599666937299,0.013753073406312377,438,437
fixed_train,2,2,apriori|2|05,"ac370419, ac370443",4,0.99321599666937299,0.010282741376257731,438,436
fixed_train,2,2,apriori|2|05,"ac370419, ac370443",5,0.99321599666937299,0.015992603512240411,438,438
fixed_train,2,2,apriori|2|05,"ac370419, ac370443",6,0.99321599666937299,0.011403891526840737,438,435
fixed_train,2,2,apriori|2|05,"ac370419, ac370443",7,0.99321599666937299,0.018270264196527108,438,434
fixed_train,2,2,apriori|2|05,"ac370419, ac370443",8,0.99321599666937299,0.01259405130273894,438,437
fixed_train,2,2,apriori|2|05,"ac370419, ac370443",9,0.99321599666937299,0.0090732685568332139,438,435
fixed_train,2,2,apriori|2|06,"ac370000, ac370442",0,0.99321599666937299,0.025283879413747434,432,431
fixed_train,2,2,apriori|2|06,"ac370000, ac370442",1,0.99321599666937299,0.024351900795914205,432,431
fixed_train,2,2,apriori|2|06,"ac370000, ac370442",2,0.99321599666937299,0.024289819721053041,432,428
fixed_train,2,2,apriori|2|06,"ac370000, ac370442",3,0.99321599666937299,0.023109378152307181,432,432
fixed_train,2,2,apriori|2|06,"ac370000, ac370442",4,0.99321599666937299,0.029110400208356202,432,426
fixed_train,2,2,apriori|2|06,"ac370000, ac370442",5,0.99321599666937299,0.027640902739787698,432,431
fixed_train,2,2,apriori|2|06,"ac370000, ac370442",6,0.99321599666937299,0.023168717201423217,432,432
fixed_train,2,2,apriori|2|06,"ac370000, ac370442",7,0.99321599666937299,0.032463698130310137,432,430
fixed_train,2,2,apriori|2|06,"ac370000, ac370442",8,0.99321599666937299,0.028823122817494995,432,432
fixed_train,2,2,apriori|2|06,"ac370000, ac370442",9,0.99321599666937299,0.027640902739787698,432,430
fixed_train,2,2,apriori|2|07,"ac370442, ac370443",0,0.99321599666937299,0.010282741376257731,431,431
fixed_train,2,2,apriori|2|07,"ac370442, ac370443",1,0.99321599666937299,0.011403891526840737,431,426
fixed_train,2,2,apriori|2|07,"ac370442, ac370443",2,0.99321599666937299,0.0056863788766953194,431,430
fixed_train,2,2,apriori|2|07,"ac370442, ac370443",3,0.99321599666937299,0.012558307337175667,431,431
fixed_train,2,2,apriori|2|07,"ac370442, ac370443",4,0.99321599666937299,0.0056642676506993839,431,430
fixed_train,2,2,apriori|2|07,"ac370442, ac370443",5,0.99321599666937299,0.0068322472084219044,431,430
fixed_train,2,2,apriori|2|07,"ac370442, ac370443",6,0.99321599666937299,0.0057088246440399892,431,430
fixed_train,2,2,apriori|2|07,"ac370442, ac370443",7,0.99321599666937299,0.010251671180282362,431,430
fixed_train,2,2,apriori|2|07,"ac370442, ac370443",8,0.99321599666937299,0.011338593112184547,431,429
fixed_train,2,2,apriori|2|07,"ac370442, ac370443",9,0.99321599666937299,0.0091304046696573105,431,429
fixed_train,2,2,apriori|2|08,"ac370419, ac370442",0,0.99321599666937299,0.014873822436076156,430,429
fixed_train,2,2,apriori|2|08,"ac370419, ac370442",1,0.99321599666937299,0.0170659409846462,430,427
fixed_train,2,2,apriori|2|08,"ac370419, ac370442",2,0.99321599666937299,0.011437282143666905,430,429
fixed_train,2,2,apriori|2|08,"ac370419, ac370442",3,0.99321599666937299,0.0080071754153397956,430,429
fixed_train,2,2,apriori|2|08,"ac370419, ac370442",4,0.99321599666937299,0.017198412870269908,430,428
fixed_train,2,2,apriori|2|08,"ac370419, ac370442",5,0.99321599666937299,0.014914373232089106,430,428
fixed_train,2,2,apriori|2|08,"ac370419, ac370442",6,0.99321599666937299,0.012558307337175667,430,429
fixed_train,2,2,apriori|2|08,"ac370419, ac370442",7,0.99321599666937299,0.019433364702750255,430,430
fixed_train,2,2,apriori|2|08,"ac370419, ac370442",8,0.99321599666937299,0.011403891526840737,430,428
fixed_train,2,2,apriori|2|08,"ac370419, ac370442",9,0.99321599666937299,0.010282741376257731,430,430
fixed_train,2,2,apriori|2|09,"370407, ac370443",0,0.99321599666937299,0.0091304046696573105,432,431
fixed_train,2,2,apriori|2|09,"370407, ac370443",1,0.99321599666937299,0.019385005219929696,432,427
fixed_train,2,2,apriori|2|09,"370407, ac370443",2,0.99321599666937299,0.011437282143666905,432,432
fixed_train,2,2,apriori|2|09,"370407, ac370443",3,0.99321599666937299,0.014833873298093714,432,429
fixed_train,2,2,apriori|2|09,"370407, ac370443",4,0.99321599666937299,0.014873822436076156,432,431
fixed_train,2,2,apriori|2|09,"370407, ac370443",5,0.99321599666937299,0.0045628721185804189,432,431
fixed_train,2,2,apriori|2|09,"370407, ac370443",6,0.99321599666937299,0.019482452508450598,432,430
fixed_train,2,2,apriori|2|09,"370407, ac370443",7,0.99321599666937299,0.014794517716524958,432,431
fixed_train,2,2,apriori|2|09,"370407, ac370443",8,0.99321599666937299,0.01715359356941315,432,430
fixed_train,2,2,apriori|2|09,"370407, ac370443",9,0.99321599666937299,0.013677378384024164,432,432
fixed_train,2,2,apriori|2|10,"370712b, ac370000",0,0.99321599666937299,0.023168717201423217,430,424
fixed_train,2,2,apriori|2|10,"370712b, ac370000",1,0.99321599666937299,0.031046704075332276,430,425
fixed_train,2,2,apriori|2|10,"370712b, ac370000",2,0.99321599666937299,0.031348003320013307,430,429
fixed_train,2,2,apriori|2|10,"370712b, ac370000",3,0.99321599666937299,0.032307341685517743,430,430
fixed_train,2,2,apriori|2|10,"370712b, ac370000",4,0.99321599666937299,0.024351900795914205,430,428
fixed_train,2,2,apriori|2|10,"370712b, ac370000",5,0.99321599666937299,0.027640902739787698,430,430
fixed_train,2,2,apriori|2|10,"370712b, ac370000",6,0.99321599666937299,0.026591584391547851,430,429
fixed_train,2,2,apriori|2|10,"370712b, ac370000",7,0.99321599666937299,0.026725941907814521,430,430
fixed_train,2,2,apriori|2|10,"370712b, ac370000",8,0.99321599666937299,0.03690632345212308,430,429
fixed_train,2,2,apriori|2|10,"370712b, ac370000",9,0.99321599666937299,0.02875393392951664,430,429
fixed_train,2,2,apriori|3|01,"370407, ac370000, ac370419",0,0.99321599666937299,0.030230245426298485,444,443
fixed_train,2,2,apriori|3|01,"370407, ac370000, ac370419",1,0.99321599666937299,0.035970064732211982,444,444
fixed_train,2,2,apriori|3|01,"370407, ac370000, ac370419",2,0.99321599666937299,0.0336590340261127,444,443
fixed_train,2,2,apriori|3|01,"370407, ac370000, ac370419",3,0.99321599666937299,0.033496878403032393,444,444
fixed_train,2,2,apriori|3|01,"370407, ac370000, ac370419",4,0.99321599666937299,0.034942932499839374,444,444
fixed_train,2,2,apriori|3|01,"370407, ac370000, ac370419",5,0.99321599666937299,0.037353129742331181,444,444
fixed_train,2,2,apriori|3|01,"370407, ac370000, ac370419",6,0.99321599666937299,0.037261095601531902,444,443
fixed_train,2,2,apriori|3|01,"370407, ac370000, ac370419",7,0.99321599666937299,0.033496878403032393,444,443
fixed_train,2,2,apriori|3|01,"370407, ac370000, ac370419",8,0.99321599666937299,0.032384938903592508,444,444
fixed_train,2,2,apriori|3|01,"370407, ac370000, ac370419",9,0.99321599666937299,0.037446539280118207,444,442
fixed_train,2,2,apriori|3|02,"ac370000, ac370419, ac370443",0,0.99321599666937299,0.026525888872454995,438,438
fixed_train,2,2,apriori|3|02,"ac370000, ac370419, ac370443",1,0.99321599666937299,0.028964627333179505,438,437
fixed_train,2,2,apriori|3|02,"ac370000, ac370419, ac370443",2,0.99321599666937299,0.031270990601812376,438,438
fixed_train,2,2,apriori|3|02,"ac370000, ac370419, ac370443",3,0.99321599666937299,0.027708359918912517,438,438
fixed_train,2,2,apriori|3|02,"ac370000, ac370419, ac370443",4,0.99321599666937299,0.031195113732537583,438,438
fixed_train,2,2,apriori|3|02,"ac370000, ac370419, ac370443",5,0.99321599666937299,0.032155568573256077,438,438
fixed_train,2,2,apriori|3|02,"ac370000, ac370419, ac370443",6,0.99321599666937299,0.028823122817494995,438,437
fixed_train,2,2,apriori|3|02,"ac370000, ac370419, ac370443",7,0.99321599666937299,0.028893349062042661,438,438
fixed_train,2,2,apriori|3|02,"ac370000, ac370419, ac370443",8,0.99321599666937299,0.021875623492069507,438,438
fixed_train,2,2,apriori|3|02,"ac370000, ac370419, ac370443",9,0.99321599666937299,0.024228654927414772,438,438
fixed_train,2,2,apriori|3|03,"ac370000, ac370442, ac370443",0,0.99321599666937299,0.027776828052507807,431,431
fixed_train,2,2,apriori|3|03,"ac370000, ac370442, ac370443",1,0.99321599666937299,0.031270990601812376,431,430
fixed_train,2,2,apriori|3|03,"ac370000, ac370442, ac370443",2,0.99321599666937299,0.031270990601812376,431,431
fixed_train,2,2,apriori|3|03,"ac370000, ac370442, ac370443",3,0.99321599666937299,0.027776828052507807,431,431
fixed_train,2,2,apriori|3|03,"ac370000, ac370442, ac370443",4,0.99321599666937299,0.027708359918912517,431,431
fixed_train,2,2,apriori|3|03,"ac370000, ac370442, ac370443",5,0.99321599666937299,0.029036972613913914,431,431
fixed_train,2,2,apriori|3|03,"ac370000, ac370442, ac370443",6,0.99321599666937299,0.023109378152307181,431,431
fixed_train,2,2,apriori|3|03,"ac370000, ac370442, ac370443",7,0.99321599666937299,0.026658264064546966,431,431
fixed_train,2,2,apriori|3|03,"ac370000, ac370442, ac370443",8,0.99321599666937299,0.024168393637885144,431,430
fixed_train,2,2,apriori|3|03,"ac370000, ac370442, ac370443",9,0.99321599666937299,0.030007850802215019,431,431
fixed_train,2,2,apriori|3|04,"ac370000, ac370419, ac370442",0,0.99321599666937299,0.026725941907814521,430,429
fixed_train,2,2,apriori|3|04,"ac370000, ac370419, ac370442",1,0.99321599666937299,0.027574442466917093,430,430
fixed_train,2,2,apriori|3|04,"ac370000, ac370419, ac370442",2,0.99321599666937299,0.027640902739787698,430,430
fixed_train,2,2,apriori|3|04,"ac370000, ac370419, ac370442",3,0.99321599666937299,0.027846321487847048,430,429
fixed_train,2,2,apriori|3|04,"ac370000, ac370419, ac370442",4,0.99321599666937299,0.025472772626965456,430,430
fixed_train,2,2,apriori|3|04,"ac370000, ac370419, ac370442",5,0.99321599666937299,0.02875393392951664,430,430
fixed_train,2,2,apriori|3|04,"ac370000, ac370419, ac370442",6,0.99321599666937299,0.027574442466917093,430,430
fixed_train,2,2,apriori|3|04,"ac370000, ac370419, ac370442",7,0.99321599666937299,0.031270990601812376,430,429
fixed_train,2,2,apriori|3|04,"ac370000, ac370419, ac370442",8,0.99321599666937299,0.031120356762535217,430,429
fixed_train,2,2,apriori|3|04,"ac370000, ac370419, ac370442",9,0.99321599666937299,0.032463698130310137,430,430
fixed_train,2,2,apriori|3|05,"ac370419, ac370442, ac370443",0,0.99321599666937299,0.012523094448403715,430,430
fixed_train,2,2,apriori|3|05,"ac370419, ac370442, ac370443",1,0.99321599666937299,0.0183168682367435,430,430
fixed_train,2,2,apriori|3|05,"ac370419, ac370442, ac370443",2,0.99321599666937299,0.01259405130273894,430,430
fixed_train,2,2,apriori|3|05,"ac370419, ac370442, ac370443",3,0.99321599666937299,0.014873822436076156,430,430
fixed_train,2,2,apriori|3|05,"ac370419, ac370442, ac370443",4,0.99321599666937299,0.012558307337175667,430,429
fixed_train,2,2,apriori|3|05,"ac370419, ac370442, ac370443",5,0.99321599666937299,0.01364037247794625,430,430
fixed_train,2,2,apriori|3|05,"ac370419, ac370442, ac370443",6,0.99321599666937299,0.0068569178124737729,430,430
fixed_train,2,2,apriori|3|05,"ac370419, ac370442, ac370443",7,0.99321599666937299,0.013753073406312377,430,429
fixed_train,2,2,apriori|3|05,"ac370419, ac370442, ac370443",8,0.99321599666937299,0.010282741376257731,430,430
fixed_train,2,2,apriori|3|05,"ac370419, ac370442, ac370443",9,0.99321599666937299,0.017109439259011539,430,430
fixed_train,2,2,apriori|3|06,"370407, ac370000, ac370443",0,0.99321599666937299,0.021875623492069507,432,431
fixed_train,2,2,apriori|3|06,"370407, ac370000, ac370443",1,0.99321599666937299,0.02875393392951664,432,432
fixed_train,2,2,apriori|3|06,"370407, ac370000, ac370443",2,0.99321599666937299,0.025222767432026449,432,432
fixed_train,2,2,apriori|3|06,"370407, ac370000, ac370443",3,0.99321599666937299,0.026461163783700892,432,431
fixed_train,2,2,apriori|3|06,"370407, ac370000, ac370443",4,0.99321599666937299,0.027508965343644554,432,431
fixed_train,2,2,apriori|3|06,"370407, ac370000, ac370443",5,0.99321599666937299,0.02875393392951664,432,432
fixed_train,2,2,apriori|3|06,"370407, ac370000, ac370443",6,0.99321599666937299,0.027708359918912517,432,432
fixed_train,2,2,apriori|3|06,"370407, ac370000, ac370443",7,0.99321599666937299,0.025345909001760036,432,432
fixed_train,2,2,apriori|3|06,"370407, ac370000, ac370443",8,0.99321599666937299,0.029036972613913914,432,432
fixed_train,2,2,apriori|3|06,"370407, ac370000, ac370443",9,0.99321599666937299,0.026525888872454995,432,432
fixed_train,2,2,apriori|3|07,"370407, ac370419, ac370443",0,0.99321599666937299,0.015992603512240411,432,432
fixed_train,2,2,apriori|3|07,"370407, ac370419, ac370443",1,0.99321599666937299,0.016034970821527827,432,432
fixed_train,2,2,apriori|3|07,"370407, ac370419, ac370443",2,0.99321599666937299,0.022825585565100615,432,432
fixed_train,2,2,apriori|3|07,"370407, ac370419, ac370443",3,0.99321599666937299,0.011471175991096927,432,432
fixed_train,2,2,apriori|3|07,"370407, ac370419, ac370443",4,0.99321599666937299,0.01715359356941315,432,432
fixed_train,2,2,apriori|3|07,"370407, ac370419, ac370443",5,0.99321599666937299,0.015992603512240411,432,432
fixed_train,2,2,apriori|3|07,"370407, ac370419, ac370443",6,0.99321599666937299,0.01715359356941315,432,432
fixed_train,2,2,apriori|3|07,"370407, ac370419, ac370443",7,0.99321599666937299,0.021713135836087472,432,432
fixed_train,2,2,apriori|3|07,"370407, ac370419, ac370443",8,0.99321599666937299,0.025162560482389962,432,432
fixed_train,2,2,apriori|3|07,"370407, ac370419, ac370443",9,0.99321599666937299,0.013753073406312377,432,432
fixed_train,2,2,apriori|3|08,"370407, ac370000, ac370442",0,0.99321599666937299,0.032307341685517743,425,425
fixed_train,2,2,apriori|3|08,"370407, ac370000, ac370442",1,0.99321599666937299,0.024228654927414772,425,424
fixed_train,2,2,apriori|3|08,"370407, ac370000, ac370442",2,0.99321599666937299,0.025345909001760036,425,425
fixed_train,2,2,apriori|3|08,"370407, ac370000, ac370442",3,0.99321599666937299,0.026591584391547851,425,425
fixed_train,2,2,apriori|3|08,"370407, ac370000, ac370442",4,0.99321599666937299,0.033496878403032393,425,425
fixed_train,2,2,apriori|3|08,"370407, ac370000, ac370442",5,0.99321599666937299,0.031120356762535217,425,425
fixed_train,2,2,apriori|3|08,"370407, ac370000, ac370442",6,0.99321599666937299,0.026397395687156266,425,425
fixed_train,2,2,apriori|3|08,"370407, ac370000, ac370442",7,0.99321599666937299,0.032230890215842911,425,425
fixed_train,2,2,apriori|3|08,"370407, ac370000, ac370442",8,0.99321599666937299,0.033496878403032393,425,425
fixed_train,2,2,apriori|3|08,"370407, ac370000, ac370442",9,0.99321599666937299,0.027574442466917093,425,425
fixed_train,2,2,apriori|3|09,"370407, ac370419, ac370442",0,0.99321599666937299,0.0183168682367435,424,423
fixed_train,2,2,apriori|3|09,"370407, ac370419, ac370442",1,0.99321599666937299,0.01595086524120759,424,424
fixed_train,2,2,apriori|3|09,"370407, ac370419, ac370442",2,0.99321599666937299,0.016077975785554033,424,424
fixed_train,2,2,apriori|3|09,"370407, ac370419, ac370442",3,0.99321599666937299,0.019433364702750255,424,424
fixed_train,2,2,apriori|3|09,"370407, ac370419, ac370442",4,0.99321599666937299,0.022993316360577665,424,424
fixed_train,2,2,apriori|3|09,"370407, ac370419, ac370442",5,0.99321599666937299,0.0228806630671744,424,424
fixed_train,2,2,apriori|3|09,"370407, ac370419, ac370442",6,0.99321599666937299,0.018224352098391128,424,424
fixed_train,2,2,apriori|3|09,"370407, ac370419, ac370442",7,0.99321599666937299,0.020448497747470706,424,424
fixed_train,2,2,apriori|3|09,"370407, ac370419, ac370442",8,0.99321599666937299,0.017023089974261274,424,424
fixed_train,2,2,apriori|3|09,"370407, ac370419, ac370442",9,0.99321599666937299,0.023050915263732374,424,424
fixed_train,2,2,apriori|3|10,"370407, ac370442, ac370443",0,0.99321599666937299,0.016077975785554033,424,424
fixed_train,2,2,apriori|3|10,"370407, ac370442, ac370443",1,0.99321599666937299,0.015992603512240411,424,424
fixed_train,2,2,apriori|3|10,"370407, ac370442, ac370443",2,0.99321599666937299,0.0183168682367435,424,424
fixed_train,2,2,apriori|3|10,"370407, ac370442, ac370443",3,0.99321599666937299,0.021608787520888795,424,424
fixed_train,2,2,apriori|3|10,"370407, ac370442, ac370443",4,0.99321599666937299,0.010282741376257731,424,424
fixed_train,2,2,apriori|3|10,"370407, ac370442, ac370443",5,0.99321599666937299,0.012523094448403715,424,424
fixed_train,2,2,apriori|3|10,"370407, ac370442, ac370443",6,0.99321599666937299,0.019385005219929696,424,424
fixed_train,2,2,apriori|3|10,"370407, ac370442, ac370443",7,0.99321599666937299,0.014873822436076156,424,424
fixed_train,2,2,apriori|3|10,"370407, ac370442, ac370443",8,0.99321599666937299,0.017243906302940148,424,423
fixed_train,2,2,apriori|3|10,"370407, ac370442, ac370443",9,0.99321599666937299,0.019337364252767553,424,424
fixed_train,2,2,impressed|1|01,ac419100,0,0.99321599666937299,0.02615163405713139,605,498
fixed_train,2,2,impressed|1|01,ac419100,1,0.99321599666937299,0.030902650699353829,605,503
fixed_train,2,2,impressed|1|01,ac419100,2,0.99321599666937299,0.025162560482389962,605,492
fixed_train,2,2,impressed|1|01,ac419100,3,0.99321599666937299,0.023880210789010037,605,489
fixed_train,2,2,impressed|1|01,ac419100,4,0.99321599666937299,0.033038400985437422,605,498
fixed_train,2,2,impressed|1|01,ac419100,5,0.99321599666937299,0.028423057325252521,605,507
fixed_train,2,2,impressed|1|01,ac419100,6,0.99321599666937299,0.027380906933674232,605,499
fixed_train,2,2,impressed|1|01,ac419100,7,0.99321599666937299,0.0228806630671744,605,496
fixed_train,2,2,impressed|1|01,ac419100,8,0.99321599666937299,0.026334571422992448,605,484
fixed_train,2,2,impressed|1|01,ac419100,9,0.99321599666937299,0.0228806630671744,605,491
fixed_train,2,2,impressed|1|02,ac370000,0,0.99321599666937299,0.17195384050114038,559,553
fixed_train,2,2,impressed|1|02,ac370000,1,0.99321599666937299,0.18835065656102457,559,551
fixed_train,2,2,impressed|1|02,ac370000,2,0.99321599666937299,0.18281010792713237,559,557
fixed_train,2,2,impressed|1|02,ac370000,3,0.99321599666937299,0.17722104838815422,559,558
fixed_train,2,2,impressed|1|02,ac370000,4,0.99321599666937299,0.18281010792713237,559,555
fixed_train,2,2,impressed|1|02,ac370000,5,0.99321599666937299,0.17962807214166043,559,552
fixed_train,2,2,impressed|1|02,ac370000,6,0.99321599666937299,0.18255452814811879,559,558
fixed_train,2,2,impressed|1|02,ac370000,7,0.99321599666937299,0.19303901282311997,559,557
fixed_train,2,2,impressed|1|02,ac370000,8,0.99321599666937299,0.19026678038252731,559,556
fixed_train,2,2,impressed|1|02,ac370000,9,0.99321599666937299,0.18210604724921475,559,555
fixed_train,2,2,impressed|1|03,ac415100,0,0.99321599666937299,0.012454233640513679,193,169
fixed_train,2,2,impressed|1|03,ac415100,1,0.99321599666937299,0.012488405535234892,193,184
fixed_train,2,2,impressed|1|03,ac415100,2,0.99321599666937299,0.012387413777121048,193,184
fixed_train,2,2,impressed|1|03,ac415100,3,0.99321599666937299,0.010221063315721812,193,176
fixed_train,2,2,impressed|1|03,ac415100,4,0.99321599666937299,0.014679933745069484,193,177
fixed_train,2,2,impressed|1|03,ac415100,5,0.99321599666937299,0.013568006661254128,193,173
fixed_train,2,2,impressed|1|03,ac415100,6,0.99321599666937299,0.013568006661254128,193,178
fixed_train,2,2,impressed|1|03,ac415100,7,0.99321599666937299,0.011338593112184547,193,178
fixed_train,2,2,impressed|1|03,ac415100,8,0.99321599666937299,0.012420571947627801,193,173
fixed_train,2,2,impressed|1|03,ac415100,9,0.99321599666937299,0.012454233640513679,193,180
fixed_train,2,2,impressed|1|04,ac10307,0,0.99321599666937299,0.0057088246440399892,122,105
fixed_train,2,2,impressed|1|04,ac10307,1,0.99321599666937299,0.0068569178124737729,122,102
fixed_train,2,2,impressed|1|04,ac10307,2,0.99321599666937299,0.0079802479121611203,122,105
fixed_train,2,2,impressed|1|04,ac10307,3,0.99321599666937299,0.0045628721185804189,122,105
fixed_train,2,2,impressed|1|04,ac10307,4,0.99321599666937299,0.0068079440014816583,122,108
fixed_train,2,2,impressed|1|04,ac10307,5,0.99321599666937299,0.0080071754153397956,122,108
fixed_train,2,2,impressed|1|04,ac10307,6,0.99321599666937299,0.0079802479121611203,122,107
fixed_train,2,2,impressed|1|04,ac10307,7,0.99321599666937299,0.0068569178124737729,122,105
fixed_train,2,2,impressed|1|04,ac10307,8,0.99321599666937299,0.0068322472084219044,122,105
fixed_train,2,2,impressed|1|04,ac10307,9,0.99321599666937299,0.010251671180282362,122,99
fixed_train,2,2,impressed|1|05,ac355427,0,0.99321599666937299,0.0011376236574898169,27,23
fixed_train,2,2,impressed|1|05,ac355427,1,0.99321599666937299,0.0034190366571821285,27,23
fixed_train,2,2,impressed|1|05,ac355427,2,0.99321599666937299,0.0022772948907787693,27,23
fixed_train,2,2,impressed|1|05,ac355427,3,0.99321599666937299,0.0011376236574898169,27,25
fixed_train,2,2,impressed|1|05,ac355427,4,0.99321599666937299,0.0034190366571821285,27,25
fixed_train,2,2,impressed|1|05,ac355427,5,0.99321599666937299,0,27,23
fixed_train,2,2,impressed|1|05,ac355427,6,0.99321599666937299,0.0022772948907787693,27,25
fixed_train,2,2,impressed|1|05,ac355427,7,0.99321599666937299,0.0011376236574898169,27,22
fixed_train,2,2,impressed|1|05,ac355427,8,0.99321599666937299,0.0011376236574898169,27,20
fixed_train,2,2,impressed|1|05,ac355427,9,0.99321599666937299,0.0022772948907787693,27,25
fixed_train,2,2,impressed|1|06,ac388170,0,0.99321599666937299,0,2,1
fixed_train,2,2,impressed|1|06,ac388170,1,0.99321599666937299,0,2,1
fixed_train,2,2,impressed|1|06,ac388170,2,0.99321599666937299,0,2,1
fixed_train,2,2,impressed|1|06,ac388170,3,0.99321599666937299,0,2,0
fixed_train,2,2,impressed|1|06,ac388170,4,0.99321599666937299,0,2,1
fixed_train,2,2,impressed|1|06,ac388170,5,0.99321599666937299,0,2,1
fixed_train,2,2,impressed|1|06,ac388170,6,0.99321599666937299,0,2,1
fixed_train,2,2,impressed|1|06,ac388170,7,0.99321599666937299,0,2,0
fixed_train,2,2,impressed|1|06,ac388170,8,0.99321599666937299,0,2,1
fixed_train,2,2,impressed|1|06,ac388170,9,0.99321599666937299,0,2,1
fixed_train,2,2,impressed|1|07,387070a,0,0.99321599666937299,0,2,0
fixed_train,2,2,impressed|1|07,387070a,1,0.99321599666937299,0,2,0
fixed_train,2,2,impressed|1|07,387070a,2,0.99321599666937299,0,2,0
fixed_train,2,2,impressed|1|07,387070a,3,0.99321599666937299,0,2,1
fixed_train,2,2,impressed|1|07,387070a,4,0.99321599666937299,0,2,0
fixed_train,2,2,impressed|1|07,387070a,5,0.99321599666937299,0,2,1
fixed_train,2,2,impressed|1|07,387070a,6,0.99321599666937299,0,2,0
fixed_train,2,2,impressed|1|07,387070a,7,0.99321599666937299,0,2,0
fixed_train,2,2,impressed|1|07,387070a,8,0.99321599666937299,0,2,1
fixed_train,2,2,impressed|1|07,387070a,9,0.99321599666937299,0,2,1
fixed_train,2,2,impressed|1|08,ac370402,0,0.99321599666937299,0.010251671180282362,400,386
fixed_train,2,2,impressed|1|08,ac370402,1,0.99321599666937299,0.0091304046696573105,400,386
fixed_train,2,2,impressed|1|08,ac370402,2,0.99321599666937299,0.0045628721185804189,400,372
fixed_train,2,2,impressed|1|08,ac370402,3,0.99321599666937299,0.0091304046696573105,400,380
fixed_train,2,2,impressed|1|08,ac370402,4,0.99321599666937299,0.0045628721185804189,400,382
fixed_train,2,2,impressed|1|08,ac370402,5,0.99321599666937299,0.0045628721185804189,400,371
fixed_train,2,2,impressed|1|08,ac370402,6,0.99321599666937299,0.0034009456540945449,400,381
fixed_train,2,2,impressed|1|08,ac370402,7,0.99321599666937299,0.0068322472084219044,400,384
fixed_train,2,2,impressed|1|08,ac370402,8,0.99321599666937299,0.0045628721185804189,400,381
fixed_train,2,2,impressed|1|08,ac370402,9,0.99321599666937299,0.0034190366571821285,400,386
fixed_train,2,2,impressed|1|09,370488g,0,0.99321599666937299,0.0080071754153397956,419,402
fixed_train,2,2,impressed|1|09,370488g,1,0.99321599666937299,0.0022772948907787693,419,393
fixed_train,2,2,impressed|1|09,370488g,2,0.99321599666937299,0.0045426194461302138,419,397
fixed_train,2,2,impressed|1|09,370488g,3,0.99321599666937299,0.0057088246440399892,419,393
fixed_train,2,2,impressed|1|09,370488g,4,0.99321599666937299,0.0045628721185804189,419,402
fixed_train,2,2,impressed|1|09,370488g,5,0.99321599666937299,0.0057088246440399892,419,403
fixed_train,2,2,impressed|1|09,370488g,6,0.99321599666937299,0.0057088246440399892,419,403
fixed_train,2,2,impressed|1|09,370488g,7,0.99321599666937299,0.0079537210962085103,419,399
fixed_train,2,2,impressed|1|09,370488g,8,0.99321599666937299,0.010282741376257731,419,396
fixed_train,2,2,impressed|1|09,370488g,9,0.99321599666937299,0.0056863788766953194,419,397
fixed_train,2,2,impressed|1|10,370488e,0,0.99321599666937299,0.0045628721185804189,419,403
fixed_train,2,2,impressed|1|10,370488e,1,0.99321599666937299,0.013677378384024164,419,401
fixed_train,2,2,impressed|1|10,370488e,2,0.99321599666937299,0.0068322472084219044,419,399
fixed_train,2,2,impressed|1|10,370488e,3,0.99321599666937299,0.010282741376257731,419,403
fixed_train,2,2,impressed|1|10,370488e,4,0.99321599666937299,0.0091304046696573105,419,400
fixed_train,2,2,impressed|1|10,370488e,5,0.99321599666937299,0.013753073406312377,419,399
fixed_train,2,2,impressed|1|10,370488e,6,0.99321599666937299,0.013714942827953824,419,406
fixed_train,2,2,impressed|1|10,370488e,7,0.99321599666937299,0.0068079440014816583,419,404
fixed_train,2,2,impressed|1|10,370488e,8,0.99321599666937299,0.011403891526840737,419,399
fixed_train,2,2,impressed|1|10,370488e,9,0.99321599666937299,0.0091304046696573105,419,403
fixed_train,2,2,impressed|2|01,"ac370000, ac370402",0,0.99321599666937299,0.030080883478050269,400,400
fixed_train,2,2,impressed|2|01,"ac370000, ac370402",1,0.99321599666937299,0.024351900795914205,400,398
fixed_train,2,2,impressed|2|01,"ac370000, ac370402",2,0.99321599666937299,0.028893349062042661,400,399
fixed_train,2,2,impressed|2|01,"ac370000, ac370402",3,0.99321599666937299,0.026658264064546966,400,397
fixed_train,2,2,impressed|2|01,"ac370000, ac370402",4,0.99321599666937299,0.030080883478050269,400,399
fixed_train,2,2,impressed|2|01,"ac370000, ac370402",5,0.99321599666937299,0.025537633166615281,400,398
fixed_train,2,2,impressed|2|01,"ac370000, ac370402",6,0.99321599666937299,0.023168717201423217,400,399
fixed_train,2,2,impressed|2|01,"ac370000, ac370402",7,0.99321599666937299,0.026658264064546966,400,400
fixed_train,2,2,impressed|2|01,"ac370000, ac370402",8,0.99321599666937299,0.021988055050558231,400,395
fixed_train,2,2,impressed|2|01,"ac370000, ac370402",9,0.99321599666937299,0.020755921525704601,400,399
fixed_train,2,2,impressed|2|02,"370401c, ac370000",0,0.99321599666937299,0.024168393637885144,412,409
fixed_train,2,2,impressed|2|02,"370401c, ac370000",1,0.99321599666937299,0.032543635973606322,412,410
fixed_train,2,2,impressed|2|02,"370401c, ac370000",2,0.99321599666937299,0.030155009809078592,412,411
fixed_train,2,2,impressed|2|02,"370401c, ac370000",3,0.99321599666937299,0.026725941907814521,412,412
fixed_train,2,2,impressed|2|02,"370401c, ac370000",4,0.99321599666937299,0.030306606296454097,412,410
fixed_train,2,2,impressed|2|02,"370401c, ac370000",5,0.99321599666937299,0.030080883478050269,412,411
fixed_train,2,2,impressed|2|02,"370401c, ac370000",6,0.99321599666937299,0.026525888872454995,412,411
fixed_train,2,2,impressed|2|02,"370401c, ac370000",7,0.99321599666937299,0.026525888872454995,412,412
fixed_train,2,2,impressed|2|02,"370401c, ac370000",8,0.99321599666937299,0.024109023341102209,412,410
fixed_train,2,2,impressed|2|02,"370401c, ac370000",9,0.99321599666937299,0.026658264064546966,412,410
fixed_train,2,2,impressed|2|03,"ac370000, ac370403",0,0.99321599666937299,0.0336590340261127,416,415
fixed_train,2,2,impressed|2|03,"ac370000, ac370403",1,0.99321599666937299,0.031426168178613212,416,413
fixed_train,2,2,impressed|2|03,"ac370000, ac370403",2,0.99321599666937299,0.030080883478050269,416,412
fixed_train,2,2,impressed|2|03,"ac370000, ac370403",3,0.99321599666937299,0.0336590340261127,416,414
fixed_train,2,2,impressed|2|03,"ac370000, ac370403",4,0.99321599666937299,0.033741936148870222,416,414
fixed_train,2,2,impressed|2|03,"ac370000, ac370403",5,0.99321599666937299,0.027916854878990538,416,414
fixed_train,2,2,impressed|2|03,"ac370000, ac370403",6,0.99321599666937299,0.030155009809078592,416,414
fixed_train,2,2,impressed|2|03,"ac370000, ac370403",7,0.99321599666937299,0.036236933315590081,416,415
fixed_train,2,2,impressed|2|03,"ac370000, ac370403",8,0.99321599666937299,0.034772386451541792,416,410
fixed_train,2,2,impressed|2|03,"ac370000, ac370403",9,0.99321599666937299,0.030155009809078592,416,412
fixed_train,2,2,impressed|2|04,"ac411100, ac419100",0,0.99321599666937299,0.026272678102761904,355,322
fixed_train,2,2,impressed|2|04,"ac411100, ac419100",1,0.99321599666937299,0.027444457897605412,355,327
fixed_train,2,2,impressed|2|04,"ac411100, ac419100",2,0.99321599666937299,0.024168393637885144,355,323
fixed_train,2,2,impressed|2|04,"ac411100, ac419100",3,0.99321599666937299,0.027574442466917093,355,322
fixed_train,2,2,impressed|2|04,"ac411100, ac419100",4,0.99321599666937299,0.024050531784811868,355,319
fixed_train,2,2,impressed|2|04,"ac411100, ac419100",5,0.99321599666937299,0.02065037160879013,355,329
fixed_train,2,2,impressed|2|04,"ac411100, ac419100",6,0.99321599666937299,0.025044812669941408,355,321
fixed_train,2,2,impressed|2|04,"ac411100, ac419100",7,0.99321599666937299,0.027256623016995163,355,330
fixed_train,2,2,impressed|2|04,"ac411100, ac419100",8,0.99321599666937299,0.026461163783700892,355,329
fixed_train,2,2,impressed|2|04,"ac411100, ac419100",9,0.99321599666937299,0.021820650995048152,355,324
fixed_train,2,2,impressed|2|05,"ac411100, ac415100",0,0.99321599666937299,0.014794517716524958,168,160
fixed_train,2,2,impressed|2|05,"ac411100, ac415100",1,0.99321599666937299,0.014755747754748083,168,163
fixed_train,2,2,impressed|2|05,"ac411100, ac415100",2,0.99321599666937299,0.011370997388104653,168,165
fixed_train,2,2,impressed|2|05,"ac411100, ac415100",3,0.99321599666937299,0.014794517716524958,168,162
fixed_train,2,2,impressed|2|05,"ac411100, ac415100",4,0.99321599666937299,0.013603917667536214,168,161
fixed_train,2,2,impressed|2|05,"ac411100, ac415100",5,0.99321599666937299,0.014755747754748083,168,162
fixed_train,2,2,impressed|2|05,"ac411100, ac415100",6,0.99321599666937299,0.015790036275141084,168,163
fixed_train,2,2,impressed|2|05,"ac411100, ac415100",7,0.99321599666937299,0.013603917667536214,168,162
fixed_train,2,2,impressed|2|05,"ac411100, ac415100",8,0.99321599666937299,0.020352009991881137,168,165
fixed_train,2,2,impressed|2|05,"ac411100, ac415100",9,0.99321599666937299,0.01693929554251139,168,163
fixed_train,2,2,impressed|2|06,"ac415100, ac419100",0,0.99321599666937299,0.013532632314564363,184,173
fixed_train,2,2,impressed|2|06,"ac415100, ac419100",1,0.99321599666937299,0.0090453377741693819,184,171
fixed_train,2,2,impressed|2|06,"ac415100, ac419100",2,0.99321599666937299,0.010190911643908951,184,171
fixed_train,2,2,impressed|2|06,"ac415100, ac419100",3,0.99321599666937299,0.014717555637118518,184,173
fixed_train,2,2,impressed|2|06,"ac415100, ac419100",4,0.99321599666937299,0.014642874613326584,184,174
fixed_train,2,2,impressed|2|06,"ac415100, ac419100",5,0.99321599666937299,0.013532632314564363,184,170
fixed_train,2,2,impressed|2|06,"ac415100, ac419100",6,0.99321599666937299,0.010190911643908951,184,171
fixed_train,2,2,impressed|2|06,"ac415100, ac419100",7,0.99321599666937299,0.014642874613326584,184,172
fixed_train,2,2,impressed|2|06,"ac415100, ac419100",8,0.99321599666937299,0.018134566778239103,184,174
fixed_train,2,2,impressed|2|06,"ac415100, ac419100",9,0.99321599666937299,0.011306672217711755,184,172
fixed_train,2,2,impressed|2|07,"ac10307, ac411100",0,0.99321599666937299,0.0068322472084219044,116,112
fixed_train,2,2,impressed|2|07,"ac10307, ac411100",1,0.99321599666937299,0.0056863788766953194,116,112
fixed_train,2,2,impressed|2|07,"ac10307, ac411100",2,0.99321599666937299,0.0079802479121611203,116,111
fixed_train,2,2,impressed|2|07,"ac10307, ac411100",3,0.99321599666937299,0.0045628721185804189,116,112
fixed_train,2,2,impressed|2|07,"ac10307, ac411100",4,0.99321599666937299,0.0068322472084219044,116,107
fixed_train,2,2,impressed|2|07,"ac10307, ac411100",5,0.99321599666937299,0.0057088246440399892,116,115
fixed_train,2,2,impressed|2|07,"ac10307, ac411100",6,0.99321599666937299,0.0068322472084219044,116,112
fixed_train,2,2,impressed|2|07,"ac10307, ac411100",7,0.99321599666937299,0.0056863788766953194,116,111
fixed_train,2,2,impressed|2|07,"ac10307, ac411100",8,0.99321599666937299,0.0045628721185804189,116,112
fixed_train,2,2,impressed|2|07,"ac10307, ac411100",9,0.99321599666937299,0.0079537210962085103,116,110
fixed_train,2,2,impressed|2|08,"ac10307, ac419100",0,0.99321599666937299,0.0068322472084219044,110,108
fixed_train,2,2,impressed|2|08,"ac10307, ac419100",1,0.99321599666937299,0.0056863788766953194,110,108
fixed_train,2,2,impressed|2|08,"ac10307, ac419100",2,0.99321599666937299,0.0079802479121611203,110,108
fixed_train,2,2,impressed|2|08,"ac10307, ac419100",3,0.99321599666937299,0.0079275896473042229,110,105
fixed_train,2,2,impressed|2|08,"ac10307, ac419100",4,0.99321599666937299,0.010190911643908951,110,106
fixed_train,2,2,impressed|2|08,"ac10307, ac419100",5,0.99321599666937299,0.0079802479121611203,110,107
fixed_train,2,2,impressed|2|08,"ac10307, ac419100",6,0.99321599666937299,0.0091016222982632788,110,109
fixed_train,2,2,impressed|2|08,"ac10307, ac419100",7,0.99321599666937299,0.0057088246440399892,110,105
fixed_train,2,2,impressed|2|08,"ac10307, ac419100",8,0.99321599666937299,0.0091016222982632788,110,106
fixed_train,2,2,impressed|2|08,"ac10307, ac419100",9,0.99321599666937299,0.0079537210962085103,110,106
fixed_train,2,2,impressed|2|09,"ac10307, ac415100",0,0.99321599666937299,0.0068079440014816583,53,52
fixed_train,2,2,impressed|2|09,"ac10307, ac415100",1,0.99321599666937299,0.0034190366571821285,53,53
fixed_train,2,2,impressed|2|09,"ac10307, ac415100",2,0.99321599666937299,0.0045426194461302138,53,51
fixed_train,2,2,impressed|2|09,"ac10307, ac415100",3,0.99321599666937299,0.0056863788766953194,53,51
fixed_train,2,2,impressed|2|09,"ac10307, ac415100",4,0.99321599666937299,0.0045426194461302138,53,53
fixed_train,2,2,impressed|2|09,"ac10307, ac415100",5,0.99321599666937299,0.0045226688870847465,53,52
fixed_train,2,2,impressed|2|09,"ac10307, ac415100",6,0.99321599666937299,0.0045226688870847465,53,53
fixed_train,2,2,impressed|2|09,"ac10307, ac415100",7,0.99321599666937299,0.0034190366571821285,53,53
fixed_train,2,2,impressed|2|09,"ac10307, ac415100",8,0.99321599666937299,0.0045628721185804189,53,52
fixed_train,2,2,impressed|2|09,"ac10307, ac415100",9,0.99321599666937299,0.0056642676506993839,53,52
fixed_train,2,2,impressed|2|10,"ac355201, ac415100",0,0.99321599666937299,0.0011237629604191612,24,23
fixed_train,2,2,impressed|2|10,"ac355201, ac415100",1,0.99321599666937299,0.0011237629604191612,24,23
fixed_train,2,2,impressed|2|10,"ac355201, ac415100",2,0.99321599666937299,0.0011237629604191612,24,23
fixed_train,2,2,impressed|2|10,"ac355201, ac415100",3,0.99321599666937299,0.0011237629604191612,24,24
fixed_train,2,2,impressed|2|10,"ac355201, ac415100",4,0.99321599666937299,0.0022456125116803172,24,24
fixed_train,2,2,impressed|2|10,"ac355201, ac415100",5,0.99321599666937299,0,24,24
fixed_train,2,2,impressed|2|10,"ac355201, ac415100",6,0.99321599666937299,0.0011237629604191612,24,24
fixed_train,2,2,impressed|2|10,"ac355201, ac415100",7,0.99321599666937299,0.0011237629604191612,24,24
fixed_train,2,2,impressed|2|10,"ac355201, ac415100",8,0.99321599666937299,0.0011237629604191612,24,23
fixed_train,2,2,impressed|2|10,"ac355201, ac415100",9,0.99321599666937299,0.0011237629604191612,24,24
fixed_train,2,2,impressed|3|01,"ac411100, ac415100, ac419100",0,0.99321599666937299,0.015869242222887769,158,154
fixed_train,2,2,impressed|3|01,"ac411100, ac415100, ac419100",1,0.99321599666937299,0.013603917667536214,158,153
fixed_train,2,2,impressed|3|01,"ac411100, ac415100, ac419100",2,0.99321599666937299,0.014717555637118518,158,151
fixed_train,2,2,impressed|3|01,"ac411100, ac415100, ac419100",3,0.99321599666937299,0.01693929554251139,158,155
fixed_train,2,2,impressed|3|01,"ac411100, ac415100, ac419100",4,0.99321599666937299,0.013603917667536214,158,148
fixed_train,2,2,impressed|3|01,"ac411100, ac415100, ac419100",5,0.99321599666937299,0.014755747754748083,158,155
fixed_train,2,2,impressed|3|01,"ac411100, ac415100, ac419100",6,0.99321599666937299,0.012488405535234892,158,148
fixed_train,2,2,impressed|3|01,"ac411100, ac415100, ac419100",7,0.99321599666937299,0.01364037247794625,158,150
fixed_train,2,2,impressed|3|01,"ac411100, ac415100, ac419100",8,0.99321599666937299,0.016980877633723357,158,151
fixed_train,2,2,impressed|3|01,"ac411100, ac415100, ac419100",9,0.99321599666937299,0.015829341104796391,158,153
fixed_train,2,2,impressed|3|02,"ac10307, ac411100, ac419100",0,0.99321599666937299,0.0091016222982632788,104,102
fixed_train,2,2,impressed|3|02,"ac10307, ac411100, ac419100",1,0.99321599666937299,0.0079802479121611203,104,100
fixed_train,2,2,impressed|3|02,"ac10307, ac411100, ac419100",2,0.99321599666937299,0.0068569178124737729,104,100
fixed_train,2,2,impressed|3|02,"ac10307, ac411100, ac419100",3,0.99321599666937299,0.0056863788766953194,104,102
fixed_train,2,2,impressed|3|02,"ac10307, ac411100, ac419100",4,0.99321599666937299,0.0056863788766953194,104,101
fixed_train,2,2,impressed|3|02,"ac10307, ac411100, ac419100",5,0.99321599666937299,0.0079802479121611203,104,102
fixed_train,2,2,impressed|3|02,"ac10307, ac411100, ac419100",6,0.99321599666937299,0.0068322472084219044,104,101
fixed_train,2,2,impressed|3|02,"ac10307, ac411100, ac419100",7,0.99321599666937299,0.010251671180282362,104,101
fixed_train,2,2,impressed|3|02,"ac10307, ac411100, ac419100",8,0.99321599666937299,0.010251671180282362,104,100
fixed_train,2,2,impressed|3|02,"ac10307, ac411100, ac419100",9,0.99321599666937299,0.0068569178124737729,104,102
fixed_train,2,2,impressed|3|03,"ac370000, ac411100, ac415100",0,0.99321599666937299,0.012558307337175667,102,102
fixed_train,2,2,impressed|3|03,"ac370000, ac411100, ac415100",1,0.99321599666937299,0.015869242222887769,102,102
fixed_train,2,2,impressed|3|03,"ac370000, ac411100, ac415100",2,0.99321599666937299,0.015869242222887769,102,102
fixed_train,2,2,impressed|3|03,"ac370000, ac411100, ac415100",3,0.99321599666937299,0.011370997388104653,102,102
fixed_train,2,2,impressed|3|03,"ac370000, ac411100, ac415100",4,0.99321599666937299,0.013603917667536214,102,101
fixed_train,2,2,impressed|3|03,"ac370000, ac411100, ac415100",5,0.99321599666937299,0.01364037247794625,102,101
fixed_train,2,2,impressed|3|03,"ac370000, ac411100, ac415100",6,0.99321599666937299,0.0170659409846462,102,102
fixed_train,2,2,impressed|3|03,"ac370000, ac411100, ac415100",7,0.99321599666937299,0.017023089974261274,102,101
fixed_train,2,2,impressed|3|03,"ac370000, ac411100, ac415100",8,0.99321599666937299,0.019290432193774354,102,102
fixed_train,2,2,impressed|3|03,"ac370000, ac411100, ac415100",9,0.99321599666937299,0.014755747754748083,102,102
fixed_train,2,2,impressed|3|04,"ac355201, ac415100, ac419100",0,0.99321599666937299,0.0022456125116803172,24,24
fixed_train,2,2,impressed|3|04,"ac355201, ac415100, ac419100",1,0.99321599666937299,0.0022456125116803172,24,23
fixed_train,2,2,impressed|3|04,"ac355201, ac415100, ac419100",2,0.99321599666937299,0.0011237629604191612,24,24
fixed_train,2,2,impressed|3|04,"ac355201, ac415100, ac419100",3,0.99321599666937299,0.0033655704322983482,24,23
fixed_train,2,2,impressed|3|04,"ac355201, ac415100, ac419100",4,0.99321599666937299,0.0011237629604191612,24,24
fixed_train,2,2,impressed|3|04,"ac355201, ac415100, ac419100",5,0.99321599666937299,0.0022456125116803172,24,24
fixed_train,2,2,impressed|3|04,"ac355201, ac415100, ac419100",6,0.99321599666937299,0.0033655704322983482,24,24
fixed_train,2,2,impressed|3|04,"ac355201, ac415100, ac419100",7,0.99321599666937299,0.0033655704322983482,24,23
fixed_train,2,2,impressed|3|04,"ac355201, ac415100, ac419100",8,0.99321599666937299,0.0033655704322983482,24,24
fixed_train,2,2,impressed|3|04,"ac355201, ac415100, ac419100",9,0.99321599666937299,0.0011237629604191612,24,23
fixed_train,2,2,impressed|3|05,"ac355201, ac411100, ac419100",0,0.99321599666937299,0.0011376236574898169,25,25
fixed_train,2,2,impressed|3|05,"ac355201, ac411100, ac419100",1,0.99321599666937299,0.0011376236574898169,25,25
fixed_train,2,2,impressed|3|05,"ac355201, ac411100, ac419100",2,0.99321599666937299,0.0011376236574898169,25,25
fixed_train,2,2,impressed|3|05,"ac355201, ac411100, ac419100",3,0.99321599666937299,0.0022613344435424843,25,24
fixed_train,2,2,impressed|3|05,"ac355201, ac411100, ac419100",4,0.99321599666937299,0.0011376236574898169,25,25
fixed_train,2,2,impressed|3|05,"ac355201, ac411100, ac419100",5,0.99321599666937299,0.0022613344435424843,25,25
fixed_train,2,2,impressed|3|05,"ac355201, ac411100, ac419100",6,0.99321599666937299,0.0011376236574898169,25,25
fixed_train,2,2,impressed|3|05,"ac355201, ac411100, ac419100",7,0.99321599666937299,0.0011376236574898169,25,25
fixed_train,2,2,impressed|3|05,"ac355201, ac411100, ac419100",8,0.99321599666937299,0.0011376236574898169,25,25
fixed_train,2,2,impressed|3|05,"ac355201, ac411100, ac419100",9,0.99321599666937299,0.0011376236574898169,25,24
fixed_train,2,2,impressed|3|06,"ac355427, ac415100, ac419100",0,0.99321599666937299,0.0022772948907787693,17,17
fixed_train,2,2,impressed|3|06,"ac355427, ac415100, ac419100",1,0.99321599666937299,0.0022772948907787693,17,17
fixed_train,2,2,impressed|3|06,"ac355427, ac415100, ac419100",2,0.99321599666937299,0.0011376236574898169,17,14
fixed_train,2,2,impressed|3|06,"ac355427, ac415100, ac419100",3,0.99321599666937299,0.0022772948907787693,17,15
fixed_train,2,2,impressed|3|06,"ac355427, ac415100, ac419100",4,0.99321599666937299,0.0022772948907787693,17,16
fixed_train,2,2,impressed|3|06,"ac355427, ac415100, ac419100",5,0.99321599666937299,0.0022772948907787693,17,16
fixed_train,2,2,impressed|3|06,"ac355427, ac415100, ac419100",6,0.99321599666937299,0.0011376236574898169,17,16
fixed_train,2,2,impressed|3|06,"ac355427, ac415100, ac419100",7,0.99321599666937299,0.0034009456540945449,17,16
fixed_train,2,2,impressed|3|06,"ac355427, ac415100, ac419100",8,0.99321599666937299,0.0022772948907787693,17,16
fixed_train,2,2,impressed|3|06,"ac355427, ac415100, ac419100",9,0.99321599666937299,0.0011376236574898169,17,15
fixed_train,2,2,impressed|3|07,"370407, ac10307, ac370000",0,0.99321599666937299,0.0080071754153397956,38,38
fixed_train,2,2,impressed|3|07,"370407, ac10307, ac370000",1,0.99321599666937299,0.0091596214593800962,38,38
fixed_train,2,2,impressed|3|07,"370407, ac10307, ac370000",2,0.99321599666937299,0.0091304046696573105,38,38
fixed_train,2,2,impressed|3|07,"370407, ac10307, ac370000",3,0.99321599666937299,0.0080071754153397956,38,38
fixed_train,2,2,impressed|3|07,"370407, ac10307, ac370000",4,0.99321599666937299,0.010282741376257731,38,38
fixed_train,2,2,impressed|3|07,"370407, ac10307, ac370000",5,0.99321599666937299,0.0057088246440399892,38,38
fixed_train,2,2,impressed|3|07,"370407, ac10307, ac370000",6,0.99321599666937299,0.010314280169401613,38,38
fixed_train,2,2,impressed|3|07,"370407, ac10307, ac370000",7,0.99321599666937299,0.0080071754153397956,38,38
fixed_train,2,2,impressed|3|07,"370407, ac10307, ac370000",8,0.99321599666937299,0.0080071754153397956,38,38
fixed_train,2,2,impressed|3|07,"370407, ac10307, ac370000",9,0.99321599666937299,0.011437282143666905,38,38
fixed_train,2,2,impressed|3|08,"376400, ac370000, ac411100",0,0.99321599666937299,0.0022613344435424843,35,35
fixed_train,2,2,impressed|3|08,"376400, ac370000, ac411100",1,0.99321599666937299,0.0022772948907787693,35,35
fixed_train,2,2,impressed|3|08,"376400, ac370000, ac411100",2,0.99321599666937299,0.0045030164722570376,35,35
fixed_train,2,2,impressed|3|08,"376400, ac370000, ac411100",3,0.99321599666937299,0.0045226688870847465,35,35
fixed_train,2,2,impressed|3|08,"376400, ac370000, ac411100",4,0.99321599666937299,0.0045226688870847465,35,35
fixed_train,2,2,impressed|3|08,"376400, ac370000, ac411100",5,0.99321599666937299,0.0045226688870847465,35,35
fixed_train,2,2,impressed|3|08,"376400, ac370000, ac411100",6,0.99321599666937299,0.0034009456540945449,35,35
fixed_train,2,2,impressed|3|08,"376400, ac370000, ac411100",7,0.99321599666937299,0.0067604204328338691,35,35
fixed_train,2,2,impressed|3|08,"376400, ac370000, ac411100",8,0.99321599666937299,0.0034009456540945449,35,35
fixed_train,2,2,impressed|3|08,"376400, ac370000, ac411100",9,0.99321599666937299,0.0022613344435424843,35,35
fixed_train,2,2,impressed|3|09,"ac410500, ac411100, ac415100",0,0.99321599666937299,0,8,8
fixed_train,2,2,impressed|3|09,"ac410500, ac411100, ac415100",1,0.99321599666937299,0,8,8
fixed_train,2,2,impressed|3|09,"ac410500, ac411100, ac415100",2,0.99321599666937299,0,8,8
fixed_train,2,2,impressed|3|09,"ac410500, ac411100, ac415100",3,0.99321599666937299,0.0011237629604191612,8,8
fixed_train,2,2,impressed|3|09,"ac410500, ac411100, ac415100",4,0.99321599666937299,0,8,8
fixed_train,2,2,impressed|3|09,"ac410500, ac411100, ac415100",5,0.99321599666937299,0.0011237629604191612,8,8
fixed_train,2,2,impressed|3|09,"ac410500, ac411100, ac415100",6,0.99321599666937299,0,8,8
fixed_train,2,2,impressed|3|09,"ac410500, ac411100, ac415100",7,0.99321599666937299,0.0011237629604191612,8,8
fixed_train,2,2,impressed|3|09,"ac410500, ac411100, ac415100",8,0.99321599666937299,0.0011237629604191612,8,8
fixed_train,2,2,impressed|3|09,"ac410500, ac411100, ac415100",9,0.99321599666937299,0,8,8
fixed_train,2,2,impressed|3|10,"ac379999, ac415100, ac419100",0,0.99321599666937299,0.0079018483527443228,109,109
fixed_train,2,2,impressed|3|10,"ac379999, ac415100, ac419100",1,0.99321599666937299,0.012387413777121048,109,109
fixed_train,2,2,impressed|3|10,"ac379999, ac415100, ac419100",2,0.99321599666937299,0.0090178243934107005,109,109
fixed_train,2,2,impressed|3|10,"ac379999, ac415100, ac419100",3,0.99321599666937299,0.012354752583404793,109,108
fixed_train,2,2,impressed|3|10,"ac379999, ac415100, ac419100",4,0.99321599666937299,0.0078764921047096426,109,109
fixed_train,2,2,impressed|3|10,"ac379999, ac415100, ac419100",5,0.99321599666937299,0.0089907229692839374,109,108
fixed_train,2,2,impressed|3|10,"ac379999, ac415100, ac419100",6,0.99321599666937299,0.0090178243934107005,109,109
fixed_train,2,2,impressed|3|10,"ac379999, ac415100, ac419100",7,0.99321599666937299,0.0079018483527443228,109,109
fixed_train,2,2,impressed|3|10,"ac379999, ac415100, ac419100",8,0.99321599666937299,0.011244255297842676,109,108
fixed_train,2,2,impressed|3|10,"ac379999, ac415100, ac419100",9,0.99321599666937299,0.01013195294091529,109,108
fixed_test,2,3,apriori|1|01,ac419100,0,0.94475990677477051,0,141,120
fixed_test,2,3,apriori|1|01,ac419100,1,0.94475990677477051,0,141,124
fixed_test,2,3,apriori|1|01,ac419100,2,0.94475990677477051,-0.0047983471313094439,141,121
fixed_test,2,3,apriori|1|01,ac419100,3,0.94475990677477051,0,141,122
fixed_test,2,3,apriori|1|01,ac419100,4,0.94475990677477051,-0.0092066822042050633,141,119
fixed_test,2,3,apriori|1|01,ac419100,5,0.94475990677477051,-0.0039823507896857846,141,120
fixed_test,2,3,apriori|1|01,ac419100,6,0.94475990677477051,0.0043728794312214436,141,124
fixed_test,2,3,apriori|1|01,ac419100,7,0.94475990677477051,-0.00041922584622255954,141,122
fixed_test,2,3,apriori|1|01,ac419100,8,0.94475990677477051,0,141,117
fixed_test,2,3,apriori|1|01,ac419100,9,0.94475990677477051,-0.0044024526493318117,141,121
fixed_test,2,3,apriori|1|02,ac370000,0,0.94475990677477051,0.11400232942318766,146,145
fixed_test,2,3,apriori|1|02,ac370000,1,0.94475990677477051,0.12274870638519175,146,146
fixed_test,2,3,apriori|1|02,ac370000,2,0.94475990677477051,0.15679280924245564,146,146
fixed_test,2,3,apriori|1|02,ac370000,3,0.94475990677477051,0.11400232942318766,146,146
fixed_test,2,3,apriori|1|02,ac370000,4,0.94475990677477051,0.14972071173557533,146,143
fixed_test,2,3,apriori|1|02,ac370000,5,0.94475990677477051,0.099647345701111001,146,145
fixed_test,2,3,apriori|1|02,ac370000,6,0.94475990677477051,0.11630608710143864,146,145
fixed_test,2,3,apriori|1|02,ac370000,7,0.94475990677477051,0.10997317496286707,146,145
fixed_test,2,3,apriori|1|02,ac370000,8,0.94475990677477051,0.10180884760749498,146,145
fixed_test,2,3,apriori|1|02,ac370000,9,0.94475990677477051,0.095512610698206157,146,145
fixed_test,2,3,apriori|1|03,370407,0,0.94475990677477051,0,119,110
fixed_test,2,3,apriori|1|03,370407,1,0.94475990677477051,-0.00041922584622255954,119,111
fixed_test,2,3,apriori|1|03,370407,2,0.94475990677477051,-0.0095560370760570112,119,110
fixed_test,2,3,apriori|1|03,370407,3,0.94475990677477051,0,119,116
fixed_test,2,3,apriori|1|03,370407,4,0.94475990677477051,0.013544105993752331,119,115
fixed_test,2,3,apriori|1|03,370407,5,0.94475990677477051,0,119,118
fixed_test,2,3,apriori|1|03,370407,6,0.94475990677477051,0,119,113
fixed_test,2,3,apriori|1|03,370407,7,0.94475990677477051,0.00044490211493819487,119,114
fixed_test,2,3,apriori|1|03,370407,8,0.94475990677477051,0,119,114
fixed_test,2,3,apriori|1|03,370407,9,0.94475990677477051,-0.0047983471313094439,119,113
fixed_test,2,3,apriori|1|04,ac370419,0,0.94475990677477051,-0.0047983471313094439,118,112
fixed_test,2,3,apriori|1|04,ac370419,1,0.94475990677477051,-0.00041922584622255954,118,114
fixed_test,2,3,apriori|1|04,ac370419,2,0.94475990677477051,0.0048407547281043017,118,115
fixed_test,2,3,apriori|1|04,ac370419,3,0.94475990677477051,0,118,113
fixed_test,2,3,apriori|1|04,ac370419,4,0.94475990677477051,0,118,115
fixed_test,2,3,apriori|1|04,ac370419,5,0.94475990677477051,0.0048407547281043017,118,116
fixed_test,2,3,apriori|1|04,ac370419,6,0.94475990677477051,0,118,115
fixed_test,2,3,apriori|1|04,ac370419,7,0.94475990677477051,-0.0095560370760570112,118,111
fixed_test,2,3,apriori|1|04,ac370419,8,0.94475990677477051,0,118,111
fixed_test,2,3,apriori|1|04,ac370419,9,0.94475990677477051,-0.00041922584622255954,118,112
fixed_test,2,3,apriori|1|05,ac370443,0,0.94475990677477051,0,111,106
fixed_test,2,3,apriori|1|05,ac370443,1,0.94475990677477051,0,111,103
fixed_test,2,3,apriori|1|05,ac370443,2,0.94475990677477051,0,111,104
fixed_test,2,3,apriori|1|05,ac370443,3,0.94475990677477051,0,111,101
fixed_test,2,3,apriori|1|05,ac370443,4,0.94475990677477051,0,111,101
fixed_test,2,3,apriori|1|05,ac370443,5,0.94475990677477051,-0.0047983471313094439,111,105
fixed_test,2,3,apriori|1|05,ac370443,6,0.94475990677477051,0,111,105
fixed_test,2,3,apriori|1|05,ac370443,7,0.94475990677477051,-0.0095560370760570112,111,107
fixed_test,2,3,apriori|1|05,ac370443,8,0.94475990677477051,-0.0047983471313094439,111,103
fixed_test,2,3,apriori|1|05,ac370443,9,0.94475990677477051,-0.0047983471313094439,111,104
fixed_test,2,3,apriori|1|06,ac370442,0,0.94475990677477051,-0.0047983471313094439,110,104
fixed_test,2,3,apriori|1|06,ac370442,1,0.94475990677477051,-0.0092066822042050633,110,103
fixed_test,2,3,apriori|1|06,ac370442,2,0.94475990677477051,-0.0044024526493318117,110,103
fixed_test,2,3,apriori|1|06,ac370442,3,0.94475990677477051,0,110,102
fixed_test,2,3,apriori|1|06,ac370442,4,0.94475990677477051,-0.0047983471313094439,110,104
fixed_test,2,3,apriori|1|06,ac370442,5,0.94475990677477051,-0.0095560370760570112,110,106
fixed_test,2,3,apriori|1|06,ac370442,6,0.94475990677477051,0,110,103
fixed_test,2,3,apriori|1|06,ac370442,7,0.94475990677477051,0,110,102
fixed_test,2,3,apriori|1|06,ac370442,8,0.94475990677477051,-0.0047983471313094439,110,108
fixed_test,2,3,apriori|1|06,ac370442,9,0.94475990677477051,0,110,102
fixed_test,2,3,apriori|1|07,370712b,0,0.94475990677477051,0.0048407547281043017,114,110
fixed_test,2,3,apriori|1|07,370712b,1,0.94475990677477051,0,114,110
fixed_test,2,3,apriori|1|07,370712b,2,0.94475990677477051,0,114,112
fixed_test,2,3,apriori|1|07,370712b,3,0.94475990677477051,0,114,110
fixed_test,2,3,apriori|1|07,370712b,4,0.94475990677477051,0.0048407547281043017,114,106
fixed_test,2,3,apriori|1|07,370712b,5,0.94475990677477051,0,114,109
fixed_test,2,3,apriori|1|07,370712b,6,0.94475990677477051,-0.0047983471313094439,114,114
fixed_test,2,3,apriori|1|07,370712b,7,0.94475990677477051,0,114,112
fixed_test,2,3,apriori|1|07,370712b,8,0.94475990677477051,0,114,109
fixed_test,2,3,apriori|1|07,370712b,9,0.94475990677477051,0,114,112
fixed_test,2,3,apriori|1|08,370715a,0,0.94475990677477051,0,114,107
fixed_test,2,3,apriori|1|08,370715a,1,0.94475990677477051,0,114,108
fixed_test,2,3,apriori|1|08,370715a,2,0.94475990677477051,0.0048407547281043017,114,111
fixed_test,2,3,apriori|1|08,370715a,3,0.94475990677477051,0,114,104
fixed_test,2,3,apriori|1|08,370715a,4,0.94475990677477051,0,114,112
fixed_test,2,3,apriori|1|08,370715a,5,0.94475990677477051,0,114,108
fixed_test,2,3,apriori|1|08,370715a,6,0.94475990677477051,0,114,109
fixed_test,2,3,apriori|1|08,370715a,7,0.94475990677477051,-0.0044024526493318117,114,109
fixed_test,2,3,apriori|1|08,370715a,8,0.94475990677477051,0,114,110
fixed_test,2,3,apriori|1|08,370715a,9,0.94475990677477051,0,114,109
fixed_test,2,3,apriori|1|09,370488e,0,0.94475990677477051,0.0087175853836118922,108,101
fixed_test,2,3,apriori|1|09,370488e,1,0.94475990677477051,0.0043728794312214436,108,103
fixed_test,2,3,apriori|1|09,370488e,2,0.94475990677477051,0,108,103
fixed_test,2,3,apriori|1|09,370488e,3,0.94475990677477051,0,108,101
fixed_test,2,3,apriori|1|09,370488e,4,0.94475990677477051,0.0087175853836118922,108,105
fixed_test,2,3,apriori|1|09,370488e,5,0.94475990677477051,0,108,104
fixed_test,2,3,apriori|1|09,370488e,6,0.94475990677477051,0,108,105
fixed_test,2,3,apriori|1|09,370488e,7,0.94475990677477051,-0.0047983471313094439,108,102
fixed_test,2,3,apriori|1|09,370488e,8,0.94475990677477051,0.0048407547281043017,108,105
fixed_test,2,3,apriori|1|09,370488e,9,0.94475990677477051,0,108,102
fixed_test,2,3,apriori|1|10,370488g,0,0.94475990677477051,0,109,100
fixed_test,2,3,apriori|1|10,370488g,1,0.94475990677477051,0.0048407547281043017,109,104
fixed_test,2,3,apriori|1|10,370488g,2,0.94475990677477051,0,109,100
fixed_test,2,3,apriori|1|10,370488g,3,0.94475990677477051,0,109,104
fixed_test,2,3,apriori|1|10,370488g,4,0.94475990677477051,0.0048407547281043017,109,104
fixed_test,2,3,apriori|1|10,370488g,5,0.94475990677477051,0,109,107
fixed_test,2,3,apriori|1|10,370488g,6,0.94475990677477051,-0.0047983471313094439,109,104
fixed_test,2,3,apriori|1|10,370488g,7,0.94475990677477051,0,109,103
fixed_test,2,3,apriori|1|10,370488g,8,0.94475990677477051,0,109,107
fixed_test,2,3,apriori|1|10,370488g,9,0.94475990677477051,-0.0047983471313094439,109,106
fixed_test,2,3,apriori|2|01,"370407, ac370000",0,0.94475990677477051,0.0048407547281043017,119,118
fixed_test,2,3,apriori|2|01,"370407, ac370000",1,0.94475990677477051,0.0097257346716329574,119,118
fixed_test,2,3,apriori|2|01,"370407, ac370000",2,0.94475990677477051,0.00044490211493819487,119,118
fixed_test,2,3,apriori|2|01,"370407, ac370000",3,0.94475990677477051,0.00044490211493819487,119,118
fixed_test,2,3,apriori|2|01,"370407, ac370000",4,0.94475990677477051,0.0053372387440493441,119,119
fixed_test,2,3,apriori|2|01,"370407, ac370000",5,0.94475990677477051,0.014083962105540193,119,118
fixed_test,2,3,apriori|2|01,"370407, ac370000",6,0.94475990677477051,0.00044490211493819487,119,118
fixed_test,2,3,apriori|2|01,"370407, ac370000",7,0.94475990677477051,0.014083962105540193,119,119
fixed_test,2,3,apriori|2|01,"370407, ac370000",8,0.94475990677477051,-0.0044024526493318117,119,119
fixed_test,2,3,apriori|2|01,"370407, ac370000",9,0.94475990677477051,0.023327169482976196,119,119
fixed_test,2,3,apriori|2|02,"ac370000, ac370419",0,0.94475990677477051,0.014656828277784695,118,117
fixed_test,2,3,apriori|2|02,"ac370000, ac370419",1,0.94475990677477051,0.0053372387440493441,118,117
fixed_test,2,3,apriori|2|02,"ac370000, ac370419",2,0.94475990677477051,0.014656828277784695,118,116
fixed_test,2,3,apriori|2|02,"ac370000, ac370419",3,0.94475990677477051,-0.0044024526493318117,118,118
fixed_test,2,3,apriori|2|02,"ac370000, ac370419",4,0.94475990677477051,0.0048407547281043017,118,117
fixed_test,2,3,apriori|2|02,"ac370000, ac370419",5,0.94475990677477051,0.0058640216423262448,118,116
fixed_test,2,3,apriori|2|02,"ac370000, ac370419",6,0.94475990677477051,0.0097257346716329574,118,118
fixed_test,2,3,apriori|2|02,"ac370000, ac370419",7,0.94475990677477051,0.00044490211493819487,118,116
fixed_test,2,3,apriori|2|02,"ac370000, ac370419",8,0.94475990677477051,0.0048407547281043017,118,118
fixed_test,2,3,apriori|2|02,"ac370000, ac370419",9,0.94475990677477051,0.0097257346716329574,118,117
fixed_test,2,3,apriori|2|03,"370407, ac370419",0,0.94475990677477051,0.0053372387440493441,115,115
fixed_test,2,3,apriori|2|03,"370407, ac370419",1,0.94475990677477051,0,115,115
fixed_test,2,3,apriori|2|03,"370407, ac370419",2,0.94475990677477051,0.0087175853836118922,115,114
fixed_test,2,3,apriori|2|03,"370407, ac370419",3,0.94475990677477051,-0.0088359304417564566,115,115
fixed_test,2,3,apriori|2|03,"370407, ac370419",4,0.94475990677477051,0.01303546807922662,115,114
fixed_test,2,3,apriori|2|03,"370407, ac370419",5,0.94475990677477051,0.0097257346716329574,115,114
fixed_test,2,3,apriori|2|03,"370407, ac370419",6,0.94475990677477051,0.0043728794312214436,115,115
fixed_test,2,3,apriori|2|03,"370407, ac370419",7,0.94475990677477051,0.0048407547281043017,115,115
fixed_test,2,3,apriori|2|03,"370407, ac370419",8,0.94475990677477051,-0.00041922584622255954,115,114
fixed_test,2,3,apriori|2|03,"370407, ac370419",9,0.94475990677477051,0.0097257346716329574,115,115
fixed_test,2,3,apriori|2|04,"ac370000, ac370443",0,0.94475990677477051,0.010276487184967986,111,111
fixed_test,2,3,apriori|2|04,"ac370000, ac370443",1,0.94475990677477051,0.0087175853836118922,111,111
fixed_test,2,3,apriori|2|04,"ac370000, ac370443",2,0.94475990677477051,0.00044490211493819487,111,110
fixed_test,2,3,apriori|2|04,"ac370000, ac370443",3,0.94475990677477051,-0.0039823507896857846,111,110
fixed_test,2,3,apriori|2|04,"ac370000, ac370443",4,0.94475990677477051,0.014656828277784695,111,109
fixed_test,2,3,apriori|2|04,"ac370000, ac370443",5,0.94475990677477051,0.01526465469887317,111,111
fixed_test,2,3,apriori|2|04,"ac370000, ac370443",6,0.94475990677477051,0.0053372387440493441,111,111
fixed_test,2,3,apriori|2|04,"ac370000, ac370443",7,0.94475990677477051,0,111,111
fixed_test,2,3,apriori|2|04,"ac370000, ac370443",8,0.94475990677477051,0.014083962105540193,111,110
fixed_test,2,3,apriori|2|04,"ac370000, ac370443",9,0.94475990677477051,-0.013645660026767703,111,110
fixed_test,2,3,apriori|2|05,"ac370419, ac370443",0,0.94475990677477051,0.0092066822042048413,110,110
fixed_test,2,3,apriori|2|05,"ac370419, ac370443",1,0.94475990677477051,0.0043728794312214436,110,110
fixed_test,2,3,apriori|2|05,"ac370419, ac370443",2,0.94475990677477051,0,110,110
fixed_test,2,3,apriori|2|05,"ac370419, ac370443",3,0.94475990677477051,0.0043728794312214436,110,110
fixed_test,2,3,apriori|2|05,"ac370419, ac370443",4,0.94475990677477051,0.0043728794312214436,110,110
fixed_test,2,3,apriori|2|05,"ac370419, ac370443",5,0.94475990677477051,0.0092066822042048413,110,109
fixed_test,2,3,apriori|2|05,"ac370419, ac370443",6,0.94475990677477051,-0.0047983471313094439,110,110
fixed_test,2,3,apriori|2|05,"ac370419, ac370443",7,0.94475990677477051,-0.0095560370760570112,110,110
fixed_test,2,3,apriori|2|05,"ac370419, ac370443",8,0.94475990677477051,-0.0044024526493318117,110,109
fixed_test,2,3,apriori|2|05,"ac370419, ac370443",9,0.94475990677477051,0.0048407547281043017,110,109
fixed_test,2,3,apriori|2|06,"ac370000, ac370442",0,0.94475990677477051,0.014656828277784695,110,110
fixed_test,2,3,apriori|2|06,"ac370000, ac370442",1,0.94475990677477051,0.014656828277784695,110,109
fixed_test,2,3,apriori|2|06,"ac370000, ac370442",2,0.94475990677477051,0.0058640216423262448,110,109
fixed_test,2,3,apriori|2|06,"ac370000, ac370442",3,0.94475990677477051,0.010276487184967986,110,110
fixed_test,2,3,apriori|2|06,"ac370000, ac370442",4,0.94475990677477051,0.0097257346716329574,110,107
fixed_test,2,3,apriori|2|06,"ac370000, ac370442",5,0.94475990677477051,0.0092066822042048413,110,109
fixed_test,2,3,apriori|2|06,"ac370000, ac370442",6,0.94475990677477051,0.0053372387440493441,110,109
fixed_test,2,3,apriori|2|06,"ac370000, ac370442",7,0.94475990677477051,0.0053372387440493441,110,109
fixed_test,2,3,apriori|2|06,"ac370000, ac370442",8,0.94475990677477051,0.0097257346716329574,110,110
fixed_test,2,3,apriori|2|06,"ac370000, ac370442",9,0.94475990677477051,0.0053372387440493441,110,108
fixed_test,2,3,apriori|2|07,"ac370442, ac370443",0,0.94475990677477051,0.0043728794312214436,109,109
fixed_test,2,3,apriori|2|07,"ac370442, ac370443",1,0.94475990677477051,-0.0044024526493318117,109,109
fixed_test,2,3,apriori|2|07,"ac370442, ac370443",2,0.94475990677477051,0,109,109
fixed_test,2,3,apriori|2|07,"ac370442, ac370443",3,0.94475990677477051,0,109,109
fixed_test,2,3,apriori|2|07,"ac370442, ac370443",4,0.94475990677477051,0,109,109
fixed_test,2,3,apriori|2|07,"ac370442, ac370443",5,0.94475990677477051,-0.00041922584622255954,109,109
fixed_test,2,3,apriori|2|07,"ac370442, ac370443",6,0.94475990677477051,0.0043728794312214436,109,108
fixed_test,2,3,apriori|2|07,"ac370442, ac370443",7,0.94475990677477051,0,109,109
fixed_test,2,3,apriori|2|07,"ac370442, ac370443",8,0.94475990677477051,0,109,109
fixed_test,2,3,apriori|2|07,"ac370442, ac370443",9,0.94475990677477051,0,109,108
fixed_test,2,3,apriori|2|08,"ac370419, ac370442",0,0.94475990677477051,0,108,108
fixed_test,2,3,apriori|2|08,"ac370419, ac370442",1,0.94475990677477051,0,108,106
fixed_test,2,3,apriori|2|08,"ac370419, ac370442",2,0.94475990677477051,-0.00041922584622255954,108,107
fixed_test,2,3,apriori|2|08,"ac370419, ac370442",3,0.94475990677477051,0.0043728794312214436,108,108
fixed_test,2,3,apriori|2|08,"ac370419, ac370442",4,0.94475990677477051,0,108,108
fixed_test,2,3,apriori|2|08,"ac370419, ac370442",5,0.94475990677477051,0,108,108
fixed_test,2,3,apriori|2|08,"ac370419, ac370442",6,0.94475990677477051,0,108,108
fixed_test,2,3,apriori|2|08,"ac370419, ac370442",7,0.94475990677477051,0.0043728794312214436,108,108
fixed_test,2,3,apriori|2|08,"ac370419, ac370442",8,0.94475990677477051,0,108,107
fixed_test,2,3,apriori|2|08,"ac370419, ac370442",9,0.94475990677477051,0.0092066822042048413,108,108
fixed_test,2,3,apriori|2|09,"370407, ac370443",0,0.94475990677477051,0,108,108
fixed_test,2,3,apriori|2|09,"370407, ac370443",1,0.94475990677477051,0,108,108
fixed_test,2,3,apriori|2|09,"370407, ac370443",2,0.94475990677477051,0,108,108
fixed_test,2,3,apriori|2|09,"370407, ac370443",3,0.94475990677477051,0.0092066822042048413,108,108
fixed_test,2,3,apriori|2|09,"370407, ac370443",4,0.94475990677477051,-0.00041922584622255954,108,108
fixed_test,2,3,apriori|2|09,"370407, ac370443",5,0.94475990677477051,0.0048407547281043017,108,107
fixed_test,2,3,apriori|2|09,"370407, ac370443",6,0.94475990677477051,0.0082568402407441344,108,107
fixed_test,2,3,apriori|2|09,"370407, ac370443",7,0.94475990677477051,0.0043728794312214436,108,108
fixed_test,2,3,apriori|2|09,"370407, ac370443",8,0.94475990677477051,0,108,108
fixed_test,2,3,apriori|2|09,"370407, ac370443",9,0.94475990677477051,0,108,108
fixed_test,2,3,apriori|2|10,"370712b, ac370000",0,0.94475990677477051,0.014656828277784695,114,113
fixed_test,2,3,apriori|2|10,"370712b, ac370000",1,0.94475990677477051,0.0053372387440493441,114,113
fixed_test,2,3,apriori|2|10,"370712b, ac370000",2,0.94475990677477051,-0.0044024526493318117,114,113
fixed_test,2,3,apriori|2|10,"370712b, ac370000",3,0.94475990677477051,0.0048407547281043017,114,114
fixed_test,2,3,apriori|2|10,"370712b, ac370000",4,0.94475990677477051,0.00044490211493819487,114,114
fixed_test,2,3,apriori|2|10,"370712b, ac370000",5,0.94475990677477051,-0.0088359304417564566,114,114
fixed_test,2,3,apriori|2|10,"370712b, ac370000",6,0.94475990677477051,0.0097257346716329574,114,114
fixed_test,2,3,apriori|2|10,"370712b, ac370000",7,0.94475990677477051,0.019006567228327498,114,113
fixed_test,2,3,apriori|2|10,"370712b, ac370000",8,0.94475990677477051,0.010276487184967986,114,114
fixed_test,2,3,apriori|2|10,"370712b, ac370000",9,0.94475990677477051,0.024665287755420207,114,113
fixed_test,2,3,apriori|3|01,"370407, ac370000, ac370419",0,0.94475990677477051,0.0053372387440493441,115,115
fixed_test,2,3,apriori|3|01,"370407, ac370000, ac370419",1,0.94475990677477051,0.010276487184967986,115,115
fixed_test,2,3,apriori|3|01,"370407, ac370000, ac370419",2,0.94475990677477051,0.014656828277784695,115,115
fixed_test,2,3,apriori|3|01,"370407, ac370000, ac370419",3,0.94475990677477051,0.0053372387440493441,115,115
fixed_test,2,3,apriori|3|01,"370407, ac370000, ac370419",4,0.94475990677477051,0.0058640216423262448,115,115
fixed_test,2,3,apriori|3|01,"370407, ac370000, ac370419",5,0.94475990677477051,0.0053372387440493441,115,115
fixed_test,2,3,apriori|3|01,"370407, ac370000, ac370419",6,0.94475990677477051,0.010276487184967986,115,115
fixed_test,2,3,apriori|3|01,"370407, ac370000, ac370419",7,0.94475990677477051,0.01526465469887317,115,115
fixed_test,2,3,apriori|3|01,"370407, ac370000, ac370419",8,0.94475990677477051,0.014656828277784695,115,115
fixed_test,2,3,apriori|3|01,"370407, ac370000, ac370419",9,0.94475990677477051,0.024665287755420207,115,115
fixed_test,2,3,apriori|3|02,"ac370000, ac370419, ac370443",0,0.94475990677477051,0.014656828277784695,110,109
fixed_test,2,3,apriori|3|02,"ac370000, ac370419, ac370443",1,0.94475990677477051,0.01526465469887317,110,110
fixed_test,2,3,apriori|3|02,"ac370000, ac370419, ac370443",2,0.94475990677477051,0.00044490211493819487,110,109
fixed_test,2,3,apriori|3|02,"ac370000, ac370419, ac370443",3,0.94475990677477051,0.0048407547281043017,110,109
fixed_test,2,3,apriori|3|02,"ac370000, ac370419, ac370443",4,0.94475990677477051,0.0053372387440493441,110,110
fixed_test,2,3,apriori|3|02,"ac370000, ac370419, ac370443",5,0.94475990677477051,0.00044490211493819487,110,110
fixed_test,2,3,apriori|3|02,"ac370000, ac370419, ac370443",6,0.94475990677477051,0.014656828277784695,110,110
fixed_test,2,3,apriori|3|02,"ac370000, ac370419, ac370443",7,0.94475990677477051,0.014656828277784695,110,110
fixed_test,2,3,apriori|3|02,"ac370000, ac370419, ac370443",8,0.94475990677477051,0.0053372387440493441,110,110
fixed_test,2,3,apriori|3|02,"ac370000, ac370419, ac370443",9,0.94475990677477051,0.0048407547281043017,110,110
fixed_test,2,3,apriori|3|03,"ac370000, ac370442, ac370443",0,0.94475990677477051,0.01526465469887317,109,109
fixed_test,2,3,apriori|3|03,"ac370000, ac370442, ac370443",1,0.94475990677477051,0.019006567228327498,109,109
fixed_test,2,3,apriori|3|03,"ac370000, ac370442, ac370443",2,0.94475990677477051,0.00044490211493819487,109,109
fixed_test,2,3,apriori|3|03,"ac370000, ac370442, ac370443",3,0.94475990677477051,0.0053372387440493441,109,108
fixed_test,2,3,apriori|3|03,"ac370000, ac370442, ac370443",4,0.94475990677477051,0.019635998672139054,109,109
fixed_test,2,3,apriori|3|03,"ac370000, ac370442, ac370443",5,0.94475990677477051,0.00044490211493819487,109,109
fixed_test,2,3,apriori|3|03,"ac370000, ac370442, ac370443",6,0.94475990677477051,0.01526465469887317,109,109
fixed_test,2,3,apriori|3|03,"ac370000, ac370442, ac370443",7,0.94475990677477051,0.0053372387440493441,109,109
fixed_test,2,3,apriori|3|03,"ac370000, ac370442, ac370443",8,0.94475990677477051,0.020303830144780766,109,109
fixed_test,2,3,apriori|3|03,"ac370000, ac370442, ac370443",9,0.94475990677477051,-0.0039823507896857846,109,109
fixed_test,2,3,apriori|3|04,"ac370000, ac370419, ac370442",0,0.94475990677477051,0.0097257346716329574,108,108
fixed_test,2,3,apriori|3|04,"ac370000, ac370419, ac370442",1,0.94475990677477051,0.0053372387440493441,108,108
fixed_test,2,3,apriori|3|04,"ac370000, ac370419, ac370442",2,0.94475990677477051,-0.0044024526493318117,108,108
fixed_test,2,3,apriori|3|04,"ac370000, ac370419, ac370442",3,0.94475990677477051,0.0058640216423262448,108,108
fixed_test,2,3,apriori|3|04,"ac370000, ac370419, ac370442",4,0.94475990677477051,0.00044490211493819487,108,107
fixed_test,2,3,apriori|3|04,"ac370000, ac370419, ac370442",5,0.94475990677477051,0.010276487184967986,108,108
fixed_test,2,3,apriori|3|04,"ac370000, ac370419, ac370442",6,0.94475990677477051,0.0048407547281043017,108,108
fixed_test,2,3,apriori|3|04,"ac370000, ac370419, ac370442",7,0.94475990677477051,-0.0092066822042050633,108,107
fixed_test,2,3,apriori|3|04,"ac370000, ac370419, ac370442",8,0.94475990677477051,-0.0088359304417564566,108,108
fixed_test,2,3,apriori|3|04,"ac370000, ac370419, ac370442",9,0.94475990677477051,0.010276487184967986,108,108
fixed_test,2,3,apriori|3|05,"ac370419, ac370442, ac370443",0,0.94475990677477051,0.0048407547281043017,108,108
fixed_test,2,3,apriori|3|05,"ac370419, ac370442, ac370443",1,0.94475990677477051,0,108,108
fixed_test,2,3,apriori|3|05,"ac370419, ac370442, ac370443",2,0.94475990677477051,0,108,108
fixed_test,2,3,apriori|3|05,"ac370419, ac370442, ac370443",3,0.94475990677477051,-0.0044024526493318117,108,108
fixed_test,2,3,apriori|3|05,"ac370419, ac370442, ac370443",4,0.94475990677477051,0,108,107
fixed_test,2,3,apriori|3|05,"ac370419, ac370442, ac370443",5,0.94475990677477051,0.0048407547281043017,108,107
fixed_test,2,3,apriori|3|05,"ac370419, ac370442, ac370443",6,0.94475990677477051,0,108,108
fixed_test,2,3,apriori|3|05,"ac370419, ac370442, ac370443",7,0.94475990677477051,-0.0047983471313094439,108,108
fixed_test,2,3,apriori|3|05,"ac370419, ac370442, ac370443",8,0.94475990677477051,0,108,108
fixed_test,2,3,apriori|3|05,"ac370419, ac370442, ac370443",9,0.94475990677477051,0.0048407547281043017,108,108
fixed_test,2,3,apriori|3|06,"370407, ac370000, ac370443",0,0.94475990677477051,0.00044490211493819487,108,108
fixed_test,2,3,apriori|3|06,"370407, ac370000, ac370443",1,0.94475990677477051,0.00091697569779680688,108,108
fixed_test,2,3,apriori|3|06,"370407, ac370000, ac370443",2,0.94475990677477051,-0.0088359304417564566,108,108
fixed_test,2,3,apriori|3|06,"370407, ac370000, ac370443",3,0.94475990677477051,0.00044490211493819487,108,108
fixed_test,2,3,apriori|3|06,"370407, ac370000, ac370443",4,0.94475990677477051,0.019635998672139054,108,108
fixed_test,2,3,apriori|3|06,"370407, ac370000, ac370443",5,0.94475990677477051,0.010276487184967986,108,108
fixed_test,2,3,apriori|3|06,"370407, ac370000, ac370443",6,0.94475990677477051,0.01526465469887317,108,108
fixed_test,2,3,apriori|3|06,"370407, ac370000, ac370443",7,0.94475990677477051,0.010276487184967986,108,108
fixed_test,2,3,apriori|3|06,"370407, ac370000, ac370443",8,0.94475990677477051,0.0058640216423262448,108,108
fixed_test,2,3,apriori|3|06,"370407, ac370000, ac370443",9,0.94475990677477051,0.00044490211493819487,108,108
fixed_test,2,3,apriori|3|07,"370407, ac370419, ac370443",0,0.94475990677477051,0.0043728794312214436,108,108
fixed_test,2,3,apriori|3|07,"370407, ac370419, ac370443",1,0.94475990677477051,0.0048407547281043017,108,108
fixed_test,2,3,apriori|3|07,"370407, ac370419, ac370443",2,0.94475990677477051,0.0048407547281043017,108,108
fixed_test,2,3,apriori|3|07,"370407, ac370419, ac370443",3,0.94475990677477051,-0.0044024526493318117,108,108
fixed_test,2,3,apriori|3|07,"370407, ac370419, ac370443",4,0.94475990677477051,0,108,108
fixed_test,2,3,apriori|3|07,"370407, ac370419, ac370443",5,0.94475990677477051,-0.0044024526493318117,108,108
fixed_test,2,3,apriori|3|07,"370407, ac370419, ac370443",6,0.94475990677477051,0.0048407547281043017,108,108
fixed_test,2,3,apriori|3|07,"370407, ac370419, ac370443",7,0.94475990677477051,0.00044490211493819487,108,108
fixed_test,2,3,apriori|3|07,"370407, ac370419, ac370443",8,0.94475990677477051,0.0048407547281043017,108,108
fixed_test,2,3,apriori|3|07,"370407, ac370419, ac370443",9,0.94475990677477051,0,108,108
fixed_test,2,3,apriori|3|08,"370407, ac370000, ac370442",0,0.94475990677477051,0.010276487184967986,107,107
fixed_test,2,3,apriori|3|08,"370407, ac370000, ac370442",1,0.94475990677477051,0.0058640216423262448,107,107
fixed_test,2,3,apriori|3|08,"370407, ac370000, ac370442",2,0.94475990677477051,0.0097257346716329574,107,107
fixed_test,2,3,apriori|3|08,"370407, ac370000, ac370442",3,0.94475990677477051,0.014656828277784695,107,107
fixed_test,2,3,apriori|3|08,"370407, ac370000, ac370442",4,0.94475990677477051,0.014083962105540193,107,107
fixed_test,2,3,apriori|3|08,"370407, ac370000, ac370442",5,0.94475990677477051,0.0097257346716329574,107,107
fixed_test,2,3,apriori|3|08,"370407, ac370000, ac370442",6,0.94475990677477051,0.01526465469887317,107,107
fixed_test,2,3,apriori|3|08,"370407, ac370000, ac370442",7,0.94475990677477051,-0.0039823507896857846,107,107
fixed_test,2,3,apriori|3|08,"370407, ac370000, ac370442",8,0.94475990677477051,0.010276487184967986,107,107
fixed_test,2,3,apriori|3|08,"370407, ac370000, ac370442",9,0.94475990677477051,0.00044490211493819487,107,107
fixed_test,2,3,apriori|3|09,"370407, ac370419, ac370442",0,0.94475990677477051,0.014083962105540193,106,106
fixed_test,2,3,apriori|3|09,"370407, ac370419, ac370442",1,0.94475990677477051,0,106,106
fixed_test,2,3,apriori|3|09,"370407, ac370419, ac370442",2,0.94475990677477051,0,106,106
fixed_test,2,3,apriori|3|09,"370407, ac370419, ac370442",3,0.94475990677477051,-0.0047983471313094439,106,106
fixed_test,2,3,apriori|3|09,"370407, ac370419, ac370442",4,0.94475990677477051,-0.00081415025439490751,106,106
fixed_test,2,3,apriori|3|09,"370407, ac370419, ac370442",5,0.94475990677477051,-0.0044024526493318117,106,106
fixed_test,2,3,apriori|3|09,"370407, ac370419, ac370442",6,0.94475990677477051,0.0097257346716329574,106,106
fixed_test,2,3,apriori|3|09,"370407, ac370419, ac370442",7,0.94475990677477051,0,106,106
fixed_test,2,3,apriori|3|09,"370407, ac370419, ac370442",8,0.94475990677477051,0,106,106
fixed_test,2,3,apriori|3|09,"370407, ac370419, ac370442",9,0.94475990677477051,-0.0047983471313094439,106,106
fixed_test,2,3,apriori|3|10,"370407, ac370442, ac370443",0,0.94475990677477051,0,106,105
fixed_test,2,3,apriori|3|10,"370407, ac370442, ac370443",1,0.94475990677477051,0.0097257346716329574,106,106
fixed_test,2,3,apriori|3|10,"370407, ac370442, ac370443",2,0.94475990677477051,0.0043728794312214436,106,106
fixed_test,2,3,apriori|3|10,"370407, ac370442, ac370443",3,0.94475990677477051,0.0043728794312214436,106,106
fixed_test,2,3,apriori|3|10,"370407, ac370442, ac370443",4,0.94475990677477051,0.0048407547281043017,106,106
fixed_test,2,3,apriori|3|10,"370407, ac370442, ac370443",5,0.94475990677477051,0,106,106
fixed_test,2,3,apriori|3|10,"370407, ac370442, ac370443",6,0.94475990677477051,0.00044490211493819487,106,106
fixed_test,2,3,apriori|3|10,"370407, ac370442, ac370443",7,0.94475990677477051,0.0043728794312214436,106,106
fixed_test,2,3,apriori|3|10,"370407, ac370442, ac370443",8,0.94475990677477051,0.0048407547281043017,106,106
fixed_test,2,3,apriori|3|10,"370407, ac370442, ac370443",9,0.94475990677477051,0,106,106
fixed_test,2,3,impressed|1|01,ac419100,0,0.94475990677477051,0,141,120
fixed_test,2,3,impressed|1|01,ac419100,1,0.94475990677477051,0,141,124
fixed_test,2,3,impressed|1|01,ac419100,2,0.94475990677477051,-0.0047983471313094439,141,121
fixed_test,2,3,impressed|1|01,ac419100,3,0.94475990677477051,0,141,122
fixed_test,2,3,impressed|1|01,ac419100,4,0.94475990677477051,-0.0092066822042050633,141,119
fixed_test,2,3,impressed|1|01,ac419100,5,0.94475990677477051,-0.0039823507896857846,141,120
fixed_test,2,3,impressed|1|01,ac419100,6,0.94475990677477051,0.0043728794312214436,141,124
fixed_test,2,3,impressed|1|01,ac419100,7,0.94475990677477051,-0.00041922584622255954,141,122
fixed_test,2,3,impressed|1|01,ac419100,8,0.94475990677477051,0,141,117
fixed_test,2,3,impressed|1|01,ac419100,9,0.94475990677477051,-0.0044024526493318117,141,121
fixed_test,2,3,impressed|1|02,ac370000,0,0.94475990677477051,0.11400232942318766,146,145
fixed_test,2,3,impressed|1|02,ac370000,1,0.94475990677477051,0.12274870638519175,146,146
fixed_test,2,3,impressed|1|02,ac370000,2,0.94475990677477051,0.15679280924245564,146,146
fixed_test,2,3,impressed|1|02,ac370000,3,0.94475990677477051,0.11400232942318766,146,146
fixed_test,2,3,impressed|1|02,ac370000,4,0.94475990677477051,0.14972071173557533,146,143
fixed_test,2,3,impressed|1|02,ac370000,5,0.94475990677477051,0.099647345701111001,146,145
fixed_test,2,3,impressed|1|02,ac370000,6,0.94475990677477051,0.11630608710143864,146,145
fixed_test,2,3,impressed|1|02,ac370000,7,0.94475990677477051,0.10997317496286707,146,145
fixed_test,2,3,impressed|1|02,ac370000,8,0.94475990677477051,0.10180884760749498,146,145
fixed_test,2,3,impressed|1|02,ac370000,9,0.94475990677477051,0.095512610698206157,146,145
fixed_test,2,3,impressed|1|03,ac415100,0,0.94475990677477051,-0.0047983471313094439,47,46
fixed_test,2,3,impressed|1|03,ac415100,1,0.94475990677477051,-0.0095560370760570112,47,43
fixed_test,2,3,impressed|1|03,ac415100,2,0.94475990677477051,-0.0044024526493318117,47,43
fixed_test,2,3,impressed|1|03,ac415100,3,0.94475990677477051,-0.0047983471313094439,47,42
fixed_test,2,3,impressed|1|03,ac415100,4,0.94475990677477051,0,47,44
fixed_test,2,3,impressed|1|03,ac415100,5,0.94475990677477051,-0.0047983471313094439,47,42
fixed_test,2,3,impressed|1|03,ac415100,6,0.94475990677477051,0.0043728794312214436,47,41
fixed_test,2,3,impressed|1|03,ac415100,7,0.94475990677477051,-0.00041922584622255954,47,44
fixed_test,2,3,impressed|1|03,ac415100,8,0.94475990677477051,0.0043728794312214436,47,41
fixed_test,2,3,impressed|1|03,ac415100,9,0.94475990677477051,-0.00041922584622255954,47,44
fixed_test,2,3,impressed|1|04,ac10307,0,0.94475990677477051,-0.0044024526493318117,34,29
fixed_test,2,3,impressed|1|04,ac10307,1,0.94475990677477051,-0.0047983471313094439,34,30
fixed_test,2,3,impressed|1|04,ac10307,2,0.94475990677477051,-0.0092066822042050633,34,32
fixed_test,2,3,impressed|1|04,ac10307,3,0.94475990677477051,0,34,28
fixed_test,2,3,impressed|1|04,ac10307,4,0.94475990677477051,-0.0044024526493318117,34,31
fixed_test,2,3,impressed|1|04,ac10307,5,0.94475990677477051,-0.0047983471313094439,34,28
fixed_test,2,3,impressed|1|04,ac10307,6,0.94475990677477051,-0.0044024526493318117,34,27
fixed_test,2,3,impressed|1|04,ac10307,7,0.94475990677477051,0,34,27
fixed_test,2,3,impressed|1|04,ac10307,8,0.94475990677477051,0,34,28
fixed_test,2,3,impressed|1|04,ac10307,9,0.94475990677477051,-0.0047983471313094439,34,30
fixed_test,2,3,impressed|1|05,ac355427,0,0.94475990677477051,0,4,4
fixed_test,2,3,impressed|1|05,ac355427,1,0.94475990677477051,0,4,4
fixed_test,2,3,impressed|1|05,ac355427,2,0.94475990677477051,0,4,4
fixed_test,2,3,impressed|1|05,ac355427,3,0.94475990677477051,0,4,4
fixed_test,2,3,impressed|1|05,ac355427,4,0.94475990677477051,0,4,4
fixed_test,2,3,impressed|1|05,ac355427,5,0.94475990677477051,0,4,2
fixed_test,2,3,impressed|1|05,ac355427,6,0.94475990677477051,0,4,4
fixed_test,2,3,impressed|1|05,ac355427,7,0.94475990677477051,0,4,4
fixed_test,2,3,impressed|1|05,ac355427,8,0.94475990677477051,0,4,4
fixed_test,2,3,impressed|1|05,ac355427,9,0.94475990677477051,0,4,4
fixed_test,2,3,impressed|1|06,ac388170,0,0.94475990677477051,0,1,1
fixed_test,2,3,impressed|1|06,ac388170,1,0.94475990677477051,0,1,0
fixed_test,2,3,impressed|1|06,ac388170,2,0.94475990677477051,0,1,1
fixed_test,2,3,impressed|1|06,ac388170,3,0.94475990677477051,0,1,0
fixed_test,2,3,impressed|1|06,ac388170,4,0.94475990677477051,0.0043728794312214436,1,1
fixed_test,2,3,impressed|1|06,ac388170,5,0.94475990677477051,0,1,0
fixed_test,2,3,impressed|1|06,ac388170,6,0.94475990677477051,0,1,1
fixed_test,2,3,impressed|1|06,ac388170,7,0.94475990677477051,0,1,1
fixed_test,2,3,impressed|1|06,ac388170,8,0.94475990677477051,0,1,1
fixed_test,2,3,impressed|1|06,ac388170,9,0.94475990677477051,0.0043728794312214436,1,1
fixed_test,2,3,impressed|1|07,387070a,0,0.94475990677477051,0,0,0
fixed_test,2,3,impressed|1|07,387070a,1,0.94475990677477051,0,0,0
fixed_test,2,3,impressed|1|07,387070a,2,0.94475990677477051,0,0,0
fixed_test,2,3,impressed|1|07,387070a,3,0.94475990677477051,0,0,0
fixed_test,2,3,impressed|1|07,387070a,4,0.94475990677477051,0,0,0
fixed_test,2,3,impressed|1|07,387070a,5,0.94475990677477051,0,0,0
fixed_test,2,3,impressed|1|07,387070a,6,0.94475990677477051,0,0,0
fixed_test,2,3,impressed|1|07,387070a,7,0.94475990677477051,0,0,0
fixed_test,2,3,impressed|1|07,387070a,8,0.94475990677477051,0,0,0
fixed_test,2,3,impressed|1|07,387070a,9,0.94475990677477051,0,0,0
fixed_test,2,3,impressed|1|08,ac370402,0,0.94475990677477051,0.0043728794312214436,102,101
fixed_test,2,3,impressed|1|08,ac370402,1,0.94475990677477051,-0.00041922584622255954,102,101
fixed_test,2,3,impressed|1|08,ac370402,2,0.94475990677477051,-0.0044024526493318117,102,98
fixed_test,2,3,impressed|1|08,ac370402,3,0.94475990677477051,0,102,97
fixed_test,2,3,impressed|1|08,ac370402,4,0.94475990677477051,0.0048407547281043017,102,94
fixed_test,2,3,impressed|1|08,ac370402,5,0.94475990677477051,0.0043728794312214436,102,96
fixed_test,2,3,impressed|1|08,ac370402,6,0.94475990677477051,0.0048407547281043017,102,98
fixed_test,2,3,impressed|1|08,ac370402,7,0.94475990677477051,0.0043728794312214436,102,100
fixed_test,2,3,impressed|1|08,ac370402,8,0.94475990677477051,-0.00041922584622255954,102,98
fixed_test,2,3,impressed|1|08,ac370402,9,0.94475990677477051,0.0043728794312214436,102,98
fixed_test,2,3,impressed|1|09,370488g,0,0.94475990677477051,0,109,100
fixed_test,2,3,impressed|1|09,370488g,1,0.94475990677477051,0.0048407547281043017,109,104
fixed_test,2,3,impressed|1|09,370488g,2,0.94475990677477051,0,109,100
fixed_test,2,3,impressed|1|09,370488g,3,0.94475990677477051,0,109,104
fixed_test,2,3,impressed|1|09,370488g,4,0.94475990677477051,0.0048407547281043017,109,104
fixed_test,2,3,impressed|1|09,370488g,5,0.94475990677477051,0,109,107
fixed_test,2,3,impressed|1|09,370488g,6,0.94475990677477051,-0.0047983471313094439,109,104
fixed_test,2,3,impressed|1|09,370488g,7,0.94475990677477051,0,109,103
fixed_test,2,3,impressed|1|09,370488g,8,0.94475990677477051,0,109,107
fixed_test,2,3,impressed|1|09,370488g,9,0.94475990677477051,-0.0047983471313094439,109,106
fixed_test,2,3,impressed|1|10,370488e,0,0.94475990677477051,0.0087175853836118922,108,101
fixed_test,2,3,impressed|1|10,370488e,1,0.94475990677477051,0.0043728794312214436,108,103
fixed_test,2,3,impressed|1|10,370488e,2,0.94475990677477051,0,108,103
fixed_test,2,3,impressed|1|10,370488e,3,0.94475990677477051,0,108,101
fixed_test,2,3,impressed|1|10,370488e,4,0.94475990677477051,0.0087175853836118922,108,105
fixed_test,2,3,impressed|1|10,370488e,5,0.94475990677477051,0,108,104
fixed_test,2,3,impressed|1|10,370488e,6,0.94475990677477051,0,108,105
fixed_test,2,3,impressed|1|10,370488e,7,0.94475990677477051,-0.0047983471313094439,108,102
fixed_test,2,3,impressed|1|10,370488e,8,0.94475990677477051,0.0048407547281043017,108,105
fixed_test,2,3,impressed|1|10,370488e,9,0.94475990677477051,0,108,102
fixed_test,2,3,impressed|2|01,"ac370000, ac370402",0,0.94475990677477051,0.019635998672139054,102,101
fixed_test,2,3,impressed|2|01,"ac370000, ac370402",1,0.94475990677477051,0.014083962105540193,102,101
fixed_test,2,3,impressed|2|01,"ac370000, ac370402",2,0.94475990677477051,0.01526465469887317,102,101
fixed_test,2,3,impressed|2|01,"ac370000, ac370402",3,0.94475990677477051,0.014656828277784695,102,102
fixed_test,2,3,impressed|2|01,"ac370000, ac370402",4,0.94475990677477051,0.019006567228327498,102,101
fixed_test,2,3,impressed|2|01,"ac370000, ac370402",5,0.94475990677477051,0.01526465469887317,102,102
fixed_test,2,3,impressed|2|01,"ac370000, ac370402",6,0.94475990677477051,0.025396188544196674,102,102
fixed_test,2,3,impressed|2|01,"ac370000, ac370402",7,0.94475990677477051,0.019635998672139054,102,101
fixed_test,2,3,impressed|2|01,"ac370000, ac370402",8,0.94475990677477051,0.023976417811519823,102,101
fixed_test,2,3,impressed|2|01,"ac370000, ac370402",9,0.94475990677477051,0.019635998672139054,102,102
fixed_test,2,3,impressed|2|02,"370401c, ac370000",0,0.94475990677477051,0.01526465469887317,105,104
fixed_test,2,3,impressed|2|02,"370401c, ac370000",1,0.94475990677477051,0.014083962105540193,105,105
fixed_test,2,3,impressed|2|02,"370401c, ac370000",2,0.94475990677477051,0.019006567228327498,105,105
fixed_test,2,3,impressed|2|02,"370401c, ac370000",3,0.94475990677477051,0.0097257346716329574,105,103
fixed_test,2,3,impressed|2|02,"370401c, ac370000",4,0.94475990677477051,0.014656828277784695,105,104
fixed_test,2,3,impressed|2|02,"370401c, ac370000",5,0.94475990677477051,0.014656828277784695,105,104
fixed_test,2,3,impressed|2|02,"370401c, ac370000",6,0.94475990677477051,0.023327169482976196,105,103
fixed_test,2,3,impressed|2|02,"370401c, ac370000",7,0.94475990677477051,0.014656828277784695,105,102
fixed_test,2,3,impressed|2|02,"370401c, ac370000",8,0.94475990677477051,-0.0044024526493318117,105,105
fixed_test,2,3,impressed|2|02,"370401c, ac370000",9,0.94475990677477051,0.032570376860412198,105,105
fixed_test,2,3,impressed|2|03,"ac370000, ac370403",0,0.94475990677477051,0.019006567228327498,107,105
fixed_test,2,3,impressed|2|03,"ac370000, ac370403",1,0.94475990677477051,0.014656828277784695,107,105
fixed_test,2,3,impressed|2|03,"ac370000, ac370403",2,0.94475990677477051,0.019635998672139054,107,107
fixed_test,2,3,impressed|2|03,"ac370000, ac370403",3,0.94475990677477051,0.023327169482976196,107,107
fixed_test,2,3,impressed|2|03,"ac370000, ac370403",4,0.94475990677477051,0.023976417811519823,107,106
fixed_test,2,3,impressed|2|03,"ac370000, ac370403",5,0.94475990677477051,0.014656828277784695,107,105
fixed_test,2,3,impressed|2|03,"ac370000, ac370403",6,0.94475990677477051,0.0048407547281043017,107,107
fixed_test,2,3,impressed|2|03,"ac370000, ac370403",7,0.94475990677477051,0.023976417811519823,107,107
fixed_test,2,3,impressed|2|03,"ac370000, ac370403",8,0.94475990677477051,0.029746820566032062,107,107
fixed_test,2,3,impressed|2|03,"ac370000, ac370403",9,0.94475990677477051,0.014083962105540193,107,107
fixed_test,2,3,impressed|2|04,"ac411100, ac419100",0,0.94475990677477051,-0.0044024526493318117,81,75
fixed_test,2,3,impressed|2|04,"ac411100, ac419100",1,0.94475990677477051,-0.013645660026767703,81,73
fixed_test,2,3,impressed|2|04,"ac411100, ac419100",2,0.94475990677477051,0.0092066822042048413,81,70
fixed_test,2,3,impressed|2|04,"ac411100, ac419100",3,0.94475990677477051,0,81,71
fixed_test,2,3,impressed|2|04,"ac411100, ac419100",4,0.94475990677477051,0.0087175853836118922,81,71
fixed_test,2,3,impressed|2|04,"ac411100, ac419100",5,0.94475990677477051,0.0043728794312214436,81,71
fixed_test,2,3,impressed|2|04,"ac411100, ac419100",6,0.94475990677477051,0.0087175853836118922,81,70
fixed_test,2,3,impressed|2|04,"ac411100, ac419100",7,0.94475990677477051,0,81,73
fixed_test,2,3,impressed|2|04,"ac411100, ac419100",8,0.94475990677477051,0.0043728794312214436,81,71
fixed_test,2,3,impressed|2|04,"ac411100, ac419100",9,0.94475990677477051,-0.00041922584622255954,81,71
fixed_test,2,3,impressed|2|05,"ac411100, ac415100",0,0.94475990677477051,0,37,36
fixed_test,2,3,impressed|2|05,"ac411100, ac415100",1,0.94475990677477051,0.0043728794312214436,37,36
fixed_test,2,3,impressed|2|05,"ac411100, ac415100",2,0.94475990677477051,-0.0044024526493318117,37,37
fixed_test,2,3,impressed|2|05,"ac411100, ac415100",3,0.94475990677477051,-0.0092066822042050633,37,37
fixed_test,2,3,impressed|2|05,"ac411100, ac415100",4,0.94475990677477051,-0.0047983471313094439,37,36
fixed_test,2,3,impressed|2|05,"ac411100, ac415100",5,0.94475990677477051,-0.0047983471313094439,37,36
fixed_test,2,3,impressed|2|05,"ac411100, ac415100",6,0.94475990677477051,-0.0088359304417564566,37,37
fixed_test,2,3,impressed|2|05,"ac411100, ac415100",7,0.94475990677477051,0,37,35
fixed_test,2,3,impressed|2|05,"ac411100, ac415100",8,0.94475990677477051,-0.0044024526493318117,37,34
fixed_test,2,3,impressed|2|05,"ac411100, ac415100",9,0.94475990677477051,0,37,36
fixed_test,2,3,impressed|2|06,"ac415100, ac419100",0,0.94475990677477051,-0.0044024526493318117,45,41
fixed_test,2,3,impressed|2|06,"ac415100, ac419100",1,0.94475990677477051,0.0043728794312214436,45,41
fixed_test,2,3,impressed|2|06,"ac415100, ac419100",2,0.94475990677477051,-0.0088359304417564566,45,42
fixed_test,2,3,impressed|2|06,"ac415100, ac419100",3,0.94475990677477051,0,45,43
fixed_test,2,3,impressed|2|06,"ac415100, ac419100",4,0.94475990677477051,-0.0044024526493318117,45,42
fixed_test,2,3,impressed|2|06,"ac415100, ac419100",5,0.94475990677477051,0,45,42
fixed_test,2,3,impressed|2|06,"ac415100, ac419100",6,0.94475990677477051,-0.0088359304417564566,45,40
fixed_test,2,3,impressed|2|06,"ac415100, ac419100",7,0.94475990677477051,0,45,43
fixed_test,2,3,impressed|2|06,"ac415100, ac419100",8,0.94475990677477051,-0.0088359304417564566,45,42
fixed_test,2,3,impressed|2|06,"ac415100, ac419100",9,0.94475990677477051,0,45,41
fixed_test,2,3,impressed|2|07,"ac10307, ac411100",0,0.94475990677477051,0,32,29
fixed_test,2,3,impressed|2|07,"ac10307, ac411100",1,0.94475990677477051,0,32,30
fixed_test,2,3,impressed|2|07,"ac10307, ac411100",2,0.94475990677477051,0,32,31
fixed_test,2,3,impressed|2|07,"ac10307, ac411100",3,0.94475990677477051,0,32,30
fixed_test,2,3,impressed|2|07,"ac10307, ac411100",4,0.94475990677477051,-0.0044024526493318117,32,32
fixed_test,2,3,impressed|2|07,"ac10307, ac411100",5,0.94475990677477051,-0.0044024526493318117,32,32
fixed_test,2,3,impressed|2|07,"ac10307, ac411100",6,0.94475990677477051,-0.0044024526493318117,32,30
fixed_test,2,3,impressed|2|07,"ac10307, ac411100",7,0.94475990677477051,-0.0044024526493318117,32,30
fixed_test,2,3,impressed|2|07,"ac10307, ac411100",8,0.94475990677477051,0,32,32
fixed_test,2,3,impressed|2|07,"ac10307, ac411100",9,0.94475990677477051,-0.0092066822042050633,32,30
fixed_test,2,3,impressed|2|08,"ac10307, ac419100",0,0.94475990677477051,0,30,29
fixed_test,2,3,impressed|2|08,"ac10307, ac419100",1,0.94475990677477051,0,30,29
fixed_test,2,3,impressed|2|08,"ac10307, ac419100",2,0.94475990677477051,0,30,27
fixed_test,2,3,impressed|2|08,"ac10307, ac419100",3,0.94475990677477051,0,30,29
fixed_test,2,3,impressed|2|08,"ac10307, ac419100",4,0.94475990677477051,0,30,30
fixed_test,2,3,impressed|2|08,"ac10307, ac419100",5,0.94475990677477051,0,30,29
fixed_test,2,3,impressed|2|08,"ac10307, ac419100",6,0.94475990677477051,0,30,27
fixed_test,2,3,impressed|2|08,"ac10307, ac419100",7,0.94475990677477051,-0.0044024526493318117,30,26
fixed_test,2,3,impressed|2|08,"ac10307, ac419100",8,0.94475990677477051,0,30,28
fixed_test,2,3,impressed|2|08,"ac10307, ac419100",9,0.94475990677477051,0,30,30
fixed_test,2,3,impressed|2|09,"ac10307, ac415100",0,0.94475990677477051,0,13,13
fixed_test,2,3,impressed|2|09,"ac10307, ac415100",1,0.94475990677477051,0,13,13
fixed_test,2,3,impressed|2|09,"ac10307, ac415100",2,0.94475990677477051,-0.0044024526493318117,13,13
fixed_test,2,3,impressed|2|09,"ac10307, ac415100",3,0.94475990677477051,0,13,13
fixed_test,2,3,impressed|2|09,"ac10307, ac415100",4,0.94475990677477051,-0.0047983471313094439,13,12
fixed_test,2,3,impressed|2|09,"ac10307, ac415100",5,0.94475990677477051,-0.0044024526493318117,13,12
fixed_test,2,3,impressed|2|09,"ac10307, ac415100",6,0.94475990677477051,-0.0092066822042050633,13,12
fixed_test,2,3,impressed|2|09,"ac10307, ac415100",7,0.94475990677477051,0,13,13
fixed_test,2,3,impressed|2|09,"ac10307, ac415100",8,0.94475990677477051,-0.0092066822042050633,13,12
fixed_test,2,3,impressed|2|09,"ac10307, ac415100",9,0.94475990677477051,-0.0092066822042050633,13,13
fixed_test,2,3,impressed|2|10,"ac355201, ac415100",0,0.94475990677477051,0,4,4
fixed_test,2,3,impressed|2|10,"ac355201, ac415100",1,0.94475990677477051,0,4,4
fixed_test,2,3,impressed|2|10,"ac355201, ac415100",2,0.94475990677477051,0,4,4
fixed_test,2,3,impressed|2|10,"ac355201, ac415100",3,0.94475990677477051,0,4,4
fixed_test,2,3,impressed|2|10,"ac355201, ac415100",4,0.94475990677477051,0.0043728794312214436,4,4
fixed_test,2,3,impressed|2|10,"ac355201, ac415100",5,0.94475990677477051,0,4,4
fixed_test,2,3,impressed|2|10,"ac355201, ac415100",6,0.94475990677477051,0,4,4
fixed_test,2,3,impressed|2|10,"ac355201, ac415100",7,0.94475990677477051,0,4,4
fixed_test,2,3,impressed|2|10,"ac355201, ac415100",8,0.94475990677477051,0,4,4
fixed_test,2,3,impressed|2|10,"ac355201, ac415100",9,0.94475990677477051,0,4,4
fixed_test,2,3,impressed|3|01,"ac411100, ac415100, ac419100",0,0.94475990677477051,0,35,33
fixed_test,2,3,impressed|3|01,"ac411100, ac415100, ac419100",1,0.94475990677477051,0.0043728794312214436,35,34
fixed_test,2,3,impressed|3|01,"ac411100, ac415100, ac419100",2,0.94475990677477051,-0.0044024526493318117,35,33
fixed_test,2,3,impressed|3|01,"ac411100, ac415100, ac419100",3,0.94475990677477051,0.0043728794312214436,35,33
fixed_test,2,3,impressed|3|01,"ac411100, ac415100, ac419100",4,0.94475990677477051,0,35,34
fixed_test,2,3,impressed|3|01,"ac411100, ac415100, ac419100",5,0.94475990677477051,-0.0088359304417564566,35,35
fixed_test,2,3,impressed|3|01,"ac411100, ac415100, ac419100",6,0.94475990677477051,0.0043728794312214436,35,34
fixed_test,2,3,impressed|3|01,"ac411100, ac415100, ac419100",7,0.94475990677477051,0.0043728794312214436,35,35
fixed_test,2,3,impressed|3|01,"ac411100, ac415100, ac419100",8,0.94475990677477051,0.0043728794312214436,35,35
fixed_test,2,3,impressed|3|01,"ac411100, ac415100, ac419100",9,0.94475990677477051,-0.0092066822042050633,35,34
fixed_test,2,3,impressed|3|02,"ac10307, ac411100, ac419100",0,0.94475990677477051,-0.0044024526493318117,28,28
fixed_test,2,3,impressed|3|02,"ac10307, ac411100, ac419100",1,0.94475990677477051,0,28,27
fixed_test,2,3,impressed|3|02,"ac10307, ac411100, ac419100",2,0.94475990677477051,0.0043728794312214436,28,27
fixed_test,2,3,impressed|3|02,"ac10307, ac411100, ac419100",3,0.94475990677477051,0.0043728794312214436,28,28
fixed_test,2,3,impressed|3|02,"ac10307, ac411100, ac419100",4,0.94475990677477051,-0.0044024526493318117,28,26
fixed_test,2,3,impressed|3|02,"ac10307, ac411100, ac419100",5,0.94475990677477051,-0.0044024526493318117,28,28
fixed_test,2,3,impressed|3|02,"ac10307, ac411100, ac419100",6,0.94475990677477051,-0.0044024526493318117,28,28
fixed_test,2,3,impressed|3|02,"ac10307, ac411100, ac419100",7,0.94475990677477051,0.0043728794312214436,28,27
fixed_test,2,3,impressed|3|02,"ac10307, ac411100, ac419100",8,0.94475990677477051,-0.0044024526493318117,28,28
fixed_test,2,3,impressed|3|02,"ac10307, ac411100, ac419100",9,0.94475990677477051,0,28,28
fixed_test,2,3,impressed|3|03,"ac370000, ac411100, ac415100",0,0.94475990677477051,0,27,27
fixed_test,2,3,impressed|3|03,"ac370000, ac411100, ac415100",1,0.94475990677477051,-0.0044024526493318117,27,27
fixed_test,2,3,impressed|3|03,"ac370000, ac411100, ac415100",2,0.94475990677477051,-0.0047983471313094439,27,27
fixed_test,2,3,impressed|3|03,"ac370000, ac411100, ac415100",3,0.94475990677477051,-0.0044024526493318117,27,27
fixed_test,2,3,impressed|3|03,"ac370000, ac411100, ac415100",4,0.94475990677477051,-0.0044024526493318117,27,27
fixed_test,2,3,impressed|3|03,"ac370000, ac411100, ac415100",5,0.94475990677477051,-0.0044024526493318117,27,27
fixed_test,2,3,impressed|3|03,"ac370000, ac411100, ac415100",6,0.94475990677477051,0,27,27
fixed_test,2,3,impressed|3|03,"ac370000, ac411100, ac415100",7,0.94475990677477051,0,27,27
fixed_test,2,3,impressed|3|03,"ac370000, ac411100, ac415100",8,0.94475990677477051,0,27,27
fixed_test,2,3,impressed|3|03,"ac370000, ac411100, ac415100",9,0.94475990677477051,-0.0088359304417564566,27,27
fixed_test,2,3,impressed|3|04,"ac355201, ac415100, ac419100",0,0.94475990677477051,0,4,4
fixed_test,2,3,impressed|3|04,"ac355201, ac415100, ac419100",1,0.94475990677477051,0,4,4
fixed_test,2,3,impressed|3|04,"ac355201, ac415100, ac419100",2,0.94475990677477051,0,4,4
fixed_test,2,3,impressed|3|04,"ac355201, ac415100, ac419100",3,0.94475990677477051,0,4,4
fixed_test,2,3,impressed|3|04,"ac355201, ac415100, ac419100",4,0.94475990677477051,0.0043728794312214436,4,4
fixed_test,2,3,impressed|3|04,"ac355201, ac415100, ac419100",5,0.94475990677477051,0,4,4
fixed_test,2,3,impressed|3|04,"ac355201, ac415100, ac419100",6,0.94475990677477051,0,4,4
fixed_test,2,3,impressed|3|04,"ac355201, ac415100, ac419100",7,0.94475990677477051,0,4,4
fixed_test,2,3,impressed|3|04,"ac355201, ac415100, ac419100",8,0.94475990677477051,0,4,4
fixed_test,2,3,impressed|3|04,"ac355201, ac415100, ac419100",9,0.94475990677477051,0,4,4
fixed_test,2,3,impressed|3|05,"ac355201, ac411100, ac419100",0,0.94475990677477051,0,4,4
fixed_test,2,3,impressed|3|05,"ac355201, ac411100, ac419100",1,0.94475990677477051,0.0043728794312214436,4,4
fixed_test,2,3,impressed|3|05,"ac355201, ac411100, ac419100",2,0.94475990677477051,0,4,4
fixed_test,2,3,impressed|3|05,"ac355201, ac411100, ac419100",3,0.94475990677477051,0,4,4
fixed_test,2,3,impressed|3|05,"ac355201, ac411100, ac419100",4,0.94475990677477051,0,4,4
fixed_test,2,3,impressed|3|05,"ac355201, ac411100, ac419100",5,0.94475990677477051,0,4,4
fixed_test,2,3,impressed|3|05,"ac355201, ac411100, ac419100",6,0.94475990677477051,0,4,4
fixed_test,2,3,impressed|3|05,"ac355201, ac411100, ac419100",7,0.94475990677477051,0.0043728794312214436,4,4
fixed_test,2,3,impressed|3|05,"ac355201, ac411100, ac419100",8,0.94475990677477051,0,4,4
fixed_test,2,3,impressed|3|05,"ac355201, ac411100, ac419100",9,0.94475990677477051,0,4,4
fixed_test,2,3,impressed|3|06,"ac355427, ac415100, ac419100",0,0.94475990677477051,0,3,3
fixed_test,2,3,impressed|3|06,"ac355427, ac415100, ac419100",1,0.94475990677477051,0,3,3
fixed_test,2,3,impressed|3|06,"ac355427, ac415100, ac419100",2,0.94475990677477051,0.0043728794312214436,3,3
fixed_test,2,3,impressed|3|06,"ac355427, ac415100, ac419100",3,0.94475990677477051,0.0043728794312214436,3,3
fixed_test,2,3,impressed|3|06,"ac355427, ac415100, ac419100",4,0.94475990677477051,0,3,3
fixed_test,2,3,impressed|3|06,"ac355427, ac415100, ac419100",5,0.94475990677477051,0,3,3
fixed_test,2,3,impressed|3|06,"ac355427, ac415100, ac419100",6,0.94475990677477051,0.0043728794312214436,3,3
fixed_test,2,3,impressed|3|06,"ac355427, ac415100, ac419100",7,0.94475990677477051,0.0043728794312214436,3,3
fixed_test,2,3,impressed|3|06,"ac355427, ac415100, ac419100",8,0.94475990677477051,0,3,3
fixed_test,2,3,impressed|3|06,"ac355427, ac415100, ac419100",9,0.94475990677477051,0,3,3
fixed_test,2,3,impressed|3|07,"370407, ac10307, ac370000",0,0.94475990677477051,0,11,11
fixed_test,2,3,impressed|3|07,"370407, ac10307, ac370000",1,0.94475990677477051,0,11,11
fixed_test,2,3,impressed|3|07,"370407, ac10307, ac370000",2,0.94475990677477051,0.0043728794312214436,11,11
fixed_test,2,3,impressed|3|07,"370407, ac10307, ac370000",3,0.94475990677477051,0,11,11
fixed_test,2,3,impressed|3|07,"370407, ac10307, ac370000",4,0.94475990677477051,0,11,11
fixed_test,2,3,impressed|3|07,"370407, ac10307, ac370000",5,0.94475990677477051,0,11,11
fixed_test,2,3,impressed|3|07,"370407, ac10307, ac370000",6,0.94475990677477051,0.0043728794312214436,11,11
fixed_test,2,3,impressed|3|07,"370407, ac10307, ac370000",7,0.94475990677477051,0,11,11
fixed_test,2,3,impressed|3|07,"370407, ac10307, ac370000",8,0.94475990677477051,0.0043728794312214436,11,11
fixed_test,2,3,impressed|3|07,"370407, ac10307, ac370000",9,0.94475990677477051,0,11,11
fixed_test,2,3,impressed|3|08,"376400, ac370000, ac411100",0,0.94475990677477051,0,13,13
fixed_test,2,3,impressed|3|08,"376400, ac370000, ac411100",1,0.94475990677477051,0,13,13
fixed_test,2,3,impressed|3|08,"376400, ac370000, ac411100",2,0.94475990677477051,0.0043728794312214436,13,13
fixed_test,2,3,impressed|3|08,"376400, ac370000, ac411100",3,0.94475990677477051,0,13,13
fixed_test,2,3,impressed|3|08,"376400, ac370000, ac411100",4,0.94475990677477051,0,13,13
fixed_test,2,3,impressed|3|08,"376400, ac370000, ac411100",5,0.94475990677477051,-0.0047983471313094439,13,13
fixed_test,2,3,impressed|3|08,"376400, ac370000, ac411100",6,0.94475990677477051,0,13,13
fixed_test,2,3,impressed|3|08,"376400, ac370000, ac411100",7,0.94475990677477051,0,13,13
fixed_test,2,3,impressed|3|08,"376400, ac370000, ac411100",8,0.94475990677477051,0,13,13
fixed_test,2,3,impressed|3|08,"376400, ac370000, ac411100",9,0.94475990677477051,0,13,13
fixed_test,2,3,impressed|3|09,"ac410500, ac411100, ac415100",0,0.94475990677477051,0,2,2
fixed_test,2,3,impressed|3|09,"ac410500, ac411100, ac415100",1,0.94475990677477051,0,2,2
fixed_test,2,3,impressed|3|09,"ac410500, ac411100, ac415100",2,0.94475990677477051,0,2,2
fixed_test,2,3,impressed|3|09,"ac410500, ac411100, ac415100",3,0.94475990677477051,0,2,2
fixed_test,2,3,impressed|3|09,"ac410500, ac411100, ac415100",4,0.94475990677477051,0,2,2
fixed_test,2,3,impressed|3|09,"ac410500, ac411100, ac415100",5,0.94475990677477051,0,2,2
fixed_test,2,3,impressed|3|09,"ac410500, ac411100, ac415100",6,0.94475990677477051,0,2,2
fixed_test,2,3,impressed|3|09,"ac410500, ac411100, ac415100",7,0.94475990677477051,0,2,2
fixed_test,2,3,impressed|3|09,"ac410500, ac411100, ac415100",8,0.94475990677477051,0,2,2
fixed_test,2,3,impressed|3|09,"ac410500, ac411100, ac415100",9,0.94475990677477051,0,2,2
fixed_test,2,3,impressed|3|10,"ac379999, ac415100, ac419100",0,0.94475990677477051,0,33,33
fixed_test,2,3,impressed|3|10,"ac379999, ac415100, ac419100",1,0.94475990677477051,0.0087175853836118922,33,33
fixed_test,2,3,impressed|3|10,"ac379999, ac415100, ac419100",2,0.94475990677477051,-0.0044024526493318117,33,33
fixed_test,2,3,impressed|3|10,"ac379999, ac415100, ac419100",3,0.94475990677477051,0.0043728794312214436,33,33
fixed_test,2,3,impressed|3|10,"ac379999, ac415100, ac419100",4,0.94475990677477051,0.0043728794312214436,33,33
fixed_test,2,3,impressed|3|10,"ac379999, ac415100, ac419100",5,0.94475990677477051,0,33,33
fixed_test,2,3,impressed|3|10,"ac379999, ac415100, ac419100",6,0.94475990677477051,0.0043728794312214436,33,33
fixed_test,2,3,impressed|3|10,"ac379999, ac415100, ac419100",7,0.94475990677477051,0.0043728794312214436,33,32
fixed_test,2,3,impressed|3|10,"ac379999, ac415100, ac419100",8,0.94475990677477051,-0.0044024526493318117,33,33
fixed_test,2,3,impressed|3|10,"ac379999, ac415100, ac419100",9,0.94475990677477051,0.0043728794312214436,33,33
fixed_train,2,3,apriori|1|01,ac419100,0,0.99321599666937299,0.030832220369436003,615,504
fixed_train,2,3,apriori|1|01,ac419100,1,0.99321599666937299,0.028823122817494995,615,505
fixed_train,2,3,apriori|1|01,ac419100,2,0.99321599666937299,0.026211703102683503,615,513
fixed_train,2,3,apriori|1|01,ac419100,3,0.99321599666937299,0.033111991502773219,615,516
fixed_train,2,3,apriori|1|01,ac419100,4,0.99321599666937299,0.027380906933674232,615,498
fixed_train,2,3,apriori|1|01,ac419100,5,0.99321599666937299,0.023936137141765457,615,497
fixed_train,2,3,apriori|1|01,ac419100,6,0.99321599666937299,0.030694480593373874,615,506
fixed_train,2,3,apriori|1|01,ac419100,7,0.99321599666937299,0.022825585565100615,615,503
fixed_train,2,3,apriori|1|01,ac419100,8,0.99321599666937299,0.027508965343644554,615,496
fixed_train,2,3,apriori|1|01,ac419100,9,0.99321599666937299,0.028618611061173027,615,511
fixed_train,2,3,apriori|1|02,ac370000,0,0.99321599666937299,0.18086402778079402,556,554
fixed_train,2,3,apriori|1|02,ac370000,1,0.99321599666937299,0.19112949856709072,556,553
fixed_train,2,3,apriori|1|02,ac370000,2,0.99321599666937299,0.19175824335895153,556,551
fixed_train,2,3,apriori|1|02,ac370000,3,0.99321599666937299,0.16438150138929708,556,552
fixed_train,2,3,apriori|1|02,ac370000,4,0.99321599666937299,0.18715142308880861,556,553
fixed_train,2,3,apriori|1|02,ac370000,5,0.99321599666937299,0.17485511025198164,556,556
fixed_train,2,3,apriori|1|02,ac370000,6,0.99321599666937299,0.14347205606958058,556,553
fixed_train,2,3,apriori|1|02,ac370000,7,0.99321599666937299,0.19461843791106859,556,551
fixed_train,2,3,apriori|1|02,ac370000,8,0.99321599666937299,0.16861436451875189,556,548
fixed_train,2,3,apriori|1|02,ac370000,9,0.99321599666937299,0.16989197251721977,556,553
fixed_train,2,3,apriori|1|03,370407,0,0.99321599666937299,0.014833873298093714,467,445
fixed_train,2,3,apriori|1|03,370407,1,0.99321599666937299,0.015909747567787624,467,454
fixed_train,2,3,apriori|1|03,370407,2,0.99321599666937299,0.01364037247794625,467,445
fixed_train,2,3,apriori|1|03,370407,3,0.99321599666937299,0.017198412870269908,467,449
fixed_train,2,3,apriori|1|03,370407,4,0.99321599666937299,0.019433364702750255,467,445
fixed_train,2,3,apriori|1|03,370407,5,0.99321599666937299,0.018224352098391128,467,457
fixed_train,2,3,apriori|1|03,370407,6,0.99321599666937299,0.012558307337175667,467,449
fixed_train,2,3,apriori|1|03,370407,7,0.99321599666937299,0.016034970821527827,467,451
fixed_train,2,3,apriori|1|03,370407,8,0.99321599666937299,0.013677378384024164,467,451
fixed_train,2,3,apriori|1|03,370407,9,0.99321599666937299,0.013677378384024164,467,450
fixed_train,2,3,apriori|1|04,ac370419,0,0.99321599666937299,0.013753073406312377,452,435
fixed_train,2,3,apriori|1|04,ac370419,1,0.99321599666937299,0.013753073406312377,452,432
fixed_train,2,3,apriori|1|04,ac370419,2,0.99321599666937299,0.016034970821527827,452,430
fixed_train,2,3,apriori|1|04,ac370419,3,0.99321599666937299,0.01259405130273894,452,436
fixed_train,2,3,apriori|1|04,ac370419,4,0.99321599666937299,0.012523094448403715,452,439
fixed_train,2,3,apriori|1|04,ac370419,5,0.99321599666937299,0.010314280169401613,452,436
fixed_train,2,3,apriori|1|04,ac370419,6,0.99321599666937299,0.011471175991096927,452,440
fixed_train,2,3,apriori|1|04,ac370419,7,0.99321599666937299,0.016034970821527827,452,426
fixed_train,2,3,apriori|1|04,ac370419,8,0.99321599666937299,0.013714942827953824,452,430
fixed_train,2,3,apriori|1|04,ac370419,9,0.99321599666937299,0.013753073406312377,452,428
fixed_train,2,3,apriori|1|05,ac370443,0,0.99321599666937299,0.0079802479121611203,446,433
fixed_train,2,3,apriori|1|05,ac370443,1,0.99321599666937299,0.0068569178124737729,446,424
fixed_train,2,3,apriori|1|05,ac370443,2,0.99321599666937299,0.0079802479121611203,446,418
fixed_train,2,3,apriori|1|05,ac370443,3,0.99321599666937299,0.0068079440014816583,446,411
fixed_train,2,3,apriori|1|05,ac370443,4,0.99321599666937299,0.0068322472084219044,446,428
fixed_train,2,3,apriori|1|05,ac370443,5,0.99321599666937299,0.010282741376257731,446,429
fixed_train,2,3,apriori|1|05,ac370443,6,0.99321599666937299,0.0079802479121611203,446,415
fixed_train,2,3,apriori|1|05,ac370443,7,0.99321599666937299,0.0045426194461302138,446,424
fixed_train,2,3,apriori|1|05,ac370443,8,0.99321599666937299,0.0068322472084219044,446,423
fixed_train,2,3,apriori|1|05,ac370443,9,0.99321599666937299,0.013677378384024164,446,431
fixed_train,2,3,apriori|1|06,ac370442,0,0.99321599666937299,0.0045426194461302138,441,419
fixed_train,2,3,apriori|1|06,ac370442,1,0.99321599666937299,0.0091016222982632788,441,421
fixed_train,2,3,apriori|1|06,ac370442,2,0.99321599666937299,0.0056863788766953194,441,418
fixed_train,2,3,apriori|1|06,ac370442,3,0.99321599666937299,0.0057088246440399892,441,420
fixed_train,2,3,apriori|1|06,ac370442,4,0.99321599666937299,0.0045628721185804189,441,411
fixed_train,2,3,apriori|1|06,ac370442,5,0.99321599666937299,0.0079537210962085103,441,423
fixed_train,2,3,apriori|1|06,ac370442,6,0.99321599666937299,0.010221063315721812,441,424
fixed_train,2,3,apriori|1|06,ac370442,7,0.99321599666937299,0.010251671180282362,441,425
fixed_train,2,3,apriori|1|06,ac370442,8,0.99321599666937299,0.0080071754153397956,441,415
fixed_train,2,3,apriori|1|06,ac370442,9,0.99321599666937299,0.0068322472084219044,441,422
fixed_train,2,3,apriori|1|07,370712b,0,0.99321599666937299,0.0079802479121611203,429,400
fixed_train,2,3,apriori|1|07,370712b,1,0.99321599666937299,0.0079802479121611203,429,406
fixed_train,2,3,apriori|1|07,370712b,2,0.99321599666937299,0.0079802479121611203,429,398
fixed_train,2,3,apriori|1|07,370712b,3,0.99321599666937299,0.0056863788766953194,429,408
fixed_train,2,3,apriori|1|07,370712b,4,0.99321599666937299,0.0079537210962085103,429,409
fixed_train,2,3,apriori|1|07,370712b,5,0.99321599666937299,0.0056863788766953194,429,401
fixed_train,2,3,apriori|1|07,370712b,6,0.99321599666937299,0.0068569178124737729,429,405
fixed_train,2,3,apriori|1|07,370712b,7,0.99321599666937299,0.0091304046696573105,429,409
fixed_train,2,3,apriori|1|07,370712b,8,0.99321599666937299,0.0045628721185804189,429,413
fixed_train,2,3,apriori|1|07,370712b,9,0.99321599666937299,0.010251671180282362,429,405
fixed_train,2,3,apriori|1|08,370715a,0,0.99321599666937299,0.0091304046696573105,424,406
fixed_train,2,3,apriori|1|08,370715a,1,0.99321599666937299,0.0068322472084219044,424,400
fixed_train,2,3,apriori|1|08,370715a,2,0.99321599666937299,0.0022772948907787693,424,409
fixed_train,2,3,apriori|1|08,370715a,3,0.99321599666937299,0.011370997388104653,424,396
fixed_train,2,3,apriori|1|08,370715a,4,0.99321599666937299,0.010221063315721812,424,398
fixed_train,2,3,apriori|1|08,370715a,5,0.99321599666937299,0.0056863788766953194,424,402
fixed_train,2,3,apriori|1|08,370715a,6,0.99321599666937299,0.0090732685568332139,424,408
fixed_train,2,3,apriori|1|08,370715a,7,0.99321599666937299,0.0091596214593800962,424,406
fixed_train,2,3,apriori|1|08,370715a,8,0.99321599666937299,0.0091304046696573105,424,400
fixed_train,2,3,apriori|1|08,370715a,9,0.99321599666937299,0.0045628721185804189,424,396
fixed_train,2,3,apriori|1|09,370488e,0,0.99321599666937299,0.0079802479121611203,425,401
fixed_train,2,3,apriori|1|09,370488e,1,0.99321599666937299,0.012558307337175667,425,399
fixed_train,2,3,apriori|1|09,370488e,2,0.99321599666937299,0.012488405535234892,425,402
fixed_train,2,3,apriori|1|09,370488e,3,0.99321599666937299,0.010221063315721812,425,403
fixed_train,2,3,apriori|1|09,370488e,4,0.99321599666937299,0.0079802479121611203,425,400
fixed_train,2,3,apriori|1|09,370488e,5,0.99321599666937299,0.0056863788766953194,425,404
fixed_train,2,3,apriori|1|09,370488e,6,0.99321599666937299,0.010190911643908951,425,404
fixed_train,2,3,apriori|1|09,370488e,7,0.99321599666937299,0.010251671180282362,425,404
fixed_train,2,3,apriori|1|09,370488e,8,0.99321599666937299,0.011403891526840737,425,403
fixed_train,2,3,apriori|1|09,370488e,9,0.99321599666937299,0.0091304046696573105,425,404
fixed_train,2,3,apriori|1|10,370488g,0,0.99321599666937299,0.011437282143666905,423,411
fixed_train,2,3,apriori|1|10,370488g,1,0.99321599666937299,0.0079802479121611203,423,402
fixed_train,2,3,apriori|1|10,370488g,2,0.99321599666937299,0.013753073406312377,423,403
fixed_train,2,3,apriori|1|10,370488g,3,0.99321599666937299,0.0091304046696573105,423,408
fixed_train,2,3,apriori|1|10,370488g,4,0.99321599666937299,0.0068322472084219044,423,399
fixed_train,2,3,apriori|1|10,370488g,5,0.99321599666937299,0.0057088246440399892,423,404
fixed_train,2,3,apriori|1|10,370488g,6,0.99321599666937299,0.0079802479121611203,423,401
fixed_train,2,3,apriori|1|10,370488g,7,0.99321599666937299,0.0045628721185804189,423,402
fixed_train,2,3,apriori|1|10,370488g,8,0.99321599666937299,0.010251671180282362,423,406
fixed_train,2,3,apriori|1|10,370488g,9,0.99321599666937299,0.0079802479121611203,423,411
fixed_train,2,3,apriori|2|01,"370407, ac370000",0,0.99321599666937299,0.028823122817494995,467,466
fixed_train,2,3,apriori|2|01,"370407, ac370000",1,0.99321599666937299,0.033577353870445026,467,464
fixed_train,2,3,apriori|2|01,"370407, ac370000",2,0.99321599666937299,0.036146653959258979,467,463
fixed_train,2,3,apriori|2|01,"370407, ac370000",3,0.99321599666937299,0.033741936148870222,467,461
fixed_train,2,3,apriori|2|01,"370407, ac370000",4,0.99321599666937299,0.039389763094005104,467,465
fixed_train,2,3,apriori|2|01,"370407, ac370000",5,0.99321599666937299,0.036057704119127121,467,465
fixed_train,2,3,apriori|2|01,"370407, ac370000",6,0.99321599666937299,0.030155009809078592,467,465
fixed_train,2,3,apriori|2|01,"370407, ac370000",7,0.99321599666937299,0.026725941907814521,467,465
fixed_train,2,3,apriori|2|01,"370407, ac370000",8,0.99321599666937299,0.023050915263732374,467,461
fixed_train,2,3,apriori|2|01,"370407, ac370000",9,0.99321599666937299,0.035970064732211982,467,464
fixed_train,2,3,apriori|2|02,"ac370000, ac370419",0,0.99321599666937299,0.034772386451541792,452,449
fixed_train,2,3,apriori|2|02,"ac370000, ac370419",1,0.99321599666937299,0.0336590340261127,452,447
fixed_train,2,3,apriori|2|02,"ac370000, ac370419",2,0.99321599666937299,0.030230245426298485,452,449
fixed_train,2,3,apriori|2|02,"ac370000, ac370419",3,0.99321599666937299,0.032543635973606322,452,450
fixed_train,2,3,apriori|2|02,"ac370000, ac370419",4,0.99321599666937299,0.037170417068221995,452,449
fixed_train,2,3,apriori|2|02,"ac370000, ac370419",5,0.99321599666937299,0.034942932499839374,452,452
fixed_train,2,3,apriori|2|02,"ac370000, ac370419",6,0.99321599666937299,0.030230245426298485,452,450
fixed_train,2,3,apriori|2|02,"ac370000, ac370419",7,0.99321599666937299,0.030230245426298485,452,451
fixed_train,2,3,apriori|2|02,"ac370000, ac370419",8,0.99321599666937299,0.031270990601812376,452,451
fixed_train,2,3,apriori|2|02,"ac370000, ac370419",9,0.99321599666937299,0.030080883478050269,452,450
fixed_train,2,3,apriori|2|03,"370407, ac370419",0,0.99321599666937299,0.0170659409846462,443,442
fixed_train,2,3,apriori|2|03,"370407, ac370419",1,0.99321599666937299,0.014833873298093714,443,439
fixed_train,2,3,apriori|2|03,"370407, ac370419",2,0.99321599666937299,0.01595086524120759,443,441
fixed_train,2,3,apriori|2|03,"370407, ac370419",3,0.99321599666937299,0.012558307337175667,443,441
fixed_train,2,3,apriori|2|03,"370407, ac370419",4,0.99321599666937299,0.01715359356941315,443,443
fixed_train,2,3,apriori|2|03,"370407, ac370419",5,0.99321599666937299,0.013714942827953824,443,441
fixed_train,2,3,apriori|2|03,"370407, ac370419",6,0.99321599666937299,0.0228806630671744,443,442
fixed_train,2,3,apriori|2|03,"370407, ac370419",7,0.99321599666937299,0.01364037247794625,443,442
fixed_train,2,3,apriori|2|03,"370407, ac370419",8,0.99321599666937299,0.014873822436076156,443,442
fixed_train,2,3,apriori|2|03,"370407, ac370419",9,0.99321599666937299,0.019482452508450598,443,443
fixed_train,2,3,apriori|2|04,"ac370000, ac370443",0,0.99321599666937299,0.027640902739787698,446,443
fixed_train,2,3,apriori|2|04,"ac370000, ac370443",1,0.99321599666937299,0.027708359918912517,446,441
fixed_train,2,3,apriori|2|04,"ac370000, ac370443",2,0.99321599666937299,0.021875623492069507,446,442
fixed_train,2,3,apriori|2|04,"ac370000, ac370443",3,0.99321599666937299,0.034606832568820467,446,444
fixed_train,2,3,apriori|2|04,"ac370000, ac370443",4,0.99321599666937299,0.028964627333179505,446,444
fixed_train,2,3,apriori|2|04,"ac370000, ac370443",5,0.99321599666937299,0.024289819721053041,446,443
fixed_train,2,3,apriori|2|04,"ac370000, ac370443",6,0.99321599666937299,0.030080883478050269,446,445
fixed_train,2,3,apriori|2|04,"ac370000, ac370443",7,0.99321599666937299,0.023168717201423217,446,444
fixed_train,2,3,apriori|2|04,"ac370000, ac370443",8,0.99321599666937299,0.030080883478050269,446,442
fixed_train,2,3,apriori|2|04,"ac370000, ac370443",9,0.99321599666937299,0.031426168178613212,446,442
fixed_train,2,3,apriori|2|05,"ac370419, ac370443",0,0.99321599666937299,0.014873822436076156,445,445
fixed_train,2,3,apriori|2|05,"ac370419, ac370443",1,0.99321599666937299,0.0079802479121611203,445,444
fixed_train,2,3,apriori|2|05,"ac370419, ac370443",2,0.99321599666937299,0.012558307337175667,445,444
fixed_train,2,3,apriori|2|05,"ac370419, ac370443",3,0.99321599666937299,0.016034970821527827,445,445
fixed_train,2,3,apriori|2|05,"ac370419, ac370443",4,0.99321599666937299,0.018364173697172137,445,443
fixed_train,2,3,apriori|2|05,"ac370419, ac370443",5,0.99321599666937299,0.013714942827953824,445,443
fixed_train,2,3,apriori|2|05,"ac370419, ac370443",6,0.99321599666937299,0.017198412870269908,445,440
fixed_train,2,3,apriori|2|05,"ac370419, ac370443",7,0.99321599666937299,0.011403891526840737,445,441
fixed_train,2,3,apriori|2|05,"ac370419, ac370443",8,0.99321599666937299,0.011437282143666905,445,442
fixed_train,2,3,apriori|2|05,"ac370419, ac370443",9,0.99321599666937299,0.013714942827953824,445,443
fixed_train,2,3,apriori|2|06,"ac370000, ac370442",0,0.99321599666937299,0.023168717201423217,441,437
fixed_train,2,3,apriori|2|06,"ac370000, ac370442",1,0.99321599666937299,0.025472772626965456,441,435
fixed_train,2,3,apriori|2|06,"ac370000, ac370442",2,0.99321599666937299,0.031348003320013307,441,435
fixed_train,2,3,apriori|2|06,"ac370000, ac370442",3,0.99321599666937299,0.025472772626965456,441,440
fixed_train,2,3,apriori|2|06,"ac370000, ac370442",4,0.99321599666937299,0.029036972613913914,441,440
fixed_train,2,3,apriori|2|06,"ac370000, ac370442",5,0.99321599666937299,0.027846321487847048,441,434
fixed_train,2,3,apriori|2|06,"ac370000, ac370442",6,0.99321599666937299,0.026461163783700892,441,439
fixed_train,2,3,apriori|2|06,"ac370000, ac370442",7,0.99321599666937299,0.026525888872454995,441,436
fixed_train,2,3,apriori|2|06,"ac370000, ac370442",8,0.99321599666937299,0.021820650995048152,441,436
fixed_train,2,3,apriori|2|06,"ac370000, ac370442",9,0.99321599666937299,0.028893349062042661,441,438
fixed_train,2,3,apriori|2|07,"ac370442, ac370443",0,0.99321599666937299,0.010282741376257731,440,438
fixed_train,2,3,apriori|2|07,"ac370442, ac370443",1,0.99321599666937299,0.0091016222982632788,440,438
fixed_train,2,3,apriori|2|07,"ac370442, ac370443",2,0.99321599666937299,0.0080071754153397956,440,439
fixed_train,2,3,apriori|2|07,"ac370442, ac370443",3,0.99321599666937299,0.01595086524120759,440,439
fixed_train,2,3,apriori|2|07,"ac370442, ac370443",4,0.99321599666937299,0.01259405130273894,440,438
fixed_train,2,3,apriori|2|07,"ac370442, ac370443",5,0.99321599666937299,0.0068322472084219044,440,439
fixed_train,2,3,apriori|2|07,"ac370442, ac370443",6,0.99321599666937299,0.010251671180282362,440,438
fixed_train,2,3,apriori|2|07,"ac370442, ac370443",7,0.99321599666937299,0.0091016222982632788,440,439
fixed_train,2,3,apriori|2|07,"ac370442, ac370443",8,0.99321599666937299,0.0080071754153397956,440,440
fixed_train,2,3,apriori|2|07,"ac370442, ac370443",9,0.99321599666937299,0.010282741376257731,440,438
fixed_train,2,3,apriori|2|08,"ac370419, ac370442",0,0.99321599666937299,0.014873822436076156,440,438
fixed_train,2,3,apriori|2|08,"ac370419, ac370442",1,0.99321599666937299,0.015992603512240411,440,438
fixed_train,2,3,apriori|2|08,"ac370419, ac370442",2,0.99321599666937299,0.014873822436076156,440,437
fixed_train,2,3,apriori|2|08,"ac370419, ac370442",3,0.99321599666937299,0.01715359356941315,440,440
fixed_train,2,3,apriori|2|08,"ac370419, ac370442",4,0.99321599666937299,0.011403891526840737,440,440
fixed_train,2,3,apriori|2|08,"ac370419, ac370442",5,0.99321599666937299,0.01259405130273894,440,439
fixed_train,2,3,apriori|2|08,"ac370419, ac370442",6,0.99321599666937299,0.013714942827953824,440,439
fixed_train,2,3,apriori|2|08,"ac370419, ac370442",7,0.99321599666937299,0.01715359356941315,440,440
fixed_train,2,3,apriori|2|08,"ac370419, ac370442",8,0.99321599666937299,0.017109439259011539,440,438
fixed_train,2,3,apriori|2|08,"ac370419, ac370442",9,0.99321599666937299,0.013714942827953824,440,438
fixed_train,2,3,apriori|2|09,"370407, ac370443",0,0.99321599666937299,0.016034970821527827,437,434
fixed_train,2,3,apriori|2|09,"370407, ac370443",1,0.99321599666937299,0.014873822436076156,437,436
fixed_train,2,3,apriori|2|09,"370407, ac370443",2,0.99321599666937299,0.021608787520888795,437,431
fixed_train,2,3,apriori|2|09,"370407, ac370443",3,0.99321599666937299,0.014794517716524958,437,435
fixed_train,2,3,apriori|2|09,"370407, ac370443",4,0.99321599666937299,0.015992603512240411,437,436
fixed_train,2,3,apriori|2|09,"370407, ac370443",5,0.99321599666937299,0.013677378384024164,437,436
fixed_train,2,3,apriori|2|09,"370407, ac370443",6,0.99321599666937299,0.012558307337175667,437,436
fixed_train,2,3,apriori|2|09,"370407, ac370443",7,0.99321599666937299,0.01259405130273894,437,436
fixed_train,2,3,apriori|2|09,"370407, ac370443",8,0.99321599666937299,0.014755747754748083,437,437
fixed_train,2,3,apriori|2|09,"370407, ac370443",9,0.99321599666937299,0.011338593112184547,437,435
fixed_train,2,3,apriori|2|10,"370712b, ac370000",0,0.99321599666937299,0.021931420982374661,429,428
fixed_train,2,3,apriori|2|10,"370712b, ac370000",1,0.99321599666937299,0.028893349062042661,429,427
fixed_train,2,3,apriori|2|10,"370712b, ac370000",2,0.99321599666937299,0.026591584391547851,429,425
fixed_train,2,3,apriori|2|10,"370712b, ac370000",3,0.99321599666937299,0.020755921525704601,429,429
fixed_train,2,3,apriori|2|10,"370712b, ac370000",4,0.99321599666937299,0.030007850802215019,429,425
fixed_train,2,3,apriori|2|10,"370712b, ac370000",5,0.99321599666937299,0.021660571180847632,429,428
fixed_train,2,3,apriori|2|10,"370712b, ac370000",6,0.99321599666937299,0.026397395687156266,429,429
fixed_train,2,3,apriori|2|10,"370712b, ac370000",7,0.99321599666937299,0.020809887269004568,429,427
fixed_train,2,3,apriori|2|10,"370712b, ac370000",8,0.99321599666937299,0.025345909001760036,429,428
fixed_train,2,3,apriori|2|10,"370712b, ac370000",9,0.99321599666937299,0.021875623492069507,429,426
fixed_train,2,3,apriori|3|01,"370407, ac370000, ac370419",0,0.99321599666937299,0.030080883478050269,443,441
fixed_train,2,3,apriori|3|01,"370407, ac370000, ac370419",1,0.99321599666937299,0.035030122738491154,443,443
fixed_train,2,3,apriori|3|01,"370407, ac370000, ac370419",2,0.99321599666937299,0.031348003320013307,443,443
fixed_train,2,3,apriori|3|01,"370407, ac370000, ac370419",3,0.99321599666937299,0.031270990601812376,443,443
fixed_train,2,3,apriori|3|01,"370407, ac370000, ac370419",4,0.99321599666937299,0.032463698130310137,443,442
fixed_train,2,3,apriori|3|01,"370407, ac370000, ac370419",5,0.99321599666937299,0.033741936148870222,443,443
fixed_train,2,3,apriori|3|01,"370407, ac370000, ac370419",6,0.99321599666937299,0.034942932499839374,443,443
fixed_train,2,3,apriori|3|01,"370407, ac370000, ac370419",7,0.99321599666937299,0.031348003320013307,443,443
fixed_train,2,3,apriori|3|01,"370407, ac370000, ac370419",8,0.99321599666937299,0.031270990601812376,443,443
fixed_train,2,3,apriori|3|01,"370407, ac370000, ac370419",9,0.99321599666937299,0.029036972613913914,443,442
fixed_train,2,3,apriori|3|02,"ac370000, ac370419, ac370443",0,0.99321599666937299,0.032543635973606322,445,445
fixed_train,2,3,apriori|3|02,"ac370000, ac370419, ac370443",1,0.99321599666937299,0.031348003320013307,445,445
fixed_train,2,3,apriori|3|02,"ac370000, ac370419, ac370443",2,0.99321599666937299,0.036057704119127121,445,445
fixed_train,2,3,apriori|3|02,"ac370000, ac370419, ac370443",3,0.99321599666937299,0.032624769398146736,445,445
fixed_train,2,3,apriori|3|02,"ac370000, ac370419, ac370443",4,0.99321599666937299,0.030155009809078592,445,444
fixed_train,2,3,apriori|3|02,"ac370000, ac370419, ac370443",5,0.99321599666937299,0.034606832568820467,445,445
fixed_train,2,3,apriori|3|02,"ac370000, ac370419, ac370443",6,0.99321599666937299,0.036057704119127121,445,445
fixed_train,2,3,apriori|3|02,"ac370000, ac370419, ac370443",7,0.99321599666937299,0.031348003320013307,445,445
fixed_train,2,3,apriori|3|02,"ac370000, ac370419, ac370443",8,0.99321599666937299,0.032543635973606322,445,445
fixed_train,2,3,apriori|3|02,"ac370000, ac370419, ac370443",9,0.99321599666937299,0.037261095601531902,445,445
fixed_train,2,3,apriori|3|03,"ac370000, ac370442, ac370443",0,0.99321599666937299,0.025408869035609793,440,440
fixed_train,2,3,apriori|3|03,"ac370000, ac370442, ac370443",1,0.99321599666937299,0.021875623492069507,440,440
fixed_train,2,3,apriori|3|03,"ac370000, ac370442, ac370443",2,0.99321599666937299,0.025408869035609793,440,438
fixed_train,2,3,apriori|3|03,"ac370000, ac370442, ac370443",3,0.99321599666937299,0.030080883478050269,440,440
fixed_train,2,3,apriori|3|03,"ac370000, ac370442, ac370443",4,0.99321599666937299,0.025408869035609793,440,440
fixed_train,2,3,apriori|3|03,"ac370000, ac370442, ac370443",5,0.99321599666937299,0.031195113732537583,440,440
fixed_train,2,3,apriori|3|03,"ac370000, ac370442, ac370443",6,0.99321599666937299,0.024289819721053041,440,440
fixed_train,2,3,apriori|3|03,"ac370000, ac370442, ac370443",7,0.99321599666937299,0.027776828052507807,440,440
fixed_train,2,3,apriori|3|03,"ac370000, ac370442, ac370443",8,0.99321599666937299,0.021988055050558231,440,440
fixed_train,2,3,apriori|3|03,"ac370000, ac370442, ac370443",9,0.99321599666937299,0.026658264064546966,440,440
fixed_train,2,3,apriori|3|04,"ac370000, ac370419, ac370442",0,0.99321599666937299,0.025537633166615281,440,440
fixed_train,2,3,apriori|3|04,"ac370000, ac370419, ac370442",1,0.99321599666937299,0.027846321487847048,440,440
fixed_train,2,3,apriori|3|04,"ac370000, ac370419, ac370442",2,0.99321599666937299,0.028893349062042661,440,440
fixed_train,2,3,apriori|3|04,"ac370000, ac370419, ac370442",3,0.99321599666937299,0.030155009809078592,440,440
fixed_train,2,3,apriori|3|04,"ac370000, ac370419, ac370442",4,0.99321599666937299,0.028823122817494995,440,439
fixed_train,2,3,apriori|3|04,"ac370000, ac370419, ac370442",5,0.99321599666937299,0.027708359918912517,440,440
fixed_train,2,3,apriori|3|04,"ac370000, ac370419, ac370442",6,0.99321599666937299,0.031195113732537583,440,439
fixed_train,2,3,apriori|3|04,"ac370000, ac370419, ac370442",7,0.99321599666937299,0.025537633166615281,440,439
fixed_train,2,3,apriori|3|04,"ac370000, ac370419, ac370442",8,0.99321599666937299,0.026525888872454995,440,440
fixed_train,2,3,apriori|3|04,"ac370000, ac370419, ac370442",9,0.99321599666937299,0.026658264064546966,440,440
fixed_train,2,3,apriori|3|05,"ac370419, ac370442, ac370443",0,0.99321599666937299,0.018364173697172137,439,438
fixed_train,2,3,apriori|3|05,"ac370419, ac370442, ac370443",1,0.99321599666937299,0.013714942827953824,439,439
fixed_train,2,3,apriori|3|05,"ac370419, ac370442, ac370443",2,0.99321599666937299,0.017109439259011539,439,439
fixed_train,2,3,apriori|3|05,"ac370419, ac370442, ac370443",3,0.99321599666937299,0.014873822436076156,439,439
fixed_train,2,3,apriori|3|05,"ac370419, ac370442, ac370443",4,0.99321599666937299,0.01259405130273894,439,439
fixed_train,2,3,apriori|3|05,"ac370419, ac370442, ac370443",5,0.99321599666937299,0.01259405130273894,439,439
fixed_train,2,3,apriori|3|05,"ac370419, ac370442, ac370443",6,0.99321599666937299,0.016034970821527827,439,439
fixed_train,2,3,apriori|3|05,"ac370419, ac370442, ac370443",7,0.99321599666937299,0.013714942827953824,439,438
fixed_train,2,3,apriori|3|05,"ac370419, ac370442, ac370443",8,0.99321599666937299,0.01259405130273894,439,439
fixed_train,2,3,apriori|3|05,"ac370419, ac370442, ac370443",9,0.99321599666937299,0.019532278648994206,439,438
fixed_train,2,3,apriori|3|06,"370407, ac370000, ac370443",0,0.99321599666937299,0.027846321487847048,437,437
fixed_train,2,3,apriori|3|06,"370407, ac370000, ac370443",1,0.99321599666937299,0.028893349062042661,437,437
fixed_train,2,3,apriori|3|06,"370407, ac370000, ac370443",2,0.99321599666937299,0.028893349062042661,437,437
fixed_train,2,3,apriori|3|06,"370407, ac370000, ac370443",3,0.99321599666937299,0.026461163783700892,437,437
fixed_train,2,3,apriori|3|06,"370407, ac370000, ac370443",4,0.99321599666937299,0.021988055050558231,437,437
fixed_train,2,3,apriori|3|06,"370407, ac370000, ac370443",5,0.99321599666937299,0.027708359918912517,437,437
fixed_train,2,3,apriori|3|06,"370407, ac370000, ac370443",6,0.99321599666937299,0.031120356762535217,437,437
fixed_train,2,3,apriori|3|06,"370407, ac370000, ac370443",7,0.99321599666937299,0.031195113732537583,437,437
fixed_train,2,3,apriori|3|06,"370407, ac370000, ac370443",8,0.99321599666937299,0.026658264064546966,437,436
fixed_train,2,3,apriori|3|06,"370407, ac370000, ac370443",9,0.99321599666937299,0.029110400208356202,437,437
fixed_train,2,3,apriori|3|07,"370407, ac370419, ac370443",0,0.99321599666937299,0.023992906969424688,437,437
fixed_train,2,3,apriori|3|07,"370407, ac370419, ac370443",1,0.99321599666937299,0.01841219025423857,437,437
fixed_train,2,3,apriori|3|07,"370407, ac370419, ac370443",2,0.99321599666937299,0.019532278648994206,437,436
fixed_train,2,3,apriori|3|07,"370407, ac370419, ac370443",3,0.99321599666937299,0.014873822436076156,437,437
fixed_train,2,3,apriori|3|07,"370407, ac370419, ac370443",4,0.99321599666937299,0.011370997388104653,437,437
fixed_train,2,3,apriori|3|07,"370407, ac370419, ac370443",5,0.99321599666937299,0.017198412870269908,437,437
fixed_train,2,3,apriori|3|07,"370407, ac370419, ac370443",6,0.99321599666937299,0.020448497747470706,437,437
fixed_train,2,3,apriori|3|07,"370407, ac370419, ac370443",7,0.99321599666937299,0.011403891526840737,437,437
fixed_train,2,3,apriori|3|07,"370407, ac370419, ac370443",8,0.99321599666937299,0.016034970821527827,437,437
fixed_train,2,3,apriori|3|07,"370407, ac370419, ac370443",9,0.99321599666937299,0.014833873298093714,437,437
fixed_train,2,3,apriori|3|08,"370407, ac370000, ac370442",0,0.99321599666937299,0.031426168178613212,432,432
fixed_train,2,3,apriori|3|08,"370407, ac370000, ac370442",1,0.99321599666937299,0.026525888872454995,432,432
fixed_train,2,3,apriori|3|08,"370407, ac370000, ac370442",2,0.99321599666937299,0.023109378152307181,432,431
fixed_train,2,3,apriori|3|08,"370407, ac370000, ac370442",3,0.99321599666937299,0.025408869035609793,432,432
fixed_train,2,3,apriori|3|08,"370407, ac370000, ac370442",4,0.99321599666937299,0.031195113732537583,432,432
fixed_train,2,3,apriori|3|08,"370407, ac370000, ac370442",5,0.99321599666937299,0.029110400208356202,432,432
fixed_train,2,3,apriori|3|08,"370407, ac370000, ac370442",6,0.99321599666937299,0.033577353870445026,432,432
fixed_train,2,3,apriori|3|08,"370407, ac370000, ac370442",7,0.99321599666937299,0.026461163783700892,432,432
fixed_train,2,3,apriori|3|08,"370407, ac370000, ac370442",8,0.99321599666937299,0.025537633166615281,432,432
fixed_train,2,3,apriori|3|08,"370407, ac370000, ac370442",9,0.99321599666937299,0.025472772626965456,432,432
fixed_train,2,3,apriori|3|09,"370407, ac370419, ac370442",0,0.99321599666937299,0.020547924880814028,432,432
fixed_train,2,3,apriori|3|09,"370407, ac370419, ac370442",1,0.99321599666937299,0.021660571180847632,432,432
fixed_train,2,3,apriori|3|09,"370407, ac370419, ac370442",2,0.99321599666937299,0.019433364702750255,432,432
fixed_train,2,3,apriori|3|09,"370407, ac370419, ac370442",3,0.99321599666937299,0.015992603512240411,432,432
fixed_train,2,3,apriori|3|09,"370407, ac370419, ac370442",4,0.99321599666937299,0.021766492146631067,432,432
fixed_train,2,3,apriori|3|09,"370407, ac370419, ac370442",5,0.99321599666937299,0.011471175991096927,432,432
fixed_train,2,3,apriori|3|09,"370407, ac370419, ac370442",6,0.99321599666937299,0.015992603512240411,432,432
fixed_train,2,3,apriori|3|09,"370407, ac370419, ac370442",7,0.99321599666937299,0.019482452508450598,432,432
fixed_train,2,3,apriori|3|09,"370407, ac370419, ac370442",8,0.99321599666937299,0.013791777873935818,432,432
fixed_train,2,3,apriori|3|09,"370407, ac370419, ac370442",9,0.99321599666937299,0.024050531784811868,432,432
fixed_train,2,3,apriori|3|10,"370407, ac370442, ac370443",0,0.99321599666937299,0.01841219025423857,431,431
fixed_train,2,3,apriori|3|10,"370407, ac370442, ac370443",1,0.99321599666937299,0.018270264196527108,431,430
fixed_train,2,3,apriori|3|10,"370407, ac370442, ac370443",2,0.99321599666937299,0.016034970821527827,431,431
fixed_train,2,3,apriori|3|10,"370407, ac370442, ac370443",3,0.99321599666937299,0.017198412870269908,431,431
fixed_train,2,3,apriori|3|10,"370407, ac370442, ac370443",4,0.99321599666937299,0.013753073406312377,431,431
fixed_train,2,3,apriori|3|10,"370407, ac370442, ac370443",5,0.99321599666937299,0.013753073406312377,431,431
fixed_train,2,3,apriori|3|10,"370407, ac370442, ac370443",6,0.99321599666937299,0.013753073406312377,431,430
fixed_train,2,3,apriori|3|10,"370407, ac370442, ac370443",7,0.99321599666937299,0.016034970821527827,431,431
fixed_train,2,3,apriori|3|10,"370407, ac370442, ac370443",8,0.99321599666937299,0.019532278648994206,431,430
fixed_train,2,3,apriori|3|10,"370407, ac370442, ac370443",9,0.99321599666937299,0.010314280169401613,431,430
fixed_train,2,3,impressed|1|01,ac419100,0,0.99321599666937299,0.030832220369436003,615,504
fixed_train,2,3,impressed|1|01,ac419100,1,0.99321599666937299,0.028823122817494995,615,505
fixed_train,2,3,impressed|1|01,ac419100,2,0.99321599666937299,0.026211703102683503,615,513
fixed_train,2,3,impressed|1|01,ac419100,3,0.99321599666937299,0.033111991502773219,615,516
fixed_train,2,3,impressed|1|01,ac419100,4,0.99321599666937299,0.027380906933674232,615,498
fixed_train,2,3,impressed|1|01,ac419100,5,0.99321599666937299,0.023936137141765457,615,497
fixed_train,2,3,impressed|1|01,ac419100,6,0.99321599666937299,0.030694480593373874,615,506
fixed_train,2,3,impressed|1|01,ac419100,7,0.99321599666937299,0.022825585565100615,615,503
fixed_train,2,3,impressed|1|01,ac419100,8,0.99321599666937299,0.027508965343644554,615,496
fixed_train,2,3,impressed|1|01,ac419100,9,0.99321599666937299,0.028618611061173027,615,511
fixed_train,2,3,impressed|1|02,ac370000,0,0.99321599666937299,0.18086402778079402,556,554
fixed_train,2,3,impressed|1|02,ac370000,1,0.99321599666937299,0.19112949856709072,556,553
fixed_train,2,3,impressed|1|02,ac370000,2,0.99321599666937299,0.19175824335895153,556,551
fixed_train,2,3,impressed|1|02,ac370000,3,0.99321599666937299,0.16438150138929708,556,552
fixed_train,2,3,impressed|1|02,ac370000,4,0.99321599666937299,0.18715142308880861,556,553
fixed_train,2,3,impressed|1|02,ac370000,5,0.99321599666937299,0.17485511025198164,556,556
fixed_train,2,3,impressed|1|02,ac370000,6,0.99321599666937299,0.14347205606958058,556,553
fixed_train,2,3,impressed|1|02,ac370000,7,0.99321599666937299,0.19461843791106859,556,551
fixed_train,2,3,impressed|1|02,ac370000,8,0.99321599666937299,0.16861436451875189,556,548
fixed_train,2,3,impressed|1|02,ac370000,9,0.99321599666937299,0.16989197251721977,556,553
fixed_train,2,3,impressed|1|03,ac415100,0,0.99321599666937299,0.0078764921047096426,185,169
fixed_train,2,3,impressed|1|03,ac415100,1,0.99321599666937299,0.0078764921047096426,185,165
fixed_train,2,3,impressed|1|03,ac415100,2,0.99321599666937299,0.0078764921047096426,185,171
fixed_train,2,3,impressed|1|03,ac415100,3,0.99321599666937299,0.0078515158977502386,185,172
fixed_train,2,3,impressed|1|03,ac415100,4,0.99321599666937299,0.0067604204328338691,185,165
fixed_train,2,3,impressed|1|03,ac415100,5,0.99321599666937299,0.0089640281654359555,185,174
fixed_train,2,3,impressed|1|03,ac415100,6,0.99321599666937299,0.0067371906407253102,185,168
fixed_train,2,3,impressed|1|03,ac415100,7,0.99321599666937299,0.010161210150186006,185,170
fixed_train,2,3,impressed|1|03,ac415100,8,0.99321599666937299,0.011275228353987532,185,171
fixed_train,2,3,impressed|1|03,ac415100,9,0.99321599666937299,0.0034009456540945449,185,168
fixed_train,2,3,impressed|1|04,ac10307,0,0.99321599666937299,0.0034190366571821285,108,92
fixed_train,2,3,impressed|1|04,ac10307,1,0.99321599666937299,0.0034009456540945449,108,96
fixed_train,2,3,impressed|1|04,ac10307,2,0.99321599666937299,0.0045426194461302138,108,95
fixed_train,2,3,impressed|1|04,ac10307,3,0.99321599666937299,0.0045426194461302138,108,96
fixed_train,2,3,impressed|1|04,ac10307,4,0.99321599666937299,0.0068079440014816583,108,93
fixed_train,2,3,impressed|1|04,ac10307,5,0.99321599666937299,0.0068322472084219044,108,92
fixed_train,2,3,impressed|1|04,ac10307,6,0.99321599666937299,0.0045628721185804189,108,99
fixed_train,2,3,impressed|1|04,ac10307,7,0.99321599666937299,0.0045426194461302138,108,90
fixed_train,2,3,impressed|1|04,ac10307,8,0.99321599666937299,0.0045426194461302138,108,89
fixed_train,2,3,impressed|1|04,ac10307,9,0.99321599666937299,0.0034190366571821285,108,94
fixed_train,2,3,impressed|1|05,ac355427,0,0.99321599666937299,0.0022772948907787693,30,27
fixed_train,2,3,impressed|1|05,ac355427,1,0.99321599666937299,0.0022772948907787693,30,28
fixed_train,2,3,impressed|1|05,ac355427,2,0.99321599666937299,0.0022772948907787693,30,24
fixed_train,2,3,impressed|1|05,ac355427,3,0.99321599666937299,0.0022772948907787693,30,25
fixed_train,2,3,impressed|1|05,ac355427,4,0.99321599666937299,0.0011376236574898169,30,24
fixed_train,2,3,impressed|1|05,ac355427,5,0.99321599666937299,0.0011376236574898169,30,21
fixed_train,2,3,impressed|1|05,ac355427,6,0.99321599666937299,0.0011376236574898169,30,26
fixed_train,2,3,impressed|1|05,ac355427,7,0.99321599666937299,0.0034190366571821285,30,26
fixed_train,2,3,impressed|1|05,ac355427,8,0.99321599666937299,0.0022772948907787693,30,24
fixed_train,2,3,impressed|1|05,ac355427,9,0.99321599666937299,0,30,26
fixed_train,2,3,impressed|1|06,ac388170,0,0.99321599666937299,0,3,1
fixed_train,2,3,impressed|1|06,ac388170,1,0.99321599666937299,0,3,1
fixed_train,2,3,impressed|1|06,ac388170,2,0.99321599666937299,0,3,2
fixed_train,2,3,impressed|1|06,ac388170,3,0.99321599666937299,0,3,0
fixed_train,2,3,impressed|1|06,ac388170,4,0.99321599666937299,0,3,2
fixed_train,2,3,impressed|1|06,ac388170,5,0.99321599666937299,0,3,0
fixed_train,2,3,impressed|1|06,ac388170,6,0.99321599666937299,0,3,1
fixed_train,2,3,impressed|1|06,ac388170,7,0.99321599666937299,0,3,1
fixed_train,2,3,impressed|1|06,ac388170,8,0.99321599666937299,0,3,1
fixed_train,2,3,impressed|1|06,ac388170,9,0.99321599666937299,0,3,2
fixed_train,2,3,impressed|1|07,387070a,0,0.99321599666937299,0,2,1
fixed_train,2,3,impressed|1|07,387070a,1,0.99321599666937299,0,2,1
fixed_train,2,3,impressed|1|07,387070a,2,0.99321599666937299,0,2,0
fixed_train,2,3,impressed|1|07,387070a,3,0.99321599666937299,0,2,1
fixed_train,2,3,impressed|1|07,387070a,4,0.99321599666937299,0,2,1
fixed_train,2,3,impressed|1|07,387070a,5,0.99321599666937299,0,2,0
fixed_train,2,3,impressed|1|07,387070a,6,0.99321599666937299,0,2,1
fixed_train,2,3,impressed|1|07,387070a,7,0.99321599666937299,0,2,1
fixed_train,2,3,impressed|1|07,387070a,8,0.99321599666937299,0,2,1
fixed_train,2,3,impressed|1|07,387070a,9,0.99321599666937299,0,2,0
fixed_train,2,3,impressed|1|08,ac370402,0,0.99321599666937299,0.0057088246440399892,408,400
fixed_train,2,3,impressed|1|08,ac370402,1,0.99321599666937299,0.014873822436076156,408,392
fixed_train,2,3,impressed|1|08,ac370402,2,0.99321599666937299,0.0090732685568332139,408,397
fixed_train,2,3,impressed|1|08,ac370402,3,0.99321599666937299,0.0080071754153397956,408,387
fixed_train,2,3,impressed|1|08,ac370402,4,0.99321599666937299,0.012488405535234892,408,389
fixed_train,2,3,impressed|1|08,ac370402,5,0.99321599666937299,0.010221063315721812,408,390
fixed_train,2,3,impressed|1|08,ac370402,6,0.99321599666937299,0.012488405535234892,408,391
fixed_train,2,3,impressed|1|08,ac370402,7,0.99321599666937299,0.013603917667536214,408,393
fixed_train,2,3,impressed|1|08,ac370402,8,0.99321599666937299,0.013603917667536214,408,393
fixed_train,2,3,impressed|1|08,ac370402,9,0.99321599666937299,0.012558307337175667,408,382
fixed_train,2,3,impressed|1|09,370488g,0,0.99321599666937299,0.011437282143666905,423,411
fixed_train,2,3,impressed|1|09,370488g,1,0.99321599666937299,0.0079802479121611203,423,402
fixed_train,2,3,impressed|1|09,370488g,2,0.99321599666937299,0.013753073406312377,423,403
fixed_train,2,3,impressed|1|09,370488g,3,0.99321599666937299,0.0091304046696573105,423,408
fixed_train,2,3,impressed|1|09,370488g,4,0.99321599666937299,0.0068322472084219044,423,399
fixed_train,2,3,impressed|1|09,370488g,5,0.99321599666937299,0.0057088246440399892,423,404
fixed_train,2,3,impressed|1|09,370488g,6,0.99321599666937299,0.0079802479121611203,423,401
fixed_train,2,3,impressed|1|09,370488g,7,0.99321599666937299,0.0045628721185804189,423,402
fixed_train,2,3,impressed|1|09,370488g,8,0.99321599666937299,0.010251671180282362,423,406
fixed_train,2,3,impressed|1|09,370488g,9,0.99321599666937299,0.0079802479121611203,423,411
fixed_train,2,3,impressed|1|10,370488e,0,0.99321599666937299,0.0079802479121611203,425,401
fixed_train,2,3,impressed|1|10,370488e,1,0.99321599666937299,0.012558307337175667,425,399
fixed_train,2,3,impressed|1|10,370488e,2,0.99321599666937299,0.012488405535234892,425,402
fixed_train,2,3,impressed|1|10,370488e,3,0.99321599666937299,0.010221063315721812,425,403
fixed_train,2,3,impressed|1|10,370488e,4,0.99321599666937299,0.0079802479121611203,425,400
fixed_train,2,3,impressed|1|10,370488e,5,0.99321599666937299,0.0056863788766953194,425,404
fixed_train,2,3,impressed|1|10,370488e,6,0.99321599666937299,0.010190911643908951,425,404
fixed_train,2,3,impressed|1|10,370488e,7,0.99321599666937299,0.010251671180282362,425,404
fixed_train,2,3,impressed|1|10,370488e,8,0.99321599666937299,0.011403891526840737,425,403
fixed_train,2,3,impressed|1|10,370488e,9,0.99321599666937299,0.0091304046696573105,425,404
fixed_train,2,3,impressed|2|01,"ac370000, ac370402",0,0.99321599666937299,0.035030122738491154,408,404
fixed_train,2,3,impressed|2|01,"ac370000, ac370402",1,0.99321599666937299,0.044651497850126676,408,403
fixed_train,2,3,impressed|2|01,"ac370000, ac370402",2,0.99321599666937299,0.0338260778895354,408,408
fixed_train,2,3,impressed|2|01,"ac370000, ac370402",3,0.99321599666937299,0.0338260778895354,408,408
fixed_train,2,3,impressed|2|01,"ac370000, ac370402",4,0.99321599666937299,0.031348003320013307,408,407
fixed_train,2,3,impressed|2|01,"ac370000, ac370402",5,0.99321599666937299,0.036236933315590081,408,406
fixed_train,2,3,impressed|2|01,"ac370000, ac370402",6,0.99321599666937299,0.035030122738491154,408,402
fixed_train,2,3,impressed|2|01,"ac370000, ac370402",7,0.99321599666937299,0.035118615984815582,408,406
fixed_train,2,3,impressed|2|01,"ac370000, ac370402",8,0.99321599666937299,0.026658264064546966,408,403
fixed_train,2,3,impressed|2|01,"ac370000, ac370402",9,0.99321599666937299,0.029110400208356202,408,406
fixed_train,2,3,impressed|2|02,"370401c, ac370000",0,0.99321599666937299,0.034942932499839374,418,415
fixed_train,2,3,impressed|2|02,"370401c, ac370000",1,0.99321599666937299,0.037261095601531902,418,416
fixed_train,2,3,impressed|2|02,"370401c, ac370000",2,0.99321599666937299,0.036146653959258979,418,418
fixed_train,2,3,impressed|2|02,"370401c, ac370000",3,0.99321599666937299,0.043648889765765864,418,415
fixed_train,2,3,impressed|2|02,"370401c, ac370000",4,0.99321599666937299,0.040989379502678669,418,417
fixed_train,2,3,impressed|2|02,"370401c, ac370000",5,0.99321599666937299,0.041197020927938643,418,415
fixed_train,2,3,impressed|2|02,"370401c, ac370000",6,0.99321599666937299,0.033911477280659241,418,415
fixed_train,2,3,impressed|2|02,"370401c, ac370000",7,0.99321599666937299,0.030230245426298485,418,412
fixed_train,2,3,impressed|2|02,"370401c, ac370000",8,0.99321599666937299,0.049576012478207643,418,417
fixed_train,2,3,impressed|2|02,"370401c, ac370000",9,0.99321599666937299,0.04698947517652452,418,415
fixed_train,2,3,impressed|2|03,"ac370000, ac370403",0,0.99321599666937299,0.037446539280118207,424,423
fixed_train,2,3,impressed|2|03,"ac370000, ac370403",1,0.99321599666937299,0.035970064732211982,424,420
fixed_train,2,3,impressed|2|03,"ac370000, ac370403",2,0.99321599666937299,0.043427866301135931,424,422
fixed_train,2,3,impressed|2|03,"ac370000, ac370403",3,0.99321599666937299,0.038373472089384131,424,421
fixed_train,2,3,impressed|2|03,"ac370000, ac370403",4,0.99321599666937299,0.035118615984815582,424,421
fixed_train,2,3,impressed|2|03,"ac370000, ac370403",5,0.99321599666937299,0.038658970583980823,424,421
fixed_train,2,3,impressed|2|03,"ac370000, ac370403",6,0.99321599666937299,0.047107693763882796,424,424
fixed_train,2,3,impressed|2|03,"ac370000, ac370403",7,0.99321599666937299,0.039874257475672525,424,419
fixed_train,2,3,impressed|2|03,"ac370000, ac370403",8,0.99321599666937299,0.041092430504309663,424,421
fixed_train,2,3,impressed|2|03,"ac370000, ac370403",9,0.99321599666937299,0.030230245426298485,424,421
fixed_train,2,3,impressed|2|04,"ac411100, ac419100",0,0.99321599666937299,0.030694480593373874,352,319
fixed_train,2,3,impressed|2|04,"ac411100, ac419100",1,0.99321599666937299,0.027380906933674232,352,318
fixed_train,2,3,impressed|2|04,"ac411100, ac419100",2,0.99321599666937299,0.021608787520888795,352,320
fixed_train,2,3,impressed|2|04,"ac411100, ac419100",3,0.99321599666937299,0.023936137141765457,352,329
fixed_train,2,3,impressed|2|04,"ac411100, ac419100",4,0.99321599666937299,0.021608787520888795,352,315
fixed_train,2,3,impressed|2|04,"ac411100, ac419100",5,0.99321599666937299,0.026334571422992448,352,313
fixed_train,2,3,impressed|2|04,"ac411100, ac419100",6,0.99321599666937299,0.021820650995048152,352,325
fixed_train,2,3,impressed|2|04,"ac411100, ac419100",7,0.99321599666937299,0.028359801071827007,352,328
fixed_train,2,3,impressed|2|04,"ac411100, ac419100",8,0.99321599666937299,0.030694480593373874,352,326
fixed_train,2,3,impressed|2|04,"ac411100, ac419100",9,0.99321599666937299,0.033920016653135154,352,318
fixed_train,2,3,impressed|2|05,"ac411100, ac415100",0,0.99321599666937299,0.013603917667536214,163,156
fixed_train,2,3,impressed|2|05,"ac411100, ac415100",1,0.99321599666937299,0.015790036275141084,163,154
fixed_train,2,3,impressed|2|05,"ac411100, ac415100",2,0.99321599666937299,0.014717555637118518,163,157
fixed_train,2,3,impressed|2|05,"ac411100, ac415100",3,0.99321599666937299,0.011338593112184547,163,158
fixed_train,2,3,impressed|2|05,"ac411100, ac415100",4,0.99321599666937299,0.018047440235718026,163,157
fixed_train,2,3,impressed|2|05,"ac411100, ac415100",5,0.99321599666937299,0.010161210150186006,163,160
fixed_train,2,3,impressed|2|05,"ac411100, ac415100",6,0.99321599666937299,0.013603917667536214,163,157
fixed_train,2,3,impressed|2|05,"ac411100, ac415100",7,0.99321599666937299,0.015829341104796391,163,153
fixed_train,2,3,impressed|2|05,"ac411100, ac415100",8,0.99321599666937299,0.014642874613326584,163,155
fixed_train,2,3,impressed|2|05,"ac411100, ac415100",9,0.99321599666937299,0.022413510251100499,163,159
fixed_train,2,3,impressed|2|06,"ac415100, ac419100",0,0.99321599666937299,0.013568006661254128,176,162
fixed_train,2,3,impressed|2|06,"ac415100, ac419100",1,0.99321599666937299,0.012420571947627801,176,164
fixed_train,2,3,impressed|2|06,"ac415100, ac419100",2,0.99321599666937299,0.010161210150186006,176,164
fixed_train,2,3,impressed|2|06,"ac415100, ac419100",3,0.99321599666937299,0.013568006661254128,176,159
fixed_train,2,3,impressed|2|06,"ac415100, ac419100",4,0.99321599666937299,0.013497787626401525,176,160
fixed_train,2,3,impressed|2|06,"ac415100, ac419100",5,0.99321599666937299,0.012420571947627801,176,165
fixed_train,2,3,impressed|2|06,"ac415100, ac419100",6,0.99321599666937299,0.012420571947627801,176,161
fixed_train,2,3,impressed|2|06,"ac415100, ac419100",7,0.99321599666937299,0.015751319954960152,176,167
fixed_train,2,3,impressed|2|06,"ac415100, ac419100",8,0.99321599666937299,0.015790036275141084,176,160
fixed_train,2,3,impressed|2|06,"ac415100, ac419100",9,0.99321599666937299,0.015751319954960152,176,165
fixed_train,2,3,impressed|2|07,"ac10307, ac411100",0,0.99321599666937299,0.0033831247578608448,104,100
fixed_train,2,3,impressed|2|07,"ac10307, ac411100",1,0.99321599666937299,0.0034009456540945449,104,97
fixed_train,2,3,impressed|2|07,"ac10307, ac411100",2,0.99321599666937299,0.0056424865553026393,104,103
fixed_train,2,3,impressed|2|07,"ac10307, ac411100",3,0.99321599666937299,0.0033831247578608448,104,103
fixed_train,2,3,impressed|2|07,"ac10307, ac411100",4,0.99321599666937299,0.0011376236574898169,104,101
fixed_train,2,3,impressed|2|07,"ac10307, ac411100",5,0.99321599666937299,0.0022613344435424843,104,103
fixed_train,2,3,impressed|2|07,"ac10307, ac411100",6,0.99321599666937299,0.0044836583121666829,104,99
fixed_train,2,3,impressed|2|07,"ac10307, ac411100",7,0.99321599666937299,0.0022613344435424843,104,102
fixed_train,2,3,impressed|2|07,"ac10307, ac411100",8,0.99321599666937299,0.0045226688870847465,104,98
fixed_train,2,3,impressed|2|07,"ac10307, ac411100",9,0.99321599666937299,0.0033831247578608448,104,100
fixed_train,2,3,impressed|2|08,"ac10307, ac419100",0,0.99321599666937299,0.0034009456540945449,99,97
fixed_train,2,3,impressed|2|08,"ac10307, ac419100",1,0.99321599666937299,0.0045226688870847465,99,97
fixed_train,2,3,impressed|2|08,"ac10307, ac419100",2,0.99321599666937299,0.0033831247578608448,99,98
fixed_train,2,3,impressed|2|08,"ac10307, ac419100",3,0.99321599666937299,0.0056642676506993839,99,96
fixed_train,2,3,impressed|2|08,"ac10307, ac419100",4,0.99321599666937299,0.0045226688870847465,99,96
fixed_train,2,3,impressed|2|08,"ac10307, ac419100",5,0.99321599666937299,0.0034009456540945449,99,97
fixed_train,2,3,impressed|2|08,"ac10307, ac419100",6,0.99321599666937299,0.0033831247578608448,99,94
fixed_train,2,3,impressed|2|08,"ac10307, ac419100",7,0.99321599666937299,0.0022456125116803172,99,97
fixed_train,2,3,impressed|2|08,"ac10307, ac419100",8,0.99321599666937299,0.0034009456540945449,99,98
fixed_train,2,3,impressed|2|08,"ac10307, ac419100",9,0.99321599666937299,0.0011376236574898169,99,93
fixed_train,2,3,impressed|2|09,"ac10307, ac415100",0,0.99321599666937299,0.0022456125116803172,46,46
fixed_train,2,3,impressed|2|09,"ac10307, ac415100",1,0.99321599666937299,0.0022613344435424843,46,45
fixed_train,2,3,impressed|2|09,"ac10307, ac415100",2,0.99321599666937299,0.0033831247578608448,46,46
fixed_train,2,3,impressed|2|09,"ac10307, ac415100",3,0.99321599666937299,0.0011376236574898169,46,46
fixed_train,2,3,impressed|2|09,"ac10307, ac415100",4,0.99321599666937299,0.0033655704322983482,46,45
fixed_train,2,3,impressed|2|09,"ac10307, ac415100",5,0.99321599666937299,0.0022456125116803172,46,45
fixed_train,2,3,impressed|2|09,"ac10307, ac415100",6,0.99321599666937299,0.0033831247578608448,46,43
fixed_train,2,3,impressed|2|09,"ac10307, ac415100",7,0.99321599666937299,0.0011376236574898169,46,46
fixed_train,2,3,impressed|2|09,"ac10307, ac415100",8,0.99321599666937299,0.0033831247578608448,46,46
fixed_train,2,3,impressed|2|09,"ac10307, ac415100",9,0.99321599666937299,0.0022456125116803172,46,45
fixed_train,2,3,impressed|2|10,"ac355201, ac415100",0,0.99321599666937299,0.0011237629604191612,25,24
fixed_train,2,3,impressed|2|10,"ac355201, ac415100",1,0.99321599666937299,0.0044836583121666829,25,24
fixed_train,2,3,impressed|2|10,"ac355201, ac415100",2,0.99321599666937299,0,25,24
fixed_train,2,3,impressed|2|10,"ac355201, ac415100",3,0.99321599666937299,0.0011237629604191612,25,24
fixed_train,2,3,impressed|2|10,"ac355201, ac415100",4,0.99321599666937299,0.0011237629604191612,25,25
fixed_train,2,3,impressed|2|10,"ac355201, ac415100",5,0.99321599666937299,0.0022456125116803172,25,24
fixed_train,2,3,impressed|2|10,"ac355201, ac415100",6,0.99321599666937299,0.0011237629604191612,25,24
fixed_train,2,3,impressed|2|10,"ac355201, ac415100",7,0.99321599666937299,0.0022456125116803172,25,24
fixed_train,2,3,impressed|2|10,"ac355201, ac415100",8,0.99321599666937299,0.0022456125116803172,25,25
fixed_train,2,3,impressed|2|10,"ac355201, ac415100",9,0.99321599666937299,0.0022456125116803172,25,25
fixed_train,2,3,impressed|3|01,"ac411100, ac415100, ac419100",0,0.99321599666937299,0.014717555637118518,152,142
fixed_train,2,3,impressed|3|01,"ac411100, ac415100, ac419100",1,0.99321599666937299,0.015790036275141084,152,143
fixed_train,2,3,impressed|3|01,"ac411100, ac415100, ac419100",2,0.99321599666937299,0.014679933745069484,152,146
fixed_train,2,3,impressed|3|01,"ac411100, ac415100, ac419100",3,0.99321599666937299,0.01693929554251139,152,145
fixed_train,2,3,impressed|3|01,"ac411100, ac415100, ac419100",4,0.99321599666937299,0.018047440235718026,152,145
fixed_train,2,3,impressed|3|01,"ac411100, ac415100, ac419100",5,0.99321599666937299,0.015829341104796391,152,144
fixed_train,2,3,impressed|3|01,"ac411100, ac415100, ac419100",6,0.99321599666937299,0.014679933745069484,152,144
fixed_train,2,3,impressed|3|01,"ac411100, ac415100, ac419100",7,0.99321599666937299,0.018004852283518891,152,147
fixed_train,2,3,impressed|3|01,"ac411100, ac415100, ac419100",8,0.99321599666937299,0.019153796285737879,152,148
fixed_train,2,3,impressed|3|01,"ac411100, ac415100, ac419100",9,0.99321599666937299,0.015790036275141084,152,145
fixed_train,2,3,impressed|3|02,"ac10307, ac411100, ac419100",0,0.99321599666937299,0.0067604204328338691,94,92
fixed_train,2,3,impressed|3|02,"ac10307, ac411100, ac419100",1,0.99321599666937299,0.0022613344435424843,94,92
fixed_train,2,3,impressed|3|02,"ac10307, ac411100, ac419100",2,0.99321599666937299,0.0034009456540945449,94,90
fixed_train,2,3,impressed|3|02,"ac10307, ac411100, ac419100",3,0.99321599666937299,0.0022613344435424843,94,92
fixed_train,2,3,impressed|3|02,"ac10307, ac411100, ac419100",4,0.99321599666937299,0.0056210312685039954,94,91
fixed_train,2,3,impressed|3|02,"ac10307, ac411100, ac419100",5,0.99321599666937299,0.0022772948907787693,94,92
fixed_train,2,3,impressed|3|02,"ac10307, ac411100, ac419100",6,0.99321599666937299,0.0034009456540945449,94,91
fixed_train,2,3,impressed|3|02,"ac10307, ac411100, ac419100",7,0.99321599666937299,0.0045226688870847465,94,93
fixed_train,2,3,impressed|3|02,"ac10307, ac411100, ac419100",8,0.99321599666937299,0.0022613344435424843,94,92
fixed_train,2,3,impressed|3|02,"ac10307, ac411100, ac419100",9,0.99321599666937299,0.0045426194461302138,94,92
fixed_train,2,3,impressed|3|03,"ac370000, ac411100, ac415100",0,0.99321599666937299,0.0091304046696573105,93,93
fixed_train,2,3,impressed|3|03,"ac370000, ac411100, ac415100",1,0.99321599666937299,0.012523094448403715,93,92
fixed_train,2,3,impressed|3|03,"ac370000, ac411100, ac415100",2,0.99321599666937299,0.014755747754748083,93,91
fixed_train,2,3,impressed|3|03,"ac370000, ac411100, ac415100",3,0.99321599666937299,0.014755747754748083,93,93
fixed_train,2,3,impressed|3|03,"ac370000, ac411100, ac415100",4,0.99321599666937299,0.013603917667536214,93,93
fixed_train,2,3,impressed|3|03,"ac370000, ac411100, ac415100",5,0.99321599666937299,0.010221063315721812,93,93
fixed_train,2,3,impressed|3|03,"ac370000, ac411100, ac415100",6,0.99321599666937299,0.014717555637118518,93,93
fixed_train,2,3,impressed|3|03,"ac370000, ac411100, ac415100",7,0.99321599666937299,0.01364037247794625,93,92
fixed_train,2,3,impressed|3|03,"ac370000, ac411100, ac415100",8,0.99321599666937299,0.012523094448403715,93,93
fixed_train,2,3,impressed|3|03,"ac370000, ac411100, ac415100",9,0.99321599666937299,0.011370997388104653,93,93
fixed_train,2,3,impressed|3|04,"ac355201, ac415100, ac419100",0,0.99321599666937299,0.0033655704322983482,25,25
fixed_train,2,3,impressed|3|04,"ac355201, ac415100, ac419100",1,0.99321599666937299,0.0033655704322983482,25,25
fixed_train,2,3,impressed|3|04,"ac355201, ac415100, ac419100",2,0.99321599666937299,0.0033655704322983482,25,25
fixed_train,2,3,impressed|3|04,"ac355201, ac415100, ac419100",3,0.99321599666937299,0.0033655704322983482,25,25
fixed_train,2,3,impressed|3|04,"ac355201, ac415100, ac419100",4,0.99321599666937299,0.0011237629604191612,25,25
fixed_train,2,3,impressed|3|04,"ac355201, ac415100, ac419100",5,0.99321599666937299,0.0033655704322983482,25,24
fixed_train,2,3,impressed|3|04,"ac355201, ac415100, ac419100",6,0.99321599666937299,0.0044836583121666829,25,24
fixed_train,2,3,impressed|3|04,"ac355201, ac415100, ac419100",7,0.99321599666937299,0.0055998975549229613,25,24
fixed_train,2,3,impressed|3|04,"ac355201, ac415100, ac419100",8,0.99321599666937299,0.0033655704322983482,25,25
fixed_train,2,3,impressed|3|04,"ac355201, ac415100, ac419100",9,0.99321599666937299,0.0044836583121666829,25,25
fixed_train,2,3,impressed|3|05,"ac355201, ac411100, ac419100",0,0.99321599666937299,0.0022613344435424843,26,26
fixed_train,2,3,impressed|3|05,"ac355201, ac411100, ac419100",1,0.99321599666937299,0.0033831247578608448,26,26
fixed_train,2,3,impressed|3|05,"ac355201, ac411100, ac419100",2,0.99321599666937299,0.0033831247578608448,26,25
fixed_train,2,3,impressed|3|05,"ac355201, ac411100, ac419100",3,0.99321599666937299,0.0045030164722570376,26,26
fixed_train,2,3,impressed|3|05,"ac355201, ac411100, ac419100",4,0.99321599666937299,0.0056210312685039954,26,25
fixed_train,2,3,impressed|3|05,"ac355201, ac411100, ac419100",5,0.99321599666937299,0.0033831247578608448,26,25
fixed_train,2,3,impressed|3|05,"ac355201, ac411100, ac419100",6,0.99321599666937299,0.0033831247578608448,26,26
fixed_train,2,3,impressed|3|05,"ac355201, ac411100, ac419100",7,0.99321599666937299,0.0033831247578608448,26,26
fixed_train,2,3,impressed|3|05,"ac355201, ac411100, ac419100",8,0.99321599666937299,0.0022613344435424843,26,26
fixed_train,2,3,impressed|3|05,"ac355201, ac411100, ac419100",9,0.99321599666937299,0.0022613344435424843,26,26
fixed_train,2,3,impressed|3|06,"ac355427, ac415100, ac419100",0,0.99321599666937299,0,17,17
fixed_train,2,3,impressed|3|06,"ac355427, ac415100, ac419100",1,0.99321599666937299,0.0022772948907787693,17,17
fixed_train,2,3,impressed|3|06,"ac355427, ac415100, ac419100",2,0.99321599666937299,0.0022772948907787693,17,17
fixed_train,2,3,impressed|3|06,"ac355427, ac415100, ac419100",3,0.99321599666937299,0.0022772948907787693,17,15
fixed_train,2,3,impressed|3|06,"ac355427, ac415100, ac419100",4,0.99321599666937299,0.0022772948907787693,17,16
fixed_train,2,3,impressed|3|06,"ac355427, ac415100, ac419100",5,0.99321599666937299,0.0022772948907787693,17,16
fixed_train,2,3,impressed|3|06,"ac355427, ac415100, ac419100",6,0.99321599666937299,0.0022772948907787693,17,17
fixed_train,2,3,impressed|3|06,"ac355427, ac415100, ac419100",7,0.99321599666937299,0.0022772948907787693,17,17
fixed_train,2,3,impressed|3|06,"ac355427, ac415100, ac419100",8,0.99321599666937299,0.0022772948907787693,17,15
fixed_train,2,3,impressed|3|06,"ac355427, ac415100, ac419100",9,0.99321599666937299,0.0022772948907787693,17,17
fixed_train,2,3,impressed|3|07,"370407, ac10307, ac370000",0,0.99321599666937299,0.0057088246440399892,31,31
fixed_train,2,3,impressed|3|07,"370407, ac10307, ac370000",1,0.99321599666937299,0.0045628721185804189,31,31
fixed_train,2,3,impressed|3|07,"370407, ac10307, ac370000",2,0.99321599666937299,0.0045628721185804189,31,31
fixed_train,2,3,impressed|3|07,"370407, ac10307, ac370000",3,0.99321599666937299,0.0034190366571821285,31,31
fixed_train,2,3,impressed|3|07,"370407, ac10307, ac370000",4,0.99321599666937299,0.0068322472084219044,31,31
fixed_train,2,3,impressed|3|07,"370407, ac10307, ac370000",5,0.99321599666937299,0.0068569178124737729,31,31
fixed_train,2,3,impressed|3|07,"370407, ac10307, ac370000",6,0.99321599666937299,0.0080071754153397956,31,31
fixed_train,2,3,impressed|3|07,"370407, ac10307, ac370000",7,0.99321599666937299,0.0045628721185804189,31,31
fixed_train,2,3,impressed|3|07,"370407, ac10307, ac370000",8,0.99321599666937299,0.0034190366571821285,31,31
fixed_train,2,3,impressed|3|07,"370407, ac10307, ac370000",9,0.99321599666937299,0.0068569178124737729,31,31
fixed_train,2,3,impressed|3|08,"376400, ac370000, ac411100",0,0.99321599666937299,0.0011376236574898169,29,29
fixed_train,2,3,impressed|3|08,"376400, ac370000, ac411100",1,0.99321599666937299,0.0033831247578608448,29,29
fixed_train,2,3,impressed|3|08,"376400, ac370000, ac411100",2,0.99321599666937299,0.0033831247578608448,29,29
fixed_train,2,3,impressed|3|08,"376400, ac370000, ac411100",3,0.99321599666937299,0.0011376236574898169,29,29
fixed_train,2,3,impressed|3|08,"376400, ac370000, ac411100",4,0.99321599666937299,0.0022613344435424843,29,29
fixed_train,2,3,impressed|3|08,"376400, ac370000, ac411100",5,0.99321599666937299,0.0045030164722570376,29,29
fixed_train,2,3,impressed|3|08,"376400, ac370000, ac411100",6,0.99321599666937299,0.0022613344435424843,29,28
fixed_train,2,3,impressed|3|08,"376400, ac370000, ac411100",7,0.99321599666937299,0.0022613344435424843,29,29
fixed_train,2,3,impressed|3|08,"376400, ac370000, ac411100",8,0.99321599666937299,0.0022613344435424843,29,29
fixed_train,2,3,impressed|3|08,"376400, ac370000, ac411100",9,0.99321599666937299,0.0045030164722570376,29,29
fixed_train,2,3,impressed|3|09,"ac410500, ac411100, ac415100",0,0.99321599666937299,0.0011237629604191612,6,6
fixed_train,2,3,impressed|3|09,"ac410500, ac411100, ac415100",1,0.99321599666937299,0,6,6
fixed_train,2,3,impressed|3|09,"ac410500, ac411100, ac415100",2,0.99321599666937299,0.0011237629604191612,6,6
fixed_train,2,3,impressed|3|09,"ac410500, ac411100, ac415100",3,0.99321599666937299,0.0011237629604191612,6,6
fixed_train,2,3,impressed|3|09,"ac410500, ac411100, ac415100",4,0.99321599666937299,0.0011237629604191612,6,6
fixed_train,2,3,impressed|3|09,"ac410500, ac411100, ac415100",5,0.99321599666937299,0,6,6
fixed_train,2,3,impressed|3|09,"ac410500, ac411100, ac415100",6,0.99321599666937299,0.0022456125116803172,6,6
fixed_train,2,3,impressed|3|09,"ac410500, ac411100, ac415100",7,0.99321599666937299,0.0011237629604191612,6,6
fixed_train,2,3,impressed|3|09,"ac410500, ac411100, ac415100",8,0.99321599666937299,0.0011237629604191612,6,6
fixed_train,2,3,impressed|3|09,"ac410500, ac411100, ac415100",9,0.99321599666937299,0.0022456125116803172,6,6
fixed_train,2,3,impressed|3|10,"ac379999, ac415100, ac419100",0,0.99321599666937299,0.0089640281654359555,96,96
fixed_train,2,3,impressed|3|10,"ac379999, ac415100, ac419100",1,0.99321599666937299,0.010103134240577627,96,95
fixed_train,2,3,impressed|3|10,"ac379999, ac415100, ac419100",2,0.99321599666937299,0.011213746950587855,96,96
fixed_train,2,3,impressed|3|10,"ac379999, ac415100, ac419100",3,0.99321599666937299,0.012322581951565881,96,95
fixed_train,2,3,impressed|3|10,"ac379999, ac415100, ac419100",4,0.99321599666937299,0.0067371906407253102,96,96
fixed_train,2,3,impressed|3|10,"ac379999, ac415100, ac419100",5,0.99321599666937299,0.012290895594264439,96,96
fixed_train,2,3,impressed|3|10,"ac379999, ac415100, ac419100",6,0.99321599666937299,0.0067371906407253102,96,96
fixed_train,2,3,impressed|3|10,"ac379999, ac415100, ac419100",7,0.99321599666937299,0.010103134240577627,96,96
fixed_train,2,3,impressed|3|10,"ac379999, ac415100, ac419100",8,0.99321599666937299,0.0089907229692839374,96,96
fixed_train,2,3,impressed|3|10,"ac379999, ac415100, ac419100",9,0.99321599666937299,0.014500121546293543,96,95
fixed_test,2,4,apriori|1|01,ac419100,0,0.91647250698974836,-0.0049602303020459537,168,133
fixed_test,2,4,apriori|1|01,ac419100,1,0.91647250698974836,-0.00066735317240751435,168,145
fixed_test,2,4,apriori|1|01,ac419100,2,0.91647250698974836,-0.014203437679481956,168,138
fixed_test,2,4,apriori|1|01,ac419100,3,0.91647250698974836,-0.013630571507237454,168,136
fixed_test,2,4,apriori|1|01,ac419100,4,0.91647250698974836,-0.018561665113389192,168,140
fixed_test,2,4,apriori|1|01,ac419100,5,0.91647250698974836,-0.0043109819735023258,168,141
fixed_test,2,4,apriori|1|01,ac419100,6,0.91647250698974836,0.0007081103742878625,168,136
fixed_test,2,4,apriori|1|01,ac419100,7,0.91647250698974836,-0.0043109819735023258,168,141
fixed_test,2,4,apriori|1|01,ac419100,8,0.91647250698974836,-0.018010912600054163,168,138
fixed_test,2,4,apriori|1|01,ac419100,9,0.91647250698974836,-0.0049602303020459537,168,132
fixed_test,2,4,apriori|1|02,ac370000,0,0.91647250698974836,0.17625289389314103,139,134
fixed_test,2,4,apriori|1|02,ac370000,1,0.91647250698974836,0.15764672250689249,139,137
fixed_test,2,4,apriori|1|02,ac370000,2,0.91647250698974836,0.13946606331663813,139,139
fixed_test,2,4,apriori|1|02,ac370000,3,0.91647250698974836,0.1695567257731756,139,137
fixed_test,2,4,apriori|1|02,ac370000,4,0.91647250698974836,0.16519840934406049,139,139
fixed_test,2,4,apriori|1|02,ac370000,5,0.91647250698974836,0.15830853827168989,139,138
fixed_test,2,4,apriori|1|02,ac370000,6,0.91647250698974836,0.1627716745487584,139,137
fixed_test,2,4,apriori|1|02,ac370000,7,0.91647250698974836,0.17090664049836257,139,139
fixed_test,2,4,apriori|1|02,ac370000,8,0.91647250698974836,0.081685775177844921,139,139
fixed_test,2,4,apriori|1|02,ac370000,9,0.91647250698974836,0.1470603507702043,139,139
fixed_test,2,4,apriori|1|03,370407,0,0.91647250698974836,0.010067621861459042,111,104
fixed_test,2,4,apriori|1|03,370407,1,0.91647250698974836,0.008539329031797438,111,103
fixed_test,2,4,apriori|1|03,370407,2,0.91647250698974836,0.0057785210269452048,111,107
fixed_test,2,4,apriori|1|03,370407,3,0.91647250698974836,-0.0043109819735023258,111,107
fixed_test,2,4,apriori|1|03,370407,4,0.91647250698974836,0.0014594207810099125,111,101
fixed_test,2,4,apriori|1|03,370407,5,0.91647250698974836,0,111,101
fixed_test,2,4,apriori|1|03,370407,6,0.91647250698974836,0.0050086075602329139,111,108
fixed_test,2,4,apriori|1|03,370407,7,0.91647250698974836,-0.0043109819735023258,111,107
fixed_test,2,4,apriori|1|03,370407,8,0.91647250698974836,0.0007081103742878625,111,110
fixed_test,2,4,apriori|1|03,370407,9,0.91647250698974836,0.0050086075602329139,111,106
fixed_test,2,4,apriori|1|04,ac370419,0,0.91647250698974836,-0.0086514011128830948,108,101
fixed_test,2,4,apriori|1|04,ac370419,1,0.91647250698974836,0.014328197093968043,108,101
fixed_test,2,4,apriori|1|04,ac370419,2,0.91647250698974836,0.0007081103742878625,108,105
fixed_test,2,4,apriori|1|04,ac370419,3,0.91647250698974836,-0.0086514011128830948,108,108
fixed_test,2,4,apriori|1|04,ac370419,4,0.91647250698974836,-0.0043109819735023258,108,102
fixed_test,2,4,apriori|1|04,ac370419,5,0.91647250698974836,0.0007081103742878625,108,99
fixed_test,2,4,apriori|1|04,ac370419,6,0.91647250698974836,0.0050086075602329139,108,103
fixed_test,2,4,apriori|1|04,ac370419,7,0.91647250698974836,-0.0043109819735023258,108,101
fixed_test,2,4,apriori|1|04,ac370419,8,0.91647250698974836,0.010067621861459042,108,102
fixed_test,2,4,apriori|1|04,ac370419,9,0.91647250698974836,0,108,102
fixed_test,2,4,apriori|1|05,ac370443,0,0.91647250698974836,-0.0043109819735023258,107,101
fixed_test,2,4,apriori|1|05,ac370443,1,0.91647250698974836,-0.0043109819735023258,107,103
fixed_test,2,4,apriori|1|05,ac370443,2,0.91647250698974836,-0.0043109819735023258,107,98
fixed_test,2,4,apriori|1|05,ac370443,3,0.91647250698974836,0.0042829770753900487,107,100
fixed_test,2,4,apriori|1|05,ac370443,4,0.91647250698974836,0,107,105
fixed_test,2,4,apriori|1|05,ac370443,5,0.91647250698974836,0,107,102
fixed_test,2,4,apriori|1|05,ac370443,6,0.91647250698974836,-0.0043109819735023258,107,103
fixed_test,2,4,apriori|1|05,ac370443,7,0.91647250698974836,-0.0086514011128830948,107,104
fixed_test,2,4,apriori|1|05,ac370443,8,0.91647250698974836,-0.0043109819735023258,107,97
fixed_test,2,4,apriori|1|05,ac370443,9,0.91647250698974836,-0.0043109819735023258,107,101
fixed_test,2,4,apriori|1|06,ac370442,0,0.91647250698974836,0,106,100
fixed_test,2,4,apriori|1|06,ac370442,1,0.91647250698974836,-0.0086514011128830948,106,100
fixed_test,2,4,apriori|1|06,ac370442,2,0.91647250698974836,-0.0043109819735023258,106,103
fixed_test,2,4,apriori|1|06,ac370442,3,0.91647250698974836,-0.0043109819735023258,106,99
fixed_test,2,4,apriori|1|06,ac370442,4,0.91647250698974836,-0.0043109819735023258,106,101
fixed_test,2,4,apriori|1|06,ac370442,5,0.91647250698974836,-0.0086514011128830948,106,105
fixed_test,2,4,apriori|1|06,ac370442,6,0.91647250698974836,-0.0043109819735023258,106,103
fixed_test,2,4,apriori|1|06,ac370442,7,0.91647250698974836,-0.0086514011128830948,106,101
fixed_test,2,4,apriori|1|06,ac370442,8,0.91647250698974836,-0.0086514011128830948,106,102
fixed_test,2,4,apriori|1|06,ac370442,9,0.91647250698974836,-0.0086514011128830948,106,97
fixed_test,2,4,apriori|1|07,370712b,0,0.91647250698974836,0,102,101
fixed_test,2,4,apriori|1|07,370712b,1,0.91647250698974836,0,102,99
fixed_test,2,4,apriori|1|07,370712b,2,0.91647250698974836,0,102,98
fixed_test,2,4,apriori|1|07,370712b,3,0.91647250698974836,-0.0043109819735023258,102,101
fixed_test,2,4,apriori|1|07,370712b,4,0.91647250698974836,0.0042829770753900487,102,96
fixed_test,2,4,apriori|1|07,370712b,5,0.91647250698974836,0,102,98
fixed_test,2,4,apriori|1|07,370712b,6,0.91647250698974836,0,102,96
fixed_test,2,4,apriori|1|07,370712b,7,0.91647250698974836,0,102,100
fixed_test,2,4,apriori|1|07,370712b,8,0.91647250698974836,0,102,100
fixed_test,2,4,apriori|1|07,370712b,9,0.91647250698974836,0.0050086075602329139,102,97
fixed_test,2,4,apriori|1|08,370715a,0,0.91647250698974836,0,99,93
fixed_test,2,4,apriori|1|08,370715a,1,0.91647250698974836,0.0050086075602329139,99,93
fixed_test,2,4,apriori|1|08,370715a,2,0.91647250698974836,-0.0043109819735023258,99,97
fixed_test,2,4,apriori|1|08,370715a,3,0.91647250698974836,0.0007081103742878625,99,94
fixed_test,2,4,apriori|1|08,370715a,4,0.91647250698974836,-0.0043109819735023258,99,94
fixed_test,2,4,apriori|1|08,370715a,5,0.91647250698974836,0.0050086075602329139,99,97
fixed_test,2,4,apriori|1|08,370715a,6,0.91647250698974836,0,99,97
fixed_test,2,4,apriori|1|08,370715a,7,0.91647250698974836,-0.0043109819735023258,99,92
fixed_test,2,4,apriori|1|08,370715a,8,0.91647250698974836,-0.0043109819735023258,99,95
fixed_test,2,4,apriori|1|08,370715a,9,0.91647250698974836,0,99,93
fixed_test,2,4,apriori|1|09,370488e,0,0.91647250698974836,0,103,95
fixed_test,2,4,apriori|1|09,370488e,1,0.91647250698974836,-0.0043109819735023258,103,94
fixed_test,2,4,apriori|1|09,370488e,2,0.91647250698974836,-0.0043109819735023258,103,101
fixed_test,2,4,apriori|1|09,370488e,3,0.91647250698974836,-0.0043109819735023258,103,98
fixed_test,2,4,apriori|1|09,370488e,4,0.91647250698974836,0,103,100
fixed_test,2,4,apriori|1|09,370488e,5,0.91647250698974836,-0.0043109819735023258,103,98
fixed_test,2,4,apriori|1|09,370488e,6,0.91647250698974836,-0.0043109819735023258,103,103
fixed_test,2,4,apriori|1|09,370488e,7,0.91647250698974836,0.0007081103742878625,103,97
fixed_test,2,4,apriori|1|09,370488e,8,0.91647250698974836,0.0042829770753900487,103,96
fixed_test,2,4,apriori|1|09,370488e,9,0.91647250698974836,-0.0043109819735023258,103,101
fixed_test,2,4,apriori|1|10,370488g,0,0.91647250698974836,0,103,96
fixed_test,2,4,apriori|1|10,370488g,1,0.91647250698974836,-0.0043109819735023258,103,102
fixed_test,2,4,apriori|1|10,370488g,2,0.91647250698974836,-0.0043109819735023258,103,97
fixed_test,2,4,apriori|1|10,370488g,3,0.91647250698974836,-0.0043109819735023258,103,97
fixed_test,2,4,apriori|1|10,370488g,4,0.91647250698974836,-0.0043109819735023258,103,98
fixed_test,2,4,apriori|1|10,370488g,5,0.91647250698974836,-0.0043109819735023258,103,100
fixed_test,2,4,apriori|1|10,370488g,6,0.91647250698974836,-0.0043109819735023258,103,95
fixed_test,2,4,apriori|1|10,370488g,7,0.91647250698974836,-0.0043109819735023258,103,96
fixed_test,2,4,apriori|1|10,370488g,8,0.91647250698974836,0,103,93
fixed_test,2,4,apriori|1|10,370488g,9,0.91647250698974836,-0.0043109819735023258,103,98
fixed_test,2,4,apriori|2|01,"370407, ac370000",0,0.91647250698974836,0.0050086075602329139,111,110
fixed_test,2,4,apriori|2|01,"370407, ac370000",1,0.91647250698974836,0.0050086075602329139,111,111
fixed_test,2,4,apriori|2|01,"370407, ac370000",2,0.91647250698974836,0.0022565961636680232,111,111
fixed_test,2,4,apriori|2|01,"370407, ac370000",3,0.91647250698974836,-0.0079835696402413836,111,110
fixed_test,2,4,apriori|2|01,"370407, ac370000",4,0.91647250698974836,0.010067621861459042,111,111
fixed_test,2,4,apriori|2|01,"370407, ac370000",5,0.91647250698974836,-0.0036221120296019427,111,111
fixed_test,2,4,apriori|2|01,"370407, ac370000",6,0.91647250698974836,0.011788161627436788,111,110
fixed_test,2,4,apriori|2|01,"370407, ac370000",7,0.91647250698974836,0.0007081103742878625,111,111
fixed_test,2,4,apriori|2|01,"370407, ac370000",8,0.91647250698974836,0.016082031528451446,111,111
fixed_test,2,4,apriori|2|01,"370407, ac370000",9,0.91647250698974836,0.01090241120226132,111,111
fixed_test,2,4,apriori|2|02,"ac370000, ac370419",0,0.91647250698974836,0.0057785210269452048,108,108
fixed_test,2,4,apriori|2|02,"ac370000, ac370419",1,0.91647250698974836,0.015179154083492352,108,108
fixed_test,2,4,apriori|2|02,"ac370000, ac370419",2,0.91647250698974836,0.0014594207810099125,108,107
fixed_test,2,4,apriori|2|02,"ac370000, ac370419",3,0.91647250698974836,0.0050086075602329139,108,107
fixed_test,2,4,apriori|2|02,"ac370000, ac370419",4,0.91647250698974836,-0.0036221120296019427,108,108
fixed_test,2,4,apriori|2|02,"ac370000, ac370419",5,0.91647250698974836,0.0007081103742878625,108,108
fixed_test,2,4,apriori|2|02,"ac370000, ac370419",6,0.91647250698974836,0.0007081103742878625,108,108
fixed_test,2,4,apriori|2|02,"ac370000, ac370419",7,0.91647250698974836,-0.0086514011128830948,108,107
fixed_test,2,4,apriori|2|02,"ac370000, ac370419",8,0.91647250698974836,0.0057785210269452048,108,106
fixed_test,2,4,apriori|2|02,"ac370000, ac370419",9,0.91647250698974836,-0.0028912112408254753,108,107
fixed_test,2,4,apriori|2|03,"370407, ac370419",0,0.91647250698974836,0.0014594207810099125,106,105
fixed_test,2,4,apriori|2|03,"370407, ac370419",1,0.91647250698974836,-0.0043109819735023258,106,106
fixed_test,2,4,apriori|2|03,"370407, ac370419",2,0.91647250698974836,-0.0043109819735023258,106,105
fixed_test,2,4,apriori|2|03,"370407, ac370419",3,0.91647250698974836,0.010067621861459042,106,106
fixed_test,2,4,apriori|2|03,"370407, ac370419",4,0.91647250698974836,0.0042829770753900487,106,105
fixed_test,2,4,apriori|2|03,"370407, ac370419",5,0.91647250698974836,-0.0043109819735023258,106,106
fixed_test,2,4,apriori|2|03,"370407, ac370419",6,0.91647250698974836,0,106,105
fixed_test,2,4,apriori|2|03,"370407, ac370419",7,0.91647250698974836,0.0014594207810099125,106,106
fixed_test,2,4,apriori|2|03,"370407, ac370419",8,0.91647250698974836,-0.0036221120296019427,106,104
fixed_test,2,4,apriori|2|03,"370407, ac370419",9,0.91647250698974836,0.0007081103742878625,106,106
fixed_test,2,4,apriori|2|04,"ac370000, ac370443",0,0.91647250698974836,0.0057785210269452048,107,104
fixed_test,2,4,apriori|2|04,"ac370000, ac370443",1,0.91647250698974836,0.0014594207810099125,107,106
fixed_test,2,4,apriori|2|04,"ac370000, ac370443",2,0.91647250698974836,0.0065954101438129298,107,106
fixed_test,2,4,apriori|2|04,"ac370000, ac370443",3,0.91647250698974836,0.015179154083492352,107,105
fixed_test,2,4,apriori|2|04,"ac370000, ac370443",4,0.91647250698974836,-0.0086514011128830948,107,107
fixed_test,2,4,apriori|2|04,"ac370000, ac370443",5,0.91647250698974836,0.0065954101438129298,107,106
fixed_test,2,4,apriori|2|04,"ac370000, ac370443",6,0.91647250698974836,0.0057785210269452048,107,105
fixed_test,2,4,apriori|2|04,"ac370000, ac370443",7,0.91647250698974836,-0.0036221120296019427,107,106
fixed_test,2,4,apriori|2|04,"ac370000, ac370443",8,0.91647250698974836,0.016082031528451446,107,106
fixed_test,2,4,apriori|2|04,"ac370000, ac370443",9,0.91647250698974836,0.01090241120226132,107,105
fixed_test,2,4,apriori|2|05,"ac370419, ac370443",0,0.91647250698974836,0.0092808325566947625,107,106
fixed_test,2,4,apriori|2|05,"ac370419, ac370443",1,0.91647250698974836,-0.0043109819735023258,107,107
fixed_test,2,4,apriori|2|05,"ac370419, ac370443",2,0.91647250698974836,-0.0043109819735023258,107,107
fixed_test,2,4,apriori|2|05,"ac370419, ac370443",3,0.91647250698974836,0.0057785210269452048,107,105
fixed_test,2,4,apriori|2|05,"ac370419, ac370443",4,0.91647250698974836,-0.0086514011128830948,107,107
fixed_test,2,4,apriori|2|05,"ac370419, ac370443",5,0.91647250698974836,-0.0036221120296019427,107,105
fixed_test,2,4,apriori|2|05,"ac370419, ac370443",6,0.91647250698974836,-0.0086514011128830948,107,107
fixed_test,2,4,apriori|2|05,"ac370419, ac370443",7,0.91647250698974836,0.0007081103742878625,107,107
fixed_test,2,4,apriori|2|05,"ac370419, ac370443",8,0.91647250698974836,-0.0043109819735023258,107,107
fixed_test,2,4,apriori|2|05,"ac370419, ac370443",9,0.91647250698974836,-0.0036221120296019427,107,107
fixed_test,2,4,apriori|2|06,"ac370000, ac370442",0,0.91647250698974836,0.0065954101438129298,106,106
fixed_test,2,4,apriori|2|06,"ac370000, ac370442",1,0.91647250698974836,-0.0028912112408254753,106,106
fixed_test,2,4,apriori|2|06,"ac370000, ac370442",2,0.91647250698974836,0.0057785210269452048,106,106
fixed_test,2,4,apriori|2|06,"ac370000, ac370442",3,0.91647250698974836,0.0057785210269452048,106,105
fixed_test,2,4,apriori|2|06,"ac370000, ac370442",4,0.91647250698974836,0.010067621861459042,106,105
fixed_test,2,4,apriori|2|06,"ac370000, ac370442",5,0.91647250698974836,0.0014594207810099125,106,104
fixed_test,2,4,apriori|2|06,"ac370000, ac370442",6,0.91647250698974836,-0.013022745086148979,106,106
fixed_test,2,4,apriori|2|06,"ac370000, ac370442",7,0.91647250698974836,0.0007081103742878625,106,106
fixed_test,2,4,apriori|2|06,"ac370000, ac370442",8,0.91647250698974836,-0.0086514011128830948,106,106
fixed_test,2,4,apriori|2|06,"ac370000, ac370442",9,0.91647250698974836,0.0007081103742878625,106,106
fixed_test,2,4,apriori|2|07,"ac370442, ac370443",0,0.91647250698974836,-0.0086514011128830948,106,105
fixed_test,2,4,apriori|2|07,"ac370442, ac370443",1,0.91647250698974836,0,106,105
fixed_test,2,4,apriori|2|07,"ac370442, ac370443",2,0.91647250698974836,-0.0043109819735023258,106,106
fixed_test,2,4,apriori|2|07,"ac370442, ac370443",3,0.91647250698974836,0.0042829770753900487,106,106
fixed_test,2,4,apriori|2|07,"ac370442, ac370443",4,0.91647250698974836,-0.0043109819735023258,106,106
fixed_test,2,4,apriori|2|07,"ac370442, ac370443",5,0.91647250698974836,-0.0043109819735023258,106,104
fixed_test,2,4,apriori|2|07,"ac370442, ac370443",6,0.91647250698974836,0.0042829770753900487,106,104
fixed_test,2,4,apriori|2|07,"ac370442, ac370443",7,0.91647250698974836,-0.0086514011128830948,106,105
fixed_test,2,4,apriori|2|07,"ac370442, ac370443",8,0.91647250698974836,-0.0043109819735023258,106,105
fixed_test,2,4,apriori|2|07,"ac370442, ac370443",9,0.91647250698974836,-0.0043109819735023258,106,106
fixed_test,2,4,apriori|2|08,"ac370419, ac370442",0,0.91647250698974836,0.0057785210269452048,106,106
fixed_test,2,4,apriori|2|08,"ac370419, ac370442",1,0.91647250698974836,-0.0086514011128830948,106,105
fixed_test,2,4,apriori|2|08,"ac370419, ac370442",2,0.91647250698974836,-0.0043109819735023258,106,106
fixed_test,2,4,apriori|2|08,"ac370419, ac370442",3,0.91647250698974836,0.0050086075602329139,106,106
fixed_test,2,4,apriori|2|08,"ac370419, ac370442",4,0.91647250698974836,-0.0086514011128830948,106,105
fixed_test,2,4,apriori|2|08,"ac370419, ac370442",5,0.91647250698974836,0,106,106
fixed_test,2,4,apriori|2|08,"ac370419, ac370442",6,0.91647250698974836,0,106,105
fixed_test,2,4,apriori|2|08,"ac370419, ac370442",7,0.91647250698974836,0,106,104
fixed_test,2,4,apriori|2|08,"ac370419, ac370442",8,0.91647250698974836,-0.0086514011128830948,106,106
fixed_test,2,4,apriori|2|08,"ac370419, ac370442",9,0.91647250698974836,0,106,105
fixed_test,2,4,apriori|2|09,"370407, ac370443",0,0.91647250698974836,-0.0043109819735023258,105,105
fixed_test,2,4,apriori|2|09,"370407, ac370443",1,0.91647250698974836,-0.0036221120296019427,105,105
fixed_test,2,4,apriori|2|09,"370407, ac370443",2,0.91647250698974836,0.0007081103742878625,105,105
fixed_test,2,4,apriori|2|09,"370407, ac370443",3,0.91647250698974836,0.0007081103742878625,105,105
fixed_test,2,4,apriori|2|09,"370407, ac370443",4,0.91647250698974836,0.010067621861459042,105,104
fixed_test,2,4,apriori|2|09,"370407, ac370443",5,0.91647250698974836,-0.0043109819735023258,105,105
fixed_test,2,4,apriori|2|09,"370407, ac370443",6,0.91647250698974836,-0.0036221120296019427,105,105
fixed_test,2,4,apriori|2|09,"370407, ac370443",7,0.91647250698974836,0.0007081103742878625,105,104
fixed_test,2,4,apriori|2|09,"370407, ac370443",8,0.91647250698974836,0.0007081103742878625,105,104
fixed_test,2,4,apriori|2|09,"370407, ac370443",9,0.91647250698974836,0.0007081103742878625,105,104
fixed_test,2,4,apriori|2|10,"370712b, ac370000",0,0.91647250698974836,0.0014594207810099125,102,102
fixed_test,2,4,apriori|2|10,"370712b, ac370000",1,0.91647250698974836,0.0014594207810099125,102,102
fixed_test,2,4,apriori|2|10,"370712b, ac370000",2,0.91647250698974836,0.01090241120226132,102,101
fixed_test,2,4,apriori|2|10,"370712b, ac370000",3,0.91647250698974836,-0.0036221120296019427,102,102
fixed_test,2,4,apriori|2|10,"370712b, ac370000",4,0.91647250698974836,-0.0036221120296019427,102,100
fixed_test,2,4,apriori|2|10,"370712b, ac370000",5,0.91647250698974836,0.0022565961636680232,102,102
fixed_test,2,4,apriori|2|10,"370712b, ac370000",6,0.91647250698974836,0.0014594207810099125,102,102
fixed_test,2,4,apriori|2|10,"370712b, ac370000",7,0.91647250698974836,0.0007081103742878625,102,102
fixed_test,2,4,apriori|2|10,"370712b, ac370000",8,0.91647250698974836,0.0007081103742878625,102,101
fixed_test,2,4,apriori|2|10,"370712b, ac370000",9,0.91647250698974836,0.0057785210269452048,102,102
fixed_test,2,4,apriori|3|01,"370407, ac370000, ac370419",0,0.91647250698974836,0.020345401623512616,106,106
fixed_test,2,4,apriori|3|01,"370407, ac370000, ac370419",1,0.91647250698974836,0.0065954101438129298,106,106
fixed_test,2,4,apriori|3|01,"370407, ac370000, ac370419",2,0.91647250698974836,-0.0036221120296019427,106,106
fixed_test,2,4,apriori|3|01,"370407, ac370000, ac370419",3,0.91647250698974836,0.0057785210269452048,106,106
fixed_test,2,4,apriori|3|01,"370407, ac370000, ac370419",4,0.91647250698974836,0.01090241120226132,106,106
fixed_test,2,4,apriori|3|01,"370407, ac370000, ac370419",5,0.91647250698974836,0.0022565961636680232,106,106
fixed_test,2,4,apriori|3|01,"370407, ac370000, ac370419",6,0.91647250698974836,-0.0036221120296019427,106,106
fixed_test,2,4,apriori|3|01,"370407, ac370000, ac370419",7,0.91647250698974836,0.016082031528451446,106,106
fixed_test,2,4,apriori|3|01,"370407, ac370000, ac370419",8,0.91647250698974836,0.0057785210269452048,106,106
fixed_test,2,4,apriori|3|01,"370407, ac370000, ac370419",9,0.91647250698974836,0.0057785210269452048,106,106
fixed_test,2,4,apriori|3|02,"ac370000, ac370419, ac370443",0,0.91647250698974836,0.015179154083492352,107,107
fixed_test,2,4,apriori|3|02,"ac370000, ac370419, ac370443",1,0.91647250698974836,0.0050086075602329139,107,107
fixed_test,2,4,apriori|3|02,"ac370000, ac370419, ac370443",2,0.91647250698974836,0.01090241120226132,107,107
fixed_test,2,4,apriori|3|02,"ac370000, ac370419, ac370443",3,0.91647250698974836,-0.0079835696402413836,107,107
fixed_test,2,4,apriori|3|02,"ac370000, ac370419, ac370443",4,0.91647250698974836,-0.0036221120296019427,107,107
fixed_test,2,4,apriori|3|02,"ac370000, ac370419, ac370443",5,0.91647250698974836,0.0057785210269452048,107,107
fixed_test,2,4,apriori|3|02,"ac370000, ac370419, ac370443",6,0.91647250698974836,0.0014594207810099125,107,107
fixed_test,2,4,apriori|3|02,"ac370000, ac370419, ac370443",7,0.91647250698974836,0.0007081103742878625,107,107
fixed_test,2,4,apriori|3|02,"ac370000, ac370419, ac370443",8,0.91647250698974836,0.0057785210269452048,107,107
fixed_test,2,4,apriori|3|02,"ac370000, ac370419, ac370443",9,0.91647250698974836,0.0007081103742878625,107,107
fixed_test,2,4,apriori|3|03,"ac370000, ac370442, ac370443",0,0.91647250698974836,-0.0036221120296019427,106,106
fixed_test,2,4,apriori|3|03,"ac370000, ac370442, ac370443",1,0.91647250698974836,-0.0028912112408254753,106,106
fixed_test,2,4,apriori|3|03,"ac370000, ac370442, ac370443",2,0.91647250698974836,0.0050086075602329139,106,106
fixed_test,2,4,apriori|3|03,"ac370000, ac370442, ac370443",3,0.91647250698974836,0.0014594207810099125,106,106
fixed_test,2,4,apriori|3|03,"ac370000, ac370442, ac370443",4,0.91647250698974836,0.010067621861459042,106,106
fixed_test,2,4,apriori|3|03,"ac370000, ac370442, ac370443",5,0.91647250698974836,-0.0036221120296019427,106,106
fixed_test,2,4,apriori|3|03,"ac370000, ac370442, ac370443",6,0.91647250698974836,-0.0043109819735023258,106,106
fixed_test,2,4,apriori|3|03,"ac370000, ac370442, ac370443",7,0.91647250698974836,0.0022565961636680232,106,106
fixed_test,2,4,apriori|3|03,"ac370000, ac370442, ac370443",8,0.91647250698974836,-0.0028912112408254753,106,106
fixed_test,2,4,apriori|3|03,"ac370000, ac370442, ac370443",9,0.91647250698974836,0.0022565961636680232,106,106
fixed_test,2,4,apriori|3|04,"ac370000, ac370419, ac370442",0,0.91647250698974836,-0.0028912112408254753,106,106
fixed_test,2,4,apriori|3|04,"ac370000, ac370419, ac370442",1,0.91647250698974836,-0.0036221120296019427,106,106
fixed_test,2,4,apriori|3|04,"ac370000, ac370419, ac370442",2,0.91647250698974836,0.0007081103742878625,106,105
fixed_test,2,4,apriori|3|04,"ac370000, ac370419, ac370442",3,0.91647250698974836,0.01090241120226132,106,106
fixed_test,2,4,apriori|3|04,"ac370000, ac370419, ac370442",4,0.91647250698974836,-0.0036221120296019427,106,106
fixed_test,2,4,apriori|3|04,"ac370000, ac370419, ac370442",5,0.91647250698974836,0.0007081103742878625,106,106
fixed_test,2,4,apriori|3|04,"ac370000, ac370419, ac370442",6,0.91647250698974836,0.0014594207810099125,106,106
fixed_test,2,4,apriori|3|04,"ac370000, ac370419, ac370442",7,0.91647250698974836,-0.0028912112408254753,106,106
fixed_test,2,4,apriori|3|04,"ac370000, ac370419, ac370442",8,0.91647250698974836,0.0065954101438129298,106,106
fixed_test,2,4,apriori|3|04,"ac370000, ac370419, ac370442",9,0.91647250698974836,0.010067621861459042,106,106
fixed_test,2,4,apriori|3|05,"ac370419, ac370442, ac370443",0,0.91647250698974836,-0.0043109819735023258,106,106
fixed_test,2,4,apriori|3|05,"ac370419, ac370442, ac370443",1,0.91647250698974836,0.0092808325566947625,106,106
fixed_test,2,4,apriori|3|05,"ac370419, ac370442, ac370443",2,0.91647250698974836,-0.0086514011128830948,106,106
fixed_test,2,4,apriori|3|05,"ac370419, ac370442, ac370443",3,0.91647250698974836,0,106,106
fixed_test,2,4,apriori|3|05,"ac370419, ac370442, ac370443",4,0.91647250698974836,0.0007081103742878625,106,106
fixed_test,2,4,apriori|3|05,"ac370419, ac370442, ac370443",5,0.91647250698974836,0,106,106
fixed_test,2,4,apriori|3|05,"ac370419, ac370442, ac370443",6,0.91647250698974836,-0.0043109819735023258,106,106
fixed_test,2,4,apriori|3|05,"ac370419, ac370442, ac370443",7,0.91647250698974836,-0.0086514011128830948,106,106
fixed_test,2,4,apriori|3|05,"ac370419, ac370442, ac370443",8,0.91647250698974836,-0.0043109819735023258,106,105
fixed_test,2,4,apriori|3|05,"ac370419, ac370442, ac370443",9,0.91647250698974836,-0.0086514011128830948,106,106
fixed_test,2,4,apriori|3|06,"370407, ac370000, ac370443",0,0.91647250698974836,0.011788161627436788,105,105
fixed_test,2,4,apriori|3|06,"370407, ac370000, ac370443",1,0.91647250698974836,0.0014594207810099125,105,105
fixed_test,2,4,apriori|3|06,"370407, ac370000, ac370443",2,0.91647250698974836,0.01090241120226132,105,105
fixed_test,2,4,apriori|3|06,"370407, ac370000, ac370443",3,0.91647250698974836,0.0014594207810099125,105,105
fixed_test,2,4,apriori|3|06,"370407, ac370000, ac370443",4,0.91647250698974836,0.010067621861459042,105,105
fixed_test,2,4,apriori|3|06,"370407, ac370000, ac370443",5,0.91647250698974836,0.0007081103742878625,105,105
fixed_test,2,4,apriori|3|06,"370407, ac370000, ac370443",6,0.91647250698974836,0.0014594207810099125,105,104
fixed_test,2,4,apriori|3|06,"370407, ac370000, ac370443",7,0.91647250698974836,0.0065954101438129298,105,105
fixed_test,2,4,apriori|3|06,"370407, ac370000, ac370443",8,0.91647250698974836,0.0022565961636680232,105,105
fixed_test,2,4,apriori|3|06,"370407, ac370000, ac370443",9,0.91647250698974836,0.007462214849214055,105,105
fixed_test,2,4,apriori|3|07,"370407, ac370419, ac370443",0,0.91647250698974836,0,105,105
fixed_test,2,4,apriori|3|07,"370407, ac370419, ac370443",1,0.91647250698974836,0.015179154083492352,105,105
fixed_test,2,4,apriori|3|07,"370407, ac370419, ac370443",2,0.91647250698974836,-0.0043109819735023258,105,105
fixed_test,2,4,apriori|3|07,"370407, ac370419, ac370443",3,0.91647250698974836,0.0050086075602329139,105,105
fixed_test,2,4,apriori|3|07,"370407, ac370419, ac370443",4,0.91647250698974836,-0.0086514011128830948,105,105
fixed_test,2,4,apriori|3|07,"370407, ac370419, ac370443",5,0.91647250698974836,-0.0043109819735023258,105,105
fixed_test,2,4,apriori|3|07,"370407, ac370419, ac370443",6,0.91647250698974836,0.0007081103742878625,105,105
fixed_test,2,4,apriori|3|07,"370407, ac370419, ac370443",7,0.91647250698974836,0.014328197093968043,105,105
fixed_test,2,4,apriori|3|07,"370407, ac370419, ac370443",8,0.91647250698974836,0.01090241120226132,105,105
fixed_test,2,4,apriori|3|07,"370407, ac370419, ac370443",9,0.91647250698974836,-0.0043109819735023258,105,105
fixed_test,2,4,apriori|3|08,"370407, ac370000, ac370442",0,0.91647250698974836,0.0014594207810099125,104,104
fixed_test,2,4,apriori|3|08,"370407, ac370000, ac370442",1,0.91647250698974836,0.0014594207810099125,104,104
fixed_test,2,4,apriori|3|08,"370407, ac370000, ac370442",2,0.91647250698974836,0.0014594207810099125,104,104
fixed_test,2,4,apriori|3|08,"370407, ac370000, ac370442",3,0.91647250698974836,0.0007081103742878625,104,104
fixed_test,2,4,apriori|3|08,"370407, ac370000, ac370442",4,0.91647250698974836,0.011788161627436788,104,104
fixed_test,2,4,apriori|3|08,"370407, ac370000, ac370442",5,0.91647250698974836,-0.0028912112408254753,104,104
fixed_test,2,4,apriori|3|08,"370407, ac370000, ac370442",6,0.91647250698974836,0.0022565961636680232,104,104
fixed_test,2,4,apriori|3|08,"370407, ac370000, ac370442",7,0.91647250698974836,0.0057785210269452048,104,104
fixed_test,2,4,apriori|3|08,"370407, ac370000, ac370442",8,0.91647250698974836,-0.0036221120296019427,104,104
fixed_test,2,4,apriori|3|08,"370407, ac370000, ac370442",9,0.91647250698974836,-0.0036221120296019427,104,104
fixed_test,2,4,apriori|3|09,"370407, ac370419, ac370442",0,0.91647250698974836,-0.0043109819735023258,104,104
fixed_test,2,4,apriori|3|09,"370407, ac370419, ac370442",1,0.91647250698974836,0.0007081103742878625,104,104
fixed_test,2,4,apriori|3|09,"370407, ac370419, ac370442",2,0.91647250698974836,-0.0043109819735023258,104,104
fixed_test,2,4,apriori|3|09,"370407, ac370419, ac370442",3,0.91647250698974836,0.0092808325566947625,104,104
fixed_test,2,4,apriori|3|09,"370407, ac370419, ac370442",4,0.91647250698974836,0,104,104
fixed_test,2,4,apriori|3|09,"370407, ac370419, ac370442",5,0.91647250698974836,0.01090241120226132,104,104
fixed_test,2,4,apriori|3|09,"370407, ac370419, ac370442",6,0.91647250698974836,-0.0043109819735023258,104,104
fixed_test,2,4,apriori|3|09,"370407, ac370419, ac370442",7,0.91647250698974836,0.0007081103742878625,104,104
fixed_test,2,4,apriori|3|09,"370407, ac370419, ac370442",8,0.91647250698974836,0.0050086075602329139,104,104
fixed_test,2,4,apriori|3|09,"370407, ac370419, ac370442",9,0.91647250698974836,-0.0043109819735023258,104,104
fixed_test,2,4,apriori|3|10,"370407, ac370442, ac370443",0,0.91647250698974836,0.0007081103742878625,104,104
fixed_test,2,4,apriori|3|10,"370407, ac370442, ac370443",1,0.91647250698974836,0.0014594207810099125,104,104
fixed_test,2,4,apriori|3|10,"370407, ac370442, ac370443",2,0.91647250698974836,0.0057785210269452048,104,104
fixed_test,2,4,apriori|3|10,"370407, ac370442, ac370443",3,0.91647250698974836,-0.013630571507237454,104,103
fixed_test,2,4,apriori|3|10,"370407, ac370442, ac370443",4,0.91647250698974836,-0.0036221120296019427,104,104
fixed_test,2,4,apriori|3|10,"370407, ac370442, ac370443",5,0.91647250698974836,0.0007081103742878625,104,104
fixed_test,2,4,apriori|3|10,"370407, ac370442, ac370443",6,0.91647250698974836,0.0050086075602329139,104,104
fixed_test,2,4,apriori|3|10,"370407, ac370442, ac370443",7,0.91647250698974836,0,104,104
fixed_test,2,4,apriori|3|10,"370407, ac370442, ac370443",8,0.91647250698974836,0.0007081103742878625,104,103
fixed_test,2,4,apriori|3|10,"370407, ac370442, ac370443",9,0.91647250698974836,0.0014594207810099125,104,104
fixed_test,2,4,impressed|1|01,ac419100,0,0.91647250698974836,-0.0049602303020459537,168,133
fixed_test,2,4,impressed|1|01,ac419100,1,0.91647250698974836,-0.00066735317240751435,168,145
fixed_test,2,4,impressed|1|01,ac419100,2,0.91647250698974836,-0.014203437679481956,168,138
fixed_test,2,4,impressed|1|01,ac419100,3,0.91647250698974836,-0.013630571507237454,168,136
fixed_test,2,4,impressed|1|01,ac419100,4,0.91647250698974836,-0.018561665113389192,168,140
fixed_test,2,4,impressed|1|01,ac419100,5,0.91647250698974836,-0.0043109819735023258,168,141
fixed_test,2,4,impressed|1|01,ac419100,6,0.91647250698974836,0.0007081103742878625,168,136
fixed_test,2,4,impressed|1|01,ac419100,7,0.91647250698974836,-0.0043109819735023258,168,141
fixed_test,2,4,impressed|1|01,ac419100,8,0.91647250698974836,-0.018010912600054163,168,138
fixed_test,2,4,impressed|1|01,ac419100,9,0.91647250698974836,-0.0049602303020459537,168,132
fixed_test,2,4,impressed|1|02,ac370000,0,0.91647250698974836,0.17625289389314103,139,134
fixed_test,2,4,impressed|1|02,ac370000,1,0.91647250698974836,0.15764672250689249,139,137
fixed_test,2,4,impressed|1|02,ac370000,2,0.91647250698974836,0.13946606331663813,139,139
fixed_test,2,4,impressed|1|02,ac370000,3,0.91647250698974836,0.1695567257731756,139,137
fixed_test,2,4,impressed|1|02,ac370000,4,0.91647250698974836,0.16519840934406049,139,139
fixed_test,2,4,impressed|1|02,ac370000,5,0.91647250698974836,0.15830853827168989,139,138
fixed_test,2,4,impressed|1|02,ac370000,6,0.91647250698974836,0.1627716745487584,139,137
fixed_test,2,4,impressed|1|02,ac370000,7,0.91647250698974836,0.17090664049836257,139,139
fixed_test,2,4,impressed|1|02,ac370000,8,0.91647250698974836,0.081685775177844921,139,139
fixed_test,2,4,impressed|1|02,ac370000,9,0.91647250698974836,0.1470603507702043,139,139
fixed_test,2,4,impressed|1|03,ac415100,0,0.91647250698974836,0.0092808325566947625,46,43
fixed_test,2,4,impressed|1|03,ac415100,1,0.91647250698974836,0,46,45
fixed_test,2,4,impressed|1|03,ac415100,2,0.91647250698974836,-0.0043109819735023258,46,42
fixed_test,2,4,impressed|1|03,ac415100,3,0.91647250698974836,0.0007081103742878625,46,43
fixed_test,2,4,impressed|1|03,ac415100,4,0.91647250698974836,-0.0043109819735023258,46,41
fixed_test,2,4,impressed|1|03,ac415100,5,0.91647250698974836,0.0042829770753900487,46,44
fixed_test,2,4,impressed|1|03,ac415100,6,0.91647250698974836,-0.0092808325566946515,46,43
fixed_test,2,4,impressed|1|03,ac415100,7,0.91647250698974836,0,46,45
fixed_test,2,4,impressed|1|03,ac415100,8,0.91647250698974836,0.0050086075602329139,46,42
fixed_test,2,4,impressed|1|03,ac415100,9,0.91647250698974836,-0.0043109819735023258,46,44
fixed_test,2,4,impressed|1|04,ac10307,0,0.91647250698974836,0,25,22
fixed_test,2,4,impressed|1|04,ac10307,1,0.91647250698974836,0,25,21
fixed_test,2,4,impressed|1|04,ac10307,2,0.91647250698974836,0,25,20
fixed_test,2,4,impressed|1|04,ac10307,3,0.91647250698974836,0,25,22
fixed_test,2,4,impressed|1|04,ac10307,4,0.91647250698974836,0,25,23
fixed_test,2,4,impressed|1|04,ac10307,5,0.91647250698974836,0,25,24
fixed_test,2,4,impressed|1|04,ac10307,6,0.91647250698974836,0,25,20
fixed_test,2,4,impressed|1|04,ac10307,7,0.91647250698974836,0,25,23
fixed_test,2,4,impressed|1|04,ac10307,8,0.91647250698974836,0,25,24
fixed_test,2,4,impressed|1|04,ac10307,9,0.91647250698974836,0,25,20
fixed_test,2,4,impressed|1|05,ac355427,0,0.91647250698974836,0,10,10
fixed_test,2,4,impressed|1|05,ac355427,1,0.91647250698974836,0,10,9
fixed_test,2,4,impressed|1|05,ac355427,2,0.91647250698974836,0,10,8
fixed_test,2,4,impressed|1|05,ac355427,3,0.91647250698974836,0,10,7
fixed_test,2,4,impressed|1|05,ac355427,4,0.91647250698974836,0,10,8
fixed_test,2,4,impressed|1|05,ac355427,5,0.91647250698974836,0,10,9
fixed_test,2,4,impressed|1|05,ac355427,6,0.91647250698974836,0,10,6
fixed_test,2,4,impressed|1|05,ac355427,7,0.91647250698974836,0,10,9
fixed_test,2,4,impressed|1|05,ac355427,8,0.91647250698974836,0,10,10
fixed_test,2,4,impressed|1|05,ac355427,9,0.91647250698974836,0,10,10
fixed_test,2,4,impressed|1|06,ac388170,0,0.91647250698974836,0,0,0
fixed_test,2,4,impressed|1|06,ac388170,1,0.91647250698974836,0,0,0
fixed_test,2,4,impressed|1|06,ac388170,2,0.91647250698974836,0,0,0
fixed_test,2,4,impressed|1|06,ac388170,3,0.91647250698974836,0,0,0
fixed_test,2,4,impressed|1|06,ac388170,4,0.91647250698974836,0,0,0
fixed_test,2,4,impressed|1|06,ac388170,5,0.91647250698974836,0,0,0
fixed_test,2,4,impressed|1|06,ac388170,6,0.91647250698974836,0,0,0
fixed_test,2,4,impressed|1|06,ac388170,7,0.91647250698974836,0,0,0
fixed_test,2,4,impressed|1|06,ac388170,8,0.91647250698974836,0,0,0
fixed_test,2,4,impressed|1|06,ac388170,9,0.91647250698974836,0,0,0
fixed_test,2,4,impressed|1|07,387070a,0,0.91647250698974836,0,0,0
fixed_test,2,4,impressed|1|07,387070a,1,0.91647250698974836,0,0,0
fixed_test,2,4,impressed|1|07,387070a,2,0.91647250698974836,0,0,0
fixed_test,2,4,impressed|1|07,387070a,3,0.91647250698974836,0,0,0
fixed_test,2,4,impressed|1|07,387070a,4,0.91647250698974836,0,0,0
fixed_test,2,4,impressed|1|07,387070a,5,0.91647250698974836,0,0,0
fixed_test,2,4,impressed|1|07,387070a,6,0.91647250698974836,0,0,0
fixed_test,2,4,impressed|1|07,387070a,7,0.91647250698974836,0,0,0
fixed_test,2,4,impressed|1|07,387070a,8,0.91647250698974836,0,0,0
fixed_test,2,4,impressed|1|07,387070a,9,0.91647250698974836,0,0,0
fixed_test,2,4,impressed|1|08,ac370402,0,0.91647250698974836,-0.0043109819735023258,97,94
fixed_test,2,4,impressed|1|08,ac370402,1,0.91647250698974836,-0.0049602303020459537,97,94
fixed_test,2,4,impressed|1|08,ac370402,2,0.91647250698974836,0,97,96
fixed_test,2,4,impressed|1|08,ac370402,3,0.91647250698974836,0.0042829770753900487,97,93
fixed_test,2,4,impressed|1|08,ac370402,4,0.91647250698974836,0,97,91
fixed_test,2,4,impressed|1|08,ac370402,5,0.91647250698974836,-0.0043109819735023258,97,94
fixed_test,2,4,impressed|1|08,ac370402,6,0.91647250698974836,0,97,93
fixed_test,2,4,impressed|1|08,ac370402,7,0.91647250698974836,0,97,93
fixed_test,2,4,impressed|1|08,ac370402,8,0.91647250698974836,0,97,94
fixed_test,2,4,impressed|1|08,ac370402,9,0.91647250698974836,0,97,93
fixed_test,2,4,impressed|1|09,370488g,0,0.91647250698974836,0,103,96
fixed_test,2,4,impressed|1|09,370488g,1,0.91647250698974836,-0.0043109819735023258,103,102
fixed_test,2,4,impressed|1|09,370488g,2,0.91647250698974836,-0.0043109819735023258,103,97
fixed_test,2,4,impressed|1|09,370488g,3,0.91647250698974836,-0.0043109819735023258,103,97
fixed_test,2,4,impressed|1|09,370488g,4,0.91647250698974836,-0.0043109819735023258,103,98
fixed_test,2,4,impressed|1|09,370488g,5,0.91647250698974836,-0.0043109819735023258,103,100
fixed_test,2,4,impressed|1|09,370488g,6,0.91647250698974836,-0.0043109819735023258,103,95
fixed_test,2,4,impressed|1|09,370488g,7,0.91647250698974836,-0.0043109819735023258,103,96
fixed_test,2,4,impressed|1|09,370488g,8,0.91647250698974836,0,103,93
fixed_test,2,4,impressed|1|09,370488g,9,0.91647250698974836,-0.0043109819735023258,103,98
fixed_test,2,4,impressed|1|10,370488e,0,0.91647250698974836,0,103,95
fixed_test,2,4,impressed|1|10,370488e,1,0.91647250698974836,-0.0043109819735023258,103,94
fixed_test,2,4,impressed|1|10,370488e,2,0.91647250698974836,-0.0043109819735023258,103,101
fixed_test,2,4,impressed|1|10,370488e,3,0.91647250698974836,-0.0043109819735023258,103,98
fixed_test,2,4,impressed|1|10,370488e,4,0.91647250698974836,0,103,100
fixed_test,2,4,impressed|1|10,370488e,5,0.91647250698974836,-0.0043109819735023258,103,98
fixed_test,2,4,impressed|1|10,370488e,6,0.91647250698974836,-0.0043109819735023258,103,103
fixed_test,2,4,impressed|1|10,370488e,7,0.91647250698974836,0.0007081103742878625,103,97
fixed_test,2,4,impressed|1|10,370488e,8,0.91647250698974836,0.0042829770753900487,103,96
fixed_test,2,4,impressed|1|10,370488e,9,0.91647250698974836,-0.0043109819735023258,103,101
fixed_test,2,4,impressed|2|01,"ac370000, ac370402",0,0.91647250698974836,0.0050086075602329139,97,97
fixed_test,2,4,impressed|2|01,"ac370000, ac370402",1,0.91647250698974836,0.0050086075602329139,97,97
fixed_test,2,4,impressed|2|01,"ac370000, ac370402",2,0.91647250698974836,0.0007081103742878625,97,96
fixed_test,2,4,impressed|2|01,"ac370000, ac370402",3,0.91647250698974836,0.0050086075602329139,97,96
fixed_test,2,4,impressed|2|01,"ac370000, ac370402",4,0.91647250698974836,0.014328197093968043,97,97
fixed_test,2,4,impressed|2|01,"ac370000, ac370402",5,0.91647250698974836,0.0007081103742878625,97,97
fixed_test,2,4,impressed|2|01,"ac370000, ac370402",6,0.91647250698974836,0.0057785210269452048,97,96
fixed_test,2,4,impressed|2|01,"ac370000, ac370402",7,0.91647250698974836,0.0050086075602329139,97,97
fixed_test,2,4,impressed|2|01,"ac370000, ac370402",8,0.91647250698974836,-0.0043109819735023258,97,96
fixed_test,2,4,impressed|2|01,"ac370000, ac370402",9,0.91647250698974836,-0.0043109819735023258,97,97
fixed_test,2,4,impressed|2|02,"370401c, ac370000",0,0.91647250698974836,0.0050086075602329139,99,96
fixed_test,2,4,impressed|2|02,"370401c, ac370000",1,0.91647250698974836,0.01090241120226132,99,99
fixed_test,2,4,impressed|2|02,"370401c, ac370000",2,0.91647250698974836,0.0050086075602329139,99,96
fixed_test,2,4,impressed|2|02,"370401c, ac370000",3,0.91647250698974836,0.0057785210269452048,99,99
fixed_test,2,4,impressed|2|02,"370401c, ac370000",4,0.91647250698974836,0.0050086075602329139,99,97
fixed_test,2,4,impressed|2|02,"370401c, ac370000",5,0.91647250698974836,-0.0036221120296019427,99,97
fixed_test,2,4,impressed|2|02,"370401c, ac370000",6,0.91647250698974836,0.010067621861459042,99,99
fixed_test,2,4,impressed|2|02,"370401c, ac370000",7,0.91647250698974836,0.01090241120226132,99,99
fixed_test,2,4,impressed|2|02,"370401c, ac370000",8,0.91647250698974836,-0.0086514011128830948,99,98
fixed_test,2,4,impressed|2|02,"370401c, ac370000",9,0.91647250698974836,0.0050086075602329139,99,99
fixed_test,2,4,impressed|2|03,"ac370000, ac370403",0,0.91647250698974836,0.0057785210269452048,101,100
fixed_test,2,4,impressed|2|03,"ac370000, ac370403",1,0.91647250698974836,0.0057785210269452048,101,101
fixed_test,2,4,impressed|2|03,"ac370000, ac370403",2,0.91647250698974836,0.01090241120226132,101,101
fixed_test,2,4,impressed|2|03,"ac370000, ac370403",3,0.91647250698974836,0.0014594207810099125,101,100
fixed_test,2,4,impressed|2|03,"ac370000, ac370403",4,0.91647250698974836,0.015179154083492352,101,100
fixed_test,2,4,impressed|2|03,"ac370000, ac370403",5,0.91647250698974836,0.0050086075602329139,101,100
fixed_test,2,4,impressed|2|03,"ac370000, ac370403",6,0.91647250698974836,0.0014594207810099125,101,101
fixed_test,2,4,impressed|2|03,"ac370000, ac370403",7,0.91647250698974836,0.0014594207810099125,101,100
fixed_test,2,4,impressed|2|03,"ac370000, ac370403",8,0.91647250698974836,0.01090241120226132,101,100
fixed_test,2,4,impressed|2|03,"ac370000, ac370403",9,0.91647250698974836,0.0065954101438129298,101,101
fixed_test,2,4,impressed|2|04,"ac411100, ac419100",0,0.91647250698974836,0,102,95
fixed_test,2,4,impressed|2|04,"ac411100, ac419100",1,0.91647250698974836,-0.0049602303020459537,102,98
fixed_test,2,4,impressed|2|04,"ac411100, ac419100",2,0.91647250698974836,0.008539329031797438,102,93
fixed_test,2,4,impressed|2|04,"ac411100, ac419100",3,0.91647250698974836,-0.0049602303020459537,102,93
fixed_test,2,4,impressed|2|04,"ac411100, ac419100",4,0.91647250698974836,0,102,95
fixed_test,2,4,impressed|2|04,"ac411100, ac419100",5,0.91647250698974836,0,102,93
fixed_test,2,4,impressed|2|04,"ac411100, ac419100",6,0.91647250698974836,-0.00066735317240751435,102,94
fixed_test,2,4,impressed|2|04,"ac411100, ac419100",7,0.91647250698974836,-0.0043109819735023258,102,94
fixed_test,2,4,impressed|2|04,"ac411100, ac419100",8,0.91647250698974836,-0.0043109819735023258,102,92
fixed_test,2,4,impressed|2|04,"ac411100, ac419100",9,0.91647250698974836,0.0042829770753900487,102,98
fixed_test,2,4,impressed|2|05,"ac411100, ac415100",0,0.91647250698974836,0.0050086075602329139,42,42
fixed_test,2,4,impressed|2|05,"ac411100, ac415100",1,0.91647250698974836,-0.00066735317240751435,42,41
fixed_test,2,4,impressed|2|05,"ac411100, ac415100",2,0.91647250698974836,0.0092808325566947625,42,42
fixed_test,2,4,impressed|2|05,"ac411100, ac415100",3,0.91647250698974836,0.0092808325566947625,42,41
fixed_test,2,4,impressed|2|05,"ac411100, ac415100",4,0.91647250698974836,0,42,40
fixed_test,2,4,impressed|2|05,"ac411100, ac415100",5,0.91647250698974836,0,42,41
fixed_test,2,4,impressed|2|05,"ac411100, ac415100",6,0.91647250698974836,0.008539329031797438,42,40
fixed_test,2,4,impressed|2|05,"ac411100, ac415100",7,0.91647250698974836,-0.0043109819735023258,42,41
fixed_test,2,4,impressed|2|05,"ac411100, ac415100",8,0.91647250698974836,0.0042829770753900487,42,40
fixed_test,2,4,impressed|2|05,"ac411100, ac415100",9,0.91647250698974836,-0.0043109819735023258,42,40
fixed_test,2,4,impressed|2|06,"ac415100, ac419100",0,0.91647250698974836,0.0050086075602329139,45,40
fixed_test,2,4,impressed|2|06,"ac415100, ac419100",1,0.91647250698974836,0,45,41
fixed_test,2,4,impressed|2|06,"ac415100, ac419100",2,0.91647250698974836,0,45,41
fixed_test,2,4,impressed|2|06,"ac415100, ac419100",3,0.91647250698974836,0.0042829770753900487,45,41
fixed_test,2,4,impressed|2|06,"ac415100, ac419100",4,0.91647250698974836,0,45,39
fixed_test,2,4,impressed|2|06,"ac415100, ac419100",5,0.91647250698974836,0,45,43
fixed_test,2,4,impressed|2|06,"ac415100, ac419100",6,0.91647250698974836,0,45,41
fixed_test,2,4,impressed|2|06,"ac415100, ac419100",7,0.91647250698974836,0.0050086075602329139,45,41
fixed_test,2,4,impressed|2|06,"ac415100, ac419100",8,0.91647250698974836,-0.00066735317240751435,45,41
fixed_test,2,4,impressed|2|06,"ac415100, ac419100",9,0.91647250698974836,0,45,42
fixed_test,2,4,impressed|2|07,"ac10307, ac411100",0,0.91647250698974836,0,24,23
fixed_test,2,4,impressed|2|07,"ac10307, ac411100",1,0.91647250698974836,0,24,24
fixed_test,2,4,impressed|2|07,"ac10307, ac411100",2,0.91647250698974836,0,24,24
fixed_test,2,4,impressed|2|07,"ac10307, ac411100",3,0.91647250698974836,0,24,22
fixed_test,2,4,impressed|2|07,"ac10307, ac411100",4,0.91647250698974836,0,24,23
fixed_test,2,4,impressed|2|07,"ac10307, ac411100",5,0.91647250698974836,0,24,22
fixed_test,2,4,impressed|2|07,"ac10307, ac411100",6,0.91647250698974836,0,24,22
fixed_test,2,4,impressed|2|07,"ac10307, ac411100",7,0.91647250698974836,0,24,24
fixed_test,2,4,impressed|2|07,"ac10307, ac411100",8,0.91647250698974836,0,24,23
fixed_test,2,4,impressed|2|07,"ac10307, ac411100",9,0.91647250698974836,0,24,24
fixed_test,2,4,impressed|2|08,"ac10307, ac419100",0,0.91647250698974836,0,23,23
fixed_test,2,4,impressed|2|08,"ac10307, ac419100",1,0.91647250698974836,0,23,20
fixed_test,2,4,impressed|2|08,"ac10307, ac419100",2,0.91647250698974836,0,23,22
fixed_test,2,4,impressed|2|08,"ac10307, ac419100",3,0.91647250698974836,0,23,23
fixed_test,2,4,impressed|2|08,"ac10307, ac419100",4,0.91647250698974836,0,23,22
fixed_test,2,4,impressed|2|08,"ac10307, ac419100",5,0.91647250698974836,0,23,23
fixed_test,2,4,impressed|2|08,"ac10307, ac419100",6,0.91647250698974836,0,23,22
fixed_test,2,4,impressed|2|08,"ac10307, ac419100",7,0.91647250698974836,0,23,23
fixed_test,2,4,impressed|2|08,"ac10307, ac419100",8,0.91647250698974836,0,23,22
fixed_test,2,4,impressed|2|08,"ac10307, ac419100",9,0.91647250698974836,0,23,21
fixed_test,2,4,impressed|2|09,"ac10307, ac415100",0,0.91647250698974836,0,9,8
fixed_test,2,4,impressed|2|09,"ac10307, ac415100",1,0.91647250698974836,0,9,9
fixed_test,2,4,impressed|2|09,"ac10307, ac415100",2,0.91647250698974836,0,9,9
fixed_test,2,4,impressed|2|09,"ac10307, ac415100",3,0.91647250698974836,0,9,8
fixed_test,2,4,impressed|2|09,"ac10307, ac415100",4,0.91647250698974836,0,9,9
fixed_test,2,4,impressed|2|09,"ac10307, ac415100",5,0.91647250698974836,0,9,9
fixed_test,2,4,impressed|2|09,"ac10307, ac415100",6,0.91647250698974836,0,9,9
fixed_test,2,4,impressed|2|09,"ac10307, ac415100",7,0.91647250698974836,0,9,9
fixed_test,2,4,impressed|2|09,"ac10307, ac415100",8,0.91647250698974836,0,9,9
fixed_test,2,4,impressed|2|09,"ac10307, ac415100",9,0.91647250698974836,0,9,9
fixed_test,2,4,impressed|2|10,"ac355201, ac415100",0,0.91647250698974836,0,5,5
fixed_test,2,4,impressed|2|10,"ac355201, ac415100",1,0.91647250698974836,0,5,5
fixed_test,2,4,impressed|2|10,"ac355201, ac415100",2,0.91647250698974836,0,5,4
fixed_test,2,4,impressed|2|10,"ac355201, ac415100",3,0.91647250698974836,0,5,5
fixed_test,2,4,impressed|2|10,"ac355201, ac415100",4,0.91647250698974836,0,5,5
fixed_test,2,4,impressed|2|10,"ac355201, ac415100",5,0.91647250698974836,0.0042829770753900487,5,5
fixed_test,2,4,impressed|2|10,"ac355201, ac415100",6,0.91647250698974836,0,5,4
fixed_test,2,4,impressed|2|10,"ac355201, ac415100",7,0.91647250698974836,0,5,5
fixed_test,2,4,impressed|2|10,"ac355201, ac415100",8,0.91647250698974836,0,5,5
fixed_test,2,4,impressed|2|10,"ac355201, ac415100",9,0.91647250698974836,0,5,5
fixed_test,2,4,impressed|3|01,"ac411100, ac415100, ac419100",0,0.91647250698974836,0.008539329031797438,40,38
fixed_test,2,4,impressed|3|01,"ac411100, ac415100, ac419100",1,0.91647250698974836,-0.0049602303020459537,40,38
fixed_test,2,4,impressed|3|01,"ac411100, ac415100, ac419100",2,0.91647250698974836,0.008539329031797438,40,39
fixed_test,2,4,impressed|3|01,"ac411100, ac415100, ac419100",3,0.91647250698974836,0.0042829770753900487,40,37
fixed_test,2,4,impressed|3|01,"ac411100, ac415100, ac419100",4,0.91647250698974836,0,40,39
fixed_test,2,4,impressed|3|01,"ac411100, ac415100, ac419100",5,0.91647250698974836,0,40,39
fixed_test,2,4,impressed|3|01,"ac411100, ac415100, ac419100",6,0.91647250698974836,0,40,39
fixed_test,2,4,impressed|3|01,"ac411100, ac415100, ac419100",7,0.91647250698974836,0.008539329031797438,40,38
fixed_test,2,4,impressed|3|01,"ac411100, ac415100, ac419100",8,0.91647250698974836,0.0042829770753900487,40,39
fixed_test,2,4,impressed|3|01,"ac411100, ac415100, ac419100",9,0.91647250698974836,0,40,39
fixed_test,2,4,impressed|3|02,"ac10307, ac411100, ac419100",0,0.91647250698974836,0,22,19
fixed_test,2,4,impressed|3|02,"ac10307, ac411100, ac419100",1,0.91647250698974836,0,22,21
fixed_test,2,4,impressed|3|02,"ac10307, ac411100, ac419100",2,0.91647250698974836,0,22,21
fixed_test,2,4,impressed|3|02,"ac10307, ac411100, ac419100",3,0.91647250698974836,0,22,20
fixed_test,2,4,impressed|3|02,"ac10307, ac411100, ac419100",4,0.91647250698974836,0.0042829770753900487,22,22
fixed_test,2,4,impressed|3|02,"ac10307, ac411100, ac419100",5,0.91647250698974836,0,22,21
fixed_test,2,4,impressed|3|02,"ac10307, ac411100, ac419100",6,0.91647250698974836,0,22,21
fixed_test,2,4,impressed|3|02,"ac10307, ac411100, ac419100",7,0.91647250698974836,0,22,21
fixed_test,2,4,impressed|3|02,"ac10307, ac411100, ac419100",8,0.91647250698974836,0,22,22
fixed_test,2,4,impressed|3|02,"ac10307, ac411100, ac419100",9,0.91647250698974836,0,22,21
fixed_test,2,4,impressed|3|03,"ac370000, ac411100, ac415100",0,0.91647250698974836,0.0092808325566947625,27,27
fixed_test,2,4,impressed|3|03,"ac370000, ac411100, ac415100",1,0.91647250698974836,0.0007081103742878625,27,27
fixed_test,2,4,impressed|3|03,"ac370000, ac411100, ac415100",2,0.91647250698974836,-0.0043109819735023258,27,27
fixed_test,2,4,impressed|3|03,"ac370000, ac411100, ac415100",3,0.91647250698974836,0,27,27
fixed_test,2,4,impressed|3|03,"ac370000, ac411100, ac415100",4,0.91647250698974836,0.01352618445282594,27,27
fixed_test,2,4,impressed|3|03,"ac370000, ac411100, ac415100",5,0.91647250698974836,0.0007081103742878625,27,27
fixed_test,2,4,impressed|3|03,"ac370000, ac411100, ac415100",6,0.91647250698974836,0.0050086075602329139,27,27
fixed_test,2,4,impressed|3|03,"ac370000, ac411100, ac415100",7,0.91647250698974836,0.0050086075602329139,27,27
fixed_test,2,4,impressed|3|03,"ac370000, ac411100, ac415100",8,0.91647250698974836,0.01352618445282594,27,27
fixed_test,2,4,impressed|3|03,"ac370000, ac411100, ac415100",9,0.91647250698974836,-0.0043109819735023258,27,27
fixed_test,2,4,impressed|3|04,"ac355201, ac415100, ac419100",0,0.91647250698974836,0,5,5
fixed_test,2,4,impressed|3|04,"ac355201, ac415100, ac419100",1,0.91647250698974836,0,5,5
fixed_test,2,4,impressed|3|04,"ac355201, ac415100, ac419100",2,0.91647250698974836,0.0042829770753900487,5,5
fixed_test,2,4,impressed|3|04,"ac355201, ac415100, ac419100",3,0.91647250698974836,0,5,5
fixed_test,2,4,impressed|3|04,"ac355201, ac415100, ac419100",4,0.91647250698974836,0,5,5
fixed_test,2,4,impressed|3|04,"ac355201, ac415100, ac419100",5,0.91647250698974836,0,5,4
fixed_test,2,4,impressed|3|04,"ac355201, ac415100, ac419100",6,0.91647250698974836,0,5,5
fixed_test,2,4,impressed|3|04,"ac355201, ac415100, ac419100",7,0.91647250698974836,0,5,5
fixed_test,2,4,impressed|3|04,"ac355201, ac415100, ac419100",8,0.91647250698974836,0,5,5
fixed_test,2,4,impressed|3|04,"ac355201, ac415100, ac419100",9,0.91647250698974836,0,5,5
fixed_test,2,4,impressed|3|05,"ac355201, ac411100, ac419100",0,0.91647250698974836,0,5,5
fixed_test,2,4,impressed|3|05,"ac355201, ac411100, ac419100",1,0.91647250698974836,0,5,5
fixed_test,2,4,impressed|3|05,"ac355201, ac411100, ac419100",2,0.91647250698974836,0,5,5
fixed_test,2,4,impressed|3|05,"ac355201, ac411100, ac419100",3,0.91647250698974836,0,5,5
fixed_test,2,4,impressed|3|05,"ac355201, ac411100, ac419100",4,0.91647250698974836,0,5,5
fixed_test,2,4,impressed|3|05,"ac355201, ac411100, ac419100",5,0.91647250698974836,0.0042829770753900487,5,5
fixed_test,2,4,impressed|3|05,"ac355201, ac411100, ac419100",6,0.91647250698974836,0,5,5
fixed_test,2,4,impressed|3|05,"ac355201, ac411100, ac419100",7,0.91647250698974836,0,5,5
fixed_test,2,4,impressed|3|05,"ac355201, ac411100, ac419100",8,0.91647250698974836,0,5,5
fixed_test,2,4,impressed|3|05,"ac355201, ac411100, ac419100",9,0.91647250698974836,0,5,5
fixed_test,2,4,impressed|3|06,"ac355427, ac415100, ac419100",0,0.91647250698974836,0,7,6
fixed_test,2,4,impressed|3|06,"ac355427, ac415100, ac419100",1,0.91647250698974836,0,7,6
fixed_test,2,4,impressed|3|06,"ac355427, ac415100, ac419100",2,0.91647250698974836,0,7,5
fixed_test,2,4,impressed|3|06,"ac355427, ac415100, ac419100",3,0.91647250698974836,0,7,6
fixed_test,2,4,impressed|3|06,"ac355427, ac415100, ac419100",4,0.91647250698974836,0,7,6
fixed_test,2,4,impressed|3|06,"ac355427, ac415100, ac419100",5,0.91647250698974836,0,7,5
fixed_test,2,4,impressed|3|06,"ac355427, ac415100, ac419100",6,0.91647250698974836,0,7,6
fixed_test,2,4,impressed|3|06,"ac355427, ac415100, ac419100",7,0.91647250698974836,0,7,6
fixed_test,2,4,impressed|3|06,"ac355427, ac415100, ac419100",8,0.91647250698974836,0,7,7
fixed_test,2,4,impressed|3|06,"ac355427, ac415100, ac419100",9,0.91647250698974836,0,7,6
fixed_test,2,4,impressed|3|07,"370407, ac10307, ac370000",0,0.91647250698974836,0,8,8
fixed_test,2,4,impressed|3|07,"370407, ac10307, ac370000",1,0.91647250698974836,0,8,8
fixed_test,2,4,impressed|3|07,"370407, ac10307, ac370000",2,0.91647250698974836,0,8,8
fixed_test,2,4,impressed|3|07,"370407, ac10307, ac370000",3,0.91647250698974836,0,8,8
fixed_test,2,4,impressed|3|07,"370407, ac10307, ac370000",4,0.91647250698974836,0,8,8
fixed_test,2,4,impressed|3|07,"370407, ac10307, ac370000",5,0.91647250698974836,0,8,8
fixed_test,2,4,impressed|3|07,"370407, ac10307, ac370000",6,0.91647250698974836,0,8,8
fixed_test,2,4,impressed|3|07,"370407, ac10307, ac370000",7,0.91647250698974836,0,8,8
fixed_test,2,4,impressed|3|07,"370407, ac10307, ac370000",8,0.91647250698974836,0,8,8
fixed_test,2,4,impressed|3|07,"370407, ac10307, ac370000",9,0.91647250698974836,0,8,8
fixed_test,2,4,impressed|3|08,"376400, ac370000, ac411100",0,0.91647250698974836,0,7,7
fixed_test,2,4,impressed|3|08,"376400, ac370000, ac411100",1,0.91647250698974836,0,7,7
fixed_test,2,4,impressed|3|08,"376400, ac370000, ac411100",2,0.91647250698974836,0,7,7
fixed_test,2,4,impressed|3|08,"376400, ac370000, ac411100",3,0.91647250698974836,0,7,7
fixed_test,2,4,impressed|3|08,"376400, ac370000, ac411100",4,0.91647250698974836,0,7,7
fixed_test,2,4,impressed|3|08,"376400, ac370000, ac411100",5,0.91647250698974836,0.0042829770753900487,7,7
fixed_test,2,4,impressed|3|08,"376400, ac370000, ac411100",6,0.91647250698974836,0,7,7
fixed_test,2,4,impressed|3|08,"376400, ac370000, ac411100",7,0.91647250698974836,0.0042829770753900487,7,7
fixed_test,2,4,impressed|3|08,"376400, ac370000, ac411100",8,0.91647250698974836,0,7,7
fixed_test,2,4,impressed|3|08,"376400, ac370000, ac411100",9,0.91647250698974836,0,7,7
fixed_test,2,4,impressed|3|09,"ac410500, ac411100, ac415100",0,0.91647250698974836,0,1,1
fixed_test,2,4,impressed|3|09,"ac410500, ac411100, ac415100",1,0.91647250698974836,0,1,1
fixed_test,2,4,impressed|3|09,"ac410500, ac411100, ac415100",2,0.91647250698974836,0,1,1
fixed_test,2,4,impressed|3|09,"ac410500, ac411100, ac415100",3,0.91647250698974836,0,1,1
fixed_test,2,4,impressed|3|09,"ac410500, ac411100, ac415100",4,0.91647250698974836,0,1,1
fixed_test,2,4,impressed|3|09,"ac410500, ac411100, ac415100",5,0.91647250698974836,0,1,1
fixed_test,2,4,impressed|3|09,"ac410500, ac411100, ac415100",6,0.91647250698974836,0,1,1
fixed_test,2,4,impressed|3|09,"ac410500, ac411100, ac415100",7,0.91647250698974836,0,1,1
fixed_test,2,4,impressed|3|09,"ac410500, ac411100, ac415100",8,0.91647250698974836,0,1,1
fixed_test,2,4,impressed|3|09,"ac410500, ac411100, ac415100",9,0.91647250698974836,0,1,1
fixed_test,2,4,impressed|3|10,"ac379999, ac415100, ac419100",0,0.91647250698974836,0.0042829770753900487,25,25
fixed_test,2,4,impressed|3|10,"ac379999, ac415100, ac419100",1,0.91647250698974836,0,25,25
fixed_test,2,4,impressed|3|10,"ac379999, ac415100, ac419100",2,0.91647250698974836,0,25,25
fixed_test,2,4,impressed|3|10,"ac379999, ac415100, ac419100",3,0.91647250698974836,0,25,25
fixed_test,2,4,impressed|3|10,"ac379999, ac415100, ac419100",4,0.91647250698974836,-0.0043109819735023258,25,25
fixed_test,2,4,impressed|3|10,"ac379999, ac415100, ac419100",5,0.91647250698974836,-0.0043109819735023258,25,25
fixed_test,2,4,impressed|3|10,"ac379999, ac415100, ac419100",6,0.91647250698974836,0,25,25
fixed_test,2,4,impressed|3|10,"ac379999, ac415100, ac419100",7,0.91647250698974836,0,25,25
fixed_test,2,4,impressed|3|10,"ac379999, ac415100, ac419100",8,0.91647250698974836,0.0042829770753900487,25,24
fixed_test,2,4,impressed|3|10,"ac379999, ac415100, ac419100",9,0.91647250698974836,0,25,25
fixed_train,2,4,apriori|1|01,ac419100,0,0.99548519207884645,0.021654200629403153,588,480
fixed_train,2,4,apriori|1|01,ac419100,1,0.99548519207884645,0.015984138237427281,588,491
fixed_train,2,4,apriori|1|01,ac419100,2,0.99548519207884645,0.019467608279743365,588,489
fixed_train,2,4,apriori|1|01,ac419100,3,0.99548519207884645,0.021702560112223712,588,476
fixed_train,2,4,apriori|1|01,ac419100,4,0.99548519207884645,0.019378634668484995,588,489
fixed_train,2,4,apriori|1|01,ac419100,5,0.99548519207884645,0.017143017845549613,588,485
fixed_train,2,4,apriori|1|01,ac419100,6,0.99548519207884645,0.014827502746649124,588,482
fixed_train,2,4,apriori|1|01,ac419100,7,0.99548519207884645,0.019378634668484995,588,483
fixed_train,2,4,apriori|1|01,ac419100,8,0.99548519207884645,0.020539459606000565,588,472
fixed_train,2,4,apriori|1|01,ac419100,9,0.99548519207884645,0.018304166231001284,588,492
fixed_train,2,4,apriori|1|02,ac370000,0,0.99548519207884645,0.21212137515543139,563,559
fixed_train,2,4,apriori|1|02,ac370000,1,0.99548519207884645,0.21487257226878265,563,561
fixed_train,2,4,apriori|1|02,ac370000,2,0.99548519207884645,0.1994669523763587,563,560
fixed_train,2,4,apriori|1|02,ac370000,3,0.99548519207884645,0.23189649133963353,563,559
fixed_train,2,4,apriori|1|02,ac370000,4,0.99548519207884645,0.20397099565189203,563,558
fixed_train,2,4,apriori|1|02,ac370000,5,0.99548519207884645,0.20209402202056925,563,560
fixed_train,2,4,apriori|1|02,ac370000,6,0.99548519207884645,0.21120066059405784,563,559
fixed_train,2,4,apriori|1|02,ac370000,7,0.99548519207884645,0.21211298258085887,563,560
fixed_train,2,4,apriori|1|02,ac370000,8,0.99548519207884645,0.19453780409110366,563,560
fixed_train,2,4,apriori|1|02,ac370000,9,0.99548519207884645,0.21578551852934191,563,558
fixed_train,2,4,apriori|1|03,370407,0,0.99548519207884645,0.021751647917924055,475,453
fixed_train,2,4,apriori|1|03,370407,1,0.99548519207884645,0.017103068707567171,475,455
fixed_train,2,4,apriori|1|03,370407,2,0.99548519207884645,0.021654200629403153,475,456
fixed_train,2,4,apriori|1|03,370407,3,0.99548519207884645,0.019378634668484995,475,451
fixed_train,2,4,apriori|1|03,370407,4,0.99548519207884645,0.021654200629403153,475,453
fixed_train,2,4,apriori|1|03,370407,5,0.99548519207884645,0.018304166231001284,475,447
fixed_train,2,4,apriori|1|03,370407,6,0.99548519207884645,0.017103068707567171,475,453
fixed_train,2,4,apriori|1|03,370407,7,0.99548519207884645,0.024089846404521609,475,454
fixed_train,2,4,apriori|1|03,370407,8,0.99548519207884645,0.0091261132219472296,475,449
fixed_train,2,4,apriori|1|03,370407,9,0.99548519207884645,0.020586063646216957,475,450
fixed_train,2,4,apriori|1|04,ac370419,0,0.99548519207884645,0.011399600079130767,462,447
fixed_train,2,4,apriori|1|04,ac370419,1,0.99548519207884645,0.0090771394109551151,462,439
fixed_train,2,4,apriori|1|04,ac370419,2,0.99548519207884645,0.0056882320666555852,462,437
fixed_train,2,4,apriori|1|04,ac370419,3,0.99548519207884645,0.010276370824813252,462,438
fixed_train,2,4,apriori|1|04,ac370419,4,0.99548519207884645,0.01364019279757811,462,446
fixed_train,2,4,apriori|1|04,ac370419,5,0.99548519207884645,0.0091261132219472296,462,438
fixed_train,2,4,apriori|1|04,ac370419,6,0.99548519207884645,0.012490258725195269,462,439
fixed_train,2,4,apriori|1|04,ac370419,7,0.99548519207884645,0.014899529003382095,462,439
fixed_train,2,4,apriori|1|04,ac370419,8,0.99548519207884645,0.019335136394119656,462,430
fixed_train,2,4,apriori|1|04,ac370419,9,0.99548519207884645,0.011342463966306671,462,438
fixed_train,2,4,apriori|1|05,ac370443,0,0.99548519207884645,0.0068118148556036706,450,434
fixed_train,2,4,apriori|1|05,ac370443,1,0.99548519207884645,0.0022691954094734568,450,425
fixed_train,2,4,apriori|1|05,ac370443,2,0.99548519207884645,0.0056882320666555852,450,431
fixed_train,2,4,apriori|1|05,ac370443,3,0.99548519207884645,0.0056701410635680016,450,429
fixed_train,2,4,apriori|1|05,ac370443,4,0.99548519207884645,0.012430405559659463,450,429
fixed_train,2,4,apriori|1|05,ac370443,5,0.99548519207884645,0.0090771394109551151,450,435
fixed_train,2,4,apriori|1|05,ac370443,6,0.99548519207884645,0.0079555742861687762,450,430
fixed_train,2,4,apriori|1|05,ac370443,7,0.99548519207884645,0.0079334630601728406,450,428
fixed_train,2,4,apriori|1|05,ac370443,8,0.99548519207884645,0.0067722118817304944,450,435
fixed_train,2,4,apriori|1|05,ac370443,9,0.99548519207884645,0.0056882320666555852,450,421
fixed_train,2,4,apriori|1|06,ac370442,0,0.99548519207884645,0.0079555742861687762,445,422
fixed_train,2,4,apriori|1|06,ac370442,1,0.99548519207884645,0.01017104376221778,445,427
fixed_train,2,4,apriori|1|06,ac370442,2,0.99548519207884645,0.0079334630601728406,445,425
fixed_train,2,4,apriori|1|06,ac370442,3,0.99548519207884645,0.004530529853015941,445,413
fixed_train,2,4,apriori|1|06,ac370442,4,0.99548519207884645,0.0056701410635680016,445,426
fixed_train,2,4,apriori|1|06,ac370442,5,0.99548519207884645,0.0068118148556036706,445,427
fixed_train,2,4,apriori|1|06,ac370442,6,0.99548519207884645,0.0056523201673343015,445,422
fixed_train,2,4,apriori|1|06,ac370442,7,0.99548519207884645,0.0034068190669632736,445,427
fixed_train,2,4,apriori|1|06,ac370442,8,0.99548519207884645,0.0079334630601728406,445,428
fixed_train,2,4,apriori|1|06,ac370442,9,0.99548519207884645,0.0090771394109551151,445,425
fixed_train,2,4,apriori|1|07,370712b,0,0.99548519207884645,0.010249443321634577,441,420
fixed_train,2,4,apriori|1|07,370712b,1,0.99548519207884645,0.0034068190669632736,441,411
fixed_train,2,4,apriori|1|07,370712b,2,0.99548519207884645,0.0033793050055662688,441,416
fixed_train,2,4,apriori|1|07,370712b,3,0.99548519207884645,0.0056523201673343015,441,424
fixed_train,2,4,apriori|1|07,370712b,4,0.99548519207884645,0.01019678505677768,441,419
fixed_train,2,4,apriori|1|07,370712b,5,0.99548519207884645,0.0045464903002522261,441,427
fixed_train,2,4,apriori|1|07,370712b,6,0.99548519207884645,0.0034068190669632736,441,423
fixed_train,2,4,apriori|1|07,370712b,7,0.99548519207884645,0.0056701410635680016,441,424
fixed_train,2,4,apriori|1|07,370712b,8,0.99548519207884645,0.0022691954094734568,441,418
fixed_train,2,4,apriori|1|07,370712b,9,0.99548519207884645,0.0056523201673343015,441,420
fixed_train,2,4,apriori|1|08,370715a,0,0.99548519207884645,0.0056882320666555852,439,418
fixed_train,2,4,apriori|1|08,370715a,1,0.99548519207884645,0.0045464903002522261,439,415
fixed_train,2,4,apriori|1|08,370715a,2,0.99548519207884645,0.0079334630601728406,439,423
fixed_train,2,4,apriori|1|08,370715a,3,0.99548519207884645,0.003392958369892618,439,415
fixed_train,2,4,apriori|1|08,370715a,4,0.99548519207884645,0.0056882320666555852,439,425
fixed_train,2,4,apriori|1|08,370715a,5,0.99548519207884645,0.0034068190669632736,439,418
fixed_train,2,4,apriori|1|08,370715a,6,0.99548519207884645,0.004530529853015941,439,423
fixed_train,2,4,apriori|1|08,370715a,7,0.99548519207884645,0.0056882320666555852,439,414
fixed_train,2,4,apriori|1|08,370715a,8,0.99548519207884645,0.0068118148556036706,439,419
fixed_train,2,4,apriori|1|08,370715a,9,0.99548519207884645,0.0056882320666555852,439,421
fixed_train,2,4,apriori|1|09,370488e,0,0.99548519207884645,0.003392958369892618,430,414
fixed_train,2,4,apriori|1|09,370488e,1,0.99548519207884645,0.0045148079211537739,430,409
fixed_train,2,4,apriori|1|09,370488e,2,0.99548519207884645,0.0068320675280538756,430,410
fixed_train,2,4,apriori|1|09,370488e,3,0.99548519207884645,0.0034068190669632736,430,413
fixed_train,2,4,apriori|1|09,370488e,4,0.99548519207884645,0.0068118148556036706,430,410
fixed_train,2,4,apriori|1|09,370488e,5,0.99548519207884645,0.01019678505677768,430,409
fixed_train,2,4,apriori|1|09,370488e,6,0.99548519207884645,0.0056701410635680016,430,412
fixed_train,2,4,apriori|1|09,370488e,7,0.99548519207884645,0.010249443321634577,430,409
fixed_train,2,4,apriori|1|09,370488e,8,0.99548519207884645,0.0056882320666555852,430,415
fixed_train,2,4,apriori|1|09,370488e,9,0.99548519207884645,0.0034068190669632736,430,409
fixed_train,2,4,apriori|1|10,370488g,0,0.99548519207884645,0.0056882320666555852,429,403
fixed_train,2,4,apriori|1|10,370488g,1,0.99548519207884645,0.0067722118817304944,429,406
fixed_train,2,4,apriori|1|10,370488g,2,0.99548519207884645,0.0045464903002522261,429,404
fixed_train,2,4,apriori|1|10,370488g,3,0.99548519207884645,0.0022691954094734568,429,406
fixed_train,2,4,apriori|1|10,370488g,4,0.99548519207884645,0.004530529853015941,429,406
fixed_train,2,4,apriori|1|10,370488g,5,0.99548519207884645,0.0034068190669632736,429,412
fixed_train,2,4,apriori|1|10,370488g,6,0.99548519207884645,0.0045464903002522261,429,408
fixed_train,2,4,apriori|1|10,370488g,7,0.99548519207884645,0.010222916505681967,429,402
fixed_train,2,4,apriori|1|10,370488g,8,0.99548519207884645,0.0045464903002522261,429,404
fixed_train,2,4,apriori|1|10,370488g,9,0.99548519207884645,0.0056701410635680016,429,413
fixed_train,2,4,apriori|2|01,"370407, ac370000",0,0.99548519207884645,0.040831584759994044,475,474
fixed_train,2,4,apriori|2|01,"370407, ac370000",1,0.99548519207884645,0.039715734689591664,475,471
fixed_train,2,4,apriori|2|01,"370407, ac370000",2,0.99548519207884645,0.038239260141685438,475,472
fixed_train,2,4,apriori|2|01,"370407, ac370000",3,0.99548519207884645,0.031162544471516118,475,469
fixed_train,2,4,apriori|2|01,"370407, ac370000",4,0.99548519207884645,0.041848454112697997,475,471
fixed_train,2,4,apriori|2|01,"370407, ac370000",5,0.99548519207884645,0.034812831383079779,475,470
fixed_train,2,4,apriori|2|01,"370407, ac370000",6,0.99548519207884645,0.039622325151804638,475,470
fixed_train,2,4,apriori|2|01,"370407, ac370000",7,0.99548519207884645,0.044268339159484582,475,472
fixed_train,2,4,apriori|2|01,"370407, ac370000",8,0.99548519207884645,0.042861321553884446,475,469
fixed_train,2,4,apriori|2|01,"370407, ac370000",9,0.99548519207884645,0.039530291011005358,475,473
fixed_train,2,4,apriori|2|02,"ac370000, ac370419",0,0.99548519207884645,0.028927459474020423,462,461
fixed_train,2,4,apriori|2|02,"ac370000, ac370419",1,0.99548519207884645,0.044582715933202066,462,461
fixed_train,2,4,apriori|2|02,"ac370000, ac370419",2,0.99548519207884645,0.041945332155644444,462,459
fixed_train,2,4,apriori|2|02,"ac370000, ac370419",3,0.99548519207884645,0.035846549279918483,462,458
fixed_train,2,4,apriori|2|02,"ac370000, ac370419",4,0.99548519207884645,0.039530291011005358,462,462
fixed_train,2,4,apriori|2|02,"ac370000, ac370419",5,0.99548519207884645,0.036095273299008857,462,458
fixed_train,2,4,apriori|2|02,"ac370000, ac370419",6,0.99548519207884645,0.039530291011005358,462,457
fixed_train,2,4,apriori|2|02,"ac370000, ac370419",7,0.99548519207884645,0.042143452885145982,462,461
fixed_train,2,4,apriori|2|02,"ac370000, ac370419",8,0.99548519207884645,0.039715734689591664,462,459
fixed_train,2,4,apriori|2|02,"ac370000, ac370419",9,0.99548519207884645,0.032424205218552049,462,455
fixed_train,2,4,apriori|2|03,"370407, ac370419",0,0.99548519207884645,0.017063713125998414,452,452
fixed_train,2,4,apriori|2|03,"370407, ac370419",1,0.99548519207884645,0.025149858476647857,452,450
fixed_train,2,4,apriori|2|03,"370407, ac370419",2,0.99548519207884645,0.020681385663712026,452,451
fixed_train,2,4,apriori|2|03,"370407, ac370419",3,0.99548519207884645,0.023929766590321089,452,450
fixed_train,2,4,apriori|2|03,"370407, ac370419",4,0.99548519207884645,0.021751647917924055,452,450
fixed_train,2,4,apriori|2|03,"370407, ac370419",5,0.99548519207884645,0.019335136394119656,452,449
fixed_train,2,4,apriori|2|03,"370407, ac370419",6,0.99548519207884645,0.017103068707567171,452,451
fixed_train,2,4,apriori|2|03,"370407, ac370419",7,0.99548519207884645,0.019335136394119656,452,451
fixed_train,2,4,apriori|2|03,"370407, ac370419",8,0.99548519207884645,0.018304166231001284,452,447
fixed_train,2,4,apriori|2|03,"370407, ac370419",9,0.99548519207884645,0.014827502746649124,452,451
fixed_train,2,4,apriori|2|04,"ac370000, ac370443",0,0.99548519207884645,0.032424205218552049,450,446
fixed_train,2,4,apriori|2|04,"ac370000, ac370443",1,0.99548519207884645,0.029977555328385974,450,447
fixed_train,2,4,apriori|2|04,"ac370000, ac370443",2,0.99548519207884645,0.021903382446808117,450,448
fixed_train,2,4,apriori|2|04,"ac370000, ac370443",3,0.99548519207884645,0.037126221930387615,450,446
fixed_train,2,4,apriori|2|04,"ac370000, ac370443",4,0.99548519207884645,0.032350078887523726,450,448
fixed_train,2,4,apriori|2|04,"ac370000, ac370443",5,0.99548519207884645,0.032424205218552049,450,446
fixed_train,2,4,apriori|2|04,"ac370000, ac370443",6,0.99548519207884645,0.031162544471516118,450,445
fixed_train,2,4,apriori|2|04,"ac370000, ac370443",7,0.99548519207884645,0.035846549279918483,450,443
fixed_train,2,4,apriori|2|04,"ac370000, ac370443",8,0.99548519207884645,0.031092318226968452,450,449
fixed_train,2,4,apriori|2|04,"ac370000, ac370443",9,0.99548519207884645,0.028927459474020423,450,445
fixed_train,2,4,apriori|2|05,"ac370419, ac370443",0,0.99548519207884645,0.018178942977261081,448,446
fixed_train,2,4,apriori|2|05,"ac370419, ac370443",1,0.99548519207884645,0.011342463966306671,448,446
fixed_train,2,4,apriori|2|05,"ac370419, ac370443",2,0.99548519207884645,0.011399600079130767,448,448
fixed_train,2,4,apriori|2|05,"ac370419, ac370443",3,0.99548519207884645,0.014757600944708349,448,448
fixed_train,2,4,apriori|2|05,"ac370419, ac370443",4,0.99548519207884645,0.012460107053382408,448,447
fixed_train,2,4,apriori|2|05,"ac370419, ac370443",5,0.99548519207884645,0.011370817707736736,448,447
fixed_train,2,4,apriori|2|05,"ac370419, ac370443",6,0.99548519207884645,0.012460107053382408,448,447
fixed_train,2,4,apriori|2|05,"ac370419, ac370443",7,0.99548519207884645,0.0090771394109551151,448,447
fixed_train,2,4,apriori|2|05,"ac370419, ac370443",8,0.99548519207884645,0.0090771394109551151,448,446
fixed_train,2,4,apriori|2|05,"ac370419, ac370443",9,0.99548519207884645,0.013607788521658004,448,446
fixed_train,2,4,apriori|2|06,"ac370000, ac370442",0,0.99548519207884645,0.032424205218552049,445,440
fixed_train,2,4,apriori|2|06,"ac370000, ac370442",1,0.99548519207884645,0.032424205218552049,445,441
fixed_train,2,4,apriori|2|06,"ac370000, ac370442",2,0.99548519207884645,0.034893964807620192,445,445
fixed_train,2,4,apriori|2|06,"ac370000, ac370442",3,0.99548519207884645,0.032499440835771942,445,443
fixed_train,2,4,apriori|2|06,"ac370000, ac370442",4,0.99548519207884645,0.030046023461981264,445,443
fixed_train,2,4,apriori|2|06,"ac370000, ac370442",5,0.99548519207884645,0.028927459474020423,445,438
fixed_train,2,4,apriori|2|06,"ac370000, ac370442",6,0.99548519207884645,0.029910098149261155,445,440
fixed_train,2,4,apriori|2|06,"ac370000, ac370442",7,0.99548519207884645,0.031306168023387371,445,443
fixed_train,2,4,apriori|2|06,"ac370000, ac370442",8,0.99548519207884645,0.033540186011285833,445,442
fixed_train,2,4,apriori|2|06,"ac370000, ac370442",9,0.99548519207884645,0.03095496344268367,445,443
fixed_train,2,4,apriori|2|07,"ac370442, ac370443",0,0.99548519207884645,0.0056701410635680016,443,439
fixed_train,2,4,apriori|2|07,"ac370442, ac370443",1,0.99548519207884645,0.0067918642965582032,443,440
fixed_train,2,4,apriori|2|07,"ac370442, ac370443",2,0.99548519207884645,0.0090771394109551151,443,440
fixed_train,2,4,apriori|2|07,"ac370442, ac370443",3,0.99548519207884645,0.0090771394109551151,443,439
fixed_train,2,4,apriori|2|07,"ac370442, ac370443",4,0.99548519207884645,0.0056701410635680016,443,442
fixed_train,2,4,apriori|2|07,"ac370442, ac370443",5,0.99548519207884645,0.0090296158423073258,443,437
fixed_train,2,4,apriori|2|07,"ac370442, ac370443",6,0.99548519207884645,0.0090771394109551151,443,441
fixed_train,2,4,apriori|2|07,"ac370442, ac370443",7,0.99548519207884645,0.0079334630601728406,443,440
fixed_train,2,4,apriori|2|07,"ac370442, ac370443",8,0.99548519207884645,0.0068118148556036706,443,441
fixed_train,2,4,apriori|2|07,"ac370442, ac370443",9,0.99548519207884645,0.010222916505681967,443,440
fixed_train,2,4,apriori|2|08,"ac370419, ac370442",0,0.99548519207884645,0.014863246712212397,442,439
fixed_train,2,4,apriori|2|08,"ac370419, ac370442",1,0.99548519207884645,0.011370817707736736,442,440
fixed_train,2,4,apriori|2|08,"ac370419, ac370442",2,0.99548519207884645,0.012520866589755819,442,440
fixed_train,2,4,apriori|2|08,"ac370419, ac370442",3,0.99548519207884645,0.011399600079130767,442,440
fixed_train,2,4,apriori|2|08,"ac370419, ac370442",4,0.99548519207884645,0.012460107053382408,442,439
fixed_train,2,4,apriori|2|08,"ac370419, ac370442",5,0.99548519207884645,0.011342463966306671,442,439
fixed_train,2,4,apriori|2|08,"ac370419, ac370442",6,0.99548519207884645,0.011342463966306671,442,441
fixed_train,2,4,apriori|2|08,"ac370419, ac370442",7,0.99548519207884645,0.013706477553140362,442,440
fixed_train,2,4,apriori|2|08,"ac370419, ac370442",8,0.99548519207884645,0.010222916505681967,442,441
fixed_train,2,4,apriori|2|08,"ac370419, ac370442",9,0.99548519207884645,0.013607788521658004,442,439
fixed_train,2,4,apriori|2|09,"370407, ac370443",0,0.99548519207884645,0.012551936785731188,440,439
fixed_train,2,4,apriori|2|09,"370407, ac370443",1,0.99548519207884645,0.018261798921713868,440,436
fixed_train,2,4,apriori|2|09,"370407, ac370443",2,0.99548519207884645,0.015909567887419707,440,440
fixed_train,2,4,apriori|2|09,"370407, ac370443",3,0.99548519207884645,0.016022268815785834,440,438
fixed_train,2,4,apriori|2|09,"370407, ac370443",4,0.99548519207884645,0.013706477553140362,440,439
fixed_train,2,4,apriori|2|09,"370407, ac370443",5,0.99548519207884645,0.017103068707567171,440,439
fixed_train,2,4,apriori|2|09,"370407, ac370443",6,0.99548519207884645,0.014792289857877172,440,439
fixed_train,2,4,apriori|2|09,"370407, ac370443",7,0.99548519207884645,0.020539459606000565,440,440
fixed_train,2,4,apriori|2|09,"370407, ac370443",8,0.99548519207884645,0.024035687556104524,440,439
fixed_train,2,4,apriori|2|09,"370407, ac370443",9,0.99548519207884645,0.018178942977261081,440,439
fixed_train,2,4,apriori|2|10,"370712b, ac370000",0,0.99548519207884645,0.031162544471516118,441,439
fixed_train,2,4,apriori|2|10,"370712b, ac370000",1,0.99548519207884645,0.031233822742652961,441,439
fixed_train,2,4,apriori|2|10,"370712b, ac370000",2,0.99548519207884645,0.028860779801021308,441,438
fixed_train,2,4,apriori|2|10,"370712b, ac370000",3,0.99548519207884645,0.035846549279918483,441,438
fixed_train,2,4,apriori|2|10,"370712b, ac370000",4,0.99548519207884645,0.02767806444508325,441,439
fixed_train,2,4,apriori|2|10,"370712b, ac370000",5,0.99548519207884645,0.031162544471516118,441,439
fixed_train,2,4,apriori|2|10,"370712b, ac370000",6,0.99548519207884645,0.031162544471516118,441,437
fixed_train,2,4,apriori|2|10,"370712b, ac370000",7,0.99548519207884645,0.034812831383079779,441,438
fixed_train,2,4,apriori|2|10,"370712b, ac370000",8,0.99548519207884645,0.027615104411233493,441,439
fixed_train,2,4,apriori|2|10,"370712b, ac370000",9,0.99548519207884645,0.028927459474020423,441,439
fixed_train,2,4,apriori|3|01,"370407, ac370000, ac370419",0,0.99548519207884645,0.036958189738608316,452,450
fixed_train,2,4,apriori|3|01,"370407, ac370000, ac370419",1,0.99548519207884645,0.034976311144124805,452,452
fixed_train,2,4,apriori|3|01,"370407, ac370000, ac370419",2,0.99548519207884645,0.044371581280196359,452,451
fixed_train,2,4,apriori|3|01,"370407, ac370000, ac370419",3,0.99548519207884645,0.034812831383079779,452,451
fixed_train,2,4,apriori|3|01,"370407, ac370000, ac370419",4,0.99548519207884645,0.039622325151804638,452,451
fixed_train,2,4,apriori|3|01,"370407, ac370000, ac370419",5,0.99548519207884645,0.039715734689591664,452,452
fixed_train,2,4,apriori|3|01,"370407, ac370000, ac370419",6,0.99548519207884645,0.038597757074756434,452,452
fixed_train,2,4,apriori|3|01,"370407, ac370000, ac370419",7,0.99548519207884645,0.034976311144124805,452,452
fixed_train,2,4,apriori|3|01,"370407, ac370000, ac370419",8,0.99548519207884645,0.034893964807620192,452,451
fixed_train,2,4,apriori|3|01,"370407, ac370000, ac370419",9,0.99548519207884645,0.038415849368732435,452,452
fixed_train,2,4,apriori|3|02,"ac370000, ac370419, ac370443",0,0.99548519207884645,0.032499440835771942,448,448
fixed_train,2,4,apriori|3|02,"ac370000, ac370419, ac370443",1,0.99548519207884645,0.034812831383079779,448,448
fixed_train,2,4,apriori|3|02,"ac370000, ac370419, ac370443",2,0.99548519207884645,0.041945332155644444,448,448
fixed_train,2,4,apriori|3|02,"ac370000, ac370419, ac370443",3,0.99548519207884645,0.039622325151804638,448,448
fixed_train,2,4,apriori|3|02,"ac370000, ac370419, ac370443",4,0.99548519207884645,0.039530291011005358,448,448
fixed_train,2,4,apriori|3|02,"ac370000, ac370419, ac370443",5,0.99548519207884645,0.033464309142011039,448,448
fixed_train,2,4,apriori|3|02,"ac370000, ac370419, ac370443",6,0.99548519207884645,0.033389552172008674,448,448
fixed_train,2,4,apriori|3|02,"ac370000, ac370419, ac370443",7,0.99548519207884645,0.039262245164150666,448,448
fixed_train,2,4,apriori|3|02,"ac370000, ac370419, ac370443",8,0.99548519207884645,0.039530291011005358,448,447
fixed_train,2,4,apriori|3|02,"ac370000, ac370419, ac370443",9,0.99548519207884645,0.036011131558343679,448,447
fixed_train,2,4,apriori|3|03,"ac370000, ac370442, ac370443",0,0.99548519207884645,0.031233822742652961,443,443
fixed_train,2,4,apriori|3|03,"ac370000, ac370442, ac370443",1,0.99548519207884645,0.031306168023387371,443,443
fixed_train,2,4,apriori|3|03,"ac370000, ac370442, ac370443",2,0.99548519207884645,0.032350078887523726,443,443
fixed_train,2,4,apriori|3|03,"ac370000, ac370442, ac370443",3,0.99548519207884645,0.032350078887523726,443,443
fixed_train,2,4,apriori|3|03,"ac370000, ac370442, ac370443",4,0.99548519207884645,0.037041581861015249,443,443
fixed_train,2,4,apriori|3|03,"ac370000, ac370442, ac370443",5,0.99548519207884645,0.034654134313065965,443,440
fixed_train,2,4,apriori|3|03,"ac370000, ac370442, ac370443",6,0.99548519207884645,0.027615104411233493,443,443
fixed_train,2,4,apriori|3|03,"ac370000, ac370442, ac370443",7,0.99548519207884645,0.038326899528600578,443,443
fixed_train,2,4,apriori|3|03,"ac370000, ac370442, ac370443",8,0.99548519207884645,0.034654134313065965,443,442
fixed_train,2,4,apriori|3|03,"ac370000, ac370442, ac370443",9,0.99548519207884645,0.034654134313065965,443,443
fixed_train,2,4,apriori|3|04,"ac370000, ac370419, ac370442",0,0.99548519207884645,0.029910098149261155,442,441
fixed_train,2,4,apriori|3|04,"ac370000, ac370419, ac370442",1,0.99548519207884645,0.037901439776437118,442,442
fixed_train,2,4,apriori|3|04,"ac370000, ac370419, ac370442",2,0.99548519207884645,0.024089846404521609,442,441
fixed_train,2,4,apriori|3|04,"ac370000, ac370419, ac370442",3,0.99548519207884645,0.034732893539783594,442,442
fixed_train,2,4,apriori|3|04,"ac370000, ac370419, ac370442",4,0.99548519207884645,0.032424205218552049,442,442
fixed_train,2,4,apriori|3|04,"ac370000, ac370419, ac370442",5,0.99548519207884645,0.032350078887523726,442,441
fixed_train,2,4,apriori|3|04,"ac370000, ac370419, ac370442",6,0.99548519207884645,0.037212127909312831,442,441
fixed_train,2,4,apriori|3|04,"ac370000, ac370419, ac370442",7,0.99548519207884645,0.031233822742652961,442,442
fixed_train,2,4,apriori|3|04,"ac370000, ac370419, ac370442",8,0.99548519207884645,0.039262245164150666,442,442
fixed_train,2,4,apriori|3|04,"ac370000, ac370419, ac370442",9,0.99548519207884645,0.039439612477695452,442,441
fixed_train,2,4,apriori|3|05,"ac370419, ac370442, ac370443",0,0.99548519207884645,0.015909567887419707,441,441
fixed_train,2,4,apriori|3|05,"ac370419, ac370442, ac370443",1,0.99548519207884645,0.013607788521658004,441,441
fixed_train,2,4,apriori|3|05,"ac370419, ac370442, ac370443",2,0.99548519207884645,0.013607788521658004,441,441
fixed_train,2,4,apriori|3|05,"ac370419, ac370442, ac370443",3,0.99548519207884645,0.011342463966306671,441,441
fixed_train,2,4,apriori|3|05,"ac370419, ac370442, ac370443",4,0.99548519207884645,0.014723429049987136,441,441
fixed_train,2,4,apriori|3|05,"ac370419, ac370442, ac370443",5,0.99548519207884645,0.01594657379349762,441,441
fixed_train,2,4,apriori|3|05,"ac370419, ac370442, ac370443",6,0.99548519207884645,0.017103068707567171,441,439
fixed_train,2,4,apriori|3|05,"ac370419, ac370442, ac370443",7,0.99548519207884645,0.018178942977261081,441,441
fixed_train,2,4,apriori|3|05,"ac370419, ac370442, ac370443",8,0.99548519207884645,0.0090531987401005765,441,441
fixed_train,2,4,apriori|3|05,"ac370419, ac370442, ac370443",9,0.99548519207884645,0.015909567887419707,441,441
fixed_train,2,4,apriori|3|06,"370407, ac370000, ac370443",0,0.99548519207884645,0.041945332155644444,440,440
fixed_train,2,4,apriori|3|06,"370407, ac370000, ac370443",1,0.99548519207884645,0.033617198729486764,440,439
fixed_train,2,4,apriori|3|06,"370407, ac370000, ac370443",2,0.99548519207884645,0.029977555328385974,440,440
fixed_train,2,4,apriori|3|06,"370407, ac370000, ac370443",3,0.99548519207884645,0.045274203439371496,440,440
fixed_train,2,4,apriori|3|06,"370407, ac370000, ac370443",4,0.99548519207884645,0.030046023461981264,440,440
fixed_train,2,4,apriori|3|06,"370407, ac370000, ac370443",5,0.99548519207884645,0.026497850336888229,440,439
fixed_train,2,4,apriori|3|06,"370407, ac370000, ac370443",6,0.99548519207884645,0.032350078887523726,440,440
fixed_train,2,4,apriori|3|06,"370407, ac370000, ac370443",7,0.99548519207884645,0.036011131558343679,440,440
fixed_train,2,4,apriori|3|06,"370407, ac370000, ac370443",8,0.99548519207884645,0.037126221930387615,440,440
fixed_train,2,4,apriori|3|06,"370407, ac370000, ac370443",9,0.99548519207884645,0.036011131558343679,440,439
fixed_train,2,4,apriori|3|07,"370407, ac370419, ac370443",0,0.99548519207884645,0.021751647917924055,440,440
fixed_train,2,4,apriori|3|07,"370407, ac370419, ac370443",1,0.99548519207884645,0.022971948716881574,440,440
fixed_train,2,4,apriori|3|07,"370407, ac370419, ac370443",2,0.99548519207884645,0.021702560112223712,440,440
fixed_train,2,4,apriori|3|07,"370407, ac370419, ac370443",3,0.99548519207884645,0.013673086936314194,440,440
fixed_train,2,4,apriori|3|07,"370407, ac370419, ac370443",4,0.99548519207884645,0.019422788978886607,440,440
fixed_train,2,4,apriori|3|07,"370407, ac370419, ac370443",5,0.99548519207884645,0.019422788978886607,440,440
fixed_train,2,4,apriori|3|07,"370407, ac370419, ac370443",6,0.99548519207884645,0.021654200629403153,440,440
fixed_train,2,4,apriori|3|07,"370407, ac370419, ac370443",7,0.99548519207884645,0.026205332551238913,440,440
fixed_train,2,4,apriori|3|07,"370407, ac370419, ac370443",8,0.99548519207884645,0.021606559662241009,440,440
fixed_train,2,4,apriori|3|07,"370407, ac370419, ac370443",9,0.99548519207884645,0.018261798921713868,440,440
fixed_train,2,4,apriori|3|08,"370407, ac370000, ac370442",0,0.99548519207884645,0.026437589047358601,435,435
fixed_train,2,4,apriori|3|08,"370407, ac370000, ac370442",1,0.99548519207884645,0.034732893539783594,435,435
fixed_train,2,4,apriori|3|08,"370407, ac370000, ac370442",2,0.99548519207884645,0.034893964807620192,435,435
fixed_train,2,4,apriori|3|08,"370407, ac370000, ac370442",3,0.99548519207884645,0.033695363588086669,435,435
fixed_train,2,4,apriori|3|08,"370407, ac370000, ac370442",4,0.99548519207884645,0.031162544471516118,435,435
fixed_train,2,4,apriori|3|08,"370407, ac370000, ac370442",5,0.99548519207884645,0.035846549279918483,435,435
fixed_train,2,4,apriori|3|08,"370407, ac370000, ac370442",6,0.99548519207884645,0.023079082678478025,435,435
fixed_train,2,4,apriori|3|08,"370407, ac370000, ac370442",7,0.99548519207884645,0.033464309142011039,435,435
fixed_train,2,4,apriori|3|08,"370407, ac370000, ac370442",8,0.99548519207884645,0.033617198729486764,435,435
fixed_train,2,4,apriori|3|08,"370407, ac370000, ac370442",9,0.99548519207884645,0.03576607381250585,435,435
fixed_train,2,4,apriori|3|09,"370407, ac370419, ac370442",0,0.99548519207884645,0.019467608279743365,434,434
fixed_train,2,4,apriori|3|09,"370407, ac370419, ac370442",1,0.99548519207884645,0.016022268815785834,434,434
fixed_train,2,4,apriori|3|09,"370407, ac370419, ac370442",2,0.99548519207884645,0.022717693156944163,434,433
fixed_train,2,4,apriori|3|09,"370407, ac370419, ac370442",3,0.99548519207884645,0.014827502746649124,434,434
fixed_train,2,4,apriori|3|09,"370407, ac370419, ac370442",4,0.99548519207884645,0.019335136394119656,434,434
fixed_train,2,4,apriori|3|09,"370407, ac370419, ac370442",5,0.99548519207884645,0.015909567887419707,434,434
fixed_train,2,4,apriori|3|09,"370407, ac370419, ac370442",6,0.99548519207884645,0.021751647917924055,434,434
fixed_train,2,4,apriori|3|09,"370407, ac370419, ac370442",7,0.99548519207884645,0.020493547507864585,434,434
fixed_train,2,4,apriori|3|09,"370407, ac370419, ac370442",8,0.99548519207884645,0.026205332551238913,434,432
fixed_train,2,4,apriori|3|09,"370407, ac370419, ac370442",9,0.99548519207884645,0.017063713125998414,434,434
fixed_train,2,4,apriori|3|10,"370407, ac370442, ac370443",0,0.99548519207884645,0.01702494316422154,433,433
fixed_train,2,4,apriori|3|10,"370407, ac370442, ac370443",1,0.99548519207884645,0.022817120290287485,433,433
fixed_train,2,4,apriori|3|10,"370407, ac370442, ac370443",2,0.99548519207884645,0.016986751046591975,433,433
fixed_train,2,4,apriori|3|10,"370407, ac370442, ac370443",3,0.99548519207884645,0.019378634668484995,433,433
fixed_train,2,4,apriori|3|10,"370407, ac370442, ac370443",4,0.99548519207884645,0.015837202070727585,433,433
fixed_train,2,4,apriori|3|10,"370407, ac370442, ac370443",5,0.99548519207884645,0.018261798921713868,433,433
fixed_train,2,4,apriori|3|10,"370407, ac370442, ac370443",6,0.99548519207884645,0.018220060650681047,433,433
fixed_train,2,4,apriori|3|10,"370407, ac370442, ac370443",7,0.99548519207884645,0.017063713125998414,433,433
fixed_train,2,4,apriori|3|10,"370407, ac370442, ac370443",8,0.99548519207884645,0.019250073043196814,433,433
fixed_train,2,4,apriori|3|10,"370407, ac370442, ac370443",9,0.99548519207884645,0.024089846404521609,433,433
fixed_train,2,4,impressed|1|01,ac419100,0,0.99548519207884645,0.021654200629403153,588,480
fixed_train,2,4,impressed|1|01,ac419100,1,0.99548519207884645,0.015984138237427281,588,491
fixed_train,2,4,impressed|1|01,ac419100,2,0.99548519207884645,0.019467608279743365,588,489
fixed_train,2,4,impressed|1|01,ac419100,3,0.99548519207884645,0.021702560112223712,588,476
fixed_train,2,4,impressed|1|01,ac419100,4,0.99548519207884645,0.019378634668484995,588,489
fixed_train,2,4,impressed|1|01,ac419100,5,0.99548519207884645,0.017143017845549613,588,485
fixed_train,2,4,impressed|1|01,ac419100,6,0.99548519207884645,0.014827502746649124,588,482
fixed_train,2,4,impressed|1|01,ac419100,7,0.99548519207884645,0.019378634668484995,588,483
fixed_train,2,4,impressed|1|01,ac419100,8,0.99548519207884645,0.020539459606000565,588,472
fixed_train,2,4,impressed|1|01,ac419100,9,0.99548519207884645,0.018304166231001284,588,492
fixed_train,2,4,impressed|1|02,ac370000,0,0.99548519207884645,0.21212137515543139,563,559
fixed_train,2,4,impressed|1|02,ac370000,1,0.99548519207884645,0.21487257226878265,563,561
fixed_train,2,4,impressed|1|02,ac370000,2,0.99548519207884645,0.1994669523763587,563,560
fixed_train,2,4,impressed|1|02,ac370000,3,0.99548519207884645,0.23189649133963353,563,559
fixed_train,2,4,impressed|1|02,ac370000,4,0.99548519207884645,0.20397099565189203,563,558
fixed_train,2,4,impressed|1|02,ac370000,5,0.99548519207884645,0.20209402202056925,563,560
fixed_train,2,4,impressed|1|02,ac370000,6,0.99548519207884645,0.21120066059405784,563,559
fixed_train,2,4,impressed|1|02,ac370000,7,0.99548519207884645,0.21211298258085887,563,560
fixed_train,2,4,impressed|1|02,ac370000,8,0.99548519207884645,0.19453780409110366,563,560
fixed_train,2,4,impressed|1|02,ac370000,9,0.99548519207884645,0.21578551852934191,563,558
fixed_train,2,4,impressed|1|03,ac415100,0,0.99548519207884645,0.0067918642965582032,186,175
fixed_train,2,4,impressed|1|03,ac415100,1,0.99548519207884645,0.010120711307223695,186,173
fixed_train,2,4,impressed|1|03,ac415100,2,0.99548519207884645,0.01017104376221778,186,170
fixed_train,2,4,impressed|1|03,ac415100,3,0.99548519207884645,0.0079116819647760961,186,173
fixed_train,2,4,impressed|1|03,ac415100,4,0.99548519207884645,0.0079116819647760961,186,167
fixed_train,2,4,impressed|1|03,ac415100,5,0.99548519207884645,0.0067918642965582032,186,176
fixed_train,2,4,impressed|1|03,ac415100,6,0.99548519207884645,0.011259918378757394,186,164
fixed_train,2,4,impressed|1|03,ac415100,7,0.99548519207884645,0.0067918642965582032,186,174
fixed_train,2,4,impressed|1|03,ac415100,8,0.99548519207884645,0.010145687514183099,186,170
fixed_train,2,4,impressed|1|03,ac415100,9,0.99548519207884645,0.012372329650051084,186,170
fixed_train,2,4,impressed|1|04,ac10307,0,0.99548519207884645,0.0056701410635680016,117,104
fixed_train,2,4,impressed|1|04,ac10307,1,0.99548519207884645,0.010249443321634577,117,105
fixed_train,2,4,impressed|1|04,ac10307,2,0.99548519207884645,0.0091014426178953611,117,99
fixed_train,2,4,impressed|1|04,ac10307,3,0.99548519207884645,0.0091014426178953611,117,98
fixed_train,2,4,impressed|1|04,ac10307,4,0.99548519207884645,0.004530529853015941,117,104
fixed_train,2,4,impressed|1|04,ac10307,5,0.99548519207884645,0.010249443321634577,117,104
fixed_train,2,4,impressed|1|04,ac10307,6,0.99548519207884645,0.0068118148556036706,117,94
fixed_train,2,4,impressed|1|04,ac10307,7,0.99548519207884645,0.0079334630601728406,117,101
fixed_train,2,4,impressed|1|04,ac10307,8,0.99548519207884645,0.0068118148556036706,117,98
fixed_train,2,4,impressed|1|04,ac10307,9,0.99548519207884645,0.0079334630601728406,117,100
fixed_train,2,4,impressed|1|05,ac355427,0,0.99548519207884645,0.0022691954094734568,24,22
fixed_train,2,4,impressed|1|05,ac355427,1,0.99548519207884645,0.0022691954094734568,24,21
fixed_train,2,4,impressed|1|05,ac355427,2,0.99548519207884645,0,24,22
fixed_train,2,4,impressed|1|05,ac355427,3,0.99548519207884645,0.0022691954094734568,24,16
fixed_train,2,4,impressed|1|05,ac355427,4,0.99548519207884645,0.0022691954094734568,24,20
fixed_train,2,4,impressed|1|05,ac355427,5,0.99548519207884645,0,24,19
fixed_train,2,4,impressed|1|05,ac355427,6,0.99548519207884645,0.0022574039605768315,24,20
fixed_train,2,4,impressed|1|05,ac355427,7,0.99548519207884645,0.003392958369892618,24,21
fixed_train,2,4,impressed|1|05,ac355427,8,0.99548519207884645,0.0022691954094734568,24,23
fixed_train,2,4,impressed|1|05,ac355427,9,0.99548519207884645,0.0011335965724507124,24,21
fixed_train,2,4,impressed|1|06,ac388170,0,0.99548519207884645,0,4,3
fixed_train,2,4,impressed|1|06,ac388170,1,0.99548519207884645,0,4,3
fixed_train,2,4,impressed|1|06,ac388170,2,0.99548519207884645,0,4,3
fixed_train,2,4,impressed|1|06,ac388170,3,0.99548519207884645,0,4,2
fixed_train,2,4,impressed|1|06,ac388170,4,0.99548519207884645,0,4,1
fixed_train,2,4,impressed|1|06,ac388170,5,0.99548519207884645,0,4,3
fixed_train,2,4,impressed|1|06,ac388170,6,0.99548519207884645,0,4,3
fixed_train,2,4,impressed|1|06,ac388170,7,0.99548519207884645,0,4,2
fixed_train,2,4,impressed|1|06,ac388170,8,0.99548519207884645,0,4,2
fixed_train,2,4,impressed|1|06,ac388170,9,0.99548519207884645,0,4,1
fixed_train,2,4,impressed|1|07,387070a,0,0.99548519207884645,0,2,1
fixed_train,2,4,impressed|1|07,387070a,1,0.99548519207884645,0,2,0
fixed_train,2,4,impressed|1|07,387070a,2,0.99548519207884645,0,2,0
fixed_train,2,4,impressed|1|07,387070a,3,0.99548519207884645,0,2,1
fixed_train,2,4,impressed|1|07,387070a,4,0.99548519207884645,0,2,1
fixed_train,2,4,impressed|1|07,387070a,5,0.99548519207884645,0,2,0
fixed_train,2,4,impressed|1|07,387070a,6,0.99548519207884645,0,2,1
fixed_train,2,4,impressed|1|07,387070a,7,0.99548519207884645,0,2,0
fixed_train,2,4,impressed|1|07,387070a,8,0.99548519207884645,0,2,1
fixed_train,2,4,impressed|1|07,387070a,9,0.99548519207884645,0,2,0
fixed_train,2,4,impressed|1|08,ac370402,0,0.99548519207884645,0.0068118148556036706,413,399
fixed_train,2,4,impressed|1|08,ac370402,1,0.99548519207884645,0.01019678505677768,413,404
fixed_train,2,4,impressed|1|08,ac370402,2,0.99548519207884645,0.0079334630601728406,413,393
fixed_train,2,4,impressed|1|08,ac370402,3,0.99548519207884645,0.0056882320666555852,413,389
fixed_train,2,4,impressed|1|08,ac370402,4,0.99548519207884645,0.0091014426178953611,413,400
fixed_train,2,4,impressed|1|08,ac370402,5,0.99548519207884645,0.0034068190669632736,413,395
fixed_train,2,4,impressed|1|08,ac370402,6,0.99548519207884645,0.0079116819647760961,413,407
fixed_train,2,4,impressed|1|08,ac370402,7,0.99548519207884645,0.0068320675280538756,413,384
fixed_train,2,4,impressed|1|08,ac370402,8,0.99548519207884645,0.0079334630601728406,413,383
fixed_train,2,4,impressed|1|08,ac370402,9,0.99548519207884645,0.0068118148556036706,413,397
fixed_train,2,4,impressed|1|09,370488g,0,0.99548519207884645,0.0056882320666555852,429,403
fixed_train,2,4,impressed|1|09,370488g,1,0.99548519207884645,0.0067722118817304944,429,406
fixed_train,2,4,impressed|1|09,370488g,2,0.99548519207884645,0.0045464903002522261,429,404
fixed_train,2,4,impressed|1|09,370488g,3,0.99548519207884645,0.0022691954094734568,429,406
fixed_train,2,4,impressed|1|09,370488g,4,0.99548519207884645,0.004530529853015941,429,406
fixed_train,2,4,impressed|1|09,370488g,5,0.99548519207884645,0.0034068190669632736,429,412
fixed_train,2,4,impressed|1|09,370488g,6,0.99548519207884645,0.0045464903002522261,429,408
fixed_train,2,4,impressed|1|09,370488g,7,0.99548519207884645,0.010222916505681967,429,402
fixed_train,2,4,impressed|1|09,370488g,8,0.99548519207884645,0.0045464903002522261,429,404
fixed_train,2,4,impressed|1|09,370488g,9,0.99548519207884645,0.0056701410635680016,429,413
fixed_train,2,4,impressed|1|10,370488e,0,0.99548519207884645,0.003392958369892618,430,414
fixed_train,2,4,impressed|1|10,370488e,1,0.99548519207884645,0.0045148079211537739,430,409
fixed_train,2,4,impressed|1|10,370488e,2,0.99548519207884645,0.0068320675280538756,430,410
fixed_train,2,4,impressed|1|10,370488e,3,0.99548519207884645,0.0034068190669632736,430,413
fixed_train,2,4,impressed|1|10,370488e,4,0.99548519207884645,0.0068118148556036706,430,410
fixed_train,2,4,impressed|1|10,370488e,5,0.99548519207884645,0.01019678505677768,430,409
fixed_train,2,4,impressed|1|10,370488e,6,0.99548519207884645,0.0056701410635680016,430,412
fixed_train,2,4,impressed|1|10,370488e,7,0.99548519207884645,0.010249443321634577,430,409
fixed_train,2,4,impressed|1|10,370488e,8,0.99548519207884645,0.0056882320666555852,430,415
fixed_train,2,4,impressed|1|10,370488e,9,0.99548519207884645,0.0034068190669632736,430,409
fixed_train,2,4,impressed|2|01,"ac370000, ac370402",0,0.99548519207884645,0.030186050288463995,413,410
fixed_train,2,4,impressed|2|01,"ac370000, ac370402",1,0.99548519207884645,0.032575801705927554,413,412
fixed_train,2,4,impressed|2|01,"ac370000, ac370402",2,0.99548519207884645,0.031233822742652961,413,410
fixed_train,2,4,impressed|2|01,"ac370000, ac370402",3,0.99548519207884645,0.037212127909312831,413,412
fixed_train,2,4,impressed|2|01,"ac370000, ac370402",4,0.99548519207884645,0.028927459474020423,413,413
fixed_train,2,4,impressed|2|01,"ac370000, ac370402",5,0.99548519207884645,0.033695363588086669,413,412
fixed_train,2,4,impressed|2|01,"ac370000, ac370402",6,0.99548519207884645,0.032424205218552049,413,408
fixed_train,2,4,impressed|2|01,"ac370000, ac370402",7,0.99548519207884645,0.033695363588086669,413,410
fixed_train,2,4,impressed|2|01,"ac370000, ac370402",8,0.99548519207884645,0.028860779801021308,413,410
fixed_train,2,4,impressed|2|01,"ac370000, ac370402",9,0.99548519207884645,0.031233822742652961,413,412
fixed_train,2,4,impressed|2|02,"370401c, ac370000",0,0.99548519207884645,0.045588983830850083,424,422
fixed_train,2,4,impressed|2|02,"370401c, ac370000",1,0.99548519207884645,0.032499440835771942,424,422
fixed_train,2,4,impressed|2|02,"370401c, ac370000",2,0.99548519207884645,0.034654134313065965,424,421
fixed_train,2,4,impressed|2|02,"370401c, ac370000",3,0.99548519207884645,0.032499440835771942,424,423
fixed_train,2,4,impressed|2|02,"370401c, ac370000",4,0.99548519207884645,0.034893964807620192,424,420
fixed_train,2,4,impressed|2|02,"370401c, ac370000",5,0.99548519207884645,0.031306168023387371,424,421
fixed_train,2,4,impressed|2|02,"370401c, ac370000",6,0.99548519207884645,0.033774697229285278,424,423
fixed_train,2,4,impressed|2|02,"370401c, ac370000",7,0.99548519207884645,0.031306168023387371,424,418
fixed_train,2,4,impressed|2|02,"370401c, ac370000",8,0.99548519207884645,0.039622325151804638,424,422
fixed_train,2,4,impressed|2|02,"370401c, ac370000",9,0.99548519207884645,0.040642667498857588,424,422
fixed_train,2,4,impressed|2|03,"ac370000, ac370403",0,0.99548519207884645,0.044476365925461003,430,430
fixed_train,2,4,impressed|2|03,"ac370000, ac370403",1,0.99548519207884645,0.039530291011005358,430,428
fixed_train,2,4,impressed|2|03,"ac370000, ac370403",2,0.99548519207884645,0.032424205218552049,430,429
fixed_train,2,4,impressed|2|03,"ac370000, ac370403",3,0.99548519207884645,0.033695363588086669,430,427
fixed_train,2,4,impressed|2|03,"ac370000, ac370403",4,0.99548519207884645,0.033540186011285833,430,426
fixed_train,2,4,impressed|2|03,"ac370000, ac370403",5,0.99548519207884645,0.033774697229285278,430,426
fixed_train,2,4,impressed|2|03,"ac370000, ac370403",6,0.99548519207884645,0.040550290847785164,430,425
fixed_train,2,4,impressed|2|03,"ac370000, ac370403",7,0.99548519207884645,0.031233822742652961,430,425
fixed_train,2,4,impressed|2|03,"ac370000, ac370403",8,0.99548519207884645,0.04092816599345428,430,428
fixed_train,2,4,impressed|2|03,"ac370000, ac370403",9,0.99548519207884645,0.039530291011005358,430,428
fixed_train,2,4,impressed|2|04,"ac411100, ac419100",0,0.99548519207884645,0.016022268815785834,331,298
fixed_train,2,4,impressed|2|04,"ac411100, ac419100",1,0.99548519207884645,0.020493547507864585,331,305
fixed_train,2,4,impressed|2|04,"ac411100, ac419100",2,0.99548519207884645,0.017063713125998414,331,300
fixed_train,2,4,impressed|2|04,"ac411100, ac419100",3,0.99548519207884645,0.018220060650681047,331,304
fixed_train,2,4,impressed|2|04,"ac411100, ac419100",4,0.99548519207884645,0.015984138237427281,331,302
fixed_train,2,4,impressed|2|04,"ac411100, ac419100",5,0.99548519207884645,0.01364019279757811,331,305
fixed_train,2,4,impressed|2|04,"ac411100, ac419100",6,0.99548519207884645,0.018220060650681047,331,303
fixed_train,2,4,impressed|2|04,"ac411100, ac419100",7,0.99548519207884645,0.017063713125998414,331,293
fixed_train,2,4,impressed|2|04,"ac411100, ac419100",8,0.99548519207884645,0.019335136394119656,331,300
fixed_train,2,4,impressed|2|04,"ac411100, ac419100",9,0.99548519207884645,0.021654200629403153,331,297
fixed_train,2,4,impressed|2|05,"ac411100, ac415100",0,0.99548519207884645,0.01017104376221778,158,150
fixed_train,2,4,impressed|2|05,"ac411100, ac415100",1,0.99548519207884645,0.01019678505677768,158,151
fixed_train,2,4,impressed|2|05,"ac411100, ac415100",2,0.99548519207884645,0.0079116819647760961,158,149
fixed_train,2,4,impressed|2|05,"ac411100, ac415100",3,0.99548519207884645,0.011287019802884157,158,151
fixed_train,2,4,impressed|2|05,"ac411100, ac415100",4,0.99548519207884645,0.0079334630601728406,158,154
fixed_train,2,4,impressed|2|05,"ac411100, ac415100",5,0.99548519207884645,0.012430405559659463,158,151
fixed_train,2,4,impressed|2|05,"ac411100, ac415100",6,0.99548519207884645,0.0090531987401005765,158,154
fixed_train,2,4,impressed|2|05,"ac411100, ac415100",7,0.99548519207884645,0.012430405559659463,158,154
fixed_train,2,4,impressed|2|05,"ac411100, ac415100",8,0.99548519207884645,0.0079116819647760961,158,151
fixed_train,2,4,impressed|2|05,"ac411100, ac415100",9,0.99548519207884645,0.012430405559659463,158,153
fixed_train,2,4,impressed|2|06,"ac415100, ac419100",0,0.99548519207884645,0.0090531987401005765,176,164
fixed_train,2,4,impressed|2|06,"ac415100, ac419100",1,0.99548519207884645,0.010145687514183099,176,162
fixed_train,2,4,impressed|2|06,"ac415100, ac419100",2,0.99548519207884645,0.0090296158423073258,176,161
fixed_train,2,4,impressed|2|06,"ac415100, ac419100",3,0.99548519207884645,0.011314533183642839,176,157
fixed_train,2,4,impressed|2|06,"ac415100, ac419100",4,0.99548519207884645,0.011314533183642839,176,165
fixed_train,2,4,impressed|2|06,"ac415100, ac419100",5,0.99548519207884645,0.0090771394109551151,176,161
fixed_train,2,4,impressed|2|06,"ac415100, ac419100",6,0.99548519207884645,0.012430405559659463,176,160
fixed_train,2,4,impressed|2|06,"ac415100, ac419100",7,0.99548519207884645,0.0090531987401005765,176,163
fixed_train,2,4,impressed|2|06,"ac415100, ac419100",8,0.99548519207884645,0.0090531987401005765,176,159
fixed_train,2,4,impressed|2|06,"ac415100, ac419100",9,0.99548519207884645,0.012430405559659463,176,166
fixed_train,2,4,impressed|2|07,"ac10307, ac411100",0,0.99548519207884645,0.0056701410635680016,112,108
fixed_train,2,4,impressed|2|07,"ac10307, ac411100",1,0.99548519207884645,0.0068118148556036706,112,110
fixed_train,2,4,impressed|2|07,"ac10307, ac411100",2,0.99548519207884645,0.0056701410635680016,112,110
fixed_train,2,4,impressed|2|07,"ac10307, ac411100",3,0.99548519207884645,0.0068118148556036706,112,107
fixed_train,2,4,impressed|2|07,"ac10307, ac411100",4,0.99548519207884645,0.0079555742861687762,112,109
fixed_train,2,4,impressed|2|07,"ac10307, ac411100",5,0.99548519207884645,0.0068118148556036706,112,103
fixed_train,2,4,impressed|2|07,"ac10307, ac411100",6,0.99548519207884645,0.0068118148556036706,112,108
fixed_train,2,4,impressed|2|07,"ac10307, ac411100",7,0.99548519207884645,0.0056701410635680016,112,104
fixed_train,2,4,impressed|2|07,"ac10307, ac411100",8,0.99548519207884645,0.0079555742861687762,112,108
fixed_train,2,4,impressed|2|07,"ac10307, ac411100",9,0.99548519207884645,0.0079555742861687762,112,110
fixed_train,2,4,impressed|2|08,"ac10307, ac419100",0,0.99548519207884645,0.0067918642965582032,106,101
fixed_train,2,4,impressed|2|08,"ac10307, ac419100",1,0.99548519207884645,0.0079334630601728406,106,106
fixed_train,2,4,impressed|2|08,"ac10307, ac419100",2,0.99548519207884645,0.0045464903002522261,106,103
fixed_train,2,4,impressed|2|08,"ac10307, ac419100",3,0.99548519207884645,0.0056701410635680016,106,101
fixed_train,2,4,impressed|2|08,"ac10307, ac419100",4,0.99548519207884645,0.0068118148556036706,106,102
fixed_train,2,4,impressed|2|08,"ac10307, ac419100",5,0.99548519207884645,0.0079555742861687762,106,104
fixed_train,2,4,impressed|2|08,"ac10307, ac419100",6,0.99548519207884645,0.0079555742861687762,106,100
fixed_train,2,4,impressed|2|08,"ac10307, ac419100",7,0.99548519207884645,0.0079555742861687762,106,102
fixed_train,2,4,impressed|2|08,"ac10307, ac419100",8,0.99548519207884645,0.0079334630601728406,106,103
fixed_train,2,4,impressed|2|08,"ac10307, ac419100",9,0.99548519207884645,0.0056882320666555852,106,101
fixed_train,2,4,impressed|2|09,"ac10307, ac415100",0,0.99548519207884645,0.0056523201673343015,50,49
fixed_train,2,4,impressed|2|09,"ac10307, ac415100",1,0.99548519207884645,0.0056701410635680016,50,50
fixed_train,2,4,impressed|2|09,"ac10307, ac415100",2,0.99548519207884645,0.0056701410635680016,50,49
fixed_train,2,4,impressed|2|09,"ac10307, ac415100",3,0.99548519207884645,0.0045464903002522261,50,49
fixed_train,2,4,impressed|2|09,"ac10307, ac415100",4,0.99548519207884645,0.0056701410635680016,50,50
fixed_train,2,4,impressed|2|09,"ac10307, ac415100",5,0.99548519207884645,0.0056701410635680016,50,48
fixed_train,2,4,impressed|2|09,"ac10307, ac415100",6,0.99548519207884645,0.0056701410635680016,50,50
fixed_train,2,4,impressed|2|09,"ac10307, ac415100",7,0.99548519207884645,0.0056701410635680016,50,50
fixed_train,2,4,impressed|2|09,"ac10307, ac415100",8,0.99548519207884645,0.0056701410635680016,50,48
fixed_train,2,4,impressed|2|09,"ac10307, ac415100",9,0.99548519207884645,0.0056701410635680016,50,49
fixed_train,2,4,impressed|2|10,"ac355201, ac415100",0,0.99548519207884645,0.002245789064522552,24,24
fixed_train,2,4,impressed|2|10,"ac355201, ac415100",1,0.99548519207884645,0.002245789064522552,24,24
fixed_train,2,4,impressed|2|10,"ac355201, ac415100",2,0.99548519207884645,0.002245789064522552,24,23
fixed_train,2,4,impressed|2|10,"ac355201, ac415100",3,0.99548519207884645,0.002245789064522552,24,24
fixed_train,2,4,impressed|2|10,"ac355201, ac415100",4,0.99548519207884645,0.002245789064522552,24,24
fixed_train,2,4,impressed|2|10,"ac355201, ac415100",5,0.99548519207884645,0.0011238441693606216,24,23
fixed_train,2,4,impressed|2|10,"ac355201, ac415100",6,0.99548519207884645,0.002245789064522552,24,22
fixed_train,2,4,impressed|2|10,"ac355201, ac415100",7,0.99548519207884645,0.002245789064522552,24,23
fixed_train,2,4,impressed|2|10,"ac355201, ac415100",8,0.99548519207884645,0.0011238441693606216,24,23
fixed_train,2,4,impressed|2|10,"ac355201, ac415100",9,0.99548519207884645,0.002245789064522552,24,23
fixed_train,2,4,impressed|3|01,"ac411100, ac415100, ac419100",0,0.99548519207884645,0.01019678505677768,147,140
fixed_train,2,4,impressed|3|01,"ac411100, ac415100, ac419100",1,0.99548519207884645,0.011314533183642839,147,141
fixed_train,2,4,impressed|3|01,"ac411100, ac415100, ac419100",2,0.99548519207884645,0.011314533183642839,147,144
fixed_train,2,4,impressed|3|01,"ac411100, ac415100, ac419100",3,0.99548519207884645,0.01019678505677768,147,142
fixed_train,2,4,impressed|3|01,"ac411100, ac415100, ac419100",4,0.99548519207884645,0.01019678505677768,147,138
fixed_train,2,4,impressed|3|01,"ac411100, ac415100, ac419100",5,0.99548519207884645,0.012430405559659463,147,138
fixed_train,2,4,impressed|3|01,"ac411100, ac415100, ac419100",6,0.99548519207884645,0.01019678505677768,147,138
fixed_train,2,4,impressed|3|01,"ac411100, ac415100, ac419100",7,0.99548519207884645,0.011314533183642839,147,135
fixed_train,2,4,impressed|3|01,"ac411100, ac415100, ac419100",8,0.99548519207884645,0.0079555742861687762,147,142
fixed_train,2,4,impressed|3|01,"ac411100, ac415100, ac419100",9,0.99548519207884645,0.011314533183642839,147,141
fixed_train,2,4,impressed|3|02,"ac10307, ac411100, ac419100",0,0.99548519207884645,0.0079334630601728406,100,100
fixed_train,2,4,impressed|3|02,"ac10307, ac411100, ac419100",1,0.99548519207884645,0.0068320675280538756,100,97
fixed_train,2,4,impressed|3|02,"ac10307, ac411100, ac419100",2,0.99548519207884645,0.0079555742861687762,100,96
fixed_train,2,4,impressed|3|02,"ac10307, ac411100, ac419100",3,0.99548519207884645,0.0068320675280538756,100,99
fixed_train,2,4,impressed|3|02,"ac10307, ac411100, ac419100",4,0.99548519207884645,0.0079555742861687762,100,100
fixed_train,2,4,impressed|3|02,"ac10307, ac411100, ac419100",5,0.99548519207884645,0.0079555742861687762,100,99
fixed_train,2,4,impressed|3|02,"ac10307, ac411100, ac419100",6,0.99548519207884645,0.0068118148556036706,100,97
fixed_train,2,4,impressed|3|02,"ac10307, ac411100, ac419100",7,0.99548519207884645,0.0068118148556036706,100,98
fixed_train,2,4,impressed|3|02,"ac10307, ac411100, ac419100",8,0.99548519207884645,0.0056701410635680016,100,97
fixed_train,2,4,impressed|3|02,"ac10307, ac411100, ac419100",9,0.99548519207884645,0.0068320675280538756,100,97
fixed_train,2,4,impressed|3|03,"ac370000, ac411100, ac415100",0,0.99548519207884645,0.0090771394109551151,93,92
fixed_train,2,4,impressed|3|03,"ac370000, ac411100, ac415100",1,0.99548519207884645,0.0079334630601728406,93,93
fixed_train,2,4,impressed|3|03,"ac370000, ac411100, ac415100",2,0.99548519207884645,0.0090771394109551151,93,93
fixed_train,2,4,impressed|3|03,"ac370000, ac411100, ac415100",3,0.99548519207884645,0.0079555742861687762,93,93
fixed_train,2,4,impressed|3|03,"ac370000, ac411100, ac415100",4,0.99548519207884645,0.0079555742861687762,93,93
fixed_train,2,4,impressed|3|03,"ac370000, ac411100, ac415100",5,0.99548519207884645,0.0079555742861687762,93,93
fixed_train,2,4,impressed|3|03,"ac370000, ac411100, ac415100",6,0.99548519207884645,0.01019678505677768,93,93
fixed_train,2,4,impressed|3|03,"ac370000, ac411100, ac415100",7,0.99548519207884645,0.0090771394109551151,93,93
fixed_train,2,4,impressed|3|03,"ac370000, ac411100, ac415100",8,0.99548519207884645,0.0079555742861687762,93,92
fixed_train,2,4,impressed|3|03,"ac370000, ac411100, ac415100",9,0.99548519207884645,0.0068320675280538756,93,93
fixed_train,2,4,impressed|3|04,"ac355201, ac415100, ac419100",0,0.99548519207884645,0.002245789064522552,24,24
fixed_train,2,4,impressed|3|04,"ac355201, ac415100, ac419100",1,0.99548519207884645,0.0011238441693606216,24,23
fixed_train,2,4,impressed|3|04,"ac355201, ac415100, ac419100",2,0.99548519207884645,0.002245789064522552,24,24
fixed_train,2,4,impressed|3|04,"ac355201, ac415100, ac419100",3,0.99548519207884645,0.0033658562787419744,24,23
fixed_train,2,4,impressed|3|04,"ac355201, ac415100, ac419100",4,0.99548519207884645,0.002245789064522552,24,24
fixed_train,2,4,impressed|3|04,"ac355201, ac415100, ac419100",5,0.99548519207884645,0.0033658562787419744,24,23
fixed_train,2,4,impressed|3|04,"ac355201, ac415100, ac419100",6,0.99548519207884645,0.002245789064522552,24,23
fixed_train,2,4,impressed|3|04,"ac355201, ac415100, ac419100",7,0.99548519207884645,0.002245789064522552,24,24
fixed_train,2,4,impressed|3|04,"ac355201, ac415100, ac419100",8,0.99548519207884645,0.002245789064522552,24,24
fixed_train,2,4,impressed|3|04,"ac355201, ac415100, ac419100",9,0.99548519207884645,0.0033658562787419744,24,24
fixed_train,2,4,impressed|3|05,"ac355201, ac411100, ac419100",0,0.99548519207884645,0.0022574039605768315,25,25
fixed_train,2,4,impressed|3|05,"ac355201, ac411100, ac419100",1,0.99548519207884645,0.0022574039605768315,25,25
fixed_train,2,4,impressed|3|05,"ac355201, ac411100, ac419100",2,0.99548519207884645,0.003392958369892618,25,25
fixed_train,2,4,impressed|3|05,"ac355201, ac411100, ac419100",3,0.99548519207884645,0.0011335965724507124,25,24
fixed_train,2,4,impressed|3|05,"ac355201, ac411100, ac419100",4,0.99548519207884645,0.0022574039605768315,25,25
fixed_train,2,4,impressed|3|05,"ac355201, ac411100, ac419100",5,0.99548519207884645,0.0011335965724507124,25,25
fixed_train,2,4,impressed|3|05,"ac355201, ac411100, ac419100",6,0.99548519207884645,0.0011335965724507124,25,24
fixed_train,2,4,impressed|3|05,"ac355201, ac411100, ac419100",7,0.99548519207884645,0.0011335965724507124,25,25
fixed_train,2,4,impressed|3|05,"ac355201, ac411100, ac419100",8,0.99548519207884645,0.0022691954094734568,25,25
fixed_train,2,4,impressed|3|05,"ac355201, ac411100, ac419100",9,0.99548519207884645,0.0022574039605768315,25,25
fixed_train,2,4,impressed|3|06,"ac355427, ac415100, ac419100",0,0.99548519207884645,0.0011335965724507124,13,13
fixed_train,2,4,impressed|3|06,"ac355427, ac415100, ac419100",1,0.99548519207884645,0.0011335965724507124,13,13
fixed_train,2,4,impressed|3|06,"ac355427, ac415100, ac419100",2,0.99548519207884645,0.0011335965724507124,13,11
fixed_train,2,4,impressed|3|06,"ac355427, ac415100, ac419100",3,0.99548519207884645,0.0011335965724507124,13,12
fixed_train,2,4,impressed|3|06,"ac355427, ac415100, ac419100",4,0.99548519207884645,0.0011335965724507124,13,13
fixed_train,2,4,impressed|3|06,"ac355427, ac415100, ac419100",5,0.99548519207884645,0.0011335965724507124,13,12
fixed_train,2,4,impressed|3|06,"ac355427, ac415100, ac419100",6,0.99548519207884645,0.0011335965724507124,13,13
fixed_train,2,4,impressed|3|06,"ac355427, ac415100, ac419100",7,0.99548519207884645,0.0011335965724507124,13,13
fixed_train,2,4,impressed|3|06,"ac355427, ac415100, ac419100",8,0.99548519207884645,0.0011335965724507124,13,12
fixed_train,2,4,impressed|3|06,"ac355427, ac415100, ac419100",9,0.99548519207884645,0.0011335965724507124,13,13
fixed_train,2,4,impressed|3|07,"370407, ac10307, ac370000",0,0.99548519207884645,0.010276370824813252,34,34
fixed_train,2,4,impressed|3|07,"370407, ac10307, ac370000",1,0.99548519207884645,0.010249443321634577,34,34
fixed_train,2,4,impressed|3|07,"370407, ac10307, ac370000",2,0.99548519207884645,0.011428816868853553,34,34
fixed_train,2,4,impressed|3|07,"370407, ac10307, ac370000",3,0.99548519207884645,0.010276370824813252,34,34
fixed_train,2,4,impressed|3|07,"370407, ac10307, ac370000",4,0.99548519207884645,0.010276370824813252,34,34
fixed_train,2,4,impressed|3|07,"370407, ac10307, ac370000",5,0.99548519207884645,0.011428816868853553,34,34
fixed_train,2,4,impressed|3|07,"370407, ac10307, ac370000",6,0.99548519207884645,0.0068320675280538756,34,34
fixed_train,2,4,impressed|3|07,"370407, ac10307, ac370000",7,0.99548519207884645,0.010276370824813252,34,34
fixed_train,2,4,impressed|3|07,"370407, ac10307, ac370000",8,0.99548519207884645,0.011428816868853553,34,34
fixed_train,2,4,impressed|3|07,"370407, ac10307, ac370000",9,0.99548519207884645,0.011399600079130767,34,34
fixed_train,2,4,impressed|3|08,"376400, ac370000, ac411100",0,0.99548519207884645,0.0022691954094734568,35,35
fixed_train,2,4,impressed|3|08,"376400, ac370000, ac411100",1,0.99548519207884645,0.0011335965724507124,35,35
fixed_train,2,4,impressed|3|08,"376400, ac370000, ac411100",2,0.99548519207884645,0.003392958369892618,35,35
fixed_train,2,4,impressed|3|08,"376400, ac370000, ac411100",3,0.99548519207884645,0.0022574039605768315,35,35
fixed_train,2,4,impressed|3|08,"376400, ac370000, ac411100",4,0.99548519207884645,0.0022691954094734568,35,35
fixed_train,2,4,impressed|3|08,"376400, ac370000, ac411100",5,0.99548519207884645,0.003392958369892618,35,35
fixed_train,2,4,impressed|3|08,"376400, ac370000, ac411100",6,0.99548519207884645,0.0033793050055662688,35,35
fixed_train,2,4,impressed|3|08,"376400, ac370000, ac411100",7,0.99548519207884645,0.003392958369892618,35,35
fixed_train,2,4,impressed|3|08,"376400, ac370000, ac411100",8,0.99548519207884645,0.0022691954094734568,35,35
fixed_train,2,4,impressed|3|08,"376400, ac370000, ac411100",9,0.99548519207884645,0.0022691954094734568,35,35
fixed_train,2,4,impressed|3|09,"ac410500, ac411100, ac415100",0,0.99548519207884645,0,7,7
fixed_train,2,4,impressed|3|09,"ac410500, ac411100, ac415100",1,0.99548519207884645,0,7,7
fixed_train,2,4,impressed|3|09,"ac410500, ac411100, ac415100",2,0.99548519207884645,0,7,7
fixed_train,2,4,impressed|3|09,"ac410500, ac411100, ac415100",3,0.99548519207884645,0,7,7
fixed_train,2,4,impressed|3|09,"ac410500, ac411100, ac415100",4,0.99548519207884645,0,7,7
fixed_train,2,4,impressed|3|09,"ac410500, ac411100, ac415100",5,0.99548519207884645,0,7,7
fixed_train,2,4,impressed|3|09,"ac410500, ac411100, ac415100",6,0.99548519207884645,0,7,7
fixed_train,2,4,impressed|3|09,"ac410500, ac411100, ac415100",7,0.99548519207884645,0,7,7
fixed_train,2,4,impressed|3|09,"ac410500, ac411100, ac415100",8,0.99548519207884645,0,7,7
fixed_train,2,4,impressed|3|09,"ac410500, ac411100, ac415100",9,0.99548519207884645,0,7,7
fixed_train,2,4,impressed|3|10,"ac379999, ac415100, ac419100",0,0.99548519207884645,0.0078902266779774521,104,104
fixed_train,2,4,impressed|3|10,"ac379999, ac415100, ac419100",1,0.99548519207884645,0.010120711307223695,104,104
fixed_train,2,4,impressed|3|10,"ac379999, ac415100, ac419100",2,0.99548519207884645,0.0067722118817304944,104,104
fixed_train,2,4,impressed|3|10,"ac379999, ac415100, ac419100",3,0.99548519207884645,0.0078902266779774521,104,104
fixed_train,2,4,impressed|3|10,"ac379999, ac415100, ac419100",4,0.99548519207884645,0.0067528537216401396,104,104
fixed_train,2,4,impressed|3|10,"ac379999, ac415100, ac419100",5,0.99548519207884645,0.0067528537216401396,104,104
fixed_train,2,4,impressed|3|10,"ac379999, ac415100, ac419100",6,0.99548519207884645,0.011233223574909412,104,104
fixed_train,2,4,impressed|3|10,"ac379999, ac415100, ac419100",7,0.99548519207884645,0.0090063860501987669,104,104
fixed_train,2,4,impressed|3|10,"ac379999, ac415100, ac419100",8,0.99548519207884645,0.0067722118817304944,104,104
fixed_train,2,4,impressed|3|10,"ac379999, ac415100, ac419100",9,0.99548519207884645,0.012343943798428514,104,104
