setting,seed,fold,itemset_id,itemset,repeat,baseline,importance,n_traces_with_itemset,n_traces_changed
fixed_test,7,0,apriori|1|01,ac419100,0,0.93098292684316086,0.0043096752013876971,156,124
fixed_test,7,0,apriori|1|01,ac419100,1,0.93098292684316086,0.00057135116370687911,156,131
fixed_test,7,0,apriori|1|01,ac419100,2,0.93098292684316086,-0.0048561683433906433,156,131
fixed_test,7,0,apriori|1|01,ac419100,3,0.93098292684316086,-0.0043384483436851307,156,129
fixed_test,7,0,apriori|1|01,ac419100,4,0.93098292684316086,-0.0092022764209118701,156,135
fixed_test,7,0,apriori|1|01,ac419100,5,0.93098292684316086,0.0043096752013876971,156,129
fixed_test,7,0,apriori|1|01,ac419100,6,0.93098292684316086,-0.0048561683433906433,156,128
fixed_test,7,0,apriori|1|01,ac419100,7,0.93098292684316086,0,156,132
fixed_test,7,0,apriori|1|01,ac419100,8,0.93098292684316086,0.0092022764209119812,156,131
fixed_test,7,0,apriori|1|01,ac419100,9,0.93098292684316086,0.008016838072068988,156,136
fixed_test,7,0,apriori|1|02,ac370000,0,0.93098292684316086,0.14929446670574276,137,135
fixed_test,7,0,apriori|1|02,ac370000,1,0.93098292684316086,0.16831946101544271,137,134
fixed_test,7,0,apriori|1|02,ac370000,2,0.93098292684316086,0.17281670016877926,137,136
fixed_test,7,0,apriori|1|02,ac370000,3,0.93098292684316086,0.15663125088430141,137,136
fixed_test,7,0,apriori|1|02,ac370000,4,0.93098292684316086,0.16058640129674639,137,137
fixed_test,7,0,apriori|1|02,ac370000,5,0.93098292684316086,0.13128136334412399,137,137
fixed_test,7,0,apriori|1|02,ac370000,6,0.93098292684316086,0.16412601693692364,137,136
fixed_test,7,0,apriori|1|02,ac370000,7,0.93098292684316086,0.15293524837125505,137,136
fixed_test,7,0,apriori|1|02,ac370000,8,0.93098292684316086,0.21882652295920757,137,137
fixed_test,7,0,apriori|1|02,ac370000,9,0.93098292684316086,0.16831946101544271,137,137
fixed_test,7,0,apriori|1|03,370407,0,0.93098292684316086,-0.0048561683433906433,114,109
fixed_test,7,0,apriori|1|03,370407,1,0.93098292684316086,0,114,112
fixed_test,7,0,apriori|1|03,370407,2,0.93098292684316086,0,114,111
fixed_test,7,0,apriori|1|03,370407,3,0.93098292684316086,0.00057135116370687911,114,111
fixed_test,7,0,apriori|1|03,370407,4,0.93098292684316086,0.0043096752013876971,114,110
fixed_test,7,0,apriori|1|03,370407,5,0.93098292684316086,-0.00053851389888970314,114,109
fixed_test,7,0,apriori|1|03,370407,6,0.93098292684316086,-0.0087071054123658564,114,105
fixed_test,7,0,apriori|1|03,370407,7,0.93098292684316086,0,114,109
fixed_test,7,0,apriori|1|03,370407,8,0.93098292684316086,-0.00053851389888970314,114,111
fixed_test,7,0,apriori|1|03,370407,9,0.93098292684316086,0.0043096752013876971,114,107
fixed_test,7,0,apriori|1|04,ac370419,0,0.93098292684316086,0,114,106
fixed_test,7,0,apriori|1|04,ac370419,1,0.93098292684316086,0.0043096752013876971,114,106
fixed_test,7,0,apriori|1|04,ac370419,2,0.93098292684316086,-0.00053851389888970314,114,108
fixed_test,7,0,apriori|1|04,ac370419,3,0.93098292684316086,-0.00053851389888970314,114,107
fixed_test,7,0,apriori|1|04,ac370419,4,0.93098292684316086,-0.0048561683433906433,114,106
fixed_test,7,0,apriori|1|04,ac370419,5,0.93098292684316086,0.0043096752013876971,114,102
fixed_test,7,0,apriori|1|04,ac370419,6,0.93098292684316086,0.0092022764209119812,114,106
fixed_test,7,0,apriori|1|04,ac370419,7,0.93098292684316086,-0.0043384483436851307,114,108
fixed_test,7,0,apriori|1|04,ac370419,8,0.93098292684316086,0.0092022764209119812,114,104
fixed_test,7,0,apriori|1|04,ac370419,9,0.93098292684316086,-0.00053851389888970314,114,107
fixed_test,7,0,apriori|1|05,ac370443,0,0.93098292684316086,0.0043096752013876971,111,101
fixed_test,7,0,apriori|1|05,ac370443,1,0.93098292684316086,0.00057135116370687911,111,104
fixed_test,7,0,apriori|1|05,ac370443,2,0.93098292684316086,-0.0048561683433906433,111,107
fixed_test,7,0,apriori|1|05,ac370443,3,0.93098292684316086,0,111,105
fixed_test,7,0,apriori|1|05,ac370443,4,0.93098292684316086,0,111,108
fixed_test,7,0,apriori|1|05,ac370443,5,0.93098292684316086,0,111,108
fixed_test,7,0,apriori|1|05,ac370443,6,0.93098292684316086,0,111,103
fixed_test,7,0,apriori|1|05,ac370443,7,0.93098292684316086,0,111,110
fixed_test,7,0,apriori|1|05,ac370443,8,0.93098292684316086,0.0043096752013876971,111,107
fixed_test,7,0,apriori|1|05,ac370443,9,0.93098292684316086,0,111,103
fixed_test,7,0,apriori|1|06,ac370442,0,0.93098292684316086,-0.00053851389888970314,110,102
fixed_test,7,0,apriori|1|06,ac370442,1,0.93098292684316086,0.0092022764209119812,110,104
fixed_test,7,0,apriori|1|06,ac370442,2,0.93098292684316086,-0.0092022764209118701,110,104
fixed_test,7,0,apriori|1|06,ac370442,3,0.93098292684316086,0,110,102
fixed_test,7,0,apriori|1|06,ac370442,4,0.93098292684316086,0.0049013552010510608,110,106
fixed_test,7,0,apriori|1|06,ac370442,5,0.93098292684316086,0,110,105
fixed_test,7,0,apriori|1|06,ac370442,6,0.93098292684316086,0.0049013552010510608,110,103
fixed_test,7,0,apriori|1|06,ac370442,7,0.93098292684316086,0.0049013552010510608,110,106
fixed_test,7,0,apriori|1|06,ac370442,8,0.93098292684316086,-0.0048561683433906433,110,104
fixed_test,7,0,apriori|1|06,ac370442,9,0.93098292684316086,0.0092022764209119812,110,103
fixed_test,7,0,apriori|1|07,370712b,0,0.93098292684316086,0.0049013552010510608,106,102
fixed_test,7,0,apriori|1|07,370712b,1,0.93098292684316086,0.0043096752013876971,106,103
fixed_test,7,0,apriori|1|07,370712b,2,0.93098292684316086,0.0085919606688369399,106,100
fixed_test,7,0,apriori|1|07,370712b,3,0.93098292684316086,0.017079651157822839,106,103
fixed_test,7,0,apriori|1|07,370712b,4,0.93098292684316086,0,106,100
fixed_test,7,0,apriori|1|07,370712b,5,0.93098292684316086,0.0085919606688369399,106,104
fixed_test,7,0,apriori|1|07,370712b,6,0.93098292684316086,0.0043096752013876971,106,102
fixed_test,7,0,apriori|1|07,370712b,7,0.93098292684316086,0.012848190328476727,106,104
fixed_test,7,0,apriori|1|07,370712b,8,0.93098292684316086,0,106,103
fixed_test,7,0,apriori|1|07,370712b,9,0.93098292684316086,0,106,100
fixed_test,7,0,apriori|1|08,370715a,0,0.93098292684316086,0,104,98
fixed_test,7,0,apriori|1|08,370715a,1,0.93098292684316086,0.0043096752013876971,104,98
fixed_test,7,0,apriori|1|08,370715a,2,0.93098292684316086,0,104,102
fixed_test,7,0,apriori|1|08,370715a,3,0.93098292684316086,-0.0043384483436851307,104,96
fixed_test,7,0,apriori|1|08,370715a,4,0.93098292684316086,0,104,99
fixed_test,7,0,apriori|1|08,370715a,5,0.93098292684316086,0.0092022764209119812,104,101
fixed_test,7,0,apriori|1|08,370715a,6,0.93098292684316086,0.0043096752013876971,104,100
fixed_test,7,0,apriori|1|08,370715a,7,0.93098292684316086,-0.0043384483436851307,104,97
fixed_test,7,0,apriori|1|08,370715a,8,0.93098292684316086,0.0043096752013876971,104,98
fixed_test,7,0,apriori|1|08,370715a,9,0.93098292684316086,0,104,100
fixed_test,7,0,apriori|1|09,370488e,0,0.93098292684316086,0,105,99
fixed_test,7,0,apriori|1|09,370488e,1,0.93098292684316086,0.012848190328476727,105,104
fixed_test,7,0,apriori|1|09,370488e,2,0.93098292684316086,0.0049013552010510608,105,103
fixed_test,7,0,apriori|1|09,370488e,3,0.93098292684316086,0,105,99
fixed_test,7,0,apriori|1|09,370488e,4,0.93098292684316086,0.0049013552010510608,105,96
fixed_test,7,0,apriori|1|09,370488e,5,0.93098292684316086,0.0043096752013876971,105,102
fixed_test,7,0,apriori|1|09,370488e,6,0.93098292684316086,0,105,103
fixed_test,7,0,apriori|1|09,370488e,7,0.93098292684316086,0.0043096752013876971,105,96
fixed_test,7,0,apriori|1|09,370488e,8,0.93098292684316086,0.0043096752013876971,105,99
fixed_test,7,0,apriori|1|09,370488e,9,0.93098292684316086,0,105,99
fixed_test,7,0,apriori|1|10,370488g,0,0.93098292684316086,-0.0043384483436851307,104,99
fixed_test,7,0,apriori|1|10,370488g,1,0.93098292684316086,0,104,99
fixed_test,7,0,apriori|1|10,370488g,2,0.93098292684316086,0,104,94
fixed_test,7,0,apriori|1|10,370488g,3,0.93098292684316086,0.0049013552010510608,104,98
fixed_test,7,0,apriori|1|10,370488g,4,0.93098292684316086,0.0049013552010510608,104,97
fixed_test,7,0,apriori|1|10,370488g,5,0.93098292684316086,0.0043096752013876971,104,98
fixed_test,7,0,apriori|1|10,370488g,6,0.93098292684316086,0.0043096752013876971,104,101
fixed_test,7,0,apriori|1|10,370488g,7,0.93098292684316086,0.0043096752013876971,104,99
fixed_test,7,0,apriori|1|10,370488g,8,0.93098292684316086,-0.0043384483436851307,104,99
fixed_test,7,0,apriori|1|10,370488g,9,0.93098292684316086,-0.0043384483436851307,104,100
fixed_test,7,0,apriori|2|01,"370407, ac370000",0,0.93098292684316086,0.02071053013104962,114,114
fixed_test,7,0,apriori|2|01,"370407, ac370000",1,0.93098292684316086,0.011265519258640389,114,112
fixed_test,7,0,apriori|2|01,"370407, ac370000",2,0.93098292684316086,0.0061949977857241878,114,112
fixed_test,7,0,apriori|2|01,"370407, ac370000",3,0.93098292684316086,0.00057135116370687911,114,114
fixed_test,7,0,apriori|2|01,"370407, ac370000",4,0.93098292684316086,0.015596506653544395,114,114
fixed_test,7,0,apriori|2|01,"370407, ac370000",5,0.93098292684316086,0.010536755645131901,114,114
fixed_test,7,0,apriori|2|01,"370407, ac370000",6,0.93098292684316086,0.015596506653544395,114,113
fixed_test,7,0,apriori|2|01,"370407, ac370000",7,0.93098292684316086,0.010536755645131901,114,114
fixed_test,7,0,apriori|2|01,"370407, ac370000",8,0.93098292684316086,0.025881120244906519,114,111
fixed_test,7,0,apriori|2|01,"370407, ac370000",9,0.93098292684316086,0.0098498077397797257,114,114
fixed_test,7,0,apriori|2|02,"ac370000, ac370419",0,0.93098292684316086,0.019896029621834455,114,112
fixed_test,7,0,apriori|2|02,"ac370000, ac370419",1,0.93098292684316086,0.041756730393189057,114,114
fixed_test,7,0,apriori|2|02,"ac370000, ac370419",2,0.93098292684316086,0.016391300904731843,114,112
fixed_test,7,0,apriori|2|02,"ac370000, ac370419",3,0.93098292684316086,0.021574693352757635,114,113
fixed_test,7,0,apriori|2|02,"ac370000, ac370419",4,0.93098292684316086,0.016391300904731843,114,113
fixed_test,7,0,apriori|2|02,"ac370000, ac370419",5,0.93098292684316086,0.019896029621834455,114,113
fixed_test,7,0,apriori|2|02,"ac370000, ac370419",6,0.93098292684316086,0.0061949977857241878,114,114
fixed_test,7,0,apriori|2|02,"ac370000, ac370419",7,0.93098292684316086,0.02071053013104962,114,113
fixed_test,7,0,apriori|2|02,"ac370000, ac370419",8,0.93098292684316086,0.033483880950593403,114,114
fixed_test,7,0,apriori|2|02,"ac370000, ac370419",9,0.93098292684316086,0.024998015521364825,114,114
fixed_test,7,0,apriori|2|03,"370407, ac370419",0,0.93098292684316086,0.00057135116370687911,111,110
fixed_test,7,0,apriori|2|03,"370407, ac370419",1,0.93098292684316086,-0.0043384483436851307,111,111
fixed_test,7,0,apriori|2|03,"370407, ac370419",2,0.93098292684316086,-0.0037891932702911468,111,111
fixed_test,7,0,apriori|2|03,"370407, ac370419",3,0.93098292684316086,-0.0087071054123658564,111,111
fixed_test,7,0,apriori|2|03,"370407, ac370419",4,0.93098292684316086,-0.0043384483436851307,111,111
fixed_test,7,0,apriori|2|03,"370407, ac370419",5,0.93098292684316086,0.00057135116370687911,111,111
fixed_test,7,0,apriori|2|03,"370407, ac370419",6,0.93098292684316086,0.00057135116370687911,111,111
fixed_test,7,0,apriori|2|03,"370407, ac370419",7,0.93098292684316086,0,111,110
fixed_test,7,0,apriori|2|03,"370407, ac370419",8,0.93098292684316086,0.00057135116370687911,111,111
fixed_test,7,0,apriori|2|03,"370407, ac370419",9,0.93098292684316086,-0.0048561683433906433,111,111
fixed_test,7,0,apriori|2|04,"ac370000, ac370443",0,0.93098292684316086,0.032124225736664846,111,111
fixed_test,7,0,apriori|2|04,"ac370000, ac370443",1,0.93098292684316086,0.02071053013104962,111,107
fixed_test,7,0,apriori|2|04,"ac370000, ac370443",2,0.93098292684316086,0.014847343840151073,111,111
fixed_test,7,0,apriori|2|04,"ac370000, ac370443",3,0.93098292684316086,0.010536755645131901,111,110
fixed_test,7,0,apriori|2|04,"ac370000, ac370443",4,0.93098292684316086,0.02071053013104962,111,111
fixed_test,7,0,apriori|2|04,"ac370000, ac370443",5,0.93098292684316086,0.029255303598537008,111,111
fixed_test,7,0,apriori|2|04,"ac370000, ac370443",6,0.93098292684316086,0.016391300904731843,111,110
fixed_test,7,0,apriori|2|04,"ac370000, ac370443",7,0.93098292684316086,0.011265519258640389,111,111
fixed_test,7,0,apriori|2|04,"ac370000, ac370443",8,0.93098292684316086,0.02071053013104962,111,109
fixed_test,7,0,apriori|2|04,"ac370000, ac370443",9,0.93098292684316086,0.0061949977857241878,111,109
fixed_test,7,0,apriori|2|05,"ac370419, ac370443",0,0.93098292684316086,-0.0092022764209118701,110,109
fixed_test,7,0,apriori|2|05,"ac370419, ac370443",1,0.93098292684316086,-0.0037891932702911468,110,110
fixed_test,7,0,apriori|2|05,"ac370419, ac370443",2,0.93098292684316086,-0.0087071054123658564,110,108
fixed_test,7,0,apriori|2|05,"ac370419, ac370443",3,0.93098292684316086,0.00057135116370687911,110,110
fixed_test,7,0,apriori|2|05,"ac370419, ac370443",4,0.93098292684316086,-0.0092022764209118701,110,109
fixed_test,7,0,apriori|2|05,"ac370419, ac370443",5,0.93098292684316086,0.0092022764209119812,110,109
fixed_test,7,0,apriori|2|05,"ac370419, ac370443",6,0.93098292684316086,0.00057135116370687911,110,110
fixed_test,7,0,apriori|2|05,"ac370419, ac370443",7,0.93098292684316086,0.0049013552010510608,110,110
fixed_test,7,0,apriori|2|05,"ac370419, ac370443",8,0.93098292684316086,0.0049013552010510608,110,110
fixed_test,7,0,apriori|2|05,"ac370419, ac370443",9,0.93098292684316086,-0.0048561683433906433,110,108
fixed_test,7,0,apriori|2|06,"ac370000, ac370442",0,0.93098292684316086,0.019896029621834455,110,109
fixed_test,7,0,apriori|2|06,"ac370000, ac370442",1,0.93098292684316086,0.019896029621834455,110,110
fixed_test,7,0,apriori|2|06,"ac370000, ac370442",2,0.93098292684316086,0.015596506653544395,110,110
fixed_test,7,0,apriori|2|06,"ac370000, ac370442",3,0.93098292684316086,0.0061949977857241878,110,108
fixed_test,7,0,apriori|2|06,"ac370000, ac370442",4,0.93098292684316086,0.010536755645131901,110,108
fixed_test,7,0,apriori|2|06,"ac370000, ac370442",5,0.93098292684316086,0.024998015521364825,110,110
fixed_test,7,0,apriori|2|06,"ac370000, ac370442",6,0.93098292684316086,0.010536755645131901,110,108
fixed_test,7,0,apriori|2|06,"ac370000, ac370442",7,0.93098292684316086,0.015596506653544395,110,109
fixed_test,7,0,apriori|2|06,"ac370000, ac370442",8,0.93098292684316086,0.0055290752849298519,110,110
fixed_test,7,0,apriori|2|06,"ac370000, ac370442",9,0.93098292684316086,0.015596506653544395,110,110
fixed_test,7,0,apriori|2|07,"ac370442, ac370443",0,0.93098292684316086,0.0049013552010510608,110,110
fixed_test,7,0,apriori|2|07,"ac370442, ac370443",1,0.93098292684316086,0,110,110
fixed_test,7,0,apriori|2|07,"ac370442, ac370443",2,0.93098292684316086,0.0049013552010510608,110,110
fixed_test,7,0,apriori|2|07,"ac370442, ac370443",3,0.93098292684316086,0.00057135116370687911,110,110
fixed_test,7,0,apriori|2|07,"ac370442, ac370443",4,0.93098292684316086,0.0049013552010510608,110,110
fixed_test,7,0,apriori|2|07,"ac370442, ac370443",5,0.93098292684316086,0.00057135116370687911,110,107
fixed_test,7,0,apriori|2|07,"ac370442, ac370443",6,0.93098292684316086,-0.0043384483436851307,110,109
fixed_test,7,0,apriori|2|07,"ac370442, ac370443",7,0.93098292684316086,0,110,110
fixed_test,7,0,apriori|2|07,"ac370442, ac370443",8,0.93098292684316086,0,110,110
fixed_test,7,0,apriori|2|07,"ac370442, ac370443",9,0.93098292684316086,0,110,110
fixed_test,7,0,apriori|2|08,"ac370419, ac370442",0,0.93098292684316086,-0.00053851389888970314,109,109
fixed_test,7,0,apriori|2|08,"ac370419, ac370442",1,0.93098292684316086,0,109,108
fixed_test,7,0,apriori|2|08,"ac370419, ac370442",2,0.93098292684316086,-0.0043384483436851307,109,109
fixed_test,7,0,apriori|2|08,"ac370419, ac370442",3,0.93098292684316086,-0.0043384483436851307,109,109
fixed_test,7,0,apriori|2|08,"ac370419, ac370442",4,0.93098292684316086,0.0049013552010510608,109,109
fixed_test,7,0,apriori|2|08,"ac370419, ac370442",5,0.93098292684316086,0,109,109
fixed_test,7,0,apriori|2|08,"ac370419, ac370442",6,0.93098292684316086,-0.0087071054123658564,109,109
fixed_test,7,0,apriori|2|08,"ac370419, ac370442",7,0.93098292684316086,0,109,108
fixed_test,7,0,apriori|2|08,"ac370419, ac370442",8,0.93098292684316086,0.0049013552010510608,109,108
fixed_test,7,0,apriori|2|08,"ac370419, ac370442",9,0.93098292684316086,-0.0037891932702911468,109,109
fixed_test,7,0,apriori|2|09,"370407, ac370443",0,0.93098292684316086,-0.0037891932702911468,109,108
fixed_test,7,0,apriori|2|09,"370407, ac370443",1,0.93098292684316086,0.0098498077397797257,109,109
fixed_test,7,0,apriori|2|09,"370407, ac370443",2,0.93098292684316086,-0.0087071054123658564,109,109
fixed_test,7,0,apriori|2|09,"370407, ac370443",3,0.93098292684316086,0,109,109
fixed_test,7,0,apriori|2|09,"370407, ac370443",4,0.93098292684316086,-0.0087071054123658564,109,108
fixed_test,7,0,apriori|2|09,"370407, ac370443",5,0.93098292684316086,0.00057135116370687911,109,108
fixed_test,7,0,apriori|2|09,"370407, ac370443",6,0.93098292684316086,0,109,109
fixed_test,7,0,apriori|2|09,"370407, ac370443",7,0.93098292684316086,0.00057135116370687911,109,109
fixed_test,7,0,apriori|2|09,"370407, ac370443",8,0.93098292684316086,0,109,109
fixed_test,7,0,apriori|2|09,"370407, ac370443",9,0.93098292684316086,0.0043096752013876971,109,109
fixed_test,7,0,apriori|2|10,"370712b, ac370000",0,0.93098292684316086,0.030155541003458963,106,105
fixed_test,7,0,apriori|2|10,"370712b, ac370000",1,0.93098292684316086,0.0011774816684293476,106,106
fixed_test,7,0,apriori|2|10,"370712b, ac370000",2,0.93098292684316086,0.015596506653544395,106,106
fixed_test,7,0,apriori|2|10,"370712b, ac370000",3,0.93098292684316086,0.016391300904731843,106,105
fixed_test,7,0,apriori|2|10,"370712b, ac370000",4,0.93098292684316086,0.029255303598537008,106,105
fixed_test,7,0,apriori|2|10,"370712b, ac370000",5,0.93098292684316086,0.0098498077397797257,106,106
fixed_test,7,0,apriori|2|10,"370712b, ac370000",6,0.93098292684316086,0.02071053013104962,106,106
fixed_test,7,0,apriori|2|10,"370712b, ac370000",7,0.93098292684316086,0.0061949977857241878,106,106
fixed_test,7,0,apriori|2|10,"370712b, ac370000",8,0.93098292684316086,0.015596506653544395,106,106
fixed_test,7,0,apriori|2|10,"370712b, ac370000",9,0.93098292684316086,0.010536755645131901,106,106
fixed_test,7,0,apriori|3|01,"370407, ac370000, ac370419",0,0.93098292684316086,0.02071053013104962,111,111
fixed_test,7,0,apriori|3|01,"370407, ac370000, ac370419",1,0.93098292684316086,0.011265519258640389,111,111
fixed_test,7,0,apriori|3|01,"370407, ac370000, ac370419",2,0.93098292684316086,0.016391300904731843,111,111
fixed_test,7,0,apriori|3|01,"370407, ac370000, ac370419",3,0.93098292684316086,0.015596506653544395,111,111
fixed_test,7,0,apriori|3|01,"370407, ac370000, ac370419",4,0.93098292684316086,0.0061949977857241878,111,111
fixed_test,7,0,apriori|3|01,"370407, ac370000, ac370419",5,0.93098292684316086,0.011265519258640389,111,111
fixed_test,7,0,apriori|3|01,"370407, ac370000, ac370419",6,0.93098292684316086,0.02071053013104962,111,111
fixed_test,7,0,apriori|3|01,"370407, ac370000, ac370419",7,0.93098292684316086,0.021574693352757635,111,111
fixed_test,7,0,apriori|3|01,"370407, ac370000, ac370419",8,0.93098292684316086,0.024165612395372182,111,111
fixed_test,7,0,apriori|3|01,"370407, ac370000, ac370419",9,0.93098292684316086,0.025881120244906519,111,111
fixed_test,7,0,apriori|3|02,"ac370000, ac370419, ac370443",0,0.93098292684316086,0.011265519258640389,110,110
fixed_test,7,0,apriori|3|02,"ac370000, ac370419, ac370443",1,0.93098292684316086,0.031110668774820383,110,110
fixed_test,7,0,apriori|3|02,"ac370000, ac370419, ac370443",2,0.93098292684316086,0.010536755645131901,110,110
fixed_test,7,0,apriori|3|02,"ac370000, ac370419, ac370443",3,0.93098292684316086,0.036401670736740055,110,110
fixed_test,7,0,apriori|3|02,"ac370000, ac370419, ac370443",4,0.93098292684316086,0.035370939585080974,110,110
fixed_test,7,0,apriori|3|02,"ac370000, ac370419, ac370443",5,0.93098292684316086,0.016391300904731843,110,110
fixed_test,7,0,apriori|3|02,"ac370000, ac370419, ac370443",6,0.93098292684316086,0.032124225736664846,110,110
fixed_test,7,0,apriori|3|02,"ac370000, ac370419, ac370443",7,0.93098292684316086,0.021574693352757635,110,110
fixed_test,7,0,apriori|3|02,"ac370000, ac370419, ac370443",8,0.93098292684316086,-0.0032065110820962417,110,110
fixed_test,7,0,apriori|3|02,"ac370000, ac370419, ac370443",9,0.93098292684316086,0.02071053013104962,110,110
fixed_test,7,0,apriori|3|03,"ac370000, ac370442, ac370443",0,0.93098292684316086,0.0092022764209119812,110,110
fixed_test,7,0,apriori|3|03,"ac370000, ac370442, ac370443",1,0.93098292684316086,0.019896029621834455,110,110
fixed_test,7,0,apriori|3|03,"ac370000, ac370442, ac370443",2,0.93098292684316086,0.019896029621834455,110,110
fixed_test,7,0,apriori|3|03,"ac370000, ac370442, ac370443",3,0.93098292684316086,0.024998015521364825,110,110
fixed_test,7,0,apriori|3|03,"ac370000, ac370442, ac370443",4,0.93098292684316086,-0.0037891932702911468,110,110
fixed_test,7,0,apriori|3|03,"ac370000, ac370442, ac370443",5,0.93098292684316086,0.035370939585080974,110,110
fixed_test,7,0,apriori|3|03,"ac370000, ac370442, ac370443",6,0.93098292684316086,0.025881120244906519,110,110
fixed_test,7,0,apriori|3|03,"ac370000, ac370442, ac370443",7,0.93098292684316086,0.010536755645131901,110,110
fixed_test,7,0,apriori|3|03,"ac370000, ac370442, ac370443",8,0.93098292684316086,0.02071053013104962,110,110
fixed_test,7,0,apriori|3|03,"ac370000, ac370442, ac370443",9,0.93098292684316086,0.010536755645131901,110,110
fixed_test,7,0,apriori|3|04,"ac370000, ac370419, ac370442",0,0.93098292684316086,0.012038717930694776,109,109
fixed_test,7,0,apriori|3|04,"ac370000, ac370419, ac370442",1,0.93098292684316086,0.025881120244906519,109,109
fixed_test,7,0,apriori|3|04,"ac370000, ac370419, ac370442",2,0.93098292684316086,0.016391300904731843,109,108
fixed_test,7,0,apriori|3|04,"ac370000, ac370419, ac370442",3,0.93098292684316086,0.031110668774820383,109,109
fixed_test,7,0,apriori|3|04,"ac370000, ac370419, ac370442",4,0.93098292684316086,0.02071053013104962,109,109
fixed_test,7,0,apriori|3|04,"ac370000, ac370419, ac370442",5,0.93098292684316086,0.014141158745787363,109,109
fixed_test,7,0,apriori|3|04,"ac370000, ac370419, ac370442",6,0.93098292684316086,0.012038717930694776,109,109
fixed_test,7,0,apriori|3|04,"ac370000, ac370419, ac370442",7,0.93098292684316086,0.026818148564596411,109,109
fixed_test,7,0,apriori|3|04,"ac370000, ac370419, ac370442",8,0.93098292684316086,0.015596506653544395,109,109
fixed_test,7,0,apriori|3|04,"ac370000, ac370419, ac370442",9,0.93098292684316086,0.015596506653544395,109,109
fixed_test,7,0,apriori|3|05,"ac370419, ac370442, ac370443",0,0.93098292684316086,-0.0087071054123658564,109,109
fixed_test,7,0,apriori|3|05,"ac370419, ac370442, ac370443",1,0.93098292684316086,0.00057135116370687911,109,109
fixed_test,7,0,apriori|3|05,"ac370419, ac370442, ac370443",2,0.93098292684316086,0.0049013552010510608,109,109
fixed_test,7,0,apriori|3|05,"ac370419, ac370442, ac370443",3,0.93098292684316086,-0.0043384483436851307,109,109
fixed_test,7,0,apriori|3|05,"ac370419, ac370442, ac370443",4,0.93098292684316086,0,109,109
fixed_test,7,0,apriori|3|05,"ac370419, ac370442, ac370443",5,0.93098292684316086,0,109,109
fixed_test,7,0,apriori|3|05,"ac370419, ac370442, ac370443",6,0.93098292684316086,-0.0043384483436851307,109,109
fixed_test,7,0,apriori|3|05,"ac370419, ac370442, ac370443",7,0.93098292684316086,0,109,109
fixed_test,7,0,apriori|3|05,"ac370419, ac370442, ac370443",8,0.93098292684316086,-0.0043384483436851307,109,109
fixed_test,7,0,apriori|3|05,"ac370419, ac370442, ac370443",9,0.93098292684316086,-0.0043384483436851307,109,109
fixed_test,7,0,apriori|3|06,"370407, ac370000, ac370443",0,0.93098292684316086,-0.0043384483436851307,109,109
fixed_test,7,0,apriori|3|06,"370407, ac370000, ac370443",1,0.93098292684316086,0.026818148564596411,109,109
fixed_test,7,0,apriori|3|06,"370407, ac370000, ac370443",2,0.93098292684316086,0.015596506653544395,109,109
fixed_test,7,0,apriori|3|06,"370407, ac370000, ac370443",3,0.93098292684316086,0.019896029621834455,109,109
fixed_test,7,0,apriori|3|06,"370407, ac370000, ac370443",4,0.93098292684316086,0.034399524389185254,109,109
fixed_test,7,0,apriori|3|06,"370407, ac370000, ac370443",5,0.93098292684316086,0.016391300904731843,109,108
fixed_test,7,0,apriori|3|06,"370407, ac370000, ac370443",6,0.93098292684316086,0.02071053013104962,109,109
fixed_test,7,0,apriori|3|06,"370407, ac370000, ac370443",7,0.93098292684316086,0.016391300904731843,109,109
fixed_test,7,0,apriori|3|06,"370407, ac370000, ac370443",8,0.93098292684316086,0.010536755645131901,109,109
fixed_test,7,0,apriori|3|06,"370407, ac370000, ac370443",9,0.93098292684316086,0.024998015521364825,109,109
fixed_test,7,0,apriori|3|07,"370407, ac370419, ac370443",0,0.93098292684316086,-0.0048561683433906433,109,109
fixed_test,7,0,apriori|3|07,"370407, ac370419, ac370443",1,0.93098292684316086,0,109,109
fixed_test,7,0,apriori|3|07,"370407, ac370419, ac370443",2,0.93098292684316086,0,109,109
fixed_test,7,0,apriori|3|07,"370407, ac370419, ac370443",3,0.93098292684316086,0,109,109
fixed_test,7,0,apriori|3|07,"370407, ac370419, ac370443",4,0.93098292684316086,0.0092022764209119812,109,109
fixed_test,7,0,apriori|3|07,"370407, ac370419, ac370443",5,0.93098292684316086,0.0092022764209119812,109,109
fixed_test,7,0,apriori|3|07,"370407, ac370419, ac370443",6,0.93098292684316086,0,109,109
fixed_test,7,0,apriori|3|07,"370407, ac370419, ac370443",7,0.93098292684316086,0.0049013552010510608,109,109
fixed_test,7,0,apriori|3|07,"370407, ac370419, ac370443",8,0.93098292684316086,0,109,109
fixed_test,7,0,apriori|3|07,"370407, ac370419, ac370443",9,0.93098292684316086,-0.0037891932702911468,109,109
fixed_test,7,0,apriori|3|08,"370407, ac370000, ac370442",0,0.93098292684316086,0.014847343840151073,108,108
fixed_test,7,0,apriori|3|08,"370407, ac370000, ac370442",1,0.93098292684316086,0.0018205083862310456,108,108
fixed_test,7,0,apriori|3|08,"370407, ac370000, ac370442",2,0.93098292684316086,0.015596506653544395,108,108
fixed_test,7,0,apriori|3|08,"370407, ac370000, ac370442",3,0.93098292684316086,0.0055290752849298519,108,108
fixed_test,7,0,apriori|3|08,"370407, ac370000, ac370442",4,0.93098292684316086,0.010536755645131901,108,108
fixed_test,7,0,apriori|3|08,"370407, ac370000, ac370442",5,0.93098292684316086,0.011265519258640389,108,108
fixed_test,7,0,apriori|3|08,"370407, ac370000, ac370442",6,0.93098292684316086,0.021574693352757635,108,108
fixed_test,7,0,apriori|3|08,"370407, ac370000, ac370442",7,0.93098292684316086,0.016391300904731843,108,108
fixed_test,7,0,apriori|3|08,"370407, ac370000, ac370442",8,0.93098292684316086,0.011265519258640389,108,108
fixed_test,7,0,apriori|3|08,"370407, ac370000, ac370442",9,0.93098292684316086,0.014847343840151073,108,108
fixed_test,7,0,apriori|3|09,"370407, ac370419, ac370442",0,0.93098292684316086,0.0049013552010510608,108,108
fixed_test,7,0,apriori|3|09,"370407, ac370419, ac370442",1,0.93098292684316086,0.0049013552010510608,108,108
fixed_test,7,0,apriori|3|09,"370407, ac370419, ac370442",2,0.93098292684316086,-0.0043384483436851307,108,108
fixed_test,7,0,apriori|3|09,"370407, ac370419, ac370442",3,0.93098292684316086,0.014141158745787363,108,108
fixed_test,7,0,apriori|3|09,"370407, ac370419, ac370442",4,0.93098292684316086,0,108,108
fixed_test,7,0,apriori|3|09,"370407, ac370419, ac370442",5,0.93098292684316086,0.0092022764209119812,108,108
fixed_test,7,0,apriori|3|09,"370407, ac370419, ac370442",6,0.93098292684316086,0.00057135116370687911,108,108
fixed_test,7,0,apriori|3|09,"370407, ac370419, ac370442",7,0.93098292684316086,-0.0032065110820962417,108,108
fixed_test,7,0,apriori|3|09,"370407, ac370419, ac370442",8,0.93098292684316086,0.0085919606688369399,108,108
fixed_test,7,0,apriori|3|09,"370407, ac370419, ac370442",9,0.93098292684316086,0.0092022764209119812,108,108
fixed_test,7,0,apriori|3|10,"370407, ac370442, ac370443",0,0.93098292684316086,0.0092022764209119812,108,108
fixed_test,7,0,apriori|3|10,"370407, ac370442, ac370443",1,0.93098292684316086,0,108,108
fixed_test,7,0,apriori|3|10,"370407, ac370442, ac370443",2,0.93098292684316086,0.0043096752013876971,108,108
fixed_test,7,0,apriori|3|10,"370407, ac370442, ac370443",3,0.93098292684316086,0.013475518746166149,108,108
fixed_test,7,0,apriori|3|10,"370407, ac370442, ac370443",4,0.93098292684316086,-0.0043384483436851307,108,108
fixed_test,7,0,apriori|3|10,"370407, ac370442, ac370443",5,0.93098292684316086,0.00057135116370687911,108,108
fixed_test,7,0,apriori|3|10,"370407, ac370442, ac370443",6,0.93098292684316086,0.00057135116370687911,108,108
fixed_test,7,0,apriori|3|10,"370407, ac370442, ac370443",7,0.93098292684316086,0.00057135116370687911,108,108
fixed_test,7,0,apriori|3|10,"370407, ac370442, ac370443",8,0.93098292684316086,0.00057135116370687911,108,108
fixed_test,7,0,apriori|3|10,"370407, ac370442, ac370443",9,0.93098292684316086,0,108,108
fixed_test,7,0,impressed|1|01,ac419100,0,0.93098292684316086,0.0043096752013876971,156,124
fixed_test,7,0,impressed|1|01,ac419100,1,0.93098292684316086,0.00057135116370687911,156,131
fixed_test,7,0,impressed|1|01,ac419100,2,0.93098292684316086,-0.0048561683433906433,156,131
fixed_test,7,0,impressed|1|01,ac419100,3,0.93098292684316086,-0.0043384483436851307,156,129
fixed_test,7,0,impressed|1|01,ac419100,4,0.93098292684316086,-0.0092022764209118701,156,135
fixed_test,7,0,impressed|1|01,ac419100,5,0.93098292684316086,0.0043096752013876971,156,129
fixed_test,7,0,impressed|1|01,ac419100,6,0.93098292684316086,-0.0048561683433906433,156,128
fixed_test,7,0,impressed|1|01,ac419100,7,0.93098292684316086,0,156,132
fixed_test,7,0,impressed|1|01,ac419100,8,0.93098292684316086,0.0092022764209119812,156,131
fixed_test,7,0,impressed|1|01,ac419100,9,0.93098292684316086,0.008016838072068988,156,136
fixed_test,7,0,impressed|1|02,ac370000,0,0.93098292684316086,0.14929446670574276,137,135
fixed_test,7,0,impressed|1|02,ac370000,1,0.93098292684316086,0.16831946101544271,137,134
fixed_test,7,0,impressed|1|02,ac370000,2,0.93098292684316086,0.17281670016877926,137,136
fixed_test,7,0,impressed|1|02,ac370000,3,0.93098292684316086,0.15663125088430141,137,136
fixed_test,7,0,impressed|1|02,ac370000,4,0.93098292684316086,0.16058640129674639,137,137
fixed_test,7,0,impressed|1|02,ac370000,5,0.93098292684316086,0.13128136334412399,137,137
fixed_test,7,0,impressed|1|02,ac370000,6,0.93098292684316086,0.16412601693692364,137,136
fixed_test,7,0,impressed|1|02,ac370000,7,0.93098292684316086,0.15293524837125505,137,136
fixed_test,7,0,impressed|1|02,ac370000,8,0.93098292684316086,0.21882652295920757,137,137
fixed_test,7,0,impressed|1|02,ac370000,9,0.93098292684316086,0.16831946101544271,137,137
fixed_test,7,0,impressed|1|03,ac415100,0,0.93098292684316086,0,60,58
fixed_test,7,0,impressed|1|03,ac415100,1,0.93098292684316086,0,60,59
fixed_test,7,0,impressed|1|03,ac415100,2,0.93098292684316086,-0.00053851389888970314,60,56
fixed_test,7,0,impressed|1|03,ac415100,3,0.93098292684316086,-0.00053851389888970314,60,54
fixed_test,7,0,impressed|1|03,ac415100,4,0.93098292684316086,0,60,56
fixed_test,7,0,impressed|1|03,ac415100,5,0.93098292684316086,0,60,54
fixed_test,7,0,impressed|1|03,ac415100,6,0.93098292684316086,-0.0048561683433906433,60,57
fixed_test,7,0,impressed|1|03,ac415100,7,0.93098292684316086,0.0043096752013876971,60,58
fixed_test,7,0,impressed|1|03,ac415100,8,0.93098292684316086,-0.0043384483436851307,60,58
fixed_test,7,0,impressed|1|03,ac415100,9,0.93098292684316086,0,60,58
fixed_test,7,0,impressed|1|04,ac10307,0,0.93098292684316086,-0.0048561683433906433,34,29
fixed_test,7,0,impressed|1|04,ac10307,1,0.93098292684316086,-0.0096689884666161241,34,29
fixed_test,7,0,impressed|1|04,ac10307,2,0.93098292684316086,-0.0096689884666161241,34,30
fixed_test,7,0,impressed|1|04,ac10307,3,0.93098292684316086,-0.0096689884666161241,34,31
fixed_test,7,0,impressed|1|04,ac10307,4,0.93098292684316086,0,34,30
fixed_test,7,0,impressed|1|04,ac10307,5,0.93098292684316086,0,34,31
fixed_test,7,0,impressed|1|04,ac10307,6,0.93098292684316086,0,34,26
fixed_test,7,0,impressed|1|04,ac10307,7,0.93098292684316086,-0.0053440904460378968,34,27
fixed_test,7,0,impressed|1|04,ac10307,8,0.93098292684316086,-0.0096689884666161241,34,27
fixed_test,7,0,impressed|1|04,ac10307,9,0.93098292684316086,-0.00053851389888970314,34,32
fixed_test,7,0,impressed|1|05,ac355427,0,0.93098292684316086,0,10,8
fixed_test,7,0,impressed|1|05,ac355427,1,0.93098292684316086,0,10,9
fixed_test,7,0,impressed|1|05,ac355427,2,0.93098292684316086,0,10,8
fixed_test,7,0,impressed|1|05,ac355427,3,0.93098292684316086,0,10,8
fixed_test,7,0,impressed|1|05,ac355427,4,0.93098292684316086,0,10,8
fixed_test,7,0,impressed|1|05,ac355427,5,0.93098292684316086,0,10,9
fixed_test,7,0,impressed|1|05,ac355427,6,0.93098292684316086,0,10,8
fixed_test,7,0,impressed|1|05,ac355427,7,0.93098292684316086,0,10,8
fixed_test,7,0,impressed|1|05,ac355427,8,0.93098292684316086,0,10,8
fixed_test,7,0,impressed|1|05,ac355427,9,0.93098292684316086,0,10,8
fixed_test,7,0,impressed|1|06,ac388170,0,0.93098292684316086,0,2,0
fixed_test,7,0,impressed|1|06,ac388170,1,0.93098292684316086,0,2,1
fixed_test,7,0,impressed|1|06,ac388170,2,0.93098292684316086,0.0043096752013876971,2,2
fixed_test,7,0,impressed|1|06,ac388170,3,0.93098292684316086,0,2,2
fixed_test,7,0,impressed|1|06,ac388170,4,0.93098292684316086,0,2,1
fixed_test,7,0,impressed|1|06,ac388170,5,0.93098292684316086,0,2,1
fixed_test,7,0,impressed|1|06,ac388170,6,0.93098292684316086,0,2,0
fixed_test,7,0,impressed|1|06,ac388170,7,0.93098292684316086,0,2,2
fixed_test,7,0,impressed|1|06,ac388170,8,0.93098292684316086,0,2,2
fixed_test,7,0,impressed|1|06,ac388170,9,0.93098292684316086,0,2,1
fixed_test,7,0,impressed|1|07,387070a,0,0.93098292684316086,0,0,0
fixed_test,7,0,impressed|1|07,387070a,1,0.93098292684316086,0,0,0
fixed_test,7,0,impressed|1|07,387070a,2,0.93098292684316086,0,0,0
fixed_test,7,0,impressed|1|07,387070a,3,0.93098292684316086,0,0,0
fixed_test,7,0,impressed|1|07,387070a,4,0.93098292684316086,0,0,0
fixed_test,7,0,impressed|1|07,387070a,5,0.93098292684316086,0,0,0
fixed_test,7,0,impressed|1|07,387070a,6,0.93098292684316086,0,0,0
fixed_test,7,0,impressed|1|07,387070a,7,0.93098292684316086,0,0,0
fixed_test,7,0,impressed|1|07,387070a,8,0.93098292684316086,0,0,0
fixed_test,7,0,impressed|1|07,387070a,9,0.93098292684316086,0,0,0
fixed_test,7,0,impressed|1|08,ac370402,0,0.93098292684316086,-0.0048561683433906433,102,99
fixed_test,7,0,impressed|1|08,ac370402,1,0.93098292684316086,-0.0087071054123658564,102,99
fixed_test,7,0,impressed|1|08,ac370402,2,0.93098292684316086,-0.0048561683433906433,102,96
fixed_test,7,0,impressed|1|08,ac370402,3,0.93098292684316086,0.0092022764209119812,102,96
fixed_test,7,0,impressed|1|08,ac370402,4,0.93098292684316086,-0.0048561683433906433,102,99
fixed_test,7,0,impressed|1|08,ac370402,5,0.93098292684316086,-0.0043384483436851307,102,95
fixed_test,7,0,impressed|1|08,ac370402,6,0.93098292684316086,0.0049013552010510608,102,100
fixed_test,7,0,impressed|1|08,ac370402,7,0.93098292684316086,0.00057135116370687911,102,98
fixed_test,7,0,impressed|1|08,ac370402,8,0.93098292684316086,-0.0048561683433906433,102,95
fixed_test,7,0,impressed|1|08,ac370402,9,0.93098292684316086,-0.0087071054123658564,102,94
fixed_test,7,0,impressed|1|09,370488g,0,0.93098292684316086,-0.0043384483436851307,104,99
fixed_test,7,0,impressed|1|09,370488g,1,0.93098292684316086,0,104,99
fixed_test,7,0,impressed|1|09,370488g,2,0.93098292684316086,0,104,94
fixed_test,7,0,impressed|1|09,370488g,3,0.93098292684316086,0.0049013552010510608,104,98
fixed_test,7,0,impressed|1|09,370488g,4,0.93098292684316086,0.0049013552010510608,104,97
fixed_test,7,0,impressed|1|09,370488g,5,0.93098292684316086,0.0043096752013876971,104,98
fixed_test,7,0,impressed|1|09,370488g,6,0.93098292684316086,0.0043096752013876971,104,101
fixed_test,7,0,impressed|1|09,370488g,7,0.93098292684316086,0.0043096752013876971,104,99
fixed_test,7,0,impressed|1|09,370488g,8,0.93098292684316086,-0.0043384483436851307,104,99
fixed_test,7,0,impressed|1|09,370488g,9,0.93098292684316086,-0.0043384483436851307,104,100
fixed_test,7,0,impressed|1|10,370488e,0,0.93098292684316086,0,105,99
fixed_test,7,0,impressed|1|10,370488e,1,0.93098292684316086,0.012848190328476727,105,104
fixed_test,7,0,impressed|1|10,370488e,2,0.93098292684316086,0.0049013552010510608,105,103
fixed_test,7,0,impressed|1|10,370488e,3,0.93098292684316086,0,105,99
fixed_test,7,0,impressed|1|10,370488e,4,0.93098292684316086,0.0049013552010510608,105,96
fixed_test,7,0,impressed|1|10,370488e,5,0.93098292684316086,0.0043096752013876971,105,102
fixed_test,7,0,impressed|1|10,370488e,6,0.93098292684316086,0,105,103
fixed_test,7,0,impressed|1|10,370488e,7,0.93098292684316086,0.0043096752013876971,105,96
fixed_test,7,0,impressed|1|10,370488e,8,0.93098292684316086,0.0043096752013876971,105,99
fixed_test,7,0,impressed|1|10,370488e,9,0.93098292684316086,0,105,99
fixed_test,7,0,impressed|2|01,"ac370000, ac370402",0,0.93098292684316086,0.0011774816684293476,102,102
fixed_test,7,0,impressed|2|01,"ac370000, ac370402",1,0.93098292684316086,0.016391300904731843,102,102
fixed_test,7,0,impressed|2|01,"ac370000, ac370402",2,0.93098292684316086,0.014847343840151073,102,102
fixed_test,7,0,impressed|2|01,"ac370000, ac370402",3,0.93098292684316086,0.011265519258640389,102,101
fixed_test,7,0,impressed|2|01,"ac370000, ac370402",4,0.93098292684316086,0.025881120244906519,102,102
fixed_test,7,0,impressed|2|01,"ac370000, ac370402",5,0.93098292684316086,0.02071053013104962,102,102
fixed_test,7,0,impressed|2|01,"ac370000, ac370402",6,0.93098292684316086,0.011265519258640389,102,101
fixed_test,7,0,impressed|2|01,"ac370000, ac370402",7,0.93098292684316086,0.0061949977857241878,102,101
fixed_test,7,0,impressed|2|01,"ac370000, ac370402",8,0.93098292684316086,0.026818148564596411,102,101
fixed_test,7,0,impressed|2|01,"ac370000, ac370402",9,0.93098292684316086,0.011265519258640389,102,102
fixed_test,7,0,impressed|2|02,"370401c, ac370000",0,0.93098292684316086,0.036401670736740055,108,108
fixed_test,7,0,impressed|2|02,"370401c, ac370000",1,0.93098292684316086,0.047178567681621653,108,108
fixed_test,7,0,impressed|2|02,"370401c, ac370000",2,0.93098292684316086,0.027812627541878188,108,108
fixed_test,7,0,impressed|2|02,"370401c, ac370000",3,0.93098292684316086,0.041756730393189057,108,108
fixed_test,7,0,impressed|2|02,"370401c, ac370000",4,0.93098292684316086,0.021574693352757635,108,108
fixed_test,7,0,impressed|2|02,"370401c, ac370000",5,0.93098292684316086,0.024998015521364825,108,107
fixed_test,7,0,impressed|2|02,"370401c, ac370000",6,0.93098292684316086,0.02071053013104962,108,108
fixed_test,7,0,impressed|2|02,"370401c, ac370000",7,0.93098292684316086,0.016391300904731843,108,108
fixed_test,7,0,impressed|2|02,"370401c, ac370000",8,0.93098292684316086,0.031110668774820383,108,108
fixed_test,7,0,impressed|2|02,"370401c, ac370000",9,0.93098292684316086,0.016391300904731843,108,105
fixed_test,7,0,impressed|2|03,"ac370000, ac370403",0,0.93098292684316086,0.0098498077397797257,108,107
fixed_test,7,0,impressed|2|03,"ac370000, ac370403",1,0.93098292684316086,0.010536755645131901,108,108
fixed_test,7,0,impressed|2|03,"ac370000, ac370403",2,0.93098292684316086,0.0011774816684293476,108,108
fixed_test,7,0,impressed|2|03,"ac370000, ac370403",3,0.93098292684316086,0.011265519258640389,108,108
fixed_test,7,0,impressed|2|03,"ac370000, ac370403",4,0.93098292684316086,0.019896029621834455,108,106
fixed_test,7,0,impressed|2|03,"ac370000, ac370403",5,0.93098292684316086,0.0061949977857241878,108,108
fixed_test,7,0,impressed|2|03,"ac370000, ac370403",6,0.93098292684316086,0.040646644196883241,108,107
fixed_test,7,0,impressed|2|03,"ac370000, ac370403",7,0.93098292684316086,0.0011774816684293476,108,107
fixed_test,7,0,impressed|2|03,"ac370000, ac370403",8,0.93098292684316086,0.015596506653544395,108,108
fixed_test,7,0,impressed|2|03,"ac370000, ac370403",9,0.93098292684316086,0.019896029621834455,108,106
fixed_test,7,0,impressed|2|04,"ac411100, ac419100",0,0.93098292684316086,0.0043096752013876971,96,85
fixed_test,7,0,impressed|2|04,"ac411100, ac419100",1,0.93098292684316086,-0.0087071054123658564,96,85
fixed_test,7,0,impressed|2|04,"ac411100, ac419100",2,0.93098292684316086,-0.0048561683433906433,96,87
fixed_test,7,0,impressed|2|04,"ac411100, ac419100",3,0.93098292684316086,-0.0048561683433906433,96,87
fixed_test,7,0,impressed|2|04,"ac411100, ac419100",4,0.93098292684316086,-0.00053851389888970314,96,88
fixed_test,7,0,impressed|2|04,"ac411100, ac419100",5,0.93098292684316086,-0.0048561683433906433,96,88
fixed_test,7,0,impressed|2|04,"ac411100, ac419100",6,0.93098292684316086,-0.0043384483436851307,96,82
fixed_test,7,0,impressed|2|04,"ac411100, ac419100",7,0.93098292684316086,-0.0043384483436851307,96,90
fixed_test,7,0,impressed|2|04,"ac411100, ac419100",8,0.93098292684316086,-0.0043384483436851307,96,88
fixed_test,7,0,impressed|2|04,"ac411100, ac419100",9,0.93098292684316086,-0.0048561683433906433,96,88
fixed_test,7,0,impressed|2|05,"ac411100, ac415100",0,0.93098292684316086,-0.0043384483436851307,50,50
fixed_test,7,0,impressed|2|05,"ac411100, ac415100",1,0.93098292684316086,0.0043096752013876971,50,48
fixed_test,7,0,impressed|2|05,"ac411100, ac415100",2,0.93098292684316086,0.0085919606688369399,50,50
fixed_test,7,0,impressed|2|05,"ac411100, ac415100",3,0.93098292684316086,0.0085919606688369399,50,48
fixed_test,7,0,impressed|2|05,"ac411100, ac415100",4,0.93098292684316086,0.0043096752013876971,50,49
fixed_test,7,0,impressed|2|05,"ac411100, ac415100",5,0.93098292684316086,0,50,49
fixed_test,7,0,impressed|2|05,"ac411100, ac415100",6,0.93098292684316086,0.0043096752013876971,50,49
fixed_test,7,0,impressed|2|05,"ac411100, ac415100",7,0.93098292684316086,0.0043096752013876971,50,48
fixed_test,7,0,impressed|2|05,"ac411100, ac415100",8,0.93098292684316086,0.0043096752013876971,50,50
fixed_test,7,0,impressed|2|05,"ac411100, ac415100",9,0.93098292684316086,0.0043096752013876971,50,50
fixed_test,7,0,impressed|2|06,"ac415100, ac419100",0,0.93098292684316086,0,59,51
fixed_test,7,0,impressed|2|06,"ac415100, ac419100",1,0.93098292684316086,0.0043096752013876971,59,54
fixed_test,7,0,impressed|2|06,"ac415100, ac419100",2,0.93098292684316086,0.0043096752013876971,59,52
fixed_test,7,0,impressed|2|06,"ac415100, ac419100",3,0.93098292684316086,0.0085919606688369399,59,52
fixed_test,7,0,impressed|2|06,"ac415100, ac419100",4,0.93098292684316086,0,59,55
fixed_test,7,0,impressed|2|06,"ac415100, ac419100",5,0.93098292684316086,0.012848190328476727,59,53
fixed_test,7,0,impressed|2|06,"ac415100, ac419100",6,0.93098292684316086,0,59,55
fixed_test,7,0,impressed|2|06,"ac415100, ac419100",7,0.93098292684316086,0.0085919606688369399,59,56
fixed_test,7,0,impressed|2|06,"ac415100, ac419100",8,0.93098292684316086,0.0043096752013876971,59,55
fixed_test,7,0,impressed|2|06,"ac415100, ac419100",9,0.93098292684316086,0,59,57
fixed_test,7,0,impressed|2|07,"ac10307, ac411100",0,0.93098292684316086,0,34,34
fixed_test,7,0,impressed|2|07,"ac10307, ac411100",1,0.93098292684316086,0,34,32
fixed_test,7,0,impressed|2|07,"ac10307, ac411100",2,0.93098292684316086,-0.0048561683433906433,34,33
fixed_test,7,0,impressed|2|07,"ac10307, ac411100",3,0.93098292684316086,0,34,32
fixed_test,7,0,impressed|2|07,"ac10307, ac411100",4,0.93098292684316086,0,34,33
fixed_test,7,0,impressed|2|07,"ac10307, ac411100",5,0.93098292684316086,-0.0048561683433906433,34,32
fixed_test,7,0,impressed|2|07,"ac10307, ac411100",6,0.93098292684316086,-0.0048561683433906433,34,32
fixed_test,7,0,impressed|2|07,"ac10307, ac411100",7,0.93098292684316086,-0.0096689884666161241,34,33
fixed_test,7,0,impressed|2|07,"ac10307, ac411100",8,0.93098292684316086,-0.0048561683433906433,34,32
fixed_test,7,0,impressed|2|07,"ac10307, ac411100",9,0.93098292684316086,-0.0048561683433906433,34,33
fixed_test,7,0,impressed|2|08,"ac10307, ac419100",0,0.93098292684316086,-0.0048561683433906433,33,33
fixed_test,7,0,impressed|2|08,"ac10307, ac419100",1,0.93098292684316086,-0.0048561683433906433,33,31
fixed_test,7,0,impressed|2|08,"ac10307, ac419100",2,0.93098292684316086,-0.0048561683433906433,33,33
fixed_test,7,0,impressed|2|08,"ac10307, ac419100",3,0.93098292684316086,-0.0096689884666161241,33,32
fixed_test,7,0,impressed|2|08,"ac10307, ac419100",4,0.93098292684316086,-0.0048561683433906433,33,31
fixed_test,7,0,impressed|2|08,"ac10307, ac419100",5,0.93098292684316086,-0.0048561683433906433,33,30
fixed_test,7,0,impressed|2|08,"ac10307, ac419100",6,0.93098292684316086,-0.0048561683433906433,33,33
fixed_test,7,0,impressed|2|08,"ac10307, ac419100",7,0.93098292684316086,-0.0048561683433906433,33,33
fixed_test,7,0,impressed|2|08,"ac10307, ac419100",8,0.93098292684316086,-0.0048561683433906433,33,32
fixed_test,7,0,impressed|2|08,"ac10307, ac419100",9,0.93098292684316086,-0.0048561683433906433,33,33
fixed_test,7,0,impressed|2|09,"ac10307, ac415100",0,0.93098292684316086,0,15,14
fixed_test,7,0,impressed|2|09,"ac10307, ac415100",1,0.93098292684316086,0,15,14
fixed_test,7,0,impressed|2|09,"ac10307, ac415100",2,0.93098292684316086,0,15,15
fixed_test,7,0,impressed|2|09,"ac10307, ac415100",3,0.93098292684316086,0,15,15
fixed_test,7,0,impressed|2|09,"ac10307, ac415100",4,0.93098292684316086,0,15,15
fixed_test,7,0,impressed|2|09,"ac10307, ac415100",5,0.93098292684316086,0.0043096752013876971,15,15
fixed_test,7,0,impressed|2|09,"ac10307, ac415100",6,0.93098292684316086,-0.0048561683433906433,15,15
fixed_test,7,0,impressed|2|09,"ac10307, ac415100",7,0.93098292684316086,-0.0048561683433906433,15,15
fixed_test,7,0,impressed|2|09,"ac10307, ac415100",8,0.93098292684316086,0,15,14
fixed_test,7,0,impressed|2|09,"ac10307, ac415100",9,0.93098292684316086,0,15,15
fixed_test,7,0,impressed|2|10,"ac355201, ac415100",0,0.93098292684316086,0,5,4
fixed_test,7,0,impressed|2|10,"ac355201, ac415100",1,0.93098292684316086,0,5,5
fixed_test,7,0,impressed|2|10,"ac355201, ac415100",2,0.93098292684316086,0,5,5
fixed_test,7,0,impressed|2|10,"ac355201, ac415100",3,0.93098292684316086,0,5,5
fixed_test,7,0,impressed|2|10,"ac355201, ac415100",4,0.93098292684316086,0,5,5
fixed_test,7,0,impressed|2|10,"ac355201, ac415100",5,0.93098292684316086,0,5,5
fixed_test,7,0,impressed|2|10,"ac355201, ac415100",6,0.93098292684316086,0,5,5
fixed_test,7,0,impressed|2|10,"ac355201, ac415100",7,0.93098292684316086,0,5,5
fixed_test,7,0,impressed|2|10,"ac355201, ac415100",8,0.93098292684316086,0,5,5
fixed_test,7,0,impressed|2|10,"ac355201, ac415100",9,0.93098292684316086,-0.0043384483436851307,5,5
fixed_test,7,0,impressed|3|01,"ac411100, ac415100, ac419100",0,0.93098292684316086,0.0043096752013876971,48,47
fixed_test,7,0,impressed|3|01,"ac411100, ac415100, ac419100",1,0.93098292684316086,-0.0043384483436851307,48,47
fixed_test,7,0,impressed|3|01,"ac411100, ac415100, ac419100",2,0.93098292684316086,0,48,47
fixed_test,7,0,impressed|3|01,"ac411100, ac415100, ac419100",3,0.93098292684316086,0,48,47
fixed_test,7,0,impressed|3|01,"ac411100, ac415100, ac419100",4,0.93098292684316086,-0.0043384483436851307,48,48
fixed_test,7,0,impressed|3|01,"ac411100, ac415100, ac419100",5,0.93098292684316086,-0.0043384483436851307,48,45
fixed_test,7,0,impressed|3|01,"ac411100, ac415100, ac419100",6,0.93098292684316086,0,48,46
fixed_test,7,0,impressed|3|01,"ac411100, ac415100, ac419100",7,0.93098292684316086,0.0085919606688369399,48,48
fixed_test,7,0,impressed|3|01,"ac411100, ac415100, ac419100",8,0.93098292684316086,-0.0043384483436851307,48,47
fixed_test,7,0,impressed|3|01,"ac411100, ac415100, ac419100",9,0.93098292684316086,0,48,46
fixed_test,7,0,impressed|3|02,"ac10307, ac411100, ac419100",0,0.93098292684316086,-0.0048561683433906433,32,32
fixed_test,7,0,impressed|3|02,"ac10307, ac411100, ac419100",1,0.93098292684316086,0.0043096752013876971,32,31
fixed_test,7,0,impressed|3|02,"ac10307, ac411100, ac419100",2,0.93098292684316086,-0.0048561683433906433,32,30
fixed_test,7,0,impressed|3|02,"ac10307, ac411100, ac419100",3,0.93098292684316086,-0.0048561683433906433,32,32
fixed_test,7,0,impressed|3|02,"ac10307, ac411100, ac419100",4,0.93098292684316086,-0.0048561683433906433,32,31
fixed_test,7,0,impressed|3|02,"ac10307, ac411100, ac419100",5,0.93098292684316086,-0.0048561683433906433,32,30
fixed_test,7,0,impressed|3|02,"ac10307, ac411100, ac419100",6,0.93098292684316086,-0.0048561683433906433,32,29
fixed_test,7,0,impressed|3|02,"ac10307, ac411100, ac419100",7,0.93098292684316086,0,32,30
fixed_test,7,0,impressed|3|02,"ac10307, ac411100, ac419100",8,0.93098292684316086,-0.0048561683433906433,32,31
fixed_test,7,0,impressed|3|02,"ac10307, ac411100, ac419100",9,0.93098292684316086,-0.0048561683433906433,32,32
fixed_test,7,0,impressed|3|03,"ac370000, ac411100, ac415100",0,0.93098292684316086,-0.0087071054123658564,31,31
fixed_test,7,0,impressed|3|03,"ac370000, ac411100, ac415100",1,0.93098292684316086,-0.0087071054123658564,31,31
fixed_test,7,0,impressed|3|03,"ac370000, ac411100, ac415100",2,0.93098292684316086,-0.0043384483436851307,31,31
fixed_test,7,0,impressed|3|03,"ac370000, ac411100, ac415100",3,0.93098292684316086,0,31,31
fixed_test,7,0,impressed|3|03,"ac370000, ac411100, ac415100",4,0.93098292684316086,-0.0087071054123658564,31,31
fixed_test,7,0,impressed|3|03,"ac370000, ac411100, ac415100",5,0.93098292684316086,-0.0043384483436851307,31,31
fixed_test,7,0,impressed|3|03,"ac370000, ac411100, ac415100",6,0.93098292684316086,-0.0043384483436851307,31,31
fixed_test,7,0,impressed|3|03,"ac370000, ac411100, ac415100",7,0.93098292684316086,-0.0087071054123658564,31,31
fixed_test,7,0,impressed|3|03,"ac370000, ac411100, ac415100",8,0.93098292684316086,-0.0087071054123658564,31,31
fixed_test,7,0,impressed|3|03,"ac370000, ac411100, ac415100",9,0.93098292684316086,-0.0087071054123658564,31,31
fixed_test,7,0,impressed|3|04,"ac355201, ac415100, ac419100",0,0.93098292684316086,0,5,5
fixed_test,7,0,impressed|3|04,"ac355201, ac415100, ac419100",1,0.93098292684316086,0,5,5
fixed_test,7,0,impressed|3|04,"ac355201, ac415100, ac419100",2,0.93098292684316086,0,5,5
fixed_test,7,0,impressed|3|04,"ac355201, ac415100, ac419100",3,0.93098292684316086,-0.0043384483436851307,5,5
fixed_test,7,0,impressed|3|04,"ac355201, ac415100, ac419100",4,0.93098292684316086,0,5,5
fixed_test,7,0,impressed|3|04,"ac355201, ac415100, ac419100",5,0.93098292684316086,0,5,5
fixed_test,7,0,impressed|3|04,"ac355201, ac415100, ac419100",6,0.93098292684316086,0,5,5
fixed_test,7,0,impressed|3|04,"ac355201, ac415100, ac419100",7,0.93098292684316086,0,5,5
fixed_test,7,0,impressed|3|04,"ac355201, ac415100, ac419100",8,0.93098292684316086,0,5,5
fixed_test,7,0,impressed|3|04,"ac355201, ac415100, ac419100",9,0.93098292684316086,0,5,5
fixed_test,7,0,impressed|3|05,"ac355201, ac411100, ac419100",0,0.93098292684316086,-0.0048561683433906433,5,5
fixed_test,7,0,impressed|3|05,"ac355201, ac411100, ac419100",1,0.93098292684316086,-0.0048561683433906433,5,5
fixed_test,7,0,impressed|3|05,"ac355201, ac411100, ac419100",2,0.93098292684316086,-0.0048561683433906433,5,4
fixed_test,7,0,impressed|3|05,"ac355201, ac411100, ac419100",3,0.93098292684316086,-0.0048561683433906433,5,5
fixed_test,7,0,impressed|3|05,"ac355201, ac411100, ac419100",4,0.93098292684316086,-0.0048561683433906433,5,5
fixed_test,7,0,impressed|3|05,"ac355201, ac411100, ac419100",5,0.93098292684316086,-0.0048561683433906433,5,5
fixed_test,7,0,impressed|3|05,"ac355201, ac411100, ac419100",6,0.93098292684316086,-0.0048561683433906433,5,5
fixed_test,7,0,impressed|3|05,"ac355201, ac411100, ac419100",7,0.93098292684316086,-0.0048561683433906433,5,5
fixed_test,7,0,impressed|3|05,"ac355201, ac411100, ac419100",8,0.93098292684316086,-0.0048561683433906433,5,5
fixed_test,7,0,impressed|3|05,"ac355201, ac411100, ac419100",9,0.93098292684316086,0,5,4
fixed_test,7,0,impressed|3|06,"ac355427, ac415100, ac419100",0,0.93098292684316086,0,9,7
fixed_test,7,0,impressed|3|06,"ac355427, ac415100, ac419100",1,0.93098292684316086,0,9,8
fixed_test,7,0,impressed|3|06,"ac355427, ac415100, ac419100",2,0.93098292684316086,0.0043096752013876971,9,7
fixed_test,7,0,impressed|3|06,"ac355427, ac415100, ac419100",3,0.93098292684316086,0,9,8
fixed_test,7,0,impressed|3|06,"ac355427, ac415100, ac419100",4,0.93098292684316086,0,9,9
fixed_test,7,0,impressed|3|06,"ac355427, ac415100, ac419100",5,0.93098292684316086,0,9,8
fixed_test,7,0,impressed|3|06,"ac355427, ac415100, ac419100",6,0.93098292684316086,0,9,9
fixed_test,7,0,impressed|3|06,"ac355427, ac415100, ac419100",7,0.93098292684316086,0,9,8
fixed_test,7,0,impressed|3|06,"ac355427, ac415100, ac419100",8,0.93098292684316086,0,9,8
fixed_test,7,0,impressed|3|06,"ac355427, ac415100, ac419100",9,0.93098292684316086,0,9,9
fixed_test,7,0,impressed|3|07,"370407, ac10307, ac370000",0,0.93098292684316086,-0.0048561683433906433,12,12
fixed_test,7,0,impressed|3|07,"370407, ac10307, ac370000",1,0.93098292684316086,0,12,12
fixed_test,7,0,impressed|3|07,"370407, ac10307, ac370000",2,0.93098292684316086,-0.0048561683433906433,12,12
fixed_test,7,0,impressed|3|07,"370407, ac10307, ac370000",3,0.93098292684316086,-0.0048561683433906433,12,12
fixed_test,7,0,impressed|3|07,"370407, ac10307, ac370000",4,0.93098292684316086,0,12,12
fixed_test,7,0,impressed|3|07,"370407, ac10307, ac370000",5,0.93098292684316086,0.0049013552010510608,12,12
fixed_test,7,0,impressed|3|07,"370407, ac10307, ac370000",6,0.93098292684316086,-0.0048561683433906433,12,12
fixed_test,7,0,impressed|3|07,"370407, ac10307, ac370000",7,0.93098292684316086,-0.0048561683433906433,12,12
fixed_test,7,0,impressed|3|07,"370407, ac10307, ac370000",8,0.93098292684316086,0,12,12
fixed_test,7,0,impressed|3|07,"370407, ac10307, ac370000",9,0.93098292684316086,-0.0048561683433906433,12,12
fixed_test,7,0,impressed|3|08,"376400, ac370000, ac411100",0,0.93098292684316086,0,13,13
fixed_test,7,0,impressed|3|08,"376400, ac370000, ac411100",1,0.93098292684316086,0,13,12
fixed_test,7,0,impressed|3|08,"376400, ac370000, ac411100",2,0.93098292684316086,0,13,13
fixed_test,7,0,impressed|3|08,"376400, ac370000, ac411100",3,0.93098292684316086,0,13,13
fixed_test,7,0,impressed|3|08,"376400, ac370000, ac411100",4,0.93098292684316086,0,13,13
fixed_test,7,0,impressed|3|08,"376400, ac370000, ac411100",5,0.93098292684316086,0,13,13
fixed_test,7,0,impressed|3|08,"376400, ac370000, ac411100",6,0.93098292684316086,0,13,13
fixed_test,7,0,impressed|3|08,"376400, ac370000, ac411100",7,0.93098292684316086,0,13,13
fixed_test,7,0,impressed|3|08,"376400, ac370000, ac411100",8,0.93098292684316086,0,13,13
fixed_test,7,0,impressed|3|08,"376400, ac370000, ac411100",9,0.93098292684316086,0,13,13
fixed_test,7,0,impressed|3|09,"ac410500, ac411100, ac415100",0,0.93098292684316086,0.0043096752013876971,3,3
fixed_test,7,0,impressed|3|09,"ac410500, ac411100, ac415100",1,0.93098292684316086,0,3,3
fixed_test,7,0,impressed|3|09,"ac410500, ac411100, ac415100",2,0.93098292684316086,0.0043096752013876971,3,3
fixed_test,7,0,impressed|3|09,"ac410500, ac411100, ac415100",3,0.93098292684316086,0.0043096752013876971,3,3
fixed_test,7,0,impressed|3|09,"ac410500, ac411100, ac415100",4,0.93098292684316086,0,3,3
fixed_test,7,0,impressed|3|09,"ac410500, ac411100, ac415100",5,0.93098292684316086,0,3,3
fixed_test,7,0,impressed|3|09,"ac410500, ac411100, ac415100",6,0.93098292684316086,0.0043096752013876971,3,3
fixed_test,7,0,impressed|3|09,"ac410500, ac411100, ac415100",7,0.93098292684316086,0.0043096752013876971,3,3
fixed_test,7,0,impressed|3|09,"ac410500, ac411100, ac415100",8,0.93098292684316086,0,3,3
fixed_test,7,0,impressed|3|09,"ac410500, ac411100, ac415100",9,0.93098292684316086,0.0043096752013876971,3,3
fixed_test,7,0,impressed|3|10,"ac379999, ac415100, ac419100",0,0.93098292684316086,0.0085919606688369399,34,34
fixed_test,7,0,impressed|3|10,"ac379999, ac415100, ac419100",1,0.93098292684316086,0.012848190328476727,34,34
fixed_test,7,0,impressed|3|10,"ac379999, ac415100, ac419100",2,0.93098292684316086,0,34,34
fixed_test,7,0,impressed|3|10,"ac379999, ac415100, ac419100",3,0.93098292684316086,0.0043096752013876971,34,34
fixed_test,7,0,impressed|3|10,"ac379999, ac415100, ac419100",4,0.93098292684316086,0,34,34
fixed_test,7,0,impressed|3|10,"ac379999, ac415100, ac419100",5,0.93098292684316086,0.0037520499412193598,34,34
fixed_test,7,0,impressed|3|10,"ac379999, ac415100, ac419100",6,0.93098292684316086,0,34,34
fixed_test,7,0,impressed|3|10,"ac379999, ac415100, ac419100",7,0.93098292684316086,0.0085919606688369399,34,34
fixed_test,7,0,impressed|3|10,"ac379999, ac415100, ac419100",8,0.93098292684316086,-0.0043384483436851307,34,34
fixed_test,7,0,impressed|3|10,"ac379999, ac415100, ac419100",9,0.93098292684316086,0.0043096752013876971,34,34
fixed_train,7,0,apriori|1|01,ac419100,0,0.99661300427723787,0.030630994436682935,600,496
fixed_train,7,0,apriori|1|01,ac419100,1,0.99661300427723787,0.029706653727956445,600,489
fixed_train,7,0,apriori|1|01,ac419100,2,0.99661300427723787,0.030630994436682935,600,496
fixed_train,7,0,apriori|1|01,ac419100,3,0.99661300427723787,0.026095262415423481,600,499
fixed_train,7,0,apriori|1|01,ac419100,4,0.99661300427723787,0.027311573007665291,600,492
fixed_train,7,0,apriori|1|01,ac419100,5,0.99661300427723787,0.018215700791242351,600,503
fixed_train,7,0,apriori|1|01,ac419100,6,0.99661300427723787,0.028363128426053263,600,484
fixed_train,7,0,apriori|1|01,ac419100,7,0.99661300427723787,0.026201430610107934,600,489
fixed_train,7,0,apriori|1|01,ac419100,8,0.99661300427723787,0.028419866706448249,600,492
fixed_train,7,0,apriori|1|01,ac419100,9,0.99661300427723787,0.024026382311645555,600,503
fixed_train,7,0,apriori|1|02,ac370000,0,0.99661300427723787,0.22470441080838477,565,562
fixed_train,7,0,apriori|1|02,ac370000,1,0.99661300427723787,0.20625936518906463,565,561
fixed_train,7,0,apriori|1|02,ac370000,2,0.99661300427723787,0.20524633880698673,565,561
fixed_train,7,0,apriori|1|02,ac370000,3,0.99661300427723787,0.19648141395536978,565,561
fixed_train,7,0,apriori|1|02,ac370000,4,0.99661300427723787,0.19618283184886454,565,558
fixed_train,7,0,apriori|1|02,ac370000,5,0.99661300427723787,0.19975598789830917,565,562
fixed_train,7,0,apriori|1|02,ac370000,6,0.99661300427723787,0.23502695608169089,565,561
fixed_train,7,0,apriori|1|02,ac370000,7,0.99661300427723787,0.19713814941316143,565,562
fixed_train,7,0,apriori|1|02,ac370000,8,0.99661300427723787,0.19492397867126787,565,563
fixed_train,7,0,apriori|1|02,ac370000,9,0.99661300427723787,0.18837864059004017,565,559
fixed_train,7,0,apriori|1|03,370407,0,0.99661300427723787,0.019373332225599449,472,451
fixed_train,7,0,apriori|1|03,370407,1,0.99661300427723787,0.012488066351645566,472,451
fixed_train,7,0,apriori|1|03,370407,2,0.99661300427723787,0.014821266635927199,472,452
fixed_train,7,0,apriori|1|03,370407,3,0.99661300427723787,0.021789267496979403,472,454
fixed_train,7,0,apriori|1|03,370407,4,0.99661300427723787,0.012545233841090964,472,445
fixed_train,7,0,apriori|1|03,370407,5,0.99661300427723787,0.012516435491843114,472,448
fixed_train,7,0,apriori|1|03,370407,6,0.99661300427723787,0.019373332225599449,472,457
fixed_train,7,0,apriori|1|03,370407,7,0.99661300427723787,0.013667764683030881,472,458
fixed_train,7,0,apriori|1|03,370407,8,0.99661300427723787,0.013667764683030881,472,444
fixed_train,7,0,apriori|1|03,370407,9,0.99661300427723787,0.017060272981730185,472,454
fixed_train,7,0,apriori|1|04,ac370419,0,0.99661300427723787,0.016952475627315278,456,436
fixed_train,7,0,apriori|1|04,ac370419,1,0.99661300427723787,0.015976965381847452,456,440
fixed_train,7,0,apriori|1|04,ac370419,2,0.99661300427723787,0.014821266635927199,456,434
fixed_train,7,0,apriori|1|04,ac370419,3,0.99661300427723787,0.020577371120861554,456,437
fixed_train,7,0,apriori|1|04,ac370419,4,0.99661300427723787,0.015941732737136505,456,441
fixed_train,7,0,apriori|1|04,ac370419,5,0.99661300427723787,0.018176909539173725,456,428
fixed_train,7,0,apriori|1|04,ac370419,6,0.99661300427723787,0.0090973704815164869,456,434
fixed_train,7,0,apriori|1|04,ac370419,7,0.99661300427723787,0.014854676181700444,456,429
fixed_train,7,0,apriori|1|04,ac370419,8,0.99661300427723787,0.022908808248884638,456,436
fixed_train,7,0,apriori|1|04,ac370419,9,0.99661300427723787,0.015941732737136505,456,438
fixed_train,7,0,apriori|1|05,ac370443,0,0.99661300427723787,0.0056684994008444622,446,419
fixed_train,7,0,apriori|1|05,ac370443,1,0.99661300427723787,0.0079725980019559328,446,413
fixed_train,7,0,apriori|1|05,ac370443,2,0.99661300427723787,0.011393796628925146,446,422
fixed_train,7,0,apriori|1|05,ac370443,3,0.99661300427723787,0.011393796628925146,446,423
fixed_train,7,0,apriori|1|05,ac370443,4,0.99661300427723787,0.012545233841090964,446,423
fixed_train,7,0,apriori|1|05,ac370443,5,0.99661300427723787,0.011420739239586419,446,430
fixed_train,7,0,apriori|1|05,ac370443,6,0.99661300427723787,0.0079127105828364908,446,431
fixed_train,7,0,apriori|1|05,ac370443,7,0.99661300427723787,0.012488066351645566,446,422
fixed_train,7,0,apriori|1|05,ac370443,8,0.99661300427723787,0.010244516746899412,446,416
fixed_train,7,0,apriori|1|05,ac370443,9,0.99661300427723787,0.011367255245930852,446,425
fixed_train,7,0,apriori|1|06,ac370442,0,0.99661300427723787,0.010269201046254728,441,423
fixed_train,7,0,apriori|1|06,ac370442,1,0.99661300427723787,0.0090752473822860447,441,420
fixed_train,7,0,apriori|1|06,ac370442,2,0.99661300427723787,0.0079127105828364908,441,418
fixed_train,7,0,apriori|1|06,ac370442,3,0.99661300427723787,0.0079725980019559328,441,408
fixed_train,7,0,apriori|1|06,ac370442,4,0.99661300427723787,0.017134885169758474,441,410
fixed_train,7,0,apriori|1|06,ac370442,5,0.99661300427723787,0.011393796628925146,441,419
fixed_train,7,0,apriori|1|06,ac370442,6,0.99661300427723787,0.011393796628925146,441,417
fixed_train,7,0,apriori|1|06,ac370442,7,0.99661300427723787,0.011341109765021895,441,417
fixed_train,7,0,apriori|1|06,ac370442,8,0.99661300427723787,0.010244516746899412,441,411
fixed_train,7,0,apriori|1|06,ac370442,9,0.99661300427723787,0.01019624696264787,441,426
fixed_train,7,0,apriori|1|07,370712b,0,0.99661300427723787,0.0090534548619123356,437,424
fixed_train,7,0,apriori|1|07,370712b,1,0.99661300427723787,0.014692534366195553,437,416
fixed_train,7,0,apriori|1|07,370712b,2,0.99661300427723787,0.010149410312860985,437,416
fixed_train,7,0,apriori|1|07,370712b,3,0.99661300427723787,0.013606972147757967,437,423
fixed_train,7,0,apriori|1|07,370712b,4,0.99661300427723787,0.011264997077507832,437,421
fixed_train,7,0,apriori|1|07,370712b,5,0.99661300427723787,0.010172651843955993,437,422
fixed_train,7,0,apriori|1|07,370712b,6,0.99661300427723787,0.0090319885940324252,437,421
fixed_train,7,0,apriori|1|07,370712b,7,0.99661300427723787,0.013577255074521233,437,413
fixed_train,7,0,apriori|1|07,370712b,8,0.99661300427723787,0.013519149816010989,437,416
fixed_train,7,0,apriori|1|07,370712b,9,0.99661300427723787,0.016849452546774391,437,423
fixed_train,7,0,apriori|1|08,370715a,0,0.99661300427723787,0.013606972147757967,434,401
fixed_train,7,0,apriori|1|08,370715a,1,0.99661300427723787,0.014755932362275237,434,403
fixed_train,7,0,apriori|1|08,370715a,2,0.99661300427723787,0.014723994524451056,434,414
fixed_train,7,0,apriori|1|08,370715a,3,0.99661300427723787,0.0079127105828364908,434,413
fixed_train,7,0,apriori|1|08,370715a,4,0.99661300427723787,0.007893342640257095,434,405
fixed_train,7,0,apriori|1|08,370715a,5,0.99661300427723787,0.010172651843955993,434,415
fixed_train,7,0,apriori|1|08,370715a,6,0.99661300427723787,0.013519149816010989,434,404
fixed_train,7,0,apriori|1|08,370715a,7,0.99661300427723787,0.016987868305352705,434,412
fixed_train,7,0,apriori|1|08,370715a,8,0.99661300427723787,0.010149410312860985,434,409
fixed_train,7,0,apriori|1|08,370715a,9,0.99661300427723787,0.011315354968216673,434,409
fixed_train,7,0,apriori|1|09,370488e,0,0.99661300427723787,0.0068093849995499722,428,396
fixed_train,7,0,apriori|1|09,370488e,1,0.99661300427723787,0.01019624696264787,428,409
fixed_train,7,0,apriori|1|09,370488e,2,0.99661300427723787,0.012488066351645566,428,410
fixed_train,7,0,apriori|1|09,370488e,3,0.99661300427723787,0.011393796628925146,428,409
fixed_train,7,0,apriori|1|09,370488e,4,0.99661300427723787,0.014788354236786594,428,410
fixed_train,7,0,apriori|1|09,370488e,5,0.99661300427723787,0.012488066351645566,428,408
fixed_train,7,0,apriori|1|09,370488e,6,0.99661300427723787,0.0091198285748195218,428,405
fixed_train,7,0,apriori|1|09,370488e,7,0.99661300427723787,0.006827485717102233,428,411
fixed_train,7,0,apriori|1|09,370488e,8,0.99661300427723787,0.013667764683030881,428,415
fixed_train,7,0,apriori|1|09,370488e,9,0.99661300427723787,0.011393796628925146,428,409
fixed_train,7,0,apriori|1|10,370488g,0,0.99661300427723787,0.0056844683197565526,428,408
fixed_train,7,0,apriori|1|10,370488g,1,0.99661300427723787,0.0033928280605969308,428,409
fixed_train,7,0,apriori|1|10,370488g,2,0.99661300427723787,0.0056684994008444622,428,400
fixed_train,7,0,apriori|1|10,370488g,3,0.99661300427723787,0.010244516746899412,428,398
fixed_train,7,0,apriori|1|10,370488g,4,0.99661300427723787,0.011393796628925146,428,414
fixed_train,7,0,apriori|1|10,370488g,5,0.99661300427723787,0.0034046256199427027,428,404
fixed_train,7,0,apriori|1|10,370488g,6,0.99661300427723787,0.006791554755607998,428,411
fixed_train,7,0,apriori|1|10,370488g,7,0.99661300427723787,0.0056684994008444622,428,409
fixed_train,7,0,apriori|1|10,370488g,8,0.99661300427723787,0.0090752473822860447,428,398
fixed_train,7,0,apriori|1|10,370488g,9,0.99661300427723787,0.0079523343303862237,428,408
fixed_train,7,0,apriori|2|01,"370407, ac370000",0,0.99661300427723787,0.041637120764009605,472,469
fixed_train,7,0,apriori|2|01,"370407, ac370000",1,0.99661300427723787,0.038132159428705403,472,465
fixed_train,7,0,apriori|2|01,"370407, ac370000",2,0.99661300427723787,0.050329425865999755,472,472
fixed_train,7,0,apriori|2|01,"370407, ac370000",3,0.99661300427723787,0.045248183098300365,472,471
fixed_train,7,0,apriori|2|01,"370407, ac370000",4,0.99661300427723787,0.042204415817257535,472,468
fixed_train,7,0,apriori|2|01,"370407, ac370000",5,0.99661300427723787,0.038386263260379194,472,468
fixed_train,7,0,apriori|2|01,"370407, ac370000",6,0.99661300427723787,0.041728194719531153,472,470
fixed_train,7,0,apriori|2|01,"370407, ac370000",7,0.99661300427723787,0.043124679577934422,472,469
fixed_train,7,0,apriori|2|01,"370407, ac370000",8,0.99661300427723787,0.041914452537791913,472,470
fixed_train,7,0,apriori|2|01,"370407, ac370000",9,0.99661300427723787,0.041728194719531153,472,468
fixed_train,7,0,apriori|2|02,"ac370000, ac370419",0,0.99661300427723787,0.035904349523404711,456,452
fixed_train,7,0,apriori|2|02,"ac370000, ac370419",1,0.99661300427723787,0.039681641745767382,456,455
fixed_train,7,0,apriori|2|02,"ac370000, ac370419",2,0.99661300427723787,0.038132159428705403,456,454
fixed_train,7,0,apriori|2|02,"ac370000, ac370419",3,0.99661300427723787,0.035984339513336128,456,455
fixed_train,7,0,apriori|2|02,"ac370000, ac370419",4,0.99661300427723787,0.034710333612198441,456,453
fixed_train,7,0,apriori|2|02,"ac370000, ac370419",5,0.99661300427723787,0.031009788758502355,456,453
fixed_train,7,0,apriori|2|02,"ac370000, ac370419",6,0.99661300427723787,0.038386263260379194,456,455
fixed_train,7,0,apriori|2|02,"ac370000, ac370419",7,0.99661300427723787,0.040706999870553595,456,451
fixed_train,7,0,apriori|2|02,"ac370000, ac370419",8,0.99661300427723787,0.040616261305818191,456,455
fixed_train,7,0,apriori|2|02,"ac370000, ac370419",9,0.99661300427723787,0.040706999870553595,456,452
fixed_train,7,0,apriori|2|03,"370407, ac370419",0,0.99661300427723787,0.017060272981730185,447,446
fixed_train,7,0,apriori|2|03,"370407, ac370419",1,0.99661300427723787,0.015941732737136505,447,446
fixed_train,7,0,apriori|2|03,"370407, ac370419",2,0.99661300427723787,0.020577371120861554,447,444
fixed_train,7,0,apriori|2|03,"370407, ac370419",3,0.99661300427723787,0.012488066351645566,447,443
fixed_train,7,0,apriori|2|03,"370407, ac370419",4,0.99661300427723787,0.019415094157816171,447,442
fixed_train,7,0,apriori|2|03,"370407, ac370419",5,0.99661300427723787,0.017173037803043689,447,446
fixed_train,7,0,apriori|2|03,"370407, ac370419",6,0.99661300427723787,0.024130431862249391,447,445
fixed_train,7,0,apriori|2|03,"370407, ac370419",7,0.99661300427723787,0.025195399898593207,447,445
fixed_train,7,0,apriori|2|03,"370407, ac370419",8,0.99661300427723787,0.017097299430763324,447,446
fixed_train,7,0,apriori|2|03,"370407, ac370419",9,0.99661300427723787,0.014854676181700444,447,447
fixed_train,7,0,apriori|2|04,"ac370000, ac370443",0,0.99661300427723787,0.030025753334986471,446,439
fixed_train,7,0,apriori|2|04,"ac370000, ac370443",1,0.99661300427723787,0.027540517919075191,446,444
fixed_train,7,0,apriori|2|04,"ac370000, ac370443",2,0.99661300427723787,0.027599924200423231,446,439
fixed_train,7,0,apriori|2|04,"ac370000, ac370443",3,0.99661300427723787,0.024078018698774017,446,442
fixed_train,7,0,apriori|2|04,"ac370000, ac370443",4,0.99661300427723787,0.028841736505970106,446,444
fixed_train,7,0,apriori|2|04,"ac370000, ac370443",5,0.99661300427723787,0.028778737310022784,446,440
fixed_train,7,0,apriori|2|04,"ac370000, ac370443",6,0.99661300427723787,0.031076289669507595,446,439
fixed_train,7,0,apriori|2|04,"ac370000, ac370443",7,0.99661300427723787,0.024183632591053605,446,442
fixed_train,7,0,apriori|2|04,"ac370000, ac370443",8,0.99661300427723787,0.025195399898593207,446,444
fixed_train,7,0,apriori|2|04,"ac370000, ac370443",9,0.99661300427723787,0.027660222657223232,446,444
fixed_train,7,0,apriori|2|05,"ac370419, ac370443",0,0.99661300427723787,0.010244516746899412,445,441
fixed_train,7,0,apriori|2|05,"ac370419, ac370443",1,0.99661300427723787,0.013667764683030881,445,445
fixed_train,7,0,apriori|2|05,"ac370419, ac370443",2,0.99661300427723787,0.015941732737136505,445,442
fixed_train,7,0,apriori|2|05,"ac370419, ac370443",3,0.99661300427723787,0.019415094157816171,445,443
fixed_train,7,0,apriori|2|05,"ac370419, ac370443",4,0.99661300427723787,0.013637140010344995,445,442
fixed_train,7,0,apriori|2|05,"ac370419, ac370443",5,0.99661300427723787,0.015976965381847452,445,443
fixed_train,7,0,apriori|2|05,"ac370419, ac370443",6,0.99661300427723787,0.02285969177263536,445,444
fixed_train,7,0,apriori|2|05,"ac370419, ac370443",7,0.99661300427723787,0.022908808248884638,445,445
fixed_train,7,0,apriori|2|05,"ac370419, ac370443",8,0.99661300427723787,0.017097299430763324,445,442
fixed_train,7,0,apriori|2|05,"ac370419, ac370443",9,0.99661300427723787,0.019457485972577571,445,443
fixed_train,7,0,apriori|2|06,"ac370000, ac370442",0,0.99661300427723787,0.031143788808022377,441,438
fixed_train,7,0,apriori|2|06,"ac370000, ac370442",1,0.99661300427723787,0.027599924200423231,441,439
fixed_train,7,0,apriori|2|06,"ac370000, ac370442",2,0.99661300427723787,0.033518919967431171,441,436
fixed_train,7,0,apriori|2|06,"ac370000, ac370442",3,0.99661300427723787,0.03121230023679411,441,439
fixed_train,7,0,apriori|2|06,"ac370000, ac370442",4,0.99661300427723787,0.027660222657223232,441,439
fixed_train,7,0,apriori|2|06,"ac370000, ac370442",5,0.99661300427723787,0.037019262662802088,441,441
fixed_train,7,0,apriori|2|06,"ac370000, ac370442",6,0.99661300427723787,0.032330080856210586,441,439
fixed_train,7,0,apriori|2|06,"ac370000, ac370442",7,0.99661300427723787,0.026423550827667008,441,438
fixed_train,7,0,apriori|2|06,"ac370000, ac370442",8,0.99661300427723787,0.033518919967431171,441,436
fixed_train,7,0,apriori|2|06,"ac370000, ac370442",9,0.99661300427723787,0.026599060775519878,441,439
fixed_train,7,0,apriori|2|07,"ac370442, ac370443",0,0.99661300427723787,0.011367255245930852,439,437
fixed_train,7,0,apriori|2|07,"ac370442, ac370443",1,0.99661300427723787,0.013606972147757967,439,437
fixed_train,7,0,apriori|2|07,"ac370442, ac370443",2,0.99661300427723787,0.015976965381847452,439,436
fixed_train,7,0,apriori|2|07,"ac370442, ac370443",3,0.99661300427723787,0.019373332225599449,439,438
fixed_train,7,0,apriori|2|07,"ac370442, ac370443",4,0.99661300427723787,0.0068093849995499722,439,436
fixed_train,7,0,apriori|2|07,"ac370442, ac370443",5,0.99661300427723787,0.013667764683030881,439,438
fixed_train,7,0,apriori|2|07,"ac370442, ac370443",6,0.99661300427723787,0.015941732737136505,439,438
fixed_train,7,0,apriori|2|07,"ac370442, ac370443",7,0.99661300427723787,0.017134885169758474,439,437
fixed_train,7,0,apriori|2|07,"ac370442, ac370443",8,0.99661300427723787,0.011367255245930852,439,436
fixed_train,7,0,apriori|2|07,"ac370442, ac370443",9,0.99661300427723787,0.015941732737136505,439,436
fixed_train,7,0,apriori|2|08,"ac370419, ac370442",0,0.99661300427723787,0.015941732737136505,439,439
fixed_train,7,0,apriori|2|08,"ac370419, ac370442",1,0.99661300427723787,0.021789267496979403,439,438
fixed_train,7,0,apriori|2|08,"ac370419, ac370442",2,0.99661300427723787,0.017097299430763324,439,436
fixed_train,7,0,apriori|2|08,"ac370419, ac370442",3,0.99661300427723787,0.014821266635927199,439,439
fixed_train,7,0,apriori|2|08,"ac370419, ac370442",4,0.99661300427723787,0.021741934142111563,439,438
fixed_train,7,0,apriori|2|08,"ac370419, ac370442",5,0.99661300427723787,0.018255078452978024,439,438
fixed_train,7,0,apriori|2|08,"ac370419, ac370442",6,0.99661300427723787,0.020577371120861554,439,438
fixed_train,7,0,apriori|2|08,"ac370419, ac370442",7,0.99661300427723787,0.017097299430763324,439,437
fixed_train,7,0,apriori|2|08,"ac370419, ac370442",8,0.99661300427723787,0.017211765093389952,439,437
fixed_train,7,0,apriori|2|08,"ac370419, ac370442",9,0.99661300427723787,0.019373332225599449,439,439
fixed_train,7,0,apriori|2|09,"370407, ac370443",0,0.99661300427723787,0.015907024774759471,436,435
fixed_train,7,0,apriori|2|09,"370407, ac370443",1,0.99661300427723787,0.018255078452978024,436,435
fixed_train,7,0,apriori|2|09,"370407, ac370443",2,0.99661300427723787,0.014854676181700444,436,436
fixed_train,7,0,apriori|2|09,"370407, ac370443",3,0.99661300427723787,0.017060272981730185,436,436
fixed_train,7,0,apriori|2|09,"370407, ac370443",4,0.99661300427723787,0.020446794303588089,436,434
fixed_train,7,0,apriori|2|09,"370407, ac370443",5,0.99661300427723787,0.014821266635927199,436,434
fixed_train,7,0,apriori|2|09,"370407, ac370443",6,0.99661300427723787,0.015976965381847452,436,436
fixed_train,7,0,apriori|2|09,"370407, ac370443",7,0.99661300427723787,0.020533191524108485,436,434
fixed_train,7,0,apriori|2|09,"370407, ac370443",8,0.99661300427723787,0.013667764683030881,436,434
fixed_train,7,0,apriori|2|09,"370407, ac370443",9,0.99661300427723787,0.012516435491843114,436,435
fixed_train,7,0,apriori|2|10,"370712b, ac370000",0,0.99661300427723787,0.034710333612198441,437,433
fixed_train,7,0,apriori|2|10,"370712b, ac370000",1,0.99661300427723787,0.033164174989781525,437,434
fixed_train,7,0,apriori|2|10,"370712b, ac370000",2,0.99661300427723787,0.032190579003858022,437,435
fixed_train,7,0,apriori|2|10,"370712b, ac370000",3,0.99661300427723787,0.029768583198010123,437,436
fixed_train,7,0,apriori|2|10,"370712b, ac370000",4,0.99661300427723787,0.035521774707747422,437,435
fixed_train,7,0,apriori|2|10,"370712b, ac370000",5,0.99661300427723787,0.02736753073750009,437,432
fixed_train,7,0,apriori|2|10,"370712b, ac370000",6,0.99661300427723787,0.033302907723919972,437,436
fixed_train,7,0,apriori|2|10,"370712b, ac370000",7,0.99661300427723787,0.028716669793084515,437,436
fixed_train,7,0,apriori|2|10,"370712b, ac370000",8,0.99661300427723787,0.029768583198010123,437,434
fixed_train,7,0,apriori|2|10,"370712b, ac370000",9,0.99661300427723787,0.027481991548301554,437,435
fixed_train,7,0,apriori|3|01,"370407, ac370000, ac370419",0,0.99661300427723787,0.033518919967431171,447,447
fixed_train,7,0,apriori|3|01,"370407, ac370000, ac370419",1,0.99661300427723787,0.035825539698068232,447,446
fixed_train,7,0,apriori|3|01,"370407, ac370000, ac370419",2,0.99661300427723787,0.037183952306495627,447,447
fixed_train,7,0,apriori|3|01,"370407, ac370000, ac370419",3,0.99661300427723787,0.044138971968654128,447,447
fixed_train,7,0,apriori|3|01,"370407, ac370000, ac370419",4,0.99661300427723787,0.028841736505970106,447,447
fixed_train,7,0,apriori|3|01,"370407, ac370000, ac370419",5,0.99661300427723787,0.036065526650204682,447,446
fixed_train,7,0,apriori|3|01,"370407, ac370000, ac370419",6,0.99661300427723787,0.032547272531723404,447,446
fixed_train,7,0,apriori|3|01,"370407, ac370000, ac370419",7,0.99661300427723787,0.036938735898658703,447,447
fixed_train,7,0,apriori|3|01,"370407, ac370000, ac370419",8,0.99661300427723787,0.036065526650204682,447,447
fixed_train,7,0,apriori|3|01,"370407, ac370000, ac370419",9,0.99661300427723787,0.032330080856210586,447,447
fixed_train,7,0,apriori|3|02,"ac370000, ac370419, ac370443",0,0.99661300427723787,0.038215605126120433,445,445
fixed_train,7,0,apriori|3|02,"ac370000, ac370419, ac370443",1,0.99661300427723787,0.039591301344943153,445,445
fixed_train,7,0,apriori|3|02,"ac370000, ac370419, ac370443",2,0.99661300427723787,0.041820632081267961,445,445
fixed_train,7,0,apriori|3|02,"ac370000, ac370419, ac370443",3,0.99661300427723787,0.040799095812899533,445,444
fixed_train,7,0,apriori|3|02,"ac370000, ac370419, ac370443",4,0.99661300427723787,0.037019262662802088,445,445
fixed_train,7,0,apriori|3|02,"ac370000, ac370419, ac370443",5,0.99661300427723787,0.041820632081267961,445,445
fixed_train,7,0,apriori|3|02,"ac370000, ac370419, ac370443",6,0.99661300427723787,0.034787396189947528,445,445
fixed_train,7,0,apriori|3|02,"ac370000, ac370419, ac370443",7,0.99661300427723787,0.044542436921873763,445,445
fixed_train,7,0,apriori|3|02,"ac370000, ac370419, ac370443",8,0.99661300427723787,0.045149371934267379,445,444
fixed_train,7,0,apriori|3|02,"ac370000, ac370419, ac370443",9,0.99661300427723787,0.034634408377434589,445,445
fixed_train,7,0,apriori|3|03,"ac370000, ac370442, ac370443",0,0.99661300427723787,0.033744790040030059,439,439
fixed_train,7,0,apriori|3|03,"ac370000, ac370442, ac370443",1,0.99661300427723787,0.037019262662802088,439,439
fixed_train,7,0,apriori|3|03,"ac370000, ac370442, ac370443",2,0.99661300427723787,0.037019262662802088,439,438
fixed_train,7,0,apriori|3|03,"ac370000, ac370442, ac370443",3,0.99661300427723787,0.037100995699808736,439,439
fixed_train,7,0,apriori|3|03,"ac370000, ac370442, ac370443",4,0.99661300427723787,0.039328191713405736,439,439
fixed_train,7,0,apriori|3|03,"ac370000, ac370442, ac370443",5,0.99661300427723787,0.037183952306495627,439,439
fixed_train,7,0,apriori|3|03,"ac370000, ac370442, ac370443",6,0.99661300427723787,0.033373842028992295,439,439
fixed_train,7,0,apriori|3|03,"ac370000, ac370442, ac370443",7,0.99661300427723787,0.03121230023679411,439,439
fixed_train,7,0,apriori|3|03,"ac370000, ac370442, ac370443",8,0.99661300427723787,0.033593093920689099,439,439
fixed_train,7,0,apriori|3|03,"ac370000, ac370442, ac370443",9,0.99661300427723787,0.035904349523404711,439,439
fixed_train,7,0,apriori|3|04,"ac370000, ac370419, ac370442",0,0.99661300427723787,0.037183952306495627,439,439
fixed_train,7,0,apriori|3|04,"ac370000, ac370419, ac370442",1,0.99661300427723787,0.027721425813762468,439,439
fixed_train,7,0,apriori|3|04,"ac370000, ac370419, ac370442",2,0.99661300427723787,0.038300300409577104,439,439
fixed_train,7,0,apriori|3|04,"ac370000, ac370419, ac370442",3,0.99661300427723787,0.02890568050615705,439,438
fixed_train,7,0,apriori|3|04,"ac370000, ac370419, ac370442",4,0.99661300427723787,0.039591301344943153,439,439
fixed_train,7,0,apriori|3|04,"ac370000, ac370419, ac370442",5,0.99661300427723787,0.034865612419109682,439,439
fixed_train,7,0,apriori|3|04,"ac370000, ac370419, ac370442",6,0.99661300427723787,0.038300300409577104,439,439
fixed_train,7,0,apriori|3|04,"ac370000, ac370419, ac370442",7,0.99661300427723787,0.035904349523404711,439,439
fixed_train,7,0,apriori|3|04,"ac370000, ac370419, ac370442",8,0.99661300427723787,0.030025753334986471,439,439
fixed_train,7,0,apriori|3|04,"ac370000, ac370419, ac370442",9,0.99661300427723787,0.037183952306495627,439,439
fixed_train,7,0,apriori|3|05,"ac370419, ac370442, ac370443",0,0.99661300427723787,0.024026382311645555,438,438
fixed_train,7,0,apriori|3|05,"ac370419, ac370442, ac370443",1,0.99661300427723787,0.014821266635927199,438,438
fixed_train,7,0,apriori|3|05,"ac370419, ac370442, ac370443",2,0.99661300427723787,0.018176909539173725,438,438
fixed_train,7,0,apriori|3|05,"ac370419, ac370442, ac370443",3,0.99661300427723787,0.018335624949467944,438,438
fixed_train,7,0,apriori|3|05,"ac370419, ac370442, ac370443",4,0.99661300427723787,0.020577371120861554,438,437
fixed_train,7,0,apriori|3|05,"ac370419, ac370442, ac370443",5,0.99661300427723787,0.020533191524108485,438,438
fixed_train,7,0,apriori|3|05,"ac370419, ac370442, ac370443",6,0.99661300427723787,0.015976965381847452,438,438
fixed_train,7,0,apriori|3|05,"ac370419, ac370442, ac370443",7,0.99661300427723787,0.021695303145873979,438,438
fixed_train,7,0,apriori|3|05,"ac370419, ac370442, ac370443",8,0.99661300427723787,0.018215700791242351,438,438
fixed_train,7,0,apriori|3|05,"ac370419, ac370442, ac370443",9,0.99661300427723787,0.017097299430763324,438,438
fixed_train,7,0,apriori|3|06,"370407, ac370000, ac370443",0,0.99661300427723787,0.039591301344943153,436,436
fixed_train,7,0,apriori|3|06,"370407, ac370000, ac370443",1,0.99661300427723787,0.028716669793084515,436,436
fixed_train,7,0,apriori|3|06,"370407, ac370000, ac370443",2,0.99661300427723787,0.034634408377434589,436,436
fixed_train,7,0,apriori|3|06,"370407, ac370000, ac370443",3,0.99661300427723787,0.035904349523404711,436,436
fixed_train,7,0,apriori|3|06,"370407, ac370000, ac370443",4,0.99661300427723787,0.035671394388476774,436,435
fixed_train,7,0,apriori|3|06,"370407, ac370000, ac370443",5,0.99661300427723787,0.046665745119042423,436,436
fixed_train,7,0,apriori|3|06,"370407, ac370000, ac370443",6,0.99661300427723787,0.037100995699808736,436,436
fixed_train,7,0,apriori|3|06,"370407, ac370000, ac370443",7,0.99661300427723787,0.035984339513336128,436,436
fixed_train,7,0,apriori|3|06,"370407, ac370000, ac370443",8,0.99661300427723787,0.040526860728836156,436,435
fixed_train,7,0,apriori|3|06,"370407, ac370000, ac370443",9,0.99661300427723787,0.035904349523404711,436,436
fixed_train,7,0,apriori|3|07,"370407, ac370419, ac370443",0,0.99661300427723787,0.019457485972577571,436,436
fixed_train,7,0,apriori|3|07,"370407, ac370419, ac370443",1,0.99661300427723787,0.025195399898593207,436,435
fixed_train,7,0,apriori|3|07,"370407, ac370419, ac370443",2,0.99661300427723787,0.017097299430763324,436,435
fixed_train,7,0,apriori|3|07,"370407, ac370419, ac370443",3,0.99661300427723787,0.018335624949467944,436,436
fixed_train,7,0,apriori|3|07,"370407, ac370419, ac370443",4,0.99661300427723787,0.020622216599176402,436,436
fixed_train,7,0,apriori|3|07,"370407, ac370419, ac370443",5,0.99661300427723787,0.022908808248884638,436,436
fixed_train,7,0,apriori|3|07,"370407, ac370419, ac370443",6,0.99661300427723787,0.017134885169758474,436,436
fixed_train,7,0,apriori|3|07,"370407, ac370419, ac370443",7,0.99661300427723787,0.016049033299759485,436,434
fixed_train,7,0,apriori|3|07,"370407, ac370419, ac370443",8,0.99661300427723787,0.024026382311645555,436,436
fixed_train,7,0,apriori|3|07,"370407, ac370419, ac370443",9,0.99661300427723787,0.014821266635927199,436,436
fixed_train,7,0,apriori|3|08,"370407, ac370000, ac370442",0,0.99661300427723787,0.034634408377434589,431,431
fixed_train,7,0,apriori|3|08,"370407, ac370000, ac370442",1,0.99661300427723787,0.032190579003858022,431,431
fixed_train,7,0,apriori|3|08,"370407, ac370000, ac370442",2,0.99661300427723787,0.031009788758502355,431,431
fixed_train,7,0,apriori|3|08,"370407, ac370000, ac370442",3,0.99661300427723787,0.035747893412126919,431,431
fixed_train,7,0,apriori|3|08,"370407, ac370000, ac370442",4,0.99661300427723787,0.038995152601237093,431,431
fixed_train,7,0,apriori|3|08,"370407, ac370000, ac370442",5,0.99661300427723787,0.02890568050615705,431,431
fixed_train,7,0,apriori|3|08,"370407, ac370000, ac370442",6,0.99661300427723787,0.031009788758502355,431,431
fixed_train,7,0,apriori|3|08,"370407, ac370000, ac370442",7,0.99661300427723787,0.032259810565369196,431,430
fixed_train,7,0,apriori|3|08,"370407, ac370000, ac370442",8,0.99661300427723787,0.032259810565369196,431,431
fixed_train,7,0,apriori|3|08,"370407, ac370000, ac370442",9,0.99661300427723787,0.034559604519442289,431,431
fixed_train,7,0,apriori|3|09,"370407, ac370419, ac370442",0,0.99661300427723787,0.021649365020435574,430,430
fixed_train,7,0,apriori|3|09,"370407, ac370419, ac370442",1,0.99661300427723787,0.023975512133931676,430,430
fixed_train,7,0,apriori|3|09,"370407, ac370419, ac370442",2,0.99661300427723787,0.014788354236786594,430,430
fixed_train,7,0,apriori|3|09,"370407, ac370419, ac370442",3,0.99661300427723787,0.017134885169758474,430,429
fixed_train,7,0,apriori|3|09,"370407, ac370419, ac370442",4,0.99661300427723787,0.019500516295184678,430,430
fixed_train,7,0,apriori|3|09,"370407, ac370419, ac370442",5,0.99661300427723787,0.017097299430763324,430,429
fixed_train,7,0,apriori|3|09,"370407, ac370419, ac370442",6,0.99661300427723787,0.023975512133931676,430,430
fixed_train,7,0,apriori|3|09,"370407, ac370419, ac370442",7,0.99661300427723787,0.017134885169758474,430,430
fixed_train,7,0,apriori|3|09,"370407, ac370419, ac370442",8,0.99661300427723787,0.021695303145873979,430,430
fixed_train,7,0,apriori|3|09,"370407, ac370419, ac370442",9,0.99661300427723787,0.019415094157816171,430,430
fixed_train,7,0,apriori|3|10,"370407, ac370442, ac370443",0,0.99661300427723787,0.018215700791242351,429,429
fixed_train,7,0,apriori|3|10,"370407, ac370442, ac370443",1,0.99661300427723787,0.020622216599176402,429,428
fixed_train,7,0,apriori|3|10,"370407, ac370442, ac370443",2,0.99661300427723787,0.017097299430763324,429,429
fixed_train,7,0,apriori|3|10,"370407, ac370442, ac370443",3,0.99661300427723787,0.019332191726673886,429,429
fixed_train,7,0,apriori|3|10,"370407, ac370442, ac370443",4,0.99661300427723787,0.021695303145873979,429,429
fixed_train,7,0,apriori|3|10,"370407, ac370442, ac370443",5,0.99661300427723787,0.015907024774759471,429,429
fixed_train,7,0,apriori|3|10,"370407, ac370442, ac370443",6,0.99661300427723787,0.020533191524108485,429,429
fixed_train,7,0,apriori|3|10,"370407, ac370442, ac370443",7,0.99661300427723787,0.018255078452978024,429,429
fixed_train,7,0,apriori|3|10,"370407, ac370442, ac370443",8,0.99661300427723787,0.018176909539173725,429,428
fixed_train,7,0,apriori|3|10,"370407, ac370442, ac370443",9,0.99661300427723787,0.023975512133931676,429,429
fixed_train,7,0,impressed|1|01,ac419100,0,0.99661300427723787,0.030630994436682935,600,496
fixed_train,7,0,impressed|1|01,ac419100,1,0.99661300427723787,0.029706653727956445,600,489
fixed_train,7,0,impressed|1|01,ac419100,2,0.99661300427723787,0.030630994436682935,600,496
fixed_train,7,0,impressed|1|01,ac419100,3,0.99661300427723787,0.026095262415423481,600,499
fixed_train,7,0,impressed|1|01,ac419100,4,0.99661300427723787,0.027311573007665291,600,492
fixed_train,7,0,impressed|1|01,ac419100,5,0.99661300427723787,0.018215700791242351,600,503
fixed_train,7,0,impressed|1|01,ac419100,6,0.99661300427723787,0.028363128426053263,600,484
fixed_train,7,0,impressed|1|01,ac419100,7,0.99661300427723787,0.026201430610107934,600,489
fixed_train,7,0,impressed|1|01,ac419100,8,0.99661300427723787,0.028419866706448249,600,492
fixed_train,7,0,impressed|1|01,ac419100,9,0.99661300427723787,0.024026382311645555,600,503
fixed_train,7,0,impressed|1|02,ac370000,0,0.99661300427723787,0.22470441080838477,565,562
fixed_train,7,0,impressed|1|02,ac370000,1,0.99661300427723787,0.20625936518906463,565,561
fixed_train,7,0,impressed|1|02,ac370000,2,0.99661300427723787,0.20524633880698673,565,561
fixed_train,7,0,impressed|1|02,ac370000,3,0.99661300427723787,0.19648141395536978,565,561
fixed_train,7,0,impressed|1|02,ac370000,4,0.99661300427723787,0.19618283184886454,565,558
fixed_train,7,0,impressed|1|02,ac370000,5,0.99661300427723787,0.19975598789830917,565,562
fixed_train,7,0,impressed|1|02,ac370000,6,0.99661300427723787,0.23502695608169089,565,561
fixed_train,7,0,impressed|1|02,ac370000,7,0.99661300427723787,0.19713814941316143,565,562
fixed_train,7,0,impressed|1|02,ac370000,8,0.99661300427723787,0.19492397867126787,565,563
fixed_train,7,0,impressed|1|02,ac370000,9,0.99661300427723787,0.18837864059004017,565,559
fixed_train,7,0,impressed|1|03,ac415100,0,0.99661300427723787,0.0011328867994772063,172,151
fixed_train,7,0,impressed|1|03,ac415100,1,0.99661300427723787,0.0090108443390046755,172,165
fixed_train,7,0,impressed|1|03,ac415100,2,0.99661300427723787,0.0067566916005016298,172,155
fixed_train,7,0,impressed|1|03,ac415100,3,0.99661300427723787,0.010126517790751355,172,154
fixed_train,7,0,impressed|1|03,ac415100,4,0.99661300427723787,0.0067396518210042222,172,150
fixed_train,7,0,impressed|1|03,ac415100,5,0.99661300427723787,0.0056372749676532052,172,157
fixed_train,7,0,impressed|1|03,ac415100,6,0.99661300427723787,0.010103969790262179,172,159
fixed_train,7,0,impressed|1|03,ac415100,7,0.99661300427723787,0.0090319885940324252,172,154
fixed_train,7,0,impressed|1|03,ac415100,8,0.99661300427723787,0.010103969790262179,172,159
fixed_train,7,0,impressed|1|03,ac415100,9,0.99661300427723787,0.0045159942970162126,172,147
fixed_train,7,0,impressed|1|04,ac10307,0,0.99661300427723787,0.0045435226168138998,108,94
fixed_train,7,0,impressed|1|04,ac10307,1,0.99661300427723787,0.0034046256199427027,108,90
fixed_train,7,0,impressed|1|04,ac10307,2,0.99661300427723787,0.0056844683197565526,108,91
fixed_train,7,0,impressed|1|04,ac10307,3,0.99661300427723787,0.0079523343303862237,108,96
fixed_train,7,0,impressed|1|04,ac10307,4,0.99661300427723787,0.006791554755607998,108,95
fixed_train,7,0,impressed|1|04,ac10307,5,0.99661300427723787,0.0045296546493034384,108,90
fixed_train,7,0,impressed|1|04,ac10307,6,0.99661300427723787,0.0068093849995499722,108,85
fixed_train,7,0,impressed|1|04,ac10307,7,0.99661300427723787,0.0045435226168138998,108,96
fixed_train,7,0,impressed|1|04,ac10307,8,0.99661300427723787,0.0045296546493034384,108,89
fixed_train,7,0,impressed|1|04,ac10307,9,0.99661300427723787,0.0045435226168138998,108,93
fixed_train,7,0,impressed|1|05,ac355427,0,0.99661300427723787,0,24,17
fixed_train,7,0,impressed|1|05,ac355427,1,0.99661300427723787,0.0022677545429989898,24,21
fixed_train,7,0,impressed|1|05,ac355427,2,0.99661300427723787,0.0011328867994772063,24,18
fixed_train,7,0,impressed|1|05,ac355427,3,0.99661300427723787,0.0011328867994772063,24,19
fixed_train,7,0,impressed|1|05,ac355427,4,0.99661300427723787,0.0011328867994772063,24,21
fixed_train,7,0,impressed|1|05,ac355427,5,0.99661300427723787,0.0034046256199427027,24,19
fixed_train,7,0,impressed|1|05,ac355427,6,0.99661300427723787,0.0022677545429989898,24,20
fixed_train,7,0,impressed|1|05,ac355427,7,0.99661300427723787,0.0022677545429989898,24,21
fixed_train,7,0,impressed|1|05,ac355427,8,0.99661300427723787,0.0022677545429989898,24,19
fixed_train,7,0,impressed|1|05,ac355427,9,0.99661300427723787,0.0022677545429989898,24,21
fixed_train,7,0,impressed|1|06,ac388170,0,0.99661300427723787,0,2,0
fixed_train,7,0,impressed|1|06,ac388170,1,0.99661300427723787,0,2,0
fixed_train,7,0,impressed|1|06,ac388170,2,0.99661300427723787,0,2,1
fixed_train,7,0,impressed|1|06,ac388170,3,0.99661300427723787,0,2,0
fixed_train,7,0,impressed|1|06,ac388170,4,0.99661300427723787,0,2,1
fixed_train,7,0,impressed|1|06,ac388170,5,0.99661300427723787,0,2,1
fixed_train,7,0,impressed|1|06,ac388170,6,0.99661300427723787,0,2,0
fixed_train,7,0,impressed|1|06,ac388170,7,0.99661300427723787,0,2,0
fixed_train,7,0,impressed|1|06,ac388170,8,0.99661300427723787,0,2,0
fixed_train,7,0,impressed|1|06,ac388170,9,0.99661300427723787,0,2,0
fixed_train,7,0,impressed|1|07,387070a,0,0.99661300427723787,0,2,1
fixed_train,7,0,impressed|1|07,387070a,1,0.99661300427723787,0,2,1
fixed_train,7,0,impressed|1|07,387070a,2,0.99661300427723787,0,2,1
fixed_train,7,0,impressed|1|07,387070a,3,0.99661300427723787,0,2,0
fixed_train,7,0,impressed|1|07,387070a,4,0.99661300427723787,0,2,1
fixed_train,7,0,impressed|1|07,387070a,5,0.99661300427723787,0,2,0
fixed_train,7,0,impressed|1|07,387070a,6,0.99661300427723787,0,2,0
fixed_train,7,0,impressed|1|07,387070a,7,0.99661300427723787,0,2,0
fixed_train,7,0,impressed|1|07,387070a,8,0.99661300427723787,0,2,1
fixed_train,7,0,impressed|1|07,387070a,9,0.99661300427723787,0,2,1
fixed_train,7,0,impressed|1|08,ac370402,0,0.99661300427723787,0.010269201046254728,408,388
fixed_train,7,0,impressed|1|08,ac370402,1,0.99661300427723787,0.012545233841090964,408,391
fixed_train,7,0,impressed|1|08,ac370402,2,0.99661300427723787,0.0079725980019559328,408,385
fixed_train,7,0,impressed|1|08,ac370402,3,0.99661300427723787,0.010244516746899412,408,398
fixed_train,7,0,impressed|1|08,ac370402,4,0.99661300427723787,0.0090973704815164869,408,393
fixed_train,7,0,impressed|1|08,ac370402,5,0.99661300427723787,0.010244516746899412,408,396
fixed_train,7,0,impressed|1|08,ac370402,6,0.99661300427723787,0.006827485717102233,408,389
fixed_train,7,0,impressed|1|08,ac370402,7,0.99661300427723787,0.0090973704815164869,408,396
fixed_train,7,0,impressed|1|08,ac370402,8,0.99661300427723787,0.010244516746899412,408,384
fixed_train,7,0,impressed|1|08,ac370402,9,0.99661300427723787,0.0091198285748195218,408,390
fixed_train,7,0,impressed|1|09,370488g,0,0.99661300427723787,0.0056844683197565526,428,408
fixed_train,7,0,impressed|1|09,370488g,1,0.99661300427723787,0.0033928280605969308,428,409
fixed_train,7,0,impressed|1|09,370488g,2,0.99661300427723787,0.0056684994008444622,428,400
fixed_train,7,0,impressed|1|09,370488g,3,0.99661300427723787,0.010244516746899412,428,398
fixed_train,7,0,impressed|1|09,370488g,4,0.99661300427723787,0.011393796628925146,428,414
fixed_train,7,0,impressed|1|09,370488g,5,0.99661300427723787,0.0034046256199427027,428,404
fixed_train,7,0,impressed|1|09,370488g,6,0.99661300427723787,0.006791554755607998,428,411
fixed_train,7,0,impressed|1|09,370488g,7,0.99661300427723787,0.0056684994008444622,428,409
fixed_train,7,0,impressed|1|09,370488g,8,0.99661300427723787,0.0090752473822860447,428,398
fixed_train,7,0,impressed|1|09,370488g,9,0.99661300427723787,0.0079523343303862237,428,408
fixed_train,7,0,impressed|1|10,370488e,0,0.99661300427723787,0.0068093849995499722,428,396
fixed_train,7,0,impressed|1|10,370488e,1,0.99661300427723787,0.01019624696264787,428,409
fixed_train,7,0,impressed|1|10,370488e,2,0.99661300427723787,0.012488066351645566,428,410
fixed_train,7,0,impressed|1|10,370488e,3,0.99661300427723787,0.011393796628925146,428,409
fixed_train,7,0,impressed|1|10,370488e,4,0.99661300427723787,0.014788354236786594,428,410
fixed_train,7,0,impressed|1|10,370488e,5,0.99661300427723787,0.012488066351645566,428,408
fixed_train,7,0,impressed|1|10,370488e,6,0.99661300427723787,0.0091198285748195218,428,405
fixed_train,7,0,impressed|1|10,370488e,7,0.99661300427723787,0.006827485717102233,428,411
fixed_train,7,0,impressed|1|10,370488e,8,0.99661300427723787,0.013667764683030881,428,415
fixed_train,7,0,impressed|1|10,370488e,9,0.99661300427723787,0.011393796628925146,428,409
fixed_train,7,0,impressed|2|01,"ac370000, ac370402",0,0.99661300427723787,0.033593093920689099,408,407
fixed_train,7,0,impressed|2|01,"ac370000, ac370402",1,0.99661300427723787,0.029960016611296325,408,405
fixed_train,7,0,impressed|2|01,"ac370000, ac370402",2,0.99661300427723787,0.033668378617095041,408,407
fixed_train,7,0,impressed|2|01,"ac370000, ac370402",3,0.99661300427723787,0.034559604519442289,408,405
fixed_train,7,0,impressed|2|01,"ac370000, ac370402",4,0.99661300427723787,0.032547272531723404,408,406
fixed_train,7,0,impressed|2|01,"ac370000, ac370402",5,0.99661300427723787,0.034787396189947528,408,405
fixed_train,7,0,impressed|2|01,"ac370000, ac370402",6,0.99661300427723787,0.040799095812899533,408,405
fixed_train,7,0,impressed|2|01,"ac370000, ac370402",7,0.99661300427723787,0.035984339513336128,408,406
fixed_train,7,0,impressed|2|01,"ac370000, ac370402",8,0.99661300427723787,0.035984339513336128,408,407
fixed_train,7,0,impressed|2|01,"ac370000, ac370402",9,0.99661300427723787,0.030092475510991146,408,405
fixed_train,7,0,impressed|2|02,"370401c, ac370000",0,0.99661300427723787,0.045764857008011472,415,411
fixed_train,7,0,impressed|2|02,"370401c, ac370000",1,0.99661300427723787,0.043027736480728107,415,413
fixed_train,7,0,impressed|2|02,"370401c, ac370000",2,0.99661300427723787,0.038473512047864755,415,411
fixed_train,7,0,impressed|2|02,"370401c, ac370000",3,0.99661300427723787,0.044337710661283891,415,411
fixed_train,7,0,impressed|2|02,"370401c, ac370000",4,0.99661300427723787,0.04821858007636215,415,414
fixed_train,7,0,impressed|2|02,"370401c, ac370000",5,0.99661300427723787,0.045764857008011472,415,412
fixed_train,7,0,impressed|2|02,"370401c, ac370000",6,0.99661300427723787,0.039681641745767382,415,409
fixed_train,7,0,impressed|2|02,"370401c, ac370000",7,0.99661300427723787,0.051676480882355436,415,412
fixed_train,7,0,impressed|2|02,"370401c, ac370000",8,0.99661300427723787,0.050445985839513763,415,413
fixed_train,7,0,impressed|2|02,"370401c, ac370000",9,0.99661300427723787,0.041820632081267961,415,410
fixed_train,7,0,impressed|2|03,"ac370000, ac370403",0,0.99661300427723787,0.041820632081267961,423,420
fixed_train,7,0,impressed|2|03,"ac370000, ac370403",1,0.99661300427723787,0.033518919967431171,423,423
fixed_train,7,0,impressed|2|03,"ac370000, ac370403",2,0.99661300427723787,0.038386263260379194,423,419
fixed_train,7,0,impressed|2|03,"ac370000, ac370403",3,0.99661300427723787,0.03726815015209417,423,421
fixed_train,7,0,impressed|2|03,"ac370000, ac370403",4,0.99661300427723787,0.041914452537791913,423,420
fixed_train,7,0,impressed|2|03,"ac370000, ac370403",5,0.99661300427723787,0.033445841110074648,423,419
fixed_train,7,0,impressed|2|03,"ac370000, ac370403",6,0.99661300427723787,0.033668378617095041,423,423
fixed_train,7,0,impressed|2|03,"ac370000, ac370403",7,0.99661300427723787,0.026539684203917724,423,417
fixed_train,7,0,impressed|2|03,"ac370000, ac370403",8,0.99661300427723787,0.035984339513336128,423,418
fixed_train,7,0,impressed|2|03,"ac370000, ac370403",9,0.99661300427723787,0.035984339513336128,423,418
fixed_train,7,0,impressed|2|04,"ac411100, ac419100",0,0.99661300427723787,0.023975512133931676,337,305
fixed_train,7,0,impressed|2|04,"ac411100, ac419100",1,0.99661300427723787,0.025037604953559667,337,312
fixed_train,7,0,impressed|2|04,"ac411100, ac419100",2,0.99661300427723787,0.026095262415423481,337,309
fixed_train,7,0,impressed|2|04,"ac411100, ac419100",3,0.99661300427723787,0.022908808248884638,337,311
fixed_train,7,0,impressed|2|04,"ac411100, ac419100",4,0.99661300427723787,0.020446794303588089,337,304
fixed_train,7,0,impressed|2|04,"ac411100, ac419100",5,0.99661300427723787,0.026255721121989484,337,308
fixed_train,7,0,impressed|2|04,"ac411100, ac419100",6,0.99661300427723787,0.02276363689945371,337,309
fixed_train,7,0,impressed|2|04,"ac411100, ac419100",7,0.99661300427723787,0.023827396404793921,337,307
fixed_train,7,0,impressed|2|04,"ac411100, ac419100",8,0.99661300427723787,0.02736753073750009,337,305
fixed_train,7,0,impressed|2|04,"ac411100, ac419100",9,0.99661300427723787,0.023876029216561179,337,306
fixed_train,7,0,impressed|2|05,"ac411100, ac415100",0,0.99661300427723787,0.01019624696264787,150,146
fixed_train,7,0,impressed|2|05,"ac411100, ac415100",1,0.99661300427723787,0.016849452546774391,150,143
fixed_train,7,0,impressed|2|05,"ac411100, ac415100",2,0.99661300427723787,0.013547982891048638,150,148
fixed_train,7,0,impressed|2|05,"ac411100, ac415100",3,0.99661300427723787,0.011264997077507832,150,143
fixed_train,7,0,impressed|2|05,"ac411100, ac415100",4,0.99661300427723787,0.010172651843955993,150,144
fixed_train,7,0,impressed|2|05,"ac411100, ac415100",5,0.99661300427723787,0.011289985742540476,150,145
fixed_train,7,0,impressed|2|05,"ac411100, ac415100",6,0.99661300427723787,0.011315354968216673,150,142
fixed_train,7,0,impressed|2|05,"ac411100, ac415100",7,0.99661300427723787,0.010172651843955993,150,143
fixed_train,7,0,impressed|2|05,"ac411100, ac415100",8,0.99661300427723787,0.010172651843955993,150,148
fixed_train,7,0,impressed|2|05,"ac411100, ac415100",9,0.99661300427723787,0.010149410312860985,150,148
fixed_train,7,0,impressed|2|06,"ac415100, ac419100",0,0.99661300427723787,0.011264997077507832,162,153
fixed_train,7,0,impressed|2|06,"ac415100, ac419100",1,0.99661300427723787,0.012378770043003584,162,152
fixed_train,7,0,impressed|2|06,"ac415100, ac419100",2,0.99661300427723787,0.0056527693217166552,162,150
fixed_train,7,0,impressed|2|06,"ac415100, ac419100",3,0.99661300427723787,0.012378770043003584,162,151
fixed_train,7,0,impressed|2|06,"ac415100, ac419100",4,0.99661300427723787,0.012378770043003584,162,149
fixed_train,7,0,impressed|2|06,"ac415100, ac419100",5,0.99661300427723787,0.014631022295255924,162,146
fixed_train,7,0,impressed|2|06,"ac415100, ac419100",6,0.99661300427723787,0.01349075018351531,162,149
fixed_train,7,0,impressed|2|06,"ac415100, ac419100",7,0.99661300427723787,0.0090108443390046755,162,145
fixed_train,7,0,impressed|2|06,"ac415100, ac419100",8,0.99661300427723787,0.0056527693217166552,162,147
fixed_train,7,0,impressed|2|06,"ac415100, ac419100",9,0.99661300427723787,0.010149410312860985,162,149
fixed_train,7,0,impressed|2|07,"ac10307, ac411100",0,0.99661300427723787,0.007893342640257095,102,100
fixed_train,7,0,impressed|2|07,"ac10307, ac411100",1,0.99661300427723787,0.0056527693217166552,102,96
fixed_train,7,0,impressed|2|07,"ac10307, ac411100",2,0.99661300427723787,0.0033928280605969308,102,100
fixed_train,7,0,impressed|2|07,"ac10307, ac411100",3,0.99661300427723787,0.0011328867994772063,102,96
fixed_train,7,0,impressed|2|07,"ac10307, ac411100",4,0.99661300427723787,0.0011328867994772063,102,97
fixed_train,7,0,impressed|2|07,"ac10307, ac411100",5,0.99661300427723787,0.0067739914455242634,102,100
fixed_train,7,0,impressed|2|07,"ac10307, ac411100",6,0.99661300427723787,0.0045159942970162126,102,99
fixed_train,7,0,impressed|2|07,"ac10307, ac411100",7,0.99661300427723787,0.0045296546493034384,102,100
fixed_train,7,0,impressed|2|07,"ac10307, ac411100",8,0.99661300427723787,0.0033928280605969308,102,98
fixed_train,7,0,impressed|2|07,"ac10307, ac411100",9,0.99661300427723787,0.0045159942970162126,102,98
fixed_train,7,0,impressed|2|08,"ac10307, ac419100",0,0.99661300427723787,0.0034046256199427027,96,92
fixed_train,7,0,impressed|2|08,"ac10307, ac419100",1,0.99661300427723787,0.0033928280605969308,96,92
fixed_train,7,0,impressed|2|08,"ac10307, ac419100",2,0.99661300427723787,0.0022677545429989898,96,94
fixed_train,7,0,impressed|2|08,"ac10307, ac419100",3,0.99661300427723787,0.0022677545429989898,96,93
fixed_train,7,0,impressed|2|08,"ac10307, ac419100",4,0.99661300427723787,0.0011328867994772063,96,93
fixed_train,7,0,impressed|2|08,"ac10307, ac419100",5,0.99661300427723787,0.0011328867994772063,96,91
fixed_train,7,0,impressed|2|08,"ac10307, ac419100",6,0.99661300427723787,0.0034046256199427027,96,93
fixed_train,7,0,impressed|2|08,"ac10307, ac419100",7,0.99661300427723787,0.0045435226168138998,96,92
fixed_train,7,0,impressed|2|08,"ac10307, ac419100",8,0.99661300427723787,0.0033928280605969308,96,93
fixed_train,7,0,impressed|2|08,"ac10307, ac419100",9,0.99661300427723787,0.0033812072950494265,96,92
fixed_train,7,0,impressed|2|09,"ac10307, ac415100",0,0.99661300427723787,0.0022483861234955382,44,42
fixed_train,7,0,impressed|2|09,"ac10307, ac415100",1,0.99661300427723787,0.0011328867994772063,44,44
fixed_train,7,0,impressed|2|09,"ac10307, ac415100",2,0.99661300427723787,0.0011328867994772063,44,43
fixed_train,7,0,impressed|2|09,"ac10307, ac415100",3,0.99661300427723787,0.0022579971485081618,44,44
fixed_train,7,0,impressed|2|09,"ac10307, ac415100",4,0.99661300427723787,0.0011328867994772063,44,44
fixed_train,7,0,impressed|2|09,"ac10307, ac415100",5,0.99661300427723787,0.0011251396224456478,44,41
fixed_train,7,0,impressed|2|09,"ac10307, ac415100",6,0.99661300427723787,0.0011328867994772063,44,43
fixed_train,7,0,impressed|2|09,"ac10307, ac415100",7,0.99661300427723787,0.0022579971485081618,44,43
fixed_train,7,0,impressed|2|09,"ac10307, ac415100",8,0.99661300427723787,0.0011328867994772063,44,44
fixed_train,7,0,impressed|2|09,"ac10307, ac415100",9,0.99661300427723787,0.0022579971485081618,44,43
fixed_train,7,0,impressed|2|10,"ac355201, ac415100",0,0.99661300427723787,0.0022483861234955382,24,24
fixed_train,7,0,impressed|2|10,"ac355201, ac415100",1,0.99661300427723787,0.0022483861234955382,24,22
fixed_train,7,0,impressed|2|10,"ac355201, ac415100",2,0.99661300427723787,0.0022483861234955382,24,24
fixed_train,7,0,impressed|2|10,"ac355201, ac415100",3,0.99661300427723787,0.0011251396224456478,24,21
fixed_train,7,0,impressed|2|10,"ac355201, ac415100",4,0.99661300427723787,0.0033697610339946671,24,24
fixed_train,7,0,impressed|2|10,"ac355201, ac415100",5,0.99661300427723787,0.0022483861234955382,24,24
fixed_train,7,0,impressed|2|10,"ac355201, ac415100",6,0.99661300427723787,0.0033697610339946671,24,23
fixed_train,7,0,impressed|2|10,"ac355201, ac415100",7,0.99661300427723787,0.0022483861234955382,24,22
fixed_train,7,0,impressed|2|10,"ac355201, ac415100",8,0.99661300427723787,0.0011251396224456478,24,24
fixed_train,7,0,impressed|2|10,"ac355201, ac415100",9,0.99661300427723787,0.0011251396224456478,24,23
fixed_train,7,0,impressed|3|01,"ac411100, ac415100, ac419100",0,0.99661300427723787,0.0056684994008444622,139,135
fixed_train,7,0,impressed|3|01,"ac411100, ac415100, ac419100",1,0.99661300427723787,0.0067739914455242634,139,134
fixed_train,7,0,impressed|3|01,"ac411100, ac415100, ac419100",2,0.99661300427723787,0.0090319885940324252,139,134
fixed_train,7,0,impressed|3|01,"ac411100, ac415100, ac419100",3,0.99661300427723787,0.010149410312860985,139,133
fixed_train,7,0,impressed|3|01,"ac411100, ac415100, ac419100",4,0.99661300427723787,0.012405477985464763,139,130
fixed_train,7,0,impressed|3|01,"ac411100, ac415100, ac419100",5,0.99661300427723787,0.010172651843955993,139,130
fixed_train,7,0,impressed|3|01,"ac411100, ac415100, ac419100",6,0.99661300427723787,0.01349075018351531,139,131
fixed_train,7,0,impressed|3|01,"ac411100, ac415100, ac419100",7,0.99661300427723787,0.0090319885940324252,139,132
fixed_train,7,0,impressed|3|01,"ac411100, ac415100, ac419100",8,0.99661300427723787,0.011240384062678244,139,133
fixed_train,7,0,impressed|3|01,"ac411100, ac415100, ac419100",9,0.99661300427723787,0.012405477985464763,139,129
fixed_train,7,0,impressed|3|02,"ac10307, ac411100, ac419100",0,0.99661300427723787,0.0056684994008444622,90,87
fixed_train,7,0,impressed|3|02,"ac10307, ac411100, ac419100",1,0.99661300427723787,0.0022677545429989898,90,88
fixed_train,7,0,impressed|3|02,"ac10307, ac411100, ac419100",2,0.99661300427723787,0.0033928280605969308,90,88
fixed_train,7,0,impressed|3|02,"ac10307, ac411100, ac419100",3,0.99661300427723787,0.0034046256199427027,90,89
fixed_train,7,0,impressed|3|02,"ac10307, ac411100, ac419100",4,0.99661300427723787,0.0056527693217166552,90,85
fixed_train,7,0,impressed|3|02,"ac10307, ac411100, ac419100",5,0.99661300427723787,0.0022677545429989898,90,88
fixed_train,7,0,impressed|3|02,"ac10307, ac411100, ac419100",6,0.99661300427723787,0.0033928280605969308,90,87
fixed_train,7,0,impressed|3|02,"ac10307, ac411100, ac419100",7,0.99661300427723787,0.0034046256199427027,90,86
fixed_train,7,0,impressed|3|02,"ac10307, ac411100, ac419100",8,0.99661300427723787,0.0045296546493034384,90,88
fixed_train,7,0,impressed|3|02,"ac10307, ac411100, ac419100",9,0.99661300427723787,0.004502538861998695,90,88
fixed_train,7,0,impressed|3|03,"ac370000, ac411100, ac415100",0,0.99661300427723787,0.0068093849995499722,89,89
fixed_train,7,0,impressed|3|03,"ac370000, ac411100, ac415100",1,0.99661300427723787,0.0068093849995499722,89,89
fixed_train,7,0,impressed|3|03,"ac370000, ac411100, ac415100",2,0.99661300427723787,0.0056684994008444622,89,89
fixed_train,7,0,impressed|3|03,"ac370000, ac411100, ac415100",3,0.99661300427723787,0.010149410312860985,89,89
fixed_train,7,0,impressed|3|03,"ac370000, ac411100, ac415100",4,0.99661300427723787,0.012460120743549408,89,89
fixed_train,7,0,impressed|3|03,"ac370000, ac411100, ac415100",5,0.99661300427723787,0.006827485717102233,89,89
fixed_train,7,0,impressed|3|03,"ac370000, ac411100, ac415100",6,0.99661300427723787,0.012432593105075829,89,89
fixed_train,7,0,impressed|3|03,"ac370000, ac411100, ac415100",7,0.99661300427723787,0.011289985742540476,89,89
fixed_train,7,0,impressed|3|03,"ac370000, ac411100, ac415100",8,0.99661300427723787,0.0079523343303862237,89,88
fixed_train,7,0,impressed|3|03,"ac370000, ac411100, ac415100",9,0.99661300427723787,0.012432593105075829,89,89
fixed_train,7,0,impressed|3|04,"ac355201, ac415100, ac419100",0,0.99661300427723787,0.0033697610339946671,24,23
fixed_train,7,0,impressed|3|04,"ac355201, ac415100, ac419100",1,0.99661300427723787,0.0033697610339946671,24,22
fixed_train,7,0,impressed|3|04,"ac355201, ac415100, ac419100",2,0.99661300427723787,0.0033697610339946671,24,24
fixed_train,7,0,impressed|3|04,"ac355201, ac415100, ac419100",3,0.99661300427723787,0.0022483861234955382,24,24
fixed_train,7,0,impressed|3|04,"ac355201, ac415100, ac419100",4,0.99661300427723787,0.0033697610339946671,24,22
fixed_train,7,0,impressed|3|04,"ac355201, ac415100, ac419100",5,0.99661300427723787,0.0033697610339946671,24,23
fixed_train,7,0,impressed|3|04,"ac355201, ac415100, ac419100",6,0.99661300427723787,0.0022483861234955382,24,24
fixed_train,7,0,impressed|3|04,"ac355201, ac415100, ac419100",7,0.99661300427723787,0.0022483861234955382,24,24
fixed_train,7,0,impressed|3|04,"ac355201, ac415100, ac419100",8,0.99661300427723787,0.0033697610339946671,24,22
fixed_train,7,0,impressed|3|04,"ac355201, ac415100, ac419100",9,0.99661300427723787,0.0033697610339946671,24,24
fixed_train,7,0,impressed|3|05,"ac355201, ac411100, ac419100",0,0.99661300427723787,0.0022579971485081618,25,25
fixed_train,7,0,impressed|3|05,"ac355201, ac411100, ac419100",1,0.99661300427723787,0.0033812072950494265,25,25
fixed_train,7,0,impressed|3|05,"ac355201, ac411100, ac419100",2,0.99661300427723787,0.0011328867994772063,25,25
fixed_train,7,0,impressed|3|05,"ac355201, ac411100, ac419100",3,0.99661300427723787,0.0033812072950494265,25,25
fixed_train,7,0,impressed|3|05,"ac355201, ac411100, ac419100",4,0.99661300427723787,0.0011251396224456478,25,25
fixed_train,7,0,impressed|3|05,"ac355201, ac411100, ac419100",5,0.99661300427723787,0.0033812072950494265,25,25
fixed_train,7,0,impressed|3|05,"ac355201, ac411100, ac419100",6,0.99661300427723787,0.0033812072950494265,25,25
fixed_train,7,0,impressed|3|05,"ac355201, ac411100, ac419100",7,0.99661300427723787,0.0011328867994772063,25,25
fixed_train,7,0,impressed|3|05,"ac355201, ac411100, ac419100",8,0.99661300427723787,0.0022579971485081618,25,24
fixed_train,7,0,impressed|3|05,"ac355201, ac411100, ac419100",9,0.99661300427723787,0.0011328867994772063,25,25
fixed_train,7,0,impressed|3|06,"ac355427, ac415100, ac419100",0,0.99661300427723787,0,11,11
fixed_train,7,0,impressed|3|06,"ac355427, ac415100, ac419100",1,0.99661300427723787,0,11,10
fixed_train,7,0,impressed|3|06,"ac355427, ac415100, ac419100",2,0.99661300427723787,0.0011328867994772063,11,11
fixed_train,7,0,impressed|3|06,"ac355427, ac415100, ac419100",3,0.99661300427723787,0.0011328867994772063,11,10
fixed_train,7,0,impressed|3|06,"ac355427, ac415100, ac419100",4,0.99661300427723787,0.0011328867994772063,11,9
fixed_train,7,0,impressed|3|06,"ac355427, ac415100, ac419100",5,0.99661300427723787,0,11,10
fixed_train,7,0,impressed|3|06,"ac355427, ac415100, ac419100",6,0.99661300427723787,0,11,11
fixed_train,7,0,impressed|3|06,"ac355427, ac415100, ac419100",7,0.99661300427723787,0,11,11
fixed_train,7,0,impressed|3|06,"ac355427, ac415100, ac419100",8,0.99661300427723787,0.0011328867994772063,11,11
fixed_train,7,0,impressed|3|06,"ac355427, ac415100, ac419100",9,0.99661300427723787,0.0011328867994772063,11,10
fixed_train,7,0,impressed|3|07,"370407, ac10307, ac370000",0,0.99661300427723787,0.0045435226168138998,30,30
fixed_train,7,0,impressed|3|07,"370407, ac10307, ac370000",1,0.99661300427723787,0.0045296546493034384,30,30
fixed_train,7,0,impressed|3|07,"370407, ac10307, ac370000",2,0.99661300427723787,0.0068093849995499722,30,30
fixed_train,7,0,impressed|3|07,"370407, ac10307, ac370000",3,0.99661300427723787,0.0022677545429989898,30,30
fixed_train,7,0,impressed|3|07,"370407, ac10307, ac370000",4,0.99661300427723787,0.0056844683197565526,30,30
fixed_train,7,0,impressed|3|07,"370407, ac10307, ac370000",5,0.99661300427723787,0.0045435226168138998,30,30
fixed_train,7,0,impressed|3|07,"370407, ac10307, ac370000",6,0.99661300427723787,0.0068093849995499722,30,30
fixed_train,7,0,impressed|3|07,"370407, ac10307, ac370000",7,0.99661300427723787,0.0034046256199427027,30,30
fixed_train,7,0,impressed|3|07,"370407, ac10307, ac370000",8,0.99661300427723787,0.0034046256199427027,30,30
fixed_train,7,0,impressed|3|07,"370407, ac10307, ac370000",9,0.99661300427723787,0.0056844683197565526,30,30
fixed_train,7,0,impressed|3|08,"376400, ac370000, ac411100",0,0.99661300427723787,0.0033928280605969308,29,29
fixed_train,7,0,impressed|3|08,"376400, ac370000, ac411100",1,0.99661300427723787,0.0045159942970162126,29,29
fixed_train,7,0,impressed|3|08,"376400, ac370000, ac411100",2,0.99661300427723787,0.0045159942970162126,29,29
fixed_train,7,0,impressed|3|08,"376400, ac370000, ac411100",3,0.99661300427723787,0.0011328867994772063,29,29
fixed_train,7,0,impressed|3|08,"376400, ac370000, ac411100",4,0.99661300427723787,0.0022677545429989898,29,29
fixed_train,7,0,impressed|3|08,"376400, ac370000, ac411100",5,0.99661300427723787,0.0022677545429989898,29,29
fixed_train,7,0,impressed|3|08,"376400, ac370000, ac411100",6,0.99661300427723787,0.0022677545429989898,29,29
fixed_train,7,0,impressed|3|08,"376400, ac370000, ac411100",7,0.99661300427723787,0.0022677545429989898,29,29
fixed_train,7,0,impressed|3|08,"376400, ac370000, ac411100",8,0.99661300427723787,0.0022677545429989898,29,29
fixed_train,7,0,impressed|3|08,"376400, ac370000, ac411100",9,0.99661300427723787,0.0022677545429989898,29,29
fixed_train,7,0,impressed|3|09,"ac410500, ac411100, ac415100",0,0.99661300427723787,0,5,5
fixed_train,7,0,impressed|3|09,"ac410500, ac411100, ac415100",1,0.99661300427723787,0,5,5
fixed_train,7,0,impressed|3|09,"ac410500, ac411100, ac415100",2,0.99661300427723787,0,5,5
fixed_train,7,0,impressed|3|09,"ac410500, ac411100, ac415100",3,0.99661300427723787,0.0011251396224456478,5,5
fixed_train,7,0,impressed|3|09,"ac410500, ac411100, ac415100",4,0.99661300427723787,0,5,5
fixed_train,7,0,impressed|3|09,"ac410500, ac411100, ac415100",5,0.99661300427723787,0,5,5
fixed_train,7,0,impressed|3|09,"ac410500, ac411100, ac415100",6,0.99661300427723787,0,5,5
fixed_train,7,0,impressed|3|09,"ac410500, ac411100, ac415100",7,0.99661300427723787,0,5,5
fixed_train,7,0,impressed|3|09,"ac410500, ac411100, ac415100",8,0.99661300427723787,0.0011251396224456478,5,4
fixed_train,7,0,impressed|3|09,"ac410500, ac411100, ac415100",9,0.99661300427723787,0,5,5
fixed_train,7,0,impressed|3|10,"ac379999, ac415100, ac419100",0,0.99661300427723787,0.0078554755380915164,95,94
fixed_train,7,0,impressed|3|10,"ac379999, ac415100, ac419100",1,0.99661300427723787,0.0056220132862468963,95,94
fixed_train,7,0,impressed|3|10,"ac379999, ac415100, ac419100",2,0.99661300427723787,0.012326554852427063,95,95
fixed_train,7,0,impressed|3|10,"ac379999, ac415100, ac419100",3,0.99661300427723787,0.0078742655384991256,95,95
fixed_train,7,0,impressed|3|10,"ac379999, ac415100, ac419100",4,0.99661300427723787,0.011216141885282638,95,95
fixed_train,7,0,impressed|3|10,"ac379999, ac415100, ac419100",5,0.99661300427723787,0.0056372749676532052,95,95
fixed_train,7,0,impressed|3|10,"ac379999, ac415100, ac419100",6,0.99661300427723787,0.012326554852427063,95,95
fixed_train,7,0,impressed|3|10,"ac379999, ac415100, ac419100",7,0.99661300427723787,0.0033928280605969308,95,94
fixed_train,7,0,impressed|3|10,"ac379999, ac415100, ac419100",8,0.99661300427723787,0.0078742655384991256,95,95
fixed_train,7,0,impressed|3|10,"ac379999, ac415100, ac419100",9,0.99661300427723787,0.004502538861998695,95,95
fixed_test,7,1,apriori|1|01,ac419100,0,0.94035409187374486,-0.0052084474097247035,151,121
fixed_test,7,1,apriori|1|01,ac419100,1,0.94035409187374486,-0.0048011612914173885,151,115
fixed_test,7,1,apriori|1|01,ac419100,2,0.94035409187374486,-0.00045470110896117522,151,125
fixed_test,7,1,apriori|1|01,ac419100,3,0.94035409187374486,0.0038644627096970918,151,127
fixed_test,7,1,apriori|1|01,ac419100,4,0.94035409187374486,-0.0099232934410217188,151,109
fixed_test,7,1,apriori|1|01,ac419100,5,0.94035409187374486,-0.0091762935578852955,151,124
fixed_test,7,1,apriori|1|01,ac419100,6,0.94035409187374486,-0.0095610406500833411,151,118
fixed_test,7,1,apriori|1|01,ac419100,7,0.94035409187374486,-0.0091762935578852955,151,127
fixed_test,7,1,apriori|1|01,ac419100,8,0.94035409187374486,-0.0091762935578852955,151,120
fixed_test,7,1,apriori|1|01,ac419100,9,0.94035409187374486,-0.0048011612914173885,151,121
fixed_test,7,1,apriori|1|02,ac370000,0,0.94035409187374486,0.19085464316585277,138,138
fixed_test,7,1,apriori|1|02,ac370000,1,0.94035409187374486,0.16828409490475615,138,138
fixed_test,7,1,apriori|1|02,ac370000,2,0.94035409187374486,0.18237433792624902,138,133
fixed_test,7,1,apriori|1|02,ac370000,3,0.94035409187374486,0.14708130392512708,138,137
fixed_test,7,1,apriori|1|02,ac370000,4,0.94035409187374486,0.15005730157695463,138,137
fixed_test,7,1,apriori|1|02,ac370000,5,0.94035409187374486,0.15080647974548755,138,138
fixed_test,7,1,apriori|1|02,ac370000,6,0.94035409187374486,0.15768269941494162,138,137
fixed_test,7,1,apriori|1|02,ac370000,7,0.94035409187374486,0.18316833468798766,138,136
fixed_test,7,1,apriori|1|02,ac370000,8,0.94035409187374486,0.15401007023560553,138,137
fixed_test,7,1,apriori|1|02,ac370000,9,0.94035409187374486,0.1942053457249987,138,138
fixed_test,7,1,apriori|1|03,370407,0,0.94035409187374486,0.0081576573536085162,115,104
fixed_test,7,1,apriori|1|03,370407,1,0.94035409187374486,0.012937372829118776,115,110
fixed_test,7,1,apriori|1|03,370407,2,0.94035409187374486,0,115,109
fixed_test,7,1,apriori|1|03,370407,3,0.94035409187374486,0.0043396298477220707,115,113
fixed_test,7,1,apriori|1|03,370407,4,0.94035409187374486,0.0091762935578852955,115,110
fixed_test,7,1,apriori|1|03,370407,5,0.94035409187374486,-0.00045470110896117522,115,111
fixed_test,7,1,apriori|1|03,370407,6,0.94035409187374486,-0.0048011612914173885,115,113
fixed_test,7,1,apriori|1|03,370407,7,0.94035409187374486,-0.00045470110896117522,115,110
fixed_test,7,1,apriori|1|03,370407,8,0.94035409187374486,0.0086516384321609907,115,111
fixed_test,7,1,apriori|1|03,370407,9,0.94035409187374486,0.0091762935578852955,115,113
fixed_test,7,1,apriori|1|04,ac370419,0,0.94035409187374486,0.017757977973283157,109,99
fixed_test,7,1,apriori|1|04,ac370419,1,0.94035409187374486,0.0140571052319306,109,106
fixed_test,7,1,apriori|1|04,ac370419,2,0.94035409187374486,0,109,103
fixed_test,7,1,apriori|1|04,ac370419,3,0.94035409187374486,-0.00045470110896117522,109,102
fixed_test,7,1,apriori|1|04,ac370419,4,0.94035409187374486,-0.0048011612914173885,109,106
fixed_test,7,1,apriori|1|04,ac370419,5,0.94035409187374486,0,109,103
fixed_test,7,1,apriori|1|04,ac370419,6,0.94035409187374486,-0.00045470110896117522,109,105
fixed_test,7,1,apriori|1|04,ac370419,7,0.94035409187374486,-0.00045470110896117522,109,105
fixed_test,7,1,apriori|1|04,ac370419,8,0.94035409187374486,-0.0091762935578852955,109,106
fixed_test,7,1,apriori|1|04,ac370419,9,0.94035409187374486,-0.0091762935578852955,109,103
fixed_test,7,1,apriori|1|05,ac370443,0,0.94035409187374486,0.0043396298477220707,107,103
fixed_test,7,1,apriori|1|05,ac370443,1,0.94035409187374486,0,107,103
fixed_test,7,1,apriori|1|05,ac370443,2,0.94035409187374486,0.0043396298477220707,107,104
fixed_test,7,1,apriori|1|05,ac370443,3,0.94035409187374486,0.0043396298477220707,107,98
fixed_test,7,1,apriori|1|05,ac370443,4,0.94035409187374486,0.0043396298477220707,107,102
fixed_test,7,1,apriori|1|05,ac370443,5,0.94035409187374486,-0.00045470110896117522,107,105
fixed_test,7,1,apriori|1|05,ac370443,6,0.94035409187374486,-0.0048011612914173885,107,102
fixed_test,7,1,apriori|1|05,ac370443,7,0.94035409187374486,-0.0043686481076158357,107,100
fixed_test,7,1,apriori|1|05,ac370443,8,0.94035409187374486,-0.0043686481076158357,107,101
fixed_test,7,1,apriori|1|05,ac370443,9,0.94035409187374486,0,107,97
fixed_test,7,1,apriori|1|06,ac370442,0,0.94035409187374486,-0.0091762935578852955,105,101
fixed_test,7,1,apriori|1|06,ac370442,1,0.94035409187374486,-0.0043686481076158357,105,102
fixed_test,7,1,apriori|1|06,ac370442,2,0.94035409187374486,-0.0048011612914173885,105,99
fixed_test,7,1,apriori|1|06,ac370442,3,0.94035409187374486,-0.0048011612914173885,105,98
fixed_test,7,1,apriori|1|06,ac370442,4,0.94035409187374486,-0.0048011612914173885,105,99
fixed_test,7,1,apriori|1|06,ac370442,5,0.94035409187374486,-0.0091762935578852955,105,100
fixed_test,7,1,apriori|1|06,ac370442,6,0.94035409187374486,-0.0043686481076158357,105,98
fixed_test,7,1,apriori|1|06,ac370442,7,0.94035409187374486,0,105,99
fixed_test,7,1,apriori|1|06,ac370442,8,0.94035409187374486,0.0043396298477220707,105,102
fixed_test,7,1,apriori|1|06,ac370442,9,0.94035409187374486,-0.013941952430556959,105,100
fixed_test,7,1,apriori|1|07,370712b,0,0.94035409187374486,-0.00045470110896117522,107,106
fixed_test,7,1,apriori|1|07,370712b,1,0.94035409187374486,-0.0095610406500833411,107,105
fixed_test,7,1,apriori|1|07,370712b,2,0.94035409187374486,0,107,103
fixed_test,7,1,apriori|1|07,370712b,3,0.94035409187374486,-0.0052084474097247035,107,99
fixed_test,7,1,apriori|1|07,370712b,4,0.94035409187374486,0.0043396298477220707,107,99
fixed_test,7,1,apriori|1|07,370712b,5,0.94035409187374486,0.0038644627096970918,107,98
fixed_test,7,1,apriori|1|07,370712b,6,0.94035409187374486,-0.0048011612914173885,107,103
fixed_test,7,1,apriori|1|07,370712b,7,0.94035409187374486,-0.00045470110896117522,107,101
fixed_test,7,1,apriori|1|07,370712b,8,0.94035409187374486,0.0091762935578852955,107,102
fixed_test,7,1,apriori|1|07,370712b,9,0.94035409187374486,-0.00045470110896117522,107,102
fixed_test,7,1,apriori|1|08,370715a,0,0.94035409187374486,-0.0052084474097247035,105,101
fixed_test,7,1,apriori|1|08,370715a,1,0.94035409187374486,-0.0095610406500833411,105,98
fixed_test,7,1,apriori|1|08,370715a,2,0.94035409187374486,0,105,99
fixed_test,7,1,apriori|1|08,370715a,3,0.94035409187374486,-0.0091762935578852955,105,103
fixed_test,7,1,apriori|1|08,370715a,4,0.94035409187374486,0.0038644627096970918,105,103
fixed_test,7,1,apriori|1|08,370715a,5,0.94035409187374486,-0.00045470110896117522,105,102
fixed_test,7,1,apriori|1|08,370715a,6,0.94035409187374486,-0.0091762935578852955,105,95
fixed_test,7,1,apriori|1|08,370715a,7,0.94035409187374486,-0.00045470110896117522,105,100
fixed_test,7,1,apriori|1|08,370715a,8,0.94035409187374486,-0.00045470110896117522,105,102
fixed_test,7,1,apriori|1|08,370715a,9,0.94035409187374486,-0.0048011612914173885,105,98
fixed_test,7,1,apriori|1|09,370488e,0,0.94035409187374486,0.00048280752953033801,100,94
fixed_test,7,1,apriori|1|09,370488e,1,0.94035409187374486,0,100,96
fixed_test,7,1,apriori|1|09,370488e,2,0.94035409187374486,-0.0043686481076158357,100,95
fixed_test,7,1,apriori|1|09,370488e,3,0.94035409187374486,0,100,95
fixed_test,7,1,apriori|1|09,370488e,4,0.94035409187374486,-0.0091762935578852955,100,94
fixed_test,7,1,apriori|1|09,370488e,5,0.94035409187374486,-0.0048011612914173885,100,92
fixed_test,7,1,apriori|1|09,370488e,6,0.94035409187374486,-0.0043686481076158357,100,94
fixed_test,7,1,apriori|1|09,370488e,7,0.94035409187374486,-0.0048011612914173885,100,95
fixed_test,7,1,apriori|1|09,370488e,8,0.94035409187374486,0.0043396298477220707,100,94
fixed_test,7,1,apriori|1|09,370488e,9,0.94035409187374486,-0.0043686481076158357,100,93
fixed_test,7,1,apriori|1|10,370488g,0,0.94035409187374486,0,98,96
fixed_test,7,1,apriori|1|10,370488g,1,0.94035409187374486,0,98,97
fixed_test,7,1,apriori|1|10,370488g,2,0.94035409187374486,-0.0048011612914173885,98,92
fixed_test,7,1,apriori|1|10,370488g,3,0.94035409187374486,-0.0048011612914173885,98,86
fixed_test,7,1,apriori|1|10,370488g,4,0.94035409187374486,0.0043396298477220707,98,89
fixed_test,7,1,apriori|1|10,370488g,5,0.94035409187374486,-0.0048011612914173885,98,93
fixed_test,7,1,apriori|1|10,370488g,6,0.94035409187374486,-0.0043686481076158357,98,97
fixed_test,7,1,apriori|1|10,370488g,7,0.94035409187374486,0,98,93
fixed_test,7,1,apriori|1|10,370488g,8,0.94035409187374486,0.00048280752953033801,98,92
fixed_test,7,1,apriori|1|10,370488g,9,0.94035409187374486,-0.00045470110896117522,98,93
fixed_test,7,1,apriori|2|01,"370407, ac370000",0,0.94035409187374486,0.014669379806054095,115,114
fixed_test,7,1,apriori|2|01,"370407, ac370000",1,0.94035409187374486,0.03324820178913146,115,113
fixed_test,7,1,apriori|2|01,"370407, ac370000",2,0.94035409187374486,0.025466322748687542,115,114
fixed_test,7,1,apriori|2|01,"370407, ac370000",3,0.94035409187374486,0.029778946171120313,115,114
fixed_test,7,1,apriori|2|01,"370407, ac370000",4,0.94035409187374486,0.028234522447585175,115,114
fixed_test,7,1,apriori|2|01,"370407, ac370000",5,0.94035409187374486,0.04111611149986194,115,115
fixed_test,7,1,apriori|2|01,"370407, ac370000",6,0.94035409187374486,0.020365803613501821,115,114
fixed_test,7,1,apriori|2|01,"370407, ac370000",7,0.94035409187374486,0.029778946171120313,115,111
fixed_test,7,1,apriori|2|01,"370407, ac370000",8,0.94035409187374486,0.023269981901703818,115,115
fixed_test,7,1,apriori|2|01,"370407, ac370000",9,0.94035409187374486,0.028983664374285012,115,115
fixed_test,7,1,apriori|2|02,"ac370000, ac370419",0,0.94035409187374486,0.042537612780670031,109,108
fixed_test,7,1,apriori|2|02,"ac370000, ac370419",1,0.94035409187374486,0.010324807005750225,109,108
fixed_test,7,1,apriori|2|02,"ac370000, ac370419",2,0.94035409187374486,0.015319373360765387,109,109
fixed_test,7,1,apriori|2|02,"ac370000, ac370419",3,0.94035409187374486,0.023958790797592666,109,109
fixed_test,7,1,apriori|2|02,"ac370000, ac370419",4,0.94035409187374486,0.02469003354664312,109,109
fixed_test,7,1,apriori|2|02,"ac370000, ac370419",5,0.94035409187374486,0.03406069373252063,109,108
fixed_test,7,1,apriori|2|02,"ac370000, ac370419",6,0.94035409187374486,0.0097333791688820614,109,107
fixed_test,7,1,apriori|2|02,"ac370000, ac370419",7,0.94035409187374486,0.03406069373252063,109,109
fixed_test,7,1,apriori|2|02,"ac370000, ac370419",8,0.94035409187374486,0.028983664374285012,109,108
fixed_test,7,1,apriori|2|02,"ac370000, ac370419",9,0.94035409187374486,0.014669379806054095,109,108
fixed_test,7,1,apriori|2|03,"370407, ac370419",0,0.94035409187374486,-0.0043686481076158357,108,107
fixed_test,7,1,apriori|2|03,"370407, ac370419",1,0.94035409187374486,-0.0043686481076158357,108,107
fixed_test,7,1,apriori|2|03,"370407, ac370419",2,0.94035409187374486,-0.0043686481076158357,108,108
fixed_test,7,1,apriori|2|03,"370407, ac370419",3,0.94035409187374486,-0.0091762935578852955,108,108
fixed_test,7,1,apriori|2|03,"370407, ac370419",4,0.94035409187374486,0.0043396298477220707,108,107
fixed_test,7,1,apriori|2|03,"370407, ac370419",5,0.94035409187374486,0.0043396298477220707,108,107
fixed_test,7,1,apriori|2|03,"370407, ac370419",6,0.94035409187374486,0.0091762935578852955,108,108
fixed_test,7,1,apriori|2|03,"370407, ac370419",7,0.94035409187374486,-0.00045470110896117522,108,108
fixed_test,7,1,apriori|2|03,"370407, ac370419",8,0.94035409187374486,-0.0091762935578852955,108,108
fixed_test,7,1,apriori|2|03,"370407, ac370419",9,0.94035409187374486,0.0048442285621573822,108,108
fixed_test,7,1,apriori|2|04,"ac370000, ac370443",0,0.94035409187374486,0.020365803613501821,107,106
fixed_test,7,1,apriori|2|04,"ac370000, ac370443",1,0.94035409187374486,0.014669379806054095,107,106
fixed_test,7,1,apriori|2|04,"ac370000, ac370443",2,0.94035409187374486,0.019654235690017563,107,106
fixed_test,7,1,apriori|2|04,"ac370000, ac370443",3,0.94035409187374486,0.0097333791688820614,107,107
fixed_test,7,1,apriori|2|04,"ac370000, ac370443",4,0.94035409187374486,0.00048280752953033801,107,106
fixed_test,7,1,apriori|2|04,"ac370000, ac370443",5,0.94035409187374486,0.017757977973283157,107,106
fixed_test,7,1,apriori|2|04,"ac370000, ac370443",6,0.94035409187374486,0.018352587115770813,107,107
fixed_test,7,1,apriori|2|04,"ac370000, ac370443",7,0.94035409187374486,0.018983950808233563,107,107
fixed_test,7,1,apriori|2|04,"ac370000, ac370443",8,0.94035409187374486,0.0097333791688820614,107,101
fixed_test,7,1,apriori|2|04,"ac370000, ac370443",9,0.94035409187374486,0.0053799688145154123,107,107
fixed_test,7,1,apriori|2|05,"ac370419, ac370443",0,0.94035409187374486,-0.0091762935578852955,107,107
fixed_test,7,1,apriori|2|05,"ac370419, ac370443",1,0.94035409187374486,-0.0091762935578852955,107,106
fixed_test,7,1,apriori|2|05,"ac370419, ac370443",2,0.94035409187374486,-0.0091762935578852955,107,107
fixed_test,7,1,apriori|2|05,"ac370419, ac370443",3,0.94035409187374486,0.0038644627096970918,107,106
fixed_test,7,1,apriori|2|05,"ac370419, ac370443",4,0.94035409187374486,0.0086516384321609907,107,107
fixed_test,7,1,apriori|2|05,"ac370419, ac370443",5,0.94035409187374486,-0.00045470110896117522,107,107
fixed_test,7,1,apriori|2|05,"ac370419, ac370443",6,0.94035409187374486,0.00048280752953033801,107,107
fixed_test,7,1,apriori|2|05,"ac370419, ac370443",7,0.94035409187374486,-0.0048011612914173885,107,107
fixed_test,7,1,apriori|2|05,"ac370419, ac370443",8,0.94035409187374486,0.0053799688145154123,107,107
fixed_test,7,1,apriori|2|05,"ac370419, ac370443",9,0.94035409187374486,-0.0091762935578852955,107,106
fixed_test,7,1,apriori|2|06,"ac370000, ac370442",0,0.94035409187374486,0.0097333791688820614,105,105
fixed_test,7,1,apriori|2|06,"ac370000, ac370442",1,0.94035409187374486,0.019654235690017563,105,105
fixed_test,7,1,apriori|2|06,"ac370000, ac370442",2,0.94035409187374486,0.018983950808233563,105,105
fixed_test,7,1,apriori|2|06,"ac370000, ac370442",3,0.94035409187374486,0.02469003354664312,105,103
fixed_test,7,1,apriori|2|06,"ac370000, ac370442",4,0.94035409187374486,0.0053799688145154123,105,105
fixed_test,7,1,apriori|2|06,"ac370000, ac370442",5,0.94035409187374486,0.019654235690017563,105,103
fixed_test,7,1,apriori|2|06,"ac370000, ac370442",6,0.94035409187374486,0.023958790797592666,105,104
fixed_test,7,1,apriori|2|06,"ac370000, ac370442",7,0.94035409187374486,0.0053799688145154123,105,105
fixed_test,7,1,apriori|2|06,"ac370000, ac370442",8,0.94035409187374486,0.029778946171120313,105,105
fixed_test,7,1,apriori|2|06,"ac370000, ac370442",9,0.94035409187374486,0.023269981901703818,105,104
fixed_test,7,1,apriori|2|07,"ac370442, ac370443",0,0.94035409187374486,-0.0091762935578852955,105,105
fixed_test,7,1,apriori|2|07,"ac370442, ac370443",1,0.94035409187374486,-0.0091762935578852955,105,105
fixed_test,7,1,apriori|2|07,"ac370442, ac370443",2,0.94035409187374486,-0.0048011612914173885,105,104
fixed_test,7,1,apriori|2|07,"ac370442, ac370443",3,0.94035409187374486,-0.0091762935578852955,105,105
fixed_test,7,1,apriori|2|07,"ac370442, ac370443",4,0.94035409187374486,-0.0091762935578852955,105,105
fixed_test,7,1,apriori|2|07,"ac370442, ac370443",5,0.94035409187374486,-0.0091762935578852955,105,104
fixed_test,7,1,apriori|2|07,"ac370442, ac370443",6,0.94035409187374486,-0.00045470110896117522,105,105
fixed_test,7,1,apriori|2|07,"ac370442, ac370443",7,0.94035409187374486,0,105,105
fixed_test,7,1,apriori|2|07,"ac370442, ac370443",8,0.94035409187374486,-0.013941952430556959,105,104
fixed_test,7,1,apriori|2|07,"ac370442, ac370443",9,0.94035409187374486,-0.0048011612914173885,105,105
fixed_test,7,1,apriori|2|08,"ac370419, ac370442",0,0.94035409187374486,-0.0043686481076158357,105,104
fixed_test,7,1,apriori|2|08,"ac370419, ac370442",1,0.94035409187374486,0,105,105
fixed_test,7,1,apriori|2|08,"ac370419, ac370442",2,0.94035409187374486,-0.0091762935578852955,105,104
fixed_test,7,1,apriori|2|08,"ac370419, ac370442",3,0.94035409187374486,-0.0048011612914173885,105,104
fixed_test,7,1,apriori|2|08,"ac370419, ac370442",4,0.94035409187374486,-0.0091762935578852955,105,105
fixed_test,7,1,apriori|2|08,"ac370419, ac370442",5,0.94035409187374486,-0.0091762935578852955,105,104
fixed_test,7,1,apriori|2|08,"ac370419, ac370442",6,0.94035409187374486,-0.0048011612914173885,105,105
fixed_test,7,1,apriori|2|08,"ac370419, ac370442",7,0.94035409187374486,-0.0091762935578852955,105,105
fixed_test,7,1,apriori|2|08,"ac370419, ac370442",8,0.94035409187374486,-0.0048011612914173885,105,105
fixed_test,7,1,apriori|2|08,"ac370419, ac370442",9,0.94035409187374486,-0.0048011612914173885,105,105
fixed_test,7,1,apriori|2|09,"370407, ac370443",0,0.94035409187374486,0.0043396298477220707,106,106
fixed_test,7,1,apriori|2|09,"370407, ac370443",1,0.94035409187374486,-0.0048011612914173885,106,106
fixed_test,7,1,apriori|2|09,"370407, ac370443",2,0.94035409187374486,0.012937372829118776,106,106
fixed_test,7,1,apriori|2|09,"370407, ac370443",3,0.94035409187374486,-0.0048011612914173885,106,105
fixed_test,7,1,apriori|2|09,"370407, ac370443",4,0.94035409187374486,0.0038644627096970918,106,106
fixed_test,7,1,apriori|2|09,"370407, ac370443",5,0.94035409187374486,-0.00045470110896117522,106,106
fixed_test,7,1,apriori|2|09,"370407, ac370443",6,0.94035409187374486,0,106,106
fixed_test,7,1,apriori|2|09,"370407, ac370443",7,0.94035409187374486,0.0043396298477220707,106,106
fixed_test,7,1,apriori|2|09,"370407, ac370443",8,0.94035409187374486,-0.00045470110896117522,106,105
fixed_test,7,1,apriori|2|09,"370407, ac370443",9,0.94035409187374486,0.0043396298477220707,106,105
fixed_test,7,1,apriori|2|10,"370712b, ac370000",0,0.94035409187374486,0.023958790797592666,107,107
fixed_test,7,1,apriori|2|10,"370712b, ac370000",1,0.94035409187374486,0.02469003354664312,107,106
fixed_test,7,1,apriori|2|10,"370712b, ac370000",2,0.94035409187374486,0.015319373360765387,107,106
fixed_test,7,1,apriori|2|10,"370712b, ac370000",3,0.94035409187374486,0.023958790797592666,107,106
fixed_test,7,1,apriori|2|10,"370712b, ac370000",4,0.94035409187374486,0.0097333791688820614,107,105
fixed_test,7,1,apriori|2|10,"370712b, ac370000",5,0.94035409187374486,0.028983664374285012,107,106
fixed_test,7,1,apriori|2|10,"370712b, ac370000",6,0.94035409187374486,0.029778946171120313,107,107
fixed_test,7,1,apriori|2|10,"370712b, ac370000",7,0.94035409187374486,0.028983664374285012,107,106
fixed_test,7,1,apriori|2|10,"370712b, ac370000",8,0.94035409187374486,0.023269981901703818,107,107
fixed_test,7,1,apriori|2|10,"370712b, ac370000",9,0.94035409187374486,0.02469003354664312,107,107
fixed_test,7,1,apriori|3|01,"370407, ac370000, ac370419",0,0.94035409187374486,0.027528880673656109,108,108
fixed_test,7,1,apriori|3|01,"370407, ac370000, ac370419",1,0.94035409187374486,0.014669379806054095,108,108
fixed_test,7,1,apriori|3|01,"370407, ac370000, ac370419",2,0.94035409187374486,0.039192088728738916,108,108
fixed_test,7,1,apriori|3|01,"370407, ac370000, ac370419",3,0.94035409187374486,0.010324807005750225,108,108
fixed_test,7,1,apriori|3|01,"370407, ac370000, ac370419",4,0.94035409187374486,0.023958790797592666,108,108
fixed_test,7,1,apriori|3|01,"370407, ac370000, ac370419",5,0.94035409187374486,0.019654235690017563,108,108
fixed_test,7,1,apriori|3|01,"370407, ac370000, ac370419",6,0.94035409187374486,0.010324807005750225,108,108
fixed_test,7,1,apriori|3|01,"370407, ac370000, ac370419",7,0.94035409187374486,0.034923237290347964,108,108
fixed_test,7,1,apriori|3|01,"370407, ac370000, ac370419",8,0.94035409187374486,0.015319373360765387,108,108
fixed_test,7,1,apriori|3|01,"370407, ac370000, ac370419",9,0.94035409187374486,0.03406069373252063,108,108
fixed_test,7,1,apriori|3|02,"ac370000, ac370419, ac370443",0,0.94035409187374486,0.020365803613501821,107,107
fixed_test,7,1,apriori|3|02,"ac370000, ac370419, ac370443",1,0.94035409187374486,0.03324820178913146,107,107
fixed_test,7,1,apriori|3|02,"ac370000, ac370419, ac370443",2,0.94035409187374486,0.029778946171120313,107,107
fixed_test,7,1,apriori|3|02,"ac370000, ac370419, ac370443",3,0.94035409187374486,0.032482858571477147,107,107
fixed_test,7,1,apriori|3|02,"ac370000, ac370419, ac370443",4,0.94035409187374486,0.03324820178913146,107,107
fixed_test,7,1,apriori|3|02,"ac370000, ac370419, ac370443",5,0.94035409187374486,0.0140571052319306,107,107
fixed_test,7,1,apriori|3|02,"ac370000, ac370419, ac370443",6,0.94035409187374486,0.015319373360765387,107,107
fixed_test,7,1,apriori|3|02,"ac370000, ac370419, ac370443",7,0.94035409187374486,0.023958790797592666,107,107
fixed_test,7,1,apriori|3|02,"ac370000, ac370419, ac370443",8,0.94035409187374486,0.019654235690017563,107,107
fixed_test,7,1,apriori|3|02,"ac370000, ac370419, ac370443",9,0.94035409187374486,0.029778946171120313,107,107
fixed_test,7,1,apriori|3|03,"ac370000, ac370442, ac370443",0,0.94035409187374486,0.028983664374285012,105,105
fixed_test,7,1,apriori|3|03,"ac370000, ac370442, ac370443",1,0.94035409187374486,0.0140571052319306,105,105
fixed_test,7,1,apriori|3|03,"ac370000, ac370442, ac370443",2,0.94035409187374486,0.029778946171120313,105,105
fixed_test,7,1,apriori|3|03,"ac370000, ac370442, ac370443",3,0.94035409187374486,0.014669379806054095,105,105
fixed_test,7,1,apriori|3|03,"ac370000, ac370442, ac370443",4,0.94035409187374486,0.019654235690017563,105,105
fixed_test,7,1,apriori|3|03,"ac370000, ac370442, ac370443",5,0.94035409187374486,0.032482858571477147,105,105
fixed_test,7,1,apriori|3|03,"ac370000, ac370442, ac370443",6,0.94035409187374486,0.02469003354664312,105,105
fixed_test,7,1,apriori|3|03,"ac370000, ac370442, ac370443",7,0.94035409187374486,0.028983664374285012,105,105
fixed_test,7,1,apriori|3|03,"ac370000, ac370442, ac370443",8,0.94035409187374486,0.010324807005750225,105,105
fixed_test,7,1,apriori|3|03,"ac370000, ac370442, ac370443",9,0.94035409187374486,0.023958790797592666,105,105
fixed_test,7,1,apriori|3|04,"ac370000, ac370419, ac370442",0,0.94035409187374486,0.015319373360765387,105,105
fixed_test,7,1,apriori|3|04,"ac370000, ac370419, ac370442",1,0.94035409187374486,0.019654235690017563,105,105
fixed_test,7,1,apriori|3|04,"ac370000, ac370419, ac370442",2,0.94035409187374486,0.018983950808233563,105,105
fixed_test,7,1,apriori|3|04,"ac370000, ac370419, ac370442",3,0.94035409187374486,0.02469003354664312,105,105
fixed_test,7,1,apriori|3|04,"ac370000, ac370419, ac370442",4,0.94035409187374486,0.018983950808233563,105,105
fixed_test,7,1,apriori|3|04,"ac370000, ac370419, ac370442",5,0.94035409187374486,0.02469003354664312,105,104
fixed_test,7,1,apriori|3|04,"ac370000, ac370419, ac370442",6,0.94035409187374486,0.028234522447585175,105,105
fixed_test,7,1,apriori|3|04,"ac370000, ac370419, ac370442",7,0.94035409187374486,0.028983664374285012,105,105
fixed_test,7,1,apriori|3|04,"ac370000, ac370419, ac370442",8,0.94035409187374486,0.029778946171120313,105,105
fixed_test,7,1,apriori|3|04,"ac370000, ac370419, ac370442",9,0.94035409187374486,0.02469003354664312,105,105
fixed_test,7,1,apriori|3|05,"ac370419, ac370442, ac370443",0,0.94035409187374486,-0.0048011612914173885,105,105
fixed_test,7,1,apriori|3|05,"ac370419, ac370442, ac370443",1,0.94035409187374486,-0.0091762935578852955,105,105
fixed_test,7,1,apriori|3|05,"ac370419, ac370442, ac370443",2,0.94035409187374486,0.0043396298477220707,105,105
fixed_test,7,1,apriori|3|05,"ac370419, ac370442, ac370443",3,0.94035409187374486,-0.00045470110896117522,105,105
fixed_test,7,1,apriori|3|05,"ac370419, ac370442, ac370443",4,0.94035409187374486,-0.0043686481076158357,105,105
fixed_test,7,1,apriori|3|05,"ac370419, ac370442, ac370443",5,0.94035409187374486,-0.0091762935578852955,105,105
fixed_test,7,1,apriori|3|05,"ac370419, ac370442, ac370443",6,0.94035409187374486,0.00048280752953033801,105,105
fixed_test,7,1,apriori|3|05,"ac370419, ac370442, ac370443",7,0.94035409187374486,-0.0048011612914173885,105,105
fixed_test,7,1,apriori|3|05,"ac370419, ac370442, ac370443",8,0.94035409187374486,-0.0091762935578852955,105,105
fixed_test,7,1,apriori|3|05,"ac370419, ac370442, ac370443",9,0.94035409187374486,0,105,105
fixed_test,7,1,apriori|3|06,"370407, ac370000, ac370443",0,0.94035409187374486,0.038313093058552461,106,106
fixed_test,7,1,apriori|3|06,"370407, ac370000, ac370443",1,0.94035409187374486,0.014669379806054095,106,105
fixed_test,7,1,apriori|3|06,"370407, ac370000, ac370443",2,0.94035409187374486,0.0140571052319306,106,106
fixed_test,7,1,apriori|3|06,"370407, ac370000, ac370443",3,0.94035409187374486,0.03324820178913146,106,106
fixed_test,7,1,apriori|3|06,"370407, ac370000, ac370443",4,0.94035409187374486,0.03324820178913146,106,106
fixed_test,7,1,apriori|3|06,"370407, ac370000, ac370443",5,0.94035409187374486,0.029778946171120313,106,106
fixed_test,7,1,apriori|3|06,"370407, ac370000, ac370443",6,0.94035409187374486,0.018983950808233563,106,106
fixed_test,7,1,apriori|3|06,"370407, ac370000, ac370443",7,0.94035409187374486,0.03324820178913146,106,106
fixed_test,7,1,apriori|3|06,"370407, ac370000, ac370443",8,0.94035409187374486,0.039192088728738916,106,106
fixed_test,7,1,apriori|3|06,"370407, ac370000, ac370443",9,0.94035409187374486,0.0097333791688820614,106,106
fixed_test,7,1,apriori|3|07,"370407, ac370419, ac370443",0,0.94035409187374486,0.0140571052319306,106,106
fixed_test,7,1,apriori|3|07,"370407, ac370419, ac370443",1,0.94035409187374486,0.0048442285621573822,106,106
fixed_test,7,1,apriori|3|07,"370407, ac370419, ac370443",2,0.94035409187374486,-0.00045470110896117522,106,106
fixed_test,7,1,apriori|3|07,"370407, ac370419, ac370443",3,0.94035409187374486,0,106,106
fixed_test,7,1,apriori|3|07,"370407, ac370419, ac370443",4,0.94035409187374486,0,106,106
fixed_test,7,1,apriori|3|07,"370407, ac370419, ac370443",5,0.94035409187374486,0,106,106
fixed_test,7,1,apriori|3|07,"370407, ac370419, ac370443",6,0.94035409187374486,0,106,106
fixed_test,7,1,apriori|3|07,"370407, ac370419, ac370443",7,0.94035409187374486,-0.0048011612914173885,106,106
fixed_test,7,1,apriori|3|07,"370407, ac370419, ac370443",8,0.94035409187374486,-0.00045470110896117522,106,106
fixed_test,7,1,apriori|3|07,"370407, ac370419, ac370443",9,0.94035409187374486,0,106,106
fixed_test,7,1,apriori|3|08,"370407, ac370000, ac370442",0,0.94035409187374486,0.03324820178913146,104,103
fixed_test,7,1,apriori|3|08,"370407, ac370000, ac370442",1,0.94035409187374486,0.034923237290347964,104,104
fixed_test,7,1,apriori|3|08,"370407, ac370000, ac370442",2,0.94035409187374486,0.028983664374285012,104,104
fixed_test,7,1,apriori|3|08,"370407, ac370000, ac370442",3,0.94035409187374486,0.028234522447585175,104,104
fixed_test,7,1,apriori|3|08,"370407, ac370000, ac370442",4,0.94035409187374486,0.023958790797592666,104,104
fixed_test,7,1,apriori|3|08,"370407, ac370000, ac370442",5,0.94035409187374486,0.014669379806054095,104,104
fixed_test,7,1,apriori|3|08,"370407, ac370000, ac370442",6,0.94035409187374486,0.019654235690017563,104,104
fixed_test,7,1,apriori|3|08,"370407, ac370000, ac370442",7,0.94035409187374486,0.043431353918398141,104,104
fixed_test,7,1,apriori|3|08,"370407, ac370000, ac370442",8,0.94035409187374486,0.03406069373252063,104,104
fixed_test,7,1,apriori|3|08,"370407, ac370000, ac370442",9,0.94035409187374486,0.019654235690017563,104,104
fixed_test,7,1,apriori|3|09,"370407, ac370419, ac370442",0,0.94035409187374486,-0.0091762935578852955,104,104
fixed_test,7,1,apriori|3|09,"370407, ac370419, ac370442",1,0.94035409187374486,0,104,104
fixed_test,7,1,apriori|3|09,"370407, ac370419, ac370442",2,0.94035409187374486,0.0043396298477220707,104,104
fixed_test,7,1,apriori|3|09,"370407, ac370419, ac370442",3,0.94035409187374486,0.0086516384321609907,104,104
fixed_test,7,1,apriori|3|09,"370407, ac370419, ac370442",4,0.94035409187374486,0.0043396298477220707,104,104
fixed_test,7,1,apriori|3|09,"370407, ac370419, ac370442",5,0.94035409187374486,0.0081576573536085162,104,104
fixed_test,7,1,apriori|3|09,"370407, ac370419, ac370442",6,0.94035409187374486,-0.013941952430556959,104,104
fixed_test,7,1,apriori|3|09,"370407, ac370419, ac370442",7,0.94035409187374486,0,104,104
fixed_test,7,1,apriori|3|09,"370407, ac370419, ac370442",8,0.94035409187374486,-0.00045470110896117522,104,104
fixed_test,7,1,apriori|3|09,"370407, ac370419, ac370442",9,0.94035409187374486,-0.0043686481076158357,104,104
fixed_test,7,1,apriori|3|10,"370407, ac370442, ac370443",0,0.94035409187374486,-0.0048011612914173885,104,104
fixed_test,7,1,apriori|3|10,"370407, ac370442, ac370443",1,0.94035409187374486,-0.0091762935578852955,104,104
fixed_test,7,1,apriori|3|10,"370407, ac370442, ac370443",2,0.94035409187374486,0.0038644627096970918,104,104
fixed_test,7,1,apriori|3|10,"370407, ac370442, ac370443",3,0.94035409187374486,-0.00045470110896117522,104,104
fixed_test,7,1,apriori|3|10,"370407, ac370442, ac370443",4,0.94035409187374486,0,104,104
fixed_test,7,1,apriori|3|10,"370407, ac370442, ac370443",5,0.94035409187374486,0,104,104
fixed_test,7,1,apriori|3|10,"370407, ac370442, ac370443",6,0.94035409187374486,-0.0091762935578852955,104,104
fixed_test,7,1,apriori|3|10,"370407, ac370442, ac370443",7,0.94035409187374486,0.012937372829118776,104,104
fixed_test,7,1,apriori|3|10,"370407, ac370442, ac370443",8,0.94035409187374486,-0.0095610406500833411,104,104
fixed_test,7,1,apriori|3|10,"370407, ac370442, ac370443",9,0.94035409187374486,-0.0048011612914173885,104,104
fixed_test,7,1,impressed|1|01,ac419100,0,0.94035409187374486,-0.0052084474097247035,151,121
fixed_test,7,1,impressed|1|01,ac419100,1,0.94035409187374486,-0.0048011612914173885,151,115
fixed_test,7,1,impressed|1|01,ac419100,2,0.94035409187374486,-0.00045470110896117522,151,125
fixed_test,7,1,impressed|1|01,ac419100,3,0.94035409187374486,0.0038644627096970918,151,127
fixed_test,7,1,impressed|1|01,ac419100,4,0.94035409187374486,-0.0099232934410217188,151,109
fixed_test,7,1,impressed|1|01,ac419100,5,0.94035409187374486,-0.0091762935578852955,151,124
fixed_test,7,1,impressed|1|01,ac419100,6,0.94035409187374486,-0.0095610406500833411,151,118
fixed_test,7,1,impressed|1|01,ac419100,7,0.94035409187374486,-0.0091762935578852955,151,127
fixed_test,7,1,impressed|1|01,ac419100,8,0.94035409187374486,-0.0091762935578852955,151,120
fixed_test,7,1,impressed|1|01,ac419100,9,0.94035409187374486,-0.0048011612914173885,151,121
fixed_test,7,1,impressed|1|02,ac370000,0,0.94035409187374486,0.19085464316585277,138,138
fixed_test,7,1,impressed|1|02,ac370000,1,0.94035409187374486,0.16828409490475615,138,138
fixed_test,7,1,impressed|1|02,ac370000,2,0.94035409187374486,0.18237433792624902,138,133
fixed_test,7,1,impressed|1|02,ac370000,3,0.94035409187374486,0.14708130392512708,138,137
fixed_test,7,1,impressed|1|02,ac370000,4,0.94035409187374486,0.15005730157695463,138,137
fixed_test,7,1,impressed|1|02,ac370000,5,0.94035409187374486,0.15080647974548755,138,138
fixed_test,7,1,impressed|1|02,ac370000,6,0.94035409187374486,0.15768269941494162,138,137
fixed_test,7,1,impressed|1|02,ac370000,7,0.94035409187374486,0.18316833468798766,138,136
fixed_test,7,1,impressed|1|02,ac370000,8,0.94035409187374486,0.15401007023560553,138,137
fixed_test,7,1,impressed|1|02,ac370000,9,0.94035409187374486,0.1942053457249987,138,138
fixed_test,7,1,impressed|1|03,ac415100,0,0.94035409187374486,-0.00045470110896117522,46,42
fixed_test,7,1,impressed|1|03,ac415100,1,0.94035409187374486,-0.0091762935578852955,46,43
fixed_test,7,1,impressed|1|03,ac415100,2,0.94035409187374486,-0.0048011612914173885,46,43
fixed_test,7,1,impressed|1|03,ac415100,3,0.94035409187374486,-0.00045470110896117522,46,40
fixed_test,7,1,impressed|1|03,ac415100,4,0.94035409187374486,0.0038644627096970918,46,41
fixed_test,7,1,impressed|1|03,ac415100,5,0.94035409187374486,0.0038644627096970918,46,38
fixed_test,7,1,impressed|1|03,ac415100,6,0.94035409187374486,-0.00045470110896117522,46,41
fixed_test,7,1,impressed|1|03,ac415100,7,0.94035409187374486,-0.0048011612914173885,46,41
fixed_test,7,1,impressed|1|03,ac415100,8,0.94035409187374486,-0.0043686481076158357,46,42
fixed_test,7,1,impressed|1|03,ac415100,9,0.94035409187374486,-0.0091762935578852955,46,43
fixed_test,7,1,impressed|1|04,ac10307,0,0.94035409187374486,0.0048442285621573822,30,23
fixed_test,7,1,impressed|1|04,ac10307,1,0.94035409187374486,0.0048442285621573822,30,28
fixed_test,7,1,impressed|1|04,ac10307,2,0.94035409187374486,0.0048442285621573822,30,28
fixed_test,7,1,impressed|1|04,ac10307,3,0.94035409187374486,0.0048442285621573822,30,26
fixed_test,7,1,impressed|1|04,ac10307,4,0.94035409187374486,0.0043396298477220707,30,27
fixed_test,7,1,impressed|1|04,ac10307,5,0.94035409187374486,0.0048442285621573822,30,24
fixed_test,7,1,impressed|1|04,ac10307,6,0.94035409187374486,-0.0048011612914173885,30,22
fixed_test,7,1,impressed|1|04,ac10307,7,0.94035409187374486,0.0048442285621573822,30,23
fixed_test,7,1,impressed|1|04,ac10307,8,0.94035409187374486,0.0048442285621573822,30,27
fixed_test,7,1,impressed|1|04,ac10307,9,0.94035409187374486,0.0048442285621573822,30,25
fixed_test,7,1,impressed|1|05,ac355427,0,0.94035409187374486,0,6,6
fixed_test,7,1,impressed|1|05,ac355427,1,0.94035409187374486,0,6,4
fixed_test,7,1,impressed|1|05,ac355427,2,0.94035409187374486,0,6,4
fixed_test,7,1,impressed|1|05,ac355427,3,0.94035409187374486,0,6,6
fixed_test,7,1,impressed|1|05,ac355427,4,0.94035409187374486,0,6,5
fixed_test,7,1,impressed|1|05,ac355427,5,0.94035409187374486,0,6,3
fixed_test,7,1,impressed|1|05,ac355427,6,0.94035409187374486,0,6,5
fixed_test,7,1,impressed|1|05,ac355427,7,0.94035409187374486,0,6,4
fixed_test,7,1,impressed|1|05,ac355427,8,0.94035409187374486,0,6,5
fixed_test,7,1,impressed|1|05,ac355427,9,0.94035409187374486,0,6,4
fixed_test,7,1,impressed|1|06,ac388170,0,0.94035409187374486,0,0,0
fixed_test,7,1,impressed|1|06,ac388170,1,0.94035409187374486,0,0,0
fixed_test,7,1,impressed|1|06,ac388170,2,0.94035409187374486,0,0,0
fixed_test,7,1,impressed|1|06,ac388170,3,0.94035409187374486,0,0,0
fixed_test,7,1,impressed|1|06,ac388170,4,0.94035409187374486,0,0,0
fixed_test,7,1,impressed|1|06,ac388170,5,0.94035409187374486,0,0,0
fixed_test,7,1,impressed|1|06,ac388170,6,0.94035409187374486,0,0,0
fixed_test,7,1,impressed|1|06,ac388170,7,0.94035409187374486,0,0,0
fixed_test,7,1,impressed|1|06,ac388170,8,0.94035409187374486,0,0,0
fixed_test,7,1,impressed|1|06,ac388170,9,0.94035409187374486,0,0,0
fixed_test,7,1,impressed|1|07,387070a,0,0.94035409187374486,0,0,0
fixed_test,7,1,impressed|1|07,387070a,1,0.94035409187374486,0,0,0
fixed_test,7,1,impressed|1|07,387070a,2,0.94035409187374486,0,0,0
fixed_test,7,1,impressed|1|07,387070a,3,0.94035409187374486,0,0,0
fixed_test,7,1,impressed|1|07,387070a,4,0.94035409187374486,0,0,0
fixed_test,7,1,impressed|1|07,387070a,5,0.94035409187374486,0,0,0
fixed_test,7,1,impressed|1|07,387070a,6,0.94035409187374486,0,0,0
fixed_test,7,1,impressed|1|07,387070a,7,0.94035409187374486,0,0,0
fixed_test,7,1,impressed|1|07,387070a,8,0.94035409187374486,0,0,0
fixed_test,7,1,impressed|1|07,387070a,9,0.94035409187374486,0,0,0
fixed_test,7,1,impressed|1|08,ac370402,0,0.94035409187374486,-0.0091762935578852955,96,93
fixed_test,7,1,impressed|1|08,ac370402,1,0.94035409187374486,-0.0043686481076158357,96,93
fixed_test,7,1,impressed|1|08,ac370402,2,0.94035409187374486,-0.0091762935578852955,96,90
fixed_test,7,1,impressed|1|08,ac370402,3,0.94035409187374486,-0.0091762935578852955,96,90
fixed_test,7,1,impressed|1|08,ac370402,4,0.94035409187374486,0,96,91
fixed_test,7,1,impressed|1|08,ac370402,5,0.94035409187374486,-0.0043686481076158357,96,93
fixed_test,7,1,impressed|1|08,ac370402,6,0.94035409187374486,-0.0048011612914173885,96,89
fixed_test,7,1,impressed|1|08,ac370402,7,0.94035409187374486,-0.0048011612914173885,96,93
fixed_test,7,1,impressed|1|08,ac370402,8,0.94035409187374486,-0.0048011612914173885,96,93
fixed_test,7,1,impressed|1|08,ac370402,9,0.94035409187374486,-0.0091762935578852955,96,90
fixed_test,7,1,impressed|1|09,370488g,0,0.94035409187374486,0,98,96
fixed_test,7,1,impressed|1|09,370488g,1,0.94035409187374486,0,98,97
fixed_test,7,1,impressed|1|09,370488g,2,0.94035409187374486,-0.0048011612914173885,98,92
fixed_test,7,1,impressed|1|09,370488g,3,0.94035409187374486,-0.0048011612914173885,98,86
fixed_test,7,1,impressed|1|09,370488g,4,0.94035409187374486,0.0043396298477220707,98,89
fixed_test,7,1,impressed|1|09,370488g,5,0.94035409187374486,-0.0048011612914173885,98,93
fixed_test,7,1,impressed|1|09,370488g,6,0.94035409187374486,-0.0043686481076158357,98,97
fixed_test,7,1,impressed|1|09,370488g,7,0.94035409187374486,0,98,93
fixed_test,7,1,impressed|1|09,370488g,8,0.94035409187374486,0.00048280752953033801,98,92
fixed_test,7,1,impressed|1|09,370488g,9,0.94035409187374486,-0.00045470110896117522,98,93
fixed_test,7,1,impressed|1|10,370488e,0,0.94035409187374486,0.00048280752953033801,100,94
fixed_test,7,1,impressed|1|10,370488e,1,0.94035409187374486,0,100,96
fixed_test,7,1,impressed|1|10,370488e,2,0.94035409187374486,-0.0043686481076158357,100,95
fixed_test,7,1,impressed|1|10,370488e,3,0.94035409187374486,0,100,95
fixed_test,7,1,impressed|1|10,370488e,4,0.94035409187374486,-0.0091762935578852955,100,94
fixed_test,7,1,impressed|1|10,370488e,5,0.94035409187374486,-0.0048011612914173885,100,92
fixed_test,7,1,impressed|1|10,370488e,6,0.94035409187374486,-0.0043686481076158357,100,94
fixed_test,7,1,impressed|1|10,370488e,7,0.94035409187374486,-0.0048011612914173885,100,95
fixed_test,7,1,impressed|1|10,370488e,8,0.94035409187374486,0.0043396298477220707,100,94
fixed_test,7,1,impressed|1|10,370488e,9,0.94035409187374486,-0.0043686481076158357,100,93
fixed_test,7,1,impressed|2|01,"ac370000, ac370402",0,0.94035409187374486,0.02469003354664312,96,96
fixed_test,7,1,impressed|2|01,"ac370000, ac370402",1,0.94035409187374486,0.035839004774388061,96,96
fixed_test,7,1,impressed|2|01,"ac370000, ac370402",2,0.94035409187374486,0.0048442285621573822,96,96
fixed_test,7,1,impressed|2|01,"ac370000, ac370402",3,0.94035409187374486,0.010324807005750225,96,93
fixed_test,7,1,impressed|2|01,"ac370000, ac370402",4,0.94035409187374486,0.0053799688145154123,96,96
fixed_test,7,1,impressed|2|01,"ac370000, ac370402",5,0.94035409187374486,0.010324807005750225,96,96
fixed_test,7,1,impressed|2|01,"ac370000, ac370402",6,0.94035409187374486,0.0097333791688820614,96,96
fixed_test,7,1,impressed|2|01,"ac370000, ac370402",7,0.94035409187374486,0.020365803613501821,96,96
fixed_test,7,1,impressed|2|01,"ac370000, ac370402",8,0.94035409187374486,0.019654235690017563,96,96
fixed_test,7,1,impressed|2|01,"ac370000, ac370402",9,0.94035409187374486,0.0306232500966932,96,96
fixed_test,7,1,impressed|2|02,"370401c, ac370000",0,0.94035409187374486,0.025466322748687542,99,99
fixed_test,7,1,impressed|2|02,"370401c, ac370000",1,0.94035409187374486,0.046457206811470697,99,99
fixed_test,7,1,impressed|2|02,"370401c, ac370000",2,0.94035409187374486,0.025466322748687542,99,98
fixed_test,7,1,impressed|2|02,"370401c, ac370000",3,0.94035409187374486,0.029778946171120313,99,97
fixed_test,7,1,impressed|2|02,"370401c, ac370000",4,0.94035409187374486,0.04538749606445236,99,99
fixed_test,7,1,impressed|2|02,"370401c, ac370000",5,0.94035409187374486,0.054935987354516769,99,99
fixed_test,7,1,impressed|2|02,"370401c, ac370000",6,0.94035409187374486,0.051865045724531655,99,99
fixed_test,7,1,impressed|2|02,"370401c, ac370000",7,0.94035409187374486,0.04538749606445236,99,98
fixed_test,7,1,impressed|2|02,"370401c, ac370000",8,0.94035409187374486,0.046457206811470697,99,99
fixed_test,7,1,impressed|2|02,"370401c, ac370000",9,0.94035409187374486,0.035839004774388061,99,99
fixed_test,7,1,impressed|2|03,"ac370000, ac370403",0,0.94035409187374486,0.015319373360765387,100,99
fixed_test,7,1,impressed|2|03,"ac370000, ac370403",1,0.94035409187374486,0.034923237290347964,100,99
fixed_test,7,1,impressed|2|03,"ac370000, ac370403",2,0.94035409187374486,0.013480420986861641,100,100
fixed_test,7,1,impressed|2|03,"ac370000, ac370403",3,0.94035409187374486,0.023269981901703818,100,100
fixed_test,7,1,impressed|2|03,"ac370000, ac370403",4,0.94035409187374486,0.010324807005750225,100,98
fixed_test,7,1,impressed|2|03,"ac370000, ac370403",5,0.94035409187374486,0.015319373360765387,100,99
fixed_test,7,1,impressed|2|03,"ac370000, ac370403",6,0.94035409187374486,0.014669379806054095,100,99
fixed_test,7,1,impressed|2|03,"ac370000, ac370403",7,0.94035409187374486,0.010324807005750225,100,99
fixed_test,7,1,impressed|2|03,"ac370000, ac370403",8,0.94035409187374486,0.014669379806054095,100,97
fixed_test,7,1,impressed|2|03,"ac370000, ac370403",9,0.94035409187374486,0.020365803613501821,100,100
fixed_test,7,1,impressed|2|04,"ac411100, ac419100",0,0.94035409187374486,-0.0091762935578852955,85,73
fixed_test,7,1,impressed|2|04,"ac411100, ac419100",1,0.94035409187374486,-0.0048011612914173885,85,76
fixed_test,7,1,impressed|2|04,"ac411100, ac419100",2,0.94035409187374486,-0.0048011612914173885,85,75
fixed_test,7,1,impressed|2|04,"ac411100, ac419100",3,0.94035409187374486,-0.0048011612914173885,85,73
fixed_test,7,1,impressed|2|04,"ac411100, ac419100",4,0.94035409187374486,-0.0095610406500833411,85,76
fixed_test,7,1,impressed|2|04,"ac411100, ac419100",5,0.94035409187374486,-0.00045470110896117522,85,78
fixed_test,7,1,impressed|2|04,"ac411100, ac419100",6,0.94035409187374486,-0.0091762935578852955,85,73
fixed_test,7,1,impressed|2|04,"ac411100, ac419100",7,0.94035409187374486,-0.0048011612914173885,85,79
fixed_test,7,1,impressed|2|04,"ac411100, ac419100",8,0.94035409187374486,-0.0091762935578852955,85,76
fixed_test,7,1,impressed|2|04,"ac411100, ac419100",9,0.94035409187374486,-0.00045470110896117522,85,75
fixed_test,7,1,impressed|2|05,"ac411100, ac415100",0,0.94035409187374486,-0.00045470110896117522,40,39
fixed_test,7,1,impressed|2|05,"ac411100, ac415100",1,0.94035409187374486,-0.0048011612914173885,40,36
fixed_test,7,1,impressed|2|05,"ac411100, ac415100",2,0.94035409187374486,-0.00045470110896117522,40,39
fixed_test,7,1,impressed|2|05,"ac411100, ac415100",3,0.94035409187374486,-0.0048011612914173885,40,38
fixed_test,7,1,impressed|2|05,"ac411100, ac415100",4,0.94035409187374486,-0.0048011612914173885,40,35
fixed_test,7,1,impressed|2|05,"ac411100, ac415100",5,0.94035409187374486,-0.00045470110896117522,40,37
fixed_test,7,1,impressed|2|05,"ac411100, ac415100",6,0.94035409187374486,-0.00045470110896117522,40,39
fixed_test,7,1,impressed|2|05,"ac411100, ac415100",7,0.94035409187374486,-0.00045470110896117522,40,38
fixed_test,7,1,impressed|2|05,"ac411100, ac415100",8,0.94035409187374486,-0.0091762935578852955,40,38
fixed_test,7,1,impressed|2|05,"ac411100, ac415100",9,0.94035409187374486,-0.0048011612914173885,40,39
fixed_test,7,1,impressed|2|06,"ac415100, ac419100",0,0.94035409187374486,-0.0048011612914173885,44,42
fixed_test,7,1,impressed|2|06,"ac415100, ac419100",1,0.94035409187374486,-0.0043686481076158357,44,42
fixed_test,7,1,impressed|2|06,"ac415100, ac419100",2,0.94035409187374486,-0.0048011612914173885,44,42
fixed_test,7,1,impressed|2|06,"ac415100, ac419100",3,0.94035409187374486,-0.00045470110896117522,44,39
fixed_test,7,1,impressed|2|06,"ac415100, ac419100",4,0.94035409187374486,-0.0048011612914173885,44,42
fixed_test,7,1,impressed|2|06,"ac415100, ac419100",5,0.94035409187374486,-0.0048011612914173885,44,41
fixed_test,7,1,impressed|2|06,"ac415100, ac419100",6,0.94035409187374486,-0.00045470110896117522,44,42
fixed_test,7,1,impressed|2|06,"ac415100, ac419100",7,0.94035409187374486,-0.0048011612914173885,44,42
fixed_test,7,1,impressed|2|06,"ac415100, ac419100",8,0.94035409187374486,-0.0048011612914173885,44,39
fixed_test,7,1,impressed|2|06,"ac415100, ac419100",9,0.94035409187374486,-0.00045470110896117522,44,38
fixed_test,7,1,impressed|2|07,"ac10307, ac411100",0,0.94035409187374486,0,28,27
fixed_test,7,1,impressed|2|07,"ac10307, ac411100",1,0.94035409187374486,0.0043396298477220707,28,27
fixed_test,7,1,impressed|2|07,"ac10307, ac411100",2,0.94035409187374486,0.0086516384321609907,28,27
fixed_test,7,1,impressed|2|07,"ac10307, ac411100",3,0.94035409187374486,0.0038644627096970918,28,27
fixed_test,7,1,impressed|2|07,"ac10307, ac411100",4,0.94035409187374486,0,28,28
fixed_test,7,1,impressed|2|07,"ac10307, ac411100",5,0.94035409187374486,0,28,28
fixed_test,7,1,impressed|2|07,"ac10307, ac411100",6,0.94035409187374486,0.0043396298477220707,28,27
fixed_test,7,1,impressed|2|07,"ac10307, ac411100",7,0.94035409187374486,-0.0048011612914173885,28,27
fixed_test,7,1,impressed|2|07,"ac10307, ac411100",8,0.94035409187374486,0,28,27
fixed_test,7,1,impressed|2|07,"ac10307, ac411100",9,0.94035409187374486,0,28,27
fixed_test,7,1,impressed|2|08,"ac10307, ac419100",0,0.94035409187374486,-0.00045470110896117522,27,26
fixed_test,7,1,impressed|2|08,"ac10307, ac419100",1,0.94035409187374486,-0.0048011612914173885,27,26
fixed_test,7,1,impressed|2|08,"ac10307, ac419100",2,0.94035409187374486,0,27,26
fixed_test,7,1,impressed|2|08,"ac10307, ac419100",3,0.94035409187374486,0.0043396298477220707,27,25
fixed_test,7,1,impressed|2|08,"ac10307, ac419100",4,0.94035409187374486,0,27,27
fixed_test,7,1,impressed|2|08,"ac10307, ac419100",5,0.94035409187374486,-0.0091762935578852955,27,27
fixed_test,7,1,impressed|2|08,"ac10307, ac419100",6,0.94035409187374486,0,27,26
fixed_test,7,1,impressed|2|08,"ac10307, ac419100",7,0.94035409187374486,-0.00045470110896117522,27,27
fixed_test,7,1,impressed|2|08,"ac10307, ac419100",8,0.94035409187374486,-0.0048011612914173885,27,24
fixed_test,7,1,impressed|2|08,"ac10307, ac419100",9,0.94035409187374486,0.0086516384321609907,27,25
fixed_test,7,1,impressed|2|09,"ac10307, ac415100",0,0.94035409187374486,0,14,14
fixed_test,7,1,impressed|2|09,"ac10307, ac415100",1,0.94035409187374486,0,14,13
fixed_test,7,1,impressed|2|09,"ac10307, ac415100",2,0.94035409187374486,0,14,14
fixed_test,7,1,impressed|2|09,"ac10307, ac415100",3,0.94035409187374486,0,14,14
fixed_test,7,1,impressed|2|09,"ac10307, ac415100",4,0.94035409187374486,0,14,13
fixed_test,7,1,impressed|2|09,"ac10307, ac415100",5,0.94035409187374486,0,14,14
fixed_test,7,1,impressed|2|09,"ac10307, ac415100",6,0.94035409187374486,0,14,14
fixed_test,7,1,impressed|2|09,"ac10307, ac415100",7,0.94035409187374486,0.0043396298477220707,14,14
fixed_test,7,1,impressed|2|09,"ac10307, ac415100",8,0.94035409187374486,0,14,13
fixed_test,7,1,impressed|2|09,"ac10307, ac415100",9,0.94035409187374486,0,14,14
fixed_test,7,1,impressed|2|10,"ac355201, ac415100",0,0.94035409187374486,0,5,5
fixed_test,7,1,impressed|2|10,"ac355201, ac415100",1,0.94035409187374486,0,5,4
fixed_test,7,1,impressed|2|10,"ac355201, ac415100",2,0.94035409187374486,0,5,5
fixed_test,7,1,impressed|2|10,"ac355201, ac415100",3,0.94035409187374486,0,5,5
fixed_test,7,1,impressed|2|10,"ac355201, ac415100",4,0.94035409187374486,0,5,5
fixed_test,7,1,impressed|2|10,"ac355201, ac415100",5,0.94035409187374486,0,5,5
fixed_test,7,1,impressed|2|10,"ac355201, ac415100",6,0.94035409187374486,0,5,5
fixed_test,7,1,impressed|2|10,"ac355201, ac415100",7,0.94035409187374486,0,5,5
fixed_test,7,1,impressed|2|10,"ac355201, ac415100",8,0.94035409187374486,0,5,5
fixed_test,7,1,impressed|2|10,"ac355201, ac415100",9,0.94035409187374486,0,5,4
fixed_test,7,1,impressed|3|01,"ac411100, ac415100, ac419100",0,0.94035409187374486,-0.0048011612914173885,37,35
fixed_test,7,1,impressed|3|01,"ac411100, ac415100, ac419100",1,0.94035409187374486,-0.00045470110896117522,37,33
fixed_test,7,1,impressed|3|01,"ac411100, ac415100, ac419100",2,0.94035409187374486,-0.00045470110896117522,37,35
fixed_test,7,1,impressed|3|01,"ac411100, ac415100, ac419100",3,0.94035409187374486,0.0038644627096970918,37,35
fixed_test,7,1,impressed|3|01,"ac411100, ac415100, ac419100",4,0.94035409187374486,0.0038644627096970918,37,36
fixed_test,7,1,impressed|3|01,"ac411100, ac415100, ac419100",5,0.94035409187374486,-0.0048011612914173885,37,34
fixed_test,7,1,impressed|3|01,"ac411100, ac415100, ac419100",6,0.94035409187374486,0.0081576573536085162,37,34
fixed_test,7,1,impressed|3|01,"ac411100, ac415100, ac419100",7,0.94035409187374486,0.0038644627096970918,37,34
fixed_test,7,1,impressed|3|01,"ac411100, ac415100, ac419100",8,0.94035409187374486,-0.00045470110896117522,37,34
fixed_test,7,1,impressed|3|01,"ac411100, ac415100, ac419100",9,0.94035409187374486,0.0038644627096970918,37,35
fixed_test,7,1,impressed|3|02,"ac10307, ac411100, ac419100",0,0.94035409187374486,0.0043396298477220707,26,24
fixed_test,7,1,impressed|3|02,"ac10307, ac411100, ac419100",1,0.94035409187374486,0.0043396298477220707,26,25
fixed_test,7,1,impressed|3|02,"ac10307, ac411100, ac419100",2,0.94035409187374486,-0.0048011612914173885,26,26
fixed_test,7,1,impressed|3|02,"ac10307, ac411100, ac419100",3,0.94035409187374486,-0.0043686481076158357,26,26
fixed_test,7,1,impressed|3|02,"ac10307, ac411100, ac419100",4,0.94035409187374486,-0.0048011612914173885,26,25
fixed_test,7,1,impressed|3|02,"ac10307, ac411100, ac419100",5,0.94035409187374486,0,26,25
fixed_test,7,1,impressed|3|02,"ac10307, ac411100, ac419100",6,0.94035409187374486,-0.0095610406500833411,26,25
fixed_test,7,1,impressed|3|02,"ac10307, ac411100, ac419100",7,0.94035409187374486,0,26,24
fixed_test,7,1,impressed|3|02,"ac10307, ac411100, ac419100",8,0.94035409187374486,0,26,26
fixed_test,7,1,impressed|3|02,"ac10307, ac411100, ac419100",9,0.94035409187374486,-0.00045470110896117522,26,26
fixed_test,7,1,impressed|3|03,"ac370000, ac411100, ac415100",0,0.94035409187374486,-0.0091762935578852955,23,23
fixed_test,7,1,impressed|3|03,"ac370000, ac411100, ac415100",1,0.94035409187374486,-0.0048011612914173885,23,23
fixed_test,7,1,impressed|3|03,"ac370000, ac411100, ac415100",2,0.94035409187374486,-0.0091762935578852955,23,23
fixed_test,7,1,impressed|3|03,"ac370000, ac411100, ac415100",3,0.94035409187374486,-0.0091762935578852955,23,23
fixed_test,7,1,impressed|3|03,"ac370000, ac411100, ac415100",4,0.94035409187374486,-0.00045470110896117522,23,23
fixed_test,7,1,impressed|3|03,"ac370000, ac411100, ac415100",5,0.94035409187374486,-0.0048011612914173885,23,23
fixed_test,7,1,impressed|3|03,"ac370000, ac411100, ac415100",6,0.94035409187374486,-0.0048011612914173885,23,23
fixed_test,7,1,impressed|3|03,"ac370000, ac411100, ac415100",7,0.94035409187374486,-0.0091762935578852955,23,23
fixed_test,7,1,impressed|3|03,"ac370000, ac411100, ac415100",8,0.94035409187374486,-0.0048011612914173885,23,23
fixed_test,7,1,impressed|3|03,"ac370000, ac411100, ac415100",9,0.94035409187374486,-0.0048011612914173885,23,23
fixed_test,7,1,impressed|3|04,"ac355201, ac415100, ac419100",0,0.94035409187374486,0,5,5
fixed_test,7,1,impressed|3|04,"ac355201, ac415100, ac419100",1,0.94035409187374486,0,5,5
fixed_test,7,1,impressed|3|04,"ac355201, ac415100, ac419100",2,0.94035409187374486,0,5,5
fixed_test,7,1,impressed|3|04,"ac355201, ac415100, ac419100",3,0.94035409187374486,0,5,5
fixed_test,7,1,impressed|3|04,"ac355201, ac415100, ac419100",4,0.94035409187374486,0,5,5
fixed_test,7,1,impressed|3|04,"ac355201, ac415100, ac419100",5,0.94035409187374486,0,5,5
fixed_test,7,1,impressed|3|04,"ac355201, ac415100, ac419100",6,0.94035409187374486,0,5,5
fixed_test,7,1,impressed|3|04,"ac355201, ac415100, ac419100",7,0.94035409187374486,0.0043396298477220707,5,5
fixed_test,7,1,impressed|3|04,"ac355201, ac415100, ac419100",8,0.94035409187374486,0,5,5
fixed_test,7,1,impressed|3|04,"ac355201, ac415100, ac419100",9,0.94035409187374486,0,5,5
fixed_test,7,1,impressed|3|05,"ac355201, ac411100, ac419100",0,0.94035409187374486,0,4,4
fixed_test,7,1,impressed|3|05,"ac355201, ac411100, ac419100",1,0.94035409187374486,0,4,4
fixed_test,7,1,impressed|3|05,"ac355201, ac411100, ac419100",2,0.94035409187374486,0,4,4
fixed_test,7,1,impressed|3|05,"ac355201, ac411100, ac419100",3,0.94035409187374486,0,4,4
fixed_test,7,1,impressed|3|05,"ac355201, ac411100, ac419100",4,0.94035409187374486,0,4,4
fixed_test,7,1,impressed|3|05,"ac355201, ac411100, ac419100",5,0.94035409187374486,0,4,4
fixed_test,7,1,impressed|3|05,"ac355201, ac411100, ac419100",6,0.94035409187374486,0,4,4
fixed_test,7,1,impressed|3|05,"ac355201, ac411100, ac419100",7,0.94035409187374486,0,4,4
fixed_test,7,1,impressed|3|05,"ac355201, ac411100, ac419100",8,0.94035409187374486,0,4,4
fixed_test,7,1,impressed|3|05,"ac355201, ac411100, ac419100",9,0.94035409187374486,0,4,4
fixed_test,7,1,impressed|3|06,"ac355427, ac415100, ac419100",0,0.94035409187374486,0,4,4
fixed_test,7,1,impressed|3|06,"ac355427, ac415100, ac419100",1,0.94035409187374486,0,4,4
fixed_test,7,1,impressed|3|06,"ac355427, ac415100, ac419100",2,0.94035409187374486,0,4,3
fixed_test,7,1,impressed|3|06,"ac355427, ac415100, ac419100",3,0.94035409187374486,0,4,4
fixed_test,7,1,impressed|3|06,"ac355427, ac415100, ac419100",4,0.94035409187374486,0,4,4
fixed_test,7,1,impressed|3|06,"ac355427, ac415100, ac419100",5,0.94035409187374486,0,4,3
fixed_test,7,1,impressed|3|06,"ac355427, ac415100, ac419100",6,0.94035409187374486,0,4,4
fixed_test,7,1,impressed|3|06,"ac355427, ac415100, ac419100",7,0.94035409187374486,0,4,4
fixed_test,7,1,impressed|3|06,"ac355427, ac415100, ac419100",8,0.94035409187374486,0,4,3
fixed_test,7,1,impressed|3|06,"ac355427, ac415100, ac419100",9,0.94035409187374486,0,4,4
fixed_test,7,1,impressed|3|07,"370407, ac10307, ac370000",0,0.94035409187374486,0.0091762935578852955,9,9
fixed_test,7,1,impressed|3|07,"370407, ac10307, ac370000",1,0.94035409187374486,0.0048442285621573822,9,9
fixed_test,7,1,impressed|3|07,"370407, ac10307, ac370000",2,0.94035409187374486,0.0091762935578852955,9,9
fixed_test,7,1,impressed|3|07,"370407, ac10307, ac370000",3,0.94035409187374486,0.0091762935578852955,9,9
fixed_test,7,1,impressed|3|07,"370407, ac10307, ac370000",4,0.94035409187374486,0.0091762935578852955,9,9
fixed_test,7,1,impressed|3|07,"370407, ac10307, ac370000",5,0.94035409187374486,0.0048442285621573822,9,9
fixed_test,7,1,impressed|3|07,"370407, ac10307, ac370000",6,0.94035409187374486,0.0091762935578852955,9,9
fixed_test,7,1,impressed|3|07,"370407, ac10307, ac370000",7,0.94035409187374486,0.0048442285621573822,9,9
fixed_test,7,1,impressed|3|07,"370407, ac10307, ac370000",8,0.94035409187374486,0.0091762935578852955,9,9
fixed_test,7,1,impressed|3|07,"370407, ac10307, ac370000",9,0.94035409187374486,0,9,9
fixed_test,7,1,impressed|3|08,"376400, ac370000, ac411100",0,0.94035409187374486,0,8,8
fixed_test,7,1,impressed|3|08,"376400, ac370000, ac411100",1,0.94035409187374486,-0.0048011612914173885,8,8
fixed_test,7,1,impressed|3|08,"376400, ac370000, ac411100",2,0.94035409187374486,0,8,8
fixed_test,7,1,impressed|3|08,"376400, ac370000, ac411100",3,0.94035409187374486,0,8,8
fixed_test,7,1,impressed|3|08,"376400, ac370000, ac411100",4,0.94035409187374486,0,8,8
fixed_test,7,1,impressed|3|08,"376400, ac370000, ac411100",5,0.94035409187374486,0,8,8
fixed_test,7,1,impressed|3|08,"376400, ac370000, ac411100",6,0.94035409187374486,0,8,8
fixed_test,7,1,impressed|3|08,"376400, ac370000, ac411100",7,0.94035409187374486,0,8,8
fixed_test,7,1,impressed|3|08,"376400, ac370000, ac411100",8,0.94035409187374486,0,8,8
fixed_test,7,1,impressed|3|08,"376400, ac370000, ac411100",9,0.94035409187374486,0,8,8
fixed_test,7,1,impressed|3|09,"ac410500, ac411100, ac415100",0,0.94035409187374486,0,0,0
fixed_test,7,1,impressed|3|09,"ac410500, ac411100, ac415100",1,0.94035409187374486,0,0,0
fixed_test,7,1,impressed|3|09,"ac410500, ac411100, ac415100",2,0.94035409187374486,0,0,0
fixed_test,7,1,impressed|3|09,"ac410500, ac411100, ac415100",3,0.94035409187374486,0,0,0
fixed_test,7,1,impressed|3|09,"ac410500, ac411100, ac415100",4,0.94035409187374486,0,0,0
fixed_test,7,1,impressed|3|09,"ac410500, ac411100, ac415100",5,0.94035409187374486,0,0,0
fixed_test,7,1,impressed|3|09,"ac410500, ac411100, ac415100",6,0.94035409187374486,0,0,0
fixed_test,7,1,impressed|3|09,"ac410500, ac411100, ac415100",7,0.94035409187374486,0,0,0
fixed_test,7,1,impressed|3|09,"ac410500, ac411100, ac415100",8,0.94035409187374486,0,0,0
fixed_test,7,1,impressed|3|09,"ac410500, ac411100, ac415100",9,0.94035409187374486,0,0,0
fixed_test,7,1,impressed|3|10,"ac379999, ac415100, ac419100",0,0.94035409187374486,0,27,27
fixed_test,7,1,impressed|3|10,"ac379999, ac415100, ac419100",1,0.94035409187374486,0.0086516384321609907,27,27
fixed_test,7,1,impressed|3|10,"ac379999, ac415100, ac419100",2,0.94035409187374486,0.0043396298477220707,27,26
fixed_test,7,1,impressed|3|10,"ac379999, ac415100, ac419100",3,0.94035409187374486,0,27,27
fixed_test,7,1,impressed|3|10,"ac379999, ac415100, ac419100",4,0.94035409187374486,-0.0043686481076158357,27,27
fixed_test,7,1,impressed|3|10,"ac379999, ac415100, ac419100",5,0.94035409187374486,0.0043396298477220707,27,27
fixed_test,7,1,impressed|3|10,"ac379999, ac415100, ac419100",6,0.94035409187374486,0,27,27
fixed_test,7,1,impressed|3|10,"ac379999, ac415100, ac419100",7,0.94035409187374486,0.0086516384321609907,27,27
fixed_test,7,1,impressed|3|10,"ac379999, ac415100, ac419100",8,0.94035409187374486,0,27,27
fixed_test,7,1,impressed|3|10,"ac379999, ac415100, ac419100",9,0.94035409187374486,0.012937372829118776,27,27
fixed_train,7,1,apriori|1|01,ac419100,0,0.99435177782439621,0.033286047338562552,605,490
fixed_train,7,1,apriori|1|01,ac419100,1,0.99435177782439621,0.026354654240024367,605,501
fixed_train,7,1,apriori|1|01,ac419100,2,0.99435177782439621,0.029816977301131309,605,498
fixed_train,7,1,apriori|1|01,ac419100,3,0.99435177782439621,0.032034116690467074,605,506
fixed_train,7,1,apriori|1|01,ac419100,4,0.99435177782439621,0.028576563586843684,605,504
fixed_train,7,1,apriori|1|01,ac419100,5,0.99435177782439621,0.032034116690467074,605,508
fixed_train,7,1,apriori|1|01,ac419100,6,0.99435177782439621,0.030858215971006686,605,501
fixed_train,7,1,apriori|1|01,ac419100,7,0.99435177782439621,0.029620005659553139,605,496
fixed_train,7,1,apriori|1|01,ac419100,8,0.99435177782439621,0.026354654240024367,605,496
fixed_train,7,1,apriori|1|01,ac419100,9,0.99435177782439621,0.029816977301131309,605,490
fixed_train,7,1,apriori|1|02,ac370000,0,0.99435177782439621,0.18898657590508916,564,560
fixed_train,7,1,apriori|1|02,ac370000,1,0.99435177782439621,0.18201902089287247,564,557
fixed_train,7,1,apriori|1|02,ac370000,2,0.99435177782439621,0.21164248162231858,564,562
fixed_train,7,1,apriori|1|02,ac370000,3,0.99435177782439621,0.22063772873864429,564,562
fixed_train,7,1,apriori|1|02,ac370000,4,0.99435177782439621,0.1695340736034594,564,559
fixed_train,7,1,apriori|1|02,ac370000,5,0.99435177782439621,0.20894321822110207,564,561
fixed_train,7,1,apriori|1|02,ac370000,6,0.99435177782439621,0.19101053993841088,564,564
fixed_train,7,1,apriori|1|02,ac370000,7,0.99435177782439621,0.20018475818768144,564,563
fixed_train,7,1,apriori|1|02,ac370000,8,0.99435177782439621,0.1731392655965559,564,557
fixed_train,7,1,apriori|1|02,ac370000,9,0.99435177782439621,0.18511814689060291,564,560
fixed_train,7,1,apriori|1|03,370407,0,0.99435177782439621,0.022793897046296974,471,449
fixed_train,7,1,apriori|1|03,370407,1,0.99435177782439621,0.019403708052138979,471,446
fixed_train,7,1,apriori|1|03,370407,2,0.99435177782439621,0.020615226124991004,471,451
fixed_train,7,1,apriori|1|03,370407,3,0.99435177782439621,0.019358147682969506,471,455
fixed_train,7,1,apriori|1|03,370407,4,0.99435177782439621,0.020566515993615919,471,449
fixed_train,7,1,apriori|1|03,370407,5,0.99435177782439621,0.023958604457183008,471,450
fixed_train,7,1,apriori|1|03,370407,6,0.99435177782439621,0.021731606434354123,471,456
fixed_train,7,1,apriori|1|03,370407,7,0.99435177782439621,0.02406873449605107,471,447
fixed_train,7,1,apriori|1|03,370407,8,0.99435177782439621,0.019358147682969506,471,447
fixed_train,7,1,apriori|1|03,370407,9,0.99435177782439621,0.017044037803409906,471,453
fixed_train,7,1,apriori|1|04,ac370419,0,0.99435177782439621,0.015967788433040808,461,436
fixed_train,7,1,apriori|1|04,ac370419,1,0.99435177782439621,0.017210975264130624,461,434
fixed_train,7,1,apriori|1|04,ac370419,2,0.99435177782439621,0.017168301666027674,461,442
fixed_train,7,1,apriori|1|04,ac370419,3,0.99435177782439621,0.014848811647094839,461,437
fixed_train,7,1,apriori|1|04,ac370419,4,0.99435177782439621,0.014925055520157215,461,441
fixed_train,7,1,apriori|1|04,ac370419,5,0.99435177782439621,0.013727888645123865,461,441
fixed_train,7,1,apriori|1|04,ac370419,6,0.99435177782439621,0.013727888645123865,461,445
fixed_train,7,1,apriori|1|04,ac370419,7,0.99435177782439621,0.0091149583230870634,461,440
fixed_train,7,1,apriori|1|04,ac370419,8,0.99435177782439621,0.018422409814749963,461,445
fixed_train,7,1,apriori|1|04,ac370419,9,0.99435177782439621,0.01138621686134722,461,438
fixed_train,7,1,apriori|1|05,ac370443,0,0.99435177782439621,0.0068436997848270176,450,421
fixed_train,7,1,apriori|1|05,ac370443,1,0.99435177782439621,0.010264922279851985,450,433
fixed_train,7,1,apriori|1|05,ac370443,2,0.99435177782439621,0.0091149583230870634,450,423
fixed_train,7,1,apriori|1|05,ac370443,3,0.99435177782439621,0.012538228630631254,450,421
fixed_train,7,1,apriori|1|05,ac370443,4,0.99435177782439621,0.0079430158024312858,450,425
fixed_train,7,1,apriori|1|05,ac370443,5,0.99435177782439621,0.010293915242050589,450,421
fixed_train,7,1,apriori|1|05,ac370443,6,0.99435177782439621,0.013657475399607266,450,425
fixed_train,7,1,apriori|1|05,ac370443,7,0.99435177782439621,0.009062701339721202,450,434
fixed_train,7,1,apriori|1|05,ac370443,8,0.99435177782439621,0.013692418895288827,450,426
fixed_train,7,1,apriori|1|05,ac370443,9,0.99435177782439621,0.0091149583230870634,450,421
fixed_train,7,1,apriori|1|06,ac370442,0,0.99435177782439621,0.010293915242050589,446,419
fixed_train,7,1,apriori|1|06,ac370442,1,0.99435177782439621,0.0090886339093114721,446,429
fixed_train,7,1,apriori|1|06,ac370442,2,0.99435177782439621,0.0091416798197846427,446,430
fixed_train,7,1,apriori|1|06,ac370442,3,0.99435177782439621,0.011448346195626513,446,420
fixed_train,7,1,apriori|1|06,ac370442,4,0.99435177782439621,0.014848811647094839,446,427
fixed_train,7,1,apriori|1|06,ac370442,5,0.99435177782439621,0.009062701339721202,446,430
fixed_train,7,1,apriori|1|06,ac370442,6,0.99435177782439621,0.0068214252808628251,446,430
fixed_train,7,1,apriori|1|06,ac370442,7,0.99435177782439621,0.01257136344457277,446,426
fixed_train,7,1,apriori|1|06,ac370442,8,0.99435177782439621,0.0091416798197846427,446,419
fixed_train,7,1,apriori|1|06,ac370442,9,0.99435177782439621,0.011417049357536624,446,427
fixed_train,7,1,apriori|1|07,370712b,0,0.99435177782439621,0.0068214252808628251,436,416
fixed_train,7,1,apriori|1|07,370712b,1,0.99435177782439621,0.0067994823373636049,436,418
fixed_train,7,1,apriori|1|07,370712b,2,0.99435177782439621,0.0091416798197846427,436,421
fixed_train,7,1,apriori|1|07,370712b,3,0.99435177782439621,0.012505585807606967,436,417
fixed_train,7,1,apriori|1|07,370712b,4,0.99435177782439621,0.012505585807606967,436,418
fixed_train,7,1,apriori|1|07,370712b,5,0.99435177782439621,0.0056979078139030026,436,420
fixed_train,7,1,apriori|1|07,370712b,6,0.99435177782439621,0.014811534981410857,436,409
fixed_train,7,1,apriori|1|07,370712b,7,0.99435177782439621,0.0079192571141321055,436,410
fixed_train,7,1,apriori|1|07,370712b,8,0.99435177782439621,0.010293915242050589,436,415
fixed_train,7,1,apriori|1|07,370712b,9,0.99435177782439621,0.0091416798197846427,436,413
fixed_train,7,1,apriori|1|08,370715a,0,0.99435177782439621,0.0090886339093114721,433,410
fixed_train,7,1,apriori|1|08,370715a,1,0.99435177782439621,0.01023635980970572,433,416
fixed_train,7,1,apriori|1|08,370715a,2,0.99435177782439621,0.010264922279851985,433,407
fixed_train,7,1,apriori|1|08,370715a,3,0.99435177782439621,0.009062701339721202,433,416
fixed_train,7,1,apriori|1|08,370715a,4,0.99435177782439621,0.0091149583230870634,433,406
fixed_train,7,1,apriori|1|08,370715a,5,0.99435177782439621,0.012505585807606967,433,415
fixed_train,7,1,apriori|1|08,370715a,6,0.99435177782439621,0.0056979078139030026,433,405
fixed_train,7,1,apriori|1|08,370715a,7,0.99435177782439621,0.0079192571141321055,433,412
fixed_train,7,1,apriori|1|08,370715a,8,0.99435177782439621,0.010264922279851985,433,413
fixed_train,7,1,apriori|1|08,370715a,9,0.99435177782439621,0.01023635980970572,433,416
fixed_train,7,1,apriori|1|09,370488e,0,0.99435177782439621,0.014702996758999887,433,416
fixed_train,7,1,apriori|1|09,370488e,1,0.99435177782439621,0.012441750210710589,433,413
fixed_train,7,1,apriori|1|09,370488e,2,0.99435177782439621,0.019313263801311154,433,412
fixed_train,7,1,apriori|1|09,370488e,3,0.99435177782439621,0.013555733221448985,433,404
fixed_train,7,1,apriori|1|09,370488e,4,0.99435177782439621,0.018115577349152034,433,416
fixed_train,7,1,apriori|1|09,370488e,5,0.99435177782439621,0.01138621686134722,433,416
fixed_train,7,1,apriori|1|09,370488e,6,0.99435177782439621,0.013623051166208322,433,409
fixed_train,7,1,apriori|1|09,370488e,7,0.99435177782439621,0.013657475399607266,433,410
fixed_train,7,1,apriori|1|09,370488e,8,0.99435177782439621,0.017044037803409906,433,414
fixed_train,7,1,apriori|1|09,370488e,9,0.99435177782439621,0.014702996758999887,433,408
fixed_train,7,1,apriori|1|10,370488g,0,0.99435177782439621,0.012538228630631254,434,412
fixed_train,7,1,apriori|1|10,370488g,1,0.99435177782439621,0.010264922279851985,434,408
fixed_train,7,1,apriori|1|10,370488g,2,0.99435177782439621,0.0079916159290727151,434,415
fixed_train,7,1,apriori|1|10,370488g,3,0.99435177782439621,0.011355842537759786,434,417
fixed_train,7,1,apriori|1|10,370488g,4,0.99435177782439621,0.0068436997848270176,434,417
fixed_train,7,1,apriori|1|10,370488g,5,0.99435177782439621,0.0090886339093114721,434,416
fixed_train,7,1,apriori|1|10,370488g,6,0.99435177782439621,0.0090886339093114721,434,417
fixed_train,7,1,apriori|1|10,370488g,7,0.99435177782439621,0.017084841332190126,434,417
fixed_train,7,1,apriori|1|10,370488g,8,0.99435177782439621,0.0079671338118043611,434,405
fixed_train,7,1,apriori|1|10,370488g,9,0.99435177782439621,0.01257136344457277,434,411
fixed_train,7,1,apriori|2|01,"370407, ac370000",0,0.99435177782439621,0.034705523797535776,471,467
fixed_train,7,1,apriori|2|01,"370407, ac370000",1,0.99435177782439621,0.026476842543995405,471,469
fixed_train,7,1,apriori|2|01,"370407, ac370000",2,0.99435177782439621,0.022952745144343867,471,468
fixed_train,7,1,apriori|2|01,"370407, ac370000",3,0.99435177782439621,0.043831140332984964,471,469
fixed_train,7,1,apriori|2|01,"370407, ac370000",4,0.99435177782439621,0.039054380092196084,471,469
fixed_train,7,1,apriori|2|01,"370407, ac370000",5,0.99435177782439621,0.031137532109748678,471,468
fixed_train,7,1,apriori|2|01,"370407, ac370000",6,0.99435177782439621,0.041529774634911032,471,467
fixed_train,7,1,apriori|2|01,"370407, ac370000",7,0.99435177782439621,0.03668120945791864,471,466
fixed_train,7,1,apriori|2|01,"370407, ac370000",8,0.99435177782439621,0.040333970681087017,471,466
fixed_train,7,1,apriori|2|01,"370407, ac370000",9,0.99435177782439621,0.03454700764394425,471,467
fixed_train,7,1,apriori|2|02,"ac370000, ac370419",0,0.99435177782439621,0.041718240528503703,461,458
fixed_train,7,1,apriori|2|02,"ac370000, ac370419",1,0.99435177782439621,0.044129848784869585,461,459
fixed_train,7,1,apriori|2|02,"ac370000, ac370419",2,0.99435177782439621,0.035983985581524602,461,459
fixed_train,7,1,apriori|2|02,"ac370000, ac370419",3,0.99435177782439621,0.033513633312921232,461,460
fixed_train,7,1,apriori|2|02,"ac370000, ac370419",4,0.99435177782439621,0.041437618470152482,461,455
fixed_train,7,1,apriori|2|02,"ac370000, ac370419",5,0.99435177782439621,0.031209994754772596,461,458
fixed_train,7,1,apriori|2|02,"ac370000, ac370419",6,0.99435177782439621,0.030093667114891254,461,460
fixed_train,7,1,apriori|2|02,"ac370000, ac370419",7,0.99435177782439621,0.035983985581524602,461,461
fixed_train,7,1,apriori|2|02,"ac370000, ac370419",8,0.99435177782439621,0.033513633312921232,461,460
fixed_train,7,1,apriori|2|02,"ac370000, ac370419",9,0.99435177782439621,0.040424548987366804,461,459
fixed_train,7,1,apriori|2|03,"370407, ac370419",0,0.99435177782439621,0.026415293894885949,450,448
fixed_train,7,1,apriori|2|03,"370407, ac370419",1,0.99435177782439621,0.019496895008104143,450,449
fixed_train,7,1,apriori|2|03,"370407, ac370419",2,0.99435177782439621,0.022846058443113271,450,448
fixed_train,7,1,apriori|2|03,"370407, ac370419",3,0.99435177782439621,0.028640573983997997,450,448
fixed_train,7,1,apriori|2|03,"370407, ac370419",4,0.99435177782439621,0.031964228241102677,450,447
fixed_train,7,1,apriori|2|03,"370407, ac370419",5,0.99435177782439621,0.026236052659705189,450,445
fixed_train,7,1,apriori|2|03,"370407, ac370419",6,0.99435177782439621,0.020566515993615919,450,449
fixed_train,7,1,apriori|2|03,"370407, ac370419",7,0.99435177782439621,0.027344636121801158,450,448
fixed_train,7,1,apriori|2|03,"370407, ac370419",8,0.99435177782439621,0.019449954050190787,450,449
fixed_train,7,1,apriori|2|03,"370407, ac370419",9,0.99435177782439621,0.020566515993615919,450,450
fixed_train,7,1,apriori|2|04,"ac370000, ac370443",0,0.99435177782439621,0.025299733240565336,450,449
fixed_train,7,1,apriori|2|04,"ac370000, ac370443",1,0.99435177782439621,0.031066137503938163,450,450
fixed_train,7,1,apriori|2|04,"ac370000, ac370443",2,0.99435177782439621,0.032250137368541543,450,449
fixed_train,7,1,apriori|2|04,"ac370000, ac370443",3,0.99435177782439621,0.028906356196624294,450,447
fixed_train,7,1,apriori|2|04,"ac370000, ac370443",4,0.99435177782439621,0.032324311842615527,450,447
fixed_train,7,1,apriori|2|04,"ac370000, ac370443",5,0.99435177782439621,0.026476842543995405,450,448
fixed_train,7,1,apriori|2|04,"ac370000, ac370443",6,0.99435177782439621,0.035900010832391027,450,450
fixed_train,7,1,apriori|2|04,"ac370000, ac370443",7,0.99435177782439621,0.027528899915535421,450,448
fixed_train,7,1,apriori|2|04,"ac370000, ac370443",8,0.99435177782439621,0.031283540498169504,450,447
fixed_train,7,1,apriori|2|04,"ac370000, ac370443",9,0.99435177782439621,0.027656396817736129,450,448
fixed_train,7,1,apriori|2|05,"ac370419, ac370443",0,0.99435177782439621,0.015967788433040808,448,448
fixed_train,7,1,apriori|2|05,"ac370419, ac370443",1,0.99435177782439621,0.020471251014387515,448,448
fixed_train,7,1,apriori|2|05,"ac370419, ac370443",2,0.99435177782439621,0.014886649281864672,448,447
fixed_train,7,1,apriori|2|05,"ac370419, ac370443",3,0.99435177782439621,0.013657475399607266,448,446
fixed_train,7,1,apriori|2|05,"ac370419, ac370443",4,0.99435177782439621,0.016007431094621216,448,447
fixed_train,7,1,apriori|2|05,"ac370419, ac370443",5,0.99435177782439621,0.016047669898800576,448,446
fixed_train,7,1,apriori|2|05,"ac370419, ac370443",6,0.99435177782439621,0.012538228630631254,448,448
fixed_train,7,1,apriori|2|05,"ac370419, ac370443",7,0.99435177782439621,0.012604996897701448,448,446
fixed_train,7,1,apriori|2|05,"ac370419, ac370443",8,0.99435177782439621,0.013657475399607266,448,447
fixed_train,7,1,apriori|2|05,"ac370419, ac370443",9,0.99435177782439621,0.020714850956688347,448,444
fixed_train,7,1,apriori|2|06,"ac370000, ac370442",0,0.99435177782439621,0.031137532109748678,446,446
fixed_train,7,1,apriori|2|06,"ac370000, ac370442",1,0.99435177782439621,0.033671085150573155,446,442
fixed_train,7,1,apriori|2|06,"ac370000, ac370442",2,0.99435177782439621,0.036069213790524635,446,440
fixed_train,7,1,apriori|2|06,"ac370000, ac370442",3,0.99435177782439621,0.027721580446467664,446,443
fixed_train,7,1,apriori|2|06,"ac370000, ac370442",4,0.99435177782439621,0.030022946144541707,446,442
fixed_train,7,1,apriori|2|06,"ac370000, ac370442",5,0.99435177782439621,0.037272318172501762,446,443
fixed_train,7,1,apriori|2|06,"ac370000, ac370442",6,0.99435177782439621,0.029884615524442215,446,443
fixed_train,7,1,apriori|2|06,"ac370000, ac370442",7,0.99435177782439621,0.026476842543995405,446,445
fixed_train,7,1,apriori|2|06,"ac370000, ac370442",8,0.99435177782439621,0.033591775665280266,446,444
fixed_train,7,1,apriori|2|06,"ac370000, ac370442",9,0.99435177782439621,0.031358184719621485,446,444
fixed_train,7,1,apriori|2|07,"ac370442, ac370443",0,0.99435177782439621,0.014811534981410857,444,442
fixed_train,7,1,apriori|2|07,"ac370442, ac370443",1,0.99435177782439621,0.011448346195626513,444,443
fixed_train,7,1,apriori|2|07,"ac370442, ac370443",2,0.99435177782439621,0.017044037803409906,444,441
fixed_train,7,1,apriori|2|07,"ac370442, ac370443",3,0.99435177782439621,0.017126259849616909,444,440
fixed_train,7,1,apriori|2|07,"ac370442, ac370443",4,0.99435177782439621,0.016007431094621216,444,443
fixed_train,7,1,apriori|2|07,"ac370442, ac370443",5,0.99435177782439621,0.016007431094621216,444,441
fixed_train,7,1,apriori|2|07,"ac370442, ac370443",6,0.99435177782439621,0.013763891785705473,444,443
fixed_train,7,1,apriori|2|07,"ac370442, ac370443",7,0.99435177782439621,0.010293915242050589,444,442
fixed_train,7,1,apriori|2|07,"ac370442, ac370443",8,0.99435177782439621,0.017126259849616909,444,441
fixed_train,7,1,apriori|2|07,"ac370442, ac370443",9,0.99435177782439621,0.012538228630631254,444,442
fixed_train,7,1,apriori|2|08,"ac370419, ac370442",0,0.99435177782439621,0.019496895008104143,443,443
fixed_train,7,1,apriori|2|08,"ac370419, ac370442",1,0.99435177782439621,0.013727888645123865,443,441
fixed_train,7,1,apriori|2|08,"ac370419, ac370442",2,0.99435177782439621,0.016088512987556425,443,442
fixed_train,7,1,apriori|2|08,"ac370419, ac370442",3,0.99435177782439621,0.014848811647094839,443,441
fixed_train,7,1,apriori|2|08,"ac370419, ac370442",4,0.99435177782439621,0.020615226124991004,443,441
fixed_train,7,1,apriori|2|08,"ac370419, ac370442",5,0.99435177782439621,0.014886649281864672,443,443
fixed_train,7,1,apriori|2|08,"ac370419, ac370442",6,0.99435177782439621,0.017126259849616909,443,442
fixed_train,7,1,apriori|2|08,"ac370419, ac370442",7,0.99435177782439621,0.015967788433040808,443,440
fixed_train,7,1,apriori|2|08,"ac370419, ac370442",8,0.99435177782439621,0.014848811647094839,443,441
fixed_train,7,1,apriori|2|08,"ac370419, ac370442",9,0.99435177782439621,0.017168301666027674,443,441
fixed_train,7,1,apriori|2|09,"370407, ac370443",0,0.99435177782439621,0.019358147682969506,439,438
fixed_train,7,1,apriori|2|09,"370407, ac370443",1,0.99435177782439621,0.022846058443113271,439,435
fixed_train,7,1,apriori|2|09,"370407, ac370443",2,0.99435177782439621,0.019403708052138979,439,437
fixed_train,7,1,apriori|2|09,"370407, ac370443",3,0.99435177782439621,0.017168301666027674,439,438
fixed_train,7,1,apriori|2|09,"370407, ac370443",4,0.99435177782439621,0.017168301666027674,439,438
fixed_train,7,1,apriori|2|09,"370407, ac370443",5,0.99435177782439621,0.014774811805508437,439,438
fixed_train,7,1,apriori|2|09,"370407, ac370443",6,0.99435177782439621,0.019496895008104143,439,437
fixed_train,7,1,apriori|2|09,"370407, ac370443",7,0.99435177782439621,0.016007431094621216,439,439
fixed_train,7,1,apriori|2|09,"370407, ac370443",8,0.99435177782439621,0.021582489799212623,439,437
fixed_train,7,1,apriori|2|09,"370407, ac370443",9,0.99435177782439621,0.017126259849616909,439,438
fixed_train,7,1,apriori|2|10,"370712b, ac370000",0,0.99435177782439621,0.028906356196624294,436,435
fixed_train,7,1,apriori|2|10,"370712b, ac370000",1,0.99435177782439621,0.021834791599101844,436,432
fixed_train,7,1,apriori|2|10,"370712b, ac370000",2,0.99435177782439621,0.02883842246691426,436,434
fixed_train,7,1,apriori|2|10,"370712b, ac370000",3,0.99435177782439621,0.025299733240565336,436,433
fixed_train,7,1,apriori|2|10,"370712b, ac370000",4,0.99435177782439621,0.026354654240024367,436,432
fixed_train,7,1,apriori|2|10,"370712b, ac370000",5,0.99435177782439621,0.027592174382503609,436,434
fixed_train,7,1,apriori|2|10,"370712b, ac370000",6,0.99435177782439621,0.025240822529939644,436,436
fixed_train,7,1,apriori|2|10,"370712b, ac370000",7,0.99435177782439621,0.032250137368541543,436,431
fixed_train,7,1,apriori|2|10,"370712b, ac370000",8,0.99435177782439621,0.024240203181245201,436,436
fixed_train,7,1,apriori|2|10,"370712b, ac370000",9,0.99435177782439621,0.020714850956688347,436,435
fixed_train,7,1,apriori|3|01,"370407, ac370000, ac370419",0,0.99435177782439621,0.037361881160620225,450,450
fixed_train,7,1,apriori|3|01,"370407, ac370000, ac370419",1,0.99435177782439621,0.044549344596466645,450,450
fixed_train,7,1,apriori|3|01,"370407, ac370000, ac370419",2,0.99435177782439621,0.031209994754772596,450,450
fixed_train,7,1,apriori|3|01,"370407, ac370000, ac370419",3,0.99435177782439621,0.037272318172501762,450,450
fixed_train,7,1,apriori|3|01,"370407, ac370000, ac370419",4,0.99435177782439621,0.039879803501390421,450,449
fixed_train,7,1,apriori|3|01,"370407, ac370000, ac370419",5,0.99435177782439621,0.046339358841099521,450,449
fixed_train,7,1,apriori|3|01,"370407, ac370000, ac370419",6,0.99435177782439621,0.038296886012476272,450,449
fixed_train,7,1,apriori|3|01,"370407, ac370000, ac370419",7,0.99435177782439621,0.04211234731878688,450,450
fixed_train,7,1,apriori|3|01,"370407, ac370000, ac370419",8,0.99435177782439621,0.031283540498169504,450,450
fixed_train,7,1,apriori|3|01,"370407, ac370000, ac370419",9,0.99435177782439621,0.03812091042921828,450,449
fixed_train,7,1,apriori|3|02,"ac370000, ac370419, ac370443",0,0.99435177782439621,0.031209994754772596,448,448
fixed_train,7,1,apriori|3|02,"ac370000, ac370419, ac370443",1,0.99435177782439621,0.038478154382447283,448,448
fixed_train,7,1,apriori|3|02,"ac370000, ac370419, ac370443",2,0.99435177782439621,0.025359526542333422,448,448
fixed_train,7,1,apriori|3|02,"ac370000, ac370419, ac370443",3,0.99435177782439621,0.028906356196624294,448,448
fixed_train,7,1,apriori|3|02,"ac370000, ac370419, ac370443",4,0.99435177782439621,0.030238294098225871,448,448
fixed_train,7,1,apriori|3|02,"ac370000, ac370419, ac370443",5,0.99435177782439621,0.031358184719621485,448,447
fixed_train,7,1,apriori|3|02,"ac370000, ac370419, ac370443",6,0.99435177782439621,0.032476003903311956,448,448
fixed_train,7,1,apriori|3|02,"ac370000, ac370419, ac370443",7,0.99435177782439621,0.033751578459072951,448,448
fixed_train,7,1,apriori|3|02,"ac370000, ac370419, ac370443",8,0.99435177782439621,0.032324311842615527,448,448
fixed_train,7,1,apriori|3|02,"ac370000, ac370419, ac370443",9,0.99435177782439621,0.034868812327107146,448,447
fixed_train,7,1,apriori|3|03,"ac370000, ac370442, ac370443",0,0.99435177782439621,0.031066137503938163,444,444
fixed_train,7,1,apriori|3|03,"ac370000, ac370442, ac370443",1,0.99435177782439621,0.035817271871069867,444,444
fixed_train,7,1,apriori|3|03,"ac370000, ac370442, ac370443",2,0.99435177782439621,0.030165444747013992,444,444
fixed_train,7,1,apriori|3|03,"ac370000, ac370442, ac370443",3,0.99435177782439621,0.035900010832391027,444,444
fixed_train,7,1,apriori|3|03,"ac370000, ac370442, ac370443",4,0.99435177782439621,0.032399595456213626,444,443
fixed_train,7,1,apriori|3|03,"ac370000, ac370442, ac370443",5,0.99435177782439621,0.033671085150573155,444,443
fixed_train,7,1,apriori|3|03,"ac370000, ac370442, ac370443",6,0.99435177782439621,0.031433943127621489,444,444
fixed_train,7,1,apriori|3|03,"ac370000, ac370442, ac370443",7,0.99435177782439621,0.032324311842615527,444,444
fixed_train,7,1,apriori|3|03,"ac370000, ac370442, ac370443",8,0.99435177782439621,0.034786563059610032,444,444
fixed_train,7,1,apriori|3|03,"ac370000, ac370442, ac370443",9,0.99435177782439621,0.030022946144541707,444,443
fixed_train,7,1,apriori|3|04,"ac370000, ac370419, ac370442",0,0.99435177782439621,0.034786563059610032,443,442
fixed_train,7,1,apriori|3|04,"ac370000, ac370419, ac370442",1,0.99435177782439621,0.03615571351097091,443,443
fixed_train,7,1,apriori|3|04,"ac370000, ac370419, ac370442",2,0.99435177782439621,0.036243503183889914,443,443
fixed_train,7,1,apriori|3|04,"ac370000, ac370419, ac370442",3,0.99435177782439621,0.040997137630610969,443,443
fixed_train,7,1,apriori|3|04,"ac370000, ac370419, ac370442",4,0.99435177782439621,0.030165444747013992,443,443
fixed_train,7,1,apriori|3|04,"ac370000, ac370419, ac370442",5,0.99435177782439621,0.027854885590716139,443,443
fixed_train,7,1,apriori|3|04,"ac370000, ac370419, ac370442",6,0.99435177782439621,0.034868812327107146,443,443
fixed_train,7,1,apriori|3|04,"ac370000, ac370419, ac370442",7,0.99435177782439621,0.036069213790524635,443,443
fixed_train,7,1,apriori|3|04,"ac370000, ac370419, ac370442",8,0.99435177782439621,0.030093667114891254,443,443
fixed_train,7,1,apriori|3|04,"ac370000, ac370419, ac370442",9,0.99435177782439621,0.037361881160620225,443,443
fixed_train,7,1,apriori|3|05,"ac370419, ac370442, ac370443",0,0.99435177782439621,0.020664667758747979,442,442
fixed_train,7,1,apriori|3|05,"ac370419, ac370442, ac370443",1,0.99435177782439621,0.013692418895288827,442,441
fixed_train,7,1,apriori|3|05,"ac370419, ac370442, ac370443",2,0.99435177782439621,0.016047669898800576,442,442
fixed_train,7,1,apriori|3|05,"ac370419, ac370442, ac370443",3,0.99435177782439621,0.019358147682969506,442,442
fixed_train,7,1,apriori|3|05,"ac370419, ac370442, ac370443",4,0.99435177782439621,0.017084841332190126,442,442
fixed_train,7,1,apriori|3|05,"ac370419, ac370442, ac370443",5,0.99435177782439621,0.020566515993615919,442,442
fixed_train,7,1,apriori|3|05,"ac370419, ac370442, ac370443",6,0.99435177782439621,0.019449954050190787,442,441
fixed_train,7,1,apriori|3|05,"ac370419, ac370442, ac370443",7,0.99435177782439621,0.020615226124991004,442,442
fixed_train,7,1,apriori|3|05,"ac370419, ac370442, ac370443",8,0.99435177782439621,0.017126259849616909,442,442
fixed_train,7,1,apriori|3|05,"ac370419, ac370442, ac370443",9,0.99435177782439621,0.024125042746993897,442,442
fixed_train,7,1,apriori|3|06,"370407, ac370000, ac370443",0,0.99435177782439621,0.028906356196624294,439,439
fixed_train,7,1,apriori|3|06,"370407, ac370000, ac370443",1,0.99435177782439621,0.026476842543995405,439,438
fixed_train,7,1,apriori|3|06,"370407, ac370000, ac370443",2,0.99435177782439621,0.036927043238763391,439,437
fixed_train,7,1,apriori|3|06,"370407, ac370000, ac370443",3,0.99435177782439621,0.021941093538410672,439,438
fixed_train,7,1,apriori|3|06,"370407, ac370000, ac370443",4,0.99435177782439621,0.024182195064024081,439,439
fixed_train,7,1,apriori|3|06,"370407, ac370000, ac370443",5,0.99435177782439621,0.027721580446467664,439,439
fixed_train,7,1,apriori|3|06,"370407, ac370000, ac370443",6,0.99435177782439621,0.024182195064024081,439,439
fixed_train,7,1,apriori|3|06,"370407, ac370000, ac370443",7,0.99435177782439621,0.028906356196624294,439,439
fixed_train,7,1,apriori|3|06,"370407, ac370000, ac370443",8,0.99435177782439621,0.028906356196624294,439,439
fixed_train,7,1,apriori|3|06,"370407, ac370000, ac370443",9,0.99435177782439621,0.034705523797535776,439,439
fixed_train,7,1,apriori|3|07,"370407, ac370419, ac370443",0,0.99435177782439621,0.021681156254660938,439,438
fixed_train,7,1,apriori|3|07,"370407, ac370419, ac370443",1,0.99435177782439621,0.022899004238086218,439,439
fixed_train,7,1,apriori|3|07,"370407, ac370419, ac370443",2,0.99435177782439621,0.022899004238086218,439,439
fixed_train,7,1,apriori|3|07,"370407, ac370419, ac370443",3,0.99435177782439621,0.022846058443113271,439,439
fixed_train,7,1,apriori|3|07,"370407, ac370419, ac370443",4,0.99435177782439621,0.023958604457183008,439,439
fixed_train,7,1,apriori|3|07,"370407, ac370419, ac370443",5,0.99435177782439621,0.021782814752077662,439,439
fixed_train,7,1,apriori|3|07,"370407, ac370419, ac370443",6,0.99435177782439621,0.01833144801189579,439,439
fixed_train,7,1,apriori|3|07,"370407, ac370419, ac370443",7,0.99435177782439621,0.029884615524442215,439,438
fixed_train,7,1,apriori|3|07,"370407, ac370419, ac370443",8,0.99435177782439621,0.019403708052138979,439,439
fixed_train,7,1,apriori|3|07,"370407, ac370419, ac370443",9,0.99435177782439621,0.017168301666027674,439,439
fixed_train,7,1,apriori|3|08,"370407, ac370000, ac370442",0,0.99435177782439621,0.034625677540689348,435,435
fixed_train,7,1,apriori|3|08,"370407, ac370000, ac370442",1,0.99435177782439621,0.044336492512440318,435,435
fixed_train,7,1,apriori|3|08,"370407, ac370000, ac370442",2,0.99435177782439621,0.040800595253923655,435,435
fixed_train,7,1,apriori|3|08,"370407, ac370000, ac370442",3,0.99435177782439621,0.034868812327107146,435,435
fixed_train,7,1,apriori|3|08,"370407, ac370000, ac370442",4,0.99435177782439621,0.032476003903311956,435,435
fixed_train,7,1,apriori|3|08,"370407, ac370000, ac370442",5,0.99435177782439621,0.032553553212666508,435,435
fixed_train,7,1,apriori|3|08,"370407, ac370000, ac370442",6,0.99435177782439621,0.032476003903311956,435,434
fixed_train,7,1,apriori|3|08,"370407, ac370000, ac370442",7,0.99435177782439621,0.034868812327107146,435,435
fixed_train,7,1,apriori|3|08,"370407, ac370000, ac370442",8,0.99435177782439621,0.027787738773568993,435,435
fixed_train,7,1,apriori|3|08,"370407, ac370000, ac370442",9,0.99435177782439621,0.033671085150573155,435,435
fixed_train,7,1,apriori|3|09,"370407, ac370419, ac370442",0,0.99435177782439621,0.024182195064024081,434,433
fixed_train,7,1,apriori|3|09,"370407, ac370419, ac370442",1,0.99435177782439621,0.021681156254660938,434,434
fixed_train,7,1,apriori|3|09,"370407, ac370419, ac370442",2,0.99435177782439621,0.025299733240565336,434,434
fixed_train,7,1,apriori|3|09,"370407, ac370419, ac370442",3,0.99435177782439621,0.022952745144343867,434,434
fixed_train,7,1,apriori|3|09,"370407, ac370419, ac370442",4,0.99435177782439621,0.018286973544118457,434,434
fixed_train,7,1,apriori|3|09,"370407, ac370419, ac370442",5,0.99435177782439621,0.021834791599101844,434,434
fixed_train,7,1,apriori|3|09,"370407, ac370419, ac370442",6,0.99435177782439621,0.019496895008104143,434,434
fixed_train,7,1,apriori|3|09,"370407, ac370419, ac370442",7,0.99435177782439621,0.024013258818517125,434,434
fixed_train,7,1,apriori|3|09,"370407, ac370419, ac370442",8,0.99435177782439621,0.02406873449605107,434,434
fixed_train,7,1,apriori|3|09,"370407, ac370419, ac370442",9,0.99435177782439621,0.019544540451209791,434,433
fixed_train,7,1,apriori|3|10,"370407, ac370442, ac370443",0,0.99435177782439621,0.017126259849616909,433,433
fixed_train,7,1,apriori|3|10,"370407, ac370442, ac370443",1,0.99435177782439621,0.025182782351181432,433,433
fixed_train,7,1,apriori|3|10,"370407, ac370442, ac370443",2,0.99435177782439621,0.017126259849616909,433,433
fixed_train,7,1,apriori|3|10,"370407, ac370442, ac370443",3,0.99435177782439621,0.022899004238086218,433,433
fixed_train,7,1,apriori|3|10,"370407, ac370442, ac370443",4,0.99435177782439621,0.019496895008104143,433,433
fixed_train,7,1,apriori|3|10,"370407, ac370442, ac370443",5,0.99435177782439621,0.022899004238086218,433,433
fixed_train,7,1,apriori|3|10,"370407, ac370442, ac370443",6,0.99435177782439621,0.0182431579707929,433,433
fixed_train,7,1,apriori|3|10,"370407, ac370442, ac370443",7,0.99435177782439621,0.021731606434354123,433,433
fixed_train,7,1,apriori|3|10,"370407, ac370442, ac370443",8,0.99435177782439621,0.020615226124991004,433,433
fixed_train,7,1,apriori|3|10,"370407, ac370442, ac370443",9,0.99435177782439621,0.0182431579707929,433,433
fixed_train,7,1,impressed|1|01,ac419100,0,0.99435177782439621,0.033286047338562552,605,490
fixed_train,7,1,impressed|1|01,ac419100,1,0.99435177782439621,0.026354654240024367,605,501
fixed_train,7,1,impressed|1|01,ac419100,2,0.99435177782439621,0.029816977301131309,605,498
fixed_train,7,1,impressed|1|01,ac419100,3,0.99435177782439621,0.032034116690467074,605,506
fixed_train,7,1,impressed|1|01,ac419100,4,0.99435177782439621,0.028576563586843684,605,504
fixed_train,7,1,impressed|1|01,ac419100,5,0.99435177782439621,0.032034116690467074,605,508
fixed_train,7,1,impressed|1|01,ac419100,6,0.99435177782439621,0.030858215971006686,605,501
fixed_train,7,1,impressed|1|01,ac419100,7,0.99435177782439621,0.029620005659553139,605,496
fixed_train,7,1,impressed|1|01,ac419100,8,0.99435177782439621,0.026354654240024367,605,496
fixed_train,7,1,impressed|1|01,ac419100,9,0.99435177782439621,0.029816977301131309,605,490
fixed_train,7,1,impressed|1|02,ac370000,0,0.99435177782439621,0.18898657590508916,564,560
fixed_train,7,1,impressed|1|02,ac370000,1,0.99435177782439621,0.18201902089287247,564,557
fixed_train,7,1,impressed|1|02,ac370000,2,0.99435177782439621,0.21164248162231858,564,562
fixed_train,7,1,impressed|1|02,ac370000,3,0.99435177782439621,0.22063772873864429,564,562
fixed_train,7,1,impressed|1|02,ac370000,4,0.99435177782439621,0.1695340736034594,564,559
fixed_train,7,1,impressed|1|02,ac370000,5,0.99435177782439621,0.20894321822110207,564,561
fixed_train,7,1,impressed|1|02,ac370000,6,0.99435177782439621,0.19101053993841088,564,564
fixed_train,7,1,impressed|1|02,ac370000,7,0.99435177782439621,0.20018475818768144,564,563
fixed_train,7,1,impressed|1|02,ac370000,8,0.99435177782439621,0.1731392655965559,564,557
fixed_train,7,1,impressed|1|02,ac370000,9,0.99435177782439621,0.18511814689060291,564,560
fixed_train,7,1,impressed|1|03,ac415100,0,0.99435177782439621,0.011296444351207469,186,172
fixed_train,7,1,impressed|1|03,ac415100,1,0.99435177782439621,0.0090119913025540344,186,169
fixed_train,7,1,impressed|1|03,ac415100,2,0.99435177782439621,0.009062701339721202,186,177
fixed_train,7,1,impressed|1|03,ac415100,3,0.99435177782439621,0.016964243307289073,186,170
fixed_train,7,1,impressed|1|03,ac415100,4,0.99435177782439621,0.0067778666107245478,186,175
fixed_train,7,1,impressed|1|03,ac415100,5,0.99435177782439621,0.009062701339721202,186,172
fixed_train,7,1,impressed|1|03,ac415100,6,0.99435177782439621,0.0056580105658426971,186,172
fixed_train,7,1,impressed|1|03,ac415100,7,0.99435177782439621,0.0078958530561896723,186,170
fixed_train,7,1,impressed|1|03,ac415100,8,0.99435177782439621,0.009062701339721202,186,174
fixed_train,7,1,impressed|1|03,ac415100,9,0.99435177782439621,0.0056385071842240952,186,175
fixed_train,7,1,impressed|1|04,ac10307,0,0.99435177782439621,0.0068436997848270176,112,100
fixed_train,7,1,impressed|1|04,ac10307,1,0.99435177782439621,0.0045362633350058967,112,95
fixed_train,7,1,impressed|1|04,ac10307,2,0.99435177782439621,0.0022592888702415159,112,93
fixed_train,7,1,impressed|1|04,ac10307,3,0.99435177782439621,0.0045542166524144001,112,96
fixed_train,7,1,impressed|1|04,ac10307,4,0.99435177782439621,0.0045542166524144001,112,97
fixed_train,7,1,impressed|1|04,ac10307,5,0.99435177782439621,0.0034126031430863346,112,95
fixed_train,7,1,impressed|1|04,ac10307,6,0.99435177782439621,0.0056979078139030026,112,94
fixed_train,7,1,impressed|1|04,ac10307,7,0.99435177782439621,0.0056778094727587547,112,95
fixed_train,7,1,impressed|1|04,ac10307,8,0.99435177782439621,0.0034126031430863346,112,95
fixed_train,7,1,impressed|1|04,ac10307,9,0.99435177782439621,0.0011355174692639913,112,98
fixed_train,7,1,impressed|1|05,ac355427,0,0.99435177782439621,0.0034126031430863346,28,23
fixed_train,7,1,impressed|1|05,ac355427,1,0.99435177782439621,0.0033967640175533997,28,24
fixed_train,7,1,impressed|1|05,ac355427,2,0.99435177782439621,0,28,23
fixed_train,7,1,impressed|1|05,ac355427,3,0.99435177782439621,0.0045362633350058967,28,26
fixed_train,7,1,impressed|1|05,ac355427,4,0.99435177782439621,0.0011355174692639913,28,24
fixed_train,7,1,impressed|1|05,ac355427,5,0.99435177782439621,0.0033967640175533997,28,25
fixed_train,7,1,impressed|1|05,ac355427,6,0.99435177782439621,0.0022730443326480776,28,23
fixed_train,7,1,impressed|1|05,ac355427,7,0.99435177782439621,0.0011355174692639913,28,22
fixed_train,7,1,impressed|1|05,ac355427,8,0.99435177782439621,0.0022730443326480776,28,18
fixed_train,7,1,impressed|1|05,ac355427,9,0.99435177782439621,0.0022592888702415159,28,24
fixed_train,7,1,impressed|1|06,ac388170,0,0.99435177782439621,0,4,3
fixed_train,7,1,impressed|1|06,ac388170,1,0.99435177782439621,0,4,2
fixed_train,7,1,impressed|1|06,ac388170,2,0.99435177782439621,0,4,2
fixed_train,7,1,impressed|1|06,ac388170,3,0.99435177782439621,0,4,2
fixed_train,7,1,impressed|1|06,ac388170,4,0.99435177782439621,0.0011238154402929412,4,2
fixed_train,7,1,impressed|1|06,ac388170,5,0.99435177782439621,0.0011238154402929412,4,2
fixed_train,7,1,impressed|1|06,ac388170,6,0.99435177782439621,0,4,2
fixed_train,7,1,impressed|1|06,ac388170,7,0.99435177782439621,0,4,3
fixed_train,7,1,impressed|1|06,ac388170,8,0.99435177782439621,0,4,2
fixed_train,7,1,impressed|1|06,ac388170,9,0.99435177782439621,0,4,3
fixed_train,7,1,impressed|1|07,387070a,0,0.99435177782439621,0,2,0
fixed_train,7,1,impressed|1|07,387070a,1,0.99435177782439621,0,2,1
fixed_train,7,1,impressed|1|07,387070a,2,0.99435177782439621,0,2,0
fixed_train,7,1,impressed|1|07,387070a,3,0.99435177782439621,0,2,0
fixed_train,7,1,impressed|1|07,387070a,4,0.99435177782439621,0,2,0
fixed_train,7,1,impressed|1|07,387070a,5,0.99435177782439621,0,2,1
fixed_train,7,1,impressed|1|07,387070a,6,0.99435177782439621,0,2,1
fixed_train,7,1,impressed|1|07,387070a,7,0.99435177782439621,0,2,0
fixed_train,7,1,impressed|1|07,387070a,8,0.99435177782439621,0,2,0
fixed_train,7,1,impressed|1|07,387070a,9,0.99435177782439621,0,2,0
fixed_train,7,1,impressed|1|08,ac370402,0,0.99435177782439621,0.01023635980970572,414,396
fixed_train,7,1,impressed|1|08,ac370402,1,0.99435177782439621,0.0068436997848270176,414,399
fixed_train,7,1,impressed|1|08,ac370402,2,0.99435177782439621,0.010180503662421292,414,399
fixed_train,7,1,impressed|1|08,ac370402,3,0.99435177782439621,0.01257136344457277,414,396
fixed_train,7,1,impressed|1|08,ac370402,4,0.99435177782439621,0.0090886339093114721,414,400
fixed_train,7,1,impressed|1|08,ac370402,5,0.99435177782439621,0.01257136344457277,414,396
fixed_train,7,1,impressed|1|08,ac370402,6,0.99435177782439621,0.015928733937867423,414,393
fixed_train,7,1,impressed|1|08,ac370402,7,0.99435177782439621,0.0090886339093114721,414,400
fixed_train,7,1,impressed|1|08,ac370402,8,0.99435177782439621,0.012538228630631254,414,391
fixed_train,7,1,impressed|1|08,ac370402,9,0.99435177782439621,0.0091149583230870634,414,401
fixed_train,7,1,impressed|1|09,370488g,0,0.99435177782439621,0.012538228630631254,434,412
fixed_train,7,1,impressed|1|09,370488g,1,0.99435177782439621,0.010264922279851985,434,408
fixed_train,7,1,impressed|1|09,370488g,2,0.99435177782439621,0.0079916159290727151,434,415
fixed_train,7,1,impressed|1|09,370488g,3,0.99435177782439621,0.011355842537759786,434,417
fixed_train,7,1,impressed|1|09,370488g,4,0.99435177782439621,0.0068436997848270176,434,417
fixed_train,7,1,impressed|1|09,370488g,5,0.99435177782439621,0.0090886339093114721,434,416
fixed_train,7,1,impressed|1|09,370488g,6,0.99435177782439621,0.0090886339093114721,434,417
fixed_train,7,1,impressed|1|09,370488g,7,0.99435177782439621,0.017084841332190126,434,417
fixed_train,7,1,impressed|1|09,370488g,8,0.99435177782439621,0.0079671338118043611,434,405
fixed_train,7,1,impressed|1|09,370488g,9,0.99435177782439621,0.01257136344457277,434,411
fixed_train,7,1,impressed|1|10,370488e,0,0.99435177782439621,0.014702996758999887,433,416
fixed_train,7,1,impressed|1|10,370488e,1,0.99435177782439621,0.012441750210710589,433,413
fixed_train,7,1,impressed|1|10,370488e,2,0.99435177782439621,0.019313263801311154,433,412
fixed_train,7,1,impressed|1|10,370488e,3,0.99435177782439621,0.013555733221448985,433,404
fixed_train,7,1,impressed|1|10,370488e,4,0.99435177782439621,0.018115577349152034,433,416
fixed_train,7,1,impressed|1|10,370488e,5,0.99435177782439621,0.01138621686134722,433,416
fixed_train,7,1,impressed|1|10,370488e,6,0.99435177782439621,0.013623051166208322,433,409
fixed_train,7,1,impressed|1|10,370488e,7,0.99435177782439621,0.013657475399607266,433,410
fixed_train,7,1,impressed|1|10,370488e,8,0.99435177782439621,0.017044037803409906,433,414
fixed_train,7,1,impressed|1|10,370488e,9,0.99435177782439621,0.014702996758999887,433,408
fixed_train,7,1,impressed|2|01,"ac370000, ac370402",0,0.99435177782439621,0.033671085150573155,414,412
fixed_train,7,1,impressed|2|01,"ac370000, ac370402",1,0.99435177782439621,0.035900010832391027,414,410
fixed_train,7,1,impressed|2|01,"ac370000, ac370402",2,0.99435177782439621,0.033671085150573155,414,413
fixed_train,7,1,impressed|2|01,"ac370000, ac370402",3,0.99435177782439621,0.033591775665280266,414,411
fixed_train,7,1,impressed|2|01,"ac370000, ac370402",4,0.99435177782439621,0.038296886012476272,414,413
fixed_train,7,1,impressed|2|01,"ac370000, ac370402",5,0.99435177782439621,0.033751578459072951,414,411
fixed_train,7,1,impressed|2|01,"ac370000, ac370402",6,0.99435177782439621,0.030165444747013992,414,413
fixed_train,7,1,impressed|2|01,"ac370000, ac370402",7,0.99435177782439621,0.037272318172501762,414,413
fixed_train,7,1,impressed|2|01,"ac370000, ac370402",8,0.99435177782439621,0.034625677540689348,414,409
fixed_train,7,1,impressed|2|01,"ac370000, ac370402",9,0.99435177782439621,0.037011452138858036,414,414
fixed_train,7,1,impressed|2|02,"370401c, ac370000",0,0.99435177782439621,0.044658155956210366,424,418
fixed_train,7,1,impressed|2|02,"370401c, ac370000",1,0.99435177782439621,0.038478154382447283,424,423
fixed_train,7,1,impressed|2|02,"370401c, ac370000",2,0.99435177782439621,0.044658155956210366,424,422
fixed_train,7,1,impressed|2|02,"370401c, ac370000",3,0.99435177782439621,0.053172190360359917,424,420
fixed_train,7,1,impressed|2|02,"370401c, ac370000",4,0.99435177782439621,0.049581029979117286,424,422
fixed_train,7,1,impressed|2|02,"370401c, ac370000",5,0.99435177782439621,0.043123036125400138,424,419
fixed_train,7,1,impressed|2|02,"370401c, ac370000",6,0.99435177782439621,0.054281391864625217,424,423
fixed_train,7,1,impressed|2|02,"370401c, ac370000",7,0.99435177782439621,0.048466557357482953,424,423
fixed_train,7,1,impressed|2|02,"370401c, ac370000",8,0.99435177782439621,0.047113556992581462,424,424
fixed_train,7,1,impressed|2|02,"370401c, ac370000",9,0.99435177782439621,0.043434903216191034,424,423
fixed_train,7,1,impressed|2|03,"ac370000, ac370403",0,0.99435177782439621,0.042728187545515217,431,430
fixed_train,7,1,impressed|2|03,"ac370000, ac370403",1,0.99435177782439621,0.037184071441547673,431,431
fixed_train,7,1,impressed|2|03,"ac370000, ac370403",2,0.99435177782439621,0.034786563059610032,431,428
fixed_train,7,1,impressed|2|03,"ac370000, ac370403",3,0.99435177782439621,0.039782563441011609,431,430
fixed_train,7,1,impressed|2|03,"ac370000, ac370403",4,0.99435177782439621,0.032476003903311956,431,430
fixed_train,7,1,impressed|2|03,"ac370000, ac370403",5,0.99435177782439621,0.041814589670428948,431,427
fixed_train,7,1,impressed|2|03,"ac370000, ac370403",6,0.99435177782439621,0.034868812327107146,431,430
fixed_train,7,1,impressed|2|03,"ac370000, ac370403",7,0.99435177782439621,0.040609786443427942,431,428
fixed_train,7,1,impressed|2|03,"ac370000, ac370403",8,0.99435177782439621,0.035817271871069867,431,428
fixed_train,7,1,impressed|2|03,"ac370000, ac370403",9,0.99435177782439621,0.026602717638475659,431,429
fixed_train,7,1,impressed|2|04,"ac411100, ac419100",0,0.99435177782439621,0.019449954050190787,348,312
fixed_train,7,1,impressed|2|04,"ac411100, ac419100",1,0.99435177782439621,0.018286973544118457,348,328
fixed_train,7,1,impressed|2|04,"ac411100, ac419100",2,0.99435177782439621,0.027168453358582978,348,323
fixed_train,7,1,impressed|2|04,"ac411100, ac419100",3,0.99435177782439621,0.019449954050190787,348,317
fixed_train,7,1,impressed|2|04,"ac411100, ac419100",4,0.99435177782439621,0.022742509552647783,348,327
fixed_train,7,1,impressed|2|04,"ac411100, ac419100",5,0.99435177782439621,0.024013258818517125,348,321
fixed_train,7,1,impressed|2|04,"ac411100, ac419100",6,0.99435177782439621,0.021631454033749109,348,326
fixed_train,7,1,impressed|2|04,"ac411100, ac419100",7,0.99435177782439621,0.020471251014387515,348,319
fixed_train,7,1,impressed|2|04,"ac411100, ac419100",8,0.99435177782439621,0.021681156254660938,348,316
fixed_train,7,1,impressed|2|04,"ac411100, ac419100",9,0.99435177782439621,0.02385171579711387,348,321
fixed_train,7,1,impressed|2|05,"ac411100, ac415100",0,0.99435177782439621,0.012473428461776237,160,158
fixed_train,7,1,impressed|2|05,"ac411100, ac415100",1,0.99435177782439621,0.013589139344436618,160,158
fixed_train,7,1,impressed|2|05,"ac411100, ac415100",2,0.99435177782439621,0.011355842537759786,160,157
fixed_train,7,1,impressed|2|05,"ac411100, ac415100",3,0.99435177782439621,0.015852358346794215,160,154
fixed_train,7,1,impressed|2|05,"ac411100, ac415100",4,0.99435177782439621,0.014738634791448768,160,159
fixed_train,7,1,impressed|2|05,"ac411100, ac415100",5,0.99435177782439621,0.0091149583230870634,160,153
fixed_train,7,1,impressed|2|05,"ac411100, ac415100",6,0.99435177782439621,0.018033661135266499,160,155
fixed_train,7,1,impressed|2|05,"ac411100, ac415100",7,0.99435177782439621,0.011355842537759786,160,156
fixed_train,7,1,impressed|2|05,"ac411100, ac415100",8,0.99435177782439621,0.018074310961932016,160,155
fixed_train,7,1,impressed|2|05,"ac411100, ac415100",9,0.99435177782439621,0.011296444351207469,160,155
fixed_train,7,1,impressed|2|06,"ac415100, ac419100",0,0.99435177782439621,0.015852358346794215,177,164
fixed_train,7,1,impressed|2|06,"ac415100, ac419100",1,0.99435177782439621,0.019182582416017557,177,161
fixed_train,7,1,impressed|2|06,"ac415100, ac419100",2,0.99435177782439621,0.014738634791448768,177,165
fixed_train,7,1,impressed|2|06,"ac415100, ac419100",3,0.99435177782439621,0.015815022091690611,177,159
fixed_train,7,1,impressed|2|06,"ac415100, ac419100",4,0.99435177782439621,0.014738634791448768,177,161
fixed_train,7,1,impressed|2|06,"ac415100, ac419100",5,0.99435177782439621,0.015852358346794215,177,163
fixed_train,7,1,impressed|2|06,"ac415100, ac419100",6,0.99435177782439621,0.013623051166208322,177,167
fixed_train,7,1,impressed|2|06,"ac415100, ac419100",7,0.99435177782439621,0.020333599832173532,177,158
fixed_train,7,1,impressed|2|06,"ac415100, ac419100",8,0.99435177782439621,0.015815022091690611,177,166
fixed_train,7,1,impressed|2|06,"ac415100, ac419100",9,0.99435177782439621,0.018074310961932016,177,162
fixed_train,7,1,impressed|2|07,"ac10307, ac411100",0,0.99435177782439621,0.0056580105658426971,108,103
fixed_train,7,1,impressed|2|07,"ac10307, ac411100",1,0.99435177782439621,0.0034126031430863346,108,98
fixed_train,7,1,impressed|2|07,"ac10307, ac411100",2,0.99435177782439621,0.0022592888702415159,108,104
fixed_train,7,1,impressed|2|07,"ac10307, ac411100",3,0.99435177782439621,0.0033967640175533997,108,105
fixed_train,7,1,impressed|2|07,"ac10307, ac411100",4,0.99435177782439621,0.0022730443326480776,108,102
fixed_train,7,1,impressed|2|07,"ac10307, ac411100",5,0.99435177782439621,0.0034126031430863346,108,105
fixed_train,7,1,impressed|2|07,"ac10307, ac411100",6,0.99435177782439621,0.0045362633350058967,108,105
fixed_train,7,1,impressed|2|07,"ac10307, ac411100",7,0.99435177782439621,0.0056778094727587547,108,103
fixed_train,7,1,impressed|2|07,"ac10307, ac411100",8,0.99435177782439621,0.0056778094727587547,108,103
fixed_train,7,1,impressed|2|07,"ac10307, ac411100",9,0.99435177782439621,0.0045185777404830318,108,103
fixed_train,7,1,impressed|2|08,"ac10307, ac419100",0,0.99435177782439621,0.0033967640175533997,102,98
fixed_train,7,1,impressed|2|08,"ac10307, ac419100",1,0.99435177782439621,0.0022730443326480776,102,99
fixed_train,7,1,impressed|2|08,"ac10307, ac419100",2,0.99435177782439621,0.0034126031430863346,102,98
fixed_train,7,1,impressed|2|08,"ac10307, ac419100",3,0.99435177782439621,0.0045185777404830318,102,100
fixed_train,7,1,impressed|2|08,"ac10307, ac419100",4,0.99435177782439621,0.0056580105658426971,102,100
fixed_train,7,1,impressed|2|08,"ac10307, ac419100",5,0.99435177782439621,0.0034126031430863346,102,96
fixed_train,7,1,impressed|2|08,"ac10307, ac419100",6,0.99435177782439621,0.0045542166524144001,102,100
fixed_train,7,1,impressed|2|08,"ac10307, ac419100",7,0.99435177782439621,0.0045362633350058967,102,100
fixed_train,7,1,impressed|2|08,"ac10307, ac419100",8,0.99435177782439621,0.0045362633350058967,102,97
fixed_train,7,1,impressed|2|08,"ac10307, ac419100",9,0.99435177782439621,0.0045362633350058967,102,98
fixed_train,7,1,impressed|2|09,"ac10307, ac415100",0,0.99435177782439621,0.0034126031430863346,45,43
fixed_train,7,1,impressed|2|09,"ac10307, ac415100",1,0.99435177782439621,0.0045362633350058967,45,44
fixed_train,7,1,impressed|2|09,"ac10307, ac415100",2,0.99435177782439621,0.0022730443326480776,45,44
fixed_train,7,1,impressed|2|09,"ac10307, ac415100",3,0.99435177782439621,0.0045362633350058967,45,45
fixed_train,7,1,impressed|2|09,"ac10307, ac415100",4,0.99435177782439621,0.0033967640175533997,45,45
fixed_train,7,1,impressed|2|09,"ac10307, ac415100",5,0.99435177782439621,0.0022730443326480776,45,45
fixed_train,7,1,impressed|2|09,"ac10307, ac415100",6,0.99435177782439621,0.0045362633350058967,45,45
fixed_train,7,1,impressed|2|09,"ac10307, ac415100",7,0.99435177782439621,0.0034126031430863346,45,45
fixed_train,7,1,impressed|2|09,"ac10307, ac415100",8,0.99435177782439621,0.0034126031430863346,45,45
fixed_train,7,1,impressed|2|09,"ac10307, ac415100",9,0.99435177782439621,0.0022592888702415159,45,44
fixed_train,7,1,impressed|2|10,"ac355201, ac415100",0,0.99435177782439621,0.0011238154402929412,24,24
fixed_train,7,1,impressed|2|10,"ac355201, ac415100",1,0.99435177782439621,0.0011238154402929412,24,23
fixed_train,7,1,impressed|2|10,"ac355201, ac415100",2,0.99435177782439621,0,24,23
fixed_train,7,1,impressed|2|10,"ac355201, ac415100",3,0.99435177782439621,0.0011238154402929412,24,24
fixed_train,7,1,impressed|2|10,"ac355201, ac415100",4,0.99435177782439621,0.0011238154402929412,24,24
fixed_train,7,1,impressed|2|10,"ac355201, ac415100",5,0.99435177782439621,0.0011238154402929412,24,21
fixed_train,7,1,impressed|2|10,"ac355201, ac415100",6,0.99435177782439621,0.0011238154402929412,24,24
fixed_train,7,1,impressed|2|10,"ac355201, ac415100",7,0.99435177782439621,0,24,22
fixed_train,7,1,impressed|2|10,"ac355201, ac415100",8,0.99435177782439621,0.0011238154402929412,24,23
fixed_train,7,1,impressed|2|10,"ac355201, ac415100",9,0.99435177782439621,0.0011238154402929412,24,21
fixed_train,7,1,impressed|3|01,"ac411100, ac415100, ac419100",0,0.99435177782439621,0.014738634791448768,150,145
fixed_train,7,1,impressed|3|01,"ac411100, ac415100, ac419100",1,0.99435177782439621,0.018074310961932016,150,148
fixed_train,7,1,impressed|3|01,"ac411100, ac415100, ac419100",2,0.99435177782439621,0.013623051166208322,150,148
fixed_train,7,1,impressed|3|01,"ac411100, ac415100, ac419100",3,0.99435177782439621,0.014738634791448768,150,145
fixed_train,7,1,impressed|3|01,"ac411100, ac415100, ac419100",4,0.99435177782439621,0.014702996758999887,150,144
fixed_train,7,1,impressed|3|01,"ac411100, ac415100, ac419100",5,0.99435177782439621,0.016964243307289073,150,147
fixed_train,7,1,impressed|3|01,"ac411100, ac415100, ac419100",6,0.99435177782439621,0.021393820238991168,150,145
fixed_train,7,1,impressed|3|01,"ac411100, ac415100, ac419100",7,0.99435177782439621,0.013623051166208322,150,146
fixed_train,7,1,impressed|3|01,"ac411100, ac415100, ac419100",8,0.99435177782439621,0.020289078593444754,150,147
fixed_train,7,1,impressed|3|01,"ac411100, ac415100, ac419100",9,0.99435177782439621,0.016964243307289073,150,146
fixed_train,7,1,impressed|3|02,"ac10307, ac411100, ac419100",0,0.99435177782439621,0.0034126031430863346,96,93
fixed_train,7,1,impressed|3|02,"ac10307, ac411100, ac419100",1,0.99435177782439621,0.0056580105658426971,96,92
fixed_train,7,1,impressed|3|02,"ac10307, ac411100, ac419100",2,0.99435177782439621,0.0034126031430863346,96,94
fixed_train,7,1,impressed|3|02,"ac10307, ac411100, ac419100",3,0.99435177782439621,0.0056580105658426971,96,94
fixed_train,7,1,impressed|3|02,"ac10307, ac411100, ac419100",4,0.99435177782439621,0.0056580105658426971,96,95
fixed_train,7,1,impressed|3|02,"ac10307, ac411100, ac419100",5,0.99435177782439621,0.0034126031430863346,96,96
fixed_train,7,1,impressed|3|02,"ac10307, ac411100, ac419100",6,0.99435177782439621,0.0045362633350058967,96,95
fixed_train,7,1,impressed|3|02,"ac10307, ac411100, ac419100",7,0.99435177782439621,0.0045185777404830318,96,94
fixed_train,7,1,impressed|3|02,"ac10307, ac411100, ac419100",8,0.99435177782439621,0.0034126031430863346,96,93
fixed_train,7,1,impressed|3|02,"ac10307, ac411100, ac419100",9,0.99435177782439621,0.0056580105658426971,96,92
fixed_train,7,1,impressed|3|03,"ac370000, ac411100, ac415100",0,0.99435177782439621,0.013589139344436618,97,97
fixed_train,7,1,impressed|3|03,"ac370000, ac411100, ac415100",1,0.99435177782439621,0.012505585807606967,97,97
fixed_train,7,1,impressed|3|03,"ac370000, ac411100, ac415100",2,0.99435177782439621,0.013589139344436618,97,97
fixed_train,7,1,impressed|3|03,"ac370000, ac411100, ac415100",3,0.99435177782439621,0.013589139344436618,97,96
fixed_train,7,1,impressed|3|03,"ac370000, ac411100, ac415100",4,0.99435177782439621,0.010208222132103817,97,97
fixed_train,7,1,impressed|3|03,"ac370000, ac411100, ac415100",5,0.99435177782439621,0.012473428461776237,97,97
fixed_train,7,1,impressed|3|03,"ac370000, ac411100, ac415100",6,0.99435177782439621,0.0090886339093114721,97,97
fixed_train,7,1,impressed|3|03,"ac370000, ac411100, ac415100",7,0.99435177782439621,0.0090886339093114721,97,97
fixed_train,7,1,impressed|3|03,"ac370000, ac411100, ac415100",8,0.99435177782439621,0.0091149583230870634,97,97
fixed_train,7,1,impressed|3|03,"ac370000, ac411100, ac415100",9,0.99435177782439621,0.0079671338118043611,97,97
fixed_train,7,1,impressed|3|04,"ac355201, ac415100, ac419100",0,0.99435177782439621,0.0022457389280196027,24,22
fixed_train,7,1,impressed|3|04,"ac355201, ac415100, ac419100",1,0.99435177782439621,0.0011238154402929412,24,24
fixed_train,7,1,impressed|3|04,"ac355201, ac415100, ac419100",2,0.99435177782439621,0.0011238154402929412,24,23
fixed_train,7,1,impressed|3|04,"ac355201, ac415100, ac419100",3,0.99435177782439621,0.0011238154402929412,24,23
fixed_train,7,1,impressed|3|04,"ac355201, ac415100, ac419100",4,0.99435177782439621,0.0033657919625944555,24,24
fixed_train,7,1,impressed|3|04,"ac355201, ac415100, ac419100",5,0.99435177782439621,0,24,24
fixed_train,7,1,impressed|3|04,"ac355201, ac415100, ac419100",6,0.99435177782439621,0,24,24
fixed_train,7,1,impressed|3|04,"ac355201, ac415100, ac419100",7,0.99435177782439621,0.0011238154402929412,24,24
fixed_train,7,1,impressed|3|04,"ac355201, ac415100, ac419100",8,0.99435177782439621,0.0022457389280196027,24,23
fixed_train,7,1,impressed|3|04,"ac355201, ac415100, ac419100",9,0.99435177782439621,0.0011238154402929412,24,23
fixed_train,7,1,impressed|3|05,"ac355201, ac411100, ac419100",0,0.99435177782439621,0.0011238154402929412,26,26
fixed_train,7,1,impressed|3|05,"ac355201, ac411100, ac419100",1,0.99435177782439621,0.0022592888702415159,26,26
fixed_train,7,1,impressed|3|05,"ac355201, ac411100, ac419100",2,0.99435177782439621,0.0011355174692639913,26,26
fixed_train,7,1,impressed|3|05,"ac355201, ac411100, ac419100",3,0.99435177782439621,0.0022592888702415159,26,25
fixed_train,7,1,impressed|3|05,"ac355201, ac411100, ac419100",4,0.99435177782439621,0.0022592888702415159,26,26
fixed_train,7,1,impressed|3|05,"ac355201, ac411100, ac419100",5,0.99435177782439621,0.0011355174692639913,26,25
fixed_train,7,1,impressed|3|05,"ac355201, ac411100, ac419100",6,0.99435177782439621,0.0022592888702415159,26,25
fixed_train,7,1,impressed|3|05,"ac355201, ac411100, ac419100",7,0.99435177782439621,0,26,26
fixed_train,7,1,impressed|3|05,"ac355201, ac411100, ac419100",8,0.99435177782439621,0.0022592888702415159,26,26
fixed_train,7,1,impressed|3|05,"ac355201, ac411100, ac419100",9,0.99435177782439621,0.0022592888702415159,26,26
fixed_train,7,1,impressed|3|06,"ac355427, ac415100, ac419100",0,0.99435177782439621,0.0022730443326480776,16,14
fixed_train,7,1,impressed|3|06,"ac355427, ac415100, ac419100",1,0.99435177782439621,0.0011355174692639913,16,16
fixed_train,7,1,impressed|3|06,"ac355427, ac415100, ac419100",2,0.99435177782439621,0.0011355174692639913,16,14
fixed_train,7,1,impressed|3|06,"ac355427, ac415100, ac419100",3,0.99435177782439621,0.0022730443326480776,16,15
fixed_train,7,1,impressed|3|06,"ac355427, ac415100, ac419100",4,0.99435177782439621,0.0022730443326480776,16,14
fixed_train,7,1,impressed|3|06,"ac355427, ac415100, ac419100",5,0.99435177782439621,0.0022730443326480776,16,16
fixed_train,7,1,impressed|3|06,"ac355427, ac415100, ac419100",6,0.99435177782439621,0.0022730443326480776,16,14
fixed_train,7,1,impressed|3|06,"ac355427, ac415100, ac419100",7,0.99435177782439621,0.0022730443326480776,16,16
fixed_train,7,1,impressed|3|06,"ac355427, ac415100, ac419100",8,0.99435177782439621,0.0011355174692639913,16,16
fixed_train,7,1,impressed|3|06,"ac355427, ac415100, ac419100",9,0.99435177782439621,0.0022730443326480776,16,15
fixed_train,7,1,impressed|3|07,"370407, ac10307, ac370000",0,0.99435177782439621,0.0045542166524144001,33,33
fixed_train,7,1,impressed|3|07,"370407, ac10307, ac370000",1,0.99435177782439621,0.0045542166524144001,33,33
fixed_train,7,1,impressed|3|07,"370407, ac10307, ac370000",2,0.99435177782439621,0.0068436997848270176,33,33
fixed_train,7,1,impressed|3|07,"370407, ac10307, ac370000",3,0.99435177782439621,0.0056979078139030026,33,33
fixed_train,7,1,impressed|3|07,"370407, ac10307, ac370000",4,0.99435177782439621,0.0056979078139030026,33,33
fixed_train,7,1,impressed|3|07,"370407, ac10307, ac370000",5,0.99435177782439621,0.0056979078139030026,33,33
fixed_train,7,1,impressed|3|07,"370407, ac10307, ac370000",6,0.99435177782439621,0.0056979078139030026,33,33
fixed_train,7,1,impressed|3|07,"370407, ac10307, ac370000",7,0.99435177782439621,0.0056979078139030026,33,33
fixed_train,7,1,impressed|3|07,"370407, ac10307, ac370000",8,0.99435177782439621,0.0056979078139030026,33,33
fixed_train,7,1,impressed|3|07,"370407, ac10307, ac370000",9,0.99435177782439621,0.0068214252808628251,33,33
fixed_train,7,1,impressed|3|08,"376400, ac370000, ac411100",0,0.99435177782439621,0.0022457389280196027,34,34
fixed_train,7,1,impressed|3|08,"376400, ac370000, ac411100",1,0.99435177782439621,0.0022457389280196027,34,34
fixed_train,7,1,impressed|3|08,"376400, ac370000, ac411100",2,0.99435177782439621,0.0011238154402929412,34,34
fixed_train,7,1,impressed|3|08,"376400, ac370000, ac411100",3,0.99435177782439621,0.0011238154402929412,34,34
fixed_train,7,1,impressed|3|08,"376400, ac370000, ac411100",4,0.99435177782439621,0.0022457389280196027,34,34
fixed_train,7,1,impressed|3|08,"376400, ac370000, ac411100",5,0.99435177782439621,0.0033657919625944555,34,34
fixed_train,7,1,impressed|3|08,"376400, ac370000, ac411100",6,0.99435177782439621,0.0044839958590136009,34,34
fixed_train,7,1,impressed|3|08,"376400, ac370000, ac411100",7,0.99435177782439621,0.0033657919625944555,34,34
fixed_train,7,1,impressed|3|08,"376400, ac370000, ac411100",8,0.99435177782439621,0.0011238154402929412,34,34
fixed_train,7,1,impressed|3|08,"376400, ac370000, ac411100",9,0.99435177782439621,0.0022457389280196027,34,34
fixed_train,7,1,impressed|3|09,"ac410500, ac411100, ac415100",0,0.99435177782439621,0,8,8
fixed_train,7,1,impressed|3|09,"ac410500, ac411100, ac415100",1,0.99435177782439621,0,8,8
fixed_train,7,1,impressed|3|09,"ac410500, ac411100, ac415100",2,0.99435177782439621,0.0011238154402929412,8,8
fixed_train,7,1,impressed|3|09,"ac410500, ac411100, ac415100",3,0.99435177782439621,0,8,8
fixed_train,7,1,impressed|3|09,"ac410500, ac411100, ac415100",4,0.99435177782439621,0,8,8
fixed_train,7,1,impressed|3|09,"ac410500, ac411100, ac415100",5,0.99435177782439621,0,8,8
fixed_train,7,1,impressed|3|09,"ac410500, ac411100, ac415100",6,0.99435177782439621,0,8,8
fixed_train,7,1,impressed|3|09,"ac410500, ac411100, ac415100",7,0.99435177782439621,0.0011238154402929412,8,8
fixed_train,7,1,impressed|3|09,"ac410500, ac411100, ac415100",8,0.99435177782439621,0,8,7
fixed_train,7,1,impressed|3|09,"ac410500, ac411100, ac415100",9,0.99435177782439621,0,8,8
fixed_train,7,1,impressed|3|10,"ac379999, ac415100, ac419100",0,0.99435177782439621,0.011238807882092194,102,101
fixed_train,7,1,impressed|3|10,"ac379999, ac415100, ac419100",1,0.99435177782439621,0.0090371554809659527,102,102
fixed_train,7,1,impressed|3|10,"ac379999, ac415100, ac419100",2,0.99435177782439621,0.012379806100792701,102,102
fixed_train,7,1,impressed|3|10,"ac379999, ac415100, ac419100",3,0.99435177782439621,0.013490411889784837,102,102
fixed_train,7,1,impressed|3|10,"ac379999, ac415100, ac419100",4,0.99435177782439621,0.0090371554809659527,102,101
fixed_train,7,1,impressed|3|10,"ac379999, ac415100, ac419100",5,0.99435177782439621,0.011267408760732178,102,102
fixed_train,7,1,impressed|3|10,"ac379999, ac415100, ac419100",6,0.99435177782439621,0.012379806100792701,102,102
fixed_train,7,1,impressed|3|10,"ac379999, ac415100, ac419100",7,0.99435177782439621,0.0090371554809659527,102,100
fixed_train,7,1,impressed|3|10,"ac379999, ac415100, ac419100",8,0.99435177782439621,0.0090371554809659527,102,101
fixed_train,7,1,impressed|3|10,"ac379999, ac415100, ac419100",9,0.99435177782439621,0.01015319892815536,102,102
fixed_test,7,2,apriori|1|01,ac419100,0,0.91501308620873845,0.0086082010804491293,153,130
fixed_test,7,2,apriori|1|01,ac419100,1,0.91501308620873845,0,153,131
fixed_test,7,2,apriori|1|01,ac419100,2,0.91501308620873845,0.0094429904212514071,153,126
fixed_test,7,2,apriori|1|01,ac419100,3,0.91501308620873845,0.0086082010804491293,153,129
fixed_test,7,2,apriori|1|01,ac419100,4,0.91501308620873845,0.0086082010804491293,153,122
fixed_test,7,2,apriori|1|01,ac419100,5,0.91501308620873845,0.0086082010804491293,153,132
fixed_test,7,2,apriori|1|01,ac419100,6,0.91501308620873845,0.0043191002459352923,153,122
fixed_test,7,2,apriori|1|01,ac419100,7,0.91501308620873845,0.0094429904212514071,153,127
fixed_test,7,2,apriori|1|01,ac419100,8,0.91501308620873845,0.01286877631295813,153,131
fixed_test,7,2,apriori|1|01,ac419100,9,0.91501308620873845,0.0035491867792230014,153,128
fixed_test,7,2,apriori|1|02,ac370000,0,0.91501308620873845,0.15788203183059735,143,142
fixed_test,7,2,apriori|1|02,ac370000,1,0.91501308620873845,0.18945989958462772,143,143
fixed_test,7,2,apriori|1|02,ac370000,2,0.91501308620873845,0.15788203183059735,143,142
fixed_test,7,2,apriori|1|02,ac370000,3,0.91501308620873845,0.20115357185962801,143,140
fixed_test,7,2,apriori|1|02,ac370000,4,0.91501308620873845,0.17934549249365128,143,141
fixed_test,7,2,apriori|1|02,ac370000,5,0.91501308620873845,0.21051919614783821,143,141
fixed_test,7,2,apriori|1|02,ac370000,6,0.91501308620873845,0.14915632035197257,143,143
fixed_test,7,2,apriori|1|02,ac370000,7,0.91501308620873845,0.13800664253562822,143,142
fixed_test,7,2,apriori|1|02,ac370000,8,0.91501308620873845,0.20408686608116045,143,143
fixed_test,7,2,apriori|1|02,ac370000,9,0.91501308620873845,0.18101240760410786,143,143
fixed_test,7,2,apriori|1|03,370407,0,0.91501308620873845,0.018885980842502703,121,118
fixed_test,7,2,apriori|1|03,370407,1,0.91501308620873845,0.01371973330248244,121,118
fixed_test,7,2,apriori|1|03,370407,2,0.91501308620873845,0.0043191002459352923,121,113
fixed_test,7,2,apriori|1|03,370407,3,0.91501308620873845,0,121,116
fixed_test,7,2,apriori|1|03,370407,4,0.91501308620873845,0.01371973330248244,121,113
fixed_test,7,2,apriori|1|03,370407,5,0.91501308620873845,0.015580658053411023,121,114
fixed_test,7,2,apriori|1|03,370407,6,0.91501308620873845,0.0051359893628030173,121,115
fixed_test,7,2,apriori|1|03,370407,7,0.91501308620873845,0.0094429904212514071,121,117
fixed_test,7,2,apriori|1|03,370407,8,0.91501308620873845,0.0094429904212514071,121,118
fixed_test,7,2,apriori|1|03,370407,9,0.91501308620873845,0.0094429904212514071,121,115
fixed_test,7,2,apriori|1|04,ac370419,0,0.91501308620873845,0.014622610747441533,116,110
fixed_test,7,2,apriori|1|04,ac370419,1,0.91501308620873845,0.00782141177568485,116,109
fixed_test,7,2,apriori|1|04,ac370419,2,0.91501308620873845,0.0043191002459352923,116,113
fixed_test,7,2,apriori|1|04,ac370419,3,0.91501308620873845,0.015580658053411023,116,109
fixed_test,7,2,apriori|1|04,ac370419,4,0.91501308620873845,0.0051359893628030173,116,111
fixed_test,7,2,apriori|1|04,ac370419,5,0.91501308620873845,0,116,112
fixed_test,7,2,apriori|1|04,ac370419,6,0.91501308620873845,0.014622610747441533,116,106
fixed_test,7,2,apriori|1|04,ac370419,7,0.91501308620873845,0.010328740846426876,116,112
fixed_test,7,2,apriori|1|04,ac370419,8,0.91501308620873845,0.018885980842502703,116,113
fixed_test,7,2,apriori|1|04,ac370419,9,0.91501308620873845,0.0094429904212514071,116,110
fixed_test,7,2,apriori|1|05,ac370443,0,0.91501308620873845,-0.00075131040672204996,113,103
fixed_test,7,2,apriori|1|05,ac370443,1,0.91501308620873845,0.0043191002459352923,113,104
fixed_test,7,2,apriori|1|05,ac370443,2,0.91501308620873845,0.0043191002459352923,113,111
fixed_test,7,2,apriori|1|05,ac370443,3,0.91501308620873845,0.0035491867792230014,113,108
fixed_test,7,2,apriori|1|05,ac370443,4,0.91501308620873845,0.0043191002459352923,113,106
fixed_test,7,2,apriori|1|05,ac370443,5,0.91501308620873845,0.0094429904212514071,113,111
fixed_test,7,2,apriori|1|05,ac370443,6,0.91501308620873845,0,113,111
fixed_test,7,2,apriori|1|05,ac370443,7,0.91501308620873845,0,113,107
fixed_test,7,2,apriori|1|05,ac370443,8,0.91501308620873845,0,113,110
fixed_test,7,2,apriori|1|05,ac370443,9,0.91501308620873845,0,113,110
fixed_test,7,2,apriori|1|06,ac370442,0,0.91501308620873845,0.0051359893628030173,111,108
fixed_test,7,2,apriori|1|06,ac370442,1,0.91501308620873845,-0.0050815328106118551,111,106
fixed_test,7,2,apriori|1|06,ac370442,2,0.91501308620873845,0.0043191002459352923,111,106
fixed_test,7,2,apriori|1|06,ac370442,3,0.91501308620873845,0.0043191002459352923,111,107
fixed_test,7,2,apriori|1|06,ac370442,4,0.91501308620873845,0.0051359893628030173,111,105
fixed_test,7,2,apriori|1|06,ac370442,5,0.91501308620873845,-0.00075131040672204996,111,108
fixed_test,7,2,apriori|1|06,ac370442,6,0.91501308620873845,0.0051359893628030173,111,107
fixed_test,7,2,apriori|1|06,ac370442,7,0.91501308620873845,0,111,106
fixed_test,7,2,apriori|1|06,ac370442,8,0.91501308620873845,0,111,106
fixed_test,7,2,apriori|1|06,ac370442,9,0.91501308620873845,0.0051359893628030173,111,103
fixed_test,7,2,apriori|1|07,370712b,0,0.91501308620873845,0.0051359893628030173,109,103
fixed_test,7,2,apriori|1|07,370712b,1,0.91501308620873845,0.0043191002459352923,109,107
fixed_test,7,2,apriori|1|07,370712b,2,0.91501308620873845,0.018885980842502703,109,102
fixed_test,7,2,apriori|1|07,370712b,3,0.91501308620873845,0.0043191002459352923,109,103
fixed_test,7,2,apriori|1|07,370712b,4,0.91501308620873845,0.0094429904212514071,109,102
fixed_test,7,2,apriori|1|07,370712b,5,0.91501308620873845,0.0094429904212514071,109,104
fixed_test,7,2,apriori|1|07,370712b,6,0.91501308620873845,0.010328740846426876,109,102
fixed_test,7,2,apriori|1|07,370712b,7,0.91501308620873845,0.0086082010804491293,109,107
fixed_test,7,2,apriori|1|07,370712b,8,0.91501308620873845,0.0051359893628030173,109,106
fixed_test,7,2,apriori|1|07,370712b,9,0.91501308620873845,0.0043191002459352923,109,105
fixed_test,7,2,apriori|1|08,370715a,0,0.91501308620873845,0.015580658053411023,109,105
fixed_test,7,2,apriori|1|08,370715a,1,0.91501308620873845,0.0094429904212514071,109,101
fixed_test,7,2,apriori|1|08,370715a,2,0.91501308620873845,0,109,105
fixed_test,7,2,apriori|1|08,370715a,3,0.91501308620873845,0,109,101
fixed_test,7,2,apriori|1|08,370715a,4,0.91501308620873845,0.0051359893628030173,109,97
fixed_test,7,2,apriori|1|08,370715a,5,0.91501308620873845,0.0051359893628030173,109,104
fixed_test,7,2,apriori|1|08,370715a,6,0.91501308620873845,0.0051359893628030173,109,104
fixed_test,7,2,apriori|1|08,370715a,7,0.91501308620873845,0,109,103
fixed_test,7,2,apriori|1|08,370715a,8,0.91501308620873845,0,109,104
fixed_test,7,2,apriori|1|08,370715a,9,0.91501308620873845,0,109,103
fixed_test,7,2,apriori|1|09,370488e,0,0.91501308620873845,0,109,103
fixed_test,7,2,apriori|1|09,370488e,1,0.91501308620873845,0,109,105
fixed_test,7,2,apriori|1|09,370488e,2,0.91501308620873845,0.0043191002459352923,109,105
fixed_test,7,2,apriori|1|09,370488e,3,0.91501308620873845,0.0043191002459352923,109,106
fixed_test,7,2,apriori|1|09,370488e,4,0.91501308620873845,0.01371973330248244,109,107
fixed_test,7,2,apriori|1|09,370488e,5,0.91501308620873845,0.0043191002459352923,109,106
fixed_test,7,2,apriori|1|09,370488e,6,0.91501308620873845,0.0051359893628030173,109,101
fixed_test,7,2,apriori|1|09,370488e,7,0.91501308620873845,0,109,107
fixed_test,7,2,apriori|1|09,370488e,8,0.91501308620873845,0.0043191002459352923,109,103
fixed_test,7,2,apriori|1|09,370488e,9,0.91501308620873845,0.014622610747441533,109,104
fixed_test,7,2,apriori|1|10,370488g,0,0.91501308620873845,0.0094429904212514071,111,106
fixed_test,7,2,apriori|1|10,370488g,1,0.91501308620873845,0.018885980842502703,111,104
fixed_test,7,2,apriori|1|10,370488g,2,0.91501308620873845,0,111,103
fixed_test,7,2,apriori|1|10,370488g,3,0.91501308620873845,0.010328740846426876,111,105
fixed_test,7,2,apriori|1|10,370488g,4,0.91501308620873845,0.0094429904212514071,111,108
fixed_test,7,2,apriori|1|10,370488g,5,0.91501308620873845,0.0086082010804491293,111,106
fixed_test,7,2,apriori|1|10,370488g,6,0.91501308620873845,0.0094429904212514071,111,105
fixed_test,7,2,apriori|1|10,370488g,7,0.91501308620873845,0.0051359893628030173,111,110
fixed_test,7,2,apriori|1|10,370488g,8,0.91501308620873845,0.0043191002459352923,111,104
fixed_test,7,2,apriori|1|10,370488g,9,0.91501308620873845,0.0051359893628030173,111,106
fixed_test,7,2,apriori|2|01,"370407, ac370000",0,0.91501308620873845,0.010328740846426876,121,120
fixed_test,7,2,apriori|2|01,"370407, ac370000",1,0.91501308620873845,0.010328740846426876,121,120
fixed_test,7,2,apriori|2|01,"370407, ac370000",2,0.91501308620873845,0.015580658053411023,121,121
fixed_test,7,2,apriori|2|01,"370407, ac370000",3,0.91501308620873845,0.020894248269675786,121,118
fixed_test,7,2,apriori|2|01,"370407, ac370000",4,0.91501308620873845,0.014622610747441533,121,121
fixed_test,7,2,apriori|2|01,"370407, ac370000",5,0.91501308620873845,0.024109232132079828,121,121
fixed_test,7,2,apriori|2|01,"370407, ac370000",6,0.91501308620873845,0.011268688082317846,121,121
fixed_test,7,2,apriori|2|01,"370407, ac370000",7,0.91501308620873845,0.010328740846426876,121,120
fixed_test,7,2,apriori|2|01,"370407, ac370000",8,0.91501308620873845,0.010328740846426876,121,120
fixed_test,7,2,apriori|2|01,"370407, ac370000",9,0.91501308620873845,0.014622610747441533,121,121
fixed_test,7,2,apriori|2|02,"ac370000, ac370419",0,0.91501308620873845,0.014622610747441533,116,114
fixed_test,7,2,apriori|2|02,"ac370000, ac370419",1,0.91501308620873845,0.024109232132079828,116,112
fixed_test,7,2,apriori|2|02,"ac370000, ac370419",2,0.91501308620873845,0,116,116
fixed_test,7,2,apriori|2|02,"ac370000, ac370419",3,0.91501308620873845,0.015580658053411023,116,115
fixed_test,7,2,apriori|2|02,"ac370000, ac370419",4,0.91501308620873845,0.024109232132079828,116,115
fixed_test,7,2,apriori|2|02,"ac370000, ac370419",5,0.91501308620873845,0.014622610747441533,116,115
fixed_test,7,2,apriori|2|02,"ac370000, ac370419",6,0.91501308620873845,0.011268688082317846,116,116
fixed_test,7,2,apriori|2|02,"ac370000, ac370419",7,0.91501308620873845,-0.0043506320218353878,116,116
fixed_test,7,2,apriori|2|02,"ac370000, ac370419",8,0.91501308620873845,0.025158522038618125,116,116
fixed_test,7,2,apriori|2|02,"ac370000, ac370419",9,0.91501308620873845,0.024109232132079828,116,116
fixed_test,7,2,apriori|2|03,"370407, ac370419",0,0.91501308620873845,0.019860306310195863,114,113
fixed_test,7,2,apriori|2|03,"370407, ac370419",1,0.91501308620873845,0.024109232132079828,114,113
fixed_test,7,2,apriori|2|03,"370407, ac370419",2,0.91501308620873845,0.015580658053411023,114,114
fixed_test,7,2,apriori|2|03,"370407, ac370419",3,0.91501308620873845,0.0043191002459352923,114,113
fixed_test,7,2,apriori|2|03,"370407, ac370419",4,0.91501308620873845,-0.0094429904212512961,114,114
fixed_test,7,2,apriori|2|03,"370407, ac370419",5,0.91501308620873845,-0.0043506320218353878,114,113
fixed_test,7,2,apriori|2|03,"370407, ac370419",6,0.91501308620873845,0.01371973330248244,114,113
fixed_test,7,2,apriori|2|03,"370407, ac370419",7,0.91501308620873845,0.01371973330248244,114,113
fixed_test,7,2,apriori|2|03,"370407, ac370419",8,0.91501308620873845,0.01371973330248244,114,114
fixed_test,7,2,apriori|2|03,"370407, ac370419",9,0.91501308620873845,-0.0043506320218353878,114,114
fixed_test,7,2,apriori|2|04,"ac370000, ac370443",0,0.91501308620873845,0.0060027940682041425,113,111
fixed_test,7,2,apriori|2|04,"ac370000, ac370443",1,0.91501308620873845,0.018885980842502703,113,112
fixed_test,7,2,apriori|2|04,"ac370000, ac370443",2,0.91501308620873845,0.0051359893628030173,113,113
fixed_test,7,2,apriori|2|04,"ac370000, ac370443",3,0.91501308620873845,0.015580658053411023,113,113
fixed_test,7,2,apriori|2|04,"ac370000, ac370443",4,0.91501308620873845,0.00079717538265811072,113,113
fixed_test,7,2,apriori|2|04,"ac370000, ac370443",5,0.91501308620873845,0.0051359893628030173,113,112
fixed_test,7,2,apriori|2|04,"ac370000, ac370443",6,0.91501308620873845,0.010328740846426876,113,111
fixed_test,7,2,apriori|2|04,"ac370000, ac370443",7,0.91501308620873845,0.0060027940682041425,113,111
fixed_test,7,2,apriori|2|04,"ac370000, ac370443",8,0.91501308620873845,0.010328740846426876,113,111
fixed_test,7,2,apriori|2|04,"ac370000, ac370443",9,0.91501308620873845,0.014622610747441533,113,112
fixed_test,7,2,apriori|2|05,"ac370419, ac370443",0,0.91501308620873845,0.015580658053411023,113,113
fixed_test,7,2,apriori|2|05,"ac370419, ac370443",1,0.91501308620873845,0.0051359893628030173,113,112
fixed_test,7,2,apriori|2|05,"ac370419, ac370443",2,0.91501308620873845,0.01371973330248244,113,113
fixed_test,7,2,apriori|2|05,"ac370419, ac370443",3,0.91501308620873845,0.018885980842502703,113,113
fixed_test,7,2,apriori|2|05,"ac370419, ac370443",4,0.91501308620873845,0.023120366359029476,113,113
fixed_test,7,2,apriori|2|05,"ac370419, ac370443",5,0.91501308620873845,0.0086082010804491293,113,112
fixed_test,7,2,apriori|2|05,"ac370419, ac370443",6,0.91501308620873845,0.0051359893628030173,113,113
fixed_test,7,2,apriori|2|05,"ac370419, ac370443",7,0.91501308620873845,0.0094429904212514071,113,113
fixed_test,7,2,apriori|2|05,"ac370419, ac370443",8,0.91501308620873845,0.01371973330248244,113,113
fixed_test,7,2,apriori|2|05,"ac370419, ac370443",9,0.91501308620873845,0,113,113
fixed_test,7,2,apriori|2|06,"ac370000, ac370442",0,0.91501308620873845,0.015580658053411023,111,111
fixed_test,7,2,apriori|2|06,"ac370000, ac370442",1,0.91501308620873845,0.010328740846426876,111,109
fixed_test,7,2,apriori|2|06,"ac370000, ac370442",2,0.91501308620873845,0.0051359893628030173,111,110
fixed_test,7,2,apriori|2|06,"ac370000, ac370442",3,0.91501308620873845,0.011268688082317846,111,111
fixed_test,7,2,apriori|2|06,"ac370000, ac370442",4,0.91501308620873845,0.0051359893628030173,111,111
fixed_test,7,2,apriori|2|06,"ac370000, ac370442",5,0.91501308620873845,0.0094429904212514071,111,111
fixed_test,7,2,apriori|2|06,"ac370000, ac370442",6,0.91501308620873845,0.014622610747441533,111,109
fixed_test,7,2,apriori|2|06,"ac370000, ac370442",7,0.91501308620873845,0.014622610747441533,111,111
fixed_test,7,2,apriori|2|06,"ac370000, ac370442",8,0.91501308620873845,0.015580658053411023,111,109
fixed_test,7,2,apriori|2|06,"ac370000, ac370442",9,0.91501308620873845,0.014622610747441533,111,110
fixed_test,7,2,apriori|2|07,"ac370442, ac370443",0,0.91501308620873845,0,110,110
fixed_test,7,2,apriori|2|07,"ac370442, ac370443",1,0.91501308620873845,-0.00075131040672204996,110,109
fixed_test,7,2,apriori|2|07,"ac370442, ac370443",2,0.91501308620873845,0.0094429904212514071,110,110
fixed_test,7,2,apriori|2|07,"ac370442, ac370443",3,0.91501308620873845,-0.00075131040672204996,110,110
fixed_test,7,2,apriori|2|07,"ac370442, ac370443",4,0.91501308620873845,0.01286877631295813,110,110
fixed_test,7,2,apriori|2|07,"ac370442, ac370443",5,0.91501308620873845,0.0051359893628030173,110,110
fixed_test,7,2,apriori|2|07,"ac370442, ac370443",6,0.91501308620873845,0.0035491867792230014,110,110
fixed_test,7,2,apriori|2|07,"ac370442, ac370443",7,0.91501308620873845,0.0043191002459352923,110,110
fixed_test,7,2,apriori|2|07,"ac370442, ac370443",8,0.91501308620873845,0,110,110
fixed_test,7,2,apriori|2|07,"ac370442, ac370443",9,0.91501308620873845,0.0043191002459352923,110,109
fixed_test,7,2,apriori|2|08,"ac370419, ac370442",0,0.91501308620873845,0.0094429904212514071,110,110
fixed_test,7,2,apriori|2|08,"ac370419, ac370442",1,0.91501308620873845,0.0043191002459352923,110,110
fixed_test,7,2,apriori|2|08,"ac370419, ac370442",2,0.91501308620873845,0.0043191002459352923,110,110
fixed_test,7,2,apriori|2|08,"ac370419, ac370442",3,0.91501308620873845,0.017967712567620087,110,109
fixed_test,7,2,apriori|2|08,"ac370419, ac370442",4,0.91501308620873845,0.0051359893628030173,110,110
fixed_test,7,2,apriori|2|08,"ac370419, ac370442",5,0.91501308620873845,0.0043191002459352923,110,110
fixed_test,7,2,apriori|2|08,"ac370419, ac370442",6,0.91501308620873845,0.018885980842502703,110,110
fixed_test,7,2,apriori|2|08,"ac370419, ac370442",7,0.91501308620873845,0.0051359893628030173,110,108
fixed_test,7,2,apriori|2|08,"ac370419, ac370442",8,0.91501308620873845,0.01371973330248244,110,110
fixed_test,7,2,apriori|2|08,"ac370419, ac370442",9,0.91501308620873845,0.0043191002459352923,110,110
fixed_test,7,2,apriori|2|09,"370407, ac370443",0,0.91501308620873845,0.0051359893628030173,111,110
fixed_test,7,2,apriori|2|09,"370407, ac370443",1,0.91501308620873845,0.01371973330248244,111,110
fixed_test,7,2,apriori|2|09,"370407, ac370443",2,0.91501308620873845,0.024109232132079828,111,111
fixed_test,7,2,apriori|2|09,"370407, ac370443",3,0.91501308620873845,0.014622610747441533,111,111
fixed_test,7,2,apriori|2|09,"370407, ac370443",4,0.91501308620873845,0.0043191002459352923,111,111
fixed_test,7,2,apriori|2|09,"370407, ac370443",5,0.91501308620873845,0.0086082010804491293,111,110
fixed_test,7,2,apriori|2|09,"370407, ac370443",6,0.91501308620873845,0.0094429904212514071,111,110
fixed_test,7,2,apriori|2|09,"370407, ac370443",7,0.91501308620873845,0.017967712567620087,111,111
fixed_test,7,2,apriori|2|09,"370407, ac370443",8,0.91501308620873845,0.0094429904212514071,111,111
fixed_test,7,2,apriori|2|09,"370407, ac370443",9,0.91501308620873845,0.0035491867792230014,111,111
fixed_test,7,2,apriori|2|10,"370712b, ac370000",0,0.91501308620873845,0.020894248269675786,109,109
fixed_test,7,2,apriori|2|10,"370712b, ac370000",1,0.91501308620873845,0.010328740846426876,109,109
fixed_test,7,2,apriori|2|10,"370712b, ac370000",2,0.91501308620873845,0.023120366359029476,109,109
fixed_test,7,2,apriori|2|10,"370712b, ac370000",3,0.91501308620873845,0.014622610747441533,109,109
fixed_test,7,2,apriori|2|10,"370712b, ac370000",4,0.91501308620873845,0.015580658053411023,109,108
fixed_test,7,2,apriori|2|10,"370712b, ac370000",5,0.91501308620873845,0.00079717538265811072,109,108
fixed_test,7,2,apriori|2|10,"370712b, ac370000",6,0.91501308620873845,0.019860306310195863,109,108
fixed_test,7,2,apriori|2|10,"370712b, ac370000",7,0.91501308620873845,0.00079717538265811072,109,108
fixed_test,7,2,apriori|2|10,"370712b, ac370000",8,0.91501308620873845,0,109,108
fixed_test,7,2,apriori|2|10,"370712b, ac370000",9,0.91501308620873845,0.014622610747441533,109,108
fixed_test,7,2,apriori|3|01,"370407, ac370000, ac370419",0,0.91501308620873845,0.015580658053411023,114,114
fixed_test,7,2,apriori|3|01,"370407, ac370000, ac370419",1,0.91501308620873845,0.023120366359029476,114,114
fixed_test,7,2,apriori|3|01,"370407, ac370000, ac370419",2,0.91501308620873845,0.00079717538265811072,114,114
fixed_test,7,2,apriori|3|01,"370407, ac370000, ac370419",3,0.91501308620873845,-0.0043506320218353878,114,114
fixed_test,7,2,apriori|3|01,"370407, ac370000, ac370419",4,0.91501308620873845,0.025158522038618125,114,114
fixed_test,7,2,apriori|3|01,"370407, ac370000, ac370419",5,0.91501308620873845,0,114,114
fixed_test,7,2,apriori|3|01,"370407, ac370000, ac370419",6,0.91501308620873845,0.0086082010804491293,114,114
fixed_test,7,2,apriori|3|01,"370407, ac370000, ac370419",7,0.91501308620873845,0.0051359893628030173,114,114
fixed_test,7,2,apriori|3|01,"370407, ac370000, ac370419",8,0.91501308620873845,0.0051359893628030173,114,114
fixed_test,7,2,apriori|3|01,"370407, ac370000, ac370419",9,0.91501308620873845,-0.00075131040672204996,114,114
fixed_test,7,2,apriori|3|02,"ac370000, ac370419, ac370443",0,0.91501308620873845,0.00079717538265811072,113,113
fixed_test,7,2,apriori|3|02,"ac370000, ac370419, ac370443",1,0.91501308620873845,0.010328740846426876,113,113
fixed_test,7,2,apriori|3|02,"ac370000, ac370419, ac370443",2,0.91501308620873845,0.0051359893628030173,113,113
fixed_test,7,2,apriori|3|02,"ac370000, ac370419, ac370443",3,0.91501308620873845,0.015580658053411023,113,113
fixed_test,7,2,apriori|3|02,"ac370000, ac370419, ac370443",4,0.91501308620873845,0.0043191002459352923,113,113
fixed_test,7,2,apriori|3|02,"ac370000, ac370419, ac370443",5,0.91501308620873845,0.0094429904212514071,113,113
fixed_test,7,2,apriori|3|02,"ac370000, ac370419, ac370443",6,0.91501308620873845,0.014622610747441533,113,113
fixed_test,7,2,apriori|3|02,"ac370000, ac370419, ac370443",7,0.91501308620873845,0.0051359893628030173,113,113
fixed_test,7,2,apriori|3|02,"ac370000, ac370419, ac370443",8,0.91501308620873845,0.015580658053411023,113,113
fixed_test,7,2,apriori|3|02,"ac370000, ac370419, ac370443",9,0.91501308620873845,0.014622610747441533,113,113
fixed_test,7,2,apriori|3|03,"ac370000, ac370442, ac370443",0,0.91501308620873845,0.0051359893628030173,110,109
fixed_test,7,2,apriori|3|03,"ac370000, ac370442, ac370443",1,0.91501308620873845,0.0051359893628030173,110,110
fixed_test,7,2,apriori|3|03,"ac370000, ac370442, ac370443",2,0.91501308620873845,0.00079717538265811072,110,110
fixed_test,7,2,apriori|3|03,"ac370000, ac370442, ac370443",3,0.91501308620873845,0.0060027940682041425,110,110
fixed_test,7,2,apriori|3|03,"ac370000, ac370442, ac370443",4,0.91501308620873845,0.021991703126292728,110,110
fixed_test,7,2,apriori|3|03,"ac370000, ac370442, ac370443",5,0.91501308620873845,0.020894248269675786,110,110
fixed_test,7,2,apriori|3|03,"ac370000, ac370442, ac370443",6,0.91501308620873845,0.0060027940682041425,110,110
fixed_test,7,2,apriori|3|03,"ac370000, ac370442, ac370443",7,0.91501308620873845,0.0060027940682041425,110,110
fixed_test,7,2,apriori|3|03,"ac370000, ac370442, ac370443",8,0.91501308620873845,0.014622610747441533,110,110
fixed_test,7,2,apriori|3|03,"ac370000, ac370442, ac370443",9,0.91501308620873845,0.011268688082317846,110,109
fixed_test,7,2,apriori|3|04,"ac370000, ac370419, ac370442",0,0.91501308620873845,0.019860306310195863,110,110
fixed_test,7,2,apriori|3|04,"ac370000, ac370419, ac370442",1,0.91501308620873845,0.024109232132079828,110,110
fixed_test,7,2,apriori|3|04,"ac370000, ac370419, ac370442",2,0.91501308620873845,-0.0050815328106118551,110,110
fixed_test,7,2,apriori|3|04,"ac370000, ac370419, ac370442",3,0.91501308620873845,0.015580658053411023,110,110
fixed_test,7,2,apriori|3|04,"ac370000, ac370419, ac370442",4,0.91501308620873845,0.015580658053411023,110,108
fixed_test,7,2,apriori|3|04,"ac370000, ac370419, ac370442",5,0.91501308620873845,0.0086082010804491293,110,110
fixed_test,7,2,apriori|3|04,"ac370000, ac370419, ac370442",6,0.91501308620873845,0.014622610747441533,110,110
fixed_test,7,2,apriori|3|04,"ac370000, ac370419, ac370442",7,0.91501308620873845,0.0060027940682041425,110,110
fixed_test,7,2,apriori|3|04,"ac370000, ac370419, ac370442",8,0.91501308620873845,0.014622610747441533,110,110
fixed_test,7,2,apriori|3|04,"ac370000, ac370419, ac370442",9,0.91501308620873845,0.00079717538265811072,110,110
fixed_test,7,2,apriori|3|05,"ac370419, ac370442, ac370443",0,0.91501308620873845,0.0051359893628030173,110,110
fixed_test,7,2,apriori|3|05,"ac370419, ac370442, ac370443",1,0.91501308620873845,0.00782141177568485,110,110
fixed_test,7,2,apriori|3|05,"ac370419, ac370442, ac370443",2,0.91501308620873845,0.0043191002459352923,110,110
fixed_test,7,2,apriori|3|05,"ac370419, ac370442, ac370443",3,0.91501308620873845,0.0043191002459352923,110,110
fixed_test,7,2,apriori|3|05,"ac370419, ac370442, ac370443",4,0.91501308620873845,0.014622610747441533,110,110
fixed_test,7,2,apriori|3|05,"ac370419, ac370442, ac370443",5,0.91501308620873845,0.01286877631295813,110,109
fixed_test,7,2,apriori|3|05,"ac370419, ac370442, ac370443",6,0.91501308620873845,0.0094429904212514071,110,110
fixed_test,7,2,apriori|3|05,"ac370419, ac370442, ac370443",7,0.91501308620873845,0.0043191002459352923,110,110
fixed_test,7,2,apriori|3|05,"ac370419, ac370442, ac370443",8,0.91501308620873845,0.01371973330248244,110,110
fixed_test,7,2,apriori|3|05,"ac370419, ac370442, ac370443",9,0.91501308620873845,0.00782141177568485,110,110
fixed_test,7,2,apriori|3|06,"370407, ac370000, ac370443",0,0.91501308620873845,0.011268688082317846,111,111
fixed_test,7,2,apriori|3|06,"370407, ac370000, ac370443",1,0.91501308620873845,0.014622610747441533,111,111
fixed_test,7,2,apriori|3|06,"370407, ac370000, ac370443",2,0.91501308620873845,0.015580658053411023,111,111
fixed_test,7,2,apriori|3|06,"370407, ac370000, ac370443",3,0.91501308620873845,0.019860306310195863,111,111
fixed_test,7,2,apriori|3|06,"370407, ac370000, ac370443",4,0.91501308620873845,0.010328740846426876,111,110
fixed_test,7,2,apriori|3|06,"370407, ac370000, ac370443",5,0.91501308620873845,0.025158522038618125,111,111
fixed_test,7,2,apriori|3|06,"370407, ac370000, ac370443",6,0.91501308620873845,0.0051359893628030173,111,111
fixed_test,7,2,apriori|3|06,"370407, ac370000, ac370443",7,0.91501308620873845,0.0043191002459352923,111,111
fixed_test,7,2,apriori|3|06,"370407, ac370000, ac370443",8,0.91501308620873845,0.0060027940682041425,111,111
fixed_test,7,2,apriori|3|06,"370407, ac370000, ac370443",9,0.91501308620873845,0.0094429904212514071,111,111
fixed_test,7,2,apriori|3|07,"370407, ac370419, ac370443",0,0.91501308620873845,0.018885980842502703,111,110
fixed_test,7,2,apriori|3|07,"370407, ac370419, ac370443",1,0.91501308620873845,0.0094429904212514071,111,111
fixed_test,7,2,apriori|3|07,"370407, ac370419, ac370443",2,0.91501308620873845,0.0094429904212514071,111,111
fixed_test,7,2,apriori|3|07,"370407, ac370419, ac370443",3,0.91501308620873845,0.024109232132079828,111,111
fixed_test,7,2,apriori|3|07,"370407, ac370419, ac370443",4,0.91501308620873845,0.01371973330248244,111,111
fixed_test,7,2,apriori|3|07,"370407, ac370419, ac370443",5,0.91501308620873845,-0.00075131040672204996,111,111
fixed_test,7,2,apriori|3|07,"370407, ac370419, ac370443",6,0.91501308620873845,0.023120366359029476,111,111
fixed_test,7,2,apriori|3|07,"370407, ac370419, ac370443",7,0.91501308620873845,0.01286877631295813,111,111
fixed_test,7,2,apriori|3|07,"370407, ac370419, ac370443",8,0.91501308620873845,0.0043191002459352923,111,111
fixed_test,7,2,apriori|3|07,"370407, ac370419, ac370443",9,0.91501308620873845,-0.00075131040672204996,111,111
fixed_test,7,2,apriori|3|08,"370407, ac370000, ac370442",0,0.91501308620873845,0.010328740846426876,109,109
fixed_test,7,2,apriori|3|08,"370407, ac370000, ac370442",1,0.91501308620873845,0.014622610747441533,109,109
fixed_test,7,2,apriori|3|08,"370407, ac370000, ac370442",2,0.91501308620873845,0.010328740846426876,109,109
fixed_test,7,2,apriori|3|08,"370407, ac370000, ac370442",3,0.91501308620873845,0.0094429904212514071,109,109
fixed_test,7,2,apriori|3|08,"370407, ac370000, ac370442",4,0.91501308620873845,0.0060027940682041425,109,109
fixed_test,7,2,apriori|3|08,"370407, ac370000, ac370442",5,0.91501308620873845,0.021991703126292728,109,109
fixed_test,7,2,apriori|3|08,"370407, ac370000, ac370442",6,0.91501308620873845,0.015580658053411023,109,109
fixed_test,7,2,apriori|3|08,"370407, ac370000, ac370442",7,0.91501308620873845,0.020894248269675786,109,109
fixed_test,7,2,apriori|3|08,"370407, ac370000, ac370442",8,0.91501308620873845,0.020894248269675786,109,109
fixed_test,7,2,apriori|3|08,"370407, ac370000, ac370442",9,0.91501308620873845,0.010328740846426876,109,109
fixed_test,7,2,apriori|3|09,"370407, ac370419, ac370442",0,0.91501308620873845,0.0086082010804491293,108,108
fixed_test,7,2,apriori|3|09,"370407, ac370419, ac370442",1,0.91501308620873845,0.0043191002459352923,108,108
fixed_test,7,2,apriori|3|09,"370407, ac370419, ac370442",2,0.91501308620873845,0.034736386023824894,108,108
fixed_test,7,2,apriori|3|09,"370407, ac370419, ac370442",3,0.91501308620873845,0.029391871773964739,108,108
fixed_test,7,2,apriori|3|09,"370407, ac370419, ac370442",4,0.91501308620873845,0.018885980842502703,108,108
fixed_test,7,2,apriori|3|09,"370407, ac370419, ac370442",5,0.91501308620873845,0.0043191002459352923,108,108
fixed_test,7,2,apriori|3|09,"370407, ac370419, ac370442",6,0.91501308620873845,0.012066763671816028,108,108
fixed_test,7,2,apriori|3|09,"370407, ac370419, ac370442",7,0.91501308620873845,0.018885980842502703,108,108
fixed_test,7,2,apriori|3|09,"370407, ac370419, ac370442",8,0.91501308620873845,0.0094429904212514071,108,108
fixed_test,7,2,apriori|3|09,"370407, ac370419, ac370442",9,0.91501308620873845,0.023120366359029476,108,108
fixed_test,7,2,apriori|3|10,"370407, ac370442, ac370443",0,0.91501308620873845,0.01286877631295813,108,108
fixed_test,7,2,apriori|3|10,"370407, ac370442, ac370443",1,0.91501308620873845,0.0043191002459352923,108,108
fixed_test,7,2,apriori|3|10,"370407, ac370442, ac370443",2,0.91501308620873845,0.0094429904212514071,108,108
fixed_test,7,2,apriori|3|10,"370407, ac370442, ac370443",3,0.91501308620873845,0.0086082010804491293,108,108
fixed_test,7,2,apriori|3|10,"370407, ac370442, ac370443",4,0.91501308620873845,0.018885980842502703,108,108
fixed_test,7,2,apriori|3|10,"370407, ac370442, ac370443",5,0.91501308620873845,0.019860306310195863,108,108
fixed_test,7,2,apriori|3|10,"370407, ac370442, ac370443",6,0.91501308620873845,0.0086082010804491293,108,108
fixed_test,7,2,apriori|3|10,"370407, ac370442, ac370443",7,0.91501308620873845,0.0094429904212514071,108,108
fixed_test,7,2,apriori|3|10,"370407, ac370442, ac370443",8,0.91501308620873845,0,108,108
fixed_test,7,2,apriori|3|10,"370407, ac370442, ac370443",9,0.91501308620873845,0.01371973330248244,108,108
fixed_test,7,2,impressed|1|01,ac419100,0,0.91501308620873845,0.0086082010804491293,153,130
fixed_test,7,2,impressed|1|01,ac419100,1,0.91501308620873845,0,153,131
fixed_test,7,2,impressed|1|01,ac419100,2,0.91501308620873845,0.0094429904212514071,153,126
fixed_test,7,2,impressed|1|01,ac419100,3,0.91501308620873845,0.0086082010804491293,153,129
fixed_test,7,2,impressed|1|01,ac419100,4,0.91501308620873845,0.0086082010804491293,153,122
fixed_test,7,2,impressed|1|01,ac419100,5,0.91501308620873845,0.0086082010804491293,153,132
fixed_test,7,2,impressed|1|01,ac419100,6,0.91501308620873845,0.0043191002459352923,153,122
fixed_test,7,2,impressed|1|01,ac419100,7,0.91501308620873845,0.0094429904212514071,153,127
fixed_test,7,2,impressed|1|01,ac419100,8,0.91501308620873845,0.01286877631295813,153,131
fixed_test,7,2,impressed|1|01,ac419100,9,0.91501308620873845,0.0035491867792230014,153,128
fixed_test,7,2,impressed|1|02,ac370000,0,0.91501308620873845,0.15788203183059735,143,142
fixed_test,7,2,impressed|1|02,ac370000,1,0.91501308620873845,0.18945989958462772,143,143
fixed_test,7,2,impressed|1|02,ac370000,2,0.91501308620873845,0.15788203183059735,143,142
fixed_test,7,2,impressed|1|02,ac370000,3,0.91501308620873845,0.20115357185962801,143,140
fixed_test,7,2,impressed|1|02,ac370000,4,0.91501308620873845,0.17934549249365128,143,141
fixed_test,7,2,impressed|1|02,ac370000,5,0.91501308620873845,0.21051919614783821,143,141
fixed_test,7,2,impressed|1|02,ac370000,6,0.91501308620873845,0.14915632035197257,143,143
fixed_test,7,2,impressed|1|02,ac370000,7,0.91501308620873845,0.13800664253562822,143,142
fixed_test,7,2,impressed|1|02,ac370000,8,0.91501308620873845,0.20408686608116045,143,143
fixed_test,7,2,impressed|1|02,ac370000,9,0.91501308620873845,0.18101240760410786,143,143
fixed_test,7,2,impressed|1|03,ac415100,0,0.91501308620873845,0.01286877631295813,45,40
fixed_test,7,2,impressed|1|03,ac415100,1,0.91501308620873845,-0.0043506320218353878,45,37
fixed_test,7,2,impressed|1|03,ac415100,2,0.91501308620873845,0,45,44
fixed_test,7,2,impressed|1|03,ac415100,3,0.91501308620873845,0,45,43
fixed_test,7,2,impressed|1|03,ac415100,4,0.91501308620873845,0.0043191002459352923,45,41
fixed_test,7,2,impressed|1|03,ac415100,5,0.91501308620873845,0.0086082010804491293,45,39
fixed_test,7,2,impressed|1|03,ac415100,6,0.91501308620873845,0.0086082010804491293,45,39
fixed_test,7,2,impressed|1|03,ac415100,7,0.91501308620873845,0.0086082010804491293,45,44
fixed_test,7,2,impressed|1|03,ac415100,8,0.91501308620873845,0.0043191002459352923,45,40
fixed_test,7,2,impressed|1|03,ac415100,9,0.91501308620873845,0.0043191002459352923,45,42
fixed_test,7,2,impressed|1|04,ac10307,0,0.91501308620873845,0,29,21
fixed_test,7,2,impressed|1|04,ac10307,1,0.91501308620873845,0,29,19
fixed_test,7,2,impressed|1|04,ac10307,2,0.91501308620873845,0,29,25
fixed_test,7,2,impressed|1|04,ac10307,3,0.91501308620873845,0,29,24
fixed_test,7,2,impressed|1|04,ac10307,4,0.91501308620873845,0,29,27
fixed_test,7,2,impressed|1|04,ac10307,5,0.91501308620873845,0,29,24
fixed_test,7,2,impressed|1|04,ac10307,6,0.91501308620873845,0,29,25
fixed_test,7,2,impressed|1|04,ac10307,7,0.91501308620873845,0,29,27
fixed_test,7,2,impressed|1|04,ac10307,8,0.91501308620873845,0,29,25
fixed_test,7,2,impressed|1|04,ac10307,9,0.91501308620873845,0,29,25
fixed_test,7,2,impressed|1|05,ac355427,0,0.91501308620873845,0,7,6
fixed_test,7,2,impressed|1|05,ac355427,1,0.91501308620873845,0,7,5
fixed_test,7,2,impressed|1|05,ac355427,2,0.91501308620873845,0,7,5
fixed_test,7,2,impressed|1|05,ac355427,3,0.91501308620873845,0.0043191002459352923,7,5
fixed_test,7,2,impressed|1|05,ac355427,4,0.91501308620873845,0.0043191002459352923,7,6
fixed_test,7,2,impressed|1|05,ac355427,5,0.91501308620873845,0.0043191002459352923,7,6
fixed_test,7,2,impressed|1|05,ac355427,6,0.91501308620873845,0.0043191002459352923,7,7
fixed_test,7,2,impressed|1|05,ac355427,7,0.91501308620873845,0,7,6
fixed_test,7,2,impressed|1|05,ac355427,8,0.91501308620873845,0,7,4
fixed_test,7,2,impressed|1|05,ac355427,9,0.91501308620873845,0,7,7
fixed_test,7,2,impressed|1|06,ac388170,0,0.91501308620873845,0,0,0
fixed_test,7,2,impressed|1|06,ac388170,1,0.91501308620873845,0,0,0
fixed_test,7,2,impressed|1|06,ac388170,2,0.91501308620873845,0,0,0
fixed_test,7,2,impressed|1|06,ac388170,3,0.91501308620873845,0,0,0
fixed_test,7,2,impressed|1|06,ac388170,4,0.91501308620873845,0,0,0
fixed_test,7,2,impressed|1|06,ac388170,5,0.91501308620873845,0,0,0
fixed_test,7,2,impressed|1|06,ac388170,6,0.91501308620873845,0,0,0
fixed_test,7,2,impressed|1|06,ac388170,7,0.91501308620873845,0,0,0
fixed_test,7,2,impressed|1|06,ac388170,8,0.91501308620873845,0,0,0
fixed_test,7,2,impressed|1|06,ac388170,9,0.91501308620873845,0,0,0
fixed_test,7,2,impressed|1|07,387070a,0,0.91501308620873845,0,1,0
fixed_test,7,2,impressed|1|07,387070a,1,0.91501308620873845,0,1,0
fixed_test,7,2,impressed|1|07,387070a,2,0.91501308620873845,0,1,0
fixed_test,7,2,impressed|1|07,387070a,3,0.91501308620873845,0,1,0
fixed_test,7,2,impressed|1|07,387070a,4,0.91501308620873845,0,1,0
fixed_test,7,2,impressed|1|07,387070a,5,0.91501308620873845,0,1,0
fixed_test,7,2,impressed|1|07,387070a,6,0.91501308620873845,0,1,0
fixed_test,7,2,impressed|1|07,387070a,7,0.91501308620873845,0,1,0
fixed_test,7,2,impressed|1|07,387070a,8,0.91501308620873845,0,1,0
fixed_test,7,2,impressed|1|07,387070a,9,0.91501308620873845,0,1,0
fixed_test,7,2,impressed|1|08,ac370402,0,0.91501308620873845,0,103,97
fixed_test,7,2,impressed|1|08,ac370402,1,0.91501308620873845,0,103,95
fixed_test,7,2,impressed|1|08,ac370402,2,0.91501308620873845,0.010328740846426876,103,98
fixed_test,7,2,impressed|1|08,ac370402,3,0.91501308620873845,0,103,99
fixed_test,7,2,impressed|1|08,ac370402,4,0.91501308620873845,0.0051359893628030173,103,98
fixed_test,7,2,impressed|1|08,ac370402,5,0.91501308620873845,0.014622610747441533,103,97
fixed_test,7,2,impressed|1|08,ac370402,6,0.91501308620873845,0.0094429904212514071,103,99
fixed_test,7,2,impressed|1|08,ac370402,7,0.91501308620873845,0.015580658053411023,103,99
fixed_test,7,2,impressed|1|08,ac370402,8,0.91501308620873845,0.0043191002459352923,103,99
fixed_test,7,2,impressed|1|08,ac370402,9,0.91501308620873845,0.0051359893628030173,103,99
fixed_test,7,2,impressed|1|09,370488g,0,0.91501308620873845,0.0094429904212514071,111,106
fixed_test,7,2,impressed|1|09,370488g,1,0.91501308620873845,0.018885980842502703,111,104
fixed_test,7,2,impressed|1|09,370488g,2,0.91501308620873845,0,111,103
fixed_test,7,2,impressed|1|09,370488g,3,0.91501308620873845,0.010328740846426876,111,105
fixed_test,7,2,impressed|1|09,370488g,4,0.91501308620873845,0.0094429904212514071,111,108
fixed_test,7,2,impressed|1|09,370488g,5,0.91501308620873845,0.0086082010804491293,111,106
fixed_test,7,2,impressed|1|09,370488g,6,0.91501308620873845,0.0094429904212514071,111,105
fixed_test,7,2,impressed|1|09,370488g,7,0.91501308620873845,0.0051359893628030173,111,110
fixed_test,7,2,impressed|1|09,370488g,8,0.91501308620873845,0.0043191002459352923,111,104
fixed_test,7,2,impressed|1|09,370488g,9,0.91501308620873845,0.0051359893628030173,111,106
fixed_test,7,2,impressed|1|10,370488e,0,0.91501308620873845,0,109,103
fixed_test,7,2,impressed|1|10,370488e,1,0.91501308620873845,0,109,105
fixed_test,7,2,impressed|1|10,370488e,2,0.91501308620873845,0.0043191002459352923,109,105
fixed_test,7,2,impressed|1|10,370488e,3,0.91501308620873845,0.0043191002459352923,109,106
fixed_test,7,2,impressed|1|10,370488e,4,0.91501308620873845,0.01371973330248244,109,107
fixed_test,7,2,impressed|1|10,370488e,5,0.91501308620873845,0.0043191002459352923,109,106
fixed_test,7,2,impressed|1|10,370488e,6,0.91501308620873845,0.0051359893628030173,109,101
fixed_test,7,2,impressed|1|10,370488e,7,0.91501308620873845,0,109,107
fixed_test,7,2,impressed|1|10,370488e,8,0.91501308620873845,0.0043191002459352923,109,103
fixed_test,7,2,impressed|1|10,370488e,9,0.91501308620873845,0.014622610747441533,109,104
fixed_test,7,2,impressed|2|01,"ac370000, ac370402",0,0.91501308620873845,0.0051359893628030173,103,103
fixed_test,7,2,impressed|2|01,"ac370000, ac370402",1,0.91501308620873845,0.018885980842502703,103,102
fixed_test,7,2,impressed|2|01,"ac370000, ac370402",2,0.91501308620873845,0.010328740846426876,103,103
fixed_test,7,2,impressed|2|01,"ac370000, ac370402",3,0.91501308620873845,0.01371973330248244,103,101
fixed_test,7,2,impressed|2|01,"ac370000, ac370402",4,0.91501308620873845,0.014622610747441533,103,102
fixed_test,7,2,impressed|2|01,"ac370000, ac370402",5,0.91501308620873845,0.015580658053411023,103,103
fixed_test,7,2,impressed|2|01,"ac370000, ac370402",6,0.91501308620873845,0.024109232132079828,103,101
fixed_test,7,2,impressed|2|01,"ac370000, ac370402",7,0.91501308620873845,0.0094429904212514071,103,103
fixed_test,7,2,impressed|2|01,"ac370000, ac370402",8,0.91501308620873845,0.014622610747441533,103,103
fixed_test,7,2,impressed|2|01,"ac370000, ac370402",9,0.91501308620873845,0.023120366359029476,103,103
fixed_test,7,2,impressed|2|02,"370401c, ac370000",0,0.91501308620873845,0.010328740846426876,106,105
fixed_test,7,2,impressed|2|02,"370401c, ac370000",1,0.91501308620873845,0,106,106
fixed_test,7,2,impressed|2|02,"370401c, ac370000",2,0.91501308620873845,0,106,106
fixed_test,7,2,impressed|2|02,"370401c, ac370000",3,0.91501308620873845,0.0060027940682041425,106,106
fixed_test,7,2,impressed|2|02,"370401c, ac370000",4,0.91501308620873845,0.0060027940682041425,106,106
fixed_test,7,2,impressed|2|02,"370401c, ac370000",5,0.91501308620873845,0.00079717538265811072,106,106
fixed_test,7,2,impressed|2|02,"370401c, ac370000",6,0.91501308620873845,0.0060027940682041425,106,106
fixed_test,7,2,impressed|2|02,"370401c, ac370000",7,0.91501308620873845,0.00079717538265811072,106,105
fixed_test,7,2,impressed|2|02,"370401c, ac370000",8,0.91501308620873845,0.0094429904212514071,106,105
fixed_test,7,2,impressed|2|02,"370401c, ac370000",9,0.91501308620873845,0.0043191002459352923,106,106
fixed_test,7,2,impressed|2|03,"ac370000, ac370403",0,0.91501308620873845,0.030519808457033726,107,104
fixed_test,7,2,impressed|2|03,"ac370000, ac370403",1,0.91501308620873845,0.0051359893628030173,107,106
fixed_test,7,2,impressed|2|03,"ac370000, ac370403",2,0.91501308620873845,0.020894248269675786,107,107
fixed_test,7,2,impressed|2|03,"ac370000, ac370403",3,0.91501308620873845,0.020894248269675786,107,107
fixed_test,7,2,impressed|2|03,"ac370000, ac370403",4,0.91501308620873845,0.020894248269675786,107,104
fixed_test,7,2,impressed|2|03,"ac370000, ac370403",5,0.91501308620873845,0.025158522038618125,107,105
fixed_test,7,2,impressed|2|03,"ac370000, ac370403",6,0.91501308620873845,0.025158522038618125,107,106
fixed_test,7,2,impressed|2|03,"ac370000, ac370403",7,0.91501308620873845,0.01371973330248244,107,107
fixed_test,7,2,impressed|2|03,"ac370000, ac370403",8,0.91501308620873845,0.015580658053411023,107,107
fixed_test,7,2,impressed|2|03,"ac370000, ac370403",9,0.91501308620873845,0.015580658053411023,107,106
fixed_test,7,2,impressed|2|04,"ac411100, ac419100",0,0.91501308620873845,0.0086082010804491293,90,83
fixed_test,7,2,impressed|2|04,"ac411100, ac419100",1,0.91501308620873845,0.0094429904212514071,90,83
fixed_test,7,2,impressed|2|04,"ac411100, ac419100",2,0.91501308620873845,-0.0050815328106118551,90,81
fixed_test,7,2,impressed|2|04,"ac411100, ac419100",3,0.91501308620873845,0.0086082010804491293,90,81
fixed_test,7,2,impressed|2|04,"ac411100, ac419100",4,0.91501308620873845,0.01286877631295813,90,83
fixed_test,7,2,impressed|2|04,"ac411100, ac419100",5,0.91501308620873845,0.0035491867792230014,90,84
fixed_test,7,2,impressed|2|04,"ac411100, ac419100",6,0.91501308620873845,0.017967712567620087,90,84
fixed_test,7,2,impressed|2|04,"ac411100, ac419100",7,0.91501308620873845,-0.0050815328106118551,90,83
fixed_test,7,2,impressed|2|04,"ac411100, ac419100",8,0.91501308620873845,0.0035491867792230014,90,84
fixed_test,7,2,impressed|2|04,"ac411100, ac419100",9,0.91501308620873845,0.0043191002459352923,90,77
fixed_test,7,2,impressed|2|05,"ac411100, ac415100",0,0.91501308620873845,0,41,39
fixed_test,7,2,impressed|2|05,"ac411100, ac415100",1,0.91501308620873845,0,41,41
fixed_test,7,2,impressed|2|05,"ac411100, ac415100",2,0.91501308620873845,0,41,40
fixed_test,7,2,impressed|2|05,"ac411100, ac415100",3,0.91501308620873845,-0.0050815328106118551,41,39
fixed_test,7,2,impressed|2|05,"ac411100, ac415100",4,0.91501308620873845,0,41,39
fixed_test,7,2,impressed|2|05,"ac411100, ac415100",5,0.91501308620873845,0,41,41
fixed_test,7,2,impressed|2|05,"ac411100, ac415100",6,0.91501308620873845,-0.0043506320218353878,41,39
fixed_test,7,2,impressed|2|05,"ac411100, ac415100",7,0.91501308620873845,0,41,39
fixed_test,7,2,impressed|2|05,"ac411100, ac415100",8,0.91501308620873845,0,41,39
fixed_test,7,2,impressed|2|05,"ac411100, ac415100",9,0.91501308620873845,-0.0094429904212512961,41,40
fixed_test,7,2,impressed|2|06,"ac415100, ac419100",0,0.91501308620873845,0.01286877631295813,42,39
fixed_test,7,2,impressed|2|06,"ac415100, ac419100",1,0.91501308620873845,0.01286877631295813,42,39
fixed_test,7,2,impressed|2|06,"ac415100, ac419100",2,0.91501308620873845,0,42,39
fixed_test,7,2,impressed|2|06,"ac415100, ac419100",3,0.91501308620873845,0.0043191002459352923,42,39
fixed_test,7,2,impressed|2|06,"ac415100, ac419100",4,0.91501308620873845,0,42,40
fixed_test,7,2,impressed|2|06,"ac415100, ac419100",5,0.91501308620873845,0,42,39
fixed_test,7,2,impressed|2|06,"ac415100, ac419100",6,0.91501308620873845,0,42,40
fixed_test,7,2,impressed|2|06,"ac415100, ac419100",7,0.91501308620873845,0.0086082010804491293,42,41
fixed_test,7,2,impressed|2|06,"ac415100, ac419100",8,0.91501308620873845,0.0043191002459352923,42,38
fixed_test,7,2,impressed|2|06,"ac415100, ac419100",9,0.91501308620873845,0,42,39
fixed_test,7,2,impressed|2|07,"ac10307, ac411100",0,0.91501308620873845,0,27,27
fixed_test,7,2,impressed|2|07,"ac10307, ac411100",1,0.91501308620873845,0,27,25
fixed_test,7,2,impressed|2|07,"ac10307, ac411100",2,0.91501308620873845,0,27,27
fixed_test,7,2,impressed|2|07,"ac10307, ac411100",3,0.91501308620873845,0,27,27
fixed_test,7,2,impressed|2|07,"ac10307, ac411100",4,0.91501308620873845,0,27,27
fixed_test,7,2,impressed|2|07,"ac10307, ac411100",5,0.91501308620873845,0,27,26
fixed_test,7,2,impressed|2|07,"ac10307, ac411100",6,0.91501308620873845,0,27,26
fixed_test,7,2,impressed|2|07,"ac10307, ac411100",7,0.91501308620873845,0.0051359893628030173,27,26
fixed_test,7,2,impressed|2|07,"ac10307, ac411100",8,0.91501308620873845,0,27,26
fixed_test,7,2,impressed|2|07,"ac10307, ac411100",9,0.91501308620873845,0.0043191002459352923,27,24
fixed_test,7,2,impressed|2|08,"ac10307, ac419100",0,0.91501308620873845,0.0051359893628030173,25,24
fixed_test,7,2,impressed|2|08,"ac10307, ac419100",1,0.91501308620873845,0.0051359893628030173,25,24
fixed_test,7,2,impressed|2|08,"ac10307, ac419100",2,0.91501308620873845,0,25,23
fixed_test,7,2,impressed|2|08,"ac10307, ac419100",3,0.91501308620873845,0,25,24
fixed_test,7,2,impressed|2|08,"ac10307, ac419100",4,0.91501308620873845,0,25,24
fixed_test,7,2,impressed|2|08,"ac10307, ac419100",5,0.91501308620873845,0,25,25
fixed_test,7,2,impressed|2|08,"ac10307, ac419100",6,0.91501308620873845,0.0051359893628030173,25,24
fixed_test,7,2,impressed|2|08,"ac10307, ac419100",7,0.91501308620873845,0,25,25
fixed_test,7,2,impressed|2|08,"ac10307, ac419100",8,0.91501308620873845,0,25,24
fixed_test,7,2,impressed|2|08,"ac10307, ac419100",9,0.91501308620873845,0,25,25
fixed_test,7,2,impressed|2|09,"ac10307, ac415100",0,0.91501308620873845,0,10,10
fixed_test,7,2,impressed|2|09,"ac10307, ac415100",1,0.91501308620873845,0,10,10
fixed_test,7,2,impressed|2|09,"ac10307, ac415100",2,0.91501308620873845,0,10,10
fixed_test,7,2,impressed|2|09,"ac10307, ac415100",3,0.91501308620873845,0,10,10
fixed_test,7,2,impressed|2|09,"ac10307, ac415100",4,0.91501308620873845,0,10,10
fixed_test,7,2,impressed|2|09,"ac10307, ac415100",5,0.91501308620873845,0,10,10
fixed_test,7,2,impressed|2|09,"ac10307, ac415100",6,0.91501308620873845,0,10,10
fixed_test,7,2,impressed|2|09,"ac10307, ac415100",7,0.91501308620873845,0,10,10
fixed_test,7,2,impressed|2|09,"ac10307, ac415100",8,0.91501308620873845,0,10,9
fixed_test,7,2,impressed|2|09,"ac10307, ac415100",9,0.91501308620873845,0,10,10
fixed_test,7,2,impressed|2|10,"ac355201, ac415100",0,0.91501308620873845,0,5,5
fixed_test,7,2,impressed|2|10,"ac355201, ac415100",1,0.91501308620873845,0,5,5
fixed_test,7,2,impressed|2|10,"ac355201, ac415100",2,0.91501308620873845,0,5,5
fixed_test,7,2,impressed|2|10,"ac355201, ac415100",3,0.91501308620873845,0,5,5
fixed_test,7,2,impressed|2|10,"ac355201, ac415100",4,0.91501308620873845,0,5,5
fixed_test,7,2,impressed|2|10,"ac355201, ac415100",5,0.91501308620873845,0,5,5
fixed_test,7,2,impressed|2|10,"ac355201, ac415100",6,0.91501308620873845,0,5,5
fixed_test,7,2,impressed|2|10,"ac355201, ac415100",7,0.91501308620873845,0,5,5
fixed_test,7,2,impressed|2|10,"ac355201, ac415100",8,0.91501308620873845,0,5,4
fixed_test,7,2,impressed|2|10,"ac355201, ac415100",9,0.91501308620873845,0,5,5
fixed_test,7,2,impressed|3|01,"ac411100, ac415100, ac419100",0,0.91501308620873845,0.0086082010804491293,37,37
fixed_test,7,2,impressed|3|01,"ac411100, ac415100, ac419100",1,0.91501308620873845,0,37,37
fixed_test,7,2,impressed|3|01,"ac411100, ac415100, ac419100",2,0.91501308620873845,0,37,36
fixed_test,7,2,impressed|3|01,"ac411100, ac415100, ac419100",3,0.91501308620873845,0,37,35
fixed_test,7,2,impressed|3|01,"ac411100, ac415100, ac419100",4,0.91501308620873845,-0.0043506320218353878,37,36
fixed_test,7,2,impressed|3|01,"ac411100, ac415100, ac419100",5,0.91501308620873845,-0.00075131040672204996,37,37
fixed_test,7,2,impressed|3|01,"ac411100, ac415100, ac419100",6,0.91501308620873845,0.01286877631295813,37,36
fixed_test,7,2,impressed|3|01,"ac411100, ac415100, ac419100",7,0.91501308620873845,0.0043191002459352923,37,37
fixed_test,7,2,impressed|3|01,"ac411100, ac415100, ac419100",8,0.91501308620873845,0,37,36
fixed_test,7,2,impressed|3|01,"ac411100, ac415100, ac419100",9,0.91501308620873845,0.0086082010804491293,37,35
fixed_test,7,2,impressed|3|02,"ac10307, ac411100, ac419100",0,0.91501308620873845,0.0051359893628030173,22,22
fixed_test,7,2,impressed|3|02,"ac10307, ac411100, ac419100",1,0.91501308620873845,0,22,20
fixed_test,7,2,impressed|3|02,"ac10307, ac411100, ac419100",2,0.91501308620873845,0,22,21
fixed_test,7,2,impressed|3|02,"ac10307, ac411100, ac419100",3,0.91501308620873845,0,22,21
fixed_test,7,2,impressed|3|02,"ac10307, ac411100, ac419100",4,0.91501308620873845,0,22,22
fixed_test,7,2,impressed|3|02,"ac10307, ac411100, ac419100",5,0.91501308620873845,0,22,22
fixed_test,7,2,impressed|3|02,"ac10307, ac411100, ac419100",6,0.91501308620873845,0,22,22
fixed_test,7,2,impressed|3|02,"ac10307, ac411100, ac419100",7,0.91501308620873845,0,22,21
fixed_test,7,2,impressed|3|02,"ac10307, ac411100, ac419100",8,0.91501308620873845,0,22,22
fixed_test,7,2,impressed|3|02,"ac10307, ac411100, ac419100",9,0.91501308620873845,0,22,22
fixed_test,7,2,impressed|3|03,"ac370000, ac411100, ac415100",0,0.91501308620873845,0,26,26
fixed_test,7,2,impressed|3|03,"ac370000, ac411100, ac415100",1,0.91501308620873845,0,26,26
fixed_test,7,2,impressed|3|03,"ac370000, ac411100, ac415100",2,0.91501308620873845,0.0086082010804491293,26,26
fixed_test,7,2,impressed|3|03,"ac370000, ac411100, ac415100",3,0.91501308620873845,0,26,25
fixed_test,7,2,impressed|3|03,"ac370000, ac411100, ac415100",4,0.91501308620873845,-0.0043506320218353878,26,26
fixed_test,7,2,impressed|3|03,"ac370000, ac411100, ac415100",5,0.91501308620873845,0,26,26
fixed_test,7,2,impressed|3|03,"ac370000, ac411100, ac415100",6,0.91501308620873845,0,26,26
fixed_test,7,2,impressed|3|03,"ac370000, ac411100, ac415100",7,0.91501308620873845,0.0043191002459352923,26,26
fixed_test,7,2,impressed|3|03,"ac370000, ac411100, ac415100",8,0.91501308620873845,0,26,26
fixed_test,7,2,impressed|3|03,"ac370000, ac411100, ac415100",9,0.91501308620873845,-0.0043506320218353878,26,26
fixed_test,7,2,impressed|3|04,"ac355201, ac415100, ac419100",0,0.91501308620873845,0,5,5
fixed_test,7,2,impressed|3|04,"ac355201, ac415100, ac419100",1,0.91501308620873845,0,5,5
fixed_test,7,2,impressed|3|04,"ac355201, ac415100, ac419100",2,0.91501308620873845,0,5,5
fixed_test,7,2,impressed|3|04,"ac355201, ac415100, ac419100",3,0.91501308620873845,0,5,5
fixed_test,7,2,impressed|3|04,"ac355201, ac415100, ac419100",4,0.91501308620873845,0,5,5
fixed_test,7,2,impressed|3|04,"ac355201, ac415100, ac419100",5,0.91501308620873845,0,5,5
fixed_test,7,2,impressed|3|04,"ac355201, ac415100, ac419100",6,0.91501308620873845,0,5,5
fixed_test,7,2,impressed|3|04,"ac355201, ac415100, ac419100",7,0.91501308620873845,0,5,5
fixed_test,7,2,impressed|3|04,"ac355201, ac415100, ac419100",8,0.91501308620873845,0,5,5
fixed_test,7,2,impressed|3|04,"ac355201, ac415100, ac419100",9,0.91501308620873845,0,5,5
fixed_test,7,2,impressed|3|05,"ac355201, ac411100, ac419100",0,0.91501308620873845,0,6,6
fixed_test,7,2,impressed|3|05,"ac355201, ac411100, ac419100",1,0.91501308620873845,0,6,6
fixed_test,7,2,impressed|3|05,"ac355201, ac411100, ac419100",2,0.91501308620873845,0,6,6
fixed_test,7,2,impressed|3|05,"ac355201, ac411100, ac419100",3,0.91501308620873845,0,6,6
fixed_test,7,2,impressed|3|05,"ac355201, ac411100, ac419100",4,0.91501308620873845,0,6,6
fixed_test,7,2,impressed|3|05,"ac355201, ac411100, ac419100",5,0.91501308620873845,0,6,6
fixed_test,7,2,impressed|3|05,"ac355201, ac411100, ac419100",6,0.91501308620873845,0,6,6
fixed_test,7,2,impressed|3|05,"ac355201, ac411100, ac419100",7,0.91501308620873845,0,6,6
fixed_test,7,2,impressed|3|05,"ac355201, ac411100, ac419100",8,0.91501308620873845,0,6,6
fixed_test,7,2,impressed|3|05,"ac355201, ac411100, ac419100",9,0.91501308620873845,0,6,6
fixed_test,7,2,impressed|3|06,"ac355427, ac415100, ac419100",0,0.91501308620873845,0,1,1
fixed_test,7,2,impressed|3|06,"ac355427, ac415100, ac419100",1,0.91501308620873845,0,1,1
fixed_test,7,2,impressed|3|06,"ac355427, ac415100, ac419100",2,0.91501308620873845,0,1,1
fixed_test,7,2,impressed|3|06,"ac355427, ac415100, ac419100",3,0.91501308620873845,0,1,1
fixed_test,7,2,impressed|3|06,"ac355427, ac415100, ac419100",4,0.91501308620873845,0,1,1
fixed_test,7,2,impressed|3|06,"ac355427, ac415100, ac419100",5,0.91501308620873845,0,1,1
fixed_test,7,2,impressed|3|06,"ac355427, ac415100, ac419100",6,0.91501308620873845,0,1,1
fixed_test,7,2,impressed|3|06,"ac355427, ac415100, ac419100",7,0.91501308620873845,0,1,1
fixed_test,7,2,impressed|3|06,"ac355427, ac415100, ac419100",8,0.91501308620873845,0,1,1
fixed_test,7,2,impressed|3|06,"ac355427, ac415100, ac419100",9,0.91501308620873845,0,1,1
fixed_test,7,2,impressed|3|07,"370407, ac10307, ac370000",0,0.91501308620873845,0.0051359893628030173,11,11
fixed_test,7,2,impressed|3|07,"370407, ac10307, ac370000",1,0.91501308620873845,0.0051359893628030173,11,11
fixed_test,7,2,impressed|3|07,"370407, ac10307, ac370000",2,0.91501308620873845,0.0051359893628030173,11,11
fixed_test,7,2,impressed|3|07,"370407, ac10307, ac370000",3,0.91501308620873845,0.0051359893628030173,11,11
fixed_test,7,2,impressed|3|07,"370407, ac10307, ac370000",4,0.91501308620873845,0,11,11
fixed_test,7,2,impressed|3|07,"370407, ac10307, ac370000",5,0.91501308620873845,0,11,11
fixed_test,7,2,impressed|3|07,"370407, ac10307, ac370000",6,0.91501308620873845,0.0051359893628030173,11,11
fixed_test,7,2,impressed|3|07,"370407, ac10307, ac370000",7,0.91501308620873845,0.0051359893628030173,11,11
fixed_test,7,2,impressed|3|07,"370407, ac10307, ac370000",8,0.91501308620873845,0.0051359893628030173,11,11
fixed_test,7,2,impressed|3|07,"370407, ac10307, ac370000",9,0.91501308620873845,0.0051359893628030173,11,11
fixed_test,7,2,impressed|3|08,"376400, ac370000, ac411100",0,0.91501308620873845,0,8,8
fixed_test,7,2,impressed|3|08,"376400, ac370000, ac411100",1,0.91501308620873845,0,8,8
fixed_test,7,2,impressed|3|08,"376400, ac370000, ac411100",2,0.91501308620873845,0,8,8
fixed_test,7,2,impressed|3|08,"376400, ac370000, ac411100",3,0.91501308620873845,0,8,8
fixed_test,7,2,impressed|3|08,"376400, ac370000, ac411100",4,0.91501308620873845,0,8,8
fixed_test,7,2,impressed|3|08,"376400, ac370000, ac411100",5,0.91501308620873845,0,8,8
fixed_test,7,2,impressed|3|08,"376400, ac370000, ac411100",6,0.91501308620873845,0.0043191002459352923,8,8
fixed_test,7,2,impressed|3|08,"376400, ac370000, ac411100",7,0.91501308620873845,0,8,8
fixed_test,7,2,impressed|3|08,"376400, ac370000, ac411100",8,0.91501308620873845,0,8,8
fixed_test,7,2,impressed|3|08,"376400, ac370000, ac411100",9,0.91501308620873845,0,8,8
fixed_test,7,2,impressed|3|09,"ac410500, ac411100, ac415100",0,0.91501308620873845,0,3,3
fixed_test,7,2,impressed|3|09,"ac410500, ac411100, ac415100",1,0.91501308620873845,0,3,2
fixed_test,7,2,impressed|3|09,"ac410500, ac411100, ac415100",2,0.91501308620873845,0,3,3
fixed_test,7,2,impressed|3|09,"ac410500, ac411100, ac415100",3,0.91501308620873845,0,3,3
fixed_test,7,2,impressed|3|09,"ac410500, ac411100, ac415100",4,0.91501308620873845,0,3,3
fixed_test,7,2,impressed|3|09,"ac410500, ac411100, ac415100",5,0.91501308620873845,0,3,3
fixed_test,7,2,impressed|3|09,"ac410500, ac411100, ac415100",6,0.91501308620873845,0,3,2
fixed_test,7,2,impressed|3|09,"ac410500, ac411100, ac415100",7,0.91501308620873845,0,3,3
fixed_test,7,2,impressed|3|09,"ac410500, ac411100, ac415100",8,0.91501308620873845,0,3,2
fixed_test,7,2,impressed|3|09,"ac410500, ac411100, ac415100",9,0.91501308620873845,0,3,3
fixed_test,7,2,impressed|3|10,"ac379999, ac415100, ac419100",0,0.91501308620873845,0.0043191002459352923,25,25
fixed_test,7,2,impressed|3|10,"ac379999, ac415100, ac419100",1,0.91501308620873845,0.0043191002459352923,25,25
fixed_test,7,2,impressed|3|10,"ac379999, ac415100, ac419100",2,0.91501308620873845,0.0043191002459352923,25,25
fixed_test,7,2,impressed|3|10,"ac379999, ac415100, ac419100",3,0.91501308620873845,0.0086082010804491293,25,25
fixed_test,7,2,impressed|3|10,"ac379999, ac415100, ac419100",4,0.91501308620873845,-0.0043506320218353878,25,25
fixed_test,7,2,impressed|3|10,"ac379999, ac415100, ac419100",5,0.91501308620873845,-0.0043506320218353878,25,24
fixed_test,7,2,impressed|3|10,"ac379999, ac415100, ac419100",6,0.91501308620873845,0.0043191002459352923,25,25
fixed_test,7,2,impressed|3|10,"ac379999, ac415100, ac419100",7,0.91501308620873845,0,25,25
fixed_test,7,2,impressed|3|10,"ac379999, ac415100, ac419100",8,0.91501308620873845,-0.0043506320218353878,25,25
fixed_test,7,2,impressed|3|10,"ac379999, ac415100, ac419100",9,0.91501308620873845,0.0043191002459352923,25,24
fixed_train,7,2,apriori|1|01,ac419100,0,0.99435159550639574,0.019452467073766244,603,492
fixed_train,7,2,apriori|1|01,ac419100,1,0.99435159550639574,0.022902090983653811,603,492
fixed_train,7,2,apriori|1|01,ac419100,2,0.99435159550639574,0.027408276939784648,603,497
fixed_train,7,2,apriori|1|01,ac419100,3,0.99435159550639574,0.018201539821668944,603,482
fixed_train,7,2,apriori|1|01,ac419100,4,0.99435159550639574,0.020618051345473343,603,488
fixed_train,7,2,apriori|1|01,ac419100,5,0.99435159550639574,0.021683523717836772,603,496
fixed_train,7,2,apriori|1|01,ac419100,6,0.99435159550639574,0.022848734673110216,603,490
fixed_train,7,2,apriori|1|01,ac419100,7,0.99435159550639574,0.017170569658550572,603,501
fixed_train,7,2,apriori|1|01,ac419100,8,0.99435159550639574,0.020568963539773,603,494
fixed_train,7,2,apriori|1|01,ac419100,9,0.99435159550639574,0.021838352144430861,603,494
fixed_train,7,2,apriori|1|02,ac370000,0,0.99435159550639574,0.24629186899307431,559,554
fixed_train,7,2,apriori|1|02,ac370000,1,0.99435159550639574,0.23749040127081977,559,555
fixed_train,7,2,apriori|1|02,ac370000,2,0.99435159550639574,0.25319352015998986,559,554
fixed_train,7,2,apriori|1|02,ac370000,3,0.99435159550639574,0.26486756113123888,559,554
fixed_train,7,2,apriori|1|02,ac370000,4,0.99435159550639574,0.24830666304955828,559,556
fixed_train,7,2,apriori|1|02,ac370000,5,0.99435159550639574,0.26091505686432526,559,556
fixed_train,7,2,apriori|1|02,ac370000,6,0.99435159550639574,0.22706594150428416,559,556
fixed_train,7,2,apriori|1|02,ac370000,7,0.99435159550639574,0.23379647950328875,559,556
fixed_train,7,2,apriori|1|02,ac370000,8,0.99435159550639574,0.23292807265935012,559,554
fixed_train,7,2,apriori|1|02,ac370000,9,0.99435159550639574,0.24830666304955828,559,556
fixed_train,7,2,apriori|1|03,370407,0,0.99435159550639574,0.015969472135116458,465,431
fixed_train,7,2,apriori|1|03,370407,1,0.99435159550639574,0.020520604056952441,465,447
fixed_train,7,2,apriori|1|03,370407,2,0.99435159550639574,0.017128202349263155,465,447
fixed_train,7,2,apriori|1|03,370407,3,0.99435159550639574,0.016009421273098901,465,446
fixed_train,7,2,apriori|1|03,370407,4,0.99435159550639574,0.020618051345473343,465,441
fixed_train,7,2,apriori|1|03,370407,5,0.99435159550639574,0.021683523717836772,465,446
fixed_train,7,2,apriori|1|03,370407,6,0.99435159550639574,0.027532994524179011,465,443
fixed_train,7,2,apriori|1|03,370407,7,0.99435159550639574,0.020568963539773,465,446
fixed_train,7,2,apriori|1|03,370407,8,0.99435159550639574,0.027470170260015192,465,456
fixed_train,7,2,apriori|1|03,370407,9,0.99435159550639574,0.022848734673110216,465,444
fixed_train,7,2,apriori|1|04,ac370419,0,0.99435159550639574,0.010266003506680055,454,427
fixed_train,7,2,apriori|1|04,ac370419,1,0.99435159550639574,0.0090893199332312546,454,430
fixed_train,7,2,apriori|1|04,ac370419,2,0.99435159550639574,0.018334011707292652,454,432
fixed_train,7,2,apriori|1|04,ac370419,3,0.99435159550639574,0.011387270017305107,454,440
fixed_train,7,2,apriori|1|04,ac370419,4,0.99435159550639574,0.016009421273098901,454,434
fixed_train,7,2,apriori|1|04,ac370419,5,0.99435159550639574,0.014850541664976569,454,428
fixed_train,7,2,apriori|1|04,ac370419,6,0.99435159550639574,0.012539490363863481,454,429
fixed_train,7,2,apriori|1|04,ac370419,7,0.99435159550639574,0.0091158467491838646,454,432
fixed_train,7,2,apriori|1|04,ac370419,8,0.99435159550639574,0.013729650139761684,454,436
fixed_train,7,2,apriori|1|04,ac370419,9,0.99435159550639574,0.015930116553547702,454,429
fixed_train,7,2,apriori|1|05,ac370443,0,0.99435159550639574,0.0056984709556031632,444,421
fixed_train,7,2,apriori|1|05,ac370443,1,0.99435159550639574,0.0079435428385044027,444,430
fixed_train,7,2,apriori|1|05,ac370443,2,0.99435159550639574,0.0079435428385044027,444,419
fixed_train,7,2,apriori|1|05,ac370443,3,0.99435159550639574,0.0068219777137180637,444,427
fixed_train,7,2,apriori|1|05,ac370443,4,0.99435159550639574,0.0068219777137180637,444,427
fixed_train,7,2,apriori|1|05,ac370443,5,0.99435159550639574,0.0091427742523625399,444,420
fixed_train,7,2,apriori|1|05,ac370443,6,0.99435159550639574,0.0091427742523625399,444,422
fixed_train,7,2,apriori|1|05,ac370443,7,0.99435159550639574,0.0068219777137180637,444,415
fixed_train,7,2,apriori|1|05,ac370443,8,0.99435159550639574,0.0079435428385044027,444,423
fixed_train,7,2,apriori|1|05,ac370443,9,0.99435159550639574,0.0079925166494965172,444,416
fixed_train,7,2,apriori|1|06,ac370442,0,0.99435159550639574,0.010266003506680055,440,419
fixed_train,7,2,apriori|1|06,ac370442,1,0.99435159550639574,0.011418340213280476,440,412
fixed_train,7,2,apriori|1|06,ac370442,2,0.99435159550639574,0.0090893199332312546,440,418
fixed_train,7,2,apriori|1|06,ac370442,3,0.99435159550639574,0.0068444234810627336,440,417
fixed_train,7,2,apriori|1|06,ac370442,4,0.99435159550639574,0.010266003506680055,440,412
fixed_train,7,2,apriori|1|06,ac370442,5,0.99435159550639574,0.0079678460454446487,440,419
fixed_train,7,2,apriori|1|06,ac370442,6,0.99435159550639574,0.0079435428385044027,440,424
fixed_train,7,2,apriori|1|06,ac370442,7,0.99435159550639574,0.010237221135286023,440,422
fixed_train,7,2,apriori|1|06,ac370442,8,0.99435159550639574,0.0079678460454446487,440,413
fixed_train,7,2,apriori|1|06,ac370442,9,0.99435159550639574,0.0091158467491838646,440,418
fixed_train,7,2,apriori|1|07,370712b,0,0.99435159550639574,0.010266003506680055,434,412
fixed_train,7,2,apriori|1|07,370712b,1,0.99435159550639574,0.0090893199332312546,434,412
fixed_train,7,2,apriori|1|07,370712b,2,0.99435159550639574,0.011387270017305107,434,410
fixed_train,7,2,apriori|1|07,370712b,3,0.99435159550639574,0.011418340213280476,434,411
fixed_train,7,2,apriori|1|07,370712b,4,0.99435159550639574,0.012606774828119671,434,416
fixed_train,7,2,apriori|1|07,370712b,5,0.99435159550639574,0.0079435428385044027,434,415
fixed_train,7,2,apriori|1|07,370712b,6,0.99435159550639574,0.011418340213280476,434,409
fixed_train,7,2,apriori|1|07,370712b,7,0.99435159550639574,0.012506596225127398,434,421
fixed_train,7,2,apriori|1|07,370712b,8,0.99435159550639574,0.011418340213280476,434,416
fixed_train,7,2,apriori|1|07,370712b,9,0.99435159550639574,0.0091427742523625399,434,424
fixed_train,7,2,apriori|1|08,370715a,0,0.99435159550639574,0.0091427742523625399,429,407
fixed_train,7,2,apriori|1|08,370715a,1,0.99435159550639574,0.0090893199332312546,429,412
fixed_train,7,2,apriori|1|08,370715a,2,0.99435159550639574,0.011418340213280476,429,412
fixed_train,7,2,apriori|1|08,370715a,3,0.99435159550639574,0.0091158467491838646,429,407
fixed_train,7,2,apriori|1|08,370715a,4,0.99435159550639574,0.0090893199332312546,429,407
fixed_train,7,2,apriori|1|08,370715a,5,0.99435159550639574,0.011418340213280476,429,410
fixed_train,7,2,apriori|1|08,370715a,6,0.99435159550639574,0.011449879006424357,429,410
fixed_train,7,2,apriori|1|08,370715a,7,0.99435159550639574,0.0056984709556031632,429,405
fixed_train,7,2,apriori|1|08,370715a,8,0.99435159550639574,0.011418340213280476,429,412
fixed_train,7,2,apriori|1|08,370715a,9,0.99435159550639574,0.007919602167649864,429,402
fixed_train,7,2,apriori|1|09,370488e,0,0.99435159550639574,0.0068444234810627336,424,398
fixed_train,7,2,apriori|1|09,370488e,1,0.99435159550639574,0.0079435428385044027,424,406
fixed_train,7,2,apriori|1|09,370488e,2,0.99435159550639574,0.0068219777137180637,424,403
fixed_train,7,2,apriori|1|09,370488e,3,0.99435159550639574,0.010237221135286023,424,402
fixed_train,7,2,apriori|1|09,370488e,4,0.99435159550639574,0.0079678460454446487,424,403
fixed_train,7,2,apriori|1|09,370488e,5,0.99435159550639574,0.0091158467491838646,424,395
fixed_train,7,2,apriori|1|09,370488e,6,0.99435159550639574,0.0068219777137180637,424,402
fixed_train,7,2,apriori|1|09,370488e,7,0.99435159550639574,0.0068444234810627336,424,404
fixed_train,7,2,apriori|1|09,370488e,8,0.99435159550639574,0.0079435428385044027,424,398
fixed_train,7,2,apriori|1|09,370488e,9,0.99435159550639574,0.0079678460454446487,424,401
fixed_train,7,2,apriori|1|10,370488g,0,0.99435159550639574,0.0056782182831529582,421,402
fixed_train,7,2,apriori|1|10,370488g,1,0.99435159550639574,0.0068219777137180637,421,393
fixed_train,7,2,apriori|1|10,370488g,2,0.99435159550639574,0.0079678460454446487,421,402
fixed_train,7,2,apriori|1|10,370488g,3,0.99435159550639574,0.0056782182831529582,421,397
fixed_train,7,2,apriori|1|10,370488g,4,0.99435159550639574,0.0079678460454446487,421,401
fixed_train,7,2,apriori|1|10,370488g,5,0.99435159550639574,0.0067998664877221282,421,405
fixed_train,7,2,apriori|1|10,370488g,6,0.99435159550639574,0.0056782182831529582,421,399
fixed_train,7,2,apriori|1|10,370488g,7,0.99435159550639574,0.0067998664877221282,421,404
fixed_train,7,2,apriori|1|10,370488g,8,0.99435159550639574,0.0079678460454446487,421,404
fixed_train,7,2,apriori|1|10,370488g,9,0.99435159550639574,0.0056782182831529582,421,395
fixed_train,7,2,apriori|2|01,"370407, ac370000",0,0.99435159550639574,0.039509070926406875,465,462
fixed_train,7,2,apriori|2|01,"370407, ac370000",1,0.99435159550639574,0.037105663569234726,465,461
fixed_train,7,2,apriori|2|01,"370407, ac370000",2,0.99435159550639574,0.045457749590873564,465,463
fixed_train,7,2,apriori|2|01,"370407, ac370000",3,0.99435159550639574,0.04445538725839937,465,460
fixed_train,7,2,apriori|2|01,"370407, ac370000",4,0.99435159550639574,0.039416694275334452,465,462
fixed_train,7,2,apriori|2|01,"370407, ac370000",5,0.99435159550639574,0.043237984707745647,465,460
fixed_train,7,2,apriori|2|01,"370407, ac370000",6,0.99435159550639574,0.036165721575513898,465,463
fixed_train,7,2,apriori|2|01,"370407, ac370000",7,0.99435159550639574,0.045457749590873564,465,463
fixed_train,7,2,apriori|2|01,"370407, ac370000",8,0.99435159550639574,0.032561767015635956,465,463
fixed_train,7,2,apriori|2|01,"370407, ac370000",9,0.99435159550639574,0.042124978339701413,465,460
fixed_train,7,2,apriori|2|02,"ac370000, ac370419",0,0.99435159550639574,0.032483602157036051,454,449
fixed_train,7,2,apriori|2|02,"ac370000, ac370419",1,0.99435159550639574,0.039602828866005302,454,453
fixed_train,7,2,apriori|2|02,"ac370000, ac370419",2,0.99435159550639574,0.038396694438554646,454,450
fixed_train,7,2,apriori|2|02,"ac370000, ac370419",3,0.99435159550639574,0.033599296967332881,454,448
fixed_train,7,2,apriori|2|02,"ac370000, ac370419",4,0.99435159550639574,0.04424398100545246,454,452
fixed_train,7,2,apriori|2|02,"ac370000, ac370419",5,0.99435159550639574,0.033599296967332881,454,452
fixed_train,7,2,apriori|2|02,"ac370000, ac370419",6,0.99435159550639574,0.03471295270746777,454,449
fixed_train,7,2,apriori|2|02,"ac370000, ac370419",7,0.99435159550639574,0.034877534985892966,454,449
fixed_train,7,2,apriori|2|02,"ac370000, ac370419",8,0.99435159550639574,0.039697988187543332,454,452
fixed_train,7,2,apriori|2|02,"ac370000, ac370419",9,0.99435159550639574,0.034961676726558144,454,450
fixed_train,7,2,apriori|2|03,"370407, ac370419",0,0.99435159550639574,0.025186130621834613,444,443
fixed_train,7,2,apriori|2|03,"370407, ac370419",1,0.99435159550639574,0.026298159319412706,444,443
fixed_train,7,2,apriori|2|03,"370407, ac370419",2,0.99435159550639574,0.020472963089790297,444,441
fixed_train,7,2,apriori|2|03,"370407, ac370419",3,0.99435159550639574,0.022956249832070896,444,444
fixed_train,7,2,apriori|2|03,"370407, ac370419",4,0.99435159550639574,0.031000604357109274,444,439
fixed_train,7,2,apriori|2|03,"370407, ac370419",5,0.99435159550639574,0.026298159319412706,444,441
fixed_train,7,2,apriori|2|03,"370407, ac370419",6,0.99435159550639574,0.02407216835743109,444,442
fixed_train,7,2,apriori|2|03,"370407, ac370419",7,0.99435159550639574,0.028392221854017907,444,444
fixed_train,7,2,apriori|2|03,"370407, ac370419",8,0.99435159550639574,0.022796170017870376,444,443
fixed_train,7,2,apriori|2|03,"370407, ac370419",9,0.99435159550639574,0.019452467073766244,444,440
fixed_train,7,2,apriori|2|04,"ac370000, ac370443",0,0.99435159550639574,0.028912426889530551,444,442
fixed_train,7,2,apriori|2|04,"ac370000, ac370443",1,0.99435159550639574,0.029958721654517739,444,441
fixed_train,7,2,apriori|2|04,"ac370000, ac370443",2,0.99435159550639574,0.028912426889530551,444,444
fixed_train,7,2,apriori|2|04,"ac370000, ac370443",3,0.99435159550639574,0.027727183228570595,444,441
fixed_train,7,2,apriori|2|04,"ac370000, ac370443",4,0.99435159550639574,0.032483602157036051,444,442
fixed_train,7,2,apriori|2|04,"ac370000, ac370443",5,0.99435159550639574,0.032406589438835121,444,439
fixed_train,7,2,apriori|2|04,"ac370000, ac370443",6,0.99435159550639574,0.030100226170202249,444,440
fixed_train,7,2,apriori|2|04,"ac370000, ac370443",7,0.99435159550639574,0.030245999045378946,444,440
fixed_train,7,2,apriori|2|04,"ac370000, ac370443",8,0.99435159550639574,0.028776501576810443,444,440
fixed_train,7,2,apriori|2|04,"ac370000, ac370443",9,0.99435159550639574,0.036078531336862119,444,444
fixed_train,7,2,apriori|2|05,"ac370419, ac370443",0,0.99435159550639574,0.022848734673110216,442,437
fixed_train,7,2,apriori|2|05,"ac370419, ac370443",1,0.99435159550639574,0.021683523717836772,442,440
fixed_train,7,2,apriori|2|05,"ac370419, ac370443",2,0.99435159550639574,0.013729650139761684,442,442
fixed_train,7,2,apriori|2|05,"ac370419, ac370443",3,0.99435159550639574,0.018289192406435895,442,441
fixed_train,7,2,apriori|2|05,"ac370419, ac370443",4,0.99435159550639574,0.014812977221046908,442,439
fixed_train,7,2,apriori|2|05,"ac370419, ac370443",5,0.99435159550639574,0.011387270017305107,442,441
fixed_train,7,2,apriori|2|05,"ac370419, ac370443",6,0.99435159550639574,0.013693906174198411,442,440
fixed_train,7,2,apriori|2|05,"ac370419, ac370443",7,0.99435159550639574,0.018289192406435895,442,441
fixed_train,7,2,apriori|2|05,"ac370419, ac370443",8,0.99435159550639574,0.011387270017305107,442,442
fixed_train,7,2,apriori|2|05,"ac370419, ac370443",9,0.99435159550639574,0.020618051345473343,442,441
fixed_train,7,2,apriori|2|06,"ac370000, ac370442",0,0.99435159550639574,0.024304316038445961,440,437
fixed_train,7,2,apriori|2|06,"ac370000, ac370442",1,0.99435159550639574,0.028981920324869792,440,438
fixed_train,7,2,apriori|2|06,"ac370000, ac370442",2,0.99435159550639574,0.032483602157036051,440,436
fixed_train,7,2,apriori|2|06,"ac370000, ac370442",3,0.99435159550639574,0.032406589438835121,440,437
fixed_train,7,2,apriori|2|06,"ac370000, ac370442",4,0.99435159550639574,0.031071495314837994,440,435
fixed_train,7,2,apriori|2|06,"ac370000, ac370442",5,0.99435159550639574,0.031143449639237764,440,438
fixed_train,7,2,apriori|2|06,"ac370000, ac370442",6,0.99435159550639574,0.028912426889530551,440,436
fixed_train,7,2,apriori|2|06,"ac370000, ac370442",7,0.99435159550639574,0.026481507838782781,440,437
fixed_train,7,2,apriori|2|06,"ac370000, ac370442",8,0.99435159550639574,0.027661487709477739,440,440
fixed_train,7,2,apriori|2|06,"ac370000, ac370442",9,0.99435159550639574,0.030028947899065406,440,440
fixed_train,7,2,apriori|2|07,"ac370442, ac370443",0,0.99435159550639574,0.0090893199332312546,439,437
fixed_train,7,2,apriori|2|07,"ac370442, ac370443",1,0.99435159550639574,0.013589832477536423,439,437
fixed_train,7,2,apriori|2|07,"ac370442, ac370443",2,0.99435159550639574,0.010208867393855958,439,435
fixed_train,7,2,apriori|2|07,"ac370442, ac370443",3,0.99435159550639574,0.012442271054734499,439,437
fixed_train,7,2,apriori|2|07,"ac370442, ac370443",4,0.99435159550639574,0.012506596225127398,439,437
fixed_train,7,2,apriori|2|07,"ac370442, ac370443",5,0.99435159550639574,0.014812977221046908,439,437
fixed_train,7,2,apriori|2|07,"ac370442, ac370443",6,0.99435159550639574,0.013624004372257636,439,436
fixed_train,7,2,apriori|2|07,"ac370442, ac370443",7,0.99435159550639574,0.0079925166494965172,439,434
fixed_train,7,2,apriori|2|07,"ac370442, ac370443",8,0.99435159550639574,0.017045346404810369,439,438
fixed_train,7,2,apriori|2|07,"ac370442, ac370443",9,0.99435159550639574,0.010266003506680055,439,435
fixed_train,7,2,apriori|2|08,"ac370419, ac370442",0,0.99435159550639574,0.016009421273098901,438,437
fixed_train,7,2,apriori|2|08,"ac370419, ac370442",1,0.99435159550639574,0.019405863033549853,438,435
fixed_train,7,2,apriori|2|08,"ac370419, ac370442",2,0.99435159550639574,0.014850541664976569,438,438
fixed_train,7,2,apriori|2|08,"ac370419, ac370442",3,0.99435159550639574,0.015969472135116458,438,434
fixed_train,7,2,apriori|2|08,"ac370419, ac370442",4,0.99435159550639574,0.015891346591770827,438,437
fixed_train,7,2,apriori|2|08,"ac370419, ac370442",5,0.99435159550639574,0.020520604056952441,438,438
fixed_train,7,2,apriori|2|08,"ac370419, ac370442",6,0.99435159550639574,0.019359950935413872,438,436
fixed_train,7,2,apriori|2|08,"ac370419, ac370442",7,0.99435159550639574,0.014812977221046908,438,437
fixed_train,7,2,apriori|2|08,"ac370419, ac370442",8,0.99435159550639574,0.0090893199332312546,438,438
fixed_train,7,2,apriori|2|08,"ac370419, ac370442",9,0.99435159550639574,0.012539490363863481,438,436
fixed_train,7,2,apriori|2|09,"370407, ac370443",0,0.99435159550639574,0.017170569658550572,434,434
fixed_train,7,2,apriori|2|09,"370407, ac370443",1,0.99435159550639574,0.026066139281316292,434,434
fixed_train,7,2,apriori|2|09,"370407, ac370443",2,0.99435159550639574,0.024128915197600409,434,434
fixed_train,7,2,apriori|2|09,"370407, ac370443",3,0.99435159550639574,0.020568963539773,434,433
fixed_train,7,2,apriori|2|09,"370407, ac370443",4,0.99435159550639574,0.021683523717836772,434,433
fixed_train,7,2,apriori|2|09,"370407, ac370443",5,0.99435159550639574,0.022796170017870376,434,433
fixed_train,7,2,apriori|2|09,"370407, ac370443",6,0.99435159550639574,0.017004841059910514,434,432
fixed_train,7,2,apriori|2|09,"370407, ac370443",7,0.99435159550639574,0.018289192406435895,434,433
fixed_train,7,2,apriori|2|09,"370407, ac370443",8,0.99435159550639574,0.019359950935413872,434,434
fixed_train,7,2,apriori|2|09,"370407, ac370443",9,0.99435159550639574,0.017128202349263155,434,433
fixed_train,7,2,apriori|2|10,"370712b, ac370000",0,0.99435159550639574,0.024244976989329925,434,431
fixed_train,7,2,apriori|2|10,"370712b, ac370000",1,0.99435159550639574,0.025425418558075785,434,430
fixed_train,7,2,apriori|2|10,"370712b, ac370000",2,0.99435159550639574,0.02779386290156971,434,433
fixed_train,7,2,apriori|2|10,"370712b, ac370000",3,0.99435159550639574,0.031290608646101337,434,430
fixed_train,7,2,apriori|2|10,"370712b, ac370000",4,0.99435159550639574,0.028912426889530551,434,429
fixed_train,7,2,apriori|2|10,"370712b, ac370000",5,0.99435159550639574,0.036934241910549948,434,432
fixed_train,7,2,apriori|2|10,"370712b, ac370000",6,0.99435159550639574,0.030100226170202249,434,431
fixed_train,7,2,apriori|2|10,"370712b, ac370000",7,0.99435159550639574,0.034877534985892966,434,434
fixed_train,7,2,apriori|2|10,"370712b, ac370000",8,0.99435159550639574,0.031071495314837994,434,431
fixed_train,7,2,apriori|2|10,"370712b, ac370000",9,0.99435159550639574,0.028912426889530551,434,433
fixed_train,7,2,apriori|3|01,"370407, ac370000, ac370419",0,0.99435159550639574,0.044038755687533238,444,444
fixed_train,7,2,apriori|3|01,"370407, ac370000, ac370419",1,0.99435159550639574,0.042932796999860523,444,441
fixed_train,7,2,apriori|3|01,"370407, ac370000, ac370419",2,0.99435159550639574,0.037105663569234726,444,443
fixed_train,7,2,apriori|3|01,"370407, ac370000, ac370419",3,0.99435159550639574,0.033599296967332881,444,443
fixed_train,7,2,apriori|3|01,"370407, ac370000, ac370419",4,0.99435159550639574,0.034877534985892966,444,444
fixed_train,7,2,apriori|3|01,"370407, ac370000, ac370419",5,0.99435159550639574,0.038488728579353926,444,443
fixed_train,7,2,apriori|3|01,"370407, ac370000, ac370419",6,0.99435159550639574,0.039325679244733069,444,443
fixed_train,7,2,apriori|3|01,"370407, ac370000, ac370419",7,0.99435159550639574,0.038041922289145824,444,444
fixed_train,7,2,apriori|3|01,"370407, ac370000, ac370419",8,0.99435159550639574,0.034794632863135444,444,441
fixed_train,7,2,apriori|3|01,"370407, ac370000, ac370419",9,0.99435159550639574,0.027727183228570595,444,443
fixed_train,7,2,apriori|3|02,"ac370000, ac370419, ac370443",0,0.99435159550639574,0.038974856254449075,442,442
fixed_train,7,2,apriori|3|02,"ac370000, ac370419, ac370443",1,0.99435159550639574,0.030028947899065406,442,442
fixed_train,7,2,apriori|3|02,"ac370000, ac370419, ac370443",2,0.99435159550639574,0.035907985288564537,442,442
fixed_train,7,2,apriori|3|02,"ac370000, ac370419, ac370443",3,0.99435159550639574,0.03821667360979597,442,441
fixed_train,7,2,apriori|3|02,"ac370000, ac370419, ac370443",4,0.99435159550639574,0.042736759442784544,442,442
fixed_train,7,2,apriori|3|02,"ac370000, ac370419, ac370443",5,0.99435159550639574,0.040714857540247285,442,441
fixed_train,7,2,apriori|3|02,"ac370000, ac370419, ac370443",6,0.99435159550639574,0.035824593166157603,442,441
fixed_train,7,2,apriori|3|02,"ac370000, ac370419, ac370443",7,0.99435159550639574,0.030028947899065406,442,442
fixed_train,7,2,apriori|3|02,"ac370000, ac370419, ac370443",8,0.99435159550639574,0.038396694438554646,442,442
fixed_train,7,2,apriori|3|02,"ac370000, ac370419, ac370443",9,0.99435159550639574,0.040341413172448326,442,442
fixed_train,7,2,apriori|3|03,"ac370000, ac370442, ac370443",0,0.99435159550639574,0.030028947899065406,439,438
fixed_train,7,2,apriori|3|03,"ac370000, ac370442, ac370443",1,0.99435159550639574,0.030861954149843607,439,439
fixed_train,7,2,apriori|3|03,"ac370000, ac370442, ac370443",2,0.99435159550639574,0.032406589438835121,439,438
fixed_train,7,2,apriori|3|03,"ac370000, ac370442, ac370443",3,0.99435159550639574,0.033366489052865655,439,439
fixed_train,7,2,apriori|3|03,"ac370000, ac370442, ac370443",4,0.99435159550639574,0.031216482315073013,439,437
fixed_train,7,2,apriori|3|03,"ac370000, ac370442, ac370443",5,0.99435159550639574,0.034632477240055137,439,439
fixed_train,7,2,apriori|3|03,"ac370000, ac370442, ac370443",6,0.99435159550639574,0.028710041303939837,439,439
fixed_train,7,2,apriori|3|03,"ac370000, ac370442, ac370443",7,0.99435159550639574,0.027661487709477739,439,439
fixed_train,7,2,apriori|3|03,"ac370000, ac370442, ac370443",8,0.99435159550639574,0.033366489052865655,439,439
fixed_train,7,2,apriori|3|03,"ac370000, ac370442, ac370443",9,0.99435159550639574,0.034632477240055137,439,439
fixed_train,7,2,apriori|3|04,"ac370000, ac370419, ac370442",0,0.99435159550639574,0.02779386290156971,438,438
fixed_train,7,2,apriori|3|04,"ac370000, ac370419, ac370442",1,0.99435159550639574,0.03439811156234085,438,437
fixed_train,7,2,apriori|3|04,"ac370000, ac370419, ac370442",2,0.99435159550639574,0.040432704017242305,438,438
fixed_train,7,2,apriori|3|04,"ac370000, ac370419, ac370442",3,0.99435159550639574,0.030100226170202249,438,438
fixed_train,7,2,apriori|3|04,"ac370000, ac370419, ac370442",4,0.99435159550639574,0.03701931597610042,438,438
fixed_train,7,2,apriori|3|04,"ac370000, ac370419, ac370442",5,0.99435159550639574,0.036934241910549948,438,438
fixed_train,7,2,apriori|3|04,"ac370000, ac370419, ac370442",6,0.99435159550639574,0.03701931597610042,438,437
fixed_train,7,2,apriori|3|04,"ac370000, ac370419, ac370442",7,0.99435159550639574,0.031143449639237764,438,437
fixed_train,7,2,apriori|3|04,"ac370000, ac370419, ac370442",8,0.99435159550639574,0.028981920324869792,438,438
fixed_train,7,2,apriori|3|04,"ac370000, ac370419, ac370442",9,0.99435159550639574,0.03701931597610042,438,438
fixed_train,7,2,apriori|3|05,"ac370419, ac370442, ac370443",0,0.99435159550639574,0.017045346404810369,437,435
fixed_train,7,2,apriori|3|05,"ac370419, ac370442, ac370443",1,0.99435159550639574,0.018158688811284018,437,437
fixed_train,7,2,apriori|3|05,"ac370419, ac370442, ac370443",2,0.99435159550639574,0.017045346404810369,437,437
fixed_train,7,2,apriori|3|05,"ac370419, ac370442, ac370443",3,0.99435159550639574,0.019359950935413872,437,436
fixed_train,7,2,apriori|3|05,"ac370419, ac370442, ac370443",4,0.99435159550639574,0.010208867393855958,437,437
fixed_train,7,2,apriori|3|05,"ac370419, ac370442, ac370443",5,0.99435159550639574,0.019270165615261847,437,437
fixed_train,7,2,apriori|3|05,"ac370419, ac370442, ac370443",6,0.99435159550639574,0.020472963089790297,437,437
fixed_train,7,2,apriori|3|05,"ac370419, ac370442, ac370443",7,0.99435159550639574,0.020520604056952441,437,436
fixed_train,7,2,apriori|3|05,"ac370419, ac370442, ac370443",8,0.99435159550639574,0.010237221135286023,437,437
fixed_train,7,2,apriori|3|05,"ac370419, ac370442, ac370443",9,0.99435159550639574,0.018201539821668944,437,437
fixed_train,7,2,apriori|3|06,"370407, ac370000, ac370443",0,0.99435159550639574,0.036078531336862119,434,434
fixed_train,7,2,apriori|3|06,"370407, ac370000, ac370443",1,0.99435159550639574,0.032406589438835121,434,434
fixed_train,7,2,apriori|3|06,"370407, ac370000, ac370443",2,0.99435159550639574,0.028843958755935262,434,434
fixed_train,7,2,apriori|3|06,"370407, ac370000, ac370443",3,0.99435159550639574,0.040525361931027848,434,433
fixed_train,7,2,apriori|3|06,"370407, ac370000, ac370443",4,0.99435159550639574,0.030172571450936658,434,434
fixed_train,7,2,apriori|3|06,"370407, ac370000, ac370443",5,0.99435159550639574,0.033442940522540487,434,434
fixed_train,7,2,apriori|3|06,"370407, ac370000, ac370443",6,0.99435159550639574,0.027661487709477739,434,434
fixed_train,7,2,apriori|3|06,"370407, ac370000, ac370443",7,0.99435159550639574,0.035742431405843211,434,434
fixed_train,7,2,apriori|3|06,"370407, ac370000, ac370443",8,0.99435159550639574,0.036850423489638184,434,434
fixed_train,7,2,apriori|3|06,"370407, ac370000, ac370443",9,0.99435159550639574,0.033599296967332881,434,434
fixed_train,7,2,apriori|3|07,"370407, ac370419, ac370443",0,0.99435159550639574,0.031631065164184458,434,434
fixed_train,7,2,apriori|3|07,"370407, ac370419, ac370443",1,0.99435159550639574,0.025015809626032781,434,434
fixed_train,7,2,apriori|3|07,"370407, ac370419, ac370443",2,0.99435159550639574,0.022744386357911539,434,433
fixed_train,7,2,apriori|3|07,"370407, ac370419, ac370443",3,0.99435159550639574,0.023906924649780836,434,434
fixed_train,7,2,apriori|3|07,"370407, ac370419, ac370443",4,0.99435159550639574,0.025015809626032781,434,434
fixed_train,7,2,apriori|3|07,"370407, ac370419, ac370443",5,0.99435159550639574,0.020472963089790297,434,434
fixed_train,7,2,apriori|3|07,"370407, ac370419, ac370443",6,0.99435159550639574,0.033071827139270371,434,434
fixed_train,7,2,apriori|3|07,"370407, ac370419, ac370443",7,0.99435159550639574,0.022693373250310289,434,434
fixed_train,7,2,apriori|3|07,"370407, ac370419, ac370443",8,0.99435159550639574,0.023853471674334714,434,434
fixed_train,7,2,apriori|3|07,"370407, ac370419, ac370443",9,0.99435159550639574,0.023906924649780836,434,434
fixed_train,7,2,apriori|3|08,"370407, ac370000, ac370442",0,0.99435159550639574,0.034794632863135444,430,430
fixed_train,7,2,apriori|3|08,"370407, ac370000, ac370442",1,0.99435159550639574,0.036078531336862119,430,430
fixed_train,7,2,apriori|3|08,"370407, ac370000, ac370442",2,0.99435159550639574,0.033599296967332881,430,430
fixed_train,7,2,apriori|3|08,"370407, ac370000, ac370442",3,0.99435159550639574,0.032483602157036051,430,430
fixed_train,7,2,apriori|3|08,"370407, ac370000, ac370442",4,0.99435159550639574,0.037105663569234726,430,430
fixed_train,7,2,apriori|3|08,"370407, ac370000, ac370442",5,0.99435159550639574,0.035907985288564537,430,430
fixed_train,7,2,apriori|3|08,"370407, ac370000, ac370442",6,0.99435159550639574,0.031216482315073013,430,429
fixed_train,7,2,apriori|3|08,"370407, ac370000, ac370442",7,0.99435159550639574,0.031071495314837994,430,430
fixed_train,7,2,apriori|3|08,"370407, ac370000, ac370442",8,0.99435159550639574,0.031290608646101337,430,430
fixed_train,7,2,apriori|3|08,"370407, ac370000, ac370442",9,0.99435159550639574,0.03471295270746777,430,429
fixed_train,7,2,apriori|3|09,"370407, ac370419, ac370442",0,0.99435159550639574,0.030661596943859282,430,430
fixed_train,7,2,apriori|3|09,"370407, ac370419, ac370442",1,0.99435159550639574,0.022643120463955668,430,430
fixed_train,7,2,apriori|3|09,"370407, ac370419, ac370442",2,0.99435159550639574,0.023906924649780836,430,430
fixed_train,7,2,apriori|3|09,"370407, ac370419, ac370442",3,0.99435159550639574,0.028392221854017907,430,430
fixed_train,7,2,apriori|3|09,"370407, ac370419, ac370442",4,0.99435159550639574,0.031967819206458747,430,430
fixed_train,7,2,apriori|3|09,"370407, ac370419, ac370442",5,0.99435159550639574,0.024016261904197145,430,430
fixed_train,7,2,apriori|3|09,"370407, ac370419, ac370442",6,0.99435159550639574,0.034030084347876133,430,429
fixed_train,7,2,apriori|3|09,"370407, ac370419, ac370442",7,0.99435159550639574,0.029622867900624072,430,430
fixed_train,7,2,apriori|3|09,"370407, ac370419, ac370442",8,0.99435159550639574,0.020334256176975818,430,430
fixed_train,7,2,apriori|3|09,"370407, ac370419, ac370442",9,0.99435159550639574,0.025015809626032781,430,430
fixed_train,7,2,apriori|3|10,"370407, ac370442, ac370443",0,0.99435159550639574,0.019405863033549853,429,429
fixed_train,7,2,apriori|3|10,"370407, ac370442, ac370443",1,0.99435159550639574,0.024016261904197145,429,429
fixed_train,7,2,apriori|3|10,"370407, ac370442, ac370443",2,0.99435159550639574,0.022902090983653811,429,429
fixed_train,7,2,apriori|3|10,"370407, ac370442, ac370443",3,0.99435159550639574,0.027347301939706248,429,428
fixed_train,7,2,apriori|3|10,"370407, ac370442, ac370443",4,0.99435159550639574,0.022848734673110216,429,429
fixed_train,7,2,apriori|3|10,"370407, ac370442, ac370443",5,0.99435159550639574,0.020520604056952441,429,429
fixed_train,7,2,apriori|3|10,"370407, ac370442, ac370443",6,0.99435159550639574,0.019314721494651965,429,429
fixed_train,7,2,apriori|3|10,"370407, ac370442, ac370443",7,0.99435159550639574,0.021683523717836772,429,428
fixed_train,7,2,apriori|3|10,"370407, ac370442, ac370443",8,0.99435159550639574,0.017128202349263155,429,427
fixed_train,7,2,apriori|3|10,"370407, ac370442, ac370443",9,0.99435159550639574,0.023906924649780836,429,429
fixed_train,7,2,impressed|1|01,ac419100,0,0.99435159550639574,0.019452467073766244,603,492
fixed_train,7,2,impressed|1|01,ac419100,1,0.99435159550639574,0.022902090983653811,603,492
fixed_train,7,2,impressed|1|01,ac419100,2,0.99435159550639574,0.027408276939784648,603,497
fixed_train,7,2,impressed|1|01,ac419100,3,0.99435159550639574,0.018201539821668944,603,482
fixed_train,7,2,impressed|1|01,ac419100,4,0.99435159550639574,0.020618051345473343,603,488
fixed_train,7,2,impressed|1|01,ac419100,5,0.99435159550639574,0.021683523717836772,603,496
fixed_train,7,2,impressed|1|01,ac419100,6,0.99435159550639574,0.022848734673110216,603,490
fixed_train,7,2,impressed|1|01,ac419100,7,0.99435159550639574,0.017170569658550572,603,501
fixed_train,7,2,impressed|1|01,ac419100,8,0.99435159550639574,0.020568963539773,603,494
fixed_train,7,2,impressed|1|01,ac419100,9,0.99435159550639574,0.021838352144430861,603,494
fixed_train,7,2,impressed|1|02,ac370000,0,0.99435159550639574,0.24629186899307431,559,554
fixed_train,7,2,impressed|1|02,ac370000,1,0.99435159550639574,0.23749040127081977,559,555
fixed_train,7,2,impressed|1|02,ac370000,2,0.99435159550639574,0.25319352015998986,559,554
fixed_train,7,2,impressed|1|02,ac370000,3,0.99435159550639574,0.26486756113123888,559,554
fixed_train,7,2,impressed|1|02,ac370000,4,0.99435159550639574,0.24830666304955828,559,556
fixed_train,7,2,impressed|1|02,ac370000,5,0.99435159550639574,0.26091505686432526,559,556
fixed_train,7,2,impressed|1|02,ac370000,6,0.99435159550639574,0.22706594150428416,559,556
fixed_train,7,2,impressed|1|02,ac370000,7,0.99435159550639574,0.23379647950328875,559,556
fixed_train,7,2,impressed|1|02,ac370000,8,0.99435159550639574,0.23292807265935012,559,554
fixed_train,7,2,impressed|1|02,ac370000,9,0.99435159550639574,0.24830666304955828,559,556
fixed_train,7,2,impressed|1|03,ac415100,0,0.99435159550639574,0.0090374471897670672,187,166
fixed_train,7,2,impressed|1|03,ac415100,1,0.99435159550639574,0.0079678460454446487,187,176
fixed_train,7,2,impressed|1|03,ac415100,2,0.99435159550639574,0.0067780853923253837,187,177
fixed_train,7,2,impressed|1|03,ac415100,3,0.99435159550639574,0.0078960192698566134,187,170
fixed_train,7,2,impressed|1|03,ac415100,4,0.99435159550639574,0.0056386153092797819,187,172
fixed_train,7,2,impressed|1|03,ac415100,5,0.99435159550639574,0.010153423230433445,187,169
fixed_train,7,2,impressed|1|03,ac415100,6,0.99435159550639574,0.0056782182831529582,187,170
fixed_train,7,2,impressed|1|03,ac415100,7,0.99435159550639574,0.0034128937278015137,187,175
fixed_train,7,2,impressed|1|03,ac415100,8,0.99435159550639574,0.0067780853923253837,187,179
fixed_train,7,2,impressed|1|03,ac415100,9,0.99435159550639574,0.0067780853923253837,187,171
fixed_train,7,2,impressed|1|04,ac10307,0,0.99435159550639574,0.0034128937278015137,113,94
fixed_train,7,2,impressed|1|04,ac10307,1,0.99435159550639574,0.0045365444911172892,113,93
fixed_train,7,2,impressed|1|04,ac10307,2,0.99435159550639574,0.0034128937278015137,113,95
fixed_train,7,2,impressed|1|04,ac10307,3,0.99435159550639574,0.0045546354942048728,113,99
fixed_train,7,2,impressed|1|04,ac10307,4,0.99435159550639574,0.0034128937278015137,113,97
fixed_train,7,2,impressed|1|04,ac10307,5,0.99435159550639574,0.0033969332805652286,113,103
fixed_train,7,2,impressed|1|04,ac10307,6,0.99435159550639574,0.0045365444911172892,113,94
fixed_train,7,2,impressed|1|04,ac10307,7,0.99435159550639574,0.0056782182831529582,113,101
fixed_train,7,2,impressed|1|04,ac10307,8,0.99435159550639574,0.0045365444911172892,113,97
fixed_train,7,2,impressed|1|04,ac10307,9,0.99435159550639574,0.0034128937278015137,113,101
fixed_train,7,2,impressed|1|05,ac355427,0,0.99435159550639574,0.0011355988370227443,27,24
fixed_train,7,2,impressed|1|05,ac355427,1,0.99435159550639574,0.0011355988370227443,27,22
fixed_train,7,2,impressed|1|05,ac355427,2,0.99435159550639574,0,27,23
fixed_train,7,2,impressed|1|05,ac355427,3,0.99435159550639574,0.0011355988370227443,27,22
fixed_train,7,2,impressed|1|05,ac355427,4,0.99435159550639574,0.0011355988370227443,27,23
fixed_train,7,2,impressed|1|05,ac355427,5,0.99435159550639574,0.0033969332805652286,27,23
fixed_train,7,2,impressed|1|05,ac355427,6,0.99435159550639574,0,27,23
fixed_train,7,2,impressed|1|05,ac355427,7,0.99435159550639574,0.0022732224945125612,27,22
fixed_train,7,2,impressed|1|05,ac355427,8,0.99435159550639574,0.0011355988370227443,27,22
fixed_train,7,2,impressed|1|05,ac355427,9,0.99435159550639574,0.0011355988370227443,27,25
fixed_train,7,2,impressed|1|06,ac388170,0,0.99435159550639574,0.001123807388126119,4,2
fixed_train,7,2,impressed|1|06,ac388170,1,0.99435159550639574,0.001123807388126119,4,2
fixed_train,7,2,impressed|1|06,ac388170,2,0.99435159550639574,0,4,2
fixed_train,7,2,impressed|1|06,ac388170,3,0.99435159550639574,0.001123807388126119,4,3
fixed_train,7,2,impressed|1|06,ac388170,4,0.99435159550639574,0,4,2
fixed_train,7,2,impressed|1|06,ac388170,5,0.99435159550639574,0,4,2
fixed_train,7,2,impressed|1|06,ac388170,6,0.99435159550639574,0,4,2
fixed_train,7,2,impressed|1|06,ac388170,7,0.99435159550639574,0,4,3
fixed_train,7,2,impressed|1|06,ac388170,8,0.99435159550639574,0,4,2
fixed_train,7,2,impressed|1|06,ac388170,9,0.99435159550639574,0,4,2
fixed_train,7,2,impressed|1|07,387070a,0,0.99435159550639574,0,1,1
fixed_train,7,2,impressed|1|07,387070a,1,0.99435159550639574,0,1,1
fixed_train,7,2,impressed|1|07,387070a,2,0.99435159550639574,0,1,0
fixed_train,7,2,impressed|1|07,387070a,3,0.99435159550639574,0,1,0
fixed_train,7,2,impressed|1|07,387070a,4,0.99435159550639574,0,1,1
fixed_train,7,2,impressed|1|07,387070a,5,0.99435159550639574,0,1,1
fixed_train,7,2,impressed|1|07,387070a,6,0.99435159550639574,0,1,0
fixed_train,7,2,impressed|1|07,387070a,7,0.99435159550639574,0,1,1
fixed_train,7,2,impressed|1|07,387070a,8,0.99435159550639574,0,1,1
fixed_train,7,2,impressed|1|07,387070a,9,0.99435159550639574,0,1,0
fixed_train,7,2,impressed|1|08,ac370402,0,0.99435159550639574,0.0090631884843269672,407,390
fixed_train,7,2,impressed|1|08,ac370402,1,0.99435159550639574,0.0067780853923253837,407,388
fixed_train,7,2,impressed|1|08,ac370402,2,0.99435159550639574,0.0090893199332312546,407,388
fixed_train,7,2,impressed|1|08,ac370402,3,0.99435159550639574,0.011356662152744557,407,384
fixed_train,7,2,impressed|1|08,ac370402,4,0.99435159550639574,0.0090631884843269672,407,389
fixed_train,7,2,impressed|1|08,ac370402,5,0.99435159550639574,0.0091158467491838646,407,384
fixed_train,7,2,impressed|1|08,ac370402,6,0.99435159550639574,0.01365869328542646,407,390
fixed_train,7,2,impressed|1|08,ac370402,7,0.99435159550639574,0.011356662152744557,407,392
fixed_train,7,2,impressed|1|08,ac370402,8,0.99435159550639574,0.012539490363863481,407,391
fixed_train,7,2,impressed|1|08,ac370402,9,0.99435159550639574,0.0090631884843269672,407,389
fixed_train,7,2,impressed|1|09,370488g,0,0.99435159550639574,0.0056782182831529582,421,402
fixed_train,7,2,impressed|1|09,370488g,1,0.99435159550639574,0.0068219777137180637,421,393
fixed_train,7,2,impressed|1|09,370488g,2,0.99435159550639574,0.0079678460454446487,421,402
fixed_train,7,2,impressed|1|09,370488g,3,0.99435159550639574,0.0056782182831529582,421,397
fixed_train,7,2,impressed|1|09,370488g,4,0.99435159550639574,0.0079678460454446487,421,401
fixed_train,7,2,impressed|1|09,370488g,5,0.99435159550639574,0.0067998664877221282,421,405
fixed_train,7,2,impressed|1|09,370488g,6,0.99435159550639574,0.0056782182831529582,421,399
fixed_train,7,2,impressed|1|09,370488g,7,0.99435159550639574,0.0067998664877221282,421,404
fixed_train,7,2,impressed|1|09,370488g,8,0.99435159550639574,0.0079678460454446487,421,404
fixed_train,7,2,impressed|1|09,370488g,9,0.99435159550639574,0.0056782182831529582,421,395
fixed_train,7,2,impressed|1|10,370488e,0,0.99435159550639574,0.0068444234810627336,424,398
fixed_train,7,2,impressed|1|10,370488e,1,0.99435159550639574,0.0079435428385044027,424,406
fixed_train,7,2,impressed|1|10,370488e,2,0.99435159550639574,0.0068219777137180637,424,403
fixed_train,7,2,impressed|1|10,370488e,3,0.99435159550639574,0.010237221135286023,424,402
fixed_train,7,2,impressed|1|10,370488e,4,0.99435159550639574,0.0079678460454446487,424,403
fixed_train,7,2,impressed|1|10,370488e,5,0.99435159550639574,0.0091158467491838646,424,395
fixed_train,7,2,impressed|1|10,370488e,6,0.99435159550639574,0.0068219777137180637,424,402
fixed_train,7,2,impressed|1|10,370488e,7,0.99435159550639574,0.0068444234810627336,424,404
fixed_train,7,2,impressed|1|10,370488e,8,0.99435159550639574,0.0079435428385044027,424,398
fixed_train,7,2,impressed|1|10,370488e,9,0.99435159550639574,0.0079678460454446487,424,401
fixed_train,7,2,impressed|2|01,"ac370000, ac370402",0,0.99435159550639574,0.036254214821838326,407,405
fixed_train,7,2,impressed|2|01,"ac370000, ac370402",1,0.99435159550639574,0.037282252796281723,407,404
fixed_train,7,2,impressed|2|01,"ac370000, ac370402",2,0.99435159550639574,0.043449119360751354,407,405
fixed_train,7,2,impressed|2|01,"ac370000, ac370402",3,0.99435159550639574,0.03989259354450625,407,406
fixed_train,7,2,impressed|2|01,"ac370000, ac370402",4,0.99435159550639574,0.045675682393325201,407,405
fixed_train,7,2,impressed|2|01,"ac370000, ac370402",5,0.99435159550639574,0.036078531336862119,407,403
fixed_train,7,2,impressed|2|01,"ac370000, ac370402",6,0.99435159550639574,0.03136584426332123,407,406
fixed_train,7,2,impressed|2|01,"ac370000, ac370402",7,0.99435159550639574,0.04313474258703387,407,401
fixed_train,7,2,impressed|2|01,"ac370000, ac370402",8,0.99435159550639574,0.038488728579353926,407,404
fixed_train,7,2,impressed|2|01,"ac370000, ac370402",9,0.99435159550639574,0.037372532152612825,407,406
fixed_train,7,2,impressed|2|02,"370401c, ac370000",0,0.99435159550639574,0.032641100656834565,417,410
fixed_train,7,2,impressed|2|02,"370401c, ac370000",1,0.99435159550639574,0.03136584426332123,417,416
fixed_train,7,2,impressed|2|02,"370401c, ac370000",2,0.99435159550639574,0.03376036823516948,417,416
fixed_train,7,2,impressed|2|02,"370401c, ac370000",3,0.99435159550639574,0.031216482315073013,417,415
fixed_train,7,2,impressed|2|02,"370401c, ac370000",4,0.99435159550639574,0.027861540744837265,417,414
fixed_train,7,2,impressed|2|02,"370401c, ac370000",5,0.99435159550639574,0.032561767015635956,417,413
fixed_train,7,2,impressed|2|02,"370401c, ac370000",6,0.99435159550639574,0.028843958755935262,417,416
fixed_train,7,2,impressed|2|02,"370401c, ac370000",7,0.99435159550639574,0.030172571450936658,417,415
fixed_train,7,2,impressed|2|02,"370401c, ac370000",8,0.99435159550639574,0.034877534985892966,417,415
fixed_train,7,2,impressed|2|02,"370401c, ac370000",9,0.99435159550639574,0.027861540744837265,417,414
fixed_train,7,2,impressed|2|03,"ac370000, ac370403",0,0.99435159550639574,0.051821636476703792,424,424
fixed_train,7,2,impressed|2|03,"ac370000, ac370403",1,0.99435159550639574,0.044563465138158675,424,419
fixed_train,7,2,impressed|2|03,"ac370000, ac370403",2,0.99435159550639574,0.043342769353010291,424,421
fixed_train,7,2,impressed|2|03,"ac370000, ac370403",3,0.99435159550639574,0.043237984707745647,424,421
fixed_train,7,2,impressed|2|03,"ac370000, ac370403",4,0.99435159550639574,0.046785796177097105,424,422
fixed_train,7,2,impressed|2|03,"ac370000, ac370403",5,0.99435159550639574,0.043342769353010291,424,423
fixed_train,7,2,impressed|2|03,"ac370000, ac370403",6,0.99435159550639574,0.043342769353010291,424,423
fixed_train,7,2,impressed|2|03,"ac370000, ac370403",7,0.99435159550639574,0.04578709668714942,424,419
fixed_train,7,2,impressed|2|03,"ac370000, ac370403",8,0.99435159550639574,0.040811735583193731,424,416
fixed_train,7,2,impressed|2|03,"ac370000, ac370403",9,0.99435159550639574,0.039697988187543332,424,423
fixed_train,7,2,impressed|2|04,"ac411100, ac419100",0,0.99435159550639574,0.019547789091261314,343,308
fixed_train,7,2,impressed|2|04,"ac411100, ac419100",1,0.99435159550639574,0.013693906174198411,343,303
fixed_train,7,2,impressed|2|04,"ac411100, ac419100",2,0.99435159550639574,0.018289192406435895,343,319
fixed_train,7,2,impressed|2|04,"ac411100, ac419100",3,0.99435159550639574,0.019359950935413872,343,306
fixed_train,7,2,impressed|2|04,"ac411100, ac419100",4,0.99435159550639574,0.019405863033549853,343,308
fixed_train,7,2,impressed|2|04,"ac411100, ac419100",5,0.99435159550639574,0.019452467073766244,343,318
fixed_train,7,2,impressed|2|04,"ac411100, ac419100",6,0.99435159550639574,0.023961184402123359,343,313
fixed_train,7,2,impressed|2|04,"ac411100, ac419100",7,0.99435159550639574,0.021683523717836772,343,311
fixed_train,7,2,impressed|2|04,"ac411100, ac419100",8,0.99435159550639574,0.022848734673110216,343,310
fixed_train,7,2,impressed|2|04,"ac411100, ac419100",9,0.99435159550639574,0.02407216835743109,343,319
fixed_train,7,2,impressed|2|05,"ac411100, ac415100",0,0.99435159550639574,0.012410827191010276,159,154
fixed_train,7,2,impressed|2|05,"ac411100, ac415100",1,0.99435159550639574,0.0079435428385044027,159,154
fixed_train,7,2,impressed|2|05,"ac411100, ac415100",2,0.99435159550639574,0.011326510480931695,159,151
fixed_train,7,2,impressed|2|05,"ac411100, ac415100",3,0.99435159550639574,0.012410827191010276,159,155
fixed_train,7,2,impressed|2|05,"ac411100, ac415100",4,0.99435159550639574,0.011326510480931695,159,151
fixed_train,7,2,impressed|2|05,"ac411100, ac415100",5,0.99435159550639574,0.0068219777137180637,159,150
fixed_train,7,2,impressed|2|05,"ac411100, ac415100",6,0.99435159550639574,0.011356662152744557,159,153
fixed_train,7,2,impressed|2|05,"ac411100, ac415100",7,0.99435159550639574,0.0090631884843269672,159,156
fixed_train,7,2,impressed|2|05,"ac411100, ac415100",8,0.99435159550639574,0.015778473450349328,159,153
fixed_train,7,2,impressed|2|05,"ac411100, ac415100",9,0.99435159550639574,0.0056582677241074908,159,155
fixed_train,7,2,impressed|2|06,"ac415100, ac419100",0,0.99435159550639574,0.0090893199332312546,179,164
fixed_train,7,2,impressed|2|06,"ac415100, ac419100",1,0.99435159550639574,0.0090893199332312546,179,165
fixed_train,7,2,impressed|2|06,"ac415100, ac419100",2,0.99435159550639574,0.007919602167649864,179,168
fixed_train,7,2,impressed|2|06,"ac415100, ac419100",3,0.99435159550639574,0.0068219777137180637,179,163
fixed_train,7,2,impressed|2|06,"ac415100, ac419100",4,0.99435159550639574,0.010180936611192126,179,164
fixed_train,7,2,impressed|2|06,"ac415100, ac419100",5,0.99435159550639574,0.010208867393855958,179,166
fixed_train,7,2,impressed|2|06,"ac415100, ac419100",6,0.99435159550639574,0.0090893199332312546,179,168
fixed_train,7,2,impressed|2|06,"ac415100, ac419100",7,0.99435159550639574,0.0090631884843269672,179,167
fixed_train,7,2,impressed|2|06,"ac415100, ac419100",8,0.99435159550639574,0.010208867393855958,179,170
fixed_train,7,2,impressed|2|06,"ac415100, ac419100",9,0.99435159550639574,0.010208867393855958,179,166
fixed_train,7,2,impressed|2|07,"ac10307, ac411100",0,0.99435159550639574,0.0079678460454446487,109,108
fixed_train,7,2,impressed|2|07,"ac10307, ac411100",1,0.99435159550639574,0.0079678460454446487,109,103
fixed_train,7,2,impressed|2|07,"ac10307, ac411100",2,0.99435159550639574,0.0068219777137180637,109,107
fixed_train,7,2,impressed|2|07,"ac10307, ac411100",3,0.99435159550639574,0.0068219777137180637,109,105
fixed_train,7,2,impressed|2|07,"ac10307, ac411100",4,0.99435159550639574,0.0079678460454446487,109,105
fixed_train,7,2,impressed|2|07,"ac10307, ac411100",5,0.99435159550639574,0.0056984709556031632,109,102
fixed_train,7,2,impressed|2|07,"ac10307, ac411100",6,0.99435159550639574,0.0068219777137180637,109,105
fixed_train,7,2,impressed|2|07,"ac10307, ac411100",7,0.99435159550639574,0.0068219777137180637,109,106
fixed_train,7,2,impressed|2|07,"ac10307, ac411100",8,0.99435159550639574,0.0056782182831529582,109,102
fixed_train,7,2,impressed|2|07,"ac10307, ac411100",9,0.99435159550639574,0.0079678460454446487,109,106
fixed_train,7,2,impressed|2|08,"ac10307, ac419100",0,0.99435159550639574,0.0068219777137180637,104,103
fixed_train,7,2,impressed|2|08,"ac10307, ac419100",1,0.99435159550639574,0.0079678460454446487,104,102
fixed_train,7,2,impressed|2|08,"ac10307, ac419100",2,0.99435159550639574,0.0045365444911172892,104,100
fixed_train,7,2,impressed|2|08,"ac10307, ac419100",3,0.99435159550639574,0.0056782182831529582,104,101
fixed_train,7,2,impressed|2|08,"ac10307, ac419100",4,0.99435159550639574,0.0068219777137180637,104,99
fixed_train,7,2,impressed|2|08,"ac10307, ac419100",5,0.99435159550639574,0.0045187235948835891,104,98
fixed_train,7,2,impressed|2|08,"ac10307, ac419100",6,0.99435159550639574,0.0045546354942048728,104,102
fixed_train,7,2,impressed|2|08,"ac10307, ac419100",7,0.99435159550639574,0.0056782182831529582,104,101
fixed_train,7,2,impressed|2|08,"ac10307, ac419100",8,0.99435159550639574,0.0068219777137180637,104,100
fixed_train,7,2,impressed|2|08,"ac10307, ac419100",9,0.99435159550639574,0.0068219777137180637,104,102
fixed_train,7,2,impressed|2|09,"ac10307, ac415100",0,0.99435159550639574,0.0022732224945125612,49,48
fixed_train,7,2,impressed|2|09,"ac10307, ac415100",1,0.99435159550639574,0.0034128937278015137,49,49
fixed_train,7,2,impressed|2|09,"ac10307, ac415100",2,0.99435159550639574,0.0022732224945125612,49,47
fixed_train,7,2,impressed|2|09,"ac10307, ac415100",3,0.99435159550639574,0.0056582677241074908,49,47
fixed_train,7,2,impressed|2|09,"ac10307, ac415100",4,0.99435159550639574,0.0056582677241074908,49,48
fixed_train,7,2,impressed|2|09,"ac10307, ac415100",5,0.99435159550639574,0.0056582677241074908,49,48
fixed_train,7,2,impressed|2|09,"ac10307, ac415100",6,0.99435159550639574,0.0056782182831529582,49,48
fixed_train,7,2,impressed|2|09,"ac10307, ac415100",7,0.99435159550639574,0.0022732224945125612,49,47
fixed_train,7,2,impressed|2|09,"ac10307, ac415100",8,0.99435159550639574,0.0067998664877221282,49,47
fixed_train,7,2,impressed|2|09,"ac10307, ac415100",9,0.99435159550639574,0.0056582677241074908,49,48
fixed_train,7,2,impressed|2|10,"ac355201, ac415100",0,0.99435159550639574,0.001123807388126119,24,24
fixed_train,7,2,impressed|2|10,"ac355201, ac415100",1,0.99435159550639574,0.0022457084331155563,24,22
fixed_train,7,2,impressed|2|10,"ac355201, ac415100",2,0.99435159550639574,0.0033657248206305779,24,23
fixed_train,7,2,impressed|2|10,"ac355201, ac415100",3,0.99435159550639574,0.0033657248206305779,24,23
fixed_train,7,2,impressed|2|10,"ac355201, ac415100",4,0.99435159550639574,0.001123807388126119,24,24
fixed_train,7,2,impressed|2|10,"ac355201, ac415100",5,0.99435159550639574,0.001123807388126119,24,20
fixed_train,7,2,impressed|2|10,"ac355201, ac415100",6,0.99435159550639574,0.001123807388126119,24,23
fixed_train,7,2,impressed|2|10,"ac355201, ac415100",7,0.99435159550639574,0.0022457084331155563,24,23
fixed_train,7,2,impressed|2|10,"ac355201, ac415100",8,0.99435159550639574,0.0022457084331155563,24,24
fixed_train,7,2,impressed|2|10,"ac355201, ac415100",9,0.99435159550639574,0.0033657248206305779,24,24
fixed_train,7,2,impressed|3|01,"ac411100, ac415100, ac419100",0,0.99435159550639574,0.0090374471897670672,150,146
fixed_train,7,2,impressed|3|01,"ac411100, ac415100, ac419100",1,0.99435159550639574,0.010180936611192126,150,142
fixed_train,7,2,impressed|3|01,"ac411100, ac415100, ac419100",2,0.99435159550639574,0.0068219777137180637,150,142
fixed_train,7,2,impressed|3|01,"ac411100, ac415100, ac419100",3,0.99435159550639574,0.010208867393855958,150,145
fixed_train,7,2,impressed|3|01,"ac411100, ac415100, ac419100",4,0.99435159550639574,0.012410827191010276,150,141
fixed_train,7,2,impressed|3|01,"ac411100, ac415100, ac419100",5,0.99435159550639574,0.014703605498276873,150,142
fixed_train,7,2,impressed|3|01,"ac411100, ac415100, ac419100",6,0.99435159550639574,0.011267551777938034,150,142
fixed_train,7,2,impressed|3|01,"ac411100, ac415100, ac419100",7,0.99435159550639574,0.0079435428385044027,150,144
fixed_train,7,2,impressed|3|01,"ac411100, ac415100, ac419100",8,0.99435159550639574,0.012442271054734499,150,143
fixed_train,7,2,impressed|3|01,"ac411100, ac415100, ac419100",9,0.99435159550639574,0.0079435428385044027,150,141
fixed_train,7,2,impressed|3|02,"ac10307, ac411100, ac419100",0,0.99435159550639574,0.0079678460454446487,100,99
fixed_train,7,2,impressed|3|02,"ac10307, ac411100, ac419100",1,0.99435159550639574,0.0079678460454446487,100,98
fixed_train,7,2,impressed|3|02,"ac10307, ac411100, ac419100",2,0.99435159550639574,0.0079678460454446487,100,98
fixed_train,7,2,impressed|3|02,"ac10307, ac411100, ac419100",3,0.99435159550639574,0.0068219777137180637,100,97
fixed_train,7,2,impressed|3|02,"ac10307, ac411100, ac419100",4,0.99435159550639574,0.0079678460454446487,100,96
fixed_train,7,2,impressed|3|02,"ac10307, ac411100, ac419100",5,0.99435159550639574,0.0079678460454446487,100,98
fixed_train,7,2,impressed|3|02,"ac10307, ac411100, ac419100",6,0.99435159550639574,0.010208867393855958,100,98
fixed_train,7,2,impressed|3|02,"ac10307, ac411100, ac419100",7,0.99435159550639574,0.0079678460454446487,100,99
fixed_train,7,2,impressed|3|02,"ac10307, ac411100, ac419100",8,0.99435159550639574,0.0068219777137180637,100,100
fixed_train,7,2,impressed|3|02,"ac10307, ac411100, ac419100",9,0.99435159550639574,0.0079678460454446487,100,98
fixed_train,7,2,impressed|3|03,"ac370000, ac411100, ac415100",0,0.99435159550639574,0.0079678460454446487,94,94
fixed_train,7,2,impressed|3|03,"ac370000, ac411100, ac415100",1,0.99435159550639574,0.011387270017305107,94,94
fixed_train,7,2,impressed|3|03,"ac370000, ac411100, ac415100",2,0.99435159550639574,0.010266003506680055,94,94
fixed_train,7,2,impressed|3|03,"ac370000, ac411100, ac415100",3,0.99435159550639574,0.010237221135286023,94,94
fixed_train,7,2,impressed|3|03,"ac370000, ac411100, ac415100",4,0.99435159550639574,0.010266003506680055,94,94
fixed_train,7,2,impressed|3|03,"ac370000, ac411100, ac415100",5,0.99435159550639574,0.010266003506680055,94,94
fixed_train,7,2,impressed|3|03,"ac370000, ac411100, ac415100",6,0.99435159550639574,0.010237221135286023,94,94
fixed_train,7,2,impressed|3|03,"ac370000, ac411100, ac415100",7,0.99435159550639574,0.012506596225127398,94,93
fixed_train,7,2,impressed|3|03,"ac370000, ac411100, ac415100",8,0.99435159550639574,0.0079925166494965172,94,94
fixed_train,7,2,impressed|3|03,"ac370000, ac411100, ac415100",9,0.99435159550639574,0.0091427742523625399,94,93
fixed_train,7,2,impressed|3|04,"ac355201, ac415100, ac419100",0,0.99435159550639574,0.0033657248206305779,24,23
fixed_train,7,2,impressed|3|04,"ac355201, ac415100, ac419100",1,0.99435159550639574,0.0033657248206305779,24,23
fixed_train,7,2,impressed|3|04,"ac355201, ac415100, ac419100",2,0.99435159550639574,0.0022457084331155563,24,23
fixed_train,7,2,impressed|3|04,"ac355201, ac415100, ac419100",3,0.99435159550639574,0.0033657248206305779,24,23
fixed_train,7,2,impressed|3|04,"ac355201, ac415100, ac419100",4,0.99435159550639574,0.0033657248206305779,24,24
fixed_train,7,2,impressed|3|04,"ac355201, ac415100, ac419100",5,0.99435159550639574,0.0033657248206305779,24,24
fixed_train,7,2,impressed|3|04,"ac355201, ac415100, ac419100",6,0.99435159550639574,0.0022457084331155563,24,24
fixed_train,7,2,impressed|3|04,"ac355201, ac415100, ac419100",7,0.99435159550639574,0.0033657248206305779,24,23
fixed_train,7,2,impressed|3|04,"ac355201, ac415100, ac419100",8,0.99435159550639574,0.0033657248206305779,24,24
fixed_train,7,2,impressed|3|04,"ac355201, ac415100, ac419100",9,0.99435159550639574,0.0033657248206305779,24,24
fixed_train,7,2,impressed|3|05,"ac355201, ac411100, ac419100",0,0.99435159550639574,0.0011355988370227443,24,24
fixed_train,7,2,impressed|3|05,"ac355201, ac411100, ac419100",1,0.99435159550639574,0.0033812113487030615,24,24
fixed_train,7,2,impressed|3|05,"ac355201, ac411100, ac419100",2,0.99435159550639574,0.0022593617974419056,24,24
fixed_train,7,2,impressed|3|05,"ac355201, ac411100, ac419100",3,0.99435159550639574,0.0022593617974419056,24,24
fixed_train,7,2,impressed|3|05,"ac355201, ac411100, ac419100",4,0.99435159550639574,0.0022593617974419056,24,24
fixed_train,7,2,impressed|3|05,"ac355201, ac411100, ac419100",5,0.99435159550639574,0.0033812113487030615,24,24
fixed_train,7,2,impressed|3|05,"ac355201, ac411100, ac419100",6,0.99435159550639574,0.0011355988370227443,24,24
fixed_train,7,2,impressed|3|05,"ac355201, ac411100, ac419100",7,0.99435159550639574,0.0022593617974419056,24,24
fixed_train,7,2,impressed|3|05,"ac355201, ac411100, ac419100",8,0.99435159550639574,0.0022593617974419056,24,23
fixed_train,7,2,impressed|3|05,"ac355201, ac411100, ac419100",9,0.99435159550639574,0.0011355988370227443,24,23
fixed_train,7,2,impressed|3|06,"ac355427, ac415100, ac419100",0,0.99435159550639574,0.0011355988370227443,19,17
fixed_train,7,2,impressed|3|06,"ac355427, ac415100, ac419100",1,0.99435159550639574,0.0022732224945125612,19,14
fixed_train,7,2,impressed|3|06,"ac355427, ac415100, ac419100",2,0.99435159550639574,0.0033969332805652286,19,17
fixed_train,7,2,impressed|3|06,"ac355427, ac415100, ac419100",3,0.99435159550639574,0.0011355988370227443,19,17
fixed_train,7,2,impressed|3|06,"ac355427, ac415100, ac419100",4,0.99435159550639574,0.0022732224945125612,19,18
fixed_train,7,2,impressed|3|06,"ac355427, ac415100, ac419100",5,0.99435159550639574,0.0022732224945125612,19,17
fixed_train,7,2,impressed|3|06,"ac355427, ac415100, ac419100",6,0.99435159550639574,0.0011355988370227443,19,18
fixed_train,7,2,impressed|3|06,"ac355427, ac415100, ac419100",7,0.99435159550639574,0.0022732224945125612,19,17
fixed_train,7,2,impressed|3|06,"ac355427, ac415100, ac419100",8,0.99435159550639574,0.0022732224945125612,19,18
fixed_train,7,2,impressed|3|06,"ac355427, ac415100, ac419100",9,0.99435159550639574,0.0011355988370227443,19,18
fixed_train,7,2,impressed|3|07,"370407, ac10307, ac370000",0,0.99435159550639574,0.0068444234810627336,31,31
fixed_train,7,2,impressed|3|07,"370407, ac10307, ac370000",1,0.99435159550639574,0.0068444234810627336,31,31
fixed_train,7,2,impressed|3|07,"370407, ac10307, ac370000",2,0.99435159550639574,0.0068444234810627336,31,31
fixed_train,7,2,impressed|3|07,"370407, ac10307, ac370000",3,0.99435159550639574,0.0079925166494965172,31,31
fixed_train,7,2,impressed|3|07,"370407, ac10307, ac370000",4,0.99435159550639574,0.0079925166494965172,31,31
fixed_train,7,2,impressed|3|07,"370407, ac10307, ac370000",5,0.99435159550639574,0.0079925166494965172,31,31
fixed_train,7,2,impressed|3|07,"370407, ac10307, ac370000",6,0.99435159550639574,0.0079925166494965172,31,31
fixed_train,7,2,impressed|3|07,"370407, ac10307, ac370000",7,0.99435159550639574,0.0068444234810627336,31,31
fixed_train,7,2,impressed|3|07,"370407, ac10307, ac370000",8,0.99435159550639574,0.0045546354942048728,31,31
fixed_train,7,2,impressed|3|07,"370407, ac10307, ac370000",9,0.99435159550639574,0.0079925166494965172,31,31
fixed_train,7,2,impressed|3|08,"376400, ac370000, ac411100",0,0.99435159550639574,0.0011355988370227443,34,34
fixed_train,7,2,impressed|3|08,"376400, ac370000, ac411100",1,0.99435159550639574,0.0022732224945125612,34,34
fixed_train,7,2,impressed|3|08,"376400, ac370000, ac411100",2,0.99435159550639574,0.0022732224945125612,34,34
fixed_train,7,2,impressed|3|08,"376400, ac370000, ac411100",3,0.99435159550639574,0.0022732224945125612,34,34
fixed_train,7,2,impressed|3|08,"376400, ac370000, ac411100",4,0.99435159550639574,0.0033969332805652286,34,34
fixed_train,7,2,impressed|3|08,"376400, ac370000, ac411100",5,0.99435159550639574,0.0022732224945125612,34,34
fixed_train,7,2,impressed|3|08,"376400, ac370000, ac411100",6,0.99435159550639574,0.0045187235948835891,34,34
fixed_train,7,2,impressed|3|08,"376400, ac370000, ac411100",7,0.99435159550639574,0.0033969332805652286,34,34
fixed_train,7,2,impressed|3|08,"376400, ac370000, ac411100",8,0.99435159550639574,0.0056386153092797819,34,34
fixed_train,7,2,impressed|3|08,"376400, ac370000, ac411100",9,0.99435159550639574,0.0045187235948835891,34,34
fixed_train,7,2,impressed|3|09,"ac410500, ac411100, ac415100",0,0.99435159550639574,0,5,5
fixed_train,7,2,impressed|3|09,"ac410500, ac411100, ac415100",1,0.99435159550639574,0,5,5
fixed_train,7,2,impressed|3|09,"ac410500, ac411100, ac415100",2,0.99435159550639574,0,5,5
fixed_train,7,2,impressed|3|09,"ac410500, ac411100, ac415100",3,0.99435159550639574,0,5,5
fixed_train,7,2,impressed|3|09,"ac410500, ac411100, ac415100",4,0.99435159550639574,0,5,5
fixed_train,7,2,impressed|3|09,"ac410500, ac411100, ac415100",5,0.99435159550639574,0,5,5
fixed_train,7,2,impressed|3|09,"ac410500, ac411100, ac415100",6,0.99435159550639574,0,5,5
fixed_train,7,2,impressed|3|09,"ac410500, ac411100, ac415100",7,0.99435159550639574,0,5,5
fixed_train,7,2,impressed|3|09,"ac410500, ac411100, ac415100",8,0.99435159550639574,0,5,5
fixed_train,7,2,impressed|3|09,"ac410500, ac411100, ac415100",9,0.99435159550639574,0,5,5
fixed_train,7,2,impressed|3|10,"ac379999, ac415100, ac419100",0,0.99435159550639574,0.0067566301055267397,104,104
fixed_train,7,2,impressed|3|10,"ac379999, ac415100, ac419100",1,0.99435159550639574,0.011238733077600371,104,104
fixed_train,7,2,impressed|3|10,"ac379999, ac415100, ac419100",2,0.99435159550639574,0.0078727894777480545,104,104
fixed_train,7,2,impressed|3|10,"ac379999, ac415100, ac419100",3,0.99435159550639574,0.0056582677241074908,104,103
fixed_train,7,2,impressed|3|10,"ac379999, ac415100, ac419100",4,0.99435159550639574,0.0079435428385044027,104,103
fixed_train,7,2,impressed|3|10,"ac379999, ac415100, ac419100",5,0.99435159550639574,0.010180936611192126,104,103
fixed_train,7,2,impressed|3|10,"ac379999, ac415100, ac419100",6,0.99435159550639574,0.0056582677241074908,104,104
fixed_train,7,2,impressed|3|10,"ac379999, ac415100, ac419100",7,0.99435159550639574,0.0090374471897670672,104,104
fixed_train,7,2,impressed|3|10,"ac379999, ac415100, ac419100",8,0.99435159550639574,0.011296808987208751,104,104
fixed_train,7,2,impressed|3|10,"ac379999, ac415100, ac419100",9,0.99435159550639574,0.0056582677241074908,104,104
fixed_test,7,3,apriori|1|01,ac419100,0,0.93067594466923032,-0.018066312895225978,153,125
fixed_test,7,3,apriori|1|01,ac419100,1,0.93067594466923032,-0.013639059990601998,153,126
fixed_test,7,3,apriori|1|01,ac419100,2,0.93067594466923032,0,153,121
fixed_test,7,3,apriori|1|01,ac419100,3,0.93067594466923032,-0.013639059990601998,153,124
fixed_test,7,3,apriori|1|01,ac419100,4,0.93067594466923032,-0.0092432073774358914,153,126
fixed_test,7,3,apriori|1|01,ac419100,5,0.93067594466923032,-0.0092432073774358914,153,124
fixed_test,7,3,apriori|1|01,ac419100,6,0.93067594466923032,-0.0048772799013353518,153,122
fixed_test,7,3,apriori|1|01,ac419100,7,0.93067594466923032,-0.0087467233614908491,153,121
fixed_test,7,3,apriori|1|01,ac419100,8,0.93067594466923032,-0.018066312895225978,153,119
fixed_test,7,3,apriori|1|01,ac419100,9,0.93067594466923032,-0.013639059990601998,153,122
fixed_test,7,3,apriori|1|02,ac370000,0,0.93067594466923032,0.16126378844968625,136,136
fixed_test,7,3,apriori|1|02,ac370000,1,0.93067594466923032,0.11522208295018377,136,135
fixed_test,7,3,apriori|1|02,ac370000,2,0.93067594466923032,0.12800030281962094,136,135
fixed_test,7,3,apriori|1|02,ac370000,3,0.93067594466923032,0.14992523150299775,136,136
fixed_test,7,3,apriori|1|02,ac370000,4,0.93067594466923032,0.12800030281962094,136,136
fixed_test,7,3,apriori|1|02,ac370000,5,0.93067594466923032,0.15358232931474536,136,136
fixed_test,7,3,apriori|1|02,ac370000,6,0.93067594466923032,0.1351839088272202,136,134
fixed_test,7,3,apriori|1|02,ac370000,7,0.93067594466923032,0.16551933699293764,136,135
fixed_test,7,3,apriori|1|02,ac370000,8,0.93067594466923032,0.15366950099612009,136,136
fixed_test,7,3,apriori|1|02,ac370000,9,0.93067594466923032,0.12800030281962094,136,136
fixed_test,7,3,apriori|1|03,370407,0,0.93067594466923032,-0.0048772799013353518,117,110
fixed_test,7,3,apriori|1|03,370407,1,0.93067594466923032,0.0043294023028696005,117,115
fixed_test,7,3,apriori|1|03,370407,2,0.93067594466923032,-0.0048772799013353518,117,113
fixed_test,7,3,apriori|1|03,370407,3,0.93067594466923032,0,117,108
fixed_test,7,3,apriori|1|03,370407,4,0.93067594466923032,-0.0048772799013353518,117,113
fixed_test,7,3,apriori|1|03,370407,5,0.93067594466923032,0.0043294023028696005,117,115
fixed_test,7,3,apriori|1|03,370407,6,0.93067594466923032,-0.0092432073774358914,117,110
fixed_test,7,3,apriori|1|03,370407,7,0.93067594466923032,0,117,110
fixed_test,7,3,apriori|1|03,370407,8,0.93067594466923032,0,117,115
fixed_test,7,3,apriori|1|03,370407,9,0.93067594466923032,0.0043294023028696005,117,111
fixed_test,7,3,apriori|1|04,ac370419,0,0.93067594466923032,0.0043294023028696005,114,105
fixed_test,7,3,apriori|1|04,ac370419,1,0.93067594466923032,-0.0048772799013353518,114,105
fixed_test,7,3,apriori|1|04,ac370419,2,0.93067594466923032,0.0043294023028696005,114,109
fixed_test,7,3,apriori|1|04,ac370419,3,0.93067594466923032,-0.0048772799013353518,114,109
fixed_test,7,3,apriori|1|04,ac370419,4,0.93067594466923032,0,114,106
fixed_test,7,3,apriori|1|04,ac370419,5,0.93067594466923032,0,114,110
fixed_test,7,3,apriori|1|04,ac370419,6,0.93067594466923032,-0.0043582274339072358,114,109
fixed_test,7,3,apriori|1|04,ac370419,7,0.93067594466923032,-0.0043582274339072358,114,109
fixed_test,7,3,apriori|1|04,ac370419,8,0.93067594466923032,-0.014083962105540193,114,107
fixed_test,7,3,apriori|1|04,ac370419,9,0.93067594466923032,-0.013639059990601998,114,109
fixed_test,7,3,apriori|1|05,ac370443,0,0.93067594466923032,-0.0048772799013353518,113,105
fixed_test,7,3,apriori|1|05,ac370443,1,0.93067594466923032,0,113,107
fixed_test,7,3,apriori|1|05,ac370443,2,0.93067594466923032,0,113,105
fixed_test,7,3,apriori|1|05,ac370443,3,0.93067594466923032,-0.0092432073774358914,113,107
fixed_test,7,3,apriori|1|05,ac370443,4,0.93067594466923032,0,113,105
fixed_test,7,3,apriori|1|05,ac370443,5,0.93067594466923032,-0.0097110826743187495,113,107
fixed_test,7,3,apriori|1|05,ac370443,6,0.93067594466923032,-0.0043582274339072358,113,111
fixed_test,7,3,apriori|1|05,ac370443,7,0.93067594466923032,-0.0048772799013353518,113,108
fixed_test,7,3,apriori|1|05,ac370443,8,0.93067594466923032,-0.0048772799013353518,113,111
fixed_test,7,3,apriori|1|05,ac370443,9,0.93067594466923032,-0.0097110826743187495,113,111
fixed_test,7,3,apriori|1|06,ac370442,0,0.93067594466923032,-0.00053985611178786197,112,110
fixed_test,7,3,apriori|1|06,ac370442,1,0.93067594466923032,-0.0048772799013353518,112,108
fixed_test,7,3,apriori|1|06,ac370442,2,0.93067594466923032,-0.0048772799013353518,112,107
fixed_test,7,3,apriori|1|06,ac370442,3,0.93067594466923032,-0.0048772799013353518,112,106
fixed_test,7,3,apriori|1|06,ac370442,4,0.93067594466923032,0,112,105
fixed_test,7,3,apriori|1|06,ac370442,5,0.93067594466923032,-0.0092432073774358914,112,106
fixed_test,7,3,apriori|1|06,ac370442,6,0.93067594466923032,-0.0010484940263135734,112,110
fixed_test,7,3,apriori|1|06,ac370442,7,0.93067594466923032,0,112,106
fixed_test,7,3,apriori|1|06,ac370442,8,0.93067594466923032,0,112,107
fixed_test,7,3,apriori|1|06,ac370442,9,0.93067594466923032,-0.0048772799013353518,112,107
fixed_test,7,3,apriori|1|07,370712b,0,0.93067594466923032,0,107,103
fixed_test,7,3,apriori|1|07,370712b,1,0.93067594466923032,-0.0043582274339072358,107,103
fixed_test,7,3,apriori|1|07,370712b,2,0.93067594466923032,0,107,101
fixed_test,7,3,apriori|1|07,370712b,3,0.93067594466923032,-0.0043582274339072358,107,101
fixed_test,7,3,apriori|1|07,370712b,4,0.93067594466923032,-0.0043582274339072358,107,104
fixed_test,7,3,apriori|1|07,370712b,5,0.93067594466923032,-0.0092432073774358914,107,101
fixed_test,7,3,apriori|1|07,370712b,6,0.93067594466923032,-0.0097110826743187495,107,102
fixed_test,7,3,apriori|1|07,370712b,7,0.93067594466923032,-0.0048772799013353518,107,100
fixed_test,7,3,apriori|1|07,370712b,8,0.93067594466923032,-0.0092432073774358914,107,103
fixed_test,7,3,apriori|1|07,370712b,9,0.93067594466923032,-0.0097110826743187495,107,106
fixed_test,7,3,apriori|1|08,370715a,0,0.93067594466923032,-0.0043582274339072358,107,98
fixed_test,7,3,apriori|1|08,370715a,1,0.93067594466923032,-0.0048772799013353518,107,100
fixed_test,7,3,apriori|1|08,370715a,2,0.93067594466923032,-0.0043582274339072358,107,102
fixed_test,7,3,apriori|1|08,370715a,3,0.93067594466923032,0,107,101
fixed_test,7,3,apriori|1|08,370715a,4,0.93067594466923032,0,107,101
fixed_test,7,3,apriori|1|08,370715a,5,0.93067594466923032,0,107,100
fixed_test,7,3,apriori|1|08,370715a,6,0.93067594466923032,0,107,102
fixed_test,7,3,apriori|1|08,370715a,7,0.93067594466923032,0,107,104
fixed_test,7,3,apriori|1|08,370715a,8,0.93067594466923032,0,107,105
fixed_test,7,3,apriori|1|08,370715a,9,0.93067594466923032,-0.0043582274339072358,107,102
fixed_test,7,3,apriori|1|09,370488e,0,0.93067594466923032,-0.0048772799013353518,105,100
fixed_test,7,3,apriori|1|09,370488e,1,0.93067594466923032,-0.0092432073774358914,105,99
fixed_test,7,3,apriori|1|09,370488e,2,0.93067594466923032,0,105,103
fixed_test,7,3,apriori|1|09,370488e,3,0.93067594466923032,-0.0043582274339072358,105,99
fixed_test,7,3,apriori|1|09,370488e,4,0.93067594466923032,0,105,101
fixed_test,7,3,apriori|1|09,370488e,5,0.93067594466923032,0,105,97
fixed_test,7,3,apriori|1|09,370488e,6,0.93067594466923032,-0.0043582274339072358,105,99
fixed_test,7,3,apriori|1|09,370488e,7,0.93067594466923032,-0.0048772799013353518,105,99
fixed_test,7,3,apriori|1|09,370488e,8,0.93067594466923032,-0.014083962105540193,105,101
fixed_test,7,3,apriori|1|09,370488e,9,0.93067594466923032,-0.0048772799013353518,105,103
fixed_test,7,3,apriori|1|10,370488g,0,0.93067594466923032,0,107,98
fixed_test,7,3,apriori|1|10,370488g,1,0.93067594466923032,-0.0043582274339072358,107,102
fixed_test,7,3,apriori|1|10,370488g,2,0.93067594466923032,-0.0048772799013353518,107,102
fixed_test,7,3,apriori|1|10,370488g,3,0.93067594466923032,0,107,104
fixed_test,7,3,apriori|1|10,370488g,4,0.93067594466923032,0,107,104
fixed_test,7,3,apriori|1|10,370488g,5,0.93067594466923032,-0.0092432073774358914,107,101
fixed_test,7,3,apriori|1|10,370488g,6,0.93067594466923032,-0.0048772799013353518,107,105
fixed_test,7,3,apriori|1|10,370488g,7,0.93067594466923032,0,107,105
fixed_test,7,3,apriori|1|10,370488g,8,0.93067594466923032,0,107,100
fixed_test,7,3,apriori|1|10,370488g,9,0.93067594466923032,-0.0043582274339072358,107,100
fixed_test,7,3,apriori|2|01,"370407, ac370000",0,0.93067594466923032,0.00057286617224450165,117,117
fixed_test,7,3,apriori|2|01,"370407, ac370000",1,0.93067594466923032,0.00057286617224450165,117,117
fixed_test,7,3,apriori|2|01,"370407, ac370000",2,0.93067594466923032,-0.0048772799013353518,117,117
fixed_test,7,3,apriori|2|01,"370407, ac370000",3,0.93067594466923032,0.019981958706427161,117,116
fixed_test,7,3,apriori|2|01,"370407, ac370000",4,0.93067594466923032,0.014911548053769819,117,116
fixed_test,7,3,apriori|2|01,"370407, ac370000",5,0.93067594466923032,0.0049226051227873047,117,117
fixed_test,7,3,apriori|2|01,"370407, ac370000",6,0.93067594466923032,0.0055520365665988614,117,115
fixed_test,7,3,apriori|2|01,"370407, ac370000",7,0.93067594466923032,0.019981958706427161,117,115
fixed_test,7,3,apriori|2|01,"370407, ac370000",8,0.93067594466923032,0.0055520365665988614,117,116
fixed_test,7,3,apriori|2|01,"370407, ac370000",9,0.93067594466923032,0.0049226051227873047,117,117
fixed_test,7,3,apriori|2|02,"ac370000, ac370419",0,0.93067594466923032,0.015662858460491869,114,113
fixed_test,7,3,apriori|2|02,"ac370000, ac370419",1,0.93067594466923032,0.025105848881743276,114,113
fixed_test,7,3,apriori|2|02,"ac370000, ac370419",2,0.93067594466923032,0.00057286617224450165,114,113
fixed_test,7,3,apriori|2|02,"ac370000, ac370419",3,0.93067594466923032,0.0055520365665988614,114,113
fixed_test,7,3,apriori|2|02,"ac370000, ac370419",4,0.93067594466923032,-0.0043582274339072358,114,114
fixed_test,7,3,apriori|2|02,"ac370000, ac370419",5,0.93067594466923032,0.010581325649880013,114,112
fixed_test,7,3,apriori|2|02,"ac370000, ac370419",6,0.93067594466923032,0.00057286617224450165,114,113
fixed_test,7,3,apriori|2|02,"ac370000, ac370419",7,0.93067594466923032,0.0055520365665988614,114,114
fixed_test,7,3,apriori|2|02,"ac370000, ac370419",8,0.93067594466923032,0.015662858460491869,114,113
fixed_test,7,3,apriori|2|02,"ac370000, ac370419",9,0.93067594466923032,0.011312226438656481,114,114
fixed_test,7,3,apriori|2|03,"370407, ac370419",0,0.93067594466923032,0,112,112
fixed_test,7,3,apriori|2|03,"370407, ac370419",1,0.93067594466923032,0.0055520365665988614,112,112
fixed_test,7,3,apriori|2|03,"370407, ac370419",2,0.93067594466923032,-0.0043582274339072358,112,112
fixed_test,7,3,apriori|2|03,"370407, ac370419",3,0.93067594466923032,-0.0043582274339072358,112,112
fixed_test,7,3,apriori|2|03,"370407, ac370419",4,0.93067594466923032,0.0049226051227873047,112,112
fixed_test,7,3,apriori|2|03,"370407, ac370419",5,0.93067594466923032,-0.0043582274339072358,112,112
fixed_test,7,3,apriori|2|03,"370407, ac370419",6,0.93067594466923032,-0.0048772799013353518,112,112
fixed_test,7,3,apriori|2|03,"370407, ac370419",7,0.93067594466923032,-0.0048772799013353518,112,112
fixed_test,7,3,apriori|2|03,"370407, ac370419",8,0.93067594466923032,0.0043294023028696005,112,112
fixed_test,7,3,apriori|2|03,"370407, ac370419",9,0.93067594466923032,-0.0043582274339072358,112,111
fixed_test,7,3,apriori|2|04,"ac370000, ac370443",0,0.93067594466923032,0.00057286617224450165,113,112
fixed_test,7,3,apriori|2|04,"ac370000, ac370443",1,0.93067594466923032,0.015662858460491869,113,113
fixed_test,7,3,apriori|2|04,"ac370000, ac370443",2,0.93067594466923032,-0.0043582274339072358,113,113
fixed_test,7,3,apriori|2|04,"ac370000, ac370443",3,0.93067594466923032,0.010581325649880013,113,112
fixed_test,7,3,apriori|2|04,"ac370000, ac370443",4,0.93067594466923032,0.0062198680392405725,113,112
fixed_test,7,3,apriori|2|04,"ac370000, ac370443",5,0.93067594466923032,-0.0038074749205722069,113,112
fixed_test,7,3,apriori|2|04,"ac370000, ac370443",6,0.93067594466923032,0.014203437679481956,113,112
fixed_test,7,3,apriori|2|04,"ac370000, ac370443",7,0.93067594466923032,0.001180692593332977,113,113
fixed_test,7,3,apriori|2|04,"ac370000, ac370443",8,0.93067594466923032,0.0062198680392405725,113,113
fixed_test,7,3,apriori|2|04,"ac370000, ac370443",9,0.93067594466923032,0.0049226051227873047,113,113
fixed_test,7,3,apriori|2|05,"ac370419, ac370443",0,0.93067594466923032,-0.00053985611178786197,113,113
fixed_test,7,3,apriori|2|05,"ac370419, ac370443",1,0.93067594466923032,-0.0092432073774358914,113,112
fixed_test,7,3,apriori|2|05,"ac370419, ac370443",2,0.93067594466923032,0,113,112
fixed_test,7,3,apriori|2|05,"ac370419, ac370443",3,0.93067594466923032,-0.0043582274339072358,113,112
fixed_test,7,3,apriori|2|05,"ac370419, ac370443",4,0.93067594466923032,-0.0043582274339072358,113,112
fixed_test,7,3,apriori|2|05,"ac370419, ac370443",5,0.93067594466923032,0,113,112
fixed_test,7,3,apriori|2|05,"ac370419, ac370443",6,0.93067594466923032,-0.0048772799013353518,113,112
fixed_test,7,3,apriori|2|05,"ac370419, ac370443",7,0.93067594466923032,0,113,113
fixed_test,7,3,apriori|2|05,"ac370419, ac370443",8,0.93067594466923032,0,113,113
fixed_test,7,3,apriori|2|05,"ac370419, ac370443",9,0.93067594466923032,-0.0043582274339072358,113,113
fixed_test,7,3,apriori|2|06,"ac370000, ac370442",0,0.93067594466923032,0.0049226051227873047,112,110
fixed_test,7,3,apriori|2|06,"ac370000, ac370442",1,0.93067594466923032,0.014203437679481956,112,112
fixed_test,7,3,apriori|2|06,"ac370000, ac370442",2,0.93067594466923032,0.010581325649880013,112,112
fixed_test,7,3,apriori|2|06,"ac370000, ac370442",3,0.93067594466923032,0.032765102792871148,112,112
fixed_test,7,3,apriori|2|06,"ac370000, ac370442",4,0.93067594466923032,0.015662858460491869,112,111
fixed_test,7,3,apriori|2|06,"ac370000, ac370442",5,0.93067594466923032,0.010581325649880013,112,111
fixed_test,7,3,apriori|2|06,"ac370000, ac370442",6,0.93067594466923032,0.010581325649880013,112,111
fixed_test,7,3,apriori|2|06,"ac370000, ac370442",7,0.93067594466923032,0.011312226438656481,112,112
fixed_test,7,3,apriori|2|06,"ac370000, ac370442",8,0.93067594466923032,0.010581325649880013,112,111
fixed_test,7,3,apriori|2|06,"ac370000, ac370442",9,0.93067594466923032,0.00057286617224450165,112,112
fixed_test,7,3,apriori|2|07,"ac370442, ac370443",0,0.93067594466923032,-0.0048772799013353518,112,111
fixed_test,7,3,apriori|2|07,"ac370442, ac370443",1,0.93067594466923032,0,112,112
fixed_test,7,3,apriori|2|07,"ac370442, ac370443",2,0.93067594466923032,0.0043294023028696005,112,112
fixed_test,7,3,apriori|2|07,"ac370442, ac370443",3,0.93067594466923032,-0.0043582274339072358,112,109
fixed_test,7,3,apriori|2|07,"ac370442, ac370443",4,0.93067594466923032,-0.0048772799013353518,112,112
fixed_test,7,3,apriori|2|07,"ac370442, ac370443",5,0.93067594466923032,-0.0092432073774358914,112,112
fixed_test,7,3,apriori|2|07,"ac370442, ac370443",6,0.93067594466923032,0,112,111
fixed_test,7,3,apriori|2|07,"ac370442, ac370443",7,0.93067594466923032,0,112,112
fixed_test,7,3,apriori|2|07,"ac370442, ac370443",8,0.93067594466923032,0.0043294023028696005,112,111
fixed_test,7,3,apriori|2|07,"ac370442, ac370443",9,0.93067594466923032,0,112,111
fixed_test,7,3,apriori|2|08,"ac370419, ac370442",0,0.93067594466923032,0.00057286617224450165,112,112
fixed_test,7,3,apriori|2|08,"ac370419, ac370442",1,0.93067594466923032,-0.0043582274339072358,112,111
fixed_test,7,3,apriori|2|08,"ac370419, ac370442",2,0.93067594466923032,-0.0043582274339072358,112,112
fixed_test,7,3,apriori|2|08,"ac370419, ac370442",3,0.93067594466923032,-0.0097110826743187495,112,112
fixed_test,7,3,apriori|2|08,"ac370419, ac370442",4,0.93067594466923032,-0.0043582274339072358,112,110
fixed_test,7,3,apriori|2|08,"ac370419, ac370442",5,0.93067594466923032,0,112,111
fixed_test,7,3,apriori|2|08,"ac370419, ac370442",6,0.93067594466923032,-0.0092432073774358914,112,112
fixed_test,7,3,apriori|2|08,"ac370419, ac370442",7,0.93067594466923032,-0.0092432073774358914,112,112
fixed_test,7,3,apriori|2|08,"ac370419, ac370442",8,0.93067594466923032,0,112,112
fixed_test,7,3,apriori|2|08,"ac370419, ac370442",9,0.93067594466923032,0,112,111
fixed_test,7,3,apriori|2|09,"370407, ac370443",0,0.93067594466923032,0,111,110
fixed_test,7,3,apriori|2|09,"370407, ac370443",1,0.93067594466923032,-0.0087467233614908491,111,111
fixed_test,7,3,apriori|2|09,"370407, ac370443",2,0.93067594466923032,-0.0043582274339072358,111,111
fixed_test,7,3,apriori|2|09,"370407, ac370443",3,0.93067594466923032,-0.0043582274339072358,111,111
fixed_test,7,3,apriori|2|09,"370407, ac370443",4,0.93067594466923032,-0.0043582274339072358,111,110
fixed_test,7,3,apriori|2|09,"370407, ac370443",5,0.93067594466923032,0.0098924557059796303,111,111
fixed_test,7,3,apriori|2|09,"370407, ac370443",6,0.93067594466923032,-0.0038074749205722069,111,111
fixed_test,7,3,apriori|2|09,"370407, ac370443",7,0.93067594466923032,-0.0043582274339072358,111,109
fixed_test,7,3,apriori|2|09,"370407, ac370443",8,0.93067594466923032,-0.0092432073774358914,111,110
fixed_test,7,3,apriori|2|09,"370407, ac370443",9,0.93067594466923032,-0.0092432073774358914,111,110
fixed_test,7,3,apriori|2|10,"370712b, ac370000",0,0.93067594466923032,0.00057286617224450165,107,105
fixed_test,7,3,apriori|2|10,"370712b, ac370000",1,0.93067594466923032,0.010581325649880013,107,106
fixed_test,7,3,apriori|2|10,"370712b, ac370000",2,0.93067594466923032,0.00057286617224450165,107,105
fixed_test,7,3,apriori|2|10,"370712b, ac370000",3,0.93067594466923032,0.0055520365665988614,107,106
fixed_test,7,3,apriori|2|10,"370712b, ac370000",4,0.93067594466923032,0.00057286617224450165,107,106
fixed_test,7,3,apriori|2|10,"370712b, ac370000",5,0.93067594466923032,0.014911548053769819,107,107
fixed_test,7,3,apriori|2|10,"370712b, ac370000",6,0.93067594466923032,0.0055520365665988614,107,107
fixed_test,7,3,apriori|2|10,"370712b, ac370000",7,0.93067594466923032,0.0098924557059796303,107,106
fixed_test,7,3,apriori|2|10,"370712b, ac370000",8,0.93067594466923032,-0.0038074749205722069,107,107
fixed_test,7,3,apriori|2|10,"370712b, ac370000",9,0.93067594466923032,0.00057286617224450165,107,106
fixed_test,7,3,apriori|3|01,"370407, ac370000, ac370419",0,0.93067594466923032,0,112,112
fixed_test,7,3,apriori|3|01,"370407, ac370000, ac370419",1,0.93067594466923032,0.0043294023028696005,112,112
fixed_test,7,3,apriori|3|01,"370407, ac370000, ac370419",2,0.93067594466923032,0.015662858460491869,112,111
fixed_test,7,3,apriori|3|01,"370407, ac370000, ac370419",3,0.93067594466923032,0.0062198680392405725,112,111
fixed_test,7,3,apriori|3|01,"370407, ac370000, ac370419",4,0.93067594466923032,0.011312226438656481,112,112
fixed_test,7,3,apriori|3|01,"370407, ac370000, ac370419",5,0.93067594466923032,0.014911548053769819,112,112
fixed_test,7,3,apriori|3|01,"370407, ac370000, ac370419",6,0.93067594466923032,0.0062198680392405725,112,112
fixed_test,7,3,apriori|3|01,"370407, ac370000, ac370419",7,0.93067594466923032,0.016460033843149979,112,111
fixed_test,7,3,apriori|3|01,"370407, ac370000, ac370419",8,0.93067594466923032,0.0055520365665988614,112,112
fixed_test,7,3,apriori|3|01,"370407, ac370000, ac370419",9,0.93067594466923032,0.0055520365665988614,112,112
fixed_test,7,3,apriori|3|02,"ac370000, ac370419, ac370443",0,0.93067594466923032,0.015662858460491869,113,113
fixed_test,7,3,apriori|3|02,"ac370000, ac370419, ac370443",1,0.93067594466923032,0.00057286617224450165,113,113
fixed_test,7,3,apriori|3|02,"ac370000, ac370419, ac370443",2,0.93067594466923032,0.016460033843149979,113,113
fixed_test,7,3,apriori|3|02,"ac370000, ac370419, ac370443",3,0.93067594466923032,0.0049226051227873047,113,113
fixed_test,7,3,apriori|3|02,"ac370000, ac370419, ac370443",4,0.93067594466923032,0.014911548053769819,113,113
fixed_test,7,3,apriori|3|02,"ac370000, ac370419, ac370443",5,0.93067594466923032,0.014911548053769819,113,113
fixed_test,7,3,apriori|3|02,"ac370000, ac370419, ac370443",6,0.93067594466923032,0.0062198680392405725,113,113
fixed_test,7,3,apriori|3|02,"ac370000, ac370419, ac370443",7,0.93067594466923032,0.010581325649880013,113,113
fixed_test,7,3,apriori|3|02,"ac370000, ac370419, ac370443",8,0.93067594466923032,0.001180692593332977,113,113
fixed_test,7,3,apriori|3|02,"ac370000, ac370419, ac370443",9,0.93067594466923032,0.0049226051227873047,113,113
fixed_test,7,3,apriori|3|03,"ac370000, ac370442, ac370443",0,0.93067594466923032,0.015662858460491869,112,112
fixed_test,7,3,apriori|3|03,"ac370000, ac370442, ac370443",1,0.93067594466923032,0.011312226438656481,112,112
fixed_test,7,3,apriori|3|03,"ac370000, ac370442, ac370443",2,0.93067594466923032,0.015662858460491869,112,112
fixed_test,7,3,apriori|3|03,"ac370000, ac370442, ac370443",3,0.93067594466923032,0.0055520365665988614,112,112
fixed_test,7,3,apriori|3|03,"ac370000, ac370442, ac370443",4,0.93067594466923032,0.010581325649880013,112,112
fixed_test,7,3,apriori|3|03,"ac370000, ac370442, ac370443",5,0.93067594466923032,0.0062198680392405725,112,112
fixed_test,7,3,apriori|3|03,"ac370000, ac370442, ac370443",6,0.93067594466923032,0.010581325649880013,112,111
fixed_test,7,3,apriori|3|03,"ac370000, ac370442, ac370443",7,0.93067594466923032,0.014911548053769819,112,112
fixed_test,7,3,apriori|3|03,"ac370000, ac370442, ac370443",8,0.93067594466923032,0.025991599306918745,112,112
fixed_test,7,3,apriori|3|03,"ac370000, ac370442, ac370443",9,0.93067594466923032,0.025105848881743276,112,112
fixed_test,7,3,apriori|3|04,"ac370000, ac370419, ac370442",0,0.93067594466923032,-0.0038074749205722069,112,112
fixed_test,7,3,apriori|3|04,"ac370000, ac370419, ac370442",1,0.93067594466923032,0.010581325649880013,112,112
fixed_test,7,3,apriori|3|04,"ac370000, ac370419, ac370442",2,0.93067594466923032,0.0055520365665988614,112,112
fixed_test,7,3,apriori|3|04,"ac370000, ac370419, ac370442",3,0.93067594466923032,0.014911548053769819,112,112
fixed_test,7,3,apriori|3|04,"ac370000, ac370419, ac370442",4,0.93067594466923032,0.0098924557059796303,112,112
fixed_test,7,3,apriori|3|04,"ac370000, ac370419, ac370442",5,0.93067594466923032,0.011312226438656481,112,112
fixed_test,7,3,apriori|3|04,"ac370000, ac370419, ac370442",6,0.93067594466923032,0.001180692593332977,112,112
fixed_test,7,3,apriori|3|04,"ac370000, ac370419, ac370442",7,0.93067594466923032,0.0062198680392405725,112,112
fixed_test,7,3,apriori|3|04,"ac370000, ac370419, ac370442",8,0.93067594466923032,0.015662858460491869,112,112
fixed_test,7,3,apriori|3|04,"ac370000, ac370419, ac370442",9,0.93067594466923032,0.014911548053769819,112,112
fixed_test,7,3,apriori|3|05,"ac370419, ac370442, ac370443",0,0.93067594466923032,-0.0087467233614908491,112,112
fixed_test,7,3,apriori|3|05,"ac370419, ac370442, ac370443",1,0.93067594466923032,0,112,112
fixed_test,7,3,apriori|3|05,"ac370419, ac370442, ac370443",2,0.93067594466923032,-0.0043582274339072358,112,112
fixed_test,7,3,apriori|3|05,"ac370419, ac370442, ac370443",3,0.93067594466923032,-0.0092432073774358914,112,112
fixed_test,7,3,apriori|3|05,"ac370419, ac370442, ac370443",4,0.93067594466923032,0,112,112
fixed_test,7,3,apriori|3|05,"ac370419, ac370442, ac370443",5,0.93067594466923032,-0.0043582274339072358,112,112
fixed_test,7,3,apriori|3|05,"ac370419, ac370442, ac370443",6,0.93067594466923032,0,112,112
fixed_test,7,3,apriori|3|05,"ac370419, ac370442, ac370443",7,0.93067594466923032,-0.0043582274339072358,112,112
fixed_test,7,3,apriori|3|05,"ac370419, ac370442, ac370443",8,0.93067594466923032,-0.0043582274339072358,112,112
fixed_test,7,3,apriori|3|05,"ac370419, ac370442, ac370443",9,0.93067594466923032,-0.0092432073774358914,112,112
fixed_test,7,3,apriori|3|06,"370407, ac370000, ac370443",0,0.93067594466923032,0.014911548053769819,111,111
fixed_test,7,3,apriori|3|06,"370407, ac370000, ac370443",1,0.93067594466923032,0.00057286617224450165,111,111
fixed_test,7,3,apriori|3|06,"370407, ac370000, ac370443",2,0.93067594466923032,0.0098924557059796303,111,111
fixed_test,7,3,apriori|3|06,"370407, ac370000, ac370443",3,0.93067594466923032,0.0062198680392405725,111,111
fixed_test,7,3,apriori|3|06,"370407, ac370000, ac370443",4,0.93067594466923032,0.0055520365665988614,111,111
fixed_test,7,3,apriori|3|06,"370407, ac370000, ac370443",5,0.93067594466923032,0.014911548053769819,111,111
fixed_test,7,3,apriori|3|06,"370407, ac370000, ac370443",6,0.93067594466923032,0.0062198680392405725,111,111
fixed_test,7,3,apriori|3|06,"370407, ac370000, ac370443",7,0.93067594466923032,0.010581325649880013,111,110
fixed_test,7,3,apriori|3|06,"370407, ac370000, ac370443",8,0.93067594466923032,-0.0038074749205722069,111,111
fixed_test,7,3,apriori|3|06,"370407, ac370000, ac370443",9,0.93067594466923032,0.010581325649880013,111,111
fixed_test,7,3,apriori|3|07,"370407, ac370419, ac370443",0,0.93067594466923032,0.0092432073774360024,111,111
fixed_test,7,3,apriori|3|07,"370407, ac370419, ac370443",1,0.93067594466923032,-0.0043582274339072358,111,111
fixed_test,7,3,apriori|3|07,"370407, ac370419, ac370443",2,0.93067594466923032,-0.0043582274339072358,111,111
fixed_test,7,3,apriori|3|07,"370407, ac370419, ac370443",3,0.93067594466923032,0.0092432073774360024,111,110
fixed_test,7,3,apriori|3|07,"370407, ac370419, ac370443",4,0.93067594466923032,-0.0043582274339072358,111,111
fixed_test,7,3,apriori|3|07,"370407, ac370419, ac370443",5,0.93067594466923032,-0.013639059990601998,111,111
fixed_test,7,3,apriori|3|07,"370407, ac370419, ac370443",6,0.93067594466923032,-0.0043582274339072358,111,111
fixed_test,7,3,apriori|3|07,"370407, ac370419, ac370443",7,0.93067594466923032,0.0043294023028696005,111,111
fixed_test,7,3,apriori|3|07,"370407, ac370419, ac370443",8,0.93067594466923032,-0.0043582274339072358,111,111
fixed_test,7,3,apriori|3|07,"370407, ac370419, ac370443",9,0.93067594466923032,0,111,111
fixed_test,7,3,apriori|3|08,"370407, ac370000, ac370442",0,0.93067594466923032,0.0092432073774360024,110,109
fixed_test,7,3,apriori|3|08,"370407, ac370000, ac370442",1,0.93067594466923032,0.015662858460491869,110,110
fixed_test,7,3,apriori|3|08,"370407, ac370000, ac370442",2,0.93067594466923032,0.0098924557059796303,110,110
fixed_test,7,3,apriori|3|08,"370407, ac370000, ac370442",3,0.93067594466923032,0.00057286617224450165,110,110
fixed_test,7,3,apriori|3|08,"370407, ac370000, ac370442",4,0.93067594466923032,0.010581325649880013,110,110
fixed_test,7,3,apriori|3|08,"370407, ac370000, ac370442",5,0.93067594466923032,0.010581325649880013,110,110
fixed_test,7,3,apriori|3|08,"370407, ac370000, ac370442",6,0.93067594466923032,0.014911548053769819,110,110
fixed_test,7,3,apriori|3|08,"370407, ac370000, ac370442",7,0.93067594466923032,0.010581325649880013,110,110
fixed_test,7,3,apriori|3|08,"370407, ac370000, ac370442",8,0.93067594466923032,0.010581325649880013,110,110
fixed_test,7,3,apriori|3|08,"370407, ac370000, ac370442",9,0.93067594466923032,-0.0043582274339072358,110,110
fixed_test,7,3,apriori|3|09,"370407, ac370419, ac370442",0,0.93067594466923032,-0.0048772799013353518,110,110
fixed_test,7,3,apriori|3|09,"370407, ac370419, ac370442",1,0.93067594466923032,0.0055520365665988614,110,110
fixed_test,7,3,apriori|3|09,"370407, ac370419, ac370442",2,0.93067594466923032,-0.0048772799013353518,110,110
fixed_test,7,3,apriori|3|09,"370407, ac370419, ac370442",3,0.93067594466923032,-0.0043582274339072358,110,110
fixed_test,7,3,apriori|3|09,"370407, ac370419, ac370442",4,0.93067594466923032,-0.013639059990601998,110,110
fixed_test,7,3,apriori|3|09,"370407, ac370419, ac370442",5,0.93067594466923032,0,110,110
fixed_test,7,3,apriori|3|09,"370407, ac370419, ac370442",6,0.93067594466923032,-0.0043582274339072358,110,110
fixed_test,7,3,apriori|3|09,"370407, ac370419, ac370442",7,0.93067594466923032,-0.0043582274339072358,110,110
fixed_test,7,3,apriori|3|09,"370407, ac370419, ac370442",8,0.93067594466923032,0.0062198680392405725,110,110
fixed_test,7,3,apriori|3|09,"370407, ac370419, ac370442",9,0.93067594466923032,-0.0043582274339072358,110,110
fixed_test,7,3,apriori|3|10,"370407, ac370442, ac370443",0,0.93067594466923032,-0.0043582274339072358,110,110
fixed_test,7,3,apriori|3|10,"370407, ac370442, ac370443",1,0.93067594466923032,0,110,110
fixed_test,7,3,apriori|3|10,"370407, ac370442, ac370443",2,0.93067594466923032,-0.013639059990601998,110,110
fixed_test,7,3,apriori|3|10,"370407, ac370442, ac370443",3,0.93067594466923032,0,110,110
fixed_test,7,3,apriori|3|10,"370407, ac370442, ac370443",4,0.93067594466923032,-0.0087467233614908491,110,110
fixed_test,7,3,apriori|3|10,"370407, ac370442, ac370443",5,0.93067594466923032,0.00057286617224450165,110,110
fixed_test,7,3,apriori|3|10,"370407, ac370442, ac370443",6,0.93067594466923032,-0.0092432073774358914,110,110
fixed_test,7,3,apriori|3|10,"370407, ac370442, ac370443",7,0.93067594466923032,0.00057286617224450165,110,110
fixed_test,7,3,apriori|3|10,"370407, ac370442, ac370443",8,0.93067594466923032,-0.0092432073774358914,110,110
fixed_test,7,3,apriori|3|10,"370407, ac370442, ac370443",9,0.93067594466923032,-0.0092432073774358914,110,110
fixed_test,7,3,impressed|1|01,ac419100,0,0.93067594466923032,-0.018066312895225978,153,125
fixed_test,7,3,impressed|1|01,ac419100,1,0.93067594466923032,-0.013639059990601998,153,126
fixed_test,7,3,impressed|1|01,ac419100,2,0.93067594466923032,0,153,121
fixed_test,7,3,impressed|1|01,ac419100,3,0.93067594466923032,-0.013639059990601998,153,124
fixed_test,7,3,impressed|1|01,ac419100,4,0.93067594466923032,-0.0092432073774358914,153,126
fixed_test,7,3,impressed|1|01,ac419100,5,0.93067594466923032,-0.0092432073774358914,153,124
fixed_test,7,3,impressed|1|01,ac419100,6,0.93067594466923032,-0.0048772799013353518,153,122
fixed_test,7,3,impressed|1|01,ac419100,7,0.93067594466923032,-0.0087467233614908491,153,121
fixed_test,7,3,impressed|1|01,ac419100,8,0.93067594466923032,-0.018066312895225978,153,119
fixed_test,7,3,impressed|1|01,ac419100,9,0.93067594466923032,-0.013639059990601998,153,122
fixed_test,7,3,impressed|1|02,ac370000,0,0.93067594466923032,0.16126378844968625,136,136
fixed_test,7,3,impressed|1|02,ac370000,1,0.93067594466923032,0.11522208295018377,136,135
fixed_test,7,3,impressed|1|02,ac370000,2,0.93067594466923032,0.12800030281962094,136,135
fixed_test,7,3,impressed|1|02,ac370000,3,0.93067594466923032,0.14992523150299775,136,136
fixed_test,7,3,impressed|1|02,ac370000,4,0.93067594466923032,0.12800030281962094,136,136
fixed_test,7,3,impressed|1|02,ac370000,5,0.93067594466923032,0.15358232931474536,136,136
fixed_test,7,3,impressed|1|02,ac370000,6,0.93067594466923032,0.1351839088272202,136,134
fixed_test,7,3,impressed|1|02,ac370000,7,0.93067594466923032,0.16551933699293764,136,135
fixed_test,7,3,impressed|1|02,ac370000,8,0.93067594466923032,0.15366950099612009,136,136
fixed_test,7,3,impressed|1|02,ac370000,9,0.93067594466923032,0.12800030281962094,136,136
fixed_test,7,3,impressed|1|03,ac415100,0,0.93067594466923032,0,40,36
fixed_test,7,3,impressed|1|03,ac415100,1,0.93067594466923032,0,40,38
fixed_test,7,3,impressed|1|03,ac415100,2,0.93067594466923032,-0.0087467233614908491,40,36
fixed_test,7,3,impressed|1|03,ac415100,3,0.93067594466923032,-0.0087467233614908491,40,38
fixed_test,7,3,impressed|1|03,ac415100,4,0.93067594466923032,-0.0043582274339072358,40,38
fixed_test,7,3,impressed|1|03,ac415100,5,0.93067594466923032,-0.0043582274339072358,40,37
fixed_test,7,3,impressed|1|03,ac415100,6,0.93067594466923032,-0.013166986407743386,40,36
fixed_test,7,3,impressed|1|03,ac415100,7,0.93067594466923032,-0.0043582274339072358,40,36
fixed_test,7,3,impressed|1|03,ac415100,8,0.93067594466923032,-0.0043582274339072358,40,39
fixed_test,7,3,impressed|1|03,ac415100,9,0.93067594466923032,-0.0087467233614908491,40,37
fixed_test,7,3,impressed|1|04,ac10307,0,0.93067594466923032,-0.0043582274339072358,27,21
fixed_test,7,3,impressed|1|04,ac10307,1,0.93067594466923032,-0.0043582274339072358,27,24
fixed_test,7,3,impressed|1|04,ac10307,2,0.93067594466923032,-0.0043582274339072358,27,21
fixed_test,7,3,impressed|1|04,ac10307,3,0.93067594466923032,-0.0043582274339072358,27,24
fixed_test,7,3,impressed|1|04,ac10307,4,0.93067594466923032,-0.0043582274339072358,27,23
fixed_test,7,3,impressed|1|04,ac10307,5,0.93067594466923032,-0.0043582274339072358,27,23
fixed_test,7,3,impressed|1|04,ac10307,6,0.93067594466923032,-0.0043582274339072358,27,22
fixed_test,7,3,impressed|1|04,ac10307,7,0.93067594466923032,-0.0043582274339072358,27,21
fixed_test,7,3,impressed|1|04,ac10307,8,0.93067594466923032,0,27,23
fixed_test,7,3,impressed|1|04,ac10307,9,0.93067594466923032,-0.0043582274339072358,27,22
fixed_test,7,3,impressed|1|05,ac355427,0,0.93067594466923032,0,3,3
fixed_test,7,3,impressed|1|05,ac355427,1,0.93067594466923032,0,3,3
fixed_test,7,3,impressed|1|05,ac355427,2,0.93067594466923032,0,3,2
fixed_test,7,3,impressed|1|05,ac355427,3,0.93067594466923032,0,3,3
fixed_test,7,3,impressed|1|05,ac355427,4,0.93067594466923032,0,3,2
fixed_test,7,3,impressed|1|05,ac355427,5,0.93067594466923032,0,3,3
fixed_test,7,3,impressed|1|05,ac355427,6,0.93067594466923032,0,3,3
fixed_test,7,3,impressed|1|05,ac355427,7,0.93067594466923032,0,3,3
fixed_test,7,3,impressed|1|05,ac355427,8,0.93067594466923032,0,3,3
fixed_test,7,3,impressed|1|05,ac355427,9,0.93067594466923032,0,3,2
fixed_test,7,3,impressed|1|06,ac388170,0,0.93067594466923032,0,1,0
fixed_test,7,3,impressed|1|06,ac388170,1,0.93067594466923032,0,1,0
fixed_test,7,3,impressed|1|06,ac388170,2,0.93067594466923032,0,1,0
fixed_test,7,3,impressed|1|06,ac388170,3,0.93067594466923032,0,1,0
fixed_test,7,3,impressed|1|06,ac388170,4,0.93067594466923032,0,1,0
fixed_test,7,3,impressed|1|06,ac388170,5,0.93067594466923032,0,1,0
fixed_test,7,3,impressed|1|06,ac388170,6,0.93067594466923032,0,1,0
fixed_test,7,3,impressed|1|06,ac388170,7,0.93067594466923032,0,1,0
fixed_test,7,3,impressed|1|06,ac388170,8,0.93067594466923032,0,1,0
fixed_test,7,3,impressed|1|06,ac388170,9,0.93067594466923032,0,1,0
fixed_test,7,3,impressed|1|07,387070a,0,0.93067594466923032,0,0,0
fixed_test,7,3,impressed|1|07,387070a,1,0.93067594466923032,0,0,0
fixed_test,7,3,impressed|1|07,387070a,2,0.93067594466923032,0,0,0
fixed_test,7,3,impressed|1|07,387070a,3,0.93067594466923032,0,0,0
fixed_test,7,3,impressed|1|07,387070a,4,0.93067594466923032,0,0,0
fixed_test,7,3,impressed|1|07,387070a,5,0.93067594466923032,0,0,0
fixed_test,7,3,impressed|1|07,387070a,6,0.93067594466923032,0,0,0
fixed_test,7,3,impressed|1|07,387070a,7,0.93067594466923032,0,0,0
fixed_test,7,3,impressed|1|07,387070a,8,0.93067594466923032,0,0,0
fixed_test,7,3,impressed|1|07,387070a,9,0.93067594466923032,0,0,0
fixed_test,7,3,impressed|1|08,ac370402,0,0.93067594466923032,0.0043294023028696005,103,97
fixed_test,7,3,impressed|1|08,ac370402,1,0.93067594466923032,-0.00053985611178786197,103,96
fixed_test,7,3,impressed|1|08,ac370402,2,0.93067594466923032,-0.0092432073774358914,103,102
fixed_test,7,3,impressed|1|08,ac370402,3,0.93067594466923032,-0.0048772799013353518,103,100
fixed_test,7,3,impressed|1|08,ac370402,4,0.93067594466923032,0.0043294023028696005,103,100
fixed_test,7,3,impressed|1|08,ac370402,5,0.93067594466923032,-0.0092432073774358914,103,100
fixed_test,7,3,impressed|1|08,ac370402,6,0.93067594466923032,0.0043294023028696005,103,97
fixed_test,7,3,impressed|1|08,ac370402,7,0.93067594466923032,-0.00053985611178786197,103,101
fixed_test,7,3,impressed|1|08,ac370402,8,0.93067594466923032,-0.00053985611178786197,103,100
fixed_test,7,3,impressed|1|08,ac370402,9,0.93067594466923032,-0.0048772799013353518,103,98
fixed_test,7,3,impressed|1|09,370488g,0,0.93067594466923032,0,107,98
fixed_test,7,3,impressed|1|09,370488g,1,0.93067594466923032,-0.0043582274339072358,107,102
fixed_test,7,3,impressed|1|09,370488g,2,0.93067594466923032,-0.0048772799013353518,107,102
fixed_test,7,3,impressed|1|09,370488g,3,0.93067594466923032,0,107,104
fixed_test,7,3,impressed|1|09,370488g,4,0.93067594466923032,0,107,104
fixed_test,7,3,impressed|1|09,370488g,5,0.93067594466923032,-0.0092432073774358914,107,101
fixed_test,7,3,impressed|1|09,370488g,6,0.93067594466923032,-0.0048772799013353518,107,105
fixed_test,7,3,impressed|1|09,370488g,7,0.93067594466923032,0,107,105
fixed_test,7,3,impressed|1|09,370488g,8,0.93067594466923032,0,107,100
fixed_test,7,3,impressed|1|09,370488g,9,0.93067594466923032,-0.0043582274339072358,107,100
fixed_test,7,3,impressed|1|10,370488e,0,0.93067594466923032,-0.0048772799013353518,105,100
fixed_test,7,3,impressed|1|10,370488e,1,0.93067594466923032,-0.0092432073774358914,105,99
fixed_test,7,3,impressed|1|10,370488e,2,0.93067594466923032,0,105,103
fixed_test,7,3,impressed|1|10,370488e,3,0.93067594466923032,-0.0043582274339072358,105,99
fixed_test,7,3,impressed|1|10,370488e,4,0.93067594466923032,0,105,101
fixed_test,7,3,impressed|1|10,370488e,5,0.93067594466923032,0,105,97
fixed_test,7,3,impressed|1|10,370488e,6,0.93067594466923032,-0.0043582274339072358,105,99
fixed_test,7,3,impressed|1|10,370488e,7,0.93067594466923032,-0.0048772799013353518,105,99
fixed_test,7,3,impressed|1|10,370488e,8,0.93067594466923032,-0.014083962105540193,105,101
fixed_test,7,3,impressed|1|10,370488e,9,0.93067594466923032,-0.0048772799013353518,105,103
fixed_test,7,3,impressed|2|01,"ac370000, ac370402",0,0.93067594466923032,0.00057286617224450165,103,103
fixed_test,7,3,impressed|2|01,"ac370000, ac370402",1,0.93067594466923032,0.00057286617224450165,103,103
fixed_test,7,3,impressed|2|01,"ac370000, ac370402",2,0.93067594466923032,0.015662858460491869,103,102
fixed_test,7,3,impressed|2|01,"ac370000, ac370402",3,0.93067594466923032,0.010581325649880013,103,102
fixed_test,7,3,impressed|2|01,"ac370000, ac370402",4,0.93067594466923032,0.0098924557059796303,103,103
fixed_test,7,3,impressed|2|01,"ac370000, ac370402",5,0.93067594466923032,0.013536084507074442,103,102
fixed_test,7,3,impressed|2|01,"ac370000, ac370402",6,0.93067594466923032,0.030285469207933402,103,103
fixed_test,7,3,impressed|2|01,"ac370000, ac370402",7,0.93067594466923032,0,103,102
fixed_test,7,3,impressed|2|01,"ac370000, ac370402",8,0.93067594466923032,0.020798847823294886,103,103
fixed_test,7,3,impressed|2|01,"ac370000, ac370402",9,0.93067594466923032,0.0055520365665988614,103,103
fixed_test,7,3,impressed|2|02,"370401c, ac370000",0,0.93067594466923032,0.0049226051227873047,104,104
fixed_test,7,3,impressed|2|02,"370401c, ac370000",1,0.93067594466923032,0.019981958706427161,104,102
fixed_test,7,3,impressed|2|02,"370401c, ac370000",2,0.93067594466923032,0.010581325649880013,104,103
fixed_test,7,3,impressed|2|02,"370401c, ac370000",3,0.93067594466923032,0.014911548053769819,104,103
fixed_test,7,3,impressed|2|02,"370401c, ac370000",4,0.93067594466923032,0.010581325649880013,104,104
fixed_test,7,3,impressed|2|02,"370401c, ac370000",5,0.93067594466923032,0.014203437679481956,104,103
fixed_test,7,3,impressed|2|02,"370401c, ac370000",6,0.93067594466923032,0.010581325649880013,104,102
fixed_test,7,3,impressed|2|02,"370401c, ac370000",7,0.93067594466923032,0.025991599306918745,104,103
fixed_test,7,3,impressed|2|02,"370401c, ac370000",8,0.93067594466923032,0.010581325649880013,104,104
fixed_test,7,3,impressed|2|02,"370401c, ac370000",9,0.93067594466923032,0.015662858460491869,104,103
fixed_test,7,3,impressed|2|03,"ac370000, ac370403",0,0.93067594466923032,0.014203437679481956,104,103
fixed_test,7,3,impressed|2|03,"ac370000, ac370403",1,0.93067594466923032,0.028531634773449999,104,102
fixed_test,7,3,impressed|2|03,"ac370000, ac370403",2,0.93067594466923032,0.01921204523971487,104,103
fixed_test,7,3,impressed|2|03,"ac370000, ac370403",3,0.93067594466923032,0.015662858460491869,104,104
fixed_test,7,3,impressed|2|03,"ac370000, ac370403",4,0.93067594466923032,0.019981958706427161,104,103
fixed_test,7,3,impressed|2|03,"ac370000, ac370403",5,0.93067594466923032,0.01921204523971487,104,103
fixed_test,7,3,impressed|2|03,"ac370000, ac370403",6,0.93067594466923032,0.0055520365665988614,104,103
fixed_test,7,3,impressed|2|03,"ac370000, ac370403",7,0.93067594466923032,0.019981958706427161,104,104
fixed_test,7,3,impressed|2|03,"ac370000, ac370403",8,0.93067594466923032,0.01921204523971487,104,103
fixed_test,7,3,impressed|2|03,"ac370000, ac370403",9,0.93067594466923032,0.0098924557059796303,104,103
fixed_test,7,3,impressed|2|04,"ac411100, ac419100",0,0.93067594466923032,-0.014083962105540193,83,73
fixed_test,7,3,impressed|2|04,"ac411100, ac419100",1,0.93067594466923032,-0.0097110826743187495,83,75
fixed_test,7,3,impressed|2|04,"ac411100, ac419100",2,0.93067594466923032,-0.0092432073774358914,83,75
fixed_test,7,3,impressed|2|04,"ac411100, ac419100",3,0.93067594466923032,-0.0097110826743187495,83,73
fixed_test,7,3,impressed|2|04,"ac411100, ac419100",4,0.93067594466923032,-0.0092432073774358914,83,75
fixed_test,7,3,impressed|2|04,"ac411100, ac419100",5,0.93067594466923032,-0.014503187951762753,83,76
fixed_test,7,3,impressed|2|04,"ac411100, ac419100",6,0.93067594466923032,-0.0097110826743187495,83,76
fixed_test,7,3,impressed|2|04,"ac411100, ac419100",7,0.93067594466923032,-0.013639059990601998,83,78
fixed_test,7,3,impressed|2|04,"ac411100, ac419100",8,0.93067594466923032,-0.005366376721928301,83,77
fixed_test,7,3,impressed|2|04,"ac411100, ac419100",9,0.93067594466923032,-0.0048772799013353518,83,74
fixed_test,7,3,impressed|2|05,"ac411100, ac415100",0,0.93067594466923032,-0.0048772799013353518,35,33
fixed_test,7,3,impressed|2|05,"ac411100, ac415100",1,0.93067594466923032,0,35,35
fixed_test,7,3,impressed|2|05,"ac411100, ac415100",2,0.93067594466923032,-0.0043582274339072358,35,33
fixed_test,7,3,impressed|2|05,"ac411100, ac415100",3,0.93067594466923032,0,35,33
fixed_test,7,3,impressed|2|05,"ac411100, ac415100",4,0.93067594466923032,-0.0043582274339072358,35,34
fixed_test,7,3,impressed|2|05,"ac411100, ac415100",5,0.93067594466923032,-0.0043582274339072358,35,34
fixed_test,7,3,impressed|2|05,"ac411100, ac415100",6,0.93067594466923032,-0.0043582274339072358,35,34
fixed_test,7,3,impressed|2|05,"ac411100, ac415100",7,0.93067594466923032,-0.0048772799013353518,35,33
fixed_test,7,3,impressed|2|05,"ac411100, ac415100",8,0.93067594466923032,-0.00053985611178786197,35,35
fixed_test,7,3,impressed|2|05,"ac411100, ac415100",9,0.93067594466923032,-0.0087467233614908491,35,32
fixed_test,7,3,impressed|2|06,"ac415100, ac419100",0,0.93067594466923032,-0.0043582274339072358,36,32
fixed_test,7,3,impressed|2|06,"ac415100, ac419100",1,0.93067594466923032,-0.0043582274339072358,36,33
fixed_test,7,3,impressed|2|06,"ac415100, ac419100",2,0.93067594466923032,-0.0087467233614908491,36,32
fixed_test,7,3,impressed|2|06,"ac415100, ac419100",3,0.93067594466923032,-0.013166986407743386,36,33
fixed_test,7,3,impressed|2|06,"ac415100, ac419100",4,0.93067594466923032,-0.0043582274339072358,36,33
fixed_test,7,3,impressed|2|06,"ac415100, ac419100",5,0.93067594466923032,-0.013166986407743386,36,34
fixed_test,7,3,impressed|2|06,"ac415100, ac419100",6,0.93067594466923032,-0.0087467233614908491,36,32
fixed_test,7,3,impressed|2|06,"ac415100, ac419100",7,0.93067594466923032,-0.0087467233614908491,36,32
fixed_test,7,3,impressed|2|06,"ac415100, ac419100",8,0.93067594466923032,-0.013166986407743386,36,33
fixed_test,7,3,impressed|2|06,"ac415100, ac419100",9,0.93067594466923032,-0.0043582274339072358,36,35
fixed_test,7,3,impressed|2|07,"ac10307, ac411100",0,0.93067594466923032,-0.0043582274339072358,27,26
fixed_test,7,3,impressed|2|07,"ac10307, ac411100",1,0.93067594466923032,-0.0043582274339072358,27,26
fixed_test,7,3,impressed|2|07,"ac10307, ac411100",2,0.93067594466923032,-0.0043582274339072358,27,25
fixed_test,7,3,impressed|2|07,"ac10307, ac411100",3,0.93067594466923032,-0.0043582274339072358,27,27
fixed_test,7,3,impressed|2|07,"ac10307, ac411100",4,0.93067594466923032,0,27,27
fixed_test,7,3,impressed|2|07,"ac10307, ac411100",5,0.93067594466923032,-0.0043582274339072358,27,26
fixed_test,7,3,impressed|2|07,"ac10307, ac411100",6,0.93067594466923032,0,27,25
fixed_test,7,3,impressed|2|07,"ac10307, ac411100",7,0.93067594466923032,-0.0043582274339072358,27,26
fixed_test,7,3,impressed|2|07,"ac10307, ac411100",8,0.93067594466923032,0,27,25
fixed_test,7,3,impressed|2|07,"ac10307, ac411100",9,0.93067594466923032,-0.0043582274339072358,27,26
fixed_test,7,3,impressed|2|08,"ac10307, ac419100",0,0.93067594466923032,-0.0043582274339072358,24,24
fixed_test,7,3,impressed|2|08,"ac10307, ac419100",1,0.93067594466923032,-0.0043582274339072358,24,24
fixed_test,7,3,impressed|2|08,"ac10307, ac419100",2,0.93067594466923032,0,24,24
fixed_test,7,3,impressed|2|08,"ac10307, ac419100",3,0.93067594466923032,0,24,24
fixed_test,7,3,impressed|2|08,"ac10307, ac419100",4,0.93067594466923032,-0.0043582274339072358,24,22
fixed_test,7,3,impressed|2|08,"ac10307, ac419100",5,0.93067594466923032,-0.0043582274339072358,24,23
fixed_test,7,3,impressed|2|08,"ac10307, ac419100",6,0.93067594466923032,-0.0043582274339072358,24,22
fixed_test,7,3,impressed|2|08,"ac10307, ac419100",7,0.93067594466923032,-0.0043582274339072358,24,23
fixed_test,7,3,impressed|2|08,"ac10307, ac419100",8,0.93067594466923032,-0.0043582274339072358,24,23
fixed_test,7,3,impressed|2|08,"ac10307, ac419100",9,0.93067594466923032,-0.0043582274339072358,24,24
fixed_test,7,3,impressed|2|09,"ac10307, ac415100",0,0.93067594466923032,-0.0043582274339072358,11,11
fixed_test,7,3,impressed|2|09,"ac10307, ac415100",1,0.93067594466923032,-0.0043582274339072358,11,11
fixed_test,7,3,impressed|2|09,"ac10307, ac415100",2,0.93067594466923032,-0.0043582274339072358,11,11
fixed_test,7,3,impressed|2|09,"ac10307, ac415100",3,0.93067594466923032,-0.0043582274339072358,11,10
fixed_test,7,3,impressed|2|09,"ac10307, ac415100",4,0.93067594466923032,0,11,10
fixed_test,7,3,impressed|2|09,"ac10307, ac415100",5,0.93067594466923032,-0.0043582274339072358,11,11
fixed_test,7,3,impressed|2|09,"ac10307, ac415100",6,0.93067594466923032,0,11,11
fixed_test,7,3,impressed|2|09,"ac10307, ac415100",7,0.93067594466923032,-0.0043582274339072358,11,11
fixed_test,7,3,impressed|2|09,"ac10307, ac415100",8,0.93067594466923032,-0.0043582274339072358,11,10
fixed_test,7,3,impressed|2|09,"ac10307, ac415100",9,0.93067594466923032,-0.0043582274339072358,11,11
fixed_test,7,3,impressed|2|10,"ac355201, ac415100",0,0.93067594466923032,0.0043294023028696005,5,5
fixed_test,7,3,impressed|2|10,"ac355201, ac415100",1,0.93067594466923032,0.0043294023028696005,5,5
fixed_test,7,3,impressed|2|10,"ac355201, ac415100",2,0.93067594466923032,0,5,5
fixed_test,7,3,impressed|2|10,"ac355201, ac415100",3,0.93067594466923032,0.0043294023028696005,5,5
fixed_test,7,3,impressed|2|10,"ac355201, ac415100",4,0.93067594466923032,0,5,5
fixed_test,7,3,impressed|2|10,"ac355201, ac415100",5,0.93067594466923032,0.0043294023028696005,5,5
fixed_test,7,3,impressed|2|10,"ac355201, ac415100",6,0.93067594466923032,0.0043294023028696005,5,5
fixed_test,7,3,impressed|2|10,"ac355201, ac415100",7,0.93067594466923032,0,5,5
fixed_test,7,3,impressed|2|10,"ac355201, ac415100",8,0.93067594466923032,0.0043294023028696005,5,5
fixed_test,7,3,impressed|2|10,"ac355201, ac415100",9,0.93067594466923032,0,5,5
fixed_test,7,3,impressed|3|01,"ac411100, ac415100, ac419100",0,0.93067594466923032,-0.0048772799013353518,31,29
fixed_test,7,3,impressed|3|01,"ac411100, ac415100, ac419100",1,0.93067594466923032,0,31,31
fixed_test,7,3,impressed|3|01,"ac411100, ac415100, ac419100",2,0.93067594466923032,-0.0043582274339072358,31,30
fixed_test,7,3,impressed|3|01,"ac411100, ac415100, ac419100",3,0.93067594466923032,-0.0043582274339072358,31,31
fixed_test,7,3,impressed|3|01,"ac411100, ac415100, ac419100",4,0.93067594466923032,0,31,31
fixed_test,7,3,impressed|3|01,"ac411100, ac415100, ac419100",5,0.93067594466923032,-0.0043582274339072358,31,29
fixed_test,7,3,impressed|3|01,"ac411100, ac415100, ac419100",6,0.93067594466923032,-0.0043582274339072358,31,29
fixed_test,7,3,impressed|3|01,"ac411100, ac415100, ac419100",7,0.93067594466923032,0.0043294023028696005,31,30
fixed_test,7,3,impressed|3|01,"ac411100, ac415100, ac419100",8,0.93067594466923032,-0.0043582274339072358,31,30
fixed_test,7,3,impressed|3|01,"ac411100, ac415100, ac419100",9,0.93067594466923032,-0.0048772799013353518,31,31
fixed_test,7,3,impressed|3|02,"ac10307, ac411100, ac419100",0,0.93067594466923032,-0.0043582274339072358,23,23
fixed_test,7,3,impressed|3|02,"ac10307, ac411100, ac419100",1,0.93067594466923032,-0.0043582274339072358,23,23
fixed_test,7,3,impressed|3|02,"ac10307, ac411100, ac419100",2,0.93067594466923032,-0.0043582274339072358,23,22
fixed_test,7,3,impressed|3|02,"ac10307, ac411100, ac419100",3,0.93067594466923032,-0.0043582274339072358,23,23
fixed_test,7,3,impressed|3|02,"ac10307, ac411100, ac419100",4,0.93067594466923032,-0.0043582274339072358,23,23
fixed_test,7,3,impressed|3|02,"ac10307, ac411100, ac419100",5,0.93067594466923032,-0.0043582274339072358,23,22
fixed_test,7,3,impressed|3|02,"ac10307, ac411100, ac419100",6,0.93067594466923032,-0.0043582274339072358,23,23
fixed_test,7,3,impressed|3|02,"ac10307, ac411100, ac419100",7,0.93067594466923032,-0.0043582274339072358,23,23
fixed_test,7,3,impressed|3|02,"ac10307, ac411100, ac419100",8,0.93067594466923032,-0.0043582274339072358,23,23
fixed_test,7,3,impressed|3|02,"ac10307, ac411100, ac419100",9,0.93067594466923032,-0.0043582274339072358,23,23
fixed_test,7,3,impressed|3|03,"ac370000, ac411100, ac415100",0,0.93067594466923032,-0.0087467233614908491,20,20
fixed_test,7,3,impressed|3|03,"ac370000, ac411100, ac415100",1,0.93067594466923032,-0.0043582274339072358,20,19
fixed_test,7,3,impressed|3|03,"ac370000, ac411100, ac415100",2,0.93067594466923032,-0.0087467233614908491,20,20
fixed_test,7,3,impressed|3|03,"ac370000, ac411100, ac415100",3,0.93067594466923032,-0.0087467233614908491,20,20
fixed_test,7,3,impressed|3|03,"ac370000, ac411100, ac415100",4,0.93067594466923032,-0.0043582274339072358,20,20
fixed_test,7,3,impressed|3|03,"ac370000, ac411100, ac415100",5,0.93067594466923032,-0.0087467233614908491,20,20
fixed_test,7,3,impressed|3|03,"ac370000, ac411100, ac415100",6,0.93067594466923032,-0.0043582274339072358,20,19
fixed_test,7,3,impressed|3|03,"ac370000, ac411100, ac415100",7,0.93067594466923032,-0.0087467233614908491,20,20
fixed_test,7,3,impressed|3|03,"ac370000, ac411100, ac415100",8,0.93067594466923032,-0.0087467233614908491,20,20
fixed_test,7,3,impressed|3|03,"ac370000, ac411100, ac415100",9,0.93067594466923032,-0.0087467233614908491,20,20
fixed_test,7,3,impressed|3|04,"ac355201, ac415100, ac419100",0,0.93067594466923032,0.0043294023028696005,5,5
fixed_test,7,3,impressed|3|04,"ac355201, ac415100, ac419100",1,0.93067594466923032,0.0043294023028696005,5,5
fixed_test,7,3,impressed|3|04,"ac355201, ac415100, ac419100",2,0.93067594466923032,0.0043294023028696005,5,5
fixed_test,7,3,impressed|3|04,"ac355201, ac415100, ac419100",3,0.93067594466923032,0,5,5
fixed_test,7,3,impressed|3|04,"ac355201, ac415100, ac419100",4,0.93067594466923032,0.0043294023028696005,5,5
fixed_test,7,3,impressed|3|04,"ac355201, ac415100, ac419100",5,0.93067594466923032,0.0043294023028696005,5,5
fixed_test,7,3,impressed|3|04,"ac355201, ac415100, ac419100",6,0.93067594466923032,0.0043294023028696005,5,5
fixed_test,7,3,impressed|3|04,"ac355201, ac415100, ac419100",7,0.93067594466923032,0.0043294023028696005,5,5
fixed_test,7,3,impressed|3|04,"ac355201, ac415100, ac419100",8,0.93067594466923032,0.0086313704507430256,5,5
fixed_test,7,3,impressed|3|04,"ac355201, ac415100, ac419100",9,0.93067594466923032,0.0043294023028696005,5,5
fixed_test,7,3,impressed|3|05,"ac355201, ac411100, ac419100",0,0.93067594466923032,0,5,5
fixed_test,7,3,impressed|3|05,"ac355201, ac411100, ac419100",1,0.93067594466923032,0,5,5
fixed_test,7,3,impressed|3|05,"ac355201, ac411100, ac419100",2,0.93067594466923032,0,5,5
fixed_test,7,3,impressed|3|05,"ac355201, ac411100, ac419100",3,0.93067594466923032,0,5,5
fixed_test,7,3,impressed|3|05,"ac355201, ac411100, ac419100",4,0.93067594466923032,0,5,5
fixed_test,7,3,impressed|3|05,"ac355201, ac411100, ac419100",5,0.93067594466923032,0,5,5
fixed_test,7,3,impressed|3|05,"ac355201, ac411100, ac419100",6,0.93067594466923032,0,5,5
fixed_test,7,3,impressed|3|05,"ac355201, ac411100, ac419100",7,0.93067594466923032,0,5,5
fixed_test,7,3,impressed|3|05,"ac355201, ac411100, ac419100",8,0.93067594466923032,0,5,5
fixed_test,7,3,impressed|3|05,"ac355201, ac411100, ac419100",9,0.93067594466923032,0,5,5
fixed_test,7,3,impressed|3|06,"ac355427, ac415100, ac419100",0,0.93067594466923032,0,2,2
fixed_test,7,3,impressed|3|06,"ac355427, ac415100, ac419100",1,0.93067594466923032,0,2,2
fixed_test,7,3,impressed|3|06,"ac355427, ac415100, ac419100",2,0.93067594466923032,0,2,2
fixed_test,7,3,impressed|3|06,"ac355427, ac415100, ac419100",3,0.93067594466923032,0,2,2
fixed_test,7,3,impressed|3|06,"ac355427, ac415100, ac419100",4,0.93067594466923032,0,2,2
fixed_test,7,3,impressed|3|06,"ac355427, ac415100, ac419100",5,0.93067594466923032,0,2,2
fixed_test,7,3,impressed|3|06,"ac355427, ac415100, ac419100",6,0.93067594466923032,0,2,2
fixed_test,7,3,impressed|3|06,"ac355427, ac415100, ac419100",7,0.93067594466923032,0,2,2
fixed_test,7,3,impressed|3|06,"ac355427, ac415100, ac419100",8,0.93067594466923032,0,2,2
fixed_test,7,3,impressed|3|06,"ac355427, ac415100, ac419100",9,0.93067594466923032,0,2,2
fixed_test,7,3,impressed|3|07,"370407, ac10307, ac370000",0,0.93067594466923032,0,5,5
fixed_test,7,3,impressed|3|07,"370407, ac10307, ac370000",1,0.93067594466923032,0,5,5
fixed_test,7,3,impressed|3|07,"370407, ac10307, ac370000",2,0.93067594466923032,0,5,5
fixed_test,7,3,impressed|3|07,"370407, ac10307, ac370000",3,0.93067594466923032,0,5,5
fixed_test,7,3,impressed|3|07,"370407, ac10307, ac370000",4,0.93067594466923032,0,5,5
fixed_test,7,3,impressed|3|07,"370407, ac10307, ac370000",5,0.93067594466923032,0,5,5
fixed_test,7,3,impressed|3|07,"370407, ac10307, ac370000",6,0.93067594466923032,0,5,5
fixed_test,7,3,impressed|3|07,"370407, ac10307, ac370000",7,0.93067594466923032,0,5,5
fixed_test,7,3,impressed|3|07,"370407, ac10307, ac370000",8,0.93067594466923032,0,5,5
fixed_test,7,3,impressed|3|07,"370407, ac10307, ac370000",9,0.93067594466923032,0,5,5
fixed_test,7,3,impressed|3|08,"376400, ac370000, ac411100",0,0.93067594466923032,0.0043294023028696005,4,4
fixed_test,7,3,impressed|3|08,"376400, ac370000, ac411100",1,0.93067594466923032,0,4,4
fixed_test,7,3,impressed|3|08,"376400, ac370000, ac411100",2,0.93067594466923032,0,4,4
fixed_test,7,3,impressed|3|08,"376400, ac370000, ac411100",3,0.93067594466923032,0,4,4
fixed_test,7,3,impressed|3|08,"376400, ac370000, ac411100",4,0.93067594466923032,0.0043294023028696005,4,4
fixed_test,7,3,impressed|3|08,"376400, ac370000, ac411100",5,0.93067594466923032,0,4,4
fixed_test,7,3,impressed|3|08,"376400, ac370000, ac411100",6,0.93067594466923032,0,4,4
fixed_test,7,3,impressed|3|08,"376400, ac370000, ac411100",7,0.93067594466923032,0,4,4
fixed_test,7,3,impressed|3|08,"376400, ac370000, ac411100",8,0.93067594466923032,0,4,4
fixed_test,7,3,impressed|3|08,"376400, ac370000, ac411100",9,0.93067594466923032,0,4,4
fixed_test,7,3,impressed|3|09,"ac410500, ac411100, ac415100",0,0.93067594466923032,0,2,2
fixed_test,7,3,impressed|3|09,"ac410500, ac411100, ac415100",1,0.93067594466923032,0.0043294023028696005,2,2
fixed_test,7,3,impressed|3|09,"ac410500, ac411100, ac415100",2,0.93067594466923032,0,2,2
fixed_test,7,3,impressed|3|09,"ac410500, ac411100, ac415100",3,0.93067594466923032,0.0043294023028696005,2,2
fixed_test,7,3,impressed|3|09,"ac410500, ac411100, ac415100",4,0.93067594466923032,0.0043294023028696005,2,2
fixed_test,7,3,impressed|3|09,"ac410500, ac411100, ac415100",5,0.93067594466923032,0.0043294023028696005,2,2
fixed_test,7,3,impressed|3|09,"ac410500, ac411100, ac415100",6,0.93067594466923032,0.0043294023028696005,2,2
fixed_test,7,3,impressed|3|09,"ac410500, ac411100, ac415100",7,0.93067594466923032,0.0043294023028696005,2,2
fixed_test,7,3,impressed|3|09,"ac410500, ac411100, ac415100",8,0.93067594466923032,0.0043294023028696005,2,2
fixed_test,7,3,impressed|3|09,"ac410500, ac411100, ac415100",9,0.93067594466923032,0,2,2
fixed_test,7,3,impressed|3|10,"ac379999, ac415100, ac419100",0,0.93067594466923032,-0.013166986407743386,18,17
fixed_test,7,3,impressed|3|10,"ac379999, ac415100, ac419100",1,0.93067594466923032,-0.013166986407743386,18,18
fixed_test,7,3,impressed|3|10,"ac379999, ac415100, ac419100",2,0.93067594466923032,-0.0087467233614908491,18,18
fixed_test,7,3,impressed|3|10,"ac379999, ac415100, ac419100",3,0.93067594466923032,-0.013166986407743386,18,18
fixed_test,7,3,impressed|3|10,"ac379999, ac415100, ac419100",4,0.93067594466923032,-0.013166986407743386,18,18
fixed_test,7,3,impressed|3|10,"ac379999, ac415100, ac419100",5,0.93067594466923032,-0.0087467233614908491,18,17
fixed_test,7,3,impressed|3|10,"ac379999, ac415100, ac419100",6,0.93067594466923032,-0.013166986407743386,18,18
fixed_test,7,3,impressed|3|10,"ac379999, ac415100, ac419100",7,0.93067594466923032,-0.013166986407743386,18,18
fixed_test,7,3,impressed|3|10,"ac379999, ac415100, ac419100",8,0.93067594466923032,-0.0087467233614908491,18,18
fixed_test,7,3,impressed|3|10,"ac379999, ac415100, ac419100",9,0.93067594466923032,-0.0087467233614908491,18,18
fixed_train,7,3,apriori|1|01,ac419100,0,0.99321599666937299,0.027444457897605412,603,504
fixed_train,7,3,apriori|1|01,ac419100,1,0.99321599666937299,0.02059876565195895,603,498
fixed_train,7,3,apriori|1|01,ac419100,2,0.99321599666937299,0.02059876565195895,603,504
fixed_train,7,3,apriori|1|01,ac419100,3,0.99321599666937299,0.025283879413747434,603,497
fixed_train,7,3,apriori|1|01,ac419100,4,0.99321599666937299,0.018270264196527108,603,495
fixed_train,7,3,apriori|1|01,ac419100,5,0.99321599666937299,0.024050531784811868,603,500
fixed_train,7,3,apriori|1|01,ac419100,6,0.99321599666937299,0.026461163783700892,603,489
fixed_train,7,3,apriori|1|01,ac419100,7,0.99321599666937299,0.02059876565195895,603,485
fixed_train,7,3,apriori|1|01,ac419100,8,0.99321599666937299,0.020547924880814028,603,493
fixed_train,7,3,apriori|1|01,ac419100,9,0.99321599666937299,0.025222767432026449,603,497
fixed_train,7,3,apriori|1|02,ac370000,0,0.99321599666937299,0.19991751377085198,566,561
fixed_train,7,3,apriori|1|02,ac370000,1,0.99321599666937299,0.18671043469773019,566,563
fixed_train,7,3,apriori|1|02,ac370000,2,0.99321599666937299,0.20366174850435048,566,562
fixed_train,7,3,apriori|1|02,ac370000,3,0.99321599666937299,0.19732182638411155,566,559
fixed_train,7,3,apriori|1|02,ac370000,4,0.99321599666937299,0.19746012569930571,566,559
fixed_train,7,3,apriori|1|02,ac370000,5,0.99321599666937299,0.20721113476046715,566,562
fixed_train,7,3,apriori|1|02,ac370000,6,0.99321599666937299,0.21089723945127492,566,558
fixed_train,7,3,apriori|1|02,ac370000,7,0.99321599666937299,0.16699471520181497,566,562
fixed_train,7,3,apriori|1|02,ac370000,8,0.99321599666937299,0.20442710486428839,566,564
fixed_train,7,3,apriori|1|02,ac370000,9,0.99321599666937299,0.20622612778521943,566,564
fixed_train,7,3,apriori|1|03,370407,0,0.99321599666937299,0.014755747754748083,469,446
fixed_train,7,3,apriori|1|03,370407,1,0.99321599666937299,0.021608787520888795,469,453
fixed_train,7,3,apriori|1|03,370407,2,0.99321599666937299,0.017109439259011539,469,448
fixed_train,7,3,apriori|1|03,370407,3,0.99321599666937299,0.022771325812758092,469,444
fixed_train,7,3,apriori|1|03,370407,4,0.99321599666937299,0.019385005219929696,469,451
fixed_train,7,3,apriori|1|03,370407,5,0.99321599666937299,0.013603917667536214,469,445
fixed_train,7,3,apriori|1|03,370407,6,0.99321599666937299,0.013603917667536214,469,448
fixed_train,7,3,apriori|1|03,370407,7,0.99321599666937299,0.019433364702750255,469,450
fixed_train,7,3,apriori|1|03,370407,8,0.99321599666937299,0.016898335449532342,469,450
fixed_train,7,3,apriori|1|03,370407,9,0.99321599666937299,0.019385005219929696,469,459
fixed_train,7,3,apriori|1|04,ac370419,0,0.99321599666937299,0.0091304046696573105,456,437
fixed_train,7,3,apriori|1|04,ac370419,1,0.99321599666937299,0.011437282143666905,456,438
fixed_train,7,3,apriori|1|04,ac370419,2,0.99321599666937299,0.010282741376257731,456,437
fixed_train,7,3,apriori|1|04,ac370419,3,0.99321599666937299,0.0091304046696573105,456,440
fixed_train,7,3,apriori|1|04,ac370419,4,0.99321599666937299,0.010282741376257731,456,434
fixed_train,7,3,apriori|1|04,ac370419,5,0.99321599666937299,0.011403891526840737,456,434
fixed_train,7,3,apriori|1|04,ac370419,6,0.99321599666937299,0.010282741376257731,456,438
fixed_train,7,3,apriori|1|04,ac370419,7,0.99321599666937299,0.010282741376257731,456,434
fixed_train,7,3,apriori|1|04,ac370419,8,0.99321599666937299,0.0091304046696573105,456,437
fixed_train,7,3,apriori|1|04,ac370419,9,0.99321599666937299,0.010221063315721812,456,434
fixed_train,7,3,apriori|1|05,ac370443,0,0.99321599666937299,0.0056863788766953194,444,425
fixed_train,7,3,apriori|1|05,ac370443,1,0.99321599666937299,0.0057088246440399892,444,422
fixed_train,7,3,apriori|1|05,ac370443,2,0.99321599666937299,0.0045426194461302138,444,413
fixed_train,7,3,apriori|1|05,ac370443,3,0.99321599666937299,0.0068569178124737729,444,420
fixed_train,7,3,apriori|1|05,ac370443,4,0.99321599666937299,0.0045628721185804189,444,427
fixed_train,7,3,apriori|1|05,ac370443,5,0.99321599666937299,0.0079537210962085103,444,421
fixed_train,7,3,apriori|1|05,ac370443,6,0.99321599666937299,0.0091596214593800962,444,422
fixed_train,7,3,apriori|1|05,ac370443,7,0.99321599666937299,0.0045426194461302138,444,425
fixed_train,7,3,apriori|1|05,ac370443,8,0.99321599666937299,0.0091596214593800962,444,419
fixed_train,7,3,apriori|1|05,ac370443,9,0.99321599666937299,0.0045426194461302138,444,425
fixed_train,7,3,apriori|1|06,ac370442,0,0.99321599666937299,0.011403891526840737,439,419
fixed_train,7,3,apriori|1|06,ac370442,1,0.99321599666937299,0.0056863788766953194,439,415
fixed_train,7,3,apriori|1|06,ac370442,2,0.99321599666937299,0.0079802479121611203,439,421
fixed_train,7,3,apriori|1|06,ac370442,3,0.99321599666937299,0.0056863788766953194,439,415
fixed_train,7,3,apriori|1|06,ac370442,4,0.99321599666937299,0.010251671180282362,439,424
fixed_train,7,3,apriori|1|06,ac370442,5,0.99321599666937299,0.0091016222982632788,439,418
fixed_train,7,3,apriori|1|06,ac370442,6,0.99321599666937299,0.0079802479121611203,439,417
fixed_train,7,3,apriori|1|06,ac370442,7,0.99321599666937299,0.0045628721185804189,439,417
fixed_train,7,3,apriori|1|06,ac370442,8,0.99321599666937299,0.0056863788766953194,439,417
fixed_train,7,3,apriori|1|06,ac370442,9,0.99321599666937299,0.0034190366571821285,439,414
fixed_train,7,3,apriori|1|07,370712b,0,0.99321599666937299,0.0068322472084219044,436,417
fixed_train,7,3,apriori|1|07,370712b,1,0.99321599666937299,0.0045426194461302138,436,418
fixed_train,7,3,apriori|1|07,370712b,2,0.99321599666937299,0.0079537210962085103,436,410
fixed_train,7,3,apriori|1|07,370712b,3,0.99321599666937299,0.0045226688870847465,436,424
fixed_train,7,3,apriori|1|07,370712b,4,0.99321599666937299,0.0068322472084219044,436,411
fixed_train,7,3,apriori|1|07,370712b,5,0.99321599666937299,0.0045226688870847465,436,411
fixed_train,7,3,apriori|1|07,370712b,6,0.99321599666937299,0.0068322472084219044,436,416
fixed_train,7,3,apriori|1|07,370712b,7,0.99321599666937299,0.0056863788766953194,436,412
fixed_train,7,3,apriori|1|07,370712b,8,0.99321599666937299,0.0091304046696573105,436,415
fixed_train,7,3,apriori|1|07,370712b,9,0.99321599666937299,0.0045426194461302138,436,420
fixed_train,7,3,apriori|1|08,370715a,0,0.99321599666937299,0.0045426194461302138,431,401
fixed_train,7,3,apriori|1|08,370715a,1,0.99321599666937299,0.0045426194461302138,431,408
fixed_train,7,3,apriori|1|08,370715a,2,0.99321599666937299,0.0091304046696573105,431,401
fixed_train,7,3,apriori|1|08,370715a,3,0.99321599666937299,0.0045426194461302138,431,418
fixed_train,7,3,apriori|1|08,370715a,4,0.99321599666937299,0.0079802479121611203,431,410
fixed_train,7,3,apriori|1|08,370715a,5,0.99321599666937299,0.0068569178124737729,431,413
fixed_train,7,3,apriori|1|08,370715a,6,0.99321599666937299,0.0091016222982632788,431,411
fixed_train,7,3,apriori|1|08,370715a,7,0.99321599666937299,0.0045628721185804189,431,408
fixed_train,7,3,apriori|1|08,370715a,8,0.99321599666937299,0.0045226688870847465,431,404
fixed_train,7,3,apriori|1|08,370715a,9,0.99321599666937299,0.0080071754153397956,431,413
fixed_train,7,3,apriori|1|09,370488e,0,0.99321599666937299,0.0091016222982632788,428,406
fixed_train,7,3,apriori|1|09,370488e,1,0.99321599666937299,0.0090732685568332139,428,402
fixed_train,7,3,apriori|1|09,370488e,2,0.99321599666937299,0.0080071754153397956,428,406
fixed_train,7,3,apriori|1|09,370488e,3,0.99321599666937299,0.0080071754153397956,428,413
fixed_train,7,3,apriori|1|09,370488e,4,0.99321599666937299,0.0091596214593800962,428,402
fixed_train,7,3,apriori|1|09,370488e,5,0.99321599666937299,0.0057088246440399892,428,406
fixed_train,7,3,apriori|1|09,370488e,6,0.99321599666937299,0.0056642676506993839,428,401
fixed_train,7,3,apriori|1|09,370488e,7,0.99321599666937299,0.0091016222982632788,428,416
fixed_train,7,3,apriori|1|09,370488e,8,0.99321599666937299,0.0034009456540945449,428,409
fixed_train,7,3,apriori|1|09,370488e,9,0.99321599666937299,0.010221063315721812,428,413
fixed_train,7,3,apriori|1|10,370488g,0,0.99321599666937299,0.0057088246440399892,425,408
fixed_train,7,3,apriori|1|10,370488g,1,0.99321599666937299,0.0068569178124737729,425,406
fixed_train,7,3,apriori|1|10,370488g,2,0.99321599666937299,0.0034009456540945449,425,406
fixed_train,7,3,apriori|1|10,370488g,3,0.99321599666937299,0.0067840033306271197,425,407
fixed_train,7,3,apriori|1|10,370488g,4,0.99321599666937299,0.0034190366571821285,425,397
fixed_train,7,3,apriori|1|10,370488g,5,0.99321599666937299,0.0068569178124737729,425,409
fixed_train,7,3,apriori|1|10,370488g,6,0.99321599666937299,0.0034009456540945449,425,403
fixed_train,7,3,apriori|1|10,370488g,7,0.99321599666937299,0.0034009456540945449,425,405
fixed_train,7,3,apriori|1|10,370488g,8,0.99321599666937299,0.0022613344435424843,425,399
fixed_train,7,3,apriori|1|10,370488g,9,0.99321599666937299,0.0091304046696573105,425,411
fixed_train,7,3,apriori|2|01,"370407, ac370000",0,0.99321599666937299,0.034772386451541792,469,466
fixed_train,7,3,apriori|2|01,"370407, ac370000",1,0.99321599666937299,0.039483807615529831,469,467
fixed_train,7,3,apriori|2|01,"370407, ac370000",2,0.99321599666937299,0.030080883478050269,469,465
fixed_train,7,3,apriori|2|01,"370407, ac370000",3,0.99321599666937299,0.032543635973606322,469,468
fixed_train,7,3,apriori|2|01,"370407, ac370000",4,0.99321599666937299,0.037261095601531902,469,465
fixed_train,7,3,apriori|2|01,"370407, ac370000",5,0.99321599666937299,0.036146653959258979,469,468
fixed_train,7,3,apriori|2|01,"370407, ac370000",6,0.99321599666937299,0.031270990601812376,469,466
fixed_train,7,3,apriori|2|01,"370407, ac370000",7,0.99321599666937299,0.037170417068221995,469,468
fixed_train,7,3,apriori|2|01,"370407, ac370000",8,0.99321599666937299,0.036057704119127121,469,467
fixed_train,7,3,apriori|2|01,"370407, ac370000",9,0.99321599666937299,0.032624769398146736,469,463
fixed_train,7,3,apriori|2|02,"ac370000, ac370419",0,0.99321599666937299,0.031348003320013307,456,452
fixed_train,7,3,apriori|2|02,"ac370000, ac370419",1,0.99321599666937299,0.028964627333179505,456,455
fixed_train,7,3,apriori|2|02,"ac370000, ac370419",2,0.99321599666937299,0.0336590340261127,456,451
fixed_train,7,3,apriori|2|02,"ac370000, ac370419",3,0.99321599666937299,0.030007850802215019,456,452
fixed_train,7,3,apriori|2|02,"ac370000, ac370419",4,0.99321599666937299,0.032624769398146736,456,453
fixed_train,7,3,apriori|2|02,"ac370000, ac370419",5,0.99321599666937299,0.031348003320013307,456,455
fixed_train,7,3,apriori|2|02,"ac370000, ac370419",6,0.99321599666937299,0.032463698130310137,456,455
fixed_train,7,3,apriori|2|02,"ac370000, ac370419",7,0.99321599666937299,0.037261095601531902,456,452
fixed_train,7,3,apriori|2|02,"ac370000, ac370419",8,0.99321599666937299,0.030080883478050269,456,454
fixed_train,7,3,apriori|2|02,"ac370000, ac370419",9,0.99321599666937299,0.036236933315590081,456,453
fixed_train,7,3,apriori|2|03,"370407, ac370419",0,0.99321599666937299,0.017109439259011539,446,446
fixed_train,7,3,apriori|2|03,"370407, ac370419",1,0.99321599666937299,0.016034970821527827,446,446
fixed_train,7,3,apriori|2|03,"370407, ac370419",2,0.99321599666937299,0.012523094448403715,446,445
fixed_train,7,3,apriori|2|03,"370407, ac370419",3,0.99321599666937299,0.014873822436076156,446,445
fixed_train,7,3,apriori|2|03,"370407, ac370419",4,0.99321599666937299,0.015992603512240411,446,446
fixed_train,7,3,apriori|2|03,"370407, ac370419",5,0.99321599666937299,0.012558307337175667,446,443
fixed_train,7,3,apriori|2|03,"370407, ac370419",6,0.99321599666937299,0.015909747567787624,446,445
fixed_train,7,3,apriori|2|03,"370407, ac370419",7,0.99321599666937299,0.016034970821527827,446,446
fixed_train,7,3,apriori|2|03,"370407, ac370419",8,0.99321599666937299,0.018270264196527108,446,444
fixed_train,7,3,apriori|2|03,"370407, ac370419",9,0.99321599666937299,0.013714942827953824,446,444
fixed_train,7,3,apriori|2|04,"ac370000, ac370443",0,0.99321599666937299,0.027640902739787698,444,443
fixed_train,7,3,apriori|2|04,"ac370000, ac370443",1,0.99321599666937299,0.031348003320013307,444,440
fixed_train,7,3,apriori|2|04,"ac370000, ac370443",2,0.99321599666937299,0.029036972613913914,444,443
fixed_train,7,3,apriori|2|04,"ac370000, ac370443",3,0.99321599666937299,0.031348003320013307,444,442
fixed_train,7,3,apriori|2|04,"ac370000, ac370443",4,0.99321599666937299,0.027708359918912517,444,443
fixed_train,7,3,apriori|2|04,"ac370000, ac370443",5,0.99321599666937299,0.028893349062042661,444,441
fixed_train,7,3,apriori|2|04,"ac370000, ac370443",6,0.99321599666937299,0.030155009809078592,444,441
fixed_train,7,3,apriori|2|04,"ac370000, ac370443",7,0.99321599666937299,0.033741936148870222,444,443
fixed_train,7,3,apriori|2|04,"ac370000, ac370443",8,0.99321599666937299,0.024228654927414772,444,441
fixed_train,7,3,apriori|2|04,"ac370000, ac370443",9,0.99321599666937299,0.030155009809078592,444,442
fixed_train,7,3,apriori|2|05,"ac370419, ac370443",0,0.99321599666937299,0.011437282143666905,442,439
fixed_train,7,3,apriori|2|05,"ac370419, ac370443",1,0.99321599666937299,0.0091304046696573105,442,442
fixed_train,7,3,apriori|2|05,"ac370419, ac370443",2,0.99321599666937299,0.013753073406312377,442,440
fixed_train,7,3,apriori|2|05,"ac370419, ac370443",3,0.99321599666937299,0.014914373232089106,442,438
fixed_train,7,3,apriori|2|05,"ac370419, ac370443",4,0.99321599666937299,0.0080071754153397956,442,439
fixed_train,7,3,apriori|2|05,"ac370419, ac370443",5,0.99321599666937299,0.0091016222982632788,442,440
fixed_train,7,3,apriori|2|05,"ac370419, ac370443",6,0.99321599666937299,0.0091304046696573105,442,441
fixed_train,7,3,apriori|2|05,"ac370419, ac370443",7,0.99321599666937299,0.01259405130273894,442,440
fixed_train,7,3,apriori|2|05,"ac370419, ac370443",8,0.99321599666937299,0.010251671180282362,442,439
fixed_train,7,3,apriori|2|05,"ac370419, ac370443",9,0.99321599666937299,0.011403891526840737,442,440
fixed_train,7,3,apriori|2|06,"ac370000, ac370442",0,0.99321599666937299,0.026591584391547851,439,436
fixed_train,7,3,apriori|2|06,"ac370000, ac370442",1,0.99321599666937299,0.020809887269004568,439,435
fixed_train,7,3,apriori|2|06,"ac370000, ac370442",2,0.99321599666937299,0.027846321487847048,439,437
fixed_train,7,3,apriori|2|06,"ac370000, ac370442",3,0.99321599666937299,0.028964627333179505,439,436
fixed_train,7,3,apriori|2|06,"ac370000, ac370442",4,0.99321599666937299,0.032624769398146736,439,435
fixed_train,7,3,apriori|2|06,"ac370000, ac370442",5,0.99321599666937299,0.022936569520408345,439,436
fixed_train,7,3,apriori|2|06,"ac370000, ac370442",6,0.99321599666937299,0.024351900795914205,439,434
fixed_train,7,3,apriori|2|06,"ac370000, ac370442",7,0.99321599666937299,0.023050915263732374,439,435
fixed_train,7,3,apriori|2|06,"ac370000, ac370442",8,0.99321599666937299,0.033741936148870222,439,435
fixed_train,7,3,apriori|2|06,"ac370000, ac370442",9,0.99321599666937299,0.029110400208356202,439,436
fixed_train,7,3,apriori|2|07,"ac370442, ac370443",0,0.99321599666937299,0.0034190366571821285,437,437
fixed_train,7,3,apriori|2|07,"ac370442, ac370443",1,0.99321599666937299,0.010221063315721812,437,434
fixed_train,7,3,apriori|2|07,"ac370442, ac370443",2,0.99321599666937299,0.0091596214593800962,437,436
fixed_train,7,3,apriori|2|07,"ac370442, ac370443",3,0.99321599666937299,0.0068569178124737729,437,436
fixed_train,7,3,apriori|2|07,"ac370442, ac370443",4,0.99321599666937299,0.0068569178124737729,437,433
fixed_train,7,3,apriori|2|07,"ac370442, ac370443",5,0.99321599666937299,0.0079802479121611203,437,437
fixed_train,7,3,apriori|2|07,"ac370442, ac370443",6,0.99321599666937299,0.0057088246440399892,437,437
fixed_train,7,3,apriori|2|07,"ac370442, ac370443",7,0.99321599666937299,0.0079802479121611203,437,434
fixed_train,7,3,apriori|2|07,"ac370442, ac370443",8,0.99321599666937299,0.0080071754153397956,437,435
fixed_train,7,3,apriori|2|07,"ac370442, ac370443",9,0.99321599666937299,0.0079802479121611203,437,437
fixed_train,7,3,apriori|2|08,"ac370419, ac370442",0,0.99321599666937299,0.0080071754153397956,436,435
fixed_train,7,3,apriori|2|08,"ac370419, ac370442",1,0.99321599666937299,0.020497838955574554,436,433
fixed_train,7,3,apriori|2|08,"ac370419, ac370442",2,0.99321599666937299,0.010314280169401613,436,436
fixed_train,7,3,apriori|2|08,"ac370419, ac370442",3,0.99321599666937299,0.011403891526840737,436,435
fixed_train,7,3,apriori|2|08,"ac370419, ac370442",4,0.99321599666937299,0.0079537210962085103,436,434
fixed_train,7,3,apriori|2|08,"ac370419, ac370442",5,0.99321599666937299,0.0091304046696573105,436,436
fixed_train,7,3,apriori|2|08,"ac370419, ac370442",6,0.99321599666937299,0.010282741376257731,436,434
fixed_train,7,3,apriori|2|08,"ac370419, ac370442",7,0.99321599666937299,0.012558307337175667,436,434
fixed_train,7,3,apriori|2|08,"ac370419, ac370442",8,0.99321599666937299,0.012523094448403715,436,435
fixed_train,7,3,apriori|2|08,"ac370419, ac370442",9,0.99321599666937299,0.010282741376257731,436,435
fixed_train,7,3,apriori|2|09,"370407, ac370443",0,0.99321599666937299,0.020497838955574554,434,433
fixed_train,7,3,apriori|2|09,"370407, ac370443",1,0.99321599666937299,0.01595086524120759,434,434
fixed_train,7,3,apriori|2|09,"370407, ac370443",2,0.99321599666937299,0.019290432193774354,434,432
fixed_train,7,3,apriori|2|09,"370407, ac370443",3,0.99321599666937299,0.014794517716524958,434,431
fixed_train,7,3,apriori|2|09,"370407, ac370443",4,0.99321599666937299,0.014794517716524958,434,432
fixed_train,7,3,apriori|2|09,"370407, ac370443",5,0.99321599666937299,0.010282741376257731,434,430
fixed_train,7,3,apriori|2|09,"370407, ac370443",6,0.99321599666937299,0.012488405535234892,434,431
fixed_train,7,3,apriori|2|09,"370407, ac370443",7,0.99321599666937299,0.015869242222887769,434,432
fixed_train,7,3,apriori|2|09,"370407, ac370443",8,0.99321599666937299,0.019433364702750255,434,429
fixed_train,7,3,apriori|2|09,"370407, ac370443",9,0.99321599666937299,0.015829341104796391,434,434
fixed_train,7,3,apriori|2|10,"370712b, ac370000",0,0.99321599666937299,0.027776828052507807,436,435
fixed_train,7,3,apriori|2|10,"370712b, ac370000",1,0.99321599666937299,0.028893349062042661,436,432
fixed_train,7,3,apriori|2|10,"370712b, ac370000",2,0.99321599666937299,0.019634187037334661,436,434
fixed_train,7,3,apriori|2|10,"370712b, ac370000",3,0.99321599666937299,0.026591584391547851,436,435
fixed_train,7,3,apriori|2|10,"370712b, ac370000",4,0.99321599666937299,0.026525888872454995,436,431
fixed_train,7,3,apriori|2|10,"370712b, ac370000",5,0.99321599666937299,0.028823122817494995,436,433
fixed_train,7,3,apriori|2|10,"370712b, ac370000",6,0.99321599666937299,0.024109023341102209,436,434
fixed_train,7,3,apriori|2|10,"370712b, ac370000",7,0.99321599666937299,0.028893349062042661,436,432
fixed_train,7,3,apriori|2|10,"370712b, ac370000",8,0.99321599666937299,0.030080883478050269,436,435
fixed_train,7,3,apriori|2|10,"370712b, ac370000",9,0.99321599666937299,0.019582853346253648,436,433
fixed_train,7,3,apriori|3|01,"370407, ac370000, ac370419",0,0.99321599666937299,0.032543635973606322,446,446
fixed_train,7,3,apriori|3|01,"370407, ac370000, ac370419",1,0.99321599666937299,0.031348003320013307,446,446
fixed_train,7,3,apriori|3|01,"370407, ac370000, ac370419",2,0.99321599666937299,0.032624769398146736,446,446
fixed_train,7,3,apriori|3|01,"370407, ac370000, ac370419",3,0.99321599666937299,0.033577353870445026,446,446
fixed_train,7,3,apriori|3|01,"370407, ac370000, ac370419",4,0.99321599666937299,0.036057704119127121,446,446
fixed_train,7,3,apriori|3|01,"370407, ac370000, ac370419",5,0.99321599666937299,0.047636543970411949,446,446
fixed_train,7,3,apriori|3|01,"370407, ac370000, ac370419",6,0.99321599666937299,0.038281095438311707,446,446
fixed_train,7,3,apriori|3|01,"370407, ac370000, ac370419",7,0.99321599666937299,0.031348003320013307,446,446
fixed_train,7,3,apriori|3|01,"370407, ac370000, ac370419",8,0.99321599666937299,0.034942932499839374,446,446
fixed_train,7,3,apriori|3|01,"370407, ac370000, ac370419",9,0.99321599666937299,0.038190080407710325,446,446
fixed_train,7,3,apriori|3|02,"ac370000, ac370419, ac370443",0,0.99321599666937299,0.037353129742331181,442,441
fixed_train,7,3,apriori|3|02,"ac370000, ac370419, ac370443",1,0.99321599666937299,0.025408869035609793,442,442
fixed_train,7,3,apriori|3|02,"ac370000, ac370419, ac370443",2,0.99321599666937299,0.024289819721053041,442,442
fixed_train,7,3,apriori|3|02,"ac370000, ac370419, ac370443",3,0.99321599666937299,0.032463698130310137,442,442
fixed_train,7,3,apriori|3|02,"ac370000, ac370419, ac370443",4,0.99321599666937299,0.031348003320013307,442,442
fixed_train,7,3,apriori|3|02,"ac370000, ac370419, ac370443",5,0.99321599666937299,0.030080883478050269,442,441
fixed_train,7,3,apriori|3|02,"ac370000, ac370419, ac370443",6,0.99321599666937299,0.028964627333179505,442,442
fixed_train,7,3,apriori|3|02,"ac370000, ac370419, ac370443",7,0.99321599666937299,0.040787806098706025,442,442
fixed_train,7,3,apriori|3|02,"ac370000, ac370419, ac370443",8,0.99321599666937299,0.032384938903592508,442,441
fixed_train,7,3,apriori|3|02,"ac370000, ac370419, ac370443",9,0.99321599666937299,0.0338260778895354,442,442
fixed_train,7,3,apriori|3|03,"ac370000, ac370442, ac370443",0,0.99321599666937299,0.025472772626965456,437,437
fixed_train,7,3,apriori|3|03,"ac370000, ac370442, ac370443",1,0.99321599666937299,0.029036972613913914,437,437
fixed_train,7,3,apriori|3|03,"ac370000, ac370442, ac370443",2,0.99321599666937299,0.027916854878990538,437,437
fixed_train,7,3,apriori|3|03,"ac370000, ac370442, ac370443",3,0.99321599666937299,0.027776828052507807,437,434
fixed_train,7,3,apriori|3|03,"ac370000, ac370442, ac370443",4,0.99321599666937299,0.026397395687156266,437,437
fixed_train,7,3,apriori|3|03,"ac370000, ac370442, ac370443",5,0.99321599666937299,0.036057704119127121,437,437
fixed_train,7,3,apriori|3|03,"ac370000, ac370442, ac370443",6,0.99321599666937299,0.031195113732537583,437,437
fixed_train,7,3,apriori|3|03,"ac370000, ac370442, ac370443",7,0.99321599666937299,0.027776828052507807,437,437
fixed_train,7,3,apriori|3|03,"ac370000, ac370442, ac370443",8,0.99321599666937299,0.027776828052507807,437,436
fixed_train,7,3,apriori|3|03,"ac370000, ac370442, ac370443",9,0.99321599666937299,0.030007850802215019,437,437
fixed_train,7,3,apriori|3|04,"ac370000, ac370419, ac370442",0,0.99321599666937299,0.035883717139077675,436,436
fixed_train,7,3,apriori|3|04,"ac370000, ac370419, ac370442",1,0.99321599666937299,0.032307341685517743,436,436
fixed_train,7,3,apriori|3|04,"ac370000, ac370419, ac370442",2,0.99321599666937299,0.032463698130310137,436,436
fixed_train,7,3,apriori|3|04,"ac370000, ac370419, ac370442",3,0.99321599666937299,0.028823122817494995,436,435
fixed_train,7,3,apriori|3|04,"ac370000, ac370419, ac370442",4,0.99321599666937299,0.028964627333179505,436,436
fixed_train,7,3,apriori|3|04,"ac370000, ac370419, ac370442",5,0.99321599666937299,0.027846321487847048,436,436
fixed_train,7,3,apriori|3|04,"ac370000, ac370419, ac370442",6,0.99321599666937299,0.032543635973606322,436,436
fixed_train,7,3,apriori|3|04,"ac370000, ac370419, ac370442",7,0.99321599666937299,0.027846321487847048,436,436
fixed_train,7,3,apriori|3|04,"ac370000, ac370419, ac370442",8,0.99321599666937299,0.026591584391547851,436,436
fixed_train,7,3,apriori|3|04,"ac370000, ac370419, ac370442",9,0.99321599666937299,0.031348003320013307,436,435
fixed_train,7,3,apriori|3|05,"ac370419, ac370442, ac370443",0,0.99321599666937299,0.012558307337175667,435,435
fixed_train,7,3,apriori|3|05,"ac370419, ac370442, ac370443",1,0.99321599666937299,0.0068569178124737729,435,435
fixed_train,7,3,apriori|3|05,"ac370419, ac370442, ac370443",2,0.99321599666937299,0.011437282143666905,435,435
fixed_train,7,3,apriori|3|05,"ac370419, ac370442, ac370443",3,0.99321599666937299,0.014755747754748083,435,434
fixed_train,7,3,apriori|3|05,"ac370419, ac370442, ac370443",4,0.99321599666937299,0.012558307337175667,435,435
fixed_train,7,3,apriori|3|05,"ac370419, ac370442, ac370443",5,0.99321599666937299,0.0091016222982632788,435,435
fixed_train,7,3,apriori|3|05,"ac370419, ac370442, ac370443",6,0.99321599666937299,0.013714942827953824,435,435
fixed_train,7,3,apriori|3|05,"ac370419, ac370442, ac370443",7,0.99321599666937299,0.015992603512240411,435,435
fixed_train,7,3,apriori|3|05,"ac370419, ac370442, ac370443",8,0.99321599666937299,0.010314280169401613,435,435
fixed_train,7,3,apriori|3|05,"ac370419, ac370442, ac370443",9,0.99321599666937299,0.011403891526840737,435,435
fixed_train,7,3,apriori|3|06,"370407, ac370000, ac370443",0,0.99321599666937299,0.026658264064546966,434,434
fixed_train,7,3,apriori|3|06,"370407, ac370000, ac370443",1,0.99321599666937299,0.02875393392951664,434,434
fixed_train,7,3,apriori|3|06,"370407, ac370000, ac370443",2,0.99321599666937299,0.030155009809078592,434,434
fixed_train,7,3,apriori|3|06,"370407, ac370000, ac370443",3,0.99321599666937299,0.027708359918912517,434,433
fixed_train,7,3,apriori|3|06,"370407, ac370000, ac370443",4,0.99321599666937299,0.034857026520914158,434,434
fixed_train,7,3,apriori|3|06,"370407, ac370000, ac370443",5,0.99321599666937299,0.032307341685517743,434,434
fixed_train,7,3,apriori|3|06,"370407, ac370000, ac370443",6,0.99321599666937299,0.03690632345212308,434,434
fixed_train,7,3,apriori|3|06,"370407, ac370000, ac370443",7,0.99321599666937299,0.031348003320013307,434,434
fixed_train,7,3,apriori|3|06,"370407, ac370000, ac370443",8,0.99321599666937299,0.027640902739787698,434,434
fixed_train,7,3,apriori|3|06,"370407, ac370000, ac370443",9,0.99321599666937299,0.029935896477815249,434,434
fixed_train,7,3,apriori|3|07,"370407, ac370419, ac370443",0,0.99321599666937299,0.015909747567787624,434,434
fixed_train,7,3,apriori|3|07,"370407, ac370419, ac370443",1,0.99321599666937299,0.015992603512240411,434,434
fixed_train,7,3,apriori|3|07,"370407, ac370419, ac370443",2,0.99321599666937299,0.015909747567787624,434,434
fixed_train,7,3,apriori|3|07,"370407, ac370419, ac370443",3,0.99321599666937299,0.012488405535234892,434,433
fixed_train,7,3,apriori|3|07,"370407, ac370419, ac370443",4,0.99321599666937299,0.013714942827953824,434,434
fixed_train,7,3,apriori|3|07,"370407, ac370419, ac370443",5,0.99321599666937299,0.01595086524120759,434,434
fixed_train,7,3,apriori|3|07,"370407, ac370419, ac370443",6,0.99321599666937299,0.015992603512240411,434,434
fixed_train,7,3,apriori|3|07,"370407, ac370419, ac370443",7,0.99321599666937299,0.019385005219929696,434,433
fixed_train,7,3,apriori|3|07,"370407, ac370419, ac370443",8,0.99321599666937299,0.014914373232089106,434,434
fixed_train,7,3,apriori|3|07,"370407, ac370419, ac370443",9,0.99321599666937299,0.018179122657629221,434,434
fixed_train,7,3,apriori|3|08,"370407, ac370000, ac370442",0,0.99321599666937299,0.034857026520914158,429,429
fixed_train,7,3,apriori|3|08,"370407, ac370000, ac370442",1,0.99321599666937299,0.027640902739787698,429,429
fixed_train,7,3,apriori|3|08,"370407, ac370000, ac370442",2,0.99321599666937299,0.037081074772773226,429,429
fixed_train,7,3,apriori|3|08,"370407, ac370000, ac370442",3,0.99321599666937299,0.031120356762535217,429,428
fixed_train,7,3,apriori|3|08,"370407, ac370000, ac370442",4,0.99321599666937299,0.022936569520408345,429,429
fixed_train,7,3,apriori|3|08,"370407, ac370000, ac370442",5,0.99321599666937299,0.026461163783700892,429,429
fixed_train,7,3,apriori|3|08,"370407, ac370000, ac370442",6,0.99321599666937299,0.031270990601812376,429,429
fixed_train,7,3,apriori|3|08,"370407, ac370000, ac370442",7,0.99321599666937299,0.032463698130310137,429,428
fixed_train,7,3,apriori|3|08,"370407, ac370000, ac370442",8,0.99321599666937299,0.023050915263732374,429,429
fixed_train,7,3,apriori|3|08,"370407, ac370000, ac370442",9,0.99321599666937299,0.028823122817494995,429,429
fixed_train,7,3,apriori|3|09,"370407, ac370419, ac370442",0,0.99321599666937299,0.010221063315721812,428,428
fixed_train,7,3,apriori|3|09,"370407, ac370419, ac370442",1,0.99321599666937299,0.014717555637118518,428,427
fixed_train,7,3,apriori|3|09,"370407, ac370419, ac370442",2,0.99321599666937299,0.017198412870269908,428,428
fixed_train,7,3,apriori|3|09,"370407, ac370419, ac370442",3,0.99321599666937299,0.015992603512240411,428,428
fixed_train,7,3,apriori|3|09,"370407, ac370419, ac370442",4,0.99321599666937299,0.01364037247794625,428,428
fixed_train,7,3,apriori|3|09,"370407, ac370419, ac370442",5,0.99321599666937299,0.014833873298093714,428,428
fixed_train,7,3,apriori|3|09,"370407, ac370419, ac370442",6,0.99321599666937299,0.014833873298093714,428,428
fixed_train,7,3,apriori|3|09,"370407, ac370419, ac370442",7,0.99321599666937299,0.012420571947627801,428,428
fixed_train,7,3,apriori|3|09,"370407, ac370419, ac370442",8,0.99321599666937299,0.020497838955574554,428,427
fixed_train,7,3,apriori|3|09,"370407, ac370419, ac370442",9,0.99321599666937299,0.019433364702750255,428,428
fixed_train,7,3,apriori|3|10,"370407, ac370442, ac370443",0,0.99321599666937299,0.012488405535234892,427,427
fixed_train,7,3,apriori|3|10,"370407, ac370442, ac370443",1,0.99321599666937299,0.012488405535234892,427,427
fixed_train,7,3,apriori|3|10,"370407, ac370442, ac370443",2,0.99321599666937299,0.017109439259011539,427,427
fixed_train,7,3,apriori|3|10,"370407, ac370442, ac370443",3,0.99321599666937299,0.017109439259011539,427,426
fixed_train,7,3,apriori|3|10,"370407, ac370442, ac370443",4,0.99321599666937299,0.010221063315721812,427,427
fixed_train,7,3,apriori|3|10,"370407, ac370442, ac370443",5,0.99321599666937299,0.012454233640513679,427,427
fixed_train,7,3,apriori|3|10,"370407, ac370442, ac370443",6,0.99321599666937299,0.017023089974261274,427,427
fixed_train,7,3,apriori|3|10,"370407, ac370442, ac370443",7,0.99321599666937299,0.011370997388104653,427,427
fixed_train,7,3,apriori|3|10,"370407, ac370442, ac370443",8,0.99321599666937299,0.010282741376257731,427,427
fixed_train,7,3,apriori|3|10,"370407, ac370442, ac370443",9,0.99321599666937299,0.0090732685568332139,427,427
fixed_train,7,3,impressed|1|01,ac419100,0,0.99321599666937299,0.027444457897605412,603,504
fixed_train,7,3,impressed|1|01,ac419100,1,0.99321599666937299,0.02059876565195895,603,498
fixed_train,7,3,impressed|1|01,ac419100,2,0.99321599666937299,0.02059876565195895,603,504
fixed_train,7,3,impressed|1|01,ac419100,3,0.99321599666937299,0.025283879413747434,603,497
fixed_train,7,3,impressed|1|01,ac419100,4,0.99321599666937299,0.018270264196527108,603,495
fixed_train,7,3,impressed|1|01,ac419100,5,0.99321599666937299,0.024050531784811868,603,500
fixed_train,7,3,impressed|1|01,ac419100,6,0.99321599666937299,0.026461163783700892,603,489
fixed_train,7,3,impressed|1|01,ac419100,7,0.99321599666937299,0.02059876565195895,603,485
fixed_train,7,3,impressed|1|01,ac419100,8,0.99321599666937299,0.020547924880814028,603,493
fixed_train,7,3,impressed|1|01,ac419100,9,0.99321599666937299,0.025222767432026449,603,497
fixed_train,7,3,impressed|1|02,ac370000,0,0.99321599666937299,0.19991751377085198,566,561
fixed_train,7,3,impressed|1|02,ac370000,1,0.99321599666937299,0.18671043469773019,566,563
fixed_train,7,3,impressed|1|02,ac370000,2,0.99321599666937299,0.20366174850435048,566,562
fixed_train,7,3,impressed|1|02,ac370000,3,0.99321599666937299,0.19732182638411155,566,559
fixed_train,7,3,impressed|1|02,ac370000,4,0.99321599666937299,0.19746012569930571,566,559
fixed_train,7,3,impressed|1|02,ac370000,5,0.99321599666937299,0.20721113476046715,566,562
fixed_train,7,3,impressed|1|02,ac370000,6,0.99321599666937299,0.21089723945127492,566,558
fixed_train,7,3,impressed|1|02,ac370000,7,0.99321599666937299,0.16699471520181497,566,562
fixed_train,7,3,impressed|1|02,ac370000,8,0.99321599666937299,0.20442710486428839,566,564
fixed_train,7,3,impressed|1|02,ac370000,9,0.99321599666937299,0.20622612778521943,566,564
fixed_train,7,3,impressed|1|03,ac415100,0,0.99321599666937299,0.0067840033306271197,192,173
fixed_train,7,3,impressed|1|03,ac415100,1,0.99321599666937299,0.0078764921047096426,192,181
fixed_train,7,3,impressed|1|03,ac415100,2,0.99321599666937299,0.011306672217711755,192,175
fixed_train,7,3,impressed|1|03,ac415100,3,0.99321599666937299,0.0034190366571821285,192,181
fixed_train,7,3,impressed|1|03,ac415100,4,0.99321599666937299,0.0034009456540945449,192,179
fixed_train,7,3,impressed|1|03,ac415100,5,0.99321599666937299,0.0090453377741693819,192,175
fixed_train,7,3,impressed|1|03,ac415100,6,0.99321599666937299,0.0090453377741693819,192,178
fixed_train,7,3,impressed|1|03,ac415100,7,0.99321599666937299,0.0045226688870847465,192,176
fixed_train,7,3,impressed|1|03,ac415100,8,0.99321599666937299,0.013497787626401525,192,181
fixed_train,7,3,impressed|1|03,ac415100,9,0.99321599666937299,0.0079018483527443228,192,184
fixed_train,7,3,impressed|1|04,ac10307,0,0.99321599666937299,0.0080071754153397956,115,94
fixed_train,7,3,impressed|1|04,ac10307,1,0.99321599666937299,0.0080071754153397956,115,101
fixed_train,7,3,impressed|1|04,ac10307,2,0.99321599666937299,0.0068569178124737729,115,97
fixed_train,7,3,impressed|1|04,ac10307,3,0.99321599666937299,0.0057088246440399892,115,100
fixed_train,7,3,impressed|1|04,ac10307,4,0.99321599666937299,0.0080071754153397956,115,96
fixed_train,7,3,impressed|1|04,ac10307,5,0.99321599666937299,0.0080071754153397956,115,96
fixed_train,7,3,impressed|1|04,ac10307,6,0.99321599666937299,0.0057088246440399892,115,93
fixed_train,7,3,impressed|1|04,ac10307,7,0.99321599666937299,0.0057088246440399892,115,96
fixed_train,7,3,impressed|1|04,ac10307,8,0.99321599666937299,0.0079802479121611203,115,92
fixed_train,7,3,impressed|1|04,ac10307,9,0.99321599666937299,0.0068569178124737729,115,96
fixed_train,7,3,impressed|1|05,ac355427,0,0.99321599666937299,0.0034009456540945449,31,26
fixed_train,7,3,impressed|1|05,ac355427,1,0.99321599666937299,0.0045426194461302138,31,26
fixed_train,7,3,impressed|1|05,ac355427,2,0.99321599666937299,0.0022613344435424843,31,28
fixed_train,7,3,impressed|1|05,ac355427,3,0.99321599666937299,0.0034009456540945449,31,28
fixed_train,7,3,impressed|1|05,ac355427,4,0.99321599666937299,0.0011376236574898169,31,28
fixed_train,7,3,impressed|1|05,ac355427,5,0.99321599666937299,0.0045426194461302138,31,26
fixed_train,7,3,impressed|1|05,ac355427,6,0.99321599666937299,0.0022613344435424843,31,26
fixed_train,7,3,impressed|1|05,ac355427,7,0.99321599666937299,0.0034009456540945449,31,29
fixed_train,7,3,impressed|1|05,ac355427,8,0.99321599666937299,0.0022613344435424843,31,23
fixed_train,7,3,impressed|1|05,ac355427,9,0.99321599666937299,0.0022772948907787693,31,28
fixed_train,7,3,impressed|1|06,ac388170,0,0.99321599666937299,0,3,2
fixed_train,7,3,impressed|1|06,ac388170,1,0.99321599666937299,0,3,3
fixed_train,7,3,impressed|1|06,ac388170,2,0.99321599666937299,0,3,2
fixed_train,7,3,impressed|1|06,ac388170,3,0.99321599666937299,0,3,2
fixed_train,7,3,impressed|1|06,ac388170,4,0.99321599666937299,0.0011237629604191612,3,2
fixed_train,7,3,impressed|1|06,ac388170,5,0.99321599666937299,0,3,3
fixed_train,7,3,impressed|1|06,ac388170,6,0.99321599666937299,0,3,2
fixed_train,7,3,impressed|1|06,ac388170,7,0.99321599666937299,0,3,2
fixed_train,7,3,impressed|1|06,ac388170,8,0.99321599666937299,0,3,3
fixed_train,7,3,impressed|1|06,ac388170,9,0.99321599666937299,0,3,2
fixed_train,7,3,impressed|1|07,387070a,0,0.99321599666937299,0,2,0
fixed_train,7,3,impressed|1|07,387070a,1,0.99321599666937299,0,2,1
fixed_train,7,3,impressed|1|07,387070a,2,0.99321599666937299,0,2,1
fixed_train,7,3,impressed|1|07,387070a,3,0.99321599666937299,0,2,0
fixed_train,7,3,impressed|1|07,387070a,4,0.99321599666937299,0,2,1
fixed_train,7,3,impressed|1|07,387070a,5,0.99321599666937299,0,2,1
fixed_train,7,3,impressed|1|07,387070a,6,0.99321599666937299,0,2,1
fixed_train,7,3,impressed|1|07,387070a,7,0.99321599666937299,0,2,1
fixed_train,7,3,impressed|1|07,387070a,8,0.99321599666937299,0,2,0
fixed_train,7,3,impressed|1|07,387070a,9,0.99321599666937299,0,2,1
fixed_train,7,3,impressed|1|08,ac370402,0,0.99321599666937299,0.0057088246440399892,407,389
fixed_train,7,3,impressed|1|08,ac370402,1,0.99321599666937299,0.010190911643908951,407,387
fixed_train,7,3,impressed|1|08,ac370402,2,0.99321599666937299,0.0090732685568332139,407,390
fixed_train,7,3,impressed|1|08,ac370402,3,0.99321599666937299,0.0033655704322983482,407,392
fixed_train,7,3,impressed|1|08,ac370402,4,0.99321599666937299,0.0067840033306271197,407,391
fixed_train,7,3,impressed|1|08,ac370402,5,0.99321599666937299,0.0090453377741693819,407,389
fixed_train,7,3,impressed|1|08,ac370402,6,0.99321599666937299,0.0091304046696573105,407,394
fixed_train,7,3,impressed|1|08,ac370402,7,0.99321599666937299,0.0068322472084219044,407,388
fixed_train,7,3,impressed|1|08,ac370402,8,0.99321599666937299,0.0079537210962085103,407,388
fixed_train,7,3,impressed|1|08,ac370402,9,0.99321599666937299,0.0034009456540945449,407,393
fixed_train,7,3,impressed|1|09,370488g,0,0.99321599666937299,0.0057088246440399892,425,408
fixed_train,7,3,impressed|1|09,370488g,1,0.99321599666937299,0.0068569178124737729,425,406
fixed_train,7,3,impressed|1|09,370488g,2,0.99321599666937299,0.0034009456540945449,425,406
fixed_train,7,3,impressed|1|09,370488g,3,0.99321599666937299,0.0067840033306271197,425,407
fixed_train,7,3,impressed|1|09,370488g,4,0.99321599666937299,0.0034190366571821285,425,397
fixed_train,7,3,impressed|1|09,370488g,5,0.99321599666937299,0.0068569178124737729,425,409
fixed_train,7,3,impressed|1|09,370488g,6,0.99321599666937299,0.0034009456540945449,425,403
fixed_train,7,3,impressed|1|09,370488g,7,0.99321599666937299,0.0034009456540945449,425,405
fixed_train,7,3,impressed|1|09,370488g,8,0.99321599666937299,0.0022613344435424843,425,399
fixed_train,7,3,impressed|1|09,370488g,9,0.99321599666937299,0.0091304046696573105,425,411
fixed_train,7,3,impressed|1|10,370488e,0,0.99321599666937299,0.0091016222982632788,428,406
fixed_train,7,3,impressed|1|10,370488e,1,0.99321599666937299,0.0090732685568332139,428,402
fixed_train,7,3,impressed|1|10,370488e,2,0.99321599666937299,0.0080071754153397956,428,406
fixed_train,7,3,impressed|1|10,370488e,3,0.99321599666937299,0.0080071754153397956,428,413
fixed_train,7,3,impressed|1|10,370488e,4,0.99321599666937299,0.0091596214593800962,428,402
fixed_train,7,3,impressed|1|10,370488e,5,0.99321599666937299,0.0057088246440399892,428,406
fixed_train,7,3,impressed|1|10,370488e,6,0.99321599666937299,0.0056642676506993839,428,401
fixed_train,7,3,impressed|1|10,370488e,7,0.99321599666937299,0.0091016222982632788,428,416
fixed_train,7,3,impressed|1|10,370488e,8,0.99321599666937299,0.0034009456540945449,428,409
fixed_train,7,3,impressed|1|10,370488e,9,0.99321599666937299,0.010221063315721812,428,413
fixed_train,7,3,impressed|2|01,"ac370000, ac370402",0,0.99321599666937299,0.023109378152307181,407,405
fixed_train,7,3,impressed|2|01,"ac370000, ac370402",1,0.99321599666937299,0.024109023341102209,407,407
fixed_train,7,3,impressed|2|01,"ac370000, ac370402",2,0.99321599666937299,0.026591584391547851,407,404
fixed_train,7,3,impressed|2|01,"ac370000, ac370402",3,0.99321599666937299,0.030155009809078592,407,405
fixed_train,7,3,impressed|2|01,"ac370000, ac370402",4,0.99321599666937299,0.026525888872454995,407,407
fixed_train,7,3,impressed|2|01,"ac370000, ac370402",5,0.99321599666937299,0.023109378152307181,407,403
fixed_train,7,3,impressed|2|01,"ac370000, ac370402",6,0.99321599666937299,0.028823122817494995,407,405
fixed_train,7,3,impressed|2|01,"ac370000, ac370402",7,0.99321599666937299,0.024228654927414772,407,406
fixed_train,7,3,impressed|2|01,"ac370000, ac370402",8,0.99321599666937299,0.031195113732537583,407,404
fixed_train,7,3,impressed|2|01,"ac370000, ac370402",9,0.99321599666937299,0.028964627333179505,407,406
fixed_train,7,3,impressed|2|02,"370401c, ac370000",0,0.99321599666937299,0.034857026520914158,419,415
fixed_train,7,3,impressed|2|02,"370401c, ac370000",1,0.99321599666937299,0.026658264064546966,419,416
fixed_train,7,3,impressed|2|02,"370401c, ac370000",2,0.99321599666937299,0.020755921525704601,419,415
fixed_train,7,3,impressed|2|02,"370401c, ac370000",3,0.99321599666937299,0.027846321487847048,419,412
fixed_train,7,3,impressed|2|02,"370401c, ac370000",4,0.99321599666937299,0.025537633166615281,419,414
fixed_train,7,3,impressed|2|02,"370401c, ac370000",5,0.99321599666937299,0.031348003320013307,419,417
fixed_train,7,3,impressed|2|02,"370401c, ac370000",6,0.99321599666937299,0.026658264064546966,419,415
fixed_train,7,3,impressed|2|02,"370401c, ac370000",7,0.99321599666937299,0.026591584391547851,419,418
fixed_train,7,3,impressed|2|02,"370401c, ac370000",8,0.99321599666937299,0.024289819721053041,419,416
fixed_train,7,3,impressed|2|02,"370401c, ac370000",9,0.99321599666937299,0.027916854878990538,419,417
fixed_train,7,3,impressed|2|03,"ac370000, ac370403",0,0.99321599666937299,0.026525888872454995,427,426
fixed_train,7,3,impressed|2|03,"ac370000, ac370403",1,0.99321599666937299,0.030155009809078592,427,427
fixed_train,7,3,impressed|2|03,"ac370000, ac370403",2,0.99321599666937299,0.033741936148870222,427,426
fixed_train,7,3,impressed|2|03,"ac370000, ac370403",3,0.99321599666937299,0.026658264064546966,427,423
fixed_train,7,3,impressed|2|03,"ac370000, ac370403",4,0.99321599666937299,0.029036972613913914,427,425
fixed_train,7,3,impressed|2|03,"ac370000, ac370403",5,0.99321599666937299,0.025408869035609793,427,421
fixed_train,7,3,impressed|2|03,"ac370000, ac370403",6,0.99321599666937299,0.029036972613913914,427,426
fixed_train,7,3,impressed|2|03,"ac370000, ac370403",7,0.99321599666937299,0.032463698130310137,427,424
fixed_train,7,3,impressed|2|03,"ac370000, ac370403",8,0.99321599666937299,0.030007850802215019,427,424
fixed_train,7,3,impressed|2|03,"ac370000, ac370403",9,0.99321599666937299,0.024289819721053041,427,421
fixed_train,7,3,impressed|2|04,"ac411100, ac419100",0,0.99321599666937299,0.019582853346253648,350,323
fixed_train,7,3,impressed|2|04,"ac411100, ac419100",1,0.99321599666937299,0.027318299527125056,350,308
fixed_train,7,3,impressed|2|04,"ac411100, ac419100",2,0.99321599666937299,0.028552449236099009,350,320
fixed_train,7,3,impressed|2|04,"ac411100, ac419100",3,0.99321599666937299,0.028552449236099009,350,317
fixed_train,7,3,impressed|2|04,"ac411100, ac419100",4,0.99321599666937299,0.025044812669941408,350,311
fixed_train,7,3,impressed|2|04,"ac411100, ac419100",5,0.99321599666937299,0.028618611061173027,350,320
fixed_train,7,3,impressed|2|04,"ac411100, ac419100",6,0.99321599666937299,0.021713135836087472,350,317
fixed_train,7,3,impressed|2|04,"ac411100, ac419100",7,0.99321599666937299,0.025283879413747434,350,320
fixed_train,7,3,impressed|2|04,"ac411100, ac419100",8,0.99321599666937299,0.02065037160879013,350,319
fixed_train,7,3,impressed|2|04,"ac411100, ac419100",9,0.99321599666937299,0.026272678102761904,350,323
fixed_train,7,3,impressed|2|05,"ac411100, ac415100",0,0.99321599666937299,0.014679933745069484,165,161
fixed_train,7,3,impressed|2|05,"ac411100, ac415100",1,0.99321599666937299,0.01693929554251139,165,162
fixed_train,7,3,impressed|2|05,"ac411100, ac415100",2,0.99321599666937299,0.013603917667536214,165,161
fixed_train,7,3,impressed|2|05,"ac411100, ac415100",3,0.99321599666937299,0.010251671180282362,165,159
fixed_train,7,3,impressed|2|05,"ac411100, ac415100",4,0.99321599666937299,0.01693929554251139,165,160
fixed_train,7,3,impressed|2|05,"ac411100, ac415100",5,0.99321599666937299,0.014755747754748083,165,160
fixed_train,7,3,impressed|2|05,"ac411100, ac415100",6,0.99321599666937299,0.012523094448403715,165,158
fixed_train,7,3,impressed|2|05,"ac411100, ac415100",7,0.99321599666937299,0.013568006661254128,165,154
fixed_train,7,3,impressed|2|05,"ac411100, ac415100",8,0.99321599666937299,0.015790036275141084,165,158
fixed_train,7,3,impressed|2|05,"ac411100, ac415100",9,0.99321599666937299,0.012420571947627801,165,161
fixed_train,7,3,impressed|2|06,"ac415100, ac419100",0,0.99321599666937299,0.013677378384024164,185,174
fixed_train,7,3,impressed|2|06,"ac415100, ac419100",1,0.99321599666937299,0.010251671180282362,185,171
fixed_train,7,3,impressed|2|06,"ac415100, ac419100",2,0.99321599666937299,0.013603917667536214,185,174
fixed_train,7,3,impressed|2|06,"ac415100, ac419100",3,0.99321599666937299,0.0091016222982632788,185,171
fixed_train,7,3,impressed|2|06,"ac415100, ac419100",4,0.99321599666937299,0.010221063315721812,185,171
fixed_train,7,3,impressed|2|06,"ac415100, ac419100",5,0.99321599666937299,0.010251671180282362,185,173
fixed_train,7,3,impressed|2|06,"ac415100, ac419100",6,0.99321599666937299,0.014679933745069484,185,176
fixed_train,7,3,impressed|2|06,"ac415100, ac419100",7,0.99321599666937299,0.011338593112184547,185,170
fixed_train,7,3,impressed|2|06,"ac415100, ac419100",8,0.99321599666937299,0.011338593112184547,185,175
fixed_train,7,3,impressed|2|06,"ac415100, ac419100",9,0.99321599666937299,0.012523094448403715,185,175
fixed_train,7,3,impressed|2|07,"ac10307, ac411100",0,0.99321599666937299,0.0068322472084219044,109,101
fixed_train,7,3,impressed|2|07,"ac10307, ac411100",1,0.99321599666937299,0.0080071754153397956,109,107
fixed_train,7,3,impressed|2|07,"ac10307, ac411100",2,0.99321599666937299,0.0057088246440399892,109,105
fixed_train,7,3,impressed|2|07,"ac10307, ac411100",3,0.99321599666937299,0.0068569178124737729,109,105
fixed_train,7,3,impressed|2|07,"ac10307, ac411100",4,0.99321599666937299,0.0068569178124737729,109,105
fixed_train,7,3,impressed|2|07,"ac10307, ac411100",5,0.99321599666937299,0.0068569178124737729,109,103
fixed_train,7,3,impressed|2|07,"ac10307, ac411100",6,0.99321599666937299,0.0068322472084219044,109,106
fixed_train,7,3,impressed|2|07,"ac10307, ac411100",7,0.99321599666937299,0.0068569178124737729,109,102
fixed_train,7,3,impressed|2|07,"ac10307, ac411100",8,0.99321599666937299,0.0057088246440399892,109,100
fixed_train,7,3,impressed|2|07,"ac10307, ac411100",9,0.99321599666937299,0.0057088246440399892,109,104
fixed_train,7,3,impressed|2|08,"ac10307, ac419100",0,0.99321599666937299,0.0068322472084219044,105,102
fixed_train,7,3,impressed|2|08,"ac10307, ac419100",1,0.99321599666937299,0.0068322472084219044,105,102
fixed_train,7,3,impressed|2|08,"ac10307, ac419100",2,0.99321599666937299,0.0057088246440399892,105,98
fixed_train,7,3,impressed|2|08,"ac10307, ac419100",3,0.99321599666937299,0.0045628721185804189,105,100
fixed_train,7,3,impressed|2|08,"ac10307, ac419100",4,0.99321599666937299,0.0068569178124737729,105,100
fixed_train,7,3,impressed|2|08,"ac10307, ac419100",5,0.99321599666937299,0.0068322472084219044,105,100
fixed_train,7,3,impressed|2|08,"ac10307, ac419100",6,0.99321599666937299,0.0057088246440399892,105,101
fixed_train,7,3,impressed|2|08,"ac10307, ac419100",7,0.99321599666937299,0.0068322472084219044,105,104
fixed_train,7,3,impressed|2|08,"ac10307, ac419100",8,0.99321599666937299,0.0091304046696573105,105,100
fixed_train,7,3,impressed|2|08,"ac10307, ac419100",9,0.99321599666937299,0.0068569178124737729,105,101
fixed_train,7,3,impressed|2|09,"ac10307, ac415100",0,0.99321599666937299,0.0034190366571821285,48,46
fixed_train,7,3,impressed|2|09,"ac10307, ac415100",1,0.99321599666937299,0.0056863788766953194,48,48
fixed_train,7,3,impressed|2|09,"ac10307, ac415100",2,0.99321599666937299,0.0068079440014816583,48,45
fixed_train,7,3,impressed|2|09,"ac10307, ac415100",3,0.99321599666937299,0.0045426194461302138,48,46
fixed_train,7,3,impressed|2|09,"ac10307, ac415100",4,0.99321599666937299,0.0056642676506993839,48,47
fixed_train,7,3,impressed|2|09,"ac10307, ac415100",5,0.99321599666937299,0.0045628721185804189,48,47
fixed_train,7,3,impressed|2|09,"ac10307, ac415100",6,0.99321599666937299,0.0056863788766953194,48,48
fixed_train,7,3,impressed|2|09,"ac10307, ac415100",7,0.99321599666937299,0.0034190366571821285,48,46
fixed_train,7,3,impressed|2|09,"ac10307, ac415100",8,0.99321599666937299,0.0045628721185804189,48,48
fixed_train,7,3,impressed|2|09,"ac10307, ac415100",9,0.99321599666937299,0.0034190366571821285,48,48
fixed_train,7,3,impressed|2|10,"ac355201, ac415100",0,0.99321599666937299,0.0011237629604191612,24,23
fixed_train,7,3,impressed|2|10,"ac355201, ac415100",1,0.99321599666937299,0,24,24
fixed_train,7,3,impressed|2|10,"ac355201, ac415100",2,0.99321599666937299,0.0011237629604191612,24,23
fixed_train,7,3,impressed|2|10,"ac355201, ac415100",3,0.99321599666937299,0.0011237629604191612,24,24
fixed_train,7,3,impressed|2|10,"ac355201, ac415100",4,0.99321599666937299,0.0011237629604191612,24,24
fixed_train,7,3,impressed|2|10,"ac355201, ac415100",5,0.99321599666937299,0.0011237629604191612,24,24
fixed_train,7,3,impressed|2|10,"ac355201, ac415100",6,0.99321599666937299,0.0011237629604191612,24,24
fixed_train,7,3,impressed|2|10,"ac355201, ac415100",7,0.99321599666937299,0.0011237629604191612,24,24
fixed_train,7,3,impressed|2|10,"ac355201, ac415100",8,0.99321599666937299,0.0011237629604191612,24,22
fixed_train,7,3,impressed|2|10,"ac355201, ac415100",9,0.99321599666937299,0.0011237629604191612,24,24
fixed_train,7,3,impressed|3|01,"ac411100, ac415100, ac419100",0,0.99321599666937299,0.010221063315721812,156,150
fixed_train,7,3,impressed|3|01,"ac411100, ac415100, ac419100",1,0.99321599666937299,0.010190911643908951,156,147
fixed_train,7,3,impressed|3|01,"ac411100, ac415100, ac419100",2,0.99321599666937299,0.012488405535234892,156,150
fixed_train,7,3,impressed|3|01,"ac411100, ac415100, ac419100",3,0.99321599666937299,0.012523094448403715,156,146
fixed_train,7,3,impressed|3|01,"ac411100, ac415100, ac419100",4,0.99321599666937299,0.014679933745069484,156,149
fixed_train,7,3,impressed|3|01,"ac411100, ac415100, ac419100",5,0.99321599666937299,0.015829341104796391,156,146
fixed_train,7,3,impressed|3|01,"ac411100, ac415100, ac419100",6,0.99321599666937299,0.011338593112184547,156,151
fixed_train,7,3,impressed|3|01,"ac411100, ac415100, ac419100",7,0.99321599666937299,0.014755747754748083,156,146
fixed_train,7,3,impressed|3|01,"ac411100, ac415100, ac419100",8,0.99321599666937299,0.014794517716524958,156,150
fixed_train,7,3,impressed|3|01,"ac411100, ac415100, ac419100",9,0.99321599666937299,0.011403891526840737,156,148
fixed_train,7,3,impressed|3|02,"ac10307, ac411100, ac419100",0,0.99321599666937299,0.010221063315721812,99,95
fixed_train,7,3,impressed|3|02,"ac10307, ac411100, ac419100",1,0.99321599666937299,0.0057088246440399892,99,94
fixed_train,7,3,impressed|3|02,"ac10307, ac411100, ac419100",2,0.99321599666937299,0.0091016222982632788,99,98
fixed_train,7,3,impressed|3|02,"ac10307, ac411100, ac419100",3,0.99321599666937299,0.0056863788766953194,99,95
fixed_train,7,3,impressed|3|02,"ac10307, ac411100, ac419100",4,0.99321599666937299,0.0045628721185804189,99,99
fixed_train,7,3,impressed|3|02,"ac10307, ac411100, ac419100",5,0.99321599666937299,0.0068322472084219044,99,98
fixed_train,7,3,impressed|3|02,"ac10307, ac411100, ac419100",6,0.99321599666937299,0.0090732685568332139,99,95
fixed_train,7,3,impressed|3|02,"ac10307, ac411100, ac419100",7,0.99321599666937299,0.0091016222982632788,99,98
fixed_train,7,3,impressed|3|02,"ac10307, ac411100, ac419100",8,0.99321599666937299,0.0068569178124737729,99,97
fixed_train,7,3,impressed|3|02,"ac10307, ac411100, ac419100",9,0.99321599666937299,0.0079802479121611203,99,97
fixed_train,7,3,impressed|3|03,"ac370000, ac411100, ac415100",0,0.99321599666937299,0.011370997388104653,100,99
fixed_train,7,3,impressed|3|03,"ac370000, ac411100, ac415100",1,0.99321599666937299,0.010282741376257731,100,100
fixed_train,7,3,impressed|3|03,"ac370000, ac411100, ac415100",2,0.99321599666937299,0.012488405535234892,100,100
fixed_train,7,3,impressed|3|03,"ac370000, ac411100, ac415100",3,0.99321599666937299,0.011306672217711755,100,100
fixed_train,7,3,impressed|3|03,"ac370000, ac411100, ac415100",4,0.99321599666937299,0.01693929554251139,100,99
fixed_train,7,3,impressed|3|03,"ac370000, ac411100, ac415100",5,0.99321599666937299,0.020352009991881137,100,100
fixed_train,7,3,impressed|3|03,"ac370000, ac411100, ac415100",6,0.99321599666937299,0.011370997388104653,100,100
fixed_train,7,3,impressed|3|03,"ac370000, ac411100, ac415100",7,0.99321599666937299,0.010221063315721812,100,100
fixed_train,7,3,impressed|3|03,"ac370000, ac411100, ac415100",8,0.99321599666937299,0.016980877633723357,100,100
fixed_train,7,3,impressed|3|03,"ac370000, ac411100, ac415100",9,0.99321599666937299,0.012454233640513679,100,100
fixed_train,7,3,impressed|3|04,"ac355201, ac415100, ac419100",0,0.99321599666937299,0.0033655704322983482,24,23
fixed_train,7,3,impressed|3|04,"ac355201, ac415100, ac419100",1,0.99321599666937299,0.0011237629604191612,24,23
fixed_train,7,3,impressed|3|04,"ac355201, ac415100, ac419100",2,0.99321599666937299,0.0022456125116803172,24,24
fixed_train,7,3,impressed|3|04,"ac355201, ac415100, ac419100",3,0.99321599666937299,0.0011237629604191612,24,22
fixed_train,7,3,impressed|3|04,"ac355201, ac415100, ac419100",4,0.99321599666937299,0.0011237629604191612,24,24
fixed_train,7,3,impressed|3|04,"ac355201, ac415100, ac419100",5,0.99321599666937299,0.0011237629604191612,24,24
fixed_train,7,3,impressed|3|04,"ac355201, ac415100, ac419100",6,0.99321599666937299,0.0011237629604191612,24,23
fixed_train,7,3,impressed|3|04,"ac355201, ac415100, ac419100",7,0.99321599666937299,0,24,24
fixed_train,7,3,impressed|3|04,"ac355201, ac415100, ac419100",8,0.99321599666937299,0.0022456125116803172,24,23
fixed_train,7,3,impressed|3|04,"ac355201, ac415100, ac419100",9,0.99321599666937299,0.0011237629604191612,24,24
fixed_train,7,3,impressed|3|05,"ac355201, ac411100, ac419100",0,0.99321599666937299,0.0033831247578608448,25,25
fixed_train,7,3,impressed|3|05,"ac355201, ac411100, ac419100",1,0.99321599666937299,0.0022772948907787693,25,24
fixed_train,7,3,impressed|3|05,"ac355201, ac411100, ac419100",2,0.99321599666937299,0.0011376236574898169,25,25
fixed_train,7,3,impressed|3|05,"ac355201, ac411100, ac419100",3,0.99321599666937299,0.0033831247578608448,25,25
fixed_train,7,3,impressed|3|05,"ac355201, ac411100, ac419100",4,0.99321599666937299,0.0022613344435424843,25,24
fixed_train,7,3,impressed|3|05,"ac355201, ac411100, ac419100",5,0.99321599666937299,0.0011376236574898169,25,25
fixed_train,7,3,impressed|3|05,"ac355201, ac411100, ac419100",6,0.99321599666937299,0.0022613344435424843,25,24
fixed_train,7,3,impressed|3|05,"ac355201, ac411100, ac419100",7,0.99321599666937299,0.0022613344435424843,25,25
fixed_train,7,3,impressed|3|05,"ac355201, ac411100, ac419100",8,0.99321599666937299,0.0022613344435424843,25,24
fixed_train,7,3,impressed|3|05,"ac355201, ac411100, ac419100",9,0.99321599666937299,0.0011376236574898169,25,25
fixed_train,7,3,impressed|3|06,"ac355427, ac415100, ac419100",0,0.99321599666937299,0.0022772948907787693,18,18
fixed_train,7,3,impressed|3|06,"ac355427, ac415100, ac419100",1,0.99321599666937299,0.0011376236574898169,18,18
fixed_train,7,3,impressed|3|06,"ac355427, ac415100, ac419100",2,0.99321599666937299,0.0022772948907787693,18,18
fixed_train,7,3,impressed|3|06,"ac355427, ac415100, ac419100",3,0.99321599666937299,0.0011376236574898169,18,15
fixed_train,7,3,impressed|3|06,"ac355427, ac415100, ac419100",4,0.99321599666937299,0.0022772948907787693,18,18
fixed_train,7,3,impressed|3|06,"ac355427, ac415100, ac419100",5,0.99321599666937299,0.0022772948907787693,18,17
fixed_train,7,3,impressed|3|06,"ac355427, ac415100, ac419100",6,0.99321599666937299,0.0022772948907787693,18,16
fixed_train,7,3,impressed|3|06,"ac355427, ac415100, ac419100",7,0.99321599666937299,0.0022772948907787693,18,17
fixed_train,7,3,impressed|3|06,"ac355427, ac415100, ac419100",8,0.99321599666937299,0.0022772948907787693,18,17
fixed_train,7,3,impressed|3|06,"ac355427, ac415100, ac419100",9,0.99321599666937299,0.0022772948907787693,18,18
fixed_train,7,3,impressed|3|07,"370407, ac10307, ac370000",0,0.99321599666937299,0.011437282143666905,37,37
fixed_train,7,3,impressed|3|07,"370407, ac10307, ac370000",1,0.99321599666937299,0.011471175991096927,37,37
fixed_train,7,3,impressed|3|07,"370407, ac10307, ac370000",2,0.99321599666937299,0.0080071754153397956,37,37
fixed_train,7,3,impressed|3|07,"370407, ac10307, ac370000",3,0.99321599666937299,0.010314280169401613,37,37
fixed_train,7,3,impressed|3|07,"370407, ac10307, ac370000",4,0.99321599666937299,0.011471175991096927,37,37
fixed_train,7,3,impressed|3|07,"370407, ac10307, ac370000",5,0.99321599666937299,0.010314280169401613,37,37
fixed_train,7,3,impressed|3|07,"370407, ac10307, ac370000",6,0.99321599666937299,0.010314280169401613,37,37
fixed_train,7,3,impressed|3|07,"370407, ac10307, ac370000",7,0.99321599666937299,0.0080071754153397956,37,36
fixed_train,7,3,impressed|3|07,"370407, ac10307, ac370000",8,0.99321599666937299,0.010314280169401613,37,36
fixed_train,7,3,impressed|3|07,"370407, ac10307, ac370000",9,0.99321599666937299,0.011471175991096927,37,37
fixed_train,7,3,impressed|3|08,"376400, ac370000, ac411100",0,0.99321599666937299,0.0022772948907787693,38,38
fixed_train,7,3,impressed|3|08,"376400, ac370000, ac411100",1,0.99321599666937299,0.0022772948907787693,38,38
fixed_train,7,3,impressed|3|08,"376400, ac370000, ac411100",2,0.99321599666937299,0.0034009456540945449,38,38
fixed_train,7,3,impressed|3|08,"376400, ac370000, ac411100",3,0.99321599666937299,0.0034009456540945449,38,38
fixed_train,7,3,impressed|3|08,"376400, ac370000, ac411100",4,0.99321599666937299,0.0045226688870847465,38,38
fixed_train,7,3,impressed|3|08,"376400, ac370000, ac411100",5,0.99321599666937299,0.0045226688870847465,38,38
fixed_train,7,3,impressed|3|08,"376400, ac370000, ac411100",6,0.99321599666937299,0.0034009456540945449,38,38
fixed_train,7,3,impressed|3|08,"376400, ac370000, ac411100",7,0.99321599666937299,0.0034009456540945449,38,38
fixed_train,7,3,impressed|3|08,"376400, ac370000, ac411100",8,0.99321599666937299,0.0022772948907787693,38,38
fixed_train,7,3,impressed|3|08,"376400, ac370000, ac411100",9,0.99321599666937299,0.0034009456540945449,38,38
fixed_train,7,3,impressed|3|09,"ac410500, ac411100, ac415100",0,0.99321599666937299,0,6,5
fixed_train,7,3,impressed|3|09,"ac410500, ac411100, ac415100",1,0.99321599666937299,0.0011237629604191612,6,5
fixed_train,7,3,impressed|3|09,"ac410500, ac411100, ac415100",2,0.99321599666937299,0,6,6
fixed_train,7,3,impressed|3|09,"ac410500, ac411100, ac415100",3,0.99321599666937299,0.0011237629604191612,6,6
fixed_train,7,3,impressed|3|09,"ac410500, ac411100, ac415100",4,0.99321599666937299,0.0011237629604191612,6,5
fixed_train,7,3,impressed|3|09,"ac410500, ac411100, ac415100",5,0.99321599666937299,0.0011237629604191612,6,6
fixed_train,7,3,impressed|3|09,"ac410500, ac411100, ac415100",6,0.99321599666937299,0.0011237629604191612,6,6
fixed_train,7,3,impressed|3|09,"ac410500, ac411100, ac415100",7,0.99321599666937299,0.0011237629604191612,6,6
fixed_train,7,3,impressed|3|09,"ac410500, ac411100, ac415100",8,0.99321599666937299,0,6,6
fixed_train,7,3,impressed|3|09,"ac410500, ac411100, ac415100",9,0.99321599666937299,0,6,6
fixed_train,7,3,impressed|3|10,"ac379999, ac415100, ac419100",0,0.99321599666937299,0.013497787626401525,111,111
fixed_train,7,3,impressed|3|10,"ac379999, ac415100, ac419100",1,0.99321599666937299,0.012387413777121048,111,110
fixed_train,7,3,impressed|3|10,"ac379999, ac415100, ac419100",2,0.99321599666937299,0.013532632314564363,111,111
fixed_train,7,3,impressed|3|10,"ac379999, ac415100, ac419100",3,0.99321599666937299,0.0079275896473042229,111,111
fixed_train,7,3,impressed|3|10,"ac379999, ac415100, ac419100",4,0.99321599666937299,0.0079537210962085103,111,111
fixed_train,7,3,impressed|3|10,"ac379999, ac415100, ac419100",5,0.99321599666937299,0.0090732685568332139,111,111
fixed_train,7,3,impressed|3|10,"ac379999, ac415100, ac419100",6,0.99321599666937299,0.0090732685568332139,111,111
fixed_train,7,3,impressed|3|10,"ac379999, ac415100, ac419100",7,0.99321599666937299,0.010190911643908951,111,111
fixed_train,7,3,impressed|3|10,"ac379999, ac415100, ac419100",8,0.99321599666937299,0.011275228353987532,111,111
fixed_train,7,3,impressed|3|10,"ac379999, ac415100, ac419100",9,0.99321599666937299,0.0057088246440399892,111,109
fixed_test,7,4,apriori|1|01,ac419100,0,0.93220350721133682,0,143,123
fixed_test,7,4,apriori|1|01,ac419100,1,0.93220350721133682,-0.0038388141798217923,143,115
fixed_test,7,4,apriori|1|01,ac419100,2,0.93220350721133682,-0.0038388141798217923,143,121
fixed_test,7,4,apriori|1|01,ac419100,3,0.93220350721133682,0,143,122
fixed_test,7,4,apriori|1|01,ac419100,4,0.93220350721133682,-0.0038388141798217923,143,120
fixed_test,7,4,apriori|1|01,ac419100,5,0.93220350721133682,-0.0042995593226895501,143,125
fixed_test,7,4,apriori|1|01,ac419100,6,0.93220350721133682,-0.0081835201322122408,143,124
fixed_test,7,4,apriori|1|01,ac419100,7,0.93220350721133682,0,143,120
fixed_test,7,4,apriori|1|01,ac419100,8,0.93220350721133682,-0.0086243396581345833,143,118
fixed_test,7,4,apriori|1|01,ac419100,9,0.93220350721133682,-0.012975625409656244,143,119
fixed_test,7,4,apriori|1|02,ac370000,0,0.93220350721133682,0.11953371933780355,148,147
fixed_test,7,4,apriori|1|02,ac370000,1,0.93220350721133682,0.12637690138473101,148,148
fixed_test,7,4,apriori|1|02,ac370000,2,0.93220350721133682,0.10144592985975398,148,147
fixed_test,7,4,apriori|1|02,ac370000,3,0.93220350721133682,0.14838612634045367,148,147
fixed_test,7,4,apriori|1|02,ac370000,4,0.93220350721133682,0.15510989185685187,148,146
fixed_test,7,4,apriori|1|02,ac370000,5,0.93220350721133682,0.16234230439314279,148,147
fixed_test,7,4,apriori|1|02,ac370000,6,0.93220350721133682,0.1837505645961014,148,148
fixed_test,7,4,apriori|1|02,ac370000,7,0.93220350721133682,0.13493990214285367,148,148
fixed_test,7,4,apriori|1|02,ac370000,8,0.93220350721133682,0.16254195376599967,148,145
fixed_test,7,4,apriori|1|02,ac370000,9,0.93220350721133682,0.21722758009523435,148,148
fixed_test,7,4,apriori|1|03,370407,0,0.93220350721133682,-0.0042995593226895501,119,114
fixed_test,7,4,apriori|1|03,370407,1,0.93220350721133682,0.0085283782264734542,119,113
fixed_test,7,4,apriori|1|03,370407,2,0.93220350721133682,-0.0042995593226895501,119,112
fixed_test,7,4,apriori|1|03,370407,3,0.93220350721133682,0.0042755792834089368,119,118
fixed_test,7,4,apriori|1|03,370407,4,0.93220350721133682,-0.0042995593226895501,119,112
fixed_test,7,4,apriori|1|03,370407,5,0.93220350721133682,0.0042755792834089368,119,116
fixed_test,7,4,apriori|1|03,370407,6,0.93220350721133682,0.0042755792834089368,119,116
fixed_test,7,4,apriori|1|03,370407,7,0.93220350721133682,0.0042755792834089368,119,115
fixed_test,7,4,apriori|1|03,370407,8,0.93220350721133682,0.0042755792834089368,119,114
fixed_test,7,4,apriori|1|03,370407,9,0.93220350721133682,0,119,116
fixed_test,7,4,apriori|1|04,ac370419,0,0.93220350721133682,0.0085283782264734542,117,113
fixed_test,7,4,apriori|1|04,ac370419,1,0.93220350721133682,0.016970239611114879,117,111
fixed_test,7,4,apriori|1|04,ac370419,2,0.93220350721133682,-0.0042995593226895501,117,114
fixed_test,7,4,apriori|1|04,ac370419,3,0.93220350721133682,0,117,115
fixed_test,7,4,apriori|1|04,ac370419,4,0.93220350721133682,0,117,115
fixed_test,7,4,apriori|1|04,ac370419,5,0.93220350721133682,0.0047714311724496028,117,112
fixed_test,7,4,apriori|1|04,ac370419,6,0.93220350721133682,0.0042755792834089368,117,110
fixed_test,7,4,apriori|1|04,ac370419,7,0.93220350721133682,0,117,112
fixed_test,7,4,apriori|1|04,ac370419,8,0.93220350721133682,0,117,110
fixed_test,7,4,apriori|1|04,ac370419,9,0.93220350721133682,0.0042755792834089368,117,112
fixed_test,7,4,apriori|1|05,ac370443,0,0.93220350721133682,-0.0042995593226895501,113,103
fixed_test,7,4,apriori|1|05,ac370443,1,0.93220350721133682,0,113,109
fixed_test,7,4,apriori|1|05,ac370443,2,0.93220350721133682,-0.0086243396581345833,113,104
fixed_test,7,4,apriori|1|05,ac370443,3,0.93220350721133682,-0.0086243396581345833,113,108
fixed_test,7,4,apriori|1|05,ac370443,4,0.93220350721133682,0,113,109
fixed_test,7,4,apriori|1|05,ac370443,5,0.93220350721133682,0,113,112
fixed_test,7,4,apriori|1|05,ac370443,6,0.93220350721133682,-0.0086243396581345833,113,111
fixed_test,7,4,apriori|1|05,ac370443,7,0.93220350721133682,-0.0042995593226895501,113,104
fixed_test,7,4,apriori|1|05,ac370443,8,0.93220350721133682,-0.0042995593226895501,113,102
fixed_test,7,4,apriori|1|05,ac370443,9,0.93220350721133682,0,113,109
fixed_test,7,4,apriori|1|06,ac370442,0,0.93220350721133682,0.0042755792834089368,113,109
fixed_test,7,4,apriori|1|06,ac370442,1,0.93220350721133682,-0.0086243396581345833,113,104
fixed_test,7,4,apriori|1|06,ac370442,2,0.93220350721133682,0.0085283782264734542,113,105
fixed_test,7,4,apriori|1|06,ac370442,3,0.93220350721133682,0.0042755792834089368,113,110
fixed_test,7,4,apriori|1|06,ac370442,4,0.93220350721133682,0,113,109
fixed_test,7,4,apriori|1|06,ac370442,5,0.93220350721133682,0,113,109
fixed_test,7,4,apriori|1|06,ac370442,6,0.93220350721133682,0.0042755792834089368,113,106
fixed_test,7,4,apriori|1|06,ac370442,7,0.93220350721133682,0,113,106
fixed_test,7,4,apriori|1|06,ac370442,8,0.93220350721133682,-0.0042995593226895501,113,107
fixed_test,7,4,apriori|1|06,ac370442,9,0.93220350721133682,0.0042755792834089368,113,106
fixed_test,7,4,apriori|1|07,370712b,0,0.93220350721133682,0.0042755792834089368,114,110
fixed_test,7,4,apriori|1|07,370712b,1,0.93220350721133682,-0.0042995593226895501,114,108
fixed_test,7,4,apriori|1|07,370712b,2,0.93220350721133682,0.0042755792834089368,114,109
fixed_test,7,4,apriori|1|07,370712b,3,0.93220350721133682,0,114,111
fixed_test,7,4,apriori|1|07,370712b,4,0.93220350721133682,0,114,108
fixed_test,7,4,apriori|1|07,370712b,5,0.93220350721133682,0,114,110
fixed_test,7,4,apriori|1|07,370712b,6,0.93220350721133682,0,114,110
fixed_test,7,4,apriori|1|07,370712b,7,0.93220350721133682,-0.0042995593226895501,114,109
fixed_test,7,4,apriori|1|07,370712b,8,0.93220350721133682,0.0042755792834089368,114,107
fixed_test,7,4,apriori|1|07,370712b,9,0.93220350721133682,0.0042755792834089368,114,112
fixed_test,7,4,apriori|1|08,370715a,0,0.93220350721133682,-0.0042995593226895501,113,109
fixed_test,7,4,apriori|1|08,370715a,1,0.93220350721133682,-0.0042995593226895501,113,101
fixed_test,7,4,apriori|1|08,370715a,2,0.93220350721133682,-0.0042995593226895501,113,108
fixed_test,7,4,apriori|1|08,370715a,3,0.93220350721133682,0.0085283782264734542,113,109
fixed_test,7,4,apriori|1|08,370715a,4,0.93220350721133682,0,113,110
fixed_test,7,4,apriori|1|08,370715a,5,0.93220350721133682,0.0042755792834089368,113,108
fixed_test,7,4,apriori|1|08,370715a,6,0.93220350721133682,-0.0042995593226895501,113,110
fixed_test,7,4,apriori|1|08,370715a,7,0.93220350721133682,-0.0042995593226895501,113,106
fixed_test,7,4,apriori|1|08,370715a,8,0.93220350721133682,-0.0086243396581345833,113,111
fixed_test,7,4,apriori|1|08,370715a,9,0.93220350721133682,0,113,105
fixed_test,7,4,apriori|1|09,370488e,0,0.93220350721133682,0,114,108
fixed_test,7,4,apriori|1|09,370488e,1,0.93220350721133682,0.0042755792834089368,114,106
fixed_test,7,4,apriori|1|09,370488e,2,0.93220350721133682,-0.0042995593226895501,114,108
fixed_test,7,4,apriori|1|09,370488e,3,0.93220350721133682,0,114,113
fixed_test,7,4,apriori|1|09,370488e,4,0.93220350721133682,-0.0042995593226895501,114,107
fixed_test,7,4,apriori|1|09,370488e,5,0.93220350721133682,-0.0042995593226895501,114,108
fixed_test,7,4,apriori|1|09,370488e,6,0.93220350721133682,0.0042755792834089368,114,105
fixed_test,7,4,apriori|1|09,370488e,7,0.93220350721133682,0,114,112
fixed_test,7,4,apriori|1|09,370488e,8,0.93220350721133682,-0.0042995593226895501,114,109
fixed_test,7,4,apriori|1|09,370488e,9,0.93220350721133682,-0.0086243396581345833,114,109
fixed_test,7,4,apriori|1|10,370488g,0,0.93220350721133682,-0.0042995593226895501,112,105
fixed_test,7,4,apriori|1|10,370488g,1,0.93220350721133682,-0.0086243396581345833,112,109
fixed_test,7,4,apriori|1|10,370488g,2,0.93220350721133682,-0.0042995593226895501,112,103
fixed_test,7,4,apriori|1|10,370488g,3,0.93220350721133682,0,112,107
fixed_test,7,4,apriori|1|10,370488g,4,0.93220350721133682,-0.0042995593226895501,112,102
fixed_test,7,4,apriori|1|10,370488g,5,0.93220350721133682,0,112,106
fixed_test,7,4,apriori|1|10,370488g,6,0.93220350721133682,0,112,108
fixed_test,7,4,apriori|1|10,370488g,7,0.93220350721133682,-0.0042995593226895501,112,109
fixed_test,7,4,apriori|1|10,370488g,8,0.93220350721133682,0.0042755792834089368,112,106
fixed_test,7,4,apriori|1|10,370488g,9,0.93220350721133682,0.0042755792834089368,112,109
fixed_test,7,4,apriori|2|01,"370407, ac370000",0,0.93220350721133682,-0.012556399563433684,119,118
fixed_test,7,4,apriori|2|01,"370407, ac370000",1,0.93220350721133682,-0.012975625409656244,119,117
fixed_test,7,4,apriori|2|01,"370407, ac370000",2,0.93220350721133682,-0.0081835201322122408,119,119
fixed_test,7,4,apriori|2|01,"370407, ac370000",3,0.93220350721133682,0.0047714311724496028,119,118
fixed_test,7,4,apriori|2|01,"370407, ac370000",4,0.93220350721133682,-0.021392330005190141,119,119
fixed_test,7,4,apriori|2|01,"370407, ac370000",5,0.93220350721133682,-0.012556399563433684,119,118
fixed_test,7,4,apriori|2|01,"370407, ac370000",6,0.93220350721133682,-0.0081835201322122408,119,118
fixed_test,7,4,apriori|2|01,"370407, ac370000",7,0.93220350721133682,-0.012556399563433684,119,119
fixed_test,7,4,apriori|2|01,"370407, ac370000",8,0.93220350721133682,-0.0042995593226895501,119,117
fixed_test,7,4,apriori|2|01,"370407, ac370000",9,0.93220350721133682,0.0047714311724496028,119,117
fixed_test,7,4,apriori|2|02,"ac370000, ac370419",0,0.93220350721133682,-0.0038388141798217923,117,117
fixed_test,7,4,apriori|2|02,"ac370000, ac370419",1,0.93220350721133682,-0.012975625409656244,117,116
fixed_test,7,4,apriori|2|02,"ac370000, ac370419",2,0.93220350721133682,-0.0081835201322122408,117,117
fixed_test,7,4,apriori|2|02,"ac370000, ac370419",3,0.93220350721133682,0.0004790685157929353,117,116
fixed_test,7,4,apriori|2|02,"ac370000, ac370419",4,0.93220350721133682,-0.0086243396581345833,117,117
fixed_test,7,4,apriori|2|02,"ac370000, ac370419",5,0.93220350721133682,-0.0081835201322122408,117,117
fixed_test,7,4,apriori|2|02,"ac370000, ac370419",6,0.93220350721133682,0.0004790685157929353,117,117
fixed_test,7,4,apriori|2|02,"ac370000, ac370419",7,0.93220350721133682,-0.0042995593226895501,117,115
fixed_test,7,4,apriori|2|02,"ac370000, ac370419",8,0.93220350721133682,-0.0042995593226895501,117,116
fixed_test,7,4,apriori|2|02,"ac370000, ac370419",9,0.93220350721133682,-0.0081835201322122408,117,115
fixed_test,7,4,apriori|2|03,"370407, ac370419",0,0.93220350721133682,-0.0042995593226895501,113,113
fixed_test,7,4,apriori|2|03,"370407, ac370419",1,0.93220350721133682,-0.0086243396581345833,113,112
fixed_test,7,4,apriori|2|03,"370407, ac370419",2,0.93220350721133682,0.0042755792834089368,113,113
fixed_test,7,4,apriori|2|03,"370407, ac370419",3,0.93220350721133682,-0.0042995593226895501,113,111
fixed_test,7,4,apriori|2|03,"370407, ac370419",4,0.93220350721133682,0,113,113
fixed_test,7,4,apriori|2|03,"370407, ac370419",5,0.93220350721133682,0,113,111
fixed_test,7,4,apriori|2|03,"370407, ac370419",6,0.93220350721133682,-0.0086243396581345833,113,113
fixed_test,7,4,apriori|2|03,"370407, ac370419",7,0.93220350721133682,-0.0042995593226895501,113,113
fixed_test,7,4,apriori|2|03,"370407, ac370419",8,0.93220350721133682,0,113,113
fixed_test,7,4,apriori|2|03,"370407, ac370419",9,0.93220350721133682,-0.0042995593226895501,113,112
fixed_test,7,4,apriori|2|04,"ac370000, ac370443",0,0.93220350721133682,-0.0086243396581345833,113,112
fixed_test,7,4,apriori|2|04,"ac370000, ac370443",1,0.93220350721133682,-0.0081835201322122408,113,110
fixed_test,7,4,apriori|2|04,"ac370000, ac370443",2,0.93220350721133682,0.0047714311724496028,113,111
fixed_test,7,4,apriori|2|04,"ac370000, ac370443",3,0.93220350721133682,-0.0086243396581345833,113,111
fixed_test,7,4,apriori|2|04,"ac370000, ac370443",4,0.93220350721133682,0.0004790685157929353,113,112
fixed_test,7,4,apriori|2|04,"ac370000, ac370443",5,0.93220350721133682,-0.012975625409656244,113,113
fixed_test,7,4,apriori|2|04,"ac370000, ac370443",6,0.93220350721133682,0,113,112
fixed_test,7,4,apriori|2|04,"ac370000, ac370443",7,0.93220350721133682,0.0004790685157929353,113,112
fixed_test,7,4,apriori|2|04,"ac370000, ac370443",8,0.93220350721133682,-0.0086243396581345833,113,113
fixed_test,7,4,apriori|2|04,"ac370000, ac370443",9,0.93220350721133682,0.0047714311724496028,113,112
fixed_test,7,4,apriori|2|05,"ac370419, ac370443",0,0.93220350721133682,0.0042755792834089368,112,111
fixed_test,7,4,apriori|2|05,"ac370419, ac370443",1,0.93220350721133682,-0.0042995593226895501,112,112
fixed_test,7,4,apriori|2|05,"ac370419, ac370443",2,0.93220350721133682,-0.0086243396581345833,112,112
fixed_test,7,4,apriori|2|05,"ac370419, ac370443",3,0.93220350721133682,0.0042755792834089368,112,112
fixed_test,7,4,apriori|2|05,"ac370419, ac370443",4,0.93220350721133682,-0.012975625409656244,112,112
fixed_test,7,4,apriori|2|05,"ac370419, ac370443",5,0.93220350721133682,-0.0042995593226895501,112,112
fixed_test,7,4,apriori|2|05,"ac370419, ac370443",6,0.93220350721133682,0.0004790685157929353,112,112
fixed_test,7,4,apriori|2|05,"ac370419, ac370443",7,0.93220350721133682,-0.012975625409656244,112,112
fixed_test,7,4,apriori|2|05,"ac370419, ac370443",8,0.93220350721133682,-0.0042995593226895501,112,111
fixed_test,7,4,apriori|2|05,"ac370419, ac370443",9,0.93220350721133682,0,112,112
fixed_test,7,4,apriori|2|06,"ac370000, ac370442",0,0.93220350721133682,0.0004790685157929353,113,111
fixed_test,7,4,apriori|2|06,"ac370000, ac370442",1,0.93220350721133682,-0.0042995593226895501,113,110
fixed_test,7,4,apriori|2|06,"ac370000, ac370442",2,0.93220350721133682,-0.0038388141798217923,113,113
fixed_test,7,4,apriori|2|06,"ac370000, ac370442",3,0.93220350721133682,-0.0042995593226895501,113,113
fixed_test,7,4,apriori|2|06,"ac370000, ac370442",4,0.93220350721133682,-0.0086243396581345833,113,113
fixed_test,7,4,apriori|2|06,"ac370000, ac370442",5,0.93220350721133682,-0.0081835201322122408,113,113
fixed_test,7,4,apriori|2|06,"ac370000, ac370442",6,0.93220350721133682,-0.0038388141798217923,113,113
fixed_test,7,4,apriori|2|06,"ac370000, ac370442",7,0.93220350721133682,-0.0038388141798217923,113,113
fixed_test,7,4,apriori|2|06,"ac370000, ac370442",8,0.93220350721133682,-0.0042995593226895501,113,112
fixed_test,7,4,apriori|2|06,"ac370000, ac370442",9,0.93220350721133682,-0.016958852212765496,113,113
fixed_test,7,4,apriori|2|07,"ac370442, ac370443",0,0.93220350721133682,0,112,110
fixed_test,7,4,apriori|2|07,"ac370442, ac370443",1,0.93220350721133682,0,112,112
fixed_test,7,4,apriori|2|07,"ac370442, ac370443",2,0.93220350721133682,0,112,111
fixed_test,7,4,apriori|2|07,"ac370442, ac370443",3,0.93220350721133682,-0.0042995593226895501,112,110
fixed_test,7,4,apriori|2|07,"ac370442, ac370443",4,0.93220350721133682,0,112,112
fixed_test,7,4,apriori|2|07,"ac370442, ac370443",5,0.93220350721133682,-0.0042995593226895501,112,111
fixed_test,7,4,apriori|2|07,"ac370442, ac370443",6,0.93220350721133682,0,112,112
fixed_test,7,4,apriori|2|07,"ac370442, ac370443",7,0.93220350721133682,0.0042755792834089368,112,112
fixed_test,7,4,apriori|2|07,"ac370442, ac370443",8,0.93220350721133682,0,112,111
fixed_test,7,4,apriori|2|07,"ac370442, ac370443",9,0.93220350721133682,0,112,112
fixed_test,7,4,apriori|2|08,"ac370419, ac370442",0,0.93220350721133682,-0.0042995593226895501,112,112
fixed_test,7,4,apriori|2|08,"ac370419, ac370442",1,0.93220350721133682,-0.0042995593226895501,112,112
fixed_test,7,4,apriori|2|08,"ac370419, ac370442",2,0.93220350721133682,-0.0042995593226895501,112,110
fixed_test,7,4,apriori|2|08,"ac370419, ac370442",3,0.93220350721133682,0,112,111
fixed_test,7,4,apriori|2|08,"ac370419, ac370442",4,0.93220350721133682,-0.0086243396581345833,112,112
fixed_test,7,4,apriori|2|08,"ac370419, ac370442",5,0.93220350721133682,-0.0042995593226895501,112,112
fixed_test,7,4,apriori|2|08,"ac370419, ac370442",6,0.93220350721133682,-0.0042995593226895501,112,111
fixed_test,7,4,apriori|2|08,"ac370419, ac370442",7,0.93220350721133682,-0.0042995593226895501,112,112
fixed_test,7,4,apriori|2|08,"ac370419, ac370442",8,0.93220350721133682,-0.0086243396581345833,112,111
fixed_test,7,4,apriori|2|08,"ac370419, ac370442",9,0.93220350721133682,-0.0086243396581345833,112,110
fixed_test,7,4,apriori|2|09,"370407, ac370443",0,0.93220350721133682,0.0085283782264734542,108,108
fixed_test,7,4,apriori|2|09,"370407, ac370443",1,0.93220350721133682,0,108,107
fixed_test,7,4,apriori|2|09,"370407, ac370443",2,0.93220350721133682,-0.0042995593226895501,108,108
fixed_test,7,4,apriori|2|09,"370407, ac370443",3,0.93220350721133682,-0.0086243396581345833,108,108
fixed_test,7,4,apriori|2|09,"370407, ac370443",4,0.93220350721133682,-0.0042995593226895501,108,108
fixed_test,7,4,apriori|2|09,"370407, ac370443",5,0.93220350721133682,0.0004790685157929353,108,108
fixed_test,7,4,apriori|2|09,"370407, ac370443",6,0.93220350721133682,0,108,108
fixed_test,7,4,apriori|2|09,"370407, ac370443",7,0.93220350721133682,0,108,108
fixed_test,7,4,apriori|2|09,"370407, ac370443",8,0.93220350721133682,0,108,108
fixed_test,7,4,apriori|2|09,"370407, ac370443",9,0.93220350721133682,-0.0042995593226895501,108,108
fixed_test,7,4,apriori|2|10,"370712b, ac370000",0,0.93220350721133682,-0.0038388141798217923,114,110
fixed_test,7,4,apriori|2|10,"370712b, ac370000",1,0.93220350721133682,0.0090395323718217568,114,114
fixed_test,7,4,apriori|2|10,"370712b, ac370000",2,0.93220350721133682,0.0004790685157929353,114,114
fixed_test,7,4,apriori|2|10,"370712b, ac370000",3,0.93220350721133682,0.0047714311724496028,114,114
fixed_test,7,4,apriori|2|10,"370712b, ac370000",4,0.93220350721133682,-0.0086243396581345833,114,112
fixed_test,7,4,apriori|2|10,"370712b, ac370000",5,0.93220350721133682,-0.0081835201322122408,114,114
fixed_test,7,4,apriori|2|10,"370712b, ac370000",6,0.93220350721133682,-0.012975625409656244,114,113
fixed_test,7,4,apriori|2|10,"370712b, ac370000",7,0.93220350721133682,-0.0038388141798217923,114,114
fixed_test,7,4,apriori|2|10,"370712b, ac370000",8,0.93220350721133682,0.0004790685157929353,114,113
fixed_test,7,4,apriori|2|10,"370712b, ac370000",9,0.93220350721133682,0.0090395323718217568,114,112
fixed_test,7,4,apriori|3|01,"370407, ac370000, ac370419",0,0.93220350721133682,-0.0081835201322122408,113,113
fixed_test,7,4,apriori|3|01,"370407, ac370000, ac370419",1,0.93220350721133682,-0.016958852212765496,113,113
fixed_test,7,4,apriori|3|01,"370407, ac370000, ac370419",2,0.93220350721133682,-0.012975625409656244,113,113
fixed_test,7,4,apriori|3|01,"370407, ac370000, ac370419",3,0.93220350721133682,-0.0086243396581345833,113,113
fixed_test,7,4,apriori|3|01,"370407, ac370000, ac370419",4,0.93220350721133682,-0.0038388141798217923,113,113
fixed_test,7,4,apriori|3|01,"370407, ac370000, ac370419",5,0.93220350721133682,-0.0081835201322122408,113,113
fixed_test,7,4,apriori|3|01,"370407, ac370000, ac370419",6,0.93220350721133682,0.00098770643031864669,113,113
fixed_test,7,4,apriori|3|01,"370407, ac370000, ac370419",7,0.93220350721133682,-0.0086243396581345833,113,113
fixed_test,7,4,apriori|3|01,"370407, ac370000, ac370419",8,0.93220350721133682,-0.0086243396581345833,113,113
fixed_test,7,4,apriori|3|01,"370407, ac370000, ac370419",9,0.93220350721133682,-0.012556399563433684,113,113
fixed_test,7,4,apriori|3|02,"ac370000, ac370419, ac370443",0,0.93220350721133682,0.0004790685157929353,112,112
fixed_test,7,4,apriori|3|02,"ac370000, ac370419, ac370443",1,0.93220350721133682,-0.0086243396581345833,112,112
fixed_test,7,4,apriori|3|02,"ac370000, ac370419, ac370443",2,0.93220350721133682,-0.017354746694743128,112,112
fixed_test,7,4,apriori|3|02,"ac370000, ac370419, ac370443",3,0.93220350721133682,-0.0081835201322122408,112,112
fixed_test,7,4,apriori|3|02,"ac370000, ac370419, ac370443",4,0.93220350721133682,-0.0081835201322122408,112,112
fixed_test,7,4,apriori|3|02,"ac370000, ac370419, ac370443",5,0.93220350721133682,-0.0047334297256000912,112,112
fixed_test,7,4,apriori|3|02,"ac370000, ac370419, ac370443",6,0.93220350721133682,-0.013370549817828592,112,112
fixed_test,7,4,apriori|3|02,"ac370000, ac370419, ac370443",7,0.93220350721133682,-0.012975625409656244,112,112
fixed_test,7,4,apriori|3|02,"ac370000, ac370419, ac370443",8,0.93220350721133682,-0.0086243396581345833,112,112
fixed_test,7,4,apriori|3|02,"ac370000, ac370419, ac370443",9,0.93220350721133682,-0.012975625409656244,112,112
fixed_test,7,4,apriori|3|03,"ac370000, ac370442, ac370443",0,0.93220350721133682,-0.0086243396581345833,112,112
fixed_test,7,4,apriori|3|03,"ac370000, ac370442, ac370443",1,0.93220350721133682,-0.0042995593226895501,112,112
fixed_test,7,4,apriori|3|03,"ac370000, ac370442, ac370443",2,0.93220350721133682,0.0047714311724496028,112,111
fixed_test,7,4,apriori|3|03,"ac370000, ac370442, ac370443",3,0.93220350721133682,-0.0086243396581345833,112,112
fixed_test,7,4,apriori|3|03,"ac370000, ac370442, ac370443",4,0.93220350721133682,0.0004790685157929353,112,112
fixed_test,7,4,apriori|3|03,"ac370000, ac370442, ac370443",5,0.93220350721133682,-0.0042995593226895501,112,112
fixed_test,7,4,apriori|3|03,"ac370000, ac370442, ac370443",6,0.93220350721133682,-0.0086243396581345833,112,112
fixed_test,7,4,apriori|3|03,"ac370000, ac370442, ac370443",7,0.93220350721133682,-0.0042995593226895501,112,112
fixed_test,7,4,apriori|3|03,"ac370000, ac370442, ac370443",8,0.93220350721133682,-0.0090395323718218679,112,111
fixed_test,7,4,apriori|3|03,"ac370000, ac370442, ac370443",9,0.93220350721133682,-0.0081835201322122408,112,112
fixed_test,7,4,apriori|3|04,"ac370000, ac370419, ac370442",0,0.93220350721133682,0.0047714311724496028,112,112
fixed_test,7,4,apriori|3|04,"ac370000, ac370419, ac370442",1,0.93220350721133682,-0.0042995593226895501,112,112
fixed_test,7,4,apriori|3|04,"ac370000, ac370419, ac370442",2,0.93220350721133682,0,112,112
fixed_test,7,4,apriori|3|04,"ac370000, ac370419, ac370442",3,0.93220350721133682,-0.0086243396581345833,112,112
fixed_test,7,4,apriori|3|04,"ac370000, ac370419, ac370442",4,0.93220350721133682,-0.012975625409656244,112,112
fixed_test,7,4,apriori|3|04,"ac370000, ac370419, ac370442",5,0.93220350721133682,-0.0042995593226895501,112,112
fixed_test,7,4,apriori|3|04,"ac370000, ac370419, ac370442",6,0.93220350721133682,-0.021763081767638748,112,112
fixed_test,7,4,apriori|3|04,"ac370000, ac370419, ac370442",7,0.93220350721133682,-0.012556399563433684,112,112
fixed_test,7,4,apriori|3|04,"ac370000, ac370419, ac370442",8,0.93220350721133682,-0.012975625409656244,112,112
fixed_test,7,4,apriori|3|04,"ac370000, ac370419, ac370442",9,0.93220350721133682,-0.0081835201322122408,112,111
fixed_test,7,4,apriori|3|05,"ac370419, ac370442, ac370443",0,0.93220350721133682,-0.0038388141798217923,111,111
fixed_test,7,4,apriori|3|05,"ac370419, ac370442, ac370443",1,0.93220350721133682,-0.0086243396581345833,111,111
fixed_test,7,4,apriori|3|05,"ac370419, ac370442, ac370443",2,0.93220350721133682,-0.0086243396581345833,111,111
fixed_test,7,4,apriori|3|05,"ac370419, ac370442, ac370443",3,0.93220350721133682,-0.0042995593226895501,111,111
fixed_test,7,4,apriori|3|05,"ac370419, ac370442, ac370443",4,0.93220350721133682,0.0047714311724496028,111,111
fixed_test,7,4,apriori|3|05,"ac370419, ac370442, ac370443",5,0.93220350721133682,0.0042755792834089368,111,111
fixed_test,7,4,apriori|3|05,"ac370419, ac370442, ac370443",6,0.93220350721133682,-0.0042995593226895501,111,111
fixed_test,7,4,apriori|3|05,"ac370419, ac370442, ac370443",7,0.93220350721133682,0.0047714311724496028,111,111
fixed_test,7,4,apriori|3|05,"ac370419, ac370442, ac370443",8,0.93220350721133682,0,111,111
fixed_test,7,4,apriori|3|05,"ac370419, ac370442, ac370443",9,0.93220350721133682,-0.0042995593226895501,111,111
fixed_test,7,4,apriori|3|06,"370407, ac370000, ac370443",0,0.93220350721133682,-0.0038388141798217923,108,108
fixed_test,7,4,apriori|3|06,"370407, ac370000, ac370443",1,0.93220350721133682,-0.0081835201322122408,108,108
fixed_test,7,4,apriori|3|06,"370407, ac370000, ac370443",2,0.93220350721133682,0.0047714311724496028,108,108
fixed_test,7,4,apriori|3|06,"370407, ac370000, ac370443",3,0.93220350721133682,-0.017354746694743128,108,108
fixed_test,7,4,apriori|3|06,"370407, ac370000, ac370443",4,0.93220350721133682,-0.0033497173592288432,108,108
fixed_test,7,4,apriori|3|06,"370407, ac370000, ac370443",5,0.93220350721133682,-0.0081835201322122408,108,108
fixed_test,7,4,apriori|3|06,"370407, ac370000, ac370443",6,0.93220350721133682,-0.017354746694743128,108,108
fixed_test,7,4,apriori|3|06,"370407, ac370000, ac370443",7,0.93220350721133682,-0.0086243396581345833,108,108
fixed_test,7,4,apriori|3|06,"370407, ac370000, ac370443",8,0.93220350721133682,-0.012975625409656244,108,108
fixed_test,7,4,apriori|3|06,"370407, ac370000, ac370443",9,0.93220350721133682,-0.017354746694743128,108,107
fixed_test,7,4,apriori|3|07,"370407, ac370419, ac370443",0,0.93220350721133682,0.0042755792834089368,108,108
fixed_test,7,4,apriori|3|07,"370407, ac370419, ac370443",1,0.93220350721133682,-0.012975625409656244,108,108
fixed_test,7,4,apriori|3|07,"370407, ac370419, ac370443",2,0.93220350721133682,-0.0086243396581345833,108,108
fixed_test,7,4,apriori|3|07,"370407, ac370419, ac370443",3,0.93220350721133682,0,108,108
fixed_test,7,4,apriori|3|07,"370407, ac370419, ac370443",4,0.93220350721133682,0,108,108
fixed_test,7,4,apriori|3|07,"370407, ac370419, ac370443",5,0.93220350721133682,-0.0086243396581345833,108,108
fixed_test,7,4,apriori|3|07,"370407, ac370419, ac370443",6,0.93220350721133682,-0.013370549817828592,108,108
fixed_test,7,4,apriori|3|07,"370407, ac370419, ac370443",7,0.93220350721133682,-0.0042995593226895501,108,108
fixed_test,7,4,apriori|3|07,"370407, ac370419, ac370443",8,0.93220350721133682,-0.0042995593226895501,108,108
fixed_test,7,4,apriori|3|07,"370407, ac370419, ac370443",9,0.93220350721133682,0.0042755792834089368,108,108
fixed_test,7,4,apriori|3|08,"370407, ac370000, ac370442",0,0.93220350721133682,-0.0042995593226895501,108,107
fixed_test,7,4,apriori|3|08,"370407, ac370000, ac370442",1,0.93220350721133682,-0.0038388141798217923,108,108
fixed_test,7,4,apriori|3|08,"370407, ac370000, ac370442",2,0.93220350721133682,-0.0081835201322122408,108,108
fixed_test,7,4,apriori|3|08,"370407, ac370000, ac370442",3,0.93220350721133682,-0.026525973257274127,108,108
fixed_test,7,4,apriori|3|08,"370407, ac370000, ac370442",4,0.93220350721133682,-0.0086243396581345833,108,108
fixed_test,7,4,apriori|3|08,"370407, ac370000, ac370442",5,0.93220350721133682,0.0047714311724496028,108,108
fixed_test,7,4,apriori|3|08,"370407, ac370000, ac370442",6,0.93220350721133682,0.0004790685157929353,108,108
fixed_test,7,4,apriori|3|08,"370407, ac370000, ac370442",7,0.93220350721133682,-0.0038388141798217923,108,108
fixed_test,7,4,apriori|3|08,"370407, ac370000, ac370442",8,0.93220350721133682,-0.0081835201322122408,108,108
fixed_test,7,4,apriori|3|08,"370407, ac370000, ac370442",9,0.93220350721133682,-0.0042995593226895501,108,108
fixed_test,7,4,apriori|3|09,"370407, ac370419, ac370442",0,0.93220350721133682,-0.0086243396581345833,108,108
fixed_test,7,4,apriori|3|09,"370407, ac370419, ac370442",1,0.93220350721133682,-0.0042995593226895501,108,108
fixed_test,7,4,apriori|3|09,"370407, ac370419, ac370442",2,0.93220350721133682,-0.0042995593226895501,108,108
fixed_test,7,4,apriori|3|09,"370407, ac370419, ac370442",3,0.93220350721133682,-0.012975625409656244,108,108
fixed_test,7,4,apriori|3|09,"370407, ac370419, ac370442",4,0.93220350721133682,0,108,108
fixed_test,7,4,apriori|3|09,"370407, ac370419, ac370442",5,0.93220350721133682,0,108,108
fixed_test,7,4,apriori|3|09,"370407, ac370419, ac370442",6,0.93220350721133682,0.0042755792834089368,108,108
fixed_test,7,4,apriori|3|09,"370407, ac370419, ac370442",7,0.93220350721133682,-0.0042995593226895501,108,108
fixed_test,7,4,apriori|3|09,"370407, ac370419, ac370442",8,0.93220350721133682,-0.0042995593226895501,108,108
fixed_test,7,4,apriori|3|09,"370407, ac370419, ac370442",9,0.93220350721133682,0,108,108
fixed_test,7,4,apriori|3|10,"370407, ac370442, ac370443",0,0.93220350721133682,0,107,107
fixed_test,7,4,apriori|3|10,"370407, ac370442, ac370443",1,0.93220350721133682,-0.0042995593226895501,107,107
fixed_test,7,4,apriori|3|10,"370407, ac370442, ac370443",2,0.93220350721133682,0,107,107
fixed_test,7,4,apriori|3|10,"370407, ac370442, ac370443",3,0.93220350721133682,0,107,107
fixed_test,7,4,apriori|3|10,"370407, ac370442, ac370443",4,0.93220350721133682,0,107,107
fixed_test,7,4,apriori|3|10,"370407, ac370442, ac370443",5,0.93220350721133682,0.0042755792834089368,107,107
fixed_test,7,4,apriori|3|10,"370407, ac370442, ac370443",6,0.93220350721133682,0.0090395323718217568,107,107
fixed_test,7,4,apriori|3|10,"370407, ac370442, ac370443",7,0.93220350721133682,0,107,107
fixed_test,7,4,apriori|3|10,"370407, ac370442, ac370443",8,0.93220350721133682,0.0042755792834089368,107,107
fixed_test,7,4,apriori|3|10,"370407, ac370442, ac370443",9,0.93220350721133682,0.0047714311724496028,107,107
fixed_test,7,4,impressed|1|01,ac419100,0,0.93220350721133682,0,143,123
fixed_test,7,4,impressed|1|01,ac419100,1,0.93220350721133682,-0.0038388141798217923,143,115
fixed_test,7,4,impressed|1|01,ac419100,2,0.93220350721133682,-0.0038388141798217923,143,121
fixed_test,7,4,impressed|1|01,ac419100,3,0.93220350721133682,0,143,122
fixed_test,7,4,impressed|1|01,ac419100,4,0.93220350721133682,-0.0038388141798217923,143,120
fixed_test,7,4,impressed|1|01,ac419100,5,0.93220350721133682,-0.0042995593226895501,143,125
fixed_test,7,4,impressed|1|01,ac419100,6,0.93220350721133682,-0.0081835201322122408,143,124
fixed_test,7,4,impressed|1|01,ac419100,7,0.93220350721133682,0,143,120
fixed_test,7,4,impressed|1|01,ac419100,8,0.93220350721133682,-0.0086243396581345833,143,118
fixed_test,7,4,impressed|1|01,ac419100,9,0.93220350721133682,-0.012975625409656244,143,119
fixed_test,7,4,impressed|1|02,ac370000,0,0.93220350721133682,0.11953371933780355,148,147
fixed_test,7,4,impressed|1|02,ac370000,1,0.93220350721133682,0.12637690138473101,148,148
fixed_test,7,4,impressed|1|02,ac370000,2,0.93220350721133682,0.10144592985975398,148,147
fixed_test,7,4,impressed|1|02,ac370000,3,0.93220350721133682,0.14838612634045367,148,147
fixed_test,7,4,impressed|1|02,ac370000,4,0.93220350721133682,0.15510989185685187,148,146
fixed_test,7,4,impressed|1|02,ac370000,5,0.93220350721133682,0.16234230439314279,148,147
fixed_test,7,4,impressed|1|02,ac370000,6,0.93220350721133682,0.1837505645961014,148,148
fixed_test,7,4,impressed|1|02,ac370000,7,0.93220350721133682,0.13493990214285367,148,148
fixed_test,7,4,impressed|1|02,ac370000,8,0.93220350721133682,0.16254195376599967,148,145
fixed_test,7,4,impressed|1|02,ac370000,9,0.93220350721133682,0.21722758009523435,148,148
fixed_test,7,4,impressed|1|03,ac415100,0,0.93220350721133682,-0.0047334297256000912,41,35
fixed_test,7,4,impressed|1|03,ac415100,1,0.93220350721133682,0,41,38
fixed_test,7,4,impressed|1|03,ac415100,2,0.93220350721133682,0.0042755792834089368,41,34
fixed_test,7,4,impressed|1|03,ac415100,3,0.93220350721133682,0.0042755792834089368,41,38
fixed_test,7,4,impressed|1|03,ac415100,4,0.93220350721133682,-0.0090395323718218679,41,36
fixed_test,7,4,impressed|1|03,ac415100,5,0.93220350721133682,0,41,36
fixed_test,7,4,impressed|1|03,ac415100,6,0.93220350721133682,0.0042755792834089368,41,37
fixed_test,7,4,impressed|1|03,ac415100,7,0.93220350721133682,-0.0090395323718218679,41,38
fixed_test,7,4,impressed|1|03,ac415100,8,0.93220350721133682,0,41,36
fixed_test,7,4,impressed|1|03,ac415100,9,0.93220350721133682,0,41,35
fixed_test,7,4,impressed|1|04,ac10307,0,0.93220350721133682,0,22,20
fixed_test,7,4,impressed|1|04,ac10307,1,0.93220350721133682,0,22,19
fixed_test,7,4,impressed|1|04,ac10307,2,0.93220350721133682,-0.0042995593226895501,22,16
fixed_test,7,4,impressed|1|04,ac10307,3,0.93220350721133682,0,22,20
fixed_test,7,4,impressed|1|04,ac10307,4,0.93220350721133682,-0.0042995593226895501,22,18
fixed_test,7,4,impressed|1|04,ac10307,5,0.93220350721133682,-0.0042995593226895501,22,19
fixed_test,7,4,impressed|1|04,ac10307,6,0.93220350721133682,-0.0042995593226895501,22,16
fixed_test,7,4,impressed|1|04,ac10307,7,0.93220350721133682,0,22,20
fixed_test,7,4,impressed|1|04,ac10307,8,0.93220350721133682,0,22,17
fixed_test,7,4,impressed|1|04,ac10307,9,0.93220350721133682,0,22,16
fixed_test,7,4,impressed|1|05,ac355427,0,0.93220350721133682,0,8,7
fixed_test,7,4,impressed|1|05,ac355427,1,0.93220350721133682,0,8,7
fixed_test,7,4,impressed|1|05,ac355427,2,0.93220350721133682,0,8,6
fixed_test,7,4,impressed|1|05,ac355427,3,0.93220350721133682,0,8,5
fixed_test,7,4,impressed|1|05,ac355427,4,0.93220350721133682,0,8,6
fixed_test,7,4,impressed|1|05,ac355427,5,0.93220350721133682,0,8,7
fixed_test,7,4,impressed|1|05,ac355427,6,0.93220350721133682,0.0047714311724496028,8,6
fixed_test,7,4,impressed|1|05,ac355427,7,0.93220350721133682,0.0047714311724496028,8,6
fixed_test,7,4,impressed|1|05,ac355427,8,0.93220350721133682,0,8,6
fixed_test,7,4,impressed|1|05,ac355427,9,0.93220350721133682,0,8,6
fixed_test,7,4,impressed|1|06,ac388170,0,0.93220350721133682,0,1,1
fixed_test,7,4,impressed|1|06,ac388170,1,0.93220350721133682,0,1,1
fixed_test,7,4,impressed|1|06,ac388170,2,0.93220350721133682,0,1,1
fixed_test,7,4,impressed|1|06,ac388170,3,0.93220350721133682,0,1,1
fixed_test,7,4,impressed|1|06,ac388170,4,0.93220350721133682,0,1,1
fixed_test,7,4,impressed|1|06,ac388170,5,0.93220350721133682,0,1,0
fixed_test,7,4,impressed|1|06,ac388170,6,0.93220350721133682,0,1,1
fixed_test,7,4,impressed|1|06,ac388170,7,0.93220350721133682,0,1,1
fixed_test,7,4,impressed|1|06,ac388170,8,0.93220350721133682,0,1,1
fixed_test,7,4,impressed|1|06,ac388170,9,0.93220350721133682,0,1,1
fixed_test,7,4,impressed|1|07,387070a,0,0.93220350721133682,0,1,1
fixed_test,7,4,impressed|1|07,387070a,1,0.93220350721133682,0,1,1
fixed_test,7,4,impressed|1|07,387070a,2,0.93220350721133682,0,1,0
fixed_test,7,4,impressed|1|07,387070a,3,0.93220350721133682,0,1,1
fixed_test,7,4,impressed|1|07,387070a,4,0.93220350721133682,0,1,0
fixed_test,7,4,impressed|1|07,387070a,5,0.93220350721133682,0,1,0
fixed_test,7,4,impressed|1|07,387070a,6,0.93220350721133682,0,1,0
fixed_test,7,4,impressed|1|07,387070a,7,0.93220350721133682,0,1,1
fixed_test,7,4,impressed|1|07,387070a,8,0.93220350721133682,0,1,0
fixed_test,7,4,impressed|1|07,387070a,9,0.93220350721133682,0,1,1
fixed_test,7,4,impressed|1|08,ac370402,0,0.93220350721133682,-0.0042995593226895501,106,100
fixed_test,7,4,impressed|1|08,ac370402,1,0.93220350721133682,-0.0042995593226895501,106,100
fixed_test,7,4,impressed|1|08,ac370402,2,0.93220350721133682,-0.0086243396581345833,106,102
fixed_test,7,4,impressed|1|08,ac370402,3,0.93220350721133682,-0.0042995593226895501,106,100
fixed_test,7,4,impressed|1|08,ac370402,4,0.93220350721133682,-0.0086243396581345833,106,100
fixed_test,7,4,impressed|1|08,ac370402,5,0.93220350721133682,-0.0042995593226895501,106,102
fixed_test,7,4,impressed|1|08,ac370402,6,0.93220350721133682,-0.0042995593226895501,106,99
fixed_test,7,4,impressed|1|08,ac370402,7,0.93220350721133682,-0.0042995593226895501,106,104
fixed_test,7,4,impressed|1|08,ac370402,8,0.93220350721133682,-0.0042995593226895501,106,103
fixed_test,7,4,impressed|1|08,ac370402,9,0.93220350721133682,-0.0042995593226895501,106,102
fixed_test,7,4,impressed|1|09,370488g,0,0.93220350721133682,-0.0042995593226895501,112,105
fixed_test,7,4,impressed|1|09,370488g,1,0.93220350721133682,-0.0086243396581345833,112,109
fixed_test,7,4,impressed|1|09,370488g,2,0.93220350721133682,-0.0042995593226895501,112,103
fixed_test,7,4,impressed|1|09,370488g,3,0.93220350721133682,0,112,107
fixed_test,7,4,impressed|1|09,370488g,4,0.93220350721133682,-0.0042995593226895501,112,102
fixed_test,7,4,impressed|1|09,370488g,5,0.93220350721133682,0,112,106
fixed_test,7,4,impressed|1|09,370488g,6,0.93220350721133682,0,112,108
fixed_test,7,4,impressed|1|09,370488g,7,0.93220350721133682,-0.0042995593226895501,112,109
fixed_test,7,4,impressed|1|09,370488g,8,0.93220350721133682,0.0042755792834089368,112,106
fixed_test,7,4,impressed|1|09,370488g,9,0.93220350721133682,0.0042755792834089368,112,109
fixed_test,7,4,impressed|1|10,370488e,0,0.93220350721133682,0,114,108
fixed_test,7,4,impressed|1|10,370488e,1,0.93220350721133682,0.0042755792834089368,114,106
fixed_test,7,4,impressed|1|10,370488e,2,0.93220350721133682,-0.0042995593226895501,114,108
fixed_test,7,4,impressed|1|10,370488e,3,0.93220350721133682,0,114,113
fixed_test,7,4,impressed|1|10,370488e,4,0.93220350721133682,-0.0042995593226895501,114,107
fixed_test,7,4,impressed|1|10,370488e,5,0.93220350721133682,-0.0042995593226895501,114,108
fixed_test,7,4,impressed|1|10,370488e,6,0.93220350721133682,0.0042755792834089368,114,105
fixed_test,7,4,impressed|1|10,370488e,7,0.93220350721133682,0,114,112
fixed_test,7,4,impressed|1|10,370488e,8,0.93220350721133682,-0.0042995593226895501,114,109
fixed_test,7,4,impressed|1|10,370488e,9,0.93220350721133682,-0.0086243396581345833,114,109
fixed_test,7,4,impressed|2|01,"ac370000, ac370402",0,0.93220350721133682,0.0004790685157929353,106,106
fixed_test,7,4,impressed|2|01,"ac370000, ac370402",1,0.93220350721133682,0.0085283782264734542,106,105
fixed_test,7,4,impressed|2|01,"ac370000, ac370402",2,0.93220350721133682,0,106,104
fixed_test,7,4,impressed|2|01,"ac370000, ac370402",3,0.93220350721133682,0.0004790685157929353,106,105
fixed_test,7,4,impressed|2|01,"ac370000, ac370402",4,0.93220350721133682,-0.0038388141798217923,106,106
fixed_test,7,4,impressed|2|01,"ac370000, ac370402",5,0.93220350721133682,0.0047714311724496028,106,106
fixed_test,7,4,impressed|2|01,"ac370000, ac370402",6,0.93220350721133682,-0.0038388141798217923,106,105
fixed_test,7,4,impressed|2|01,"ac370000, ac370402",7,0.93220350721133682,0.0090395323718217568,106,105
fixed_test,7,4,impressed|2|01,"ac370000, ac370402",8,0.93220350721133682,0,106,106
fixed_test,7,4,impressed|2|01,"ac370000, ac370402",9,0.93220350721133682,0.0004790685157929353,106,105
fixed_test,7,4,impressed|2|02,"370401c, ac370000",0,0.93220350721133682,-0.012556399563433684,106,106
fixed_test,7,4,impressed|2|02,"370401c, ac370000",1,0.93220350721133682,0.0052979970500126594,106,105
fixed_test,7,4,impressed|2|02,"370401c, ac370000",2,0.93220350721133682,-0.0086243396581345833,106,106
fixed_test,7,4,impressed|2|02,"370401c, ac370000",3,0.93220350721133682,-0.017354746694743128,106,106
fixed_test,7,4,impressed|2|02,"370401c, ac370000",4,0.93220350721133682,-0.0038388141798217923,106,105
fixed_test,7,4,impressed|2|02,"370401c, ac370000",5,0.93220350721133682,0.0090395323718217568,106,105
fixed_test,7,4,impressed|2|02,"370401c, ac370000",6,0.93220350721133682,-0.0081835201322122408,106,105
fixed_test,7,4,impressed|2|02,"370401c, ac370000",7,0.93220350721133682,-0.0081835201322122408,106,106
fixed_test,7,4,impressed|2|02,"370401c, ac370000",8,0.93220350721133682,0.0004790685157929353,106,106
fixed_test,7,4,impressed|2|02,"370401c, ac370000",9,0.93220350721133682,-0.012975625409656244,106,105
fixed_test,7,4,impressed|2|03,"ac370000, ac370403",0,0.93220350721133682,-0.0038388141798217923,112,112
fixed_test,7,4,impressed|2|03,"ac370000, ac370403",1,0.93220350721133682,0.0047714311724496028,112,110
fixed_test,7,4,impressed|2|03,"ac370000, ac370403",2,0.93220350721133682,0.0090395323718217568,112,112
fixed_test,7,4,impressed|2|03,"ac370000, ac370403",3,0.93220350721133682,-0.0038388141798217923,112,112
fixed_test,7,4,impressed|2|03,"ac370000, ac370403",4,0.93220350721133682,0,112,112
fixed_test,7,4,impressed|2|03,"ac370000, ac370403",5,0.93220350721133682,0.0004790685157929353,112,111
fixed_test,7,4,impressed|2|03,"ac370000, ac370403",6,0.93220350721133682,-0.0042995593226895501,112,111
fixed_test,7,4,impressed|2|03,"ac370000, ac370403",7,0.93220350721133682,-0.0086243396581345833,112,112
fixed_test,7,4,impressed|2|03,"ac370000, ac370403",8,0.93220350721133682,0.0047714311724496028,112,112
fixed_test,7,4,impressed|2|03,"ac370000, ac370403",9,0.93220350721133682,0.0047714311724496028,112,111
fixed_test,7,4,impressed|2|04,"ac411100, ac419100",0,0.93220350721133682,0.0047714311724496028,79,76
fixed_test,7,4,impressed|2|04,"ac411100, ac419100",1,0.93220350721133682,0.0047714311724496028,79,71
fixed_test,7,4,impressed|2|04,"ac411100, ac419100",2,0.93220350721133682,0.0047714311724496028,79,72
fixed_test,7,4,impressed|2|04,"ac411100, ac419100",3,0.93220350721133682,0.0004790685157929353,79,76
fixed_test,7,4,impressed|2|04,"ac411100, ac419100",4,0.93220350721133682,0.0090395323718217568,79,76
fixed_test,7,4,impressed|2|04,"ac411100, ac419100",5,0.93220350721133682,0.0090395323718217568,79,74
fixed_test,7,4,impressed|2|04,"ac411100, ac419100",6,0.93220350721133682,0.0004790685157929353,79,75
fixed_test,7,4,impressed|2|04,"ac411100, ac419100",7,0.93220350721133682,0.0047714311724496028,79,75
fixed_test,7,4,impressed|2|04,"ac411100, ac419100",8,0.93220350721133682,0.0090395323718217568,79,76
fixed_test,7,4,impressed|2|04,"ac411100, ac419100",9,0.93220350721133682,0.013284588292417854,79,72
fixed_test,7,4,impressed|2|05,"ac411100, ac415100",0,0.93220350721133682,-0.00045101836354266567,34,34
fixed_test,7,4,impressed|2|05,"ac411100, ac415100",1,0.93220350721133682,0,34,33
fixed_test,7,4,impressed|2|05,"ac411100, ac415100",2,0.93220350721133682,-0.0042995593226895501,34,33
fixed_test,7,4,impressed|2|05,"ac411100, ac415100",3,0.93220350721133682,-0.0042995593226895501,34,31
fixed_test,7,4,impressed|2|05,"ac411100, ac415100",4,0.93220350721133682,0,34,33
fixed_test,7,4,impressed|2|05,"ac411100, ac415100",5,0.93220350721133682,0,34,32
fixed_test,7,4,impressed|2|05,"ac411100, ac415100",6,0.93220350721133682,0,34,30
fixed_test,7,4,impressed|2|05,"ac411100, ac415100",7,0.93220350721133682,-0.0042995593226895501,34,32
fixed_test,7,4,impressed|2|05,"ac411100, ac415100",8,0.93220350721133682,0.0042755792834089368,34,33
fixed_test,7,4,impressed|2|05,"ac411100, ac415100",9,0.93220350721133682,-0.0042995593226895501,34,32
fixed_test,7,4,impressed|2|06,"ac415100, ac419100",0,0.93220350721133682,-0.0042995593226895501,40,38
fixed_test,7,4,impressed|2|06,"ac415100, ac419100",1,0.93220350721133682,0,40,37
fixed_test,7,4,impressed|2|06,"ac415100, ac419100",2,0.93220350721133682,0,40,37
fixed_test,7,4,impressed|2|06,"ac415100, ac419100",3,0.93220350721133682,-0.0042995593226895501,40,37
fixed_test,7,4,impressed|2|06,"ac415100, ac419100",4,0.93220350721133682,0,40,35
fixed_test,7,4,impressed|2|06,"ac415100, ac419100",5,0.93220350721133682,-0.0042995593226895501,40,37
fixed_test,7,4,impressed|2|06,"ac415100, ac419100",6,0.93220350721133682,0,40,37
fixed_test,7,4,impressed|2|06,"ac415100, ac419100",7,0.93220350721133682,-0.0042995593226895501,40,37
fixed_test,7,4,impressed|2|06,"ac415100, ac419100",8,0.93220350721133682,0,40,35
fixed_test,7,4,impressed|2|06,"ac415100, ac419100",9,0.93220350721133682,-0.0042995593226895501,40,37
fixed_test,7,4,impressed|2|07,"ac10307, ac411100",0,0.93220350721133682,-0.0042995593226895501,20,20
fixed_test,7,4,impressed|2|07,"ac10307, ac411100",1,0.93220350721133682,0,20,19
fixed_test,7,4,impressed|2|07,"ac10307, ac411100",2,0.93220350721133682,-0.0042995593226895501,20,18
fixed_test,7,4,impressed|2|07,"ac10307, ac411100",3,0.93220350721133682,-0.0042995593226895501,20,19
fixed_test,7,4,impressed|2|07,"ac10307, ac411100",4,0.93220350721133682,-0.0042995593226895501,20,19
fixed_test,7,4,impressed|2|07,"ac10307, ac411100",5,0.93220350721133682,-0.0042995593226895501,20,20
fixed_test,7,4,impressed|2|07,"ac10307, ac411100",6,0.93220350721133682,0,20,19
fixed_test,7,4,impressed|2|07,"ac10307, ac411100",7,0.93220350721133682,0,20,19
fixed_test,7,4,impressed|2|07,"ac10307, ac411100",8,0.93220350721133682,0,20,18
fixed_test,7,4,impressed|2|07,"ac10307, ac411100",9,0.93220350721133682,-0.0042995593226895501,20,20
fixed_test,7,4,impressed|2|08,"ac10307, ac419100",0,0.93220350721133682,-0.0042995593226895501,20,20
fixed_test,7,4,impressed|2|08,"ac10307, ac419100",1,0.93220350721133682,0,20,20
fixed_test,7,4,impressed|2|08,"ac10307, ac419100",2,0.93220350721133682,-0.0042995593226895501,20,19
fixed_test,7,4,impressed|2|08,"ac10307, ac419100",3,0.93220350721133682,0,20,20
fixed_test,7,4,impressed|2|08,"ac10307, ac419100",4,0.93220350721133682,-0.0042995593226895501,20,20
fixed_test,7,4,impressed|2|08,"ac10307, ac419100",5,0.93220350721133682,-0.0042995593226895501,20,19
fixed_test,7,4,impressed|2|08,"ac10307, ac419100",6,0.93220350721133682,-0.0042995593226895501,20,19
fixed_test,7,4,impressed|2|08,"ac10307, ac419100",7,0.93220350721133682,-0.0042995593226895501,20,20
fixed_test,7,4,impressed|2|08,"ac10307, ac419100",8,0.93220350721133682,-0.0042995593226895501,20,19
fixed_test,7,4,impressed|2|08,"ac10307, ac419100",9,0.93220350721133682,-0.0042995593226895501,20,19
fixed_test,7,4,impressed|2|09,"ac10307, ac415100",0,0.93220350721133682,-0.0042995593226895501,9,9
fixed_test,7,4,impressed|2|09,"ac10307, ac415100",1,0.93220350721133682,0,9,9
fixed_test,7,4,impressed|2|09,"ac10307, ac415100",2,0.93220350721133682,-0.0042995593226895501,9,9
fixed_test,7,4,impressed|2|09,"ac10307, ac415100",3,0.93220350721133682,0,9,9
fixed_test,7,4,impressed|2|09,"ac10307, ac415100",4,0.93220350721133682,0,9,9
fixed_test,7,4,impressed|2|09,"ac10307, ac415100",5,0.93220350721133682,0,9,9
fixed_test,7,4,impressed|2|09,"ac10307, ac415100",6,0.93220350721133682,-0.0042995593226895501,9,9
fixed_test,7,4,impressed|2|09,"ac10307, ac415100",7,0.93220350721133682,-0.0042995593226895501,9,8
fixed_test,7,4,impressed|2|09,"ac10307, ac415100",8,0.93220350721133682,-0.0042995593226895501,9,9
fixed_test,7,4,impressed|2|09,"ac10307, ac415100",9,0.93220350721133682,0,9,9
fixed_test,7,4,impressed|2|10,"ac355201, ac415100",0,0.93220350721133682,0,9,9
fixed_test,7,4,impressed|2|10,"ac355201, ac415100",1,0.93220350721133682,0,9,9
fixed_test,7,4,impressed|2|10,"ac355201, ac415100",2,0.93220350721133682,0,9,9
fixed_test,7,4,impressed|2|10,"ac355201, ac415100",3,0.93220350721133682,0.0042755792834089368,9,9
fixed_test,7,4,impressed|2|10,"ac355201, ac415100",4,0.93220350721133682,0,9,8
fixed_test,7,4,impressed|2|10,"ac355201, ac415100",5,0.93220350721133682,0,9,8
fixed_test,7,4,impressed|2|10,"ac355201, ac415100",6,0.93220350721133682,0,9,9
fixed_test,7,4,impressed|2|10,"ac355201, ac415100",7,0.93220350721133682,0,9,9
fixed_test,7,4,impressed|2|10,"ac355201, ac415100",8,0.93220350721133682,0,9,8
fixed_test,7,4,impressed|2|10,"ac355201, ac415100",9,0.93220350721133682,0,9,9
fixed_test,7,4,impressed|3|01,"ac411100, ac415100, ac419100",0,0.93220350721133682,0.0042755792834089368,34,34
fixed_test,7,4,impressed|3|01,"ac411100, ac415100, ac419100",1,0.93220350721133682,-0.0090395323718218679,34,32
fixed_test,7,4,impressed|3|01,"ac411100, ac415100, ac419100",2,0.93220350721133682,0.0042755792834089368,34,33
fixed_test,7,4,impressed|3|01,"ac411100, ac415100, ac419100",3,0.93220350721133682,0,34,33
fixed_test,7,4,impressed|3|01,"ac411100, ac415100, ac419100",4,0.93220350721133682,-0.0042995593226895501,34,32
fixed_test,7,4,impressed|3|01,"ac411100, ac415100, ac419100",5,0.93220350721133682,-0.0042995593226895501,34,33
fixed_test,7,4,impressed|3|01,"ac411100, ac415100, ac419100",6,0.93220350721133682,0.0042755792834089368,34,31
fixed_test,7,4,impressed|3|01,"ac411100, ac415100, ac419100",7,0.93220350721133682,-0.0042995593226895501,34,32
fixed_test,7,4,impressed|3|01,"ac411100, ac415100, ac419100",8,0.93220350721133682,-0.0042995593226895501,34,32
fixed_test,7,4,impressed|3|01,"ac411100, ac415100, ac419100",9,0.93220350721133682,0,34,31
fixed_test,7,4,impressed|3|02,"ac10307, ac411100, ac419100",0,0.93220350721133682,-0.0042995593226895501,19,18
fixed_test,7,4,impressed|3|02,"ac10307, ac411100, ac419100",1,0.93220350721133682,0,19,18
fixed_test,7,4,impressed|3|02,"ac10307, ac411100, ac419100",2,0.93220350721133682,0,19,18
fixed_test,7,4,impressed|3|02,"ac10307, ac411100, ac419100",3,0.93220350721133682,0,19,19
fixed_test,7,4,impressed|3|02,"ac10307, ac411100, ac419100",4,0.93220350721133682,-0.0042995593226895501,19,18
fixed_test,7,4,impressed|3|02,"ac10307, ac411100, ac419100",5,0.93220350721133682,0,19,19
fixed_test,7,4,impressed|3|02,"ac10307, ac411100, ac419100",6,0.93220350721133682,-0.0042995593226895501,19,19
fixed_test,7,4,impressed|3|02,"ac10307, ac411100, ac419100",7,0.93220350721133682,-0.0042995593226895501,19,19
fixed_test,7,4,impressed|3|02,"ac10307, ac411100, ac419100",8,0.93220350721133682,-0.0042995593226895501,19,19
fixed_test,7,4,impressed|3|02,"ac10307, ac411100, ac419100",9,0.93220350721133682,-0.0042995593226895501,19,19
fixed_test,7,4,impressed|3|03,"ac370000, ac411100, ac415100",0,0.93220350721133682,-0.0042995593226895501,20,20
fixed_test,7,4,impressed|3|03,"ac370000, ac411100, ac415100",1,0.93220350721133682,-0.0042995593226895501,20,19
fixed_test,7,4,impressed|3|03,"ac370000, ac411100, ac415100",2,0.93220350721133682,-0.0086243396581345833,20,20
fixed_test,7,4,impressed|3|03,"ac370000, ac411100, ac415100",3,0.93220350721133682,-0.0086243396581345833,20,19
fixed_test,7,4,impressed|3|03,"ac370000, ac411100, ac415100",4,0.93220350721133682,-0.0086243396581345833,20,20
fixed_test,7,4,impressed|3|03,"ac370000, ac411100, ac415100",5,0.93220350721133682,-0.0086243396581345833,20,20
fixed_test,7,4,impressed|3|03,"ac370000, ac411100, ac415100",6,0.93220350721133682,-0.0086243396581345833,20,20
fixed_test,7,4,impressed|3|03,"ac370000, ac411100, ac415100",7,0.93220350721133682,-0.0042995593226895501,20,20
fixed_test,7,4,impressed|3|03,"ac370000, ac411100, ac415100",8,0.93220350721133682,-0.0090395323718218679,20,20
fixed_test,7,4,impressed|3|03,"ac370000, ac411100, ac415100",9,0.93220350721133682,-0.0086243396581345833,20,20
fixed_test,7,4,impressed|3|04,"ac355201, ac415100, ac419100",0,0.93220350721133682,0,9,9
fixed_test,7,4,impressed|3|04,"ac355201, ac415100, ac419100",1,0.93220350721133682,0,9,8
fixed_test,7,4,impressed|3|04,"ac355201, ac415100, ac419100",2,0.93220350721133682,0,9,8
fixed_test,7,4,impressed|3|04,"ac355201, ac415100, ac419100",3,0.93220350721133682,0,9,9
fixed_test,7,4,impressed|3|04,"ac355201, ac415100, ac419100",4,0.93220350721133682,0,9,8
fixed_test,7,4,impressed|3|04,"ac355201, ac415100, ac419100",5,0.93220350721133682,0.0042755792834089368,9,8
fixed_test,7,4,impressed|3|04,"ac355201, ac415100, ac419100",6,0.93220350721133682,0,9,8
fixed_test,7,4,impressed|3|04,"ac355201, ac415100, ac419100",7,0.93220350721133682,0,9,8
fixed_test,7,4,impressed|3|04,"ac355201, ac415100, ac419100",8,0.93220350721133682,0,9,9
fixed_test,7,4,impressed|3|04,"ac355201, ac415100, ac419100",9,0.93220350721133682,0,9,9
fixed_test,7,4,impressed|3|05,"ac355201, ac411100, ac419100",0,0.93220350721133682,0,10,10
fixed_test,7,4,impressed|3|05,"ac355201, ac411100, ac419100",1,0.93220350721133682,0,10,10
fixed_test,7,4,impressed|3|05,"ac355201, ac411100, ac419100",2,0.93220350721133682,0,10,10
fixed_test,7,4,impressed|3|05,"ac355201, ac411100, ac419100",3,0.93220350721133682,0,10,10
fixed_test,7,4,impressed|3|05,"ac355201, ac411100, ac419100",4,0.93220350721133682,0,10,10
fixed_test,7,4,impressed|3|05,"ac355201, ac411100, ac419100",5,0.93220350721133682,0,10,10
fixed_test,7,4,impressed|3|05,"ac355201, ac411100, ac419100",6,0.93220350721133682,0,10,10
fixed_test,7,4,impressed|3|05,"ac355201, ac411100, ac419100",7,0.93220350721133682,0,10,9
fixed_test,7,4,impressed|3|05,"ac355201, ac411100, ac419100",8,0.93220350721133682,0,10,10
fixed_test,7,4,impressed|3|05,"ac355201, ac411100, ac419100",9,0.93220350721133682,0,10,9
fixed_test,7,4,impressed|3|06,"ac355427, ac415100, ac419100",0,0.93220350721133682,0,4,4
fixed_test,7,4,impressed|3|06,"ac355427, ac415100, ac419100",1,0.93220350721133682,0,4,4
fixed_test,7,4,impressed|3|06,"ac355427, ac415100, ac419100",2,0.93220350721133682,0,4,4
fixed_test,7,4,impressed|3|06,"ac355427, ac415100, ac419100",3,0.93220350721133682,0,4,4
fixed_test,7,4,impressed|3|06,"ac355427, ac415100, ac419100",4,0.93220350721133682,0,4,3
fixed_test,7,4,impressed|3|06,"ac355427, ac415100, ac419100",5,0.93220350721133682,0,4,4
fixed_test,7,4,impressed|3|06,"ac355427, ac415100, ac419100",6,0.93220350721133682,0,4,4
fixed_test,7,4,impressed|3|06,"ac355427, ac415100, ac419100",7,0.93220350721133682,0,4,4
fixed_test,7,4,impressed|3|06,"ac355427, ac415100, ac419100",8,0.93220350721133682,0,4,4
fixed_test,7,4,impressed|3|06,"ac355427, ac415100, ac419100",9,0.93220350721133682,0,4,4
fixed_test,7,4,impressed|3|07,"370407, ac10307, ac370000",0,0.93220350721133682,-0.0042995593226895501,5,5
fixed_test,7,4,impressed|3|07,"370407, ac10307, ac370000",1,0.93220350721133682,-0.0042995593226895501,5,5
fixed_test,7,4,impressed|3|07,"370407, ac10307, ac370000",2,0.93220350721133682,-0.0042995593226895501,5,5
fixed_test,7,4,impressed|3|07,"370407, ac10307, ac370000",3,0.93220350721133682,-0.0042995593226895501,5,5
fixed_test,7,4,impressed|3|07,"370407, ac10307, ac370000",4,0.93220350721133682,-0.0042995593226895501,5,5
fixed_test,7,4,impressed|3|07,"370407, ac10307, ac370000",5,0.93220350721133682,-0.0042995593226895501,5,5
fixed_test,7,4,impressed|3|07,"370407, ac10307, ac370000",6,0.93220350721133682,-0.0042995593226895501,5,5
fixed_test,7,4,impressed|3|07,"370407, ac10307, ac370000",7,0.93220350721133682,-0.0042995593226895501,5,5
fixed_test,7,4,impressed|3|07,"370407, ac10307, ac370000",8,0.93220350721133682,-0.0042995593226895501,5,5
fixed_test,7,4,impressed|3|07,"370407, ac10307, ac370000",9,0.93220350721133682,-0.0042995593226895501,5,5
fixed_test,7,4,impressed|3|08,"376400, ac370000, ac411100",0,0.93220350721133682,0,9,9
fixed_test,7,4,impressed|3|08,"376400, ac370000, ac411100",1,0.93220350721133682,0.0042755792834089368,9,9
fixed_test,7,4,impressed|3|08,"376400, ac370000, ac411100",2,0.93220350721133682,0,9,9
fixed_test,7,4,impressed|3|08,"376400, ac370000, ac411100",3,0.93220350721133682,-0.0042995593226895501,9,9
fixed_test,7,4,impressed|3|08,"376400, ac370000, ac411100",4,0.93220350721133682,0,9,9
fixed_test,7,4,impressed|3|08,"376400, ac370000, ac411100",5,0.93220350721133682,0.0042755792834089368,9,9
fixed_test,7,4,impressed|3|08,"376400, ac370000, ac411100",6,0.93220350721133682,0,9,9
fixed_test,7,4,impressed|3|08,"376400, ac370000, ac411100",7,0.93220350721133682,0,9,9
fixed_test,7,4,impressed|3|08,"376400, ac370000, ac411100",8,0.93220350721133682,0.0042755792834089368,9,9
fixed_test,7,4,impressed|3|08,"376400, ac370000, ac411100",9,0.93220350721133682,0.0042755792834089368,9,9
fixed_test,7,4,impressed|3|09,"ac410500, ac411100, ac415100",0,0.93220350721133682,0,0,0
fixed_test,7,4,impressed|3|09,"ac410500, ac411100, ac415100",1,0.93220350721133682,0,0,0
fixed_test,7,4,impressed|3|09,"ac410500, ac411100, ac415100",2,0.93220350721133682,0,0,0
fixed_test,7,4,impressed|3|09,"ac410500, ac411100, ac415100",3,0.93220350721133682,0,0,0
fixed_test,7,4,impressed|3|09,"ac410500, ac411100, ac415100",4,0.93220350721133682,0,0,0
fixed_test,7,4,impressed|3|09,"ac410500, ac411100, ac415100",5,0.93220350721133682,0,0,0
fixed_test,7,4,impressed|3|09,"ac410500, ac411100, ac415100",6,0.93220350721133682,0,0,0
fixed_test,7,4,impressed|3|09,"ac410500, ac411100, ac415100",7,0.93220350721133682,0,0,0
fixed_test,7,4,impressed|3|09,"ac410500, ac411100, ac415100",8,0.93220350721133682,0,0,0
fixed_test,7,4,impressed|3|09,"ac410500, ac411100, ac415100",9,0.93220350721133682,0,0,0
fixed_test,7,4,impressed|3|10,"ac379999, ac415100, ac419100",0,0.93220350721133682,-0.0042995593226895501,25,25
fixed_test,7,4,impressed|3|10,"ac379999, ac415100, ac419100",1,0.93220350721133682,0.0042755792834089368,25,25
fixed_test,7,4,impressed|3|10,"ac379999, ac415100, ac419100",2,0.93220350721133682,-0.0042995593226895501,25,25
fixed_test,7,4,impressed|3|10,"ac379999, ac415100, ac419100",3,0.93220350721133682,0,25,25
fixed_test,7,4,impressed|3|10,"ac379999, ac415100, ac419100",4,0.93220350721133682,0,25,25
fixed_test,7,4,impressed|3|10,"ac379999, ac415100, ac419100",5,0.93220350721133682,-0.0042995593226895501,25,25
fixed_test,7,4,impressed|3|10,"ac379999, ac415100, ac419100",6,0.93220350721133682,-0.0042995593226895501,25,25
fixed_test,7,4,impressed|3|10,"ac379999, ac415100, ac419100",7,0.93220350721133682,-0.0047334297256000912,25,25
fixed_test,7,4,impressed|3|10,"ac379999, ac415100, ac419100",8,0.93220350721133682,0,25,25
fixed_test,7,4,impressed|3|10,"ac379999, ac415100, ac419100",9,0.93220350721133682,-0.0042995593226895501,25,25
fixed_train,7,4,apriori|1|01,ac419100,0,0.99093870177859422,0.026545827926716226,613,506
fixed_train,7,4,apriori|1|01,ac419100,1,0.99093870177859422,0.02765860158703648,613,502
fixed_train,7,4,apriori|1|01,ac419100,2,0.99093870177859422,0.035312238016494524,613,513
fixed_train,7,4,apriori|1|01,ac419100,3,0.99093870177859422,0.026545827926716226,613,496
fixed_train,7,4,apriori|1|01,ac419100,4,0.99093870177859422,0.024120100796377497,613,490
fixed_train,7,4,apriori|1|01,ac419100,5,0.99093870177859422,0.023006584522968665,613,507
fixed_train,7,4,apriori|1|01,ac419100,6,0.99093870177859422,0.02627515434532024,613,494
fixed_train,7,4,apriori|1|01,ac419100,7,0.99093870177859422,0.033273590180593504,613,510
fixed_train,7,4,apriori|1|01,ac419100,8,0.99093870177859422,0.021658842250986687,613,508
fixed_train,7,4,apriori|1|01,ac419100,9,0.99093870177859422,0.023006584522968665,613,489
fixed_train,7,4,apriori|1|02,ac370000,0,0.99093870177859422,0.2121765434512628,554,552
fixed_train,7,4,apriori|1|02,ac370000,1,0.99093870177859422,0.18010745414322216,554,549
fixed_train,7,4,apriori|1|02,ac370000,2,0.99093870177859422,0.19208960657321306,554,552
fixed_train,7,4,apriori|1|02,ac370000,3,0.99093870177859422,0.20593252181010235,554,551
fixed_train,7,4,apriori|1|02,ac370000,4,0.99093870177859422,0.1907617179323412,554,549
fixed_train,7,4,apriori|1|02,ac370000,5,0.99093870177859422,0.19627767253723405,554,550
fixed_train,7,4,apriori|1|02,ac370000,6,0.99093870177859422,0.21035143830237435,554,548
fixed_train,7,4,apriori|1|02,ac370000,7,0.99093870177859422,0.20685484675009247,554,551
fixed_train,7,4,apriori|1|02,ac370000,8,0.99093870177859422,0.18923342969066337,554,551
fixed_train,7,4,apriori|1|02,ac370000,9,0.99093870177859422,0.20138445361357171,554,552
fixed_train,7,4,apriori|1|03,370407,0,0.99093870177859422,0.01478864609386743,467,447
fixed_train,7,4,apriori|1|03,370407,1,0.99093870177859422,0.011400083493245394,467,439
fixed_train,7,4,apriori|1|03,370407,2,0.99093870177859422,0.019489197255852297,467,446
fixed_train,7,4,apriori|1|03,370407,3,0.99093870177859422,0.015992969305748339,467,449
fixed_train,7,4,apriori|1|03,370407,4,0.99093870177859422,0.018373076718011361,467,444
fixed_train,7,4,apriori|1|03,370407,5,0.99093870177859422,0.017205157617671829,467,453
fixed_train,7,4,apriori|1|03,370407,6,0.99093870177859422,0.014876298678634381,467,444
fixed_train,7,4,apriori|1|03,370407,7,0.99093870177859422,0.017254983758215436,467,444
fixed_train,7,4,apriori|1|03,370407,8,0.99093870177859422,0.016086878806393368,467,449
fixed_train,7,4,apriori|1|03,370407,9,0.99093870177859422,0.020659274629629576,467,446
fixed_train,7,4,apriori|1|04,ac370419,0,0.99093870177859422,0.011400083493245394,453,432
fixed_train,7,4,apriori|1|04,ac370419,1,0.99093870177859422,0.019435840945308702,453,432
fixed_train,7,4,apriori|1|04,ac370419,2,0.99093870177859422,0.012556578407314944,453,433
fixed_train,7,4,apriori|1|04,ac370419,3,0.99093870177859422,0.014832144368232769,453,433
fixed_train,7,4,apriori|1|04,ac370419,4,0.99093870177859422,0.011475778515533608,453,433
fixed_train,7,4,apriori|1|04,ac370419,5,0.99093870177859422,0.012517222825746188,453,433
fixed_train,7,4,apriori|1|04,ac370419,6,0.99093870177859422,0.015992969305748339,453,428
fixed_train,7,4,apriori|1|04,ac370419,7,0.99093870177859422,0.013844332310290253,453,426
fixed_train,7,4,apriori|1|04,ac370419,8,0.99093870177859422,0.0091599872528881354,453,427
fixed_train,7,4,apriori|1|04,ac370419,9,0.99093870177859422,0.010245799557624946,453,437
fixed_train,7,4,apriori|1|05,ac370443,0,0.99093870177859422,0.007974376289503593,444,420
fixed_train,7,4,apriori|1|05,ac370443,1,0.99093870177859422,0.0068243274074845095,444,423
fixed_train,7,4,apriori|1|05,ac370443,2,0.99093870177859422,0.0080369852786228435,444,428
fixed_train,7,4,apriori|1|05,ac370443,3,0.99093870177859422,0.0068823265686013269,444,420
fixed_train,7,4,apriori|1|05,ac370443,4,0.99093870177859422,0.0068823265686013269,444,426
fixed_train,7,4,apriori|1|05,ac370443,5,0.99093870177859422,0.010281012446396898,444,424
fixed_train,7,4,apriori|1|05,ac370443,6,0.99093870177859422,0.0057029530213823509,444,424
fixed_train,7,4,apriori|1|05,ac370443,7,0.99093870177859422,0.007974376289503593,444,416
fixed_train,7,4,apriori|1|05,ac370443,8,0.99093870177859422,0.0079437684249430429,444,414
fixed_train,7,4,apriori|1|05,ac370443,9,0.99093870177859422,0.004554952317643135,444,425
fixed_train,7,4,apriori|1|06,ac370442,0,0.99093870177859422,0.00340908398591655,438,417
fixed_train,7,4,apriori|1|06,ac370442,1,0.99093870177859422,0.010245799557624946,438,418
fixed_train,7,4,apriori|1|06,ac370442,2,0.99093870177859422,0.009093702497325884,438,411
fixed_train,7,4,apriori|1|06,ac370442,3,0.99093870177859422,0.00340908398591655,438,418
fixed_train,7,4,apriori|1|06,ac370442,4,0.99093870177859422,0.0068243274074845095,438,416
fixed_train,7,4,apriori|1|06,ac370442,5,0.99093870177859422,0.0057298805245610263,438,415
fixed_train,7,4,apriori|1|06,ac370442,6,0.99093870177859422,0.0067959736660544445,438,426
fixed_train,7,4,apriori|1|06,ac370442,7,0.99093870177859422,0.0057029530213823509,438,408
fixed_train,7,4,apriori|1|06,ac370442,8,0.99093870177859422,0.0068243274074845095,438,419
fixed_train,7,4,apriori|1|06,ac370442,9,0.99093870177859422,0.0079437684249430429,438,420
fixed_train,7,4,apriori|1|07,370712b,0,0.99093870177859422,0.008005446485478962,429,415
fixed_train,7,4,apriori|1|07,370712b,1,0.99093870177859422,0.0057029530213823509,429,407
fixed_train,7,4,apriori|1|07,370712b,2,0.99093870177859422,0.0045796229216950035,429,408
fixed_train,7,4,apriori|1|07,370712b,3,0.99093870177859422,0.010316756411960171,429,414
fixed_train,7,4,apriori|1|07,370712b,4,0.99093870177859422,0.0057029530213823509,429,402
fixed_train,7,4,apriori|1|07,370712b,5,0.99093870177859422,0.0068243274074845095,429,402
fixed_train,7,4,apriori|1|07,370712b,6,0.99093870177859422,0.0091599872528881354,429,414
fixed_train,7,4,apriori|1|07,370712b,7,0.99093870177859422,0.0068531097788785411,429,411
fixed_train,7,4,apriori|1|07,370712b,8,0.99093870177859422,0.0034315297532612199,429,407
fixed_train,7,4,apriori|1|07,370712b,9,0.99093870177859422,0.010245799557624946,429,412
fixed_train,7,4,apriori|1|08,370715a,0,0.99093870177859422,0.0034315297532612199,425,403
fixed_train,7,4,apriori|1|08,370715a,1,0.99093870177859422,0.0022855772278016495,425,407
fixed_train,7,4,apriori|1|08,370715a,2,0.99093870177859422,0.0080369852786228435,425,405
fixed_train,7,4,apriori|1|08,370715a,3,0.99093870177859422,0.0091599872528881354,425,401
fixed_train,7,4,apriori|1|08,370715a,4,0.99093870177859422,0.0057298805245610263,425,393
fixed_train,7,4,apriori|1|08,370715a,5,0.99093870177859422,0.0068823265686013269,425,407
fixed_train,7,4,apriori|1|08,370715a,6,0.99093870177859422,0.004554952317643135,425,404
fixed_train,7,4,apriori|1|08,370715a,7,0.99093870177859422,0.0057298805245610263,425,409
fixed_train,7,4,apriori|1|08,370715a,8,0.99093870177859422,0.00340908398591655,425,405
fixed_train,7,4,apriori|1|08,370715a,9,0.99093870177859422,0.0068823265686013269,425,399
fixed_train,7,4,apriori|1|09,370488e,0,0.99093870177859422,0.005676426205429741,419,398
fixed_train,7,4,apriori|1|09,370488e,1,0.99093870177859422,0.005676426205429741,419,395
fixed_train,7,4,apriori|1|09,370488e,2,0.99093870177859422,0.0057029530213823509,419,401
fixed_train,7,4,apriori|1|09,370488e,3,0.99093870177859422,0.0057298805245610263,419,395
fixed_train,7,4,apriori|1|09,370488e,4,0.99093870177859422,0.0057029530213823509,419,393
fixed_train,7,4,apriori|1|09,370488e,5,0.99093870177859422,0.005676426205429741,419,399
fixed_train,7,4,apriori|1|09,370488e,6,0.99093870177859422,0.007974376289503593,419,406
fixed_train,7,4,apriori|1|09,370488e,7,0.99093870177859422,0.010281012446396898,419,395
fixed_train,7,4,apriori|1|09,370488e,8,0.99093870177859422,0.0068531097788785411,419,402
fixed_train,7,4,apriori|1|09,370488e,9,0.99093870177859422,0.0045796229216950035,419,397
fixed_train,7,4,apriori|1|10,370488g,0,0.99093870177859422,0.0057029530213823509,420,400
fixed_train,7,4,apriori|1|10,370488g,1,0.99093870177859422,0.011475778515533608,420,406
fixed_train,7,4,apriori|1|10,370488g,2,0.99093870177859422,0.0045796229216950035,420,396
fixed_train,7,4,apriori|1|10,370488g,3,0.99093870177859422,0.005676426205429741,420,396
fixed_train,7,4,apriori|1|10,370488g,4,0.99093870177859422,0.004530649110702889,420,401
fixed_train,7,4,apriori|1|10,370488g,5,0.99093870177859422,0.007974376289503593,420,405
fixed_train,7,4,apriori|1|10,370488g,6,0.99093870177859422,0.004554952317643135,420,393
fixed_train,7,4,apriori|1|10,370488g,7,0.99093870177859422,0.0068531097788785411,420,402
fixed_train,7,4,apriori|1|10,370488g,8,0.99093870177859422,0.0011417417664033591,420,398
fixed_train,7,4,apriori|1|10,370488g,9,0.99093870177859422,0.004554952317643135,420,396
fixed_train,7,4,apriori|2|01,"370407, ac370000",0,0.99093870177859422,0.040426642194232976,467,463
fixed_train,7,4,apriori|2|01,"370407, ac370000",1,0.99093870177859422,0.036096177198605361,467,462
fixed_train,7,4,apriori|2|01,"370407, ac370000",2,0.99093870177859422,0.036189935138203788,467,465
fixed_train,7,4,apriori|2|01,"370407, ac370000",3,0.99093870177859422,0.035169244389339438,467,465
fixed_train,7,4,apriori|2|01,"370407, ac370000",4,0.99093870177859422,0.046808860865851121,467,463
fixed_train,7,4,apriori|2|01,"370407, ac370000",5,0.99093870177859422,0.037112468203226334,467,463
fixed_train,7,4,apriori|2|01,"370407, ac370000",6,0.99093870177859422,0.044480937570548607,467,462
fixed_train,7,4,apriori|2|01,"370407, ac370000",7,0.99093870177859422,0.038411945168862371,467,465
fixed_train,7,4,apriori|2|01,"370407, ac370000",8,0.99093870177859422,0.039929875625208777,467,464
fixed_train,7,4,apriori|2|01,"370407, ac370000",9,0.99093870177859422,0.038815135613530893,467,466
fixed_train,7,4,apriori|2|02,"ac370000, ac370419",0,0.99093870177859422,0.044480937570548607,453,451
fixed_train,7,4,apriori|2|02,"ac370000, ac370419",1,0.99093870177859422,0.040625861959731724,453,447
fixed_train,7,4,apriori|2|02,"ac370000, ac370419",2,0.99093870177859422,0.037398841855392218,453,449
fixed_train,7,4,apriori|2|02,"ac370000, ac370419",3,0.99093870177859422,0.03138173913533393,453,449
fixed_train,7,4,apriori|2|02,"ac370000, ac370419",4,0.99093870177859422,0.039620126914138409,453,451
fixed_train,7,4,apriori|2|02,"ac370000, ac370419",5,0.99093870177859422,0.033692769841433212,453,451
fixed_train,7,4,apriori|2|02,"ac370000, ac370419",6,0.99093870177859422,0.030266341082827553,453,450
fixed_train,7,4,apriori|2|02,"ac370000, ac370419",7,0.99093870177859422,0.033692769841433212,453,451
fixed_train,7,4,apriori|2|02,"ac370000, ac370419",8,0.99093870177859422,0.03749716768464173,453,449
fixed_train,7,4,apriori|2|02,"ac370000, ac370419",9,0.99093870177859422,0.037398841855392218,453,448
fixed_train,7,4,apriori|2|03,"370407, ac370419",0,0.99093870177859422,0.024120100796377497,445,444
fixed_train,7,4,apriori|2|03,"370407, ac370419",1,0.99093870177859422,0.019543356104269383,445,444
fixed_train,7,4,apriori|2|03,"370407, ac370419",2,0.99093870177859422,0.015992969305748339,445,445
fixed_train,7,4,apriori|2|03,"370407, ac370419",3,0.99093870177859422,0.018373076718011361,445,445
fixed_train,7,4,apriori|2|03,"370407, ac370419",4,0.99093870177859422,0.025297147576138324,445,444
fixed_train,7,4,apriori|2|03,"370407, ac370419",5,0.99093870177859422,0.019489197255852297,445,440
fixed_train,7,4,apriori|2|03,"370407, ac370419",6,0.99093870177859422,0.020603368176395631,445,444
fixed_train,7,4,apriori|2|03,"370407, ac370419",7,0.99093870177859422,0.012556578407314944,445,440
fixed_train,7,4,apriori|2|03,"370407, ac370419",8,0.99093870177859422,0.026408473142431443,445,445
fixed_train,7,4,apriori|2|03,"370407, ac370419",9,0.99093870177859422,0.014832144368232769,445,444
fixed_train,7,4,apriori|2|04,"ac370000, ac370443",0,0.99093870177859422,0.033780409228348351,444,442
fixed_train,7,4,apriori|2|04,"ac370000, ac370443",1,0.99093870177859422,0.028993695711033607,444,439
fixed_train,7,4,apriori|2|04,"ac370000, ac370443",2,0.99093870177859422,0.030347474507367966,444,442
fixed_train,7,4,apriori|2|04,"ac370000, ac370443",3,0.99093870177859422,0.032495091560763023,444,439
fixed_train,7,4,apriori|2|04,"ac370000, ac370443",4,0.99093870177859422,0.029953595325064142,444,438
fixed_train,7,4,apriori|2|04,"ac370000, ac370443",5,0.99093870177859422,0.041627921140525381,444,442
fixed_train,7,4,apriori|2|04,"ac370000, ac370443",6,0.99093870177859422,0.031300058979666256,444,436
fixed_train,7,4,apriori|2|04,"ac370000, ac370443",7,0.99093870177859422,0.032752827847712385,444,441
fixed_train,7,4,apriori|2|04,"ac370000, ac370443",8,0.99093870177859422,0.037206512724751062,444,442
fixed_train,7,4,apriori|2|04,"ac370000, ac370443",9,0.99093870177859422,0.033780409228348351,444,443
fixed_train,7,4,apriori|2|05,"ac370419, ac370443",0,0.99093870177859422,0.013673570350428821,443,441
fixed_train,7,4,apriori|2|05,"ac370419, ac370443",1,0.99093870177859422,0.011363077587167481,443,439
fixed_train,7,4,apriori|2|05,"ac370419, ac370443",2,0.99093870177859422,0.010281012446396898,443,442
fixed_train,7,4,apriori|2|05,"ac370419, ac370443",3,0.99093870177859422,0.007974376289503593,443,441
fixed_train,7,4,apriori|2|05,"ac370419, ac370443",4,0.99093870177859422,0.011437647937175055,443,442
fixed_train,7,4,apriori|2|05,"ac370419, ac370443",5,0.99093870177859422,0.010211110644456123,443,440
fixed_train,7,4,apriori|2|05,"ac370419, ac370443",6,0.99093870177859422,0.007974376289503593,443,441
fixed_train,7,4,apriori|2|05,"ac370419, ac370443",7,0.99093870177859422,0.013673570350428821,443,442
fixed_train,7,4,apriori|2|05,"ac370419, ac370443",8,0.99093870177859422,0.014876298678634381,443,441
fixed_train,7,4,apriori|2|05,"ac370419, ac370443",9,0.99093870177859422,0.013632452677008855,443,443
fixed_train,7,4,apriori|2|06,"ac370000, ac370442",0,0.99093870177859422,0.025297147576138324,438,437
fixed_train,7,4,apriori|2|06,"ac370000, ac370442",1,0.99093870177859422,0.025499533161729038,438,435
fixed_train,7,4,apriori|2|06,"ac370000, ac370442",2,0.99093870177859422,0.025499533161729038,438,434
fixed_train,7,4,apriori|2|06,"ac370000, ac370442",3,0.99093870177859422,0.026616054171263892,438,437
fixed_train,7,4,apriori|2|06,"ac370000, ac370442",4,0.99093870177859422,0.026687332442400735,438,435
fixed_train,7,4,apriori|2|06,"ac370000, ac370442",5,0.99093870177859422,0.026616054171263892,438,435
fixed_train,7,4,apriori|2|06,"ac370000, ac370442",6,0.99093870177859422,0.025499533161729038,438,434
fixed_train,7,4,apriori|2|06,"ac370000, ac370442",7,0.99093870177859422,0.033521348182748434,438,434
fixed_train,7,4,apriori|2|06,"ac370000, ac370442",8,0.99093870177859422,0.025499533161729038,438,435
fixed_train,7,4,apriori|2|06,"ac370000, ac370442",9,0.99093870177859422,0.030266341082827553,438,434
fixed_train,7,4,apriori|2|07,"ac370442, ac370443",0,0.99093870177859422,0.0079437684249430429,437,435
fixed_train,7,4,apriori|2|07,"ac370442, ac370443",1,0.99093870177859422,0.007974376289503593,437,437
fixed_train,7,4,apriori|2|07,"ac370442, ac370443",2,0.99093870177859422,0.0091265966360619677,437,437
fixed_train,7,4,apriori|2|07,"ac370442, ac370443",3,0.99093870177859422,0.007974376289503593,437,435
fixed_train,7,4,apriori|2|07,"ac370442, ac370443",4,0.99093870177859422,0.0079136167531301815,437,437
fixed_train,7,4,apriori|2|07,"ac370442, ac370443",5,0.99093870177859422,0.0068531097788785411,437,437
fixed_train,7,4,apriori|2|07,"ac370442, ac370443",6,0.99093870177859422,0.0067959736660544445,437,433
fixed_train,7,4,apriori|2|07,"ac370442, ac370443",7,0.99093870177859422,0.0091599872528881354,437,434
fixed_train,7,4,apriori|2|07,"ac370442, ac370443",8,0.99093870177859422,0.011363077587167481,437,435
fixed_train,7,4,apriori|2|07,"ac370442, ac370443",9,0.99093870177859422,0.008005446485478962,437,436
fixed_train,7,4,apriori|2|08,"ac370419, ac370442",0,0.99093870177859422,0.010245799557624946,436,434
fixed_train,7,4,apriori|2|08,"ac370419, ac370442",1,0.99093870177859422,0.014876298678634381,436,433
fixed_train,7,4,apriori|2|08,"ac370419, ac370442",2,0.99093870177859422,0.017205157617671829,436,435
fixed_train,7,4,apriori|2|08,"ac370419, ac370442",3,0.99093870177859422,0.017156069811971486,436,434
fixed_train,7,4,apriori|2|08,"ac370419, ac370442",4,0.99093870177859422,0.010281012446396898,436,435
fixed_train,7,4,apriori|2|08,"ac370419, ac370442",5,0.99093870177859422,0.010281012446396898,436,435
fixed_train,7,4,apriori|2|08,"ac370419, ac370442",6,0.99093870177859422,0.017205157617671829,436,435
fixed_train,7,4,apriori|2|08,"ac370419, ac370442",7,0.99093870177859422,0.010316756411960171,436,434
fixed_train,7,4,apriori|2|08,"ac370419, ac370442",8,0.99093870177859422,0.01603957334596473,436,436
fixed_train,7,4,apriori|2|08,"ac370419, ac370442",9,0.99093870177859422,0.012478452863969314,436,435
fixed_train,7,4,apriori|2|09,"370407, ac370443",0,0.99093870177859422,0.015992969305748339,437,433
fixed_train,7,4,apriori|2|09,"370407, ac370443",1,0.99093870177859422,0.015992969305748339,437,436
fixed_train,7,4,apriori|2|09,"370407, ac370443",2,0.99093870177859422,0.014662000651732621,437,435
fixed_train,7,4,apriori|2|09,"370407, ac370443",3,0.99093870177859422,0.007974376289503593,437,436
fixed_train,7,4,apriori|2|09,"370407, ac370443",4,0.99093870177859422,0.019230226736154155,437,435
fixed_train,7,4,apriori|2|09,"370407, ac370443",5,0.99093870177859422,0.015992969305748339,437,437
fixed_train,7,4,apriori|2|09,"370407, ac370443",6,0.99093870177859422,0.009093702497325884,437,437
fixed_train,7,4,apriori|2|09,"370407, ac370443",7,0.99093870177859422,0.017156069811971486,437,436
fixed_train,7,4,apriori|2|09,"370407, ac370443",8,0.99093870177859422,0.014876298678634381,437,436
fixed_train,7,4,apriori|2|09,"370407, ac370443",9,0.99093870177859422,0.015992969305748339,437,434
fixed_train,7,4,apriori|2|10,"370712b, ac370000",0,0.99093870177859422,0.023131574144831024,429,426
fixed_train,7,4,apriori|2|10,"370712b, ac370000",1,0.99093870177859422,0.025431065028133748,429,424
fixed_train,7,4,apriori|2|10,"370712b, ac370000",2,0.99093870177859422,0.033521348182748434,429,426
fixed_train,7,4,apriori|2|10,"370712b, ac370000",3,0.99093870177859422,0.039721848859232356,429,425
fixed_train,7,4,apriori|2|10,"370712b, ac370000",4,0.99093870177859422,0.034803779881994457,429,428
fixed_train,7,4,apriori|2|10,"370712b, ac370000",5,0.99093870177859422,0.027803588587271499,429,426
fixed_train,7,4,apriori|2|10,"370712b, ac370000",6,0.99093870177859422,0.03138173913533393,429,426
fixed_train,7,4,apriori|2|10,"370712b, ac370000",7,0.99093870177859422,0.031464641258091453,429,427
fixed_train,7,4,apriori|2|10,"370712b, ac370000",8,0.99093870177859422,0.030107644012813739,429,426
fixed_train,7,4,apriori|2|10,"370712b, ac370000",9,0.99093870177859422,0.026545827926716226,429,428
fixed_train,7,4,apriori|3|01,"370407, ac370000, ac370419",0,0.99093870177859422,0.042262788665523687,445,444
fixed_train,7,4,apriori|3|01,"370407, ac370000, ac370419",1,0.99093870177859422,0.039825090979944133,445,444
fixed_train,7,4,apriori|3|01,"370407, ac370000, ac370419",2,0.99093870177859422,0.035169244389339438,445,445
fixed_train,7,4,apriori|3|01,"370407, ac370000, ac370419",3,0.99093870177859422,0.036096177198605361,445,444
fixed_train,7,4,apriori|3|01,"370407, ac370000, ac370419",4,0.99093870177859422,0.037206512724751062,445,445
fixed_train,7,4,apriori|3|01,"370407, ac370000, ac370419",5,0.99093870177859422,0.036189935138203788,445,445
fixed_train,7,4,apriori|3|01,"370407, ac370000, ac370419",6,0.99093870177859422,0.037301963812445771,445,445
fixed_train,7,4,apriori|3|01,"370407, ac370000, ac370419",7,0.99093870177859422,0.037398841855392218,445,445
fixed_train,7,4,apriori|3|01,"370407, ac370000, ac370419",8,0.99093870177859422,0.036096177198605361,445,444
fixed_train,7,4,apriori|3|01,"370407, ac370000, ac370419",9,0.99093870177859422,0.043372902449295592,445,445
fixed_train,7,4,apriori|3|02,"ac370000, ac370419, ac370443",0,0.99093870177859422,0.035823112853243244,443,443
fixed_train,7,4,apriori|3|02,"ac370000, ac370419, ac370443",1,0.99093870177859422,0.03241169943835609,443,443
fixed_train,7,4,apriori|3|02,"ac370000, ac370419, ac370443",2,0.99093870177859422,0.04204485586307205,443,443
fixed_train,7,4,apriori|3|02,"ac370000, ac370419, ac370443",3,0.99093870177859422,0.032495091560763023,443,443
fixed_train,7,4,apriori|3|02,"ac370000, ac370419, ac370443",4,0.99093870177859422,0.030030046794738974,443,443
fixed_train,7,4,apriori|3|02,"ac370000, ac370419, ac370443",5,0.99093870177859422,0.03831483125363222,443,443
fixed_train,7,4,apriori|3|02,"ac370000, ac370419, ac370443",6,0.99093870177859422,0.037112468203226334,443,442
fixed_train,7,4,apriori|3|02,"ac370000, ac370419, ac370443",7,0.99093870177859422,0.034629028561344311,443,442
fixed_train,7,4,apriori|3|02,"ac370000, ac370419, ac370443",8,0.99093870177859422,0.03154878299875663,443,443
fixed_train,7,4,apriori|3|02,"ac370000, ac370419, ac370443",9,0.99093870177859422,0.030186403239531368,443,443
fixed_train,7,4,apriori|3|03,"ac370000, ac370442, ac370443",0,0.99093870177859422,0.034983800710753132,437,437
fixed_train,7,4,apriori|3|03,"ac370000, ac370442, ac370443",1,0.99093870177859422,0.025431065028133748,437,437
fixed_train,7,4,apriori|3|03,"ac370000, ac370442, ac370443",2,0.99093870177859422,0.034629028561344311,437,437
fixed_train,7,4,apriori|3|03,"ac370000, ac370442, ac370443",3,0.99093870177859422,0.031140295816796448,437,437
fixed_train,7,4,apriori|3|03,"ac370000, ac370442, ac370443",4,0.99093870177859422,0.03138173913533393,437,434
fixed_train,7,4,apriori|3|03,"ac370000, ac370442, ac370443",5,0.99093870177859422,0.025363607849008929,437,437
fixed_train,7,4,apriori|3|03,"ac370000, ac370442, ac370443",6,0.99093870177859422,0.041729844845689312,437,437
fixed_train,7,4,apriori|3|03,"ac370000, ac370442, ac370443",7,0.99093870177859422,0.027803588587271499,437,437
fixed_train,7,4,apriori|3|03,"ac370000, ac370442, ac370443",8,0.99093870177859422,0.039620126914138409,437,436
fixed_train,7,4,apriori|3|03,"ac370000, ac370442, ac370443",9,0.99093870177859422,0.033692769841433212,437,437
fixed_train,7,4,apriori|3|04,"ac370000, ac370419, ac370442",0,0.99093870177859422,0.030186403239531368,436,436
fixed_train,7,4,apriori|3|04,"ac370000, ac370419, ac370442",1,0.99093870177859422,0.036189935138203788,436,435
fixed_train,7,4,apriori|3|04,"ac370000, ac370419, ac370442",2,0.99093870177859422,0.033692769841433212,436,436
fixed_train,7,4,apriori|3|04,"ac370000, ac370419, ac370442",3,0.99093870177859422,0.040426642194232976,436,436
fixed_train,7,4,apriori|3|04,"ac370000, ac370419, ac370442",4,0.99093870177859422,0.037596962584893756,436,435
fixed_train,7,4,apriori|3|04,"ac370000, ac370419, ac370442",5,0.99093870177859422,0.038411945168862371,436,436
fixed_train,7,4,apriori|3|04,"ac370000, ac370419, ac370442",6,0.99093870177859422,0.033780409228348351,436,435
fixed_train,7,4,apriori|3|04,"ac370000, ac370419, ac370442",7,0.99093870177859422,0.034893122177443225,436,435
fixed_train,7,4,apriori|3|04,"ac370000, ac370419, ac370442",8,0.99093870177859422,0.032752827847712385,436,434
fixed_train,7,4,apriori|3|04,"ac370000, ac370419, ac370442",9,0.99093870177859422,0.032665637609060605,436,436
fixed_train,7,4,apriori|3|05,"ac370419, ac370442, ac370443",0,0.99093870177859422,0.010281012446396898,436,436
fixed_train,7,4,apriori|3|05,"ac370419, ac370442, ac370443",1,0.99093870177859422,0.013673570350428821,436,436
fixed_train,7,4,apriori|3|05,"ac370419, ac370442, ac370443",2,0.99093870177859422,0.01603957334596473,436,436
fixed_train,7,4,apriori|3|05,"ac370419, ac370442, ac370443",3,0.99093870177859422,0.012596527545297387,436,436
fixed_train,7,4,apriori|3|05,"ac370419, ac370442, ac370443",4,0.99093870177859422,0.012596527545297387,436,435
fixed_train,7,4,apriori|3|05,"ac370419, ac370442, ac370443",5,0.99093870177859422,0.021602915898231267,436,436
fixed_train,7,4,apriori|3|05,"ac370419, ac370442, ac370443",6,0.99093870177859422,0.015992969305748339,436,436
fixed_train,7,4,apriori|3|05,"ac370419, ac370442, ac370443",7,0.99093870177859422,0.012556578407314944,436,436
fixed_train,7,4,apriori|3|05,"ac370419, ac370442, ac370443",8,0.99093870177859422,0.017205157617671829,436,436
fixed_train,7,4,apriori|3|05,"ac370419, ac370442, ac370443",9,0.99093870177859422,0.015992969305748339,436,436
fixed_train,7,4,apriori|3|06,"370407, ac370000, ac370443",0,0.99093870177859422,0.035734763706876782,437,437
fixed_train,7,4,apriori|3|06,"370407, ac370000, ac370443",1,0.99093870177859422,0.03471575486389844,437,437
fixed_train,7,4,apriori|3|06,"370407, ac370000, ac370443",2,0.99093870177859422,0.033606422248298906,437,437
fixed_train,7,4,apriori|3|06,"370407, ac370000, ac370443",3,0.99093870177859422,0.037301963812445771,437,437
fixed_train,7,4,apriori|3|06,"370407, ac370000, ac370443",4,0.99093870177859422,0.034893122177443225,437,436
fixed_train,7,4,apriori|3|06,"370407, ac370000, ac370443",5,0.99093870177859422,0.037206512724751062,437,437
fixed_train,7,4,apriori|3|06,"370407, ac370000, ac370443",6,0.99093870177859422,0.031219583512253624,437,437
fixed_train,7,4,apriori|3|06,"370407, ac370000, ac370443",7,0.99093870177859422,0.038219148785564205,437,437
fixed_train,7,4,apriori|3|06,"370407, ac370000, ac370443",8,0.99093870177859422,0.036003800547532938,437,437
fixed_train,7,4,apriori|3|06,"370407, ac370000, ac370443",9,0.99093870177859422,0.035823112853243244,437,437
fixed_train,7,4,apriori|3|07,"370407, ac370419, ac370443",0,0.99093870177859422,0.020603368176395631,437,435
fixed_train,7,4,apriori|3|07,"370407, ac370419, ac370443",1,0.99093870177859422,0.013715308621461642,437,437
fixed_train,7,4,apriori|3|07,"370407, ac370419, ac370443",2,0.99093870177859422,0.016086878806393368,437,437
fixed_train,7,4,apriori|3|07,"370407, ac370419, ac370443",3,0.99093870177859422,0.011437647937175055,437,437
fixed_train,7,4,apriori|3|07,"370407, ac370419, ac370443",4,0.99093870177859422,0.013632452677008855,437,436
fixed_train,7,4,apriori|3|07,"370407, ac370419, ac370443",5,0.99093870177859422,0.017205157617671829,437,437
fixed_train,7,4,apriori|3|07,"370407, ac370419, ac370443",6,0.99093870177859422,0.020659274629629576,437,436
fixed_train,7,4,apriori|3|07,"370407, ac370419, ac370443",7,0.99093870177859422,0.024183868892922122,437,437
fixed_train,7,4,apriori|3|07,"370407, ac370419, ac370443",8,0.99093870177859422,0.012637078341310337,437,437
fixed_train,7,4,apriori|3|07,"370407, ac370419, ac370443",9,0.99093870177859422,0.017205157617671829,437,437
fixed_train,7,4,apriori|3|08,"370407, ac370000, ac370442",0,0.99093870177859422,0.038610550494672435,431,431
fixed_train,7,4,apriori|3|08,"370407, ac370000, ac370442",1,0.99093870177859422,0.039519903272059009,431,430
fixed_train,7,4,apriori|3|08,"370407, ac370000, ac370442",2,0.99093870177859422,0.03241169943835609,431,431
fixed_train,7,4,apriori|3|08,"370407, ac370000, ac370442",3,0.99093870177859422,0.038219148785564205,431,430
fixed_train,7,4,apriori|3|08,"370407, ac370000, ac370442",4,0.99093870177859422,0.033606422248298906,431,431
fixed_train,7,4,apriori|3|08,"370407, ac370000, ac370442",5,0.99093870177859422,0.038510511207927256,431,430
fixed_train,7,4,apriori|3|08,"370407, ac370000, ac370442",6,0.99093870177859422,0.037019810289440791,431,430
fixed_train,7,4,apriori|3|08,"370407, ac370000, ac370442",7,0.99093870177859422,0.03831483125363222,431,430
fixed_train,7,4,apriori|3|08,"370407, ac370000, ac370442",8,0.99093870177859422,0.039228010327949425,431,431
fixed_train,7,4,apriori|3|08,"370407, ac370000, ac370442",9,0.99093870177859422,0.032329537678041698,431,431
fixed_train,7,4,apriori|3|09,"370407, ac370419, ac370442",0,0.99093870177859422,0.017060069361988783,430,430
fixed_train,7,4,apriori|3|09,"370407, ac370419, ac370442",1,0.99093870177859422,0.013715308621461642,430,430
fixed_train,7,4,apriori|3|09,"370407, ac370419, ac370442",2,0.99093870177859422,0.017205157617671829,430,430
fixed_train,7,4,apriori|3|09,"370407, ac370419, ac370442",3,0.99093870177859422,0.01603957334596473,430,430
fixed_train,7,4,apriori|3|09,"370407, ac370419, ac370442",4,0.99093870177859422,0.017107710329150927,430,430
fixed_train,7,4,apriori|3|09,"370407, ac370419, ac370442",5,0.99093870177859422,0.02294547254124768,430,429
fixed_train,7,4,apriori|3|09,"370407, ac370419, ac370442",6,0.99093870177859422,0.018220544064795785,430,430
fixed_train,7,4,apriori|3|09,"370407, ac370419, ac370442",7,0.99093870177859422,0.019331492630110025,430,430
fixed_train,7,4,apriori|3|09,"370407, ac370419, ac370442",8,0.99093870177859422,0.018321470761180181,430,429
fixed_train,7,4,apriori|3|09,"370407, ac370419, ac370442",9,0.99093870177859422,0.020659274629629576,430,430
fixed_train,7,4,apriori|3|10,"370407, ac370442, ac370443",0,0.99093870177859422,0.012517222825746188,430,430
fixed_train,7,4,apriori|3|10,"370407, ac370442, ac370443",1,0.99093870177859422,0.0161348953634598,430,430
fixed_train,7,4,apriori|3|10,"370407, ac370442, ac370443",2,0.99093870177859422,0.018270629990035259,430,430
fixed_train,7,4,apriori|3|10,"370407, ac370442, ac370443",3,0.99093870177859422,0.011363077587167481,430,430
fixed_train,7,4,apriori|3|10,"370407, ac370442, ac370443",4,0.99093870177859422,0.017205157617671829,430,429
fixed_train,7,4,apriori|3|10,"370407, ac370442, ac370443",5,0.99093870177859422,0.019489197255852297,430,430
fixed_train,7,4,apriori|3|10,"370407, ac370442, ac370443",6,0.99093870177859422,0.021602915898231267,430,430
fixed_train,7,4,apriori|3|10,"370407, ac370442, ac370443",7,0.99093870177859422,0.015901827766850452,430,430
fixed_train,7,4,apriori|3|10,"370407, ac370442, ac370443",8,0.99093870177859422,0.020659274629629576,430,429
fixed_train,7,4,apriori|3|10,"370407, ac370442, ac370443",9,0.99093870177859422,0.014832144368232769,430,430
fixed_train,7,4,impressed|1|01,ac419100,0,0.99093870177859422,0.026545827926716226,613,506
fixed_train,7,4,impressed|1|01,ac419100,1,0.99093870177859422,0.02765860158703648,613,502
fixed_train,7,4,impressed|1|01,ac419100,2,0.99093870177859422,0.035312238016494524,613,513
fixed_train,7,4,impressed|1|01,ac419100,3,0.99093870177859422,0.026545827926716226,613,496
fixed_train,7,4,impressed|1|01,ac419100,4,0.99093870177859422,0.024120100796377497,613,490
fixed_train,7,4,impressed|1|01,ac419100,5,0.99093870177859422,0.023006584522968665,613,507
fixed_train,7,4,impressed|1|01,ac419100,6,0.99093870177859422,0.02627515434532024,613,494
fixed_train,7,4,impressed|1|01,ac419100,7,0.99093870177859422,0.033273590180593504,613,510
fixed_train,7,4,impressed|1|01,ac419100,8,0.99093870177859422,0.021658842250986687,613,508
fixed_train,7,4,impressed|1|01,ac419100,9,0.99093870177859422,0.023006584522968665,613,489
fixed_train,7,4,impressed|1|02,ac370000,0,0.99093870177859422,0.2121765434512628,554,552
fixed_train,7,4,impressed|1|02,ac370000,1,0.99093870177859422,0.18010745414322216,554,549
fixed_train,7,4,impressed|1|02,ac370000,2,0.99093870177859422,0.19208960657321306,554,552
fixed_train,7,4,impressed|1|02,ac370000,3,0.99093870177859422,0.20593252181010235,554,551
fixed_train,7,4,impressed|1|02,ac370000,4,0.99093870177859422,0.1907617179323412,554,549
fixed_train,7,4,impressed|1|02,ac370000,5,0.99093870177859422,0.19627767253723405,554,550
fixed_train,7,4,impressed|1|02,ac370000,6,0.99093870177859422,0.21035143830237435,554,548
fixed_train,7,4,impressed|1|02,ac370000,7,0.99093870177859422,0.20685484675009247,554,551
fixed_train,7,4,impressed|1|02,ac370000,8,0.99093870177859422,0.18923342969066337,554,551
fixed_train,7,4,impressed|1|02,ac370000,9,0.99093870177859422,0.20138445361357171,554,552
fixed_train,7,4,impressed|1|03,ac415100,0,0.99093870177859422,0.004554952317643135,191,173
fixed_train,7,4,impressed|1|03,ac415100,1,0.99093870177859422,0.0068243274074845095,191,181
fixed_train,7,4,impressed|1|03,ac415100,2,0.99093870177859422,0.010211110644456123,191,179
fixed_train,7,4,impressed|1|03,ac415100,3,0.99093870177859422,0.0045796229216950035,191,174
fixed_train,7,4,impressed|1|03,ac415100,4,0.99093870177859422,0.010143277056849032,191,181
fixed_train,7,4,impressed|1|03,ac415100,5,0.99093870177859422,0.012478452863969314,191,167
fixed_train,7,4,impressed|1|03,ac415100,6,0.99093870177859422,0.009061298221405778,191,176
fixed_train,7,4,impressed|1|03,ac415100,7,0.99093870177859422,0.0067680428833906126,191,178
fixed_train,7,4,impressed|1|03,ac415100,8,0.99093870177859422,0.0068531097788785411,191,173
fixed_train,7,4,impressed|1|03,ac415100,9,0.99093870177859422,0.010211110644456123,191,170
fixed_train,7,4,impressed|1|04,ac10307,0,0.99093870177859422,0.0091938811003181575,120,98
fixed_train,7,4,impressed|1|04,ac10307,1,0.99093870177859422,0.010316756411960171,120,104
fixed_train,7,4,impressed|1|04,ac10307,2,0.99093870177859422,0.0080369852786228435,120,104
fixed_train,7,4,impressed|1|04,ac10307,3,0.99093870177859422,0.010316756411960171,120,102
fixed_train,7,4,impressed|1|04,ac10307,4,0.99093870177859422,0.0091599872528881354,120,105
fixed_train,7,4,impressed|1|04,ac10307,5,0.99093870177859422,0.008005446485478962,120,102
fixed_train,7,4,impressed|1|04,ac10307,6,0.99093870177859422,0.0080369852786228435,120,99
fixed_train,7,4,impressed|1|04,ac10307,7,0.99093870177859422,0.010316756411960171,120,102
fixed_train,7,4,impressed|1|04,ac10307,8,0.99093870177859422,0.011475778515533608,120,101
fixed_train,7,4,impressed|1|04,ac10307,9,0.99093870177859422,0.0091938811003181575,120,102
fixed_train,7,4,impressed|1|05,ac355427,0,0.99093870177859422,0.0011417417664033591,26,22
fixed_train,7,4,impressed|1|05,ac355427,1,0.99093870177859422,0.00340908398591655,26,23
fixed_train,7,4,impressed|1|05,ac355427,2,0.99093870177859422,0.0011236507633157755,26,21
fixed_train,7,4,impressed|1|05,ac355427,3,0.99093870177859422,0.0022855772278016495,26,22
fixed_train,7,4,impressed|1|05,ac355427,4,0.99093870177859422,0,26,23
fixed_train,7,4,impressed|1|05,ac355427,5,0.99093870177859422,0.00340908398591655,26,25
fixed_train,7,4,impressed|1|05,ac355427,6,0.99093870177859422,0.0011417417664033591,26,21
fixed_train,7,4,impressed|1|05,ac355427,7,0.99093870177859422,0.0022653245553514445,26,23
fixed_train,7,4,impressed|1|05,ac355427,8,0.99093870177859422,0.0011236507633157755,26,22
fixed_train,7,4,impressed|1|05,ac355427,9,0.99093870177859422,0.0011236507633157755,26,20
fixed_train,7,4,impressed|1|06,ac388170,0,0.99093870177859422,0,3,2
fixed_train,7,4,impressed|1|06,ac388170,1,0.99093870177859422,0,3,1
fixed_train,7,4,impressed|1|06,ac388170,2,0.99093870177859422,0,3,1
fixed_train,7,4,impressed|1|06,ac388170,3,0.99093870177859422,0,3,1
fixed_train,7,4,impressed|1|06,ac388170,4,0.99093870177859422,0,3,2
fixed_train,7,4,impressed|1|06,ac388170,5,0.99093870177859422,0,3,1
fixed_train,7,4,impressed|1|06,ac388170,6,0.99093870177859422,0,3,0
fixed_train,7,4,impressed|1|06,ac388170,7,0.99093870177859422,0,3,1
fixed_train,7,4,impressed|1|06,ac388170,8,0.99093870177859422,0,3,2
fixed_train,7,4,impressed|1|06,ac388170,9,0.99093870177859422,0,3,2
fixed_train,7,4,impressed|1|07,387070a,0,0.99093870177859422,0,1,0
fixed_train,7,4,impressed|1|07,387070a,1,0.99093870177859422,0,1,0
fixed_train,7,4,impressed|1|07,387070a,2,0.99093870177859422,0,1,0
fixed_train,7,4,impressed|1|07,387070a,3,0.99093870177859422,0,1,0
fixed_train,7,4,impressed|1|07,387070a,4,0.99093870177859422,0,1,0
fixed_train,7,4,impressed|1|07,387070a,5,0.99093870177859422,0,1,0
fixed_train,7,4,impressed|1|07,387070a,6,0.99093870177859422,0,1,0
fixed_train,7,4,impressed|1|07,387070a,7,0.99093870177859422,0,1,0
fixed_train,7,4,impressed|1|07,387070a,8,0.99093870177859422,0,1,0
fixed_train,7,4,impressed|1|07,387070a,9,0.99093870177859422,0,1,0
fixed_train,7,4,impressed|1|08,ac370402,0,0.99093870177859422,0.011475778515533608,404,384
fixed_train,7,4,impressed|1|08,ac370402,1,0.99093870177859422,0.014832144368232769,404,387
fixed_train,7,4,impressed|1|08,ac370402,2,0.99093870177859422,0.011400083493245394,404,378
fixed_train,7,4,impressed|1|08,ac370402,3,0.99093870177859422,0.009093702497325884,404,386
fixed_train,7,4,impressed|1|08,ac370402,4,0.99093870177859422,0.013757675930749058,404,387
fixed_train,7,4,impressed|1|08,ac370402,5,0.99093870177859422,0.010245799557624946,404,385
fixed_train,7,4,impressed|1|08,ac370402,6,0.99093870177859422,0.012596527545297387,404,392
fixed_train,7,4,impressed|1|08,ac370402,7,0.99093870177859422,0.012517222825746188,404,384
fixed_train,7,4,impressed|1|08,ac370402,8,0.99093870177859422,0.015992969305748339,404,382
fixed_train,7,4,impressed|1|08,ac370402,9,0.99093870177859422,0.011437647937175055,404,388
fixed_train,7,4,impressed|1|09,370488g,0,0.99093870177859422,0.0057029530213823509,420,400
fixed_train,7,4,impressed|1|09,370488g,1,0.99093870177859422,0.011475778515533608,420,406
fixed_train,7,4,impressed|1|09,370488g,2,0.99093870177859422,0.0045796229216950035,420,396
fixed_train,7,4,impressed|1|09,370488g,3,0.99093870177859422,0.005676426205429741,420,396
fixed_train,7,4,impressed|1|09,370488g,4,0.99093870177859422,0.004530649110702889,420,401
fixed_train,7,4,impressed|1|09,370488g,5,0.99093870177859422,0.007974376289503593,420,405
fixed_train,7,4,impressed|1|09,370488g,6,0.99093870177859422,0.004554952317643135,420,393
fixed_train,7,4,impressed|1|09,370488g,7,0.99093870177859422,0.0068531097788785411,420,402
fixed_train,7,4,impressed|1|09,370488g,8,0.99093870177859422,0.0011417417664033591,420,398
fixed_train,7,4,impressed|1|09,370488g,9,0.99093870177859422,0.004554952317643135,420,396
fixed_train,7,4,impressed|1|10,370488e,0,0.99093870177859422,0.005676426205429741,419,398
fixed_train,7,4,impressed|1|10,370488e,1,0.99093870177859422,0.005676426205429741,419,395
fixed_train,7,4,impressed|1|10,370488e,2,0.99093870177859422,0.0057029530213823509,419,401
fixed_train,7,4,impressed|1|10,370488e,3,0.99093870177859422,0.0057298805245610263,419,395
fixed_train,7,4,impressed|1|10,370488e,4,0.99093870177859422,0.0057029530213823509,419,393
fixed_train,7,4,impressed|1|10,370488e,5,0.99093870177859422,0.005676426205429741,419,399
fixed_train,7,4,impressed|1|10,370488e,6,0.99093870177859422,0.007974376289503593,419,406
fixed_train,7,4,impressed|1|10,370488e,7,0.99093870177859422,0.010281012446396898,419,395
fixed_train,7,4,impressed|1|10,370488e,8,0.99093870177859422,0.0068531097788785411,419,402
fixed_train,7,4,impressed|1|10,370488e,9,0.99093870177859422,0.0045796229216950035,419,397
fixed_train,7,4,impressed|2|01,"ac370000, ac370402",0,0.99093870177859422,0.019654126091595892,404,402
fixed_train,7,4,impressed|2|01,"ac370000, ac370402",1,0.99093870177859422,0.025431065028133748,404,402
fixed_train,7,4,impressed|2|01,"ac370000, ac370402",2,0.99093870177859422,0.018478626634925832,404,400
fixed_train,7,4,impressed|2|01,"ac370000, ac370402",3,0.99093870177859422,0.019654126091595892,404,404
fixed_train,7,4,impressed|2|01,"ac370000, ac370402",4,0.99093870177859422,0.031140295816796448,404,404
fixed_train,7,4,impressed|2|01,"ac370000, ac370402",5,0.99093870177859422,0.031300058979666256,404,401
fixed_train,7,4,impressed|2|01,"ac370000, ac370402",6,0.99093870177859422,0.020773620372953605,404,402
fixed_train,7,4,impressed|2|01,"ac370000, ac370402",7,0.99093870177859422,0.028993695711033607,404,401
fixed_train,7,4,impressed|2|01,"ac370000, ac370402",8,0.99093870177859422,0.029953595325064142,404,400
fixed_train,7,4,impressed|2|01,"ac370000, ac370402",9,0.99093870177859422,0.028769409184553507,404,402
fixed_train,7,4,impressed|2|02,"370401c, ac370000",0,0.99093870177859422,0.020659274629629576,417,416
fixed_train,7,4,impressed|2|02,"370401c, ac370000",1,0.99093870177859422,0.027952950535519716,417,413
fixed_train,7,4,impressed|2|02,"370401c, ac370000",2,0.99093870177859422,0.03241169943835609,417,416
fixed_train,7,4,impressed|2|02,"370401c, ac370000",3,0.99093870177859422,0.024314289500769082,417,416
fixed_train,7,4,impressed|2|02,"370401c, ac370000",4,0.99093870177859422,0.031140295816796448,417,416
fixed_train,7,4,impressed|2|02,"370401c, ac370000",5,0.99093870177859422,0.032329537678041698,417,415
fixed_train,7,4,impressed|2|02,"370401c, ac370000",6,0.99093870177859422,0.02773055591143625,417,416
fixed_train,7,4,impressed|2|02,"370401c, ac370000",7,0.99093870177859422,0.023006584522968665,417,413
fixed_train,7,4,impressed|2|02,"370401c, ac370000",8,0.99093870177859422,0.031140295816796448,417,412
fixed_train,7,4,impressed|2|02,"370401c, ac370000",9,0.99093870177859422,0.028993695711033607,417,415
fixed_train,7,4,impressed|2|03,"ac370000, ac370403",0,0.99093870177859422,0.030107644012813739,419,418
fixed_train,7,4,impressed|2|03,"ac370000, ac370403",1,0.99093870177859422,0.02758771062930776,419,415
fixed_train,7,4,impressed|2|03,"ac370000, ac370403",2,0.99093870177859422,0.035912785516931556,419,416
fixed_train,7,4,impressed|2|03,"ac370000, ac370403",3,0.99093870177859422,0.028843061871756448,419,418
fixed_train,7,4,impressed|2|03,"ac370000, ac370403",4,0.99093870177859422,0.039421156524457768,419,417
fixed_train,7,4,impressed|2|03,"ac370000, ac370403",5,0.99093870177859422,0.028769409184553507,419,418
fixed_train,7,4,impressed|2|03,"ac370000, ac370403",6,0.99093870177859422,0.025639559988211769,419,414
fixed_train,7,4,impressed|2|03,"ac370000, ac370403",7,0.99093870177859422,0.033521348182748434,419,418
fixed_train,7,4,impressed|2|03,"ac370000, ac370403",8,0.99093870177859422,0.03241169943835609,419,414
fixed_train,7,4,impressed|2|03,"ac370000, ac370403",9,0.99093870177859422,0.032752827847712385,419,415
fixed_train,7,4,impressed|2|04,"ac411100, ac419100",0,0.99093870177859422,0.025231670452865784,354,325
fixed_train,7,4,impressed|2|04,"ac411100, ac419100",1,0.99093870177859422,0.027381272727182049,354,311
fixed_train,7,4,impressed|2|04,"ac411100, ac419100",2,0.99093870177859422,0.027449060422042093,354,315
fixed_train,7,4,impressed|2|04,"ac411100, ac419100",3,0.99093870177859422,0.028554925478657234,354,324
fixed_train,7,4,impressed|2|04,"ac411100, ac419100",4,0.99093870177859422,0.02627515434532024,354,318
fixed_train,7,4,impressed|2|04,"ac411100, ac419100",5,0.99093870177859422,0.024057276532213678,354,314
fixed_train,7,4,impressed|2|04,"ac411100, ac419100",6,0.99093870177859422,0.02183172845032344,354,312
fixed_train,7,4,impressed|2|04,"ac411100, ac419100",7,0.99093870177859422,0.02627515434532024,354,327
fixed_train,7,4,impressed|2|04,"ac411100, ac419100",8,0.99093870177859422,0.024057276532213678,354,322
fixed_train,7,4,impressed|2|04,"ac411100, ac419100",9,0.99093870177859422,0.034056828485582225,354,317
fixed_train,7,4,impressed|2|05,"ac411100, ac415100",0,0.99093870177859422,0.014703582742944588,166,158
fixed_train,7,4,impressed|2|05,"ac411100, ac415100",1,0.99093870177859422,0.013552046214017621,166,163
fixed_train,7,4,impressed|2|05,"ac411100, ac415100",2,0.99093870177859422,0.016921362449174304,166,161
fixed_train,7,4,impressed|2|05,"ac411100, ac415100",3,0.99093870177859422,0.012440260746339749,166,161
fixed_train,7,4,impressed|2|05,"ac411100, ac415100",4,0.99093870177859422,0.012478452863969314,166,161
fixed_train,7,4,impressed|2|05,"ac411100, ac415100",5,0.99093870177859422,0.013591947332109,166,161
fixed_train,7,4,impressed|2|05,"ac411100, ac415100",6,0.99093870177859422,0.012440260746339749,166,164
fixed_train,7,4,impressed|2|05,"ac411100, ac415100",7,0.99093870177859422,0.014745795083482505,166,161
fixed_train,7,4,impressed|2|05,"ac411100, ac415100",8,0.99093870177859422,0.014745795083482505,166,161
fixed_train,7,4,impressed|2|05,"ac411100, ac415100",9,0.99093870177859422,0.015813380657559994,166,162
fixed_train,7,4,impressed|2|06,"ac415100, ac419100",0,0.99093870177859422,0.015901827766850452,181,168
fixed_train,7,4,impressed|2|06,"ac415100, ac419100",1,0.99093870177859422,0.013632452677008855,181,169
fixed_train,7,4,impressed|2|06,"ac415100, ac419100",2,0.99093870177859422,0.013673570350428821,181,170
fixed_train,7,4,impressed|2|06,"ac415100, ac419100",3,0.99093870177859422,0.013673570350428821,181,169
fixed_train,7,4,impressed|2|06,"ac415100, ac419100",4,0.99093870177859422,0.014745795083482505,181,165
fixed_train,7,4,impressed|2|06,"ac415100, ac419100",5,0.99093870177859422,0.012517222825746188,181,165
fixed_train,7,4,impressed|2|06,"ac415100, ac419100",6,0.99093870177859422,0.01478864609386743,181,164
fixed_train,7,4,impressed|2|06,"ac415100, ac419100",7,0.99093870177859422,0.013632452677008855,181,167
fixed_train,7,4,impressed|2|06,"ac415100, ac419100",8,0.99093870177859422,0.012517222825746188,181,167
fixed_train,7,4,impressed|2|06,"ac415100, ac419100",9,0.99093870177859422,0.013632452677008855,181,166
fixed_train,7,4,impressed|2|07,"ac10307, ac411100",0,0.99093870177859422,0.007974376289503593,116,112
fixed_train,7,4,impressed|2|07,"ac10307, ac411100",1,0.99093870177859422,0.009093702497325884,116,113
fixed_train,7,4,impressed|2|07,"ac10307, ac411100",2,0.99093870177859422,0.0068531097788785411,116,109
fixed_train,7,4,impressed|2|07,"ac10307, ac411100",3,0.99093870177859422,0.0068531097788785411,116,110
fixed_train,7,4,impressed|2|07,"ac10307, ac411100",4,0.99093870177859422,0.0091265966360619677,116,110
fixed_train,7,4,impressed|2|07,"ac10307, ac411100",5,0.99093870177859422,0.0057298805245610263,116,113
fixed_train,7,4,impressed|2|07,"ac10307, ac411100",6,0.99093870177859422,0.009093702497325884,116,113
fixed_train,7,4,impressed|2|07,"ac10307, ac411100",7,0.99093870177859422,0.007974376289503593,116,112
fixed_train,7,4,impressed|2|07,"ac10307, ac411100",8,0.99093870177859422,0.0068531097788785411,116,114
fixed_train,7,4,impressed|2|07,"ac10307, ac411100",9,0.99093870177859422,0.009061298221405778,116,111
fixed_train,7,4,impressed|2|08,"ac10307, ac419100",0,0.99093870177859422,0.0057298805245610263,109,105
fixed_train,7,4,impressed|2|08,"ac10307, ac419100",1,0.99093870177859422,0.0068531097788785411,109,99
fixed_train,7,4,impressed|2|08,"ac10307, ac419100",2,0.99093870177859422,0.0057298805245610263,109,103
fixed_train,7,4,impressed|2|08,"ac10307, ac419100",3,0.99093870177859422,0.0068823265686013269,109,106
fixed_train,7,4,impressed|2|08,"ac10307, ac419100",4,0.99093870177859422,0.0068823265686013269,109,103
fixed_train,7,4,impressed|2|08,"ac10307, ac419100",5,0.99093870177859422,0.0068823265686013269,109,108
fixed_train,7,4,impressed|2|08,"ac10307, ac419100",6,0.99093870177859422,0.0057298805245610263,109,106
fixed_train,7,4,impressed|2|08,"ac10307, ac419100",7,0.99093870177859422,0.0068823265686013269,109,106
fixed_train,7,4,impressed|2|08,"ac10307, ac419100",8,0.99093870177859422,0.008005446485478962,109,106
fixed_train,7,4,impressed|2|08,"ac10307, ac419100",9,0.99093870177859422,0.0068823265686013269,109,103
fixed_train,7,4,impressed|2|09,"ac10307, ac415100",0,0.99093870177859422,0.0057029530213823509,50,49
fixed_train,7,4,impressed|2|09,"ac10307, ac415100",1,0.99093870177859422,0.0045796229216950035,50,49
fixed_train,7,4,impressed|2|09,"ac10307, ac415100",2,0.99093870177859422,0.0057029530213823509,50,50
fixed_train,7,4,impressed|2|09,"ac10307, ac415100",3,0.99093870177859422,0.0034315297532612199,50,49
fixed_train,7,4,impressed|2|09,"ac10307, ac415100",4,0.99093870177859422,0.0068243274074845095,50,50
fixed_train,7,4,impressed|2|09,"ac10307, ac415100",5,0.99093870177859422,0.0034315297532612199,50,49
fixed_train,7,4,impressed|2|09,"ac10307, ac415100",6,0.99093870177859422,0.0045796229216950035,50,50
fixed_train,7,4,impressed|2|09,"ac10307, ac415100",7,0.99093870177859422,0.0057029530213823509,50,49
fixed_train,7,4,impressed|2|09,"ac10307, ac415100",8,0.99093870177859422,0.0068243274074845095,50,49
fixed_train,7,4,impressed|2|09,"ac10307, ac415100",9,0.99093870177859422,0.0045796229216950035,50,48
fixed_train,7,4,impressed|2|10,"ac355201, ac415100",0,0.99093870177859422,0.0011236507633157755,20,19
fixed_train,7,4,impressed|2|10,"ac355201, ac415100",1,0.99093870177859422,0.0022453739963059771,20,20
fixed_train,7,4,impressed|2|10,"ac355201, ac415100",2,0.99093870177859422,0.0022453739963059771,20,20
fixed_train,7,4,impressed|2|10,"ac355201, ac415100",3,0.99093870177859422,0.0022453739963059771,20,20
fixed_train,7,4,impressed|2|10,"ac355201, ac415100",4,0.99093870177859422,0.0022453739963059771,20,20
fixed_train,7,4,impressed|2|10,"ac355201, ac415100",5,0.99093870177859422,0.0011236507633157755,20,19
fixed_train,7,4,impressed|2|10,"ac355201, ac415100",6,0.99093870177859422,0.0011236507633157755,20,20
fixed_train,7,4,impressed|2|10,"ac355201, ac415100",7,0.99093870177859422,0.0011236507633157755,20,19
fixed_train,7,4,impressed|2|10,"ac355201, ac415100",8,0.99093870177859422,0.0022453739963059771,20,19
fixed_train,7,4,impressed|2|10,"ac355201, ac415100",9,0.99093870177859422,0.0011236507633157755,20,20
fixed_train,7,4,impressed|3|01,"ac411100, ac415100, ac419100",0,0.99093870177859422,0.012517222825746188,153,145
fixed_train,7,4,impressed|3|01,"ac411100, ac415100, ac419100",1,0.99093870177859422,0.018122596442811778,153,145
fixed_train,7,4,impressed|3|01,"ac411100, ac415100, ac419100",2,0.99093870177859422,0.013673570350428821,153,149
fixed_train,7,4,impressed|3|01,"ac411100, ac415100, ac419100",3,0.99093870177859422,0.014745795083482505,153,148
fixed_train,7,4,impressed|3|01,"ac411100, ac415100, ac419100",4,0.99093870177859422,0.01478864609386743,153,145
fixed_train,7,4,impressed|3|01,"ac411100, ac415100, ac419100",5,0.99093870177859422,0.015901827766850452,153,143
fixed_train,7,4,impressed|3|01,"ac411100, ac415100, ac419100",6,0.99093870177859422,0.013673570350428821,153,148
fixed_train,7,4,impressed|3|01,"ac411100, ac415100, ac419100",7,0.99093870177859422,0.01478864609386743,153,149
fixed_train,7,4,impressed|3|01,"ac411100, ac415100, ac419100",8,0.99093870177859422,0.013673570350428821,153,149
fixed_train,7,4,impressed|3|01,"ac411100, ac415100, ac419100",9,0.99093870177859422,0.01478864609386743,153,150
fixed_train,7,4,impressed|3|02,"ac10307, ac411100, ac419100",0,0.99093870177859422,0.008005446485478962,103,100
fixed_train,7,4,impressed|3|02,"ac10307, ac411100, ac419100",1,0.99093870177859422,0.0068823265686013269,103,101
fixed_train,7,4,impressed|3|02,"ac10307, ac411100, ac419100",2,0.99093870177859422,0.0068823265686013269,103,98
fixed_train,7,4,impressed|3|02,"ac10307, ac411100, ac419100",3,0.99093870177859422,0.0068823265686013269,103,99
fixed_train,7,4,impressed|3|02,"ac10307, ac411100, ac419100",4,0.99093870177859422,0.0068823265686013269,103,101
fixed_train,7,4,impressed|3|02,"ac10307, ac411100, ac419100",5,0.99093870177859422,0.0057298805245610263,103,100
fixed_train,7,4,impressed|3|02,"ac10307, ac411100, ac419100",6,0.99093870177859422,0.008005446485478962,103,98
fixed_train,7,4,impressed|3|02,"ac10307, ac411100, ac419100",7,0.99093870177859422,0.0068823265686013269,103,100
fixed_train,7,4,impressed|3|02,"ac10307, ac411100, ac419100",8,0.99093870177859422,0.0068823265686013269,103,101
fixed_train,7,4,impressed|3|02,"ac10307, ac411100, ac419100",9,0.99093870177859422,0.0068823265686013269,103,103
fixed_train,7,4,impressed|3|03,"ac370000, ac411100, ac415100",0,0.99093870177859422,0.015901827766850452,100,100
fixed_train,7,4,impressed|3|03,"ac370000, ac411100, ac415100",1,0.99093870177859422,0.014832144368232769,100,100
fixed_train,7,4,impressed|3|03,"ac370000, ac411100, ac415100",2,0.99093870177859422,0.011437647937175055,100,100
fixed_train,7,4,impressed|3|03,"ac370000, ac411100, ac415100",3,0.99093870177859422,0.008005446485478962,100,100
fixed_train,7,4,impressed|3|03,"ac370000, ac411100, ac415100",4,0.99093870177859422,0.011326622776757445,100,100
fixed_train,7,4,impressed|3|03,"ac370000, ac411100, ac415100",5,0.99093870177859422,0.017013137302995585,100,100
fixed_train,7,4,impressed|3|03,"ac370000, ac411100, ac415100",6,0.99093870177859422,0.013632452677008855,100,99
fixed_train,7,4,impressed|3|03,"ac370000, ac411100, ac415100",7,0.99093870177859422,0.012596527545297387,100,100
fixed_train,7,4,impressed|3|03,"ac370000, ac411100, ac415100",8,0.99093870177859422,0.014745795083482505,100,100
fixed_train,7,4,impressed|3|03,"ac370000, ac411100, ac415100",9,0.99093870177859422,0.013673570350428821,100,100
fixed_train,7,4,impressed|3|04,"ac355201, ac415100, ac419100",0,0.99093870177859422,0.0022453739963059771,20,20
fixed_train,7,4,impressed|3|04,"ac355201, ac415100, ac419100",1,0.99093870177859422,0.0044831255420550997,20,20
fixed_train,7,4,impressed|3|04,"ac355201, ac415100, ac419100",2,0.99093870177859422,0.0011236507633157755,20,20
fixed_train,7,4,impressed|3|04,"ac355201, ac415100, ac419100",3,0.99093870177859422,0.0022453739963059771,20,19
fixed_train,7,4,impressed|3|04,"ac355201, ac415100, ac419100",4,0.99093870177859422,0.0011236507633157755,20,20
fixed_train,7,4,impressed|3|04,"ac355201, ac415100, ac419100",5,0.99093870177859422,0.0044831255420550997,20,20
fixed_train,7,4,impressed|3|04,"ac355201, ac415100, ac419100",6,0.99093870177859422,0.0022453739963059771,20,20
fixed_train,7,4,impressed|3|04,"ac355201, ac415100, ac419100",7,0.99093870177859422,0.0022453739963059771,20,20
fixed_train,7,4,impressed|3|04,"ac355201, ac415100, ac419100",8,0.99093870177859422,0.0011236507633157755,20,20
fixed_train,7,4,impressed|3|04,"ac355201, ac415100, ac419100",9,0.99093870177859422,0.00336519166452387,20,20
fixed_train,7,4,impressed|3|05,"ac355201, ac411100, ac419100",0,0.99093870177859422,0,20,20
fixed_train,7,4,impressed|3|05,"ac355201, ac411100, ac419100",1,0.99093870177859422,0.0011236507633157755,20,20
fixed_train,7,4,impressed|3|05,"ac355201, ac411100, ac419100",2,0.99093870177859422,0.0011236507633157755,20,20
fixed_train,7,4,impressed|3|05,"ac355201, ac411100, ac419100",3,0.99093870177859422,0,20,20
fixed_train,7,4,impressed|3|05,"ac355201, ac411100, ac419100",4,0.99093870177859422,0.0022453739963059771,20,20
fixed_train,7,4,impressed|3|05,"ac355201, ac411100, ac419100",5,0.99093870177859422,0.0011236507633157755,20,20
fixed_train,7,4,impressed|3|05,"ac355201, ac411100, ac419100",6,0.99093870177859422,0.0011236507633157755,20,20
fixed_train,7,4,impressed|3|05,"ac355201, ac411100, ac419100",7,0.99093870177859422,0.0011236507633157755,20,20
fixed_train,7,4,impressed|3|05,"ac355201, ac411100, ac419100",8,0.99093870177859422,0.0022453739963059771,20,19
fixed_train,7,4,impressed|3|05,"ac355201, ac411100, ac419100",9,0.99093870177859422,0,20,20
fixed_train,7,4,impressed|3|06,"ac355427, ac415100, ac419100",0,0.99093870177859422,0.0011417417664033591,16,15
fixed_train,7,4,impressed|3|06,"ac355427, ac415100, ac419100",1,0.99093870177859422,0.0011417417664033591,16,14
fixed_train,7,4,impressed|3|06,"ac355427, ac415100, ac419100",2,0.99093870177859422,0.0011417417664033591,16,16
fixed_train,7,4,impressed|3|06,"ac355427, ac415100, ac419100",3,0.99093870177859422,0.0011417417664033591,16,16
fixed_train,7,4,impressed|3|06,"ac355427, ac415100, ac419100",4,0.99093870177859422,0.0011417417664033591,16,16
fixed_train,7,4,impressed|3|06,"ac355427, ac415100, ac419100",5,0.99093870177859422,0.0011417417664033591,16,14
fixed_train,7,4,impressed|3|06,"ac355427, ac415100, ac419100",6,0.99093870177859422,0.0011417417664033591,16,16
fixed_train,7,4,impressed|3|06,"ac355427, ac415100, ac419100",7,0.99093870177859422,0.0011417417664033591,16,14
fixed_train,7,4,impressed|3|06,"ac355427, ac415100, ac419100",8,0.99093870177859422,0,16,15
fixed_train,7,4,impressed|3|06,"ac355427, ac415100, ac419100",9,0.99093870177859422,0.0011417417664033591,16,15
fixed_train,7,4,impressed|3|07,"370407, ac10307, ac370000",0,0.99093870177859422,0.008005446485478962,37,37
fixed_train,7,4,impressed|3|07,"370407, ac10307, ac370000",1,0.99093870177859422,0.0091938811003181575,37,37
fixed_train,7,4,impressed|3|07,"370407, ac10307, ac370000",2,0.99093870177859422,0.0068823265686013269,37,37
fixed_train,7,4,impressed|3|07,"370407, ac10307, ac370000",3,0.99093870177859422,0.0091599872528881354,37,37
fixed_train,7,4,impressed|3|07,"370407, ac10307, ac370000",4,0.99093870177859422,0.0080369852786228435,37,37
fixed_train,7,4,impressed|3|07,"370407, ac10307, ac370000",5,0.99093870177859422,0.0080369852786228435,37,37
fixed_train,7,4,impressed|3|07,"370407, ac10307, ac370000",6,0.99093870177859422,0.0091938811003181575,37,37
fixed_train,7,4,impressed|3|07,"370407, ac10307, ac370000",7,0.99093870177859422,0.0068823265686013269,37,37
fixed_train,7,4,impressed|3|07,"370407, ac10307, ac370000",8,0.99093870177859422,0.0080369852786228435,37,37
fixed_train,7,4,impressed|3|07,"370407, ac10307, ac370000",9,0.99093870177859422,0.011475778515533608,37,37
fixed_train,7,4,impressed|3|08,"376400, ac370000, ac411100",0,0.99093870177859422,0.0022855772278016495,33,33
fixed_train,7,4,impressed|3|08,"376400, ac370000, ac411100",1,0.99093870177859422,0.00340908398591655,33,33
fixed_train,7,4,impressed|3|08,"376400, ac370000, ac411100",2,0.99093870177859422,0.00340908398591655,33,33
fixed_train,7,4,impressed|3|08,"376400, ac370000, ac411100",3,0.99093870177859422,0.00340908398591655,33,33
fixed_train,7,4,impressed|3|08,"376400, ac370000, ac411100",4,0.99093870177859422,0.004530649110702889,33,33
fixed_train,7,4,impressed|3|08,"376400, ac370000, ac411100",5,0.99093870177859422,0.00340908398591655,33,32
fixed_train,7,4,impressed|3|08,"376400, ac370000, ac411100",6,0.99093870177859422,0.00340908398591655,33,33
fixed_train,7,4,impressed|3|08,"376400, ac370000, ac411100",7,0.99093870177859422,0.00340908398591655,33,33
fixed_train,7,4,impressed|3|08,"376400, ac370000, ac411100",8,0.99093870177859422,0.004530649110702889,33,33
fixed_train,7,4,impressed|3|08,"376400, ac370000, ac411100",9,0.99093870177859422,0.00340908398591655,33,33
fixed_train,7,4,impressed|3|09,"ac410500, ac411100, ac415100",0,0.99093870177859422,0,8,8
fixed_train,7,4,impressed|3|09,"ac410500, ac411100, ac415100",1,0.99093870177859422,0,8,8
fixed_train,7,4,impressed|3|09,"ac410500, ac411100, ac415100",2,0.99093870177859422,0,8,8
fixed_train,7,4,impressed|3|09,"ac410500, ac411100, ac415100",3,0.99093870177859422,0,8,8
fixed_train,7,4,impressed|3|09,"ac410500, ac411100, ac415100",4,0.99093870177859422,0.0022453739963059771,8,8
fixed_train,7,4,impressed|3|09,"ac410500, ac411100, ac415100",5,0.99093870177859422,0,8,8
fixed_train,7,4,impressed|3|09,"ac410500, ac411100, ac415100",6,0.99093870177859422,0,8,8
fixed_train,7,4,impressed|3|09,"ac410500, ac411100, ac415100",7,0.99093870177859422,0.0011236507633157755,8,7
fixed_train,7,4,impressed|3|09,"ac410500, ac411100, ac415100",8,0.99093870177859422,0,8,8
fixed_train,7,4,impressed|3|09,"ac410500, ac411100, ac415100",9,0.99093870177859422,0,8,8
fixed_train,7,4,impressed|3|10,"ac379999, ac415100, ac419100",0,0.99093870177859422,0.012402638854290715,104,104
fixed_train,7,4,impressed|3|10,"ac379999, ac415100, ac419100",1,0.99093870177859422,0.01017693874973491,104,104
fixed_train,7,4,impressed|3|10,"ac379999, ac415100, ac419100",2,0.99093870177859422,0.011290711770475359,104,104
fixed_train,7,4,impressed|3|10,"ac379999, ac415100, ac419100",3,0.99093870177859422,0.011255337423785594,104,104
fixed_train,7,4,impressed|3|10,"ac379999, ac415100, ac419100",4,0.99093870177859422,0.011290711770475359,104,104
fixed_train,7,4,impressed|3|10,"ac379999, ac415100, ac419100",5,0.99093870177859422,0.011290711770475359,104,104
fixed_train,7,4,impressed|3|10,"ac379999, ac415100, ac419100",6,0.99093870177859422,0.0079437684249430429,104,103
fixed_train,7,4,impressed|3|10,"ac379999, ac415100, ac419100",7,0.99093870177859422,0.012402638854290715,104,104
fixed_train,7,4,impressed|3|10,"ac379999, ac415100, ac419100",8,0.99093870177859422,0.01017693874973491,104,104
fixed_train,7,4,impressed|3|10,"ac379999, ac415100, ac419100",9,0.99093870177859422,0.013512741384362315,104,104
