setting,seed,fold,itemset_id,itemset,repeat,baseline,importance,n_traces_with_itemset,n_traces_changed
fixed_test,18,0,0,"370407, ac370000",0,0.88824097847364603,0.0046290889805111757,134,134
fixed_test,18,0,0,"370407, ac370000",1,0.88824097847364603,0.012933900364391016,134,134
fixed_test,18,0,0,"370407, ac370000",2,0.88824097847364603,0.0035116727425904548,134,133
fixed_test,18,0,0,"370407, ac370000",3,0.88824097847364603,0.0037588932893676263,134,134
fixed_test,18,0,0,"370407, ac370000",4,0.88824097847364603,0.012933900364391016,134,134
fixed_test,18,0,0,"370407, ac370000",5,0.88824097847364603,0.01264488673673092,134,133
fixed_test,18,0,0,"370407, ac370000",6,0.88824097847364603,-0.0094537551496522987,134,134
fixed_test,18,0,0,"370407, ac370000",7,0.88824097847364603,0.012134783783380509,134,133
fixed_test,18,0,0,"370407, ac370000",8,0.88824097847364603,0.01264488673673092,134,134
fixed_test,18,0,0,"370407, ac370000",9,0.88824097847364603,-0.00028928579566278589,134,134
fixed_test,18,0,0,"370407, ac370000",10,0.88824097847364603,-0.00028928579566278589,134,133
fixed_test,18,0,0,"370407, ac370000",11,0.88824097847364603,-0.00028928579566278589,134,133
fixed_test,18,0,0,"370407, ac370000",12,0.88824097847364603,0.012378649224816907,134,134
fixed_test,18,0,0,"370407, ac370000",13,0.88824097847364603,-0.013786011469339998,134,134
fixed_test,18,0,0,"370407, ac370000",14,0.88824097847364603,0.008628293062792558,134,134
fixed_test,18,0,0,"370407, ac370000",15,0.88824097847364603,0.0040272630864806036,134,133
fixed_test,18,0,0,"370407, ac370000",16,0.88824097847364603,0.0037588932893676263,134,133
fixed_test,18,0,0,"370407, ac370000",17,0.88824097847364603,-0.0051271001579955566,134,134
fixed_test,18,0,0,"370407, ac370000",18,0.88824097847364603,0.0083384650897742052,134,130
fixed_test,18,0,0,"370407, ac370000",19,0.88824097847364603,-0.00080547829442456642,134,133
fixed_test,18,0,0,"370407, ac370000",20,0.88824097847364603,-0.0094537551496522987,134,132
fixed_test,18,0,0,"370407, ac370000",21,0.88824097847364603,0.0083384650897742052,134,132
fixed_test,18,0,0,"370407, ac370000",22,0.88824097847364603,-0.0089407217221083579,134,132
fixed_test,18,0,0,"370407, ac370000",23,0.88824097847364603,0.0037588932893676263,134,132
fixed_test,18,0,0,"370407, ac370000",24,0.88824097847364603,0.0043171846301156558,134,131
fixed_test,18,0,0,"370407, ac370000",25,0.88824097847364603,0.0035116727425904548,134,134
fixed_test,18,0,0,"370407, ac370000",26,0.88824097847364603,0.021840537642301316,134,133
fixed_test,18,0,0,"370407, ac370000",27,0.88824097847364603,-0.0094537551496522987,134,133
fixed_test,18,0,0,"370407, ac370000",28,0.88824097847364603,0.0043171846301156558,134,132
fixed_test,18,0,0,"370407, ac370000",29,0.88824097847364603,-0.0092068646541180188,134,132
fixed_test,18,0,1,"ac370000, ac370419",0,0.88824097847364603,0.017545871921247791,130,129
fixed_test,18,0,1,"ac370000, ac370419",1,0.88824097847364603,-0.0046117543049973841,130,129
fixed_test,18,0,1,"ac370000, ac370419",2,0.88824097847364603,-0.0048793741914298083,130,130
fixed_test,18,0,1,"ac370000, ac370419",3,0.88824097847364603,-0.018124443512573252,130,129
fixed_test,18,0,1,"ac370000, ac370419",4,0.88824097847364603,0.0043171846301156558,130,130
fixed_test,18,0,1,"ac370000, ac370419",5,0.88824097847364603,-0.013540693240110424,130,127
fixed_test,18,0,1,"ac370000, ac370419",6,0.88824097847364603,0.0083384650897742052,130,129
fixed_test,18,0,1,"ac370000, ac370419",7,0.88824097847364603,0.01264488673673092,130,130
fixed_test,18,0,1,"ac370000, ac370419",8,0.88824097847364603,-0.013540693240110424,130,130
fixed_test,18,0,1,"ac370000, ac370419",9,0.88824097847364603,-0.013786011469339998,130,129
fixed_test,18,0,1,"ac370000, ac370419",10,0.88824097847364603,-0.0048793741914298083,130,130
fixed_test,18,0,1,"ac370000, ac370419",11,0.88824097847364603,-0.0046117543049973841,130,129
fixed_test,18,0,1,"ac370000, ac370419",12,0.88824097847364603,0,130,129
fixed_test,18,0,1,"ac370000, ac370419",13,0.88824097847364603,0.0040272630864806036,130,129
fixed_test,18,0,1,"ac370000, ac370419",14,0.88824097847364603,-0.0043238425969399641,130,129
fixed_test,18,0,1,"ac370000, ac370419",15,0.88824097847364603,0.0040272630864806036,130,129
fixed_test,18,0,1,"ac370000, ac370419",16,0.88824097847364603,0.0078249096460480949,130,129
fixed_test,18,0,1,"ac370000, ac370419",17,0.88824097847364603,-0.013540693240110424,130,129
fixed_test,18,0,1,"ac370000, ac370419",18,0.88824097847364603,-0.0043238425969399641,130,130
fixed_test,18,0,1,"ac370000, ac370419",19,0.88824097847364603,0,130,130
fixed_test,18,0,1,"ac370000, ac370419",20,0.88824097847364603,-0.00028928579566278589,130,130
fixed_test,18,0,1,"ac370000, ac370419",21,0.88824097847364603,-0.0089407217221083579,130,130
fixed_test,18,0,1,"ac370000, ac370419",22,0.88824097847364603,0.0043171846301156558,130,130
fixed_test,18,0,1,"ac370000, ac370419",23,0.88824097847364603,-0.0051271001579955566,130,130
fixed_test,18,0,1,"ac370000, ac370419",24,0.88824097847364603,0,130,130
fixed_test,18,0,1,"ac370000, ac370419",25,0.88824097847364603,0.0037588932893676263,130,129
fixed_test,18,0,1,"ac370000, ac370419",26,0.88824097847364603,-0.0051271001579955566,130,130
fixed_test,18,0,1,"ac370000, ac370419",27,0.88824097847364603,0,130,129
fixed_test,18,0,1,"ac370000, ac370419",28,0.88824097847364603,-0.0046117543049973841,130,129
fixed_test,18,0,1,"ac370000, ac370419",29,0.88824097847364603,0.0040272630864806036,130,129
fixed_test,18,0,2,"ac370000, ac370443",0,0.88824097847364603,0.017545871921247791,127,127
fixed_test,18,0,2,"ac370000, ac370443",1,0.88824097847364603,0.012933900364391016,127,126
fixed_test,18,0,2,"ac370000, ac370443",2,0.88824097847364603,-0.0092068646541180188,127,127
fixed_test,18,0,2,"ac370000, ac370443",3,0.88824097847364603,0.0040272630864806036,127,127
fixed_test,18,0,2,"ac370000, ac370443",4,0.88824097847364603,-0.0043238425969399641,127,126
fixed_test,18,0,2,"ac370000, ac370443",5,0.88824097847364603,-0.0086549319527784441,127,125
fixed_test,18,0,2,"ac370000, ac370443",6,0.88824097847364603,-0.00028928579566278589,127,127
fixed_test,18,0,2,"ac370000, ac370443",7,0.88824097847364603,0,127,125
fixed_test,18,0,2,"ac370000, ac370443",8,0.88824097847364603,-0.0089407217221083579,127,125
fixed_test,18,0,2,"ac370000, ac370443",9,0.88824097847364603,-0.01762050495917622,127,126
fixed_test,18,0,2,"ac370000, ac370443",10,0.88824097847364603,-0.0094537551496522987,127,124
fixed_test,18,0,2,"ac370000, ac370443",11,0.88824097847364603,0.017881443444216494,127,126
fixed_test,18,0,2,"ac370000, ac370443",12,0.88824097847364603,0.0089407217221083579,127,126
fixed_test,18,0,2,"ac370000, ac370443",13,0.88824097847364603,0.008070805164129724,127,127
fixed_test,18,0,2,"ac370000, ac370443",14,0.88824097847364603,0.00031064105361944261,127,127
fixed_test,18,0,2,"ac370000, ac370443",15,0.88824097847364603,0.0040272630864806036,127,127
fixed_test,18,0,2,"ac370000, ac370443",16,0.88824097847364603,0.0046290889805111757,127,127
fixed_test,18,0,2,"ac370000, ac370443",17,0.88824097847364603,-0.0043238425969399641,127,127
fixed_test,18,0,2,"ac370000, ac370443",18,0.88824097847364603,-0.0092068646541180188,127,127
fixed_test,18,0,2,"ac370000, ac370443",19,0.88824097847364603,-0.0086549319527784441,127,126
fixed_test,18,0,2,"ac370000, ac370443",20,0.88824097847364603,0.0043171846301156558,127,127
fixed_test,18,0,2,"ac370000, ac370443",21,0.88824097847364603,-0.0043238425969399641,127,127
fixed_test,18,0,2,"ac370000, ac370443",22,0.88824097847364603,0.008628293062792558,127,127
fixed_test,18,0,2,"ac370000, ac370443",23,0.88824097847364603,0,127,127
fixed_test,18,0,2,"ac370000, ac370443",24,0.88824097847364603,-0.00028928579566278589,127,125
fixed_test,18,0,2,"ac370000, ac370443",25,0.88824097847364603,-0.0046117543049973841,127,127
fixed_test,18,0,2,"ac370000, ac370443",26,0.88824097847364603,0,127,126
fixed_test,18,0,2,"ac370000, ac370443",27,0.88824097847364603,0.017234575209487457,127,127
fixed_test,18,0,2,"ac370000, ac370443",28,0.88824097847364603,-0.00028928579566278589,127,126
fixed_test,18,0,2,"ac370000, ac370443",29,0.88824097847364603,0.0037588932893676263,127,126
fixed_test,18,0,3,"ac370000, ac370419, ac370443",0,0.88824097847364603,0.0089407217221083579,126,125
fixed_test,18,0,3,"ac370000, ac370419, ac370443",1,0.88824097847364603,0.008628293062792558,126,126
fixed_test,18,0,3,"ac370000, ac370419, ac370443",2,0.88824097847364603,0.008070805164129724,126,126
fixed_test,18,0,3,"ac370000, ac370419, ac370443",3,0.88824097847364603,-0.013276774174391215,126,126
fixed_test,18,0,3,"ac370000, ac370419, ac370443",4,0.88824097847364603,0.008628293062792558,126,126
fixed_test,18,0,3,"ac370000, ac370419, ac370443",5,0.88824097847364603,-0.0092068646541180188,126,125
fixed_test,18,0,3,"ac370000, ac370419, ac370443",6,0.88824097847364603,0.0083384650897742052,126,125
fixed_test,18,0,3,"ac370000, ac370419, ac370443",7,0.88824097847364603,-0.014013093605358629,126,125
fixed_test,18,0,3,"ac370000, ac370419, ac370443",8,0.88824097847364603,-0.00028928579566278589,126,126
fixed_test,18,0,3,"ac370000, ac370419, ac370443",9,0.88824097847364603,0.0043171846301156558,126,126
fixed_test,18,0,3,"ac370000, ac370419, ac370443",10,0.88824097847364603,0.0040272630864806036,126,126
fixed_test,18,0,3,"ac370000, ac370419, ac370443",11,0.88824097847364603,0.008628293062792558,126,126
fixed_test,18,0,3,"ac370000, ac370419, ac370443",12,0.88824097847364603,0.013582020557962426,126,126
fixed_test,18,0,3,"ac370000, ac370419, ac370443",13,0.88824097847364603,0,126,126
fixed_test,18,0,3,"ac370000, ac370419, ac370443",14,0.88824097847364603,-0.0089407217221083579,126,126
fixed_test,18,0,3,"ac370000, ac370419, ac370443",15,0.88824097847364603,-0.0051271001579955566,126,126
fixed_test,18,0,3,"ac370000, ac370419, ac370443",16,0.88824097847364603,0.012933900364391016,126,126
fixed_test,18,0,3,"ac370000, ac370419, ac370443",17,0.88824097847364603,0.0083384650897742052,126,126
fixed_test,18,0,3,"ac370000, ac370419, ac370443",18,0.88824097847364603,0.025541047597514965,126,126
fixed_test,18,0,3,"ac370000, ac370419, ac370443",19,0.88824097847364603,0.013246123565228585,126,126
fixed_test,18,0,3,"ac370000, ac370419, ac370443",20,0.88824097847364603,-0.00028928579566278589,126,126
fixed_test,18,0,3,"ac370000, ac370419, ac370443",21,0.88824097847364603,0.0043171846301156558,126,126
fixed_test,18,0,3,"ac370000, ac370419, ac370443",22,0.88824097847364603,-0.0092068646541180188,126,126
fixed_test,18,0,3,"ac370000, ac370419, ac370443",23,0.88824097847364603,0.0037588932893676263,126,126
fixed_test,18,0,3,"ac370000, ac370419, ac370443",24,0.88824097847364603,0.0089407217221083579,126,126
fixed_test,18,0,3,"ac370000, ac370419, ac370443",25,0.88824097847364603,0.012933900364391016,126,125
fixed_test,18,0,3,"ac370000, ac370419, ac370443",26,0.88824097847364603,-0.013786011469339998,126,126
fixed_test,18,0,3,"ac370000, ac370419, ac370443",27,0.88824097847364603,0.0040272630864806036,126,126
fixed_test,18,0,3,"ac370000, ac370419, ac370443",28,0.88824097847364603,-0.013786011469339998,126,125
fixed_test,18,0,3,"ac370000, ac370419, ac370443",29,0.88824097847364603,0.008628293062792558,126,126
fixed_test,18,0,4,"ac370419, ac370443",0,0.88824097847364603,-0.0048793741914298083,126,126
fixed_test,18,0,4,"ac370419, ac370443",1,0.88824097847364603,-0.0092068646541180188,126,125
fixed_test,18,0,4,"ac370419, ac370443",2,0.88824097847364603,-0.017881443444216605,126,126
fixed_test,18,0,4,"ac370419, ac370443",3,0.88824097847364603,-0.0046117543049973841,126,125
fixed_test,18,0,4,"ac370419, ac370443",4,0.88824097847364603,0.0040272630864806036,126,126
fixed_test,18,0,4,"ac370419, ac370443",5,0.88824097847364603,0.0043171846301156558,126,125
fixed_test,18,0,4,"ac370419, ac370443",6,0.88824097847364603,-0.0046117543049973841,126,126
fixed_test,18,0,4,"ac370419, ac370443",7,0.88824097847364603,-0.00028928579566278589,126,126
fixed_test,18,0,4,"ac370419, ac370443",8,0.88824097847364603,0.0040272630864806036,126,126
fixed_test,18,0,4,"ac370419, ac370443",9,0.88824097847364603,-0.0086549319527784441,126,126
fixed_test,18,0,4,"ac370419, ac370443",10,0.88824097847364603,0.013246123565228585,126,126
fixed_test,18,0,4,"ac370419, ac370443",11,0.88824097847364603,0,126,125
fixed_test,18,0,4,"ac370419, ac370443",12,0.88824097847364603,0.0040272630864806036,126,125
fixed_test,18,0,4,"ac370419, ac370443",13,0.88824097847364603,0.017545871921247791,126,126
fixed_test,18,0,4,"ac370419, ac370443",14,0.88824097847364603,0.0046290889805111757,126,125
fixed_test,18,0,4,"ac370419, ac370443",15,0.88824097847364603,-0.013276774174391215,126,126
fixed_test,18,0,4,"ac370419, ac370443",16,0.88824097847364603,0,126,125
fixed_test,18,0,4,"ac370419, ac370443",17,0.88824097847364603,0.0089407217221083579,126,125
fixed_test,18,0,4,"ac370419, ac370443",18,0.88824097847364603,-0.0089407217221083579,126,126
fixed_test,18,0,4,"ac370419, ac370443",19,0.88824097847364603,0.0040272630864806036,126,126
fixed_test,18,0,4,"ac370419, ac370443",20,0.88824097847364603,-0.0089407217221083579,126,126
fixed_test,18,0,4,"ac370419, ac370443",21,0.88824097847364603,-0.0043238425969399641,126,125
fixed_test,18,0,4,"ac370419, ac370443",22,0.88824097847364603,0.017234575209487457,126,126
fixed_test,18,0,4,"ac370419, ac370443",23,0.88824097847364603,0.0089407217221083579,126,126
fixed_test,18,0,4,"ac370419, ac370443",24,0.88824097847364603,-0.0048793741914298083,126,126
fixed_test,18,0,4,"ac370419, ac370443",25,0.88824097847364603,-0.0092068646541180188,126,126
fixed_test,18,0,4,"ac370419, ac370443",26,0.88824097847364603,-0.0048793741914298083,126,124
fixed_test,18,0,4,"ac370419, ac370443",27,0.88824097847364603,0.0043171846301156558,126,125
fixed_test,18,0,4,"ac370419, ac370443",28,0.88824097847364603,-0.013786011469339998,126,126
fixed_test,18,0,4,"ac370419, ac370443",29,0.88824097847364603,-0.0048793741914298083,126,125
fixed_test,18,0,5,"ac370000, ac370442",0,0.88824097847364603,0.0040272630864806036,124,124
fixed_test,18,0,5,"ac370000, ac370442",1,0.88824097847364603,-0.00028928579566278589,124,124
fixed_test,18,0,5,"ac370000, ac370442",2,0.88824097847364603,0,124,123
fixed_test,18,0,5,"ac370000, ac370442",3,0.88824097847364603,-0.0048793741914298083,124,123
fixed_test,18,0,5,"ac370000, ac370442",4,0.88824097847364603,-0.0089407217221083579,124,124
fixed_test,18,0,5,"ac370000, ac370442",5,0.88824097847364603,0.0046290889805111757,124,123
fixed_test,18,0,5,"ac370000, ac370442",6,0.88824097847364603,0.0040272630864806036,124,123
fixed_test,18,0,5,"ac370000, ac370442",7,0.88824097847364603,0.0040272630864806036,124,124
fixed_test,18,0,5,"ac370000, ac370442",8,0.88824097847364603,-0.0046117543049973841,124,122
fixed_test,18,0,5,"ac370000, ac370442",9,0.88824097847364603,-0.00028928579566278589,124,124
fixed_test,18,0,5,"ac370000, ac370442",10,0.88824097847364603,0.0083384650897742052,124,124
fixed_test,18,0,5,"ac370000, ac370442",11,0.88824097847364603,0.0037588932893676263,124,123
fixed_test,18,0,5,"ac370000, ac370442",12,0.88824097847364603,-0.013276774174391215,124,124
fixed_test,18,0,5,"ac370000, ac370442",13,0.88824097847364603,-0.013276774174391215,124,122
fixed_test,18,0,5,"ac370000, ac370442",14,0.88824097847364603,0.0046290889805111757,124,124
fixed_test,18,0,5,"ac370000, ac370442",15,0.88824097847364603,-0.0089407217221083579,124,124
fixed_test,18,0,5,"ac370000, ac370442",16,0.88824097847364603,0.0089407217221083579,124,124
fixed_test,18,0,5,"ac370000, ac370442",17,0.88824097847364603,0.0040272630864806036,124,123
fixed_test,18,0,5,"ac370000, ac370442",18,0.88824097847364603,-0.0043238425969399641,124,124
fixed_test,18,0,5,"ac370000, ac370442",19,0.88824097847364603,0.008628293062792558,124,123
fixed_test,18,0,5,"ac370000, ac370442",20,0.88824097847364603,-0.018124443512573252,124,124
fixed_test,18,0,5,"ac370000, ac370442",21,0.88824097847364603,0,124,122
fixed_test,18,0,5,"ac370000, ac370442",22,0.88824097847364603,0.0043171846301156558,124,124
fixed_test,18,0,5,"ac370000, ac370442",23,0.88824097847364603,0.0043171846301156558,124,124
fixed_test,18,0,5,"ac370000, ac370442",24,0.88824097847364603,0.0040272630864806036,124,123
fixed_test,18,0,5,"ac370000, ac370442",25,0.88824097847364603,0.0089407217221083579,124,124
fixed_test,18,0,5,"ac370000, ac370442",26,0.88824097847364603,-0.00055764502993904674,124,124
fixed_test,18,0,5,"ac370000, ac370442",27,0.88824097847364603,-0.00028928579566278589,124,124
fixed_test,18,0,5,"ac370000, ac370442",28,0.88824097847364603,-0.0046117543049973841,124,124
fixed_test,18,0,5,"ac370000, ac370442",29,0.88824097847364603,0.012933900364391016,124,124
fixed_test,18,0,6,"370407, ac370000, ac370419",0,0.88824097847364603,-0.0092068646541180188,125,125
fixed_test,18,0,6,"370407, ac370000, ac370419",1,0.88824097847364603,-0.0015986473707526594,125,125
fixed_test,18,0,6,"370407, ac370000, ac370419",2,0.88824097847364603,-0.014013093605358629,125,125
fixed_test,18,0,6,"370407, ac370000, ac370419",3,0.88824097847364603,0.021245625707043359,125,123
fixed_test,18,0,6,"370407, ac370000, ac370419",4,0.88824097847364603,0.012933900364391016,125,125
fixed_test,18,0,6,"370407, ac370000, ac370419",5,0.88824097847364603,0.0083384650897742052,125,125
fixed_test,18,0,6,"370407, ac370000, ac370419",6,0.88824097847364603,-0.00055764502993904674,125,125
fixed_test,18,0,6,"370407, ac370000, ac370419",7,0.88824097847364603,-0.014222280221862671,125,125
fixed_test,18,0,6,"370407, ac370000, ac370419",8,0.88824097847364603,-0.013540693240110424,125,125
fixed_test,18,0,6,"370407, ac370000, ac370419",9,0.88824097847364603,0.008628293062792558,125,125
fixed_test,18,0,6,"370407, ac370000, ac370419",10,0.88824097847364603,-0.018124443512573252,125,125
fixed_test,18,0,6,"370407, ac370000, ac370419",11,0.88824097847364603,-0.0051271001579955566,125,125
fixed_test,18,0,6,"370407, ac370000, ac370419",12,0.88824097847364603,0.0037588932893676263,125,125
fixed_test,18,0,6,"370407, ac370000, ac370419",13,0.88824097847364603,0.016947088622684126,125,125
fixed_test,18,0,6,"370407, ac370000, ac370419",14,0.88824097847364603,0.0083384650897742052,125,125
fixed_test,18,0,6,"370407, ac370000, ac370419",15,0.88824097847364603,0.013582020557962426,125,125
fixed_test,18,0,6,"370407, ac370000, ac370419",16,0.88824097847364603,0.047247753409624393,125,125
fixed_test,18,0,6,"370407, ac370000, ac370419",17,0.88824097847364603,-0.0048793741914298083,125,124
fixed_test,18,0,6,"370407, ac370000, ac370419",18,0.88824097847364603,0.0040272630864806036,125,125
fixed_test,18,0,6,"370407, ac370000, ac370419",19,0.88824097847364603,0.012134783783380509,125,125
fixed_test,18,0,6,"370407, ac370000, ac370419",20,0.88824097847364603,-0.00055764502993904674,125,125
fixed_test,18,0,6,"370407, ac370000, ac370419",21,0.88824097847364603,-0.01762050495917622,125,125
fixed_test,18,0,6,"370407, ac370000, ac370419",22,0.88824097847364603,0.026130685329200709,125,125
fixed_test,18,0,6,"370407, ac370000, ac370419",23,0.88824097847364603,-0.00028928579566278589,125,125
fixed_test,18,0,6,"370407, ac370000, ac370419",24,0.88824097847364603,-0.0092068646541180188,125,125
fixed_test,18,0,6,"370407, ac370000, ac370419",25,0.88824097847364603,-0.00028928579566278589,125,125
fixed_test,18,0,6,"370407, ac370000, ac370419",26,0.88824097847364603,-0.00028928579566278589,125,125
fixed_test,18,0,6,"370407, ac370000, ac370419",27,0.88824097847364603,-0.01834986526936544,125,125
fixed_test,18,0,6,"370407, ac370000, ac370419",28,0.88824097847364603,0.0083384650897742052,125,125
fixed_test,18,0,6,"370407, ac370000, ac370419",29,0.88824097847364603,-0.0048793741914298083,125,125
fixed_test,18,0,7,"370407, ac370419",0,0.88824097847364603,0.01264488673673092,125,125
fixed_test,18,0,7,"370407, ac370419",1,0.88824097847364603,0.0040272630864806036,125,125
fixed_test,18,0,7,"370407, ac370419",2,0.88824097847364603,-0.00055764502993904674,125,125
fixed_test,18,0,7,"370407, ac370419",3,0.88824097847364603,0.0037588932893676263,125,125
fixed_test,18,0,7,"370407, ac370419",4,0.88824097847364603,-0.013786011469339998,125,125
fixed_test,18,0,7,"370407, ac370419",5,0.88824097847364603,-0.0046117543049973841,125,124
fixed_test,18,0,7,"370407, ac370419",6,0.88824097847364603,0.013246123565228585,125,125
fixed_test,18,0,7,"370407, ac370419",7,0.88824097847364603,0.01264488673673092,125,125
fixed_test,18,0,7,"370407, ac370419",8,0.88824097847364603,0,125,125
fixed_test,18,0,7,"370407, ac370419",9,0.88824097847364603,0.012933900364391016,125,124
fixed_test,18,0,7,"370407, ac370419",10,0.88824097847364603,0,125,125
fixed_test,18,0,7,"370407, ac370419",11,0.88824097847364603,0.0083384650897742052,125,124
fixed_test,18,0,7,"370407, ac370419",12,0.88824097847364603,0.0043171846301156558,125,125
fixed_test,18,0,7,"370407, ac370419",13,0.88824097847364603,-0.00028928579566278589,125,124
fixed_test,18,0,7,"370407, ac370419",14,0.88824097847364603,0.016682978621781475,125,125
fixed_test,18,0,7,"370407, ac370419",15,0.88824097847364603,-0.00055764502993904674,125,125
fixed_test,18,0,7,"370407, ac370419",16,0.88824097847364603,-0.0092068646541180188,125,125
fixed_test,18,0,7,"370407, ac370419",17,0.88824097847364603,-0.00080547829442456642,125,125
fixed_test,18,0,7,"370407, ac370419",18,0.88824097847364603,0.017545871921247791,125,125
fixed_test,18,0,7,"370407, ac370419",19,0.88824097847364603,-0.00028928579566278589,125,125
fixed_test,18,0,7,"370407, ac370419",20,0.88824097847364603,0.0040272630864806036,125,125
fixed_test,18,0,7,"370407, ac370419",21,0.88824097847364603,-0.00055764502993904674,125,125
fixed_test,18,0,7,"370407, ac370419",22,0.88824097847364603,-0.00055764502993904674,125,125
fixed_test,18,0,7,"370407, ac370419",23,0.88824097847364603,-0.0092068646541180188,125,125
fixed_test,18,0,7,"370407, ac370419",24,0.88824097847364603,0.012933900364391016,125,124
fixed_test,18,0,7,"370407, ac370419",25,0.88824097847364603,-0.0048793741914298083,125,125
fixed_test,18,0,7,"370407, ac370419",26,0.88824097847364603,0.017234575209487457,125,123
fixed_test,18,0,7,"370407, ac370419",27,0.88824097847364603,0.012378649224816907,125,125
fixed_test,18,0,7,"370407, ac370419",28,0.88824097847364603,-0.0089407217221083579,125,124
fixed_test,18,0,7,"370407, ac370419",29,0.88824097847364603,0.0043171846301156558,125,125
fixed_test,18,0,8,"ac370442, ac370443",0,0.88824097847364603,0.0083384650897742052,124,123
fixed_test,18,0,8,"ac370442, ac370443",1,0.88824097847364603,0.013246123565228585,124,124
fixed_test,18,0,8,"ac370442, ac370443",2,0.88824097847364603,0.012933900364391016,124,124
fixed_test,18,0,8,"ac370442, ac370443",3,0.88824097847364603,0.012933900364391016,124,123
fixed_test,18,0,8,"ac370442, ac370443",4,0.88824097847364603,0.017545871921247791,124,122
fixed_test,18,0,8,"ac370442, ac370443",5,0.88824097847364603,0.0040272630864806036,124,124
fixed_test,18,0,8,"ac370442, ac370443",6,0.88824097847364603,0.0043171846301156558,124,124
fixed_test,18,0,8,"ac370442, ac370443",7,0.88824097847364603,-0.0092068646541180188,124,124
fixed_test,18,0,8,"ac370442, ac370443",8,0.88824097847364603,0.0037588932893676263,124,124
fixed_test,18,0,8,"ac370442, ac370443",9,0.88824097847364603,-0.00028928579566278589,124,124
fixed_test,18,0,8,"ac370442, ac370443",10,0.88824097847364603,-0.0048793741914298083,124,124
fixed_test,18,0,8,"ac370442, ac370443",11,0.88824097847364603,0.021840537642301316,124,123
fixed_test,18,0,8,"ac370442, ac370443",12,0.88824097847364603,-0.013540693240110424,124,124
fixed_test,18,0,8,"ac370442, ac370443",13,0.88824097847364603,-0.0089407217221083579,124,124
fixed_test,18,0,8,"ac370442, ac370443",14,0.88824097847364603,0.013246123565228585,124,123
fixed_test,18,0,8,"ac370442, ac370443",15,0.88824097847364603,0.0037588932893676263,124,123
fixed_test,18,0,8,"ac370442, ac370443",16,0.88824097847364603,-0.0092068646541180188,124,124
fixed_test,18,0,8,"ac370442, ac370443",17,0.88824097847364603,0.013582020557962426,124,123
fixed_test,18,0,8,"ac370442, ac370443",18,0.88824097847364603,-0.00028928579566278589,124,124
fixed_test,18,0,8,"ac370442, ac370443",19,0.88824097847364603,-0.022692648747250521,124,123
fixed_test,18,0,8,"ac370442, ac370443",20,0.88824097847364603,-0.0046117543049973841,124,122
fixed_test,18,0,8,"ac370442, ac370443",21,0.88824097847364603,0,124,124
fixed_test,18,0,8,"ac370442, ac370443",22,0.88824097847364603,-0.00028928579566278589,124,123
fixed_test,18,0,8,"ac370442, ac370443",23,0.88824097847364603,0.0043171846301156558,124,124
fixed_test,18,0,8,"ac370442, ac370443",24,0.88824097847364603,-0.00028928579566278589,124,124
fixed_test,18,0,8,"ac370442, ac370443",25,0.88824097847364603,0.0040272630864806036,124,124
fixed_test,18,0,8,"ac370442, ac370443",26,0.88824097847364603,0.0083384650897742052,124,123
fixed_test,18,0,8,"ac370442, ac370443",27,0.88824097847364603,-0.0046117543049973841,124,124
fixed_test,18,0,8,"ac370442, ac370443",28,0.88824097847364603,-0.00055764502993904674,124,124
fixed_test,18,0,8,"ac370442, ac370443",29,0.88824097847364603,-0.00028928579566278589,124,124
fixed_test,18,0,9,"ac370000, ac370419, ac370442",0,0.88824097847364603,0.0043171846301156558,123,123
fixed_test,18,0,9,"ac370000, ac370419, ac370442",1,0.88824097847364603,0.008070805164129724,123,123
fixed_test,18,0,9,"ac370000, ac370419, ac370442",2,0.88824097847364603,-0.0048793741914298083,123,123
fixed_test,18,0,9,"ac370000, ac370419, ac370442",3,0.88824097847364603,-0.013540693240110424,123,123
fixed_test,18,0,9,"ac370000, ac370419, ac370442",4,0.88824097847364603,-0.0043238425969399641,123,123
fixed_test,18,0,9,"ac370000, ac370419, ac370442",5,0.88824097847364603,-0.00028928579566278589,123,123
fixed_test,18,0,9,"ac370000, ac370419, ac370442",6,0.88824097847364603,0.008070805164129724,123,123
fixed_test,18,0,9,"ac370000, ac370419, ac370442",7,0.88824097847364603,0.008628293062792558,123,123
fixed_test,18,0,9,"ac370000, ac370419, ac370442",8,0.88824097847364603,-0.0048793741914298083,123,123
fixed_test,18,0,9,"ac370000, ac370419, ac370442",9,0.88824097847364603,0.0043171846301156558,123,123
fixed_test,18,0,9,"ac370000, ac370419, ac370442",10,0.88824097847364603,-0.0094537551496522987,123,123
fixed_test,18,0,9,"ac370000, ac370419, ac370442",11,0.88824097847364603,-0.018124443512573252,123,123
fixed_test,18,0,9,"ac370000, ac370419, ac370442",12,0.88824097847364603,-0.0089407217221083579,123,123
fixed_test,18,0,9,"ac370000, ac370419, ac370442",13,0.88824097847364603,0.0046290889805111757,123,123
fixed_test,18,0,9,"ac370000, ac370419, ac370442",14,0.88824097847364603,0.0046290889805111757,123,123
fixed_test,18,0,9,"ac370000, ac370419, ac370442",15,0.88824097847364603,-0.0046117543049973841,123,123
fixed_test,18,0,9,"ac370000, ac370419, ac370442",16,0.88824097847364603,-0.0043238425969399641,123,123
fixed_test,18,0,9,"ac370000, ac370419, ac370442",17,0.88824097847364603,0.0089407217221083579,123,123
fixed_test,18,0,9,"ac370000, ac370419, ac370442",18,0.88824097847364603,-0.00028928579566278589,123,123
fixed_test,18,0,9,"ac370000, ac370419, ac370442",19,0.88824097847364603,0.016682978621781475,123,123
fixed_test,18,0,9,"ac370000, ac370419, ac370442",20,0.88824097847364603,0.008628293062792558,123,123
fixed_test,18,0,9,"ac370000, ac370419, ac370442",21,0.88824097847364603,-0.00028928579566278589,123,123
fixed_test,18,0,9,"ac370000, ac370419, ac370442",22,0.88824097847364603,0.0043171846301156558,123,122
fixed_test,18,0,9,"ac370000, ac370419, ac370442",23,0.88824097847364603,-0.0043238425969399641,123,123
fixed_test,18,0,9,"ac370000, ac370419, ac370442",24,0.88824097847364603,0.0043171846301156558,123,123
fixed_test,18,0,9,"ac370000, ac370419, ac370442",25,0.88824097847364603,-0.013540693240110424,123,123
fixed_test,18,0,9,"ac370000, ac370419, ac370442",26,0.88824097847364603,-0.00055764502993904674,123,123
fixed_test,18,0,9,"ac370000, ac370419, ac370442",27,0.88824097847364603,-0.0046117543049973841,123,123
fixed_test,18,0,9,"ac370000, ac370419, ac370442",28,0.88824097847364603,-0.0043238425969399641,123,123
fixed_test,18,0,9,"ac370000, ac370419, ac370442",29,0.88824097847364603,-0.0092068646541180188,123,123
fixed_train,18,0,0,"370407, ac370000",0,0.99778761061946908,0.038726032366269036,534,531
fixed_train,18,0,0,"370407, ac370000",1,0.99778761061946908,0.035432734540517097,534,529
fixed_train,18,0,0,"370407, ac370000",2,0.99778761061946908,0.03651314470427991,534,528
fixed_train,18,0,0,"370407, ac370000",3,0.99778761061946908,0.041960024808623264,534,531
fixed_train,18,0,0,"370407, ac370000",4,0.99778761061946908,0.039823008849557584,534,532
fixed_train,18,0,0,"370407, ac370000",5,0.99778761061946908,0.028775098992716908,534,532
fixed_train,18,0,0,"370407, ac370000",6,0.99778761061946908,0.038744806622502126,534,532
fixed_train,18,0,0,"370407, ac370000",7,0.99778761061946908,0.036495811099634512,534,529
fixed_train,18,0,0,"370407, ac370000",8,0.99778761061946908,0.046377266227538905,534,531
fixed_train,18,0,0,"370407, ac370000",9,0.99778761061946908,0.040958709109152558,534,528
fixed_train,18,0,0,"370407, ac370000",10,0.99778761061946908,0.034283913929339271,534,534
fixed_train,18,0,0,"370407, ac370000",11,0.99778761061946908,0.039842059126019791,534,532
fixed_train,18,0,0,"370407, ac370000",12,0.99778761061946908,0.038726032366269036,534,531
fixed_train,18,0,0,"370407, ac370000",13,0.99778761061946908,0.038707708269929642,534,531
fixed_train,18,0,0,"370407, ac370000",14,0.99778761061946908,0.045302369942894494,534,532
fixed_train,18,0,0,"370407, ac370000",15,0.99778761061946908,0.033170186929949996,534,529
fixed_train,18,0,0,"370407, ac370000",16,0.99778761061946908,0.034317001649201151,534,527
fixed_train,18,0,0,"370407, ac370000",17,0.99778761061946908,0.038726032366269036,534,533
fixed_train,18,0,0,"370407, ac370000",18,0.99778761061946908,0.032072016759044142,534,532
fixed_train,18,0,0,"370407, ac370000",19,0.99778761061946908,0.03539823008849563,534,529
fixed_train,18,0,0,"370407, ac370000",20,0.99778761061946908,0.040882392331412998,534,532
fixed_train,18,0,0,"370407, ac370000",21,0.99778761061946908,0.034300257042290894,534,534
fixed_train,18,0,0,"370407, ac370000",22,0.99778761061946908,0.038707708269929642,534,529
fixed_train,18,0,0,"370407, ac370000",23,0.99778761061946908,0.046397199685477064,534,529
fixed_train,18,0,0,"370407, ac370000",24,0.99778761061946908,0.037685450286309208,534,531
fixed_train,18,0,0,"370407, ac370000",25,0.99778761061946908,0.039804419988165196,534,529
fixed_train,18,0,0,"370407, ac370000",26,0.99778761061946908,0.041996747593908146,534,530
fixed_train,18,0,0,"370407, ac370000",27,0.99778761061946908,0.042035398230088505,534,530
fixed_train,18,0,0,"370407, ac370000",28,0.99778761061946908,0.044227242026975366,534,525
fixed_train,18,0,0,"370407, ac370000",29,0.99778761061946908,0.039786290745186026,534,534
fixed_train,18,0,1,"ac370000, ac370419",0,0.99778761061946908,0.035468903638151472,522,515
fixed_train,18,0,1,"ac370000, ac370419",1,0.99778761061946908,0.031003896432158506,522,521
fixed_train,18,0,1,"ac370000, ac370419",2,0.99778761061946908,0.028834674452932529,522,518
fixed_train,18,0,1,"ac370000, ac370419",3,0.99778761061946908,0.039861572648875687,522,520
fixed_train,18,0,1,"ac370000, ac370419",4,0.99778761061946908,0.03651314470427991,522,521
fixed_train,18,0,1,"ac370000, ac370419",5,0.99778761061946908,0.03105232186960849,522,521
fixed_train,18,0,1,"ac370000, ac370419",6,0.99778761061946908,0.026602717045520197,522,518
fixed_train,18,0,1,"ac370000, ac370419",7,0.99778761061946908,0.031019669039198505,522,514
fixed_train,18,0,1,"ac370000, ac370419",8,0.99778761061946908,0.025487679693774523,522,521
fixed_train,18,0,1,"ac370000, ac370419",9,0.99778761061946908,0.033218315486337913,522,518
fixed_train,18,0,1,"ac370000, ac370419",10,0.99778761061946908,0.032169820498156199,522,521
fixed_train,18,0,1,"ac370000, ac370419",11,0.99778761061946908,0.028819263693678154,522,521
fixed_train,18,0,1,"ac370000, ac370419",12,0.99778761061946908,0.034369660642015409,522,519
fixed_train,18,0,1,"ac370000, ac370419",13,0.99778761061946908,0.031019669039198505,522,521
fixed_train,18,0,1,"ac370000, ac370419",14,0.99778761061946908,0.030988491019377618,522,521
fixed_train,18,0,1,"ac370000, ac370419",15,0.99778761061946908,0.03210309916255083,522,522
fixed_train,18,0,1,"ac370000, ac370419",16,0.99778761061946908,0.036495811099634512,522,517
fixed_train,18,0,1,"ac370000, ac370419",17,0.99778761061946908,0.032087369380301545,522,520
fixed_train,18,0,1,"ac370000, ac370419",18,0.99778761061946908,0.033218315486337913,522,519
fixed_train,18,0,1,"ac370000, ac370419",19,0.99778761061946908,0.03218745928710387,522,519
fixed_train,18,0,1,"ac370000, ac370419",20,0.99778761061946908,0.038744806622502126,522,520
fixed_train,18,0,1,"ac370000, ac370419",21,0.99778761061946908,0.031019669039198505,522,519
fixed_train,18,0,1,"ac370000, ac370419",22,0.99778761061946908,0.031003896432158506,522,521
fixed_train,18,0,1,"ac370000, ac370419",23,0.99778761061946908,0.028775098992716908,522,519
fixed_train,18,0,1,"ac370000, ac370419",24,0.99778761061946908,0.027689324130845017,522,520
fixed_train,18,0,1,"ac370000, ac370419",25,0.99778761061946908,0.029904265872428337,522,516
fixed_train,18,0,1,"ac370000, ac370419",26,0.99778761061946908,0.028834674452932529,522,517
fixed_train,18,0,1,"ac370000, ac370419",27,0.99778761061946908,0.032135696271607839,522,519
fixed_train,18,0,1,"ac370000, ac370419",28,0.99778761061946908,0.036549091097178521,522,519
fixed_train,18,0,1,"ac370000, ac370419",29,0.99778761061946908,0.032087369380301545,522,519
fixed_train,18,0,2,"ac370000, ac370443",0,0.99778761061946908,0.033201883046038216,510,507
fixed_train,18,0,2,"ac370000, ac370443",1,0.99778761061946908,0.029889196675900398,510,506
fixed_train,18,0,2,"ac370000, ac370443",2,0.99778761061946908,0.029904265872428337,510,509
fixed_train,18,0,2,"ac370000, ac370443",3,0.99778761061946908,0.030958775910545078,510,508
fixed_train,18,0,2,"ac370000, ac370443",4,0.99778761061946908,0.032072016759044142,510,508
fixed_train,18,0,2,"ac370000, ac370443",5,0.99778761061946908,0.029919690745663474,510,510
fixed_train,18,0,2,"ac370000, ac370443",6,0.99778761061946908,0.025461391702599423,510,505
fixed_train,18,0,2,"ac370000, ac370443",7,0.99778761061946908,0.033252356989993737,510,510
fixed_train,18,0,2,"ac370000, ac370443",8,0.99778761061946908,0.019942316232621993,510,508
fixed_train,18,0,2,"ac370000, ac370443",9,0.99778761061946908,0.026575058323800027,510,507
fixed_train,18,0,2,"ac370000, ac370443",10,0.99778761061946908,0.030973451327433676,510,507
fixed_train,18,0,2,"ac370000, ac370443",11,0.99778761061946908,0.037593008968760278,510,506
fixed_train,18,0,2,"ac370000, ac370443",12,0.99778761061946908,0.028804198477883181,510,507
fixed_train,18,0,2,"ac370000, ac370443",13,0.99778761061946908,0.026617027036256458,510,503
fixed_train,18,0,2,"ac370000, ac370443",14,0.99778761061946908,0.036495811099634512,510,503
fixed_train,18,0,2,"ac370000, ac370443",15,0.99778761061946908,0.034334149355595089,510,507
fixed_train,18,0,2,"ac370000, ac370443",16,0.99778761061946908,0.025448706394333942,510,507
fixed_train,18,0,2,"ac370000, ac370443",17,0.99778761061946908,0.025515199231313623,510,506
fixed_train,18,0,2,"ac370000, ac370443",18,0.99778761061946908,0.030988491019377618,510,509
fixed_train,18,0,2,"ac370000, ac370443",19,0.99778761061946908,0.030973451327433676,510,508
fixed_train,18,0,2,"ac370000, ac370443",20,0.99778761061946908,0.02656170696605642,510,507
fixed_train,18,0,2,"ac370000, ac370443",21,0.99778761061946908,0.034300257042290894,510,506
fixed_train,18,0,2,"ac370000, ac370443",22,0.99778761061946908,0.032152566701254992,510,506
fixed_train,18,0,2,"ac370000, ac370443",23,0.99778761061946908,0.029889196675900398,510,508
fixed_train,18,0,2,"ac370000, ac370443",24,0.99778761061946908,0.028775098992716908,510,508
fixed_train,18,0,2,"ac370000, ac370443",25,0.99778761061946908,0.029874481718312307,510,510
fixed_train,18,0,2,"ac370000, ac370443",26,0.99778761061946908,0.029935472760494686,510,509
fixed_train,18,0,2,"ac370000, ac370443",27,0.99778761061946908,0.028789477377979211,510,507
fixed_train,18,0,2,"ac370000, ac370443",28,0.99778761061946908,0.028804198477883181,510,505
fixed_train,18,0,2,"ac370000, ac370443",29,0.99778761061946908,0.026602717045520197,510,507
fixed_train,18,0,3,"ac370000, ac370419, ac370443",0,0.99778761061946908,0.039823008849557584,509,509
fixed_train,18,0,3,"ac370000, ac370419, ac370443",1,0.99778761061946908,0.039881551284459693,509,509
fixed_train,18,0,3,"ac370000, ac370419, ac370443",2,0.99778761061946908,0.03539823008849563,509,508
fixed_train,18,0,3,"ac370000, ac370419, ac370443",3,0.99778761061946908,0.039823008849557584,509,509
fixed_train,18,0,3,"ac370000, ac370419, ac370443",4,0.99778761061946908,0.032119207614011658,509,509
fixed_train,18,0,3,"ac370000, ac370419, ac370443",5,0.99778761061946908,0.039768619358294344,509,509
fixed_train,18,0,3,"ac370000, ac370419, ac370443",6,0.99778761061946908,0.033185840707964709,509,509
fixed_train,18,0,3,"ac370000, ac370419, ac370443",7,0.99778761061946908,0.04084705531208066,509,509
fixed_train,18,0,3,"ac370000, ac370419, ac370443",8,0.99778761061946908,0.038707708269929642,509,509
fixed_train,18,0,3,"ac370000, ac370419, ac370443",9,0.99778761061946908,0.037610619469026552,509,509
fixed_train,18,0,3,"ac370000, ac370419, ac370443",10,0.99778761061946908,0.029860119588749012,509,509
fixed_train,18,0,3,"ac370000, ac370419, ac370443",11,0.99778761061946908,0.038689832567271432,509,509
fixed_train,18,0,3,"ac370000, ac370419, ac370443",12,0.99778761061946908,0.041942381833875442,509,508
fixed_train,18,0,3,"ac370000, ac370419, ac370443",13,0.99778761061946908,0.034317001649201151,509,509
fixed_train,18,0,3,"ac370000, ac370419, ac370443",14,0.99778761061946908,0.038726032366269036,509,509
fixed_train,18,0,3,"ac370000, ac370419, ac370443",15,0.99778761061946908,0.038707708269929642,509,509
fixed_train,18,0,3,"ac370000, ac370419, ac370443",16,0.99778761061946908,0.040882392331412998,509,509
fixed_train,18,0,3,"ac370000, ac370419, ac370443",17,0.99778761061946908,0.033185840707964709,509,509
fixed_train,18,0,3,"ac370000, ac370419, ac370443",18,0.99778761061946908,0.044207204442629933,509,509
fixed_train,18,0,3,"ac370000, ac370419, ac370443",19,0.99778761061946908,0.027635177986784276,509,509
fixed_train,18,0,3,"ac370000, ac370419, ac370443",20,0.99778761061946908,0.03093051225538368,509,509
fixed_train,18,0,3,"ac370000, ac370419, ac370443",21,0.99778761061946908,0.039786290745186026,509,509
fixed_train,18,0,3,"ac370000, ac370419, ac370443",22,0.99778761061946908,0.032072016759044142,509,509
fixed_train,18,0,3,"ac370000, ac370419, ac370443",23,0.99778761061946908,0.038689832567271432,509,509
fixed_train,18,0,3,"ac370000, ac370419, ac370443",24,0.99778761061946908,0.032087369380301545,509,509
fixed_train,18,0,3,"ac370000, ac370419, ac370443",25,0.99778761061946908,0.042015831007570337,509,509
fixed_train,18,0,3,"ac370000, ac370419, ac370443",26,0.99778761061946908,0.030973451327433676,509,509
fixed_train,18,0,3,"ac370000, ac370419, ac370443",27,0.99778761061946908,0.028761061946902755,509,509
fixed_train,18,0,3,"ac370000, ac370419, ac370443",28,0.99778761061946908,0.037610619469026552,509,508
fixed_train,18,0,3,"ac370000, ac370419, ac370443",29,0.99778761061946908,0.038707708269929642,509,509
fixed_train,18,0,4,"ac370419, ac370443",0,0.99778761061946908,0.017699115044247815,509,508
fixed_train,18,0,4,"ac370419, ac370443",1,0.99778761061946908,0.022146220215441215,509,509
fixed_train,18,0,4,"ac370419, ac370443",2,0.99778761061946908,0.014391879269347263,509,508
fixed_train,18,0,4,"ac370419, ac370443",3,0.99778761061946908,0.021044498906094722,509,508
fixed_train,18,0,4,"ac370419, ac370443",4,0.99778761061946908,0.019921530886074734,509,508
fixed_train,18,0,4,"ac370419, ac370443",5,0.99778761061946908,0.021022931070355577,509,509
fixed_train,18,0,4,"ac370419, ac370443",6,0.99778761061946908,0.016605781755997695,509,507
fixed_train,18,0,4,"ac370419, ac370443",7,0.99778761061946908,0.022181732202904647,509,507
fixed_train,18,0,4,"ac370419, ac370443",8,0.99778761061946908,0.026548672566371723,509,507
fixed_train,18,0,4,"ac370419, ac370443",9,0.99778761061946908,0.026548672566371723,509,509
fixed_train,18,0,4,"ac370419, ac370443",10,0.99778761061946908,0.019931801161262142,509,509
fixed_train,18,0,4,"ac370419, ac370443",11,0.99778761061946908,0.027661594056323069,509,509
fixed_train,18,0,4,"ac370419, ac370443",12,0.99778761061946908,0.019911504424778848,509,508
fixed_train,18,0,4,"ac370419, ac370443",13,0.99778761061946908,0.019921530886074734,509,506
fixed_train,18,0,4,"ac370419, ac370443",14,0.99778761061946908,0.015478898774709537,509,507
fixed_train,18,0,4,"ac370419, ac370443",15,0.99778761061946908,0.017708138859414135,509,504
fixed_train,18,0,4,"ac370419, ac370443",16,0.99778761061946908,0.019911504424778848,509,508
fixed_train,18,0,4,"ac370419, ac370443",17,0.99778761061946908,0.021055668641885683,509,507
fixed_train,18,0,4,"ac370419, ac370443",18,0.99778761061946908,0.017708138859414135,509,508
fixed_train,18,0,4,"ac370419, ac370443",19,0.99778761061946908,0.022123893805309769,509,508
fixed_train,18,0,4,"ac370419, ac370443",20,0.99778761061946908,0.021002385238492072,509,506
fixed_train,18,0,4,"ac370419, ac370443",21,0.99778761061946908,0.02431309280413263,509,508
fixed_train,18,0,4,"ac370419, ac370443",22,0.99778761061946908,0.01881004340836645,509,508
fixed_train,18,0,4,"ac370419, ac370443",23,0.99778761061946908,0.017699115044247815,509,507
fixed_train,18,0,4,"ac370419, ac370443",24,0.99778761061946908,0.023247489215948991,509,508
fixed_train,18,0,4,"ac370419, ac370443",25,0.99778761061946908,0.017717382107082735,509,508
fixed_train,18,0,4,"ac370419, ac370443",26,0.99778761061946908,0.023213316154589547,509,508
fixed_train,18,0,4,"ac370419, ac370443",27,0.99778761061946908,0.025448706394333942,509,508
fixed_train,18,0,4,"ac370419, ac370443",28,0.99778761061946908,0.023224428077863513,509,509
fixed_train,18,0,4,"ac370419, ac370443",29,0.99778761061946908,0.019901720813519708,509,509
fixed_train,18,0,5,"ac370000, ac370442",0,0.99778761061946908,0.034317001649201151,508,502
fixed_train,18,0,5,"ac370000, ac370442",1,0.99778761061946908,0.03105232186960849,508,507
fixed_train,18,0,5,"ac370000, ac370442",2,0.99778761061946908,0.037628667099359303,508,507
fixed_train,18,0,5,"ac370000, ac370442",3,0.99778761061946908,0.028804198477883181,508,507
fixed_train,18,0,5,"ac370000, ac370442",4,0.99778761061946908,0.028834674452932529,508,503
fixed_train,18,0,5,"ac370000, ac370442",5,0.99778761061946908,0.033185840707964709,508,504
fixed_train,18,0,5,"ac370000, ac370442",6,0.99778761061946908,0.02770368521971911,508,508
fixed_train,18,0,5,"ac370000, ac370442",7,0.99778761061946908,0.028819263693678154,508,506
fixed_train,18,0,5,"ac370000, ac370442",8,0.99778761061946908,0.024386170397362461,508,504
fixed_train,18,0,5,"ac370000, ac370442",9,0.99778761061946908,0.034351701797552425,508,503
fixed_train,18,0,5,"ac370000, ac370442",10,0.99778761061946908,0.029919690745663474,508,504
fixed_train,18,0,5,"ac370000, ac370442",11,0.99778761061946908,0.036549091097178521,508,506
fixed_train,18,0,5,"ac370000, ac370442",12,0.99778761061946908,0.035415275072698482,508,508
fixed_train,18,0,5,"ac370000, ac370442",13,0.99778761061946908,0.027718378819734157,508,505
fixed_train,18,0,5,"ac370000, ac370442",14,0.99778761061946908,0.03651314470427991,508,507
fixed_train,18,0,5,"ac370000, ac370442",15,0.99778761061946908,0.032087369380301545,508,503
fixed_train,18,0,5,"ac370000, ac370442",16,0.99778761061946908,0.029874481718312307,508,505
fixed_train,18,0,5,"ac370000, ac370442",17,0.99778761061946908,0.035468903638151472,508,503
fixed_train,18,0,5,"ac370000, ac370442",18,0.99778761061946908,0.023259440647678153,508,505
fixed_train,18,0,5,"ac370000, ac370442",19,0.99778761061946908,0.033218315486337913,508,502
fixed_train,18,0,5,"ac370000, ac370442",20,0.99778761061946908,0.034351701797552425,508,507
fixed_train,18,0,5,"ac370000, ac370442",21,0.99778761061946908,0.023271674167830048,508,504
fixed_train,18,0,5,"ac370000, ac370442",22,0.99778761061946908,0.033218315486337913,508,507
fixed_train,18,0,5,"ac370000, ac370442",23,0.99778761061946908,0.032169820498156199,508,508
fixed_train,18,0,5,"ac370000, ac370442",24,0.99778761061946908,0.025474382389261474,508,506
fixed_train,18,0,5,"ac370000, ac370442",25,0.99778761061946908,0.034317001649201151,508,507
fixed_train,18,0,5,"ac370000, ac370442",26,0.99778761061946908,0.033201883046038216,508,507
fixed_train,18,0,5,"ac370000, ac370442",27,0.99778761061946908,0.033252356989993737,508,503
fixed_train,18,0,5,"ac370000, ac370442",28,0.99778761061946908,0.035450610161829044,508,506
fixed_train,18,0,5,"ac370000, ac370442",29,0.99778761061946908,0.035432734540517097,508,504
fixed_train,18,0,6,"370407, ac370000, ac370419",0,0.99778761061946908,0.034267970735076592,507,506
fixed_train,18,0,6,"370407, ac370000, ac370419",1,0.99778761061946908,0.039751404099165666,507,506
fixed_train,18,0,6,"370407, ac370000, ac370419",2,0.99778761061946908,0.037593008968760278,507,506
fixed_train,18,0,6,"370407, ac370000, ac370419",3,0.99778761061946908,0.043073560940512512,507,507
fixed_train,18,0,6,"370407, ac370000, ac370419",4,0.99778761061946908,0.04415012039459576,507,507
fixed_train,18,0,6,"370407, ac370000, ac370419",5,0.99778761061946908,0.036495811099634512,507,507
fixed_train,18,0,6,"370407, ac370000, ac370419",6,0.99778761061946908,0.039786290745186026,507,507
fixed_train,18,0,6,"370407, ac370000, ac370419",7,0.99778761061946908,0.037559092582566622,507,507
fixed_train,18,0,6,"370407, ac370000, ac370419",8,0.99778761061946908,0.03651314470427991,507,507
fixed_train,18,0,6,"370407, ac370000, ac370419",9,0.99778761061946908,0.036530904135851694,507,507
fixed_train,18,0,6,"370407, ac370000, ac370419",10,0.99778761061946908,0.037593008968760278,507,507
fixed_train,18,0,6,"370407, ac370000, ac370419",11,0.99778761061946908,0.03867240352567225,507,507
fixed_train,18,0,6,"370407, ac370000, ac370419",12,0.99778761061946908,0.037610619469026552,507,507
fixed_train,18,0,6,"370407, ac370000, ac370419",13,0.99778761061946908,0.040938920028258385,507,507
fixed_train,18,0,6,"370407, ac370000, ac370419",14,0.99778761061946908,0.044187672909749565,507,507
fixed_train,18,0,6,"370407, ac370000, ac370419",15,0.99778761061946908,0.033125541970792538,507,507
fixed_train,18,0,6,"370407, ac370000, ac370419",16,0.99778761061946908,0.035432734540517097,507,507
fixed_train,18,0,6,"370407, ac370000, ac370419",17,0.99778761061946908,0.04086449019314442,507,507
fixed_train,18,0,6,"370407, ac370000, ac370419",18,0.99778761061946908,0.037526904712434805,507,507
fixed_train,18,0,6,"370407, ac370000, ac370419",19,0.99778761061946908,0.032072016759044142,507,507
fixed_train,18,0,6,"370407, ac370000, ac370419",20,0.99778761061946908,0.039804419988165196,507,506
fixed_train,18,0,6,"370407, ac370000, ac370419",21,0.99778761061946908,0.046357858955316078,507,507
fixed_train,18,0,6,"370407, ac370000, ac370419",22,0.99778761061946908,0.035415275072698482,507,506
fixed_train,18,0,6,"370407, ac370000, ac370419",23,0.99778761061946908,0.046438653046380396,507,507
fixed_train,18,0,6,"370407, ac370000, ac370419",24,0.99778761061946908,0.04534339978081503,507,507
fixed_train,18,0,6,"370407, ac370000, ac370419",25,0.99778761061946908,0.047512358748635131,507,506
fixed_train,18,0,6,"370407, ac370000, ac370419",26,0.99778761061946908,0.040830085966141239,507,505
fixed_train,18,0,6,"370407, ac370000, ac370419",27,0.99778761061946908,0.038655419445776551,507,506
fixed_train,18,0,6,"370407, ac370000, ac370419",28,0.99778761061946908,0.036478901651174067,507,506
fixed_train,18,0,6,"370407, ac370000, ac370419",29,0.99778761061946908,0.043111694399466161,507,507
fixed_train,18,0,7,"370407, ac370419",0,0.99778761061946908,0.021022931070355577,507,506
fixed_train,18,0,7,"370407, ac370419",1,0.99778761061946908,0.031003896432158506,507,507
fixed_train,18,0,7,"370407, ac370419",2,0.99778761061946908,0.023259440647678153,507,504
fixed_train,18,0,7,"370407, ac370419",3,0.99778761061946908,0.017690309794114678,507,506
fixed_train,18,0,7,"370407, ac370419",4,0.99778761061946908,0.02983244830270948,507,507
fixed_train,18,0,7,"370407, ac370419",5,0.99778761061946908,0.026575058323800027,507,507
fixed_train,18,0,7,"370407, ac370419",6,0.99778761061946908,0.026575058323800027,507,506
fixed_train,18,0,7,"370407, ac370419",7,0.99778761061946908,0.030988491019377618,507,505
fixed_train,18,0,7,"370407, ac370419",8,0.99778761061946908,0.027675294189249855,507,506
fixed_train,18,0,7,"370407, ac370419",9,0.99778761061946908,0.025424247070686912,507,505
fixed_train,18,0,7,"370407, ac370419",10,0.99778761061946908,0.028804198477883181,507,507
fixed_train,18,0,7,"370407, ac370419",11,0.99778761061946908,0.024373257355252753,507,507
fixed_train,18,0,7,"370407, ac370419",12,0.99778761061946908,0.026535953871735019,507,507
fixed_train,18,0,7,"370407, ac370419",13,0.99778761061946908,0.028775098992716908,507,506
fixed_train,18,0,7,"370407, ac370419",14,0.99778761061946908,0.025412470691227873,507,507
fixed_train,18,0,7,"370407, ac370419",15,0.99778761061946908,0.029874481718312307,507,505
fixed_train,18,0,7,"370407, ac370419",16,0.99778761061946908,0.033185840707964709,507,506
fixed_train,18,0,7,"370407, ac370419",17,0.99778761061946908,0.023259440647678153,507,504
fixed_train,18,0,7,"370407, ac370419",18,0.99778761061946908,0.025448706394333942,507,506
fixed_train,18,0,7,"370407, ac370419",19,0.99778761061946908,0.022113131832924737,507,504
fixed_train,18,0,7,"370407, ac370419",20,0.99778761061946908,0.031019669039198505,507,506
fixed_train,18,0,7,"370407, ac370419",21,0.99778761061946908,0.029874481718312307,507,504
fixed_train,18,0,7,"370407, ac370419",22,0.99778761061946908,0.027661594056323069,507,505
fixed_train,18,0,7,"370407, ac370419",23,0.99778761061946908,0.028761061946902755,507,507
fixed_train,18,0,7,"370407, ac370419",24,0.99778761061946908,0.025487679693774523,507,507
fixed_train,18,0,7,"370407, ac370419",25,0.99778761061946908,0.030988491019377618,507,505
fixed_train,18,0,7,"370407, ac370419",26,0.99778761061946908,0.034252425914190976,507,506
fixed_train,18,0,7,"370407, ac370419",27,0.99778761061946908,0.025448706394333942,507,505
fixed_train,18,0,7,"370407, ac370419",28,0.99778761061946908,0.027648222418453994,507,505
fixed_train,18,0,7,"370407, ac370419",29,0.99778761061946908,0.027689324130845017,507,507
fixed_train,18,0,8,"ac370442, ac370443",0,0.99778761061946908,0.023224428077863513,505,502
fixed_train,18,0,8,"ac370442, ac370443",1,0.99778761061946908,0.018819684242648238,505,503
fixed_train,18,0,8,"ac370442, ac370443",2,0.99778761061946908,0.018791454322394596,505,505
fixed_train,18,0,8,"ac370442, ac370443",3,0.99778761061946908,0.017690309794114678,505,503
fixed_train,18,0,8,"ac370442, ac370443",4,0.99778761061946908,0.024324542852329767,505,505
fixed_train,18,0,8,"ac370442, ac370443",5,0.99778761061946908,0.01881004340836645,505,503
fixed_train,18,0,8,"ac370442, ac370443",6,0.99778761061946908,0.023247489215948991,505,504
fixed_train,18,0,8,"ac370442, ac370443",7,0.99778761061946908,0.014399673681344538,505,501
fixed_train,18,0,8,"ac370442, ac370443",8,0.99778761061946908,0.022134922912735222,505,504
fixed_train,18,0,8,"ac370442, ac370443",9,0.99778761061946908,0.021022931070355577,505,504
fixed_train,18,0,8,"ac370442, ac370443",10,0.99778761061946908,0.015502963052903551,505,504
fixed_train,18,0,8,"ac370442, ac370443",11,0.99778761061946908,0.025424247070686912,505,504
fixed_train,18,0,8,"ac370442, ac370443",12,0.99778761061946908,0.019911504424778848,505,502
fixed_train,18,0,8,"ac370442, ac370443",13,0.99778761061946908,0.025448706394333942,505,504
fixed_train,18,0,8,"ac370442, ac370443",14,0.99778761061946908,0.017708138859414135,505,503
fixed_train,18,0,8,"ac370442, ac370443",15,0.99778761061946908,0.017699115044247815,505,503
fixed_train,18,0,8,"ac370442, ac370443",16,0.99778761061946908,0.022113131832924737,505,504
fixed_train,18,0,8,"ac370442, ac370443",17,0.99778761061946908,0.025424247070686912,505,503
fixed_train,18,0,8,"ac370442, ac370443",18,0.99778761061946908,0.018800633737273142,505,503
fixed_train,18,0,8,"ac370442, ac370443",19,0.99778761061946908,0.018800633737273142,505,505
fixed_train,18,0,8,"ac370442, ac370443",20,0.99778761061946908,0.018791454322394596,505,502
fixed_train,18,0,8,"ac370442, ac370443",21,0.99778761061946908,0.021012530907568272,505,503
fixed_train,18,0,8,"ac370442, ac370443",22,0.99778761061946908,0.01881004340836645,505,503
fixed_train,18,0,8,"ac370442, ac370443",23,0.99778761061946908,0.024336283185840801,505,505
fixed_train,18,0,8,"ac370442, ac370443",24,0.99778761061946908,0.019901720813519708,505,505
fixed_train,18,0,8,"ac370442, ac370443",25,0.99778761061946908,0.019911504424778848,505,505
fixed_train,18,0,8,"ac370442, ac370443",26,0.99778761061946908,0.01881004340836645,505,505
fixed_train,18,0,8,"ac370442, ac370443",27,0.99778761061946908,0.024360639269620732,505,504
fixed_train,18,0,8,"ac370442, ac370443",28,0.99778761061946908,0.01882955716451129,505,503
fixed_train,18,0,8,"ac370442, ac370443",29,0.99778761061946908,0.015494746832753536,505,502
fixed_train,18,0,9,"ac370000, ac370419, ac370442",0,0.99778761061946908,0.038764032838762064,506,506
fixed_train,18,0,9,"ac370000, ac370419, ac370442",1,0.99778761061946908,0.042035398230088505,506,506
fixed_train,18,0,9,"ac370000, ac370419, ac370442",2,0.99778761061946908,0.037610619469026552,506,505
fixed_train,18,0,9,"ac370000, ac370419, ac370442",3,0.99778761061946908,0.039823008849557584,506,506
fixed_train,18,0,9,"ac370000, ac370419, ac370442",4,0.99778761061946908,0.039786290745186026,506,506
fixed_train,18,0,9,"ac370000, ac370419, ac370442",5,0.99778761061946908,0.040938920028258385,506,506
fixed_train,18,0,9,"ac370000, ac370419, ac370442",6,0.99778761061946908,0.039823008849557584,506,506
fixed_train,18,0,9,"ac370000, ac370419, ac370442",7,0.99778761061946908,0.046482235206001365,506,506
fixed_train,18,0,9,"ac370000, ac370419, ac370442",8,0.99778761061946908,0.037610619469026552,506,506
fixed_train,18,0,9,"ac370000, ac370419, ac370442",9,0.99778761061946908,0.040938920028258385,506,506
fixed_train,18,0,9,"ac370000, ac370419, ac370442",10,0.99778761061946908,0.04205545115268039,506,506
fixed_train,18,0,9,"ac370000, ac370419, ac370442",11,0.99778761061946908,0.040938920028258385,506,506
fixed_train,18,0,9,"ac370000, ac370419, ac370442",12,0.99778761061946908,0.04534339978081503,506,506
fixed_train,18,0,9,"ac370000, ac370419, ac370442",13,0.99778761061946908,0.036549091097178521,506,505
fixed_train,18,0,9,"ac370000, ac370419, ac370442",14,0.99778761061946908,0.040938920028258385,506,506
fixed_train,18,0,9,"ac370000, ac370419, ac370442",15,0.99778761061946908,0.045302369942894494,506,506
fixed_train,18,0,9,"ac370000, ac370419, ac370442",16,0.99778761061946908,0.039768619358294344,506,506
fixed_train,18,0,9,"ac370000, ac370419, ac370442",17,0.99778761061946908,0.039842059126019791,506,506
fixed_train,18,0,9,"ac370000, ac370419, ac370442",18,0.99778761061946908,0.037542783389707957,506,506
fixed_train,18,0,9,"ac370000, ac370419, ac370442",19,0.99778761061946908,0.034283913929339271,506,506
fixed_train,18,0,9,"ac370000, ac370419, ac370442",20,0.99778761061946908,0.02983244830270948,506,506
fixed_train,18,0,9,"ac370000, ac370419, ac370442",21,0.99778761061946908,0.042015831007570337,506,506
fixed_train,18,0,9,"ac370000, ac370419, ac370442",22,0.99778761061946908,0.033170186929949996,506,505
fixed_train,18,0,9,"ac370000, ac370419, ac370442",23,0.99778761061946908,0.035415275072698482,506,506
fixed_train,18,0,9,"ac370000, ac370419, ac370442",24,0.99778761061946908,0.039823008849557584,506,506
fixed_train,18,0,9,"ac370000, ac370419, ac370442",25,0.99778761061946908,0.036530904135851694,506,506
fixed_train,18,0,9,"ac370000, ac370419, ac370442",26,0.99778761061946908,0.040978974580345384,506,504
fixed_train,18,0,9,"ac370000, ac370419, ac370442",27,0.99778761061946908,0.039823008849557584,506,506
fixed_train,18,0,9,"ac370000, ac370419, ac370442",28,0.99778761061946908,0.038783712849441265,506,506
fixed_train,18,0,9,"ac370000, ac370419, ac370442",29,0.99778761061946908,0.033218315486337913,506,504
faithful_train,18,0,0,"370407, ac370000",0,0.99778761061946908,0.035381597949355026,534,529
faithful_train,18,0,0,"370407, ac370000",1,0.99778761061946908,0.043193916321928705,534,529
faithful_train,18,0,0,"370407, ac370000",2,0.99778761061946908,0.053122411285983162,534,520
faithful_train,18,0,0,"370407, ac370000",3,0.99778761061946908,0.055335803312643761,534,506
faithful_train,18,0,0,"370407, ac370000",4,0.99778761061946908,0.054268625029845863,534,500
faithful_train,18,0,0,"370407, ac370000",5,0.99778761061946908,0.054323506108858832,534,494
faithful_train,18,0,0,"370407, ac370000",6,0.99778761061946908,0.050933667919772052,534,492
faithful_train,18,0,0,"370407, ac370000",7,0.99778761061946908,0.059850916767887119,534,487
faithful_train,18,0,0,"370407, ac370000",8,0.99778761061946908,0.064189371419285934,534,492
faithful_train,18,0,0,"370407, ac370000",9,0.99778761061946908,0.064251727458927932,534,481
faithful_train,18,0,1,"ac370000, ac370419",0,0.99778761061946908,0.056662554398290932,522,521
faithful_train,18,0,1,"ac370000, ac370419",1,0.99778761061946908,0.059978378715772718,522,519
faithful_train,18,0,1,"ac370000, ac370419",2,0.99778761061946908,0.050909019259322563,522,507
faithful_train,18,0,1,"ac370000, ac370419",3,0.99778761061946908,0.059945466271153602,522,487
faithful_train,18,0,1,"ac370000, ac370419",4,0.99778761061946908,0.049915477209736769,522,491
faithful_train,18,0,1,"ac370000, ac370419",5,0.99778761061946908,0.047803066291254193,522,484
faithful_train,18,0,1,"ac370000, ac370419",6,0.99778761061946908,0.049942219889754114,522,477
faithful_train,18,0,1,"ac370000, ac370419",7,0.99778761061946908,0.047697270120789281,522,478
faithful_train,18,0,1,"ac370000, ac370419",8,0.99778761061946908,0.052219162414983589,522,475
faithful_train,18,0,1,"ac370000, ac370419",9,0.99778761061946908,0.052248884573190768,522,468
faithful_train,18,0,2,"ac370000, ac370443",0,0.99778761061946908,0.049942219889754114,510,509
faithful_train,18,0,2,"ac370000, ac370443",1,0.99778761061946908,0.046575853786340105,510,505
faithful_train,18,0,2,"ac370000, ac370443",2,0.99778761061946908,0.053228796036367987,510,498
faithful_train,18,0,2,"ac370000, ac370443",3,0.99778761061946908,0.05550561943889043,510,477
faithful_train,18,0,2,"ac370000, ac370443",4,0.99778761061946908,0.046575853786340105,510,482
faithful_train,18,0,2,"ac370000, ac370443",5,0.99778761061946908,0.045479063031841682,510,481
faithful_train,18,0,2,"ac370000, ac370443",6,0.99778761061946908,0.055446443453043948,510,461
faithful_train,18,0,2,"ac370000, ac370443",7,0.99778761061946908,0.049942219889754114,510,454
faithful_train,18,0,2,"ac370000, ac370443",8,0.99778761061946908,0.05988173828639598,510,465
faithful_train,18,0,2,"ac370000, ac370443",9,0.99778761061946908,0.051093983273443611,510,467
faithful_train,18,0,3,"ac370000, ac370419, ac370443",0,0.99778761061946908,0.048845849190495727,509,505
faithful_train,18,0,3,"ac370000, ac370419, ac370443",1,0.99778761061946908,0.049997466423329917,509,490
faithful_train,18,0,3,"ac370000, ac370419, ac370443",2,0.99778761061946908,0.051152215116516908,509,479
faithful_train,18,0,3,"ac370000, ac370419, ac370443",3,0.99778761061946908,0.053174374652351419,509,458
faithful_train,18,0,3,"ac370000, ac370419, ac370443",4,0.99778761061946908,0.05112279655008245,509,467
faithful_train,18,0,3,"ac370000, ac370419, ac370443",5,0.99778761061946908,0.054380910040416786,509,472
faithful_train,18,0,3,"ac370000, ac370419, ac370443",6,0.99778761061946908,0.056662554398290932,509,467
faithful_train,18,0,3,"ac370000, ac370419, ac370443",7,0.99778761061946908,0.053256934887923268,509,470
faithful_train,18,0,3,"ac370000, ac370419, ac370443",8,0.99778761061946908,0.046651785552279001,509,472
faithful_train,18,0,3,"ac370000, ac370419, ac370443",9,0.99778761061946908,0.049969548776110817,509,468
faithful_train,18,0,4,"ac370419, ac370443",0,0.99778761061946908,0.046651785552279001,509,444
faithful_train,18,0,4,"ac370419, ac370443",1,0.99778761061946908,0.043284184663760272,509,483
faithful_train,18,0,4,"ac370419, ac370443",2,0.99778761061946908,0.051093983273443611,509,472
faithful_train,18,0,4,"ac370419, ac370443",3,0.99778761061946908,0.045554074440022685,509,465
faithful_train,18,0,4,"ac370419, ac370443",4,0.99778761061946908,0.052190056782776439,509,465
faithful_train,18,0,4,"ac370419, ac370443",5,0.99778761061946908,0.044381843004970611,509,469
faithful_train,18,0,4,"ac370419, ac370443",6,0.99778761061946908,0.050025975432222425,509,470
faithful_train,18,0,4,"ac370419, ac370443",7,0.99778761061946908,0.048900497136306953,509,467
faithful_train,18,0,4,"ac370419, ac370443",8,0.99778761061946908,0.048872884412861306,509,465
faithful_train,18,0,4,"ac370419, ac370443",9,0.99778761061946908,0.049969548776110817,509,462
faithful_train,18,0,5,"ac370000, ac370442",0,0.99778761061946908,0.05112279655008245,508,505
faithful_train,18,0,5,"ac370000, ac370442",1,0.99778761061946908,0.043284184663760272,508,504
faithful_train,18,0,5,"ac370000, ac370442",2,0.99778761061946908,0.052190056782776439,508,497
faithful_train,18,0,5,"ac370000, ac370442",3,0.99778761061946908,0.048900497136306953,508,482
faithful_train,18,0,5,"ac370000, ac370442",4,0.99778761061946908,0.051182241700755915,508,482
faithful_train,18,0,5,"ac370000, ac370442",5,0.99778761061946908,0.051093983273443611,508,469
faithful_train,18,0,5,"ac370000, ac370442",6,0.99778761061946908,0.041110682456715342,508,465
faithful_train,18,0,5,"ac370000, ac370442",7,0.99778761061946908,0.052248884573190768,508,465
faithful_train,18,0,5,"ac370000, ac370442",8,0.99778761061946908,0.052310189557939868,508,480
faithful_train,18,0,5,"ac370000, ac370442",9,0.99778761061946908,0.051152215116516908,508,472
faithful_train,18,0,6,"370407, ac370000, ac370419",0,0.99778761061946908,0.047803066291254193,507,506
faithful_train,18,0,6,"370407, ac370000, ac370419",1,0.99778761061946908,0.049942219889754114,507,493
faithful_train,18,0,6,"370407, ac370000, ac370419",2,0.99778761061946908,0.05444085840663726,507,489
faithful_train,18,0,6,"370407, ac370000, ac370419",3,0.99778761061946908,0.048845849190495727,507,476
faithful_train,18,0,6,"370407, ac370000, ac370419",4,0.99778761061946908,0.051152215116516908,507,471
faithful_train,18,0,6,"370407, ac370000, ac370419",5,0.99778761061946908,0.052219162414983589,507,467
faithful_train,18,0,6,"370407, ac370000, ac370419",6,0.99778761061946908,0.062165389687285244,507,469
faithful_train,18,0,6,"370407, ac370000, ac370419",7,0.99778761061946908,0.044406002358232555,507,477
faithful_train,18,0,6,"370407, ac370000, ac370419",8,0.99778761061946908,0.048872884412861306,507,468
faithful_train,18,0,6,"370407, ac370000, ac370419",9,0.99778761061946908,0.052219162414983589,507,471
faithful_train,18,0,7,"370407, ac370419",0,0.99778761061946908,0.049997466423329917,507,433
faithful_train,18,0,7,"370407, ac370419",1,0.99778761061946908,0.052248884573190768,507,470
faithful_train,18,0,7,"370407, ac370419",2,0.99778761061946908,0.052190056782776439,507,467
faithful_train,18,0,7,"370407, ac370419",3,0.99778761061946908,0.055446443453043948,507,461
faithful_train,18,0,7,"370407, ac370419",4,0.99778761061946908,0.053345095963858058,507,460
faithful_train,18,0,7,"370407, ac370419",5,0.99778761061946908,0.049997466423329917,507,458
faithful_train,18,0,7,"370407, ac370419",6,0.99778761061946908,0.047775770431676357,507,465
faithful_train,18,0,7,"370407, ac370419",7,0.99778761061946908,0.047722874814422722,507,455
faithful_train,18,0,7,"370407, ac370419",8,0.99778761061946908,0.048928689929140012,507,471
faithful_train,18,0,7,"370407, ac370419",9,0.99778761061946908,0.048900497136306953,507,470
faithful_train,18,0,8,"ac370442, ac370443",0,0.99778761061946908,0.049997466423329917,505,504
faithful_train,18,0,8,"ac370442, ac370443",1,0.99778761061946908,0.047775770431676357,505,469
faithful_train,18,0,8,"ac370442, ac370443",2,0.99778761061946908,0.046651785552279001,505,455
faithful_train,18,0,8,"ac370442, ac370443",3,0.99778761061946908,0.052190056782776439,505,464
faithful_train,18,0,8,"ac370442, ac370443",4,0.99778761061946908,0.049969548776110817,505,467
faithful_train,18,0,8,"ac370442, ac370443",5,0.99778761061946908,0.046625925774364085,505,458
faithful_train,18,0,8,"ac370442, ac370443",6,0.99778761061946908,0.049997466423329917,505,461
faithful_train,18,0,8,"ac370442, ac370443",7,0.99778761061946908,0.048900497136306953,505,453
faithful_train,18,0,8,"ac370442, ac370443",8,0.99778761061946908,0.043260855942894194,505,459
faithful_train,18,0,8,"ac370442, ac370443",9,0.99778761061946908,0.047775770431676357,505,452
faithful_train,18,0,9,"ac370000, ac370419, ac370442",0,0.99778761061946908,0.051065772606627258,506,505
faithful_train,18,0,9,"ac370000, ac370419, ac370442",1,0.99778761061946908,0.050984730175255955,506,495
faithful_train,18,0,9,"ac370000, ac370419, ac370442",2,0.99778761061946908,0.05550561943889043,506,492
faithful_train,18,0,9,"ac370000, ac370419, ac370442",3,0.99778761061946908,0.054471793714158889,506,490
faithful_train,18,0,9,"ac370000, ac370419, ac370442",4,0.99778761061946908,0.05112279655008245,506,482
faithful_train,18,0,9,"ac370000, ac370419, ac370442",5,0.99778761061946908,0.046705164741763006,506,483
faithful_train,18,0,9,"ac370000, ac370419, ac370442",6,0.99778761061946908,0.054410564789441951,506,473
faithful_train,18,0,9,"ac370000, ac370419, ac370442",7,0.99778761061946908,0.057725542855022072,506,483
faithful_train,18,0,9,"ac370000, ac370419, ac370442",8,0.99778761061946908,0.045528532762779572,506,481
faithful_train,18,0,9,"ac370000, ac370419, ac370442",9,0.99778761061946908,0.053375740303893804,506,482
fixed_test,18,1,0,"370407, ac370000",0,0.91115604557670904,0.0041616458522394373,136,136
fixed_test,18,1,0,"370407, ac370000",1,0.91115604557670904,-0.00018208849697953777,136,134
fixed_test,18,1,0,"370407, ac370000",2,0.91115604557670904,-0.01340567341819332,136,135
fixed_test,18,1,0,"370407, ac370000",3,0.91115604557670904,-0.0046960303644776324,136,133
fixed_test,18,1,0,"370407, ac370000",4,0.91115604557670904,0,136,135
fixed_test,18,1,0,"370407, ac370000",5,0.91115604557670904,0,136,135
fixed_test,18,1,0,"370407, ac370000",6,0.91115604557670904,0.004344510347711994,136,134
fixed_test,18,1,0,"370407, ac370000",7,0.91115604557670904,0,136,136
fixed_test,18,1,0,"370407, ac370000",8,0.91115604557670904,0.0086840980956517377,136,136
fixed_test,18,1,0,"370407, ac370000",9,0.91115604557670904,0.004344510347711994,136,135
fixed_test,18,1,0,"370407, ac370000",10,0.91115604557670904,0.013219602230664762,136,136
fixed_test,18,1,0,"370407, ac370000",11,0.91115604557670904,-0.00018208849697953777,136,136
fixed_test,18,1,0,"370407, ac370000",12,0.91115604557670904,0.0041616458522394373,136,135
fixed_test,18,1,0,"370407, ac370000",13,0.91115604557670904,-0.00049912604498236757,136,136
fixed_test,18,1,0,"370407, ac370000",14,0.91115604557670904,-0.0043499973029651473,136,135
fixed_test,18,1,0,"370407, ac370000",15,0.91115604557670904,-0.0045305815352406631,136,135
fixed_test,18,1,0,"370407, ac370000",16,0.91115604557670904,-0.0045305815352406631,136,135
fixed_test,18,1,0,"370407, ac370000",17,0.91115604557670904,-0.0087060517334452969,136,135
fixed_test,18,1,0,"370407, ac370000",18,0.91115604557670904,0.004344510347711994,136,136
fixed_test,18,1,0,"370407, ac370000",19,0.91115604557670904,0.013019322068956618,136,136
fixed_test,18,1,0,"370407, ac370000",20,0.91115604557670904,0.0085011783200719115,136,136
fixed_test,18,1,0,"370407, ac370000",21,0.91115604557670904,-0.0041540084151762136,136,134
fixed_test,18,1,0,"370407, ac370000",22,0.91115604557670904,-0.0043499973029651473,136,135
fixed_test,18,1,0,"370407, ac370000",23,0.91115604557670904,0,136,136
fixed_test,18,1,0,"370407, ac370000",24,0.91115604557670904,-0.00034837920205199602,136,135
fixed_test,18,1,0,"370407, ac370000",25,0.91115604557670904,0.0088843954423291072,136,133
fixed_test,18,1,0,"370407, ac370000",26,0.91115604557670904,-0.0087060517334452969,136,136
fixed_test,18,1,0,"370407, ac370000",27,0.91115604557670904,-0.0045305815352406631,136,136
fixed_test,18,1,0,"370407, ac370000",28,0.91115604557670904,-0.01340567341819332,136,134
fixed_test,18,1,0,"370407, ac370000",29,0.91115604557670904,0.004344510347711994,136,136
fixed_test,18,1,1,"ac370000, ac370419",0,0.91115604557670904,0,134,131
fixed_test,18,1,1,"ac370000, ac370419",1,0.91115604557670904,-0.0041540084151762136,134,133
fixed_test,18,1,1,"ac370000, ac370419",2,0.91115604557670904,-0.017768790884658214,134,134
fixed_test,18,1,1,"ac370000, ac370419",3,0.91115604557670904,0.004344510347711994,134,133
fixed_test,18,1,1,"ac370000, ac370419",4,0.91115604557670904,-0.00018208849697953777,134,134
fixed_test,18,1,1,"ac370000, ac370419",5,0.91115604557670904,-0.0087060517334452969,134,134
fixed_test,18,1,1,"ac370000, ac370419",6,0.91115604557670904,-0.0087060517334452969,134,131
fixed_test,18,1,1,"ac370000, ac370419",7,0.91115604557670904,-0.0043499973029651473,134,132
fixed_test,18,1,1,"ac370000, ac370419",8,0.91115604557670904,-0.00018208849697953777,134,134
fixed_test,18,1,1,"ac370000, ac370419",9,0.91115604557670904,0.00064388846031238067,134,134
fixed_test,18,1,1,"ac370000, ac370419",10,0.91115604557670904,0.013438204196050796,134,134
fixed_test,18,1,1,"ac370000, ac370419",11,0.91115604557670904,-0.013244098052473174,134,134
fixed_test,18,1,1,"ac370000, ac370419",12,0.91115604557670904,-0.0045305815352406631,134,134
fixed_test,18,1,1,"ac370000, ac370419",13,0.91115604557670904,-0.022280765301146088,134,132
fixed_test,18,1,1,"ac370000, ac370419",14,0.91115604557670904,0.0088843954423291072,134,133
fixed_test,18,1,1,"ac370000, ac370419",15,0.91115604557670904,-0.0083048958280479424,134,134
fixed_test,18,1,1,"ac370000, ac370419",16,0.91115604557670904,-0.01340567341819332,134,133
fixed_test,18,1,1,"ac370000, ac370419",17,0.91115604557670904,-0.01340567341819332,134,133
fixed_test,18,1,1,"ac370000, ac370419",18,0.91115604557670904,-0.017768790884658214,134,134
fixed_test,18,1,1,"ac370000, ac370419",19,0.91115604557670904,-0.026653186326987321,134,134
fixed_test,18,1,1,"ac370000, ac370419",20,0.91115604557670904,-0.013244098052473174,134,132
fixed_test,18,1,1,"ac370000, ac370419",21,0.91115604557670904,-0.0045305815352406631,134,131
fixed_test,18,1,1,"ac370000, ac370419",22,0.91115604557670904,-0.00018208849697953777,134,134
fixed_test,18,1,1,"ac370000, ac370419",23,0.91115604557670904,-0.0088843954423291072,134,133
fixed_test,18,1,1,"ac370000, ac370419",24,0.91115604557670904,-0.0085129796547384062,134,132
fixed_test,18,1,1,"ac370000, ac370419",25,0.91115604557670904,-0.0085129796547384062,134,134
fixed_test,18,1,1,"ac370000, ac370419",26,0.91115604557670904,0.00019815967653757927,134,133
fixed_test,18,1,1,"ac370000, ac370419",27,0.91115604557670904,-0.01340567341819332,134,134
fixed_test,18,1,1,"ac370000, ac370419",28,0.91115604557670904,-0.01340567341819332,134,134
fixed_test,18,1,1,"ac370000, ac370419",29,0.91115604557670904,-0.022138198801981201,134,134
fixed_test,18,1,2,"ac370000, ac370443",0,0.91115604557670904,0.004344510347711994,127,127
fixed_test,18,1,2,"ac370000, ac370443",1,0.91115604557670904,-0.0045305815352406631,127,127
fixed_test,18,1,2,"ac370000, ac370443",2,0.91115604557670904,0.004344510347711994,127,127
fixed_test,18,1,2,"ac370000, ac370443",3,0.91115604557670904,0,127,126
fixed_test,18,1,2,"ac370000, ac370443",4,0.91115604557670904,0.0045441034465428798,127,127
fixed_test,18,1,2,"ac370000, ac370443",5,0.91115604557670904,0,127,127
fixed_test,18,1,2,"ac370000, ac370443",6,0.91115604557670904,-0.0088843954423291072,127,127
fixed_test,18,1,2,"ac370000, ac370443",7,0.91115604557670904,-0.017768790884658214,127,127
fixed_test,18,1,2,"ac370000, ac370443",8,0.91115604557670904,0.00019815967653757927,127,127
fixed_test,18,1,2,"ac370000, ac370443",9,0.91115604557670904,-0.01340567341819332,127,126
fixed_test,18,1,2,"ac370000, ac370443",10,0.91115604557670904,0.004344510347711994,127,126
fixed_test,18,1,2,"ac370000, ac370443",11,0.91115604557670904,0.0088843954423291072,127,127
fixed_test,18,1,2,"ac370000, ac370443",12,0.91115604557670904,-0.00018208849697953777,127,127
fixed_test,18,1,2,"ac370000, ac370443",13,0.91115604557670904,-0.00018208849697953777,127,126
fixed_test,18,1,2,"ac370000, ac370443",14,0.91115604557670904,-0.0087060517334452969,127,126
fixed_test,18,1,2,"ac370000, ac370443",15,0.91115604557670904,0.004344510347711994,127,127
fixed_test,18,1,2,"ac370000, ac370443",16,0.91115604557670904,-0.0088843954423291072,127,126
fixed_test,18,1,2,"ac370000, ac370443",17,0.91115604557670904,0.0045441034465428798,127,127
fixed_test,18,1,2,"ac370000, ac370443",18,0.91115604557670904,-0.022280765301146088,127,126
fixed_test,18,1,2,"ac370000, ac370443",19,0.91115604557670904,0.0041616458522394373,127,126
fixed_test,18,1,2,"ac370000, ac370443",20,0.91115604557670904,-0.0088843954423291072,127,126
fixed_test,18,1,2,"ac370000, ac370443",21,0.91115604557670904,0.013219602230664762,127,124
fixed_test,18,1,2,"ac370000, ac370443",22,0.91115604557670904,0,127,125
fixed_test,18,1,2,"ac370000, ac370443",23,0.91115604557670904,-0.0087060517334452969,127,127
fixed_test,18,1,2,"ac370000, ac370443",24,0.91115604557670904,0,127,127
fixed_test,18,1,2,"ac370000, ac370443",25,0.91115604557670904,-0.0043499973029651473,127,127
fixed_test,18,1,2,"ac370000, ac370443",26,0.91115604557670904,-0.01340567341819332,127,127
fixed_test,18,1,2,"ac370000, ac370443",27,0.91115604557670904,0.0086840980956517377,127,127
fixed_test,18,1,2,"ac370000, ac370443",28,0.91115604557670904,-0.0088843954423291072,127,124
fixed_test,18,1,2,"ac370000, ac370443",29,0.91115604557670904,-0.0046960303644776324,127,125
fixed_test,18,1,3,"ac370000, ac370419, ac370443",0,0.91115604557670904,0.0045441034465428798,127,127
fixed_test,18,1,3,"ac370000, ac370419, ac370443",1,0.91115604557670904,-0.0045305815352406631,127,127
fixed_test,18,1,3,"ac370000, ac370419, ac370443",2,0.91115604557670904,-0.0043499973029651473,127,127
fixed_test,18,1,3,"ac370000, ac370419, ac370443",3,0.91115604557670904,-0.017438643517910801,127,127
fixed_test,18,1,3,"ac370000, ac370419, ac370443",4,0.91115604557670904,-0.00018208849697953777,127,126
fixed_test,18,1,3,"ac370000, ac370419, ac370443",5,0.91115604557670904,-0.00018208849697953777,127,127
fixed_test,18,1,3,"ac370000, ac370419, ac370443",6,0.91115604557670904,-0.013068739573925181,127,127
fixed_test,18,1,3,"ac370000, ac370419, ac370443",7,0.91115604557670904,0,127,127
fixed_test,18,1,3,"ac370000, ac370419, ac370443",8,0.91115604557670904,-0.022138198801981201,127,127
fixed_test,18,1,3,"ac370000, ac370419, ac370443",9,0.91115604557670904,-0.0043499973029651473,127,127
fixed_test,18,1,3,"ac370000, ac370419, ac370443",10,0.91115604557670904,-0.00018208849697953777,127,127
fixed_test,18,1,3,"ac370000, ac370419, ac370443",11,0.91115604557670904,-0.0041540084151762136,127,127
fixed_test,18,1,3,"ac370000, ac370419, ac370443",12,0.91115604557670904,-0.013244098052473174,127,127
fixed_test,18,1,3,"ac370000, ac370419, ac370443",13,0.91115604557670904,0,127,127
fixed_test,18,1,3,"ac370000, ac370419, ac370443",14,0.91115604557670904,-0.0045305815352406631,127,127
fixed_test,18,1,3,"ac370000, ac370419, ac370443",15,0.91115604557670904,0.0091023710865204555,127,127
fixed_test,18,1,3,"ac370000, ac370419, ac370443",16,0.91115604557670904,0.013438204196050796,127,127
fixed_test,18,1,3,"ac370000, ac370419, ac370443",17,0.91115604557670904,0.004344510347711994,127,127
fixed_test,18,1,3,"ac370000, ac370419, ac370443",18,0.91115604557670904,-0.017768790884658214,127,127
fixed_test,18,1,3,"ac370000, ac370419, ac370443",19,0.91115604557670904,0.0041616458522394373,127,127
fixed_test,18,1,3,"ac370000, ac370419, ac370443",20,0.91115604557670904,-0.0046960303644776324,127,127
fixed_test,18,1,3,"ac370000, ac370419, ac370443",21,0.91115604557670904,0.004344510347711994,127,127
fixed_test,18,1,3,"ac370000, ac370419, ac370443",22,0.91115604557670904,-0.0043499973029651473,127,127
fixed_test,18,1,3,"ac370000, ac370419, ac370443",23,0.91115604557670904,-0.013244098052473174,127,127
fixed_test,18,1,3,"ac370000, ac370419, ac370443",24,0.91115604557670904,-0.0043499973029651473,127,127
fixed_test,18,1,3,"ac370000, ac370419, ac370443",25,0.91115604557670904,-0.0045305815352406631,127,127
fixed_test,18,1,3,"ac370000, ac370419, ac370443",26,0.91115604557670904,-0.013244098052473174,127,127
fixed_test,18,1,3,"ac370000, ac370419, ac370443",27,0.91115604557670904,0,127,127
fixed_test,18,1,3,"ac370000, ac370419, ac370443",28,0.91115604557670904,0,127,127
fixed_test,18,1,3,"ac370000, ac370419, ac370443",29,0.91115604557670904,0.0045441034465428798,127,127
fixed_test,18,1,4,"ac370419, ac370443",0,0.91115604557670904,0.0041616458522394373,127,127
fixed_test,18,1,4,"ac370419, ac370443",1,0.91115604557670904,0.017550284688282902,127,127
fixed_test,18,1,4,"ac370419, ac370443",2,0.91115604557670904,0.0085011783200719115,127,127
fixed_test,18,1,4,"ac370419, ac370443",3,0.91115604557670904,0.004344510347711994,127,126
fixed_test,18,1,4,"ac370419, ac370443",4,0.91115604557670904,0.017350735842195819,127,127
fixed_test,18,1,4,"ac370419, ac370443",5,0.91115604557670904,0.0045441034465428798,127,127
fixed_test,18,1,4,"ac370419, ac370443",6,0.91115604557670904,-0.0090482750896105912,127,127
fixed_test,18,1,4,"ac370419, ac370443",7,0.91115604557670904,0,127,127
fixed_test,18,1,4,"ac370419, ac370443",8,0.91115604557670904,-0.0045305815352406631,127,127
fixed_test,18,1,4,"ac370419, ac370443",9,0.91115604557670904,-0.0090482750896105912,127,127
fixed_test,18,1,4,"ac370419, ac370443",10,0.91115604557670904,-0.00018208849697953777,127,127
fixed_test,18,1,4,"ac370419, ac370443",11,0.91115604557670904,0.0086840980956517377,127,126
fixed_test,18,1,4,"ac370419, ac370443",12,0.91115604557670904,-0.017914461682241645,127,127
fixed_test,18,1,4,"ac370419, ac370443",13,0.91115604557670904,0.0083353567928484695,127,127
fixed_test,18,1,4,"ac370419, ac370443",14,0.91115604557670904,0.004344510347711994,127,127
fixed_test,18,1,4,"ac370419, ac370443",15,0.91115604557670904,0,127,127
fixed_test,18,1,4,"ac370419, ac370443",16,0.91115604557670904,0.0041616458522394373,127,125
fixed_test,18,1,4,"ac370419, ac370443",17,0.91115604557670904,0.012837060617918672,127,127
fixed_test,18,1,4,"ac370419, ac370443",18,0.91115604557670904,0.0085011783200719115,127,125
fixed_test,18,1,4,"ac370419, ac370443",19,0.91115604557670904,0.017550284688282902,127,127
fixed_test,18,1,4,"ac370419, ac370443",20,0.91115604557670904,-0.0090482750896105912,127,127
fixed_test,18,1,4,"ac370419, ac370443",21,0.91115604557670904,0,127,126
fixed_test,18,1,4,"ac370419, ac370443",22,0.91115604557670904,0,127,127
fixed_test,18,1,4,"ac370419, ac370443",23,0.91115604557670904,0.012837060617918672,127,127
fixed_test,18,1,4,"ac370419, ac370443",24,0.91115604557670904,0.017768790884658214,127,127
fixed_test,18,1,4,"ac370419, ac370443",25,0.91115604557670904,0.013019322068956618,127,127
fixed_test,18,1,4,"ac370419, ac370443",26,0.91115604557670904,0.0086840980956517377,127,127
fixed_test,18,1,4,"ac370419, ac370443",27,0.91115604557670904,0.0086840980956517377,127,127
fixed_test,18,1,4,"ac370419, ac370443",28,0.91115604557670904,-0.00018208849697953777,127,127
fixed_test,18,1,4,"ac370419, ac370443",29,0.91115604557670904,-0.00018208849697953777,127,127
fixed_test,18,1,5,"ac370000, ac370442",0,0.91115604557670904,-0.01340567341819332,129,128
fixed_test,18,1,5,"ac370000, ac370442",1,0.91115604557670904,0.0083353567928484695,129,128
fixed_test,18,1,5,"ac370000, ac370442",2,0.91115604557670904,-0.0045305815352406631,129,129
fixed_test,18,1,5,"ac370000, ac370442",3,0.91115604557670904,0,129,129
fixed_test,18,1,5,"ac370000, ac370442",4,0.91115604557670904,0.0045441034465428798,129,129
fixed_test,18,1,5,"ac370000, ac370442",5,0.91115604557670904,0.012837060617918672,129,129
fixed_test,18,1,5,"ac370000, ac370442",6,0.91115604557670904,-0.0046960303644776324,129,128
fixed_test,18,1,5,"ac370000, ac370442",7,0.91115604557670904,0,129,128
fixed_test,18,1,5,"ac370000, ac370442",8,0.91115604557670904,0.004344510347711994,129,129
fixed_test,18,1,5,"ac370000, ac370442",9,0.91115604557670904,-0.013244098052473174,129,129
fixed_test,18,1,5,"ac370000, ac370442",10,0.91115604557670904,0.013219602230664762,129,127
fixed_test,18,1,5,"ac370000, ac370442",11,0.91115604557670904,-0.00034837920205199602,129,129
fixed_test,18,1,5,"ac370000, ac370442",12,0.91115604557670904,-0.00018208849697953777,129,128
fixed_test,18,1,5,"ac370000, ac370442",13,0.91115604557670904,0.017550284688282902,129,128
fixed_test,18,1,5,"ac370000, ac370442",14,0.91115604557670904,-0.0087060517334452969,129,128
fixed_test,18,1,5,"ac370000, ac370442",15,0.91115604557670904,0.0086840980956517377,129,129
fixed_test,18,1,5,"ac370000, ac370442",16,0.91115604557670904,0,129,127
fixed_test,18,1,5,"ac370000, ac370442",17,0.91115604557670904,-0.00018208849697953777,129,129
fixed_test,18,1,5,"ac370000, ac370442",18,0.91115604557670904,0.017350735842195819,129,129
fixed_test,18,1,5,"ac370000, ac370442",19,0.91115604557670904,0.0041616458522394373,129,129
fixed_test,18,1,5,"ac370000, ac370442",20,0.91115604557670904,-0.00018208849697953777,129,128
fixed_test,18,1,5,"ac370000, ac370442",21,0.91115604557670904,0.0086840980956517377,129,129
fixed_test,18,1,5,"ac370000, ac370442",22,0.91115604557670904,-0.017768790884658214,129,128
fixed_test,18,1,5,"ac370000, ac370442",23,0.91115604557670904,0.0041616458522394373,129,128
fixed_test,18,1,5,"ac370000, ac370442",24,0.91115604557670904,-0.0045305815352406631,129,128
fixed_test,18,1,5,"ac370000, ac370442",25,0.91115604557670904,0.0086840980956517377,129,128
fixed_test,18,1,5,"ac370000, ac370442",26,0.91115604557670904,-0.01340567341819332,129,128
fixed_test,18,1,5,"ac370000, ac370442",27,0.91115604557670904,-0.0090482750896105912,129,128
fixed_test,18,1,5,"ac370000, ac370442",28,0.91115604557670904,0.0088843954423291072,129,129
fixed_test,18,1,5,"ac370000, ac370442",29,0.91115604557670904,-0.0043499973029651473,129,129
fixed_test,18,1,6,"370407, ac370000, ac370419",0,0.91115604557670904,-0.0045305815352406631,130,129
fixed_test,18,1,6,"370407, ac370000, ac370419",1,0.91115604557670904,0.00019815967653757927,130,130
fixed_test,18,1,6,"370407, ac370000, ac370419",2,0.91115604557670904,-0.00018208849697953777,130,129
fixed_test,18,1,6,"370407, ac370000, ac370419",3,0.91115604557670904,-0.0090482750896105912,130,130
fixed_test,18,1,6,"370407, ac370000, ac370419",4,0.91115604557670904,0.013219602230664762,130,130
fixed_test,18,1,6,"370407, ac370000, ac370419",5,0.91115604557670904,0.013438204196050796,130,130
fixed_test,18,1,6,"370407, ac370000, ac370419",6,0.91115604557670904,-0.0043499973029651473,130,130
fixed_test,18,1,6,"370407, ac370000, ac370419",7,0.91115604557670904,-0.0041540084151762136,130,130
fixed_test,18,1,6,"370407, ac370000, ac370419",8,0.91115604557670904,-0.0041540084151762136,130,130
fixed_test,18,1,6,"370407, ac370000, ac370419",9,0.91115604557670904,0.022094694113617308,130,130
fixed_test,18,1,6,"370407, ac370000, ac370419",10,0.91115604557670904,0.004344510347711994,130,130
fixed_test,18,1,6,"370407, ac370000, ac370419",11,0.91115604557670904,0.013019322068956618,130,130
fixed_test,18,1,6,"370407, ac370000, ac370419",12,0.91115604557670904,0.013019322068956618,130,129
fixed_test,18,1,6,"370407, ac370000, ac370419",13,0.91115604557670904,-0.0088843954423291072,130,130
fixed_test,18,1,6,"370407, ac370000, ac370419",14,0.91115604557670904,0.00019815967653757927,130,130
fixed_test,18,1,6,"370407, ac370000, ac370419",15,0.91115604557670904,-0.00018208849697953777,130,130
fixed_test,18,1,6,"370407, ac370000, ac370419",16,0.91115604557670904,0.00019815967653757927,130,130
fixed_test,18,1,6,"370407, ac370000, ac370419",17,0.91115604557670904,-0.0045305815352406631,130,129
fixed_test,18,1,6,"370407, ac370000, ac370419",18,0.91115604557670904,-0.013244098052473174,130,130
fixed_test,18,1,6,"370407, ac370000, ac370419",19,0.91115604557670904,0,130,130
fixed_test,18,1,6,"370407, ac370000, ac370419",20,0.91115604557670904,-0.0043499973029651473,130,130
fixed_test,18,1,6,"370407, ac370000, ac370419",21,0.91115604557670904,0.0085011783200719115,130,130
fixed_test,18,1,6,"370407, ac370000, ac370419",22,0.91115604557670904,-0.0043499973029651473,130,129
fixed_test,18,1,6,"370407, ac370000, ac370419",23,0.91115604557670904,0.0086840980956517377,130,130
fixed_test,18,1,6,"370407, ac370000, ac370419",24,0.91115604557670904,0.0045441034465428798,130,130
fixed_test,18,1,6,"370407, ac370000, ac370419",25,0.91115604557670904,-0.00018208849697953777,130,130
fixed_test,18,1,6,"370407, ac370000, ac370419",26,0.91115604557670904,0,130,130
fixed_test,18,1,6,"370407, ac370000, ac370419",27,0.91115604557670904,0.0045441034465428798,130,130
fixed_test,18,1,6,"370407, ac370000, ac370419",28,0.91115604557670904,0.0088843954423291072,130,130
fixed_test,18,1,6,"370407, ac370000, ac370419",29,0.91115604557670904,-0.0087060517334452969,130,130
fixed_test,18,1,7,"370407, ac370419",0,0.91115604557670904,0,130,129
fixed_test,18,1,7,"370407, ac370419",1,0.91115604557670904,0,130,129
fixed_test,18,1,7,"370407, ac370419",2,0.91115604557670904,-0.017914461682241645,130,129
fixed_test,18,1,7,"370407, ac370419",3,0.91115604557670904,-0.0045305815352406631,130,130
fixed_test,18,1,7,"370407, ac370419",4,0.91115604557670904,-0.0043499973029651473,130,130
fixed_test,18,1,7,"370407, ac370419",5,0.91115604557670904,-0.01340567341819332,130,130
fixed_test,18,1,7,"370407, ac370419",6,0.91115604557670904,0.0039952332230309695,130,129
fixed_test,18,1,7,"370407, ac370419",7,0.91115604557670904,-0.013244098052473174,130,130
fixed_test,18,1,7,"370407, ac370419",8,0.91115604557670904,0,130,130
fixed_test,18,1,7,"370407, ac370419",9,0.91115604557670904,0.017550284688282902,130,130
fixed_test,18,1,7,"370407, ac370419",10,0.91115604557670904,0,130,130
fixed_test,18,1,7,"370407, ac370419",11,0.91115604557670904,0.0041616458522394373,130,130
fixed_test,18,1,7,"370407, ac370419",12,0.91115604557670904,-0.0048465941718568439,130,129
fixed_test,18,1,7,"370407, ac370419",13,0.91115604557670904,-0.0088843954423291072,130,130
fixed_test,18,1,7,"370407, ac370419",14,0.91115604557670904,-0.0045305815352406631,130,130
fixed_test,18,1,7,"370407, ac370419",15,0.91115604557670904,0.0045441034465428798,130,130
fixed_test,18,1,7,"370407, ac370419",16,0.91115604557670904,-0.00034837920205199602,130,130
fixed_test,18,1,7,"370407, ac370419",17,0.91115604557670904,-0.00034837920205199602,130,128
fixed_test,18,1,7,"370407, ac370419",18,0.91115604557670904,0.004344510347711994,130,130
fixed_test,18,1,7,"370407, ac370419",19,0.91115604557670904,-0.00018208849697953777,130,130
fixed_test,18,1,7,"370407, ac370419",20,0.91115604557670904,-0.01340567341819332,130,130
fixed_test,18,1,7,"370407, ac370419",21,0.91115604557670904,-0.0045305815352406631,130,127
fixed_test,18,1,7,"370407, ac370419",22,0.91115604557670904,-0.0088843954423291072,130,129
fixed_test,18,1,7,"370407, ac370419",23,0.91115604557670904,0.0091023710865204555,130,130
fixed_test,18,1,7,"370407, ac370419",24,0.91115604557670904,0.0041616458522394373,130,129
fixed_test,18,1,7,"370407, ac370419",25,0.91115604557670904,-0.00018208849697953777,130,130
fixed_test,18,1,7,"370407, ac370419",26,0.91115604557670904,-0.00018208849697953777,130,130
fixed_test,18,1,7,"370407, ac370419",27,0.91115604557670904,-0.013553706581194813,130,129
fixed_test,18,1,7,"370407, ac370419",28,0.91115604557670904,-0.0088843954423291072,130,130
fixed_test,18,1,7,"370407, ac370419",29,0.91115604557670904,0,130,130
fixed_test,18,1,8,"ac370442, ac370443",0,0.91115604557670904,0.0041616458522394373,127,127
fixed_test,18,1,8,"ac370442, ac370443",1,0.91115604557670904,-0.0088843954423291072,127,127
fixed_test,18,1,8,"ac370442, ac370443",2,0.91115604557670904,-0.0045305815352406631,127,127
fixed_test,18,1,8,"ac370442, ac370443",3,0.91115604557670904,-0.0091979367241759036,127,127
fixed_test,18,1,8,"ac370442, ac370443",4,0.91115604557670904,-0.013244098052473174,127,127
fixed_test,18,1,8,"ac370442, ac370443",5,0.91115604557670904,-0.0043499973029651473,127,125
fixed_test,18,1,8,"ac370442, ac370443",6,0.91115604557670904,0.013019322068956618,127,127
fixed_test,18,1,8,"ac370442, ac370443",7,0.91115604557670904,-0.0045305815352406631,127,127
fixed_test,18,1,8,"ac370442, ac370443",8,0.91115604557670904,0.012837060617918672,127,127
fixed_test,18,1,8,"ac370442, ac370443",9,0.91115604557670904,-0.0090482750896105912,127,126
fixed_test,18,1,8,"ac370442, ac370443",10,0.91115604557670904,0.017550284688282902,127,127
fixed_test,18,1,8,"ac370442, ac370443",11,0.91115604557670904,0.004344510347711994,127,127
fixed_test,18,1,8,"ac370442, ac370443",12,0.91115604557670904,-0.0090482750896105912,127,127
fixed_test,18,1,8,"ac370442, ac370443",13,0.91115604557670904,-0.00018208849697953777,127,127
fixed_test,18,1,8,"ac370442, ac370443",14,0.91115604557670904,-0.0043499973029651473,127,126
fixed_test,18,1,8,"ac370442, ac370443",15,0.91115604557670904,-0.00018208849697953777,127,126
fixed_test,18,1,8,"ac370442, ac370443",16,0.91115604557670904,0.0041616458522394373,127,125
fixed_test,18,1,8,"ac370442, ac370443",17,0.91115604557670904,0.0086840980956517377,127,127
fixed_test,18,1,8,"ac370442, ac370443",18,0.91115604557670904,0.017350735842195819,127,127
fixed_test,18,1,8,"ac370442, ac370443",19,0.91115604557670904,-0.00018208849697953777,127,127
fixed_test,18,1,8,"ac370442, ac370443",20,0.91115604557670904,0.0041616458522394373,127,127
fixed_test,18,1,8,"ac370442, ac370443",21,0.91115604557670904,-0.00034837920205199602,127,127
fixed_test,18,1,8,"ac370442, ac370443",22,0.91115604557670904,0.0045441034465428798,127,126
fixed_test,18,1,8,"ac370442, ac370443",23,0.91115604557670904,0.004344510347711994,127,127
fixed_test,18,1,8,"ac370442, ac370443",24,0.91115604557670904,0,127,126
fixed_test,18,1,8,"ac370442, ac370443",25,0.91115604557670904,-0.0046960303644776324,127,126
fixed_test,18,1,8,"ac370442, ac370443",26,0.91115604557670904,0.0086840980956517377,127,127
fixed_test,18,1,8,"ac370442, ac370443",27,0.91115604557670904,-0.00018208849697953777,127,127
fixed_test,18,1,8,"ac370442, ac370443",28,0.91115604557670904,0.0041616458522394373,127,127
fixed_test,18,1,8,"ac370442, ac370443",29,0.91115604557670904,-0.0045305815352406631,127,127
fixed_test,18,1,9,"ac370000, ac370419, ac370442",0,0.91115604557670904,-0.0090482750896105912,129,129
fixed_test,18,1,9,"ac370000, ac370419, ac370442",1,0.91115604557670904,-0.013068739573925181,129,129
fixed_test,18,1,9,"ac370000, ac370419, ac370442",2,0.91115604557670904,-0.0045305815352406631,129,129
fixed_test,18,1,9,"ac370000, ac370419, ac370442",3,0.91115604557670904,0.0045441034465428798,129,129
fixed_test,18,1,9,"ac370000, ac370419, ac370442",4,0.91115604557670904,0.0091023710865204555,129,129
fixed_test,18,1,9,"ac370000, ac370419, ac370442",5,0.91115604557670904,0.0086840980956517377,129,129
fixed_test,18,1,9,"ac370000, ac370419, ac370442",6,0.91115604557670904,0.013219602230664762,129,129
fixed_test,18,1,9,"ac370000, ac370419, ac370442",7,0.91115604557670904,0.013219602230664762,129,129
fixed_test,18,1,9,"ac370000, ac370419, ac370442",8,0.91115604557670904,-0.0043499973029651473,129,128
fixed_test,18,1,9,"ac370000, ac370419, ac370442",9,0.91115604557670904,-0.01340567341819332,129,129
fixed_test,18,1,9,"ac370000, ac370419, ac370442",10,0.91115604557670904,-0.0046960303644776324,129,129
fixed_test,18,1,9,"ac370000, ac370419, ac370442",11,0.91115604557670904,0,129,129
fixed_test,18,1,9,"ac370000, ac370419, ac370442",12,0.91115604557670904,-0.0045305815352406631,129,129
fixed_test,18,1,9,"ac370000, ac370419, ac370442",13,0.91115604557670904,0.0091023710865204555,129,129
fixed_test,18,1,9,"ac370000, ac370419, ac370442",14,0.91115604557670904,-0.00018208849697953777,129,129
fixed_test,18,1,9,"ac370000, ac370419, ac370442",15,0.91115604557670904,0,129,129
fixed_test,18,1,9,"ac370000, ac370419, ac370442",16,0.91115604557670904,0.0088843954423291072,129,129
fixed_test,18,1,9,"ac370000, ac370419, ac370442",17,0.91115604557670904,0,129,129
fixed_test,18,1,9,"ac370000, ac370419, ac370442",18,0.91115604557670904,-0.013068739573925181,129,129
fixed_test,18,1,9,"ac370000, ac370419, ac370442",19,0.91115604557670904,0.013438204196050796,129,129
fixed_test,18,1,9,"ac370000, ac370419, ac370442",20,0.91115604557670904,0.0085011783200719115,129,129
fixed_test,18,1,9,"ac370000, ac370419, ac370442",21,0.91115604557670904,0.013219602230664762,129,129
fixed_test,18,1,9,"ac370000, ac370419, ac370442",22,0.91115604557670904,0.004344510347711994,129,129
fixed_test,18,1,9,"ac370000, ac370419, ac370442",23,0.91115604557670904,0.0041616458522394373,129,128
fixed_test,18,1,9,"ac370000, ac370419, ac370442",24,0.91115604557670904,0.022094694113617308,129,129
fixed_test,18,1,9,"ac370000, ac370419, ac370442",25,0.91115604557670904,0.012837060617918672,129,129
fixed_test,18,1,9,"ac370000, ac370419, ac370442",26,0.91115604557670904,0.004344510347711994,129,129
fixed_test,18,1,9,"ac370000, ac370419, ac370442",27,0.91115604557670904,0.004344510347711994,129,128
fixed_test,18,1,9,"ac370000, ac370419, ac370442",28,0.91115604557670904,0.022094694113617308,129,129
fixed_test,18,1,9,"ac370000, ac370419, ac370442",29,0.91115604557670904,0.0045441034465428798,129,128
fixed_train,18,1,0,"370407, ac370000",0,0.99557319156528978,0.042076505087420668,532,530
fixed_train,18,1,0,"370407, ac370000",1,0.99557319156528978,0.029921943050729927,532,527
fixed_train,18,1,0,"370407, ac370000",2,0.99557319156528978,0.036550179883790723,532,530
fixed_train,18,1,0,"370407, ac370000",3,0.99557319156528978,0.043128850195354063,532,528
fixed_train,18,1,0,"370407, ac370000",4,0.99557319156528978,0.037667830859060447,532,529
fixed_train,18,1,0,"370407, ac370000",5,0.99557319156528978,0.043172488704281919,532,530
fixed_train,18,1,0,"370407, ac370000",6,0.99557319156528978,0.042054680129747557,532,530
fixed_train,18,1,0,"370407, ac370000",7,0.99557319156528978,0.039883338190311535,532,529
fixed_train,18,1,0,"370407, ac370000",8,0.99557319156528978,0.050960874846566862,532,529
fixed_train,18,1,0,"370407, ac370000",9,0.99557319156528978,0.045386409501444458,532,530
fixed_train,18,1,0,"370407, ac370000",10,0.99557319156528978,0.032102884718469782,532,529
fixed_train,18,1,0,"370407, ac370000",11,0.99557319156528978,0.035471916135335069,532,528
fixed_train,18,1,0,"370407, ac370000",12,0.99557319156528978,0.027675043124144927,532,528
fixed_train,18,1,0,"370407, ac370000",13,0.99557319156528978,0.039862061586366848,532,528
fixed_train,18,1,0,"370407, ac370000",14,0.99557319156528978,0.032120235200709613,532,528
fixed_train,18,1,0,"370407, ac370000",15,0.99557319156528978,0.040980124566871834,532,529
fixed_train,18,1,0,"370407, ac370000",16,0.99557319156528978,0.037667830859060447,532,525
fixed_train,18,1,0,"370407, ac370000",17,0.99557319156528978,0.037647618085313028,532,532
fixed_train,18,1,0,"370407, ac370000",18,0.99557319156528978,0.03872461967542018,532,528
fixed_train,18,1,0,"370407, ac370000",19,0.99557319156528978,0.043172488704281919,532,529
fixed_train,18,1,0,"370407, ac370000",20,0.99557319156528978,0.04543428243125136,532,530
fixed_train,18,1,0,"370407, ac370000",21,0.99557319156528978,0.036590454055236754,532,530
fixed_train,18,1,0,"370407, ac370000",22,0.99557319156528978,0.037667830859060447,532,528
fixed_train,18,1,0,"370407, ac370000",23,0.99557319156528978,0.042054680129747557,532,531
fixed_train,18,1,0,"370407, ac370000",24,0.99557319156528978,0.037667830859060447,532,529
fixed_train,18,1,0,"370407, ac370000",25,0.99557319156528978,0.038685990186849151,532,526
fixed_train,18,1,0,"370407, ac370000",26,0.99557319156528978,0.037647618085313028,532,529
fixed_train,18,1,0,"370407, ac370000",27,0.99557319156528978,0.047625041591493611,532,527
fixed_train,18,1,0,"370407, ac370000",28,0.99557319156528978,0.033255320325888071,532,531
fixed_train,18,1,0,"370407, ac370000",29,0.99557319156528978,0.034373304731455612,532,526
fixed_train,18,1,1,"ac370000, ac370419",0,0.99557319156528978,0.033236816196558161,518,515
fixed_train,18,1,1,"ac370000, ac370419",1,0.99557319156528978,0.034373304731455612,518,514
fixed_train,18,1,1,"ac370000, ac370419",2,0.99557319156528978,0.034354040016593146,518,515
fixed_train,18,1,1,"ac370000, ac370419",3,0.99557319156528978,0.029857503600917434,518,516
fixed_train,18,1,1,"ac370000, ac370419",4,0.99557319156528978,0.035433174584259097,518,516
fixed_train,18,1,1,"ac370000, ac370419",5,0.99557319156528978,0.033333562647790083,518,518
fixed_train,18,1,1,"ac370000, ac370419",6,0.99557319156528978,0.039905107754229063,518,515
fixed_train,18,1,1,"ac370000, ac370419",7,0.99557319156528978,0.03876515222533139,518,512
fixed_train,18,1,1,"ac370000, ac370419",8,0.99557319156528978,0.033218731083205277,518,514
fixed_train,18,1,1,"ac370000, ac370419",9,0.99557319156528978,0.033218731083205277,518,515
fixed_train,18,1,1,"ac370000, ac370419",10,0.99557319156528978,0.034354040016593146,518,516
fixed_train,18,1,1,"ac370000, ac370419",11,0.99557319156528978,0.02887334419892762,518,513
fixed_train,18,1,1,"ac370000, ac370419",12,0.99557319156528978,0.042076505087420668,518,517
fixed_train,18,1,1,"ac370000, ac370419",13,0.99557319156528978,0.037688511944782066,518,516
fixed_train,18,1,1,"ac370000, ac370419",14,0.99557319156528978,0.032174728544532072,518,513
fixed_train,18,1,1,"ac370000, ac370419",15,0.99557319156528978,0.032156155407674802,518,516
fixed_train,18,1,1,"ac370000, ac370419",16,0.99557319156528978,0.032102884718469782,518,517
fixed_train,18,1,1,"ac370000, ac370419",17,0.99557319156528978,0.037709663306992103,518,516
fixed_train,18,1,1,"ac370000, ac370419",18,0.99557319156528978,0.034413138220957151,518,517
fixed_train,18,1,1,"ac370000, ac370419",19,0.99557319156528978,0.033255320325888071,518,515
fixed_train,18,1,1,"ac370000, ac370419",20,0.99557319156528978,0.02887334419892762,518,515
fixed_train,18,1,1,"ac370000, ac370419",21,0.99557319156528978,0.029956453576093001,518,516
fixed_train,18,1,1,"ac370000, ac370419",22,0.99557319156528978,0.024448769451907659,518,514
fixed_train,18,1,1,"ac370000, ac370419",23,0.99557319156528978,0.034373304731455612,518,518
fixed_train,18,1,1,"ac370000, ac370419",24,0.99557319156528978,0.033274245228918198,518,515
fixed_train,18,1,1,"ac370000, ac370419",25,0.99557319156528978,0.036550179883790723,518,516
fixed_train,18,1,1,"ac370000, ac370419",26,0.99557319156528978,0.024418204194599502,518,514
fixed_train,18,1,1,"ac370000, ac370419",27,0.99557319156528978,0.042145081385066119,518,514
fixed_train,18,1,1,"ac370000, ac370419",28,0.99557319156528978,0.033236816196558161,518,516
fixed_train,18,1,1,"ac370000, ac370419",29,0.99557319156528978,0.036590454055236754,518,518
fixed_train,18,1,2,"ac370000, ac370443",0,0.99557319156528978,0.033236816196558161,510,506
fixed_train,18,1,2,"ac370000, ac370443",1,0.99557319156528978,0.039841275912392504,510,507
fixed_train,18,1,2,"ac370000, ac370443",2,0.99557319156528978,0.041024752702798373,510,508
fixed_train,18,1,2,"ac370000, ac370443",3,0.99557319156528978,0.026560850608261632,510,507
fixed_train,18,1,2,"ac370000, ac370443",4,0.99557319156528978,0.036550179883790723,510,508
fixed_train,18,1,2,"ac370000, ac370443",5,0.99557319156528978,0.039841275912392504,510,508
fixed_train,18,1,2,"ac370000, ac370443",6,0.99557319156528978,0.043241902026579404,510,507
fixed_train,18,1,2,"ac370000, ac370443",7,0.99557319156528978,0.034354040016593146,510,508
fixed_train,18,1,2,"ac370000, ac370443",8,0.99557319156528978,0.038786136982456476,510,508
fixed_train,18,1,2,"ac370000, ac370443",9,0.99557319156528978,0.031021308865307073,510,510
fixed_train,18,1,2,"ac370000, ac370443",10,0.99557319156528978,0.037709663306992103,510,509
fixed_train,18,1,2,"ac370000, ac370443",11,0.99557319156528978,0.04212170356367595,510,509
fixed_train,18,1,2,"ac370000, ac370443",12,0.99557319156528978,0.036611278481409992,510,510
fixed_train,18,1,2,"ac370000, ac370443",13,0.99557319156528978,0.031021308865307073,510,508
fixed_train,18,1,2,"ac370000, ac370443",14,0.99557319156528978,0.033218731083205277,510,508
fixed_train,18,1,2,"ac370000, ac370443",15,0.99557319156528978,0.039841275912392504,510,509
fixed_train,18,1,2,"ac370000, ac370443",16,0.99557319156528978,0.028855898445262151,510,508
fixed_train,18,1,2,"ac370000, ac370443",17,0.99557319156528978,0.04100218546538803,510,506
fixed_train,18,1,2,"ac370000, ac370443",18,0.99557319156528978,0.037688511944782066,510,509
fixed_train,18,1,2,"ac370000, ac370443",19,0.99557319156528978,0.034281285799062866,510,507
fixed_train,18,1,2,"ac370000, ac370443",20,0.99557319156528978,0.032120235200709613,510,507
fixed_train,18,1,2,"ac370000, ac370443",21,0.99557319156528978,0.034433710749270263,510,509
fixed_train,18,1,2,"ac370000, ac370443",22,0.99557319156528978,0.036550179883790723,510,508
fixed_train,18,1,2,"ac370000, ac370443",23,0.99557319156528978,0.037667830859060447,510,507
fixed_train,18,1,2,"ac370000, ac370443",24,0.99557319156528978,0.029905262859168946,510,506
fixed_train,18,1,2,"ac370000, ac370443",25,0.99557319156528978,0.042076505087420668,510,510
fixed_train,18,1,2,"ac370000, ac370443",26,0.99557319156528978,0.039841275912392504,510,508
fixed_train,18,1,2,"ac370000, ac370443",27,0.99557319156528978,0.035433174584259097,510,507
fixed_train,18,1,2,"ac370000, ac370443",28,0.99557319156528978,0.037647618085313028,510,508
fixed_train,18,1,2,"ac370000, ac370443",29,0.99557319156528978,0.031056536189881134,510,508
fixed_train,18,1,3,"ac370000, ac370419, ac370443",0,0.99557319156528978,0.039905107754229063,508,508
fixed_train,18,1,3,"ac370000, ac370419, ac370443",1,0.99557319156528978,0.039973395076807083,508,508
fixed_train,18,1,3,"ac370000, ac370419, ac370443",2,0.99557319156528978,0.037709663306992103,508,508
fixed_train,18,1,3,"ac370000, ac370419, ac370443",3,0.99557319156528978,0.039905107754229063,508,508
fixed_train,18,1,3,"ac370000, ac370419, ac370443",4,0.99557319156528978,0.039883338190311535,508,506
fixed_train,18,1,3,"ac370000, ac370419, ac370443",5,0.99557319156528978,0.038829553449848841,508,508
fixed_train,18,1,3,"ac370000, ac370419, ac370443",6,0.99557319156528978,0.044314352852813488,508,507
fixed_train,18,1,3,"ac370000, ac370419, ac370443",7,0.99557319156528978,0.044290948588474488,508,508
fixed_train,18,1,3,"ac370000, ac370419, ac370443",8,0.99557319156528978,0.035512439821257069,508,508
fixed_train,18,1,3,"ac370000, ac370419, ac370443",9,0.99557319156528978,0.042145081385066119,508,508
fixed_train,18,1,3,"ac370000, ac370419, ac370443",10,0.99557319156528978,0.036493176898135693,508,508
fixed_train,18,1,3,"ac370000, ac370419, ac370443",11,0.99557319156528978,0.031021308865307073,508,507
fixed_train,18,1,3,"ac370000, ac370419, ac370443",12,0.99557319156528978,0.042145081385066119,508,507
fixed_train,18,1,3,"ac370000, ac370419, ac370443",13,0.99557319156528978,0.034354040016593146,508,508
fixed_train,18,1,3,"ac370000, ac370419, ac370443",14,0.99557319156528978,0.037647618085313028,508,508
fixed_train,18,1,3,"ac370000, ac370419, ac370443",15,0.99557319156528978,0.03870506799720852,508,508
fixed_train,18,1,3,"ac370000, ac370419, ac370443",16,0.99557319156528978,0.037688511944782066,508,508
fixed_train,18,1,3,"ac370000, ac370419, ac370443",17,0.99557319156528978,0.039862061586366848,508,508
fixed_train,18,1,3,"ac370000, ac370419, ac370443",18,0.99557319156528978,0.043172488704281919,508,508
fixed_train,18,1,3,"ac370000, ac370419, ac370443",19,0.99557319156528978,0.047600330298606774,508,508
fixed_train,18,1,3,"ac370000, ac370419, ac370443",20,0.99557319156528978,0.036570088499524811,508,508
fixed_train,18,1,3,"ac370000, ac370419, ac370443",21,0.99557319156528978,0.042076505087420668,508,508
fixed_train,18,1,3,"ac370000, ac370419, ac370443",22,0.99557319156528978,0.035491954267955261,508,508
fixed_train,18,1,3,"ac370000, ac370419, ac370443",23,0.99557319156528978,0.032120235200709613,508,508
fixed_train,18,1,3,"ac370000, ac370419, ac370443",24,0.99557319156528978,0.044268084347102832,508,508
fixed_train,18,1,3,"ac370000, ac370419, ac370443",25,0.99557319156528978,0.045386409501444458,508,508
fixed_train,18,1,3,"ac370000, ac370419, ac370443",26,0.99557319156528978,0.036550179883790723,508,508
fixed_train,18,1,3,"ac370000, ac370419, ac370443",27,0.99557319156528978,0.033255320325888071,508,508
fixed_train,18,1,3,"ac370000, ac370419, ac370443",28,0.99557319156528978,0.038807603379017563,508,507
fixed_train,18,1,3,"ac370000, ac370419, ac370443",29,0.99557319156528978,0.036590454055236754,508,507
fixed_train,18,1,4,"ac370419, ac370443",0,0.99557319156528978,0.018808575932283023,508,505
fixed_train,18,1,4,"ac370419, ac370443",1,0.99557319156528978,0.028774254825616796,508,508
fixed_train,18,1,4,"ac370419, ac370443",2,0.99557319156528978,0.025475318176087725,508,507
fixed_train,18,1,4,"ac370419, ac370443",3,0.99557319156528978,0.026605532897547302,508,507
fixed_train,18,1,4,"ac370419, ac370443",4,0.99557319156528978,0.026605532897547302,508,508
fixed_train,18,1,4,"ac370419, ac370443",5,0.99557319156528978,0.028805801534056097,508,508
fixed_train,18,1,4,"ac370419, ac370443",6,0.99557319156528978,0.026590294202805009,508,508
fixed_train,18,1,4,"ac370419, ac370443",7,0.99557319156528978,0.022159279540302834,508,506
fixed_train,18,1,4,"ac370419, ac370443",8,0.99557319156528978,0.028759032273254381,508,506
fixed_train,18,1,4,"ac370419, ac370443",9,0.99557319156528978,0.026560850608261632,508,506
fixed_train,18,1,4,"ac370419, ac370443",10,0.99557319156528978,0.026590294202805009,508,507
fixed_train,18,1,4,"ac370419, ac370443",11,0.99557319156528978,0.018830401151465948,508,507
fixed_train,18,1,4,"ac370419, ac370443",12,0.99557319156528978,0.031004287582151457,508,506
fixed_train,18,1,4,"ac370419, ac370443",13,0.99557319156528978,0.026590294202805009,508,504
fixed_train,18,1,4,"ac370419, ac370443",14,0.99557319156528978,0.029921943050729927,508,507
fixed_train,18,1,4,"ac370419, ac370443",15,0.99557319156528978,0.028759032273254381,508,507
fixed_train,18,1,4,"ac370419, ac370443",16,0.99557319156528978,0.025504707436332041,508,506
fixed_train,18,1,4,"ac370419, ac370443",17,0.99557319156528978,0.026590294202805009,508,507
fixed_train,18,1,4,"ac370419, ac370443",18,0.99557319156528978,0.028855898445262151,508,506
fixed_train,18,1,4,"ac370419, ac370443",19,0.99557319156528978,0.018830401151465948,508,508
fixed_train,18,1,4,"ac370419, ac370443",20,0.99557319156528978,0.025475318176087725,508,506
fixed_train,18,1,4,"ac370419, ac370443",21,0.99557319156528978,0.021045373493006614,508,508
fixed_train,18,1,4,"ac370419, ac370443",22,0.99557319156528978,0.025489846084866707,508,508
fixed_train,18,1,4,"ac370419, ac370443",23,0.99557319156528978,0.021045373493006614,508,508
fixed_train,18,1,4,"ac370419, ac370443",24,0.99557319156528978,0.025475318176087725,508,506
fixed_train,18,1,4,"ac370419, ac370443",25,0.99557319156528978,0.028789844081097637,508,507
fixed_train,18,1,4,"ac370419, ac370443",26,0.99557319156528978,0.025504707436332041,508,506
fixed_train,18,1,4,"ac370419, ac370443",27,0.99557319156528978,0.026532776064697283,508,507
fixed_train,18,1,4,"ac370419, ac370443",28,0.99557319156528978,0.024347446390906469,508,507
fixed_train,18,1,4,"ac370419, ac370443",29,0.99557319156528978,0.023247201529820072,508,507
fixed_train,18,1,5,"ac370000, ac370442",0,0.99557319156528978,0.034373304731455612,503,502
fixed_train,18,1,5,"ac370000, ac370442",1,0.99557319156528978,0.031038724516441185,503,500
fixed_train,18,1,5,"ac370000, ac370442",2,0.99557319156528978,0.03206939469999015,503,498
fixed_train,18,1,5,"ac370000, ac370442",3,0.99557319156528978,0.032156155407674802,503,503
fixed_train,18,1,5,"ac370000, ac370442",4,0.99557319156528978,0.031038724516441185,503,499
fixed_train,18,1,5,"ac370000, ac370442",5,0.99557319156528978,0.036530726312794637,503,498
fixed_train,18,1,5,"ac370000, ac370442",6,0.99557319156528978,0.034316805515632209,503,503
fixed_train,18,1,5,"ac370000, ac370442",7,0.99557319156528978,0.026605532897547302,503,499
fixed_train,18,1,5,"ac370000, ac370442",8,0.99557319156528978,0.024374786871553922,503,501
fixed_train,18,1,5,"ac370000, ac370442",9,0.99557319156528978,0.025433721402772003,503,501
fixed_train,18,1,5,"ac370000, ac370442",10,0.99557319156528978,0.032053251937378513,503,499
fixed_train,18,1,5,"ac370000, ac370442",11,0.99557319156528978,0.043128850195354063,503,502
fixed_train,18,1,5,"ac370000, ac370442",12,0.99557319156528978,0.036530726312794637,503,502
fixed_train,18,1,5,"ac370000, ac370442",13,0.99557319156528978,0.034316805515632209,503,501
fixed_train,18,1,5,"ac370000, ac370442",14,0.99557319156528978,0.031004287582151457,503,500
fixed_train,18,1,5,"ac370000, ac370442",15,0.99557319156528978,0.033255320325888071,503,502
fixed_train,18,1,5,"ac370000, ac370442",16,0.99557319156528978,0.043172488704281919,503,502
fixed_train,18,1,5,"ac370000, ac370442",17,0.99557319156528978,0.034335207542250168,503,499
fixed_train,18,1,5,"ac370000, ac370442",18,0.99557319156528978,0.034316805515632209,503,501
fixed_train,18,1,5,"ac370000, ac370442",19,0.99557319156528978,0.031038724516441185,503,496
fixed_train,18,1,5,"ac370000, ac370442",20,0.99557319156528978,0.034316805515632209,503,503
fixed_train,18,1,5,"ac370000, ac370442",21,0.99557319156528978,0.037688511944782066,503,498
fixed_train,18,1,5,"ac370000, ac370442",22,0.99557319156528978,0.036493176898135693,503,501
fixed_train,18,1,5,"ac370000, ac370442",23,0.99557319156528978,0.033236816196558161,503,501
fixed_train,18,1,5,"ac370000, ac370442",24,0.99557319156528978,0.032102884718469782,503,501
fixed_train,18,1,5,"ac370000, ac370442",25,0.99557319156528978,0.031038724516441185,503,500
fixed_train,18,1,5,"ac370000, ac370442",26,0.99557319156528978,0.032053251937378513,503,501
fixed_train,18,1,5,"ac370000, ac370442",27,0.99557319156528978,0.038786136982456476,503,500
fixed_train,18,1,5,"ac370000, ac370442",28,0.99557319156528978,0.039841275912392504,503,498
fixed_train,18,1,5,"ac370000, ac370442",29,0.99557319156528978,0.029873044678470406,503,502
fixed_train,18,1,6,"370407, ac370000, ac370419",0,0.99557319156528978,0.036570088499524811,502,501
fixed_train,18,1,6,"370407, ac370000, ac370419",1,0.99557319156528978,0.03762787169503734,502,502
fixed_train,18,1,6,"370407, ac370000, ac370419",2,0.99557319156528978,0.04100218546538803,502,502
fixed_train,18,1,6,"370407, ac370000, ac370419",3,0.99557319156528978,0.035433174584259097,502,502
fixed_train,18,1,6,"370407, ac370000, ac370419",4,0.99557319156528978,0.033183811034316335,502,502
fixed_train,18,1,6,"370407, ac370000, ac370419",5,0.99557319156528978,0.042076505087420668,502,502
fixed_train,18,1,6,"370407, ac370000, ac370419",6,0.99557319156528978,0.043150407173895289,502,501
fixed_train,18,1,6,"370407, ac370000, ac370419",7,0.99557319156528978,0.035433174584259097,502,502
fixed_train,18,1,6,"370407, ac370000, ac370419",8,0.99557319156528978,0.0431950969084125,502,502
fixed_train,18,1,6,"370407, ac370000, ac370419",9,0.99557319156528978,0.042054680129747557,502,501
fixed_train,18,1,6,"370407, ac370000, ac370419",10,0.99557319156528978,0.047625041591493611,502,502
fixed_train,18,1,6,"370407, ac370000, ac370419",11,0.99557319156528978,0.0431950969084125,502,501
fixed_train,18,1,6,"370407, ac370000, ac370419",12,0.99557319156528978,0.037688511944782066,502,501
fixed_train,18,1,6,"370407, ac370000, ac370419",13,0.99557319156528978,0.042076505087420668,502,502
fixed_train,18,1,6,"370407, ac370000, ac370419",14,0.99557319156528978,0.044314352852813488,502,501
fixed_train,18,1,6,"370407, ac370000, ac370419",15,0.99557319156528978,0.042012568314401144,502,502
fixed_train,18,1,6,"370407, ac370000, ac370419",16,0.99557319156528978,0.044245757936971164,502,502
fixed_train,18,1,6,"370407, ac370000, ac370419",17,0.99557319156528978,0.038744647109957064,502,502
fixed_train,18,1,6,"370407, ac370000, ac370419",18,0.99557319156528978,0.034316805515632209,502,502
fixed_train,18,1,6,"370407, ac370000, ac370419",19,0.99557319156528978,0.03872461967542018,502,501
fixed_train,18,1,6,"370407, ac370000, ac370419",20,0.99557319156528978,0.036550179883790723,502,502
fixed_train,18,1,6,"370407, ac370000, ac370419",21,0.99557319156528978,0.040937513424657679,502,502
fixed_train,18,1,6,"370407, ac370000, ac370419",22,0.99557319156528978,0.03876515222533139,502,500
fixed_train,18,1,6,"370407, ac370000, ac370419",23,0.99557319156528978,0.036511725926182903,502,501
fixed_train,18,1,6,"370407, ac370000, ac370419",24,0.99557319156528978,0.048745367515315774,502,502
fixed_train,18,1,6,"370407, ac370000, ac370419",25,0.99557319156528978,0.044245757936971164,502,501
fixed_train,18,1,6,"370407, ac370000, ac370419",26,0.99557319156528978,0.038685990186849151,502,500
fixed_train,18,1,6,"370407, ac370000, ac370419",27,0.99557319156528978,0.051903420248817334,502,501
fixed_train,18,1,6,"370407, ac370000, ac370419",28,0.99557319156528978,0.046481488564457885,502,502
fixed_train,18,1,6,"370407, ac370000, ac370419",29,0.99557319156528978,0.035414467477682177,502,502
fixed_train,18,1,7,"370407, ac370419",0,0.99557319156528978,0.023287558112551232,502,502
fixed_train,18,1,7,"370407, ac370419",1,0.99557319156528978,0.028838827150844182,502,501
fixed_train,18,1,7,"370407, ac370419",2,0.99557319156528978,0.032120235200709613,502,499
fixed_train,18,1,7,"370407, ac370419",3,0.99557319156528978,0.026575400580043596,502,501
fixed_train,18,1,7,"370407, ac370419",4,0.99557319156528978,0.025461122326982721,502,501
fixed_train,18,1,7,"370407, ac370419",5,0.99557319156528978,0.029888963921307354,502,498
fixed_train,18,1,7,"370407, ac370419",6,0.99557319156528978,0.028789844081097637,502,500
fixed_train,18,1,7,"370407, ac370419",7,0.99557319156528978,0.027705894567798262,502,501
fixed_train,18,1,7,"370407, ac370419",8,0.99557319156528978,0.027660150929233018,502,502
fixed_train,18,1,7,"370407, ac370419",9,0.99557319156528978,0.036511725926182903,502,501
fixed_train,18,1,7,"370407, ac370419",10,0.99557319156528978,0.034393003512970921,502,499
fixed_train,18,1,7,"370407, ac370419",11,0.99557319156528978,0.029857503600917434,502,499
fixed_train,18,1,7,"370407, ac370419",12,0.99557319156528978,0.028822128706994188,502,501
fixed_train,18,1,7,"370407, ac370419",13,0.99557319156528978,0.031004287582151457,502,500
fixed_train,18,1,7,"370407, ac370419",14,0.99557319156528978,0.031004287582151457,502,501
fixed_train,18,1,7,"370407, ac370419",15,0.99557319156528978,0.028774254825616796,502,500
fixed_train,18,1,7,"370407, ac370419",16,0.99557319156528978,0.029956453576093001,502,502
fixed_train,18,1,7,"370407, ac370419",17,0.99557319156528978,0.024418204194599502,502,498
fixed_train,18,1,7,"370407, ac370419",18,0.99557319156528978,0.02662111811180734,502,500
fixed_train,18,1,7,"370407, ac370419",19,0.99557319156528978,0.029905262859168946,502,502
fixed_train,18,1,7,"370407, ac370419",20,0.99557319156528978,0.027675043124144927,502,502
fixed_train,18,1,7,"370407, ac370419",21,0.99557319156528978,0.026590294202805009,502,498
fixed_train,18,1,7,"370407, ac370419",22,0.99557319156528978,0.033236816196558161,502,502
fixed_train,18,1,7,"370407, ac370419",23,0.99557319156528978,0.02654664289272346,502,500
fixed_train,18,1,7,"370407, ac370419",24,0.99557319156528978,0.023301628670776231,502,502
fixed_train,18,1,7,"370407, ac370419",25,0.99557319156528978,0.026560850608261632,502,501
fixed_train,18,1,7,"370407, ac370419",26,0.99557319156528978,0.029873044678470406,502,501
fixed_train,18,1,7,"370407, ac370419",27,0.99557319156528978,0.028774254825616796,502,501
fixed_train,18,1,7,"370407, ac370419",28,0.99557319156528978,0.028789844081097637,502,499
fixed_train,18,1,7,"370407, ac370419",29,0.99557319156528978,0.029905262859168946,502,500
fixed_train,18,1,8,"ac370442, ac370443",0,0.99557319156528978,0.022134042173551416,502,500
fixed_train,18,1,8,"ac370442, ac370443",1,0.99557319156528978,0.019932070076882136,502,500
fixed_train,18,1,8,"ac370442, ac370443",2,0.99557319156528978,0.028774254825616796,502,501
fixed_train,18,1,8,"ac370442, ac370443",3,0.99557319156528978,0.021057749119003377,502,500
fixed_train,18,1,8,"ac370442, ac370443",4,0.99557319156528978,0.022134042173551416,502,500
fixed_train,18,1,8,"ac370442, ac370443",5,0.99557319156528978,0.027705894567798262,502,500
fixed_train,18,1,8,"ac370442, ac370443",6,0.99557319156528978,0.02769029051762828,502,500
fixed_train,18,1,8,"ac370442, ac370443",7,0.99557319156528978,0.017707233738841199,502,497
fixed_train,18,1,8,"ac370442, ac370443",8,0.99557319156528978,0.022159279540302834,502,502
fixed_train,18,1,8,"ac370442, ac370443",9,0.99557319156528978,0.025475318176087725,502,500
fixed_train,18,1,8,"ac370442, ac370443",10,0.99557319156528978,0.026575400580043596,502,500
fixed_train,18,1,8,"ac370442, ac370443",11,0.99557319156528978,0.026560850608261632,502,501
fixed_train,18,1,8,"ac370442, ac370443",12,0.99557319156528978,0.024347446390906469,502,501
fixed_train,18,1,8,"ac370442, ac370443",13,0.99557319156528978,0.02654664289272346,502,502
fixed_train,18,1,8,"ac370442, ac370443",14,0.99557319156528978,0.027675043124144927,502,501
fixed_train,18,1,8,"ac370442, ac370443",15,0.99557319156528978,0.027660150929233018,502,501
fixed_train,18,1,8,"ac370442, ac370443",16,0.99557319156528978,0.027675043124144927,502,499
fixed_train,18,1,8,"ac370442, ac370443",17,0.99557319156528978,0.024360957078989887,502,502
fixed_train,18,1,8,"ac370442, ac370443",18,0.99557319156528978,0.024388937088100304,502,502
fixed_train,18,1,8,"ac370442, ac370443",19,0.99557319156528978,0.028805801534056097,502,499
fixed_train,18,1,8,"ac370442, ac370443",20,0.99557319156528978,0.026575400580043596,502,501
fixed_train,18,1,8,"ac370442, ac370443",21,0.99557319156528978,0.022134042173551416,502,500
fixed_train,18,1,8,"ac370442, ac370443",22,0.99557319156528978,0.02764561250184483,502,499
fixed_train,18,1,8,"ac370442, ac370443",23,0.99557319156528978,0.022159279540302834,502,499
fixed_train,18,1,8,"ac370442, ac370443",24,0.99557319156528978,0.029842339187554856,502,502
fixed_train,18,1,8,"ac370442, ac370443",25,0.99557319156528978,0.025475318176087725,502,499
fixed_train,18,1,8,"ac370442, ac370443",26,0.99557319156528978,0.02323436343075802,502,500
fixed_train,18,1,8,"ac370442, ac370443",27,0.99557319156528978,0.026532776064697283,502,496
fixed_train,18,1,8,"ac370442, ac370443",28,0.99557319156528978,0.025447257179995297,502,500
fixed_train,18,1,8,"ac370442, ac370443",29,0.99557319156528978,0.027660150929233018,502,499
fixed_train,18,1,9,"ac370000, ac370419, ac370442",0,0.99557319156528978,0.03872461967542018,500,499
fixed_train,18,1,9,"ac370000, ac370419, ac370442",1,0.99557319156528978,0.036550179883790723,500,500
fixed_train,18,1,9,"ac370000, ac370419, ac370442",2,0.99557319156528978,0.042076505087420668,500,499
fixed_train,18,1,9,"ac370000, ac370419, ac370442",3,0.99557319156528978,0.043172488704281919,500,500
fixed_train,18,1,9,"ac370000, ac370419, ac370442",4,0.99557319156528978,0.042012568314401144,500,500
fixed_train,18,1,9,"ac370000, ac370419, ac370442",5,0.99557319156528978,0.039841275912392504,500,500
fixed_train,18,1,9,"ac370000, ac370419, ac370442",6,0.99557319156528978,0.039841275912392504,500,500
fixed_train,18,1,9,"ac370000, ac370419, ac370442",7,0.99557319156528978,0.038786136982456476,500,500
fixed_train,18,1,9,"ac370000, ac370419, ac370442",8,0.99557319156528978,0.034264164687201948,500,500
fixed_train,18,1,9,"ac370000, ac370419, ac370442",9,0.99557319156528978,0.039841275912392504,500,500
fixed_train,18,1,9,"ac370000, ac370419, ac370442",10,0.99557319156528978,0.043150407173895289,500,500
fixed_train,18,1,9,"ac370000, ac370419, ac370442",11,0.99557319156528978,0.035491954267955261,500,499
fixed_train,18,1,9,"ac370000, ac370419, ac370442",12,0.99557319156528978,0.039862061586366848,500,500
fixed_train,18,1,9,"ac370000, ac370419, ac370442",13,0.99557319156528978,0.044245757936971164,500,500
fixed_train,18,1,9,"ac370000, ac370419, ac370442",14,0.99557319156528978,0.043150407173895289,500,500
fixed_train,18,1,9,"ac370000, ac370419, ac370442",15,0.99557319156528978,0.032102884718469782,500,500
fixed_train,18,1,9,"ac370000, ac370419, ac370442",16,0.99557319156528978,0.035396200414847256,500,500
fixed_train,18,1,9,"ac370000, ac370419, ac370442",17,0.99557319156528978,0.039801169421586291,500,500
fixed_train,18,1,9,"ac370000, ac370419, ac370442",18,0.99557319156528978,0.040937513424657679,500,500
fixed_train,18,1,9,"ac370000, ac370419, ac370442",19,0.99557319156528978,0.039862061586366848,500,500
fixed_train,18,1,9,"ac370000, ac370419, ac370442",20,0.99557319156528978,0.038744647109957064,500,499
fixed_train,18,1,9,"ac370000, ac370419, ac370442",21,0.99557319156528978,0.03762787169503734,500,500
fixed_train,18,1,9,"ac370000, ac370419, ac370442",22,0.99557319156528978,0.041024752702798373,500,500
fixed_train,18,1,9,"ac370000, ac370419, ac370442",23,0.99557319156528978,0.036493176898135693,500,500
fixed_train,18,1,9,"ac370000, ac370419, ac370442",24,0.99557319156528978,0.04100218546538803,500,500
fixed_train,18,1,9,"ac370000, ac370419, ac370442",25,0.99557319156528978,0.046505392089528308,500,500
fixed_train,18,1,9,"ac370000, ac370419, ac370442",26,0.99557319156528978,0.036475077437025494,500,500
fixed_train,18,1,9,"ac370000, ac370419, ac370442",27,0.99557319156528978,0.036570088499524811,500,500
fixed_train,18,1,9,"ac370000, ac370419, ac370442",28,0.99557319156528978,0.034316805515632209,500,500
fixed_train,18,1,9,"ac370000, ac370419, ac370442",29,0.99557319156528978,0.036530726312794637,500,499
faithful_train,18,1,0,"370407, ac370000",0,0.99557319156528978,0.039841275912392504,532,530
faithful_train,18,1,0,"370407, ac370000",1,0.99557319156528978,0.057520094220157025,532,530
faithful_train,18,1,0,"370407, ac370000",2,0.99557319156528978,0.056544797969264815,532,521
faithful_train,18,1,0,"370407, ac370000",3,0.99557319156528978,0.05421487592008245,532,510
faithful_train,18,1,0,"370407, ac370000",4,0.99557319156528978,0.056639721711544633,532,507
faithful_train,18,1,0,"370407, ac370000",5,0.99557319156528978,0.071135186192831101,532,502
faithful_train,18,1,0,"370407, ac370000",6,0.99557319156528978,0.054419120615317285,532,503
faithful_train,18,1,0,"370407, ac370000",7,0.99557319156528978,0.06428766165814559,532,501
faithful_train,18,1,0,"370407, ac370000",8,0.99557319156528978,0.064126557242549231,532,483
faithful_train,18,1,0,"370407, ac370000",9,0.99557319156528978,0.053420961540921463,532,484
faithful_train,18,1,1,"ac370000, ac370419",0,0.99557319156528978,0.053324347338525535,518,517
faithful_train,18,1,1,"ac370000, ac370419",1,0.99557319156528978,0.060914875640737276,518,512
faithful_train,18,1,1,"ac370000, ac370419",2,0.99557319156528978,0.061080923903999551,518,502
faithful_train,18,1,1,"ac370000, ac370419",3,0.99557319156528978,0.0554212784203576,518,493
faithful_train,18,1,1,"ac370000, ac370419",4,0.99557319156528978,0.060023128159369166,518,478
faithful_train,18,1,1,"ac370000, ac370419",5,0.99557319156528978,0.060023128159369166,518,489
faithful_train,18,1,1,"ac370000, ac370419",6,0.99557319156528978,0.05435747822892123,518,477
faithful_train,18,1,1,"ac370000, ac370419",7,0.99557319156528978,0.059987942235437242,518,469
faithful_train,18,1,1,"ac370000, ac370419",8,0.99557319156528978,0.052168542406405005,518,470
faithful_train,18,1,1,"ac370000, ac370419",9,0.99557319156528978,0.056639721711544633,518,471
faithful_train,18,1,2,"ac370000, ac370443",0,0.99557319156528978,0.054419120615317285,510,509
faithful_train,18,1,2,"ac370000, ac370443",1,0.99557319156528978,0.058929482154268964,510,502
faithful_train,18,1,2,"ac370000, ac370443",2,0.99557319156528978,0.062209140534407958,510,495
faithful_train,18,1,2,"ac370000, ac370443",3,0.99557319156528978,0.058860322807772203,510,485
faithful_train,18,1,2,"ac370000, ac370443",4,0.99557319156528978,0.053355893339291915,510,479
faithful_train,18,1,2,"ac370000, ac370443",5,0.99557319156528978,0.061189423157020362,510,481
faithful_train,18,1,2,"ac370000, ac370443",6,0.99557319156528978,0.053420961540921463,510,476
faithful_train,18,1,2,"ac370000, ac370443",7,0.99557319156528978,0.064467951372754073,510,467
faithful_train,18,1,2,"ac370000, ac370443",8,0.99557319156528978,0.063301525000227232,510,461
faithful_train,18,1,2,"ac370000, ac370443",9,0.99557319156528978,0.061152509894233154,510,470
faithful_train,18,1,3,"ac370000, ac370419, ac370443",0,0.99557319156528978,0.061080923903999551,508,506
faithful_train,18,1,3,"ac370000, ac370419, ac370443",1,0.99557319156528978,0.052198519519089936,508,485
faithful_train,18,1,3,"ac370000, ac370419, ac370443",2,0.99557319156528978,0.050007335610515402,508,474
faithful_train,18,1,3,"ac370000, ac370419, ac370443",3,0.99557319156528978,0.057766743936466636,508,476
faithful_train,18,1,3,"ac370000, ac370419, ac370443",4,0.99557319156528978,0.058860322807772203,508,472
faithful_train,18,1,3,"ac370000, ac370419, ac370443",5,0.99557319156528978,0.051073445954686436,508,471
faithful_train,18,1,3,"ac370000, ac370419, ac370443",6,0.99557319156528978,0.048881950740584434,508,469
faithful_train,18,1,3,"ac370000, ac370419, ac370443",7,0.99557319156528978,0.055545545637496141,508,476
faithful_train,18,1,3,"ac370000, ac370419, ac370443",8,0.99557319156528978,0.054419120615317285,508,477
faithful_train,18,1,3,"ac370000, ac370419, ac370443",9,0.99557319156528978,0.053355893339291915,508,473
faithful_train,18,1,4,"ac370419, ac370443",0,0.99557319156528978,0.055611747287000024,508,449
faithful_train,18,1,4,"ac370419, ac370443",1,0.99557319156528978,0.054620126649504219,508,462
faithful_train,18,1,4,"ac370419, ac370443",2,0.99557319156528978,0.054516586045996962,508,472
faithful_train,18,1,4,"ac370419, ac370443",3,0.99557319156528978,0.048881950740584434,508,476
faithful_train,18,1,4,"ac370419, ac370443",4,0.99557319156528978,0.050007335610515402,508,471
faithful_train,18,1,4,"ac370419, ac370443",5,0.99557319156528978,0.050068027971981288,508,469
faithful_train,18,1,4,"ac370419, ac370443",6,0.99557319156528978,0.050068027971981288,508,460
faithful_train,18,1,4,"ac370419, ac370443",7,0.99557319156528978,0.052229137408279613,508,458
faithful_train,18,1,4,"ac370419, ac370443",8,0.99557319156528978,0.054516586045996962,508,458
faithful_train,18,1,4,"ac370419, ac370443",9,0.99557319156528978,0.04891107012590723,508,454
faithful_train,18,1,5,"ac370000, ac370442",0,0.99557319156528978,0.042218355843672395,503,501
faithful_train,18,1,5,"ac370000, ac370442",1,0.99557319156528978,0.05435747822892123,503,499
faithful_train,18,1,5,"ac370000, ac370442",2,0.99557319156528978,0.047702653323604349,503,489
faithful_train,18,1,5,"ac370000, ac370442",3,0.99557319156528978,0.054387967929586001,503,483
faithful_train,18,1,5,"ac370000, ac370442",4,0.99557319156528978,0.052082427880046245,503,480
faithful_train,18,1,5,"ac370000, ac370442",5,0.99557319156528978,0.048798208502176976,503,476
faithful_train,18,1,5,"ac370000, ac370442",6,0.99557319156528978,0.054387967929586001,503,466
faithful_train,18,1,5,"ac370000, ac370442",7,0.99557319156528978,0.048881950740584434,503,468
faithful_train,18,1,5,"ac370000, ac370442",8,0.99557319156528978,0.048881950740584434,503,466
faithful_train,18,1,5,"ac370000, ac370442",9,0.99557319156528978,0.05213920326048227,503,477
faithful_train,18,1,6,"370407, ac370000, ac370419",0,0.99557319156528978,0.057733476481413804,502,502
faithful_train,18,1,6,"370407, ac370000, ac370419",1,0.99557319156528978,0.052168542406405005,502,488
faithful_train,18,1,6,"370407, ac370000, ac370419",2,0.99557319156528978,0.055482063949240379,502,480
faithful_train,18,1,6,"370407, ac370000, ac370419",3,0.99557319156528978,0.055545545637496141,502,473
faithful_train,18,1,6,"370407, ac370000, ac370419",4,0.99557319156528978,0.056544797969264815,502,474
faithful_train,18,1,6,"370407, ac370000, ac370419",5,0.99557319156528978,0.056607393452766885,502,467
faithful_train,18,1,6,"370407, ac370000, ac370419",6,0.99557319156528978,0.053293456130262151,502,469
faithful_train,18,1,6,"370407, ac370000, ac370419",7,0.99557319156528978,0.053293456130262151,502,469
faithful_train,18,1,6,"370407, ac370000, ac370419",8,0.99557319156528978,0.053263216823908888,502,458
faithful_train,18,1,6,"370407, ac370000, ac370419",9,0.99557319156528978,0.055545545637496141,502,465
faithful_train,18,1,7,"370407, ac370419",0,0.99557319156528978,0.051015917541213818,502,437
faithful_train,18,1,7,"370407, ac370419",1,0.99557319156528978,0.056607393452766885,502,466
faithful_train,18,1,7,"370407, ac370419",2,0.99557319156528978,0.048825522573245905,502,469
faithful_train,18,1,7,"370407, ac370419",3,0.99557319156528978,0.05213920326048227,502,463
faithful_train,18,1,7,"370407, ac370419",4,0.99557319156528978,0.055513466305837977,502,467
faithful_train,18,1,7,"370407, ac370419",5,0.99557319156528978,0.056639721711544633,502,460
faithful_train,18,1,7,"370407, ac370419",6,0.99557319156528978,0.055482063949240379,502,456
faithful_train,18,1,7,"370407, ac370419",7,0.99557319156528978,0.053420961540921463,502,469
faithful_train,18,1,7,"370407, ac370419",8,0.99557319156528978,0.057800716552676712,502,459
faithful_train,18,1,7,"370407, ac370419",9,0.99557319156528978,0.055545545637496141,502,459
faithful_train,18,1,8,"ac370442, ac370443",0,0.99557319156528978,0.053233626580250881,502,499
faithful_train,18,1,8,"ac370442, ac370443",1,0.99557319156528978,0.053176382177817949,502,461
faithful_train,18,1,8,"ac370442, ac370443",2,0.99557319156528978,0.05435747822892123,502,461
faithful_train,18,1,8,"ac370442, ac370443",3,0.99557319156528978,0.05435747822892123,502,458
faithful_train,18,1,8,"ac370442, ac370443",4,0.99557319156528978,0.04992092829204331,502,457
faithful_train,18,1,8,"ac370442, ac370443",5,0.99557319156528978,0.052229137408279613,502,454
faithful_train,18,1,8,"ac370442, ac370443",6,0.99557319156528978,0.05770091107457187,502,455
faithful_train,18,1,8,"ac370442, ac370443",7,0.99557319156528978,0.055513466305837977,502,455
faithful_train,18,1,8,"ac370442, ac370443",8,0.99557319156528978,0.056514524845909353,502,451
faithful_train,18,1,8,"ac370442, ac370443",9,0.99557319156528978,0.057637874229804709,502,454
faithful_train,18,1,9,"ac370000, ac370419, ac370442",0,0.99557319156528978,0.060979096616826656,500,500
faithful_train,18,1,9,"ac370000, ac370419, ac370442",1,0.99557319156528978,0.05770091107457187,500,491
faithful_train,18,1,9,"ac370000, ac370419, ac370442",2,0.99557319156528978,0.060914875640737276,500,489
faithful_train,18,1,9,"ac370000, ac370419, ac370442",3,0.99557319156528978,0.056514524845909353,500,486
faithful_train,18,1,9,"ac370000, ac370419, ac370442",4,0.99557319156528978,0.047625041591493611,500,480
faithful_train,18,1,9,"ac370000, ac370419, ac370442",5,0.99557319156528978,0.056544797969264815,500,476
faithful_train,18,1,9,"ac370000, ac370419, ac370442",6,0.99557319156528978,0.054269958616115388,500,470
faithful_train,18,1,9,"ac370000, ac370419, ac370442",7,0.99557319156528978,0.053176382177817949,500,469
faithful_train,18,1,9,"ac370000, ac370419, ac370442",8,0.99557319156528978,0.057607396840320235,500,466
faithful_train,18,1,9,"ac370000, ac370419, ac370442",9,0.99557319156528978,0.054327648645483895,500,471
fixed_test,18,2,0,"370407, ac370000",0,0.8941487318066792,-0.0041702531521111696,126,124
fixed_test,18,2,0,"370407, ac370000",1,0.8941487318066792,-0.013162298025977348,126,125
fixed_test,18,2,0,"370407, ac370000",2,0.8941487318066792,-0.013296557819667987,126,124
fixed_test,18,2,0,"370407, ac370000",3,0.8941487318066792,-0.021703344134507474,126,125
fixed_test,18,2,0,"370407, ac370000",4,0.8941487318066792,-0.013162298025977348,126,124
fixed_test,18,2,0,"370407, ac370000",5,0.8941487318066792,-0.00850613544995793,126,126
fixed_test,18,2,0,"370407, ac370000",6,0.8941487318066792,-0.021853907941886686,126,125
fixed_test,18,2,0,"370407, ac370000",7,0.8941487318066792,-0.0044818234983675653,126,125
fixed_test,18,2,0,"370407, ac370000",8,0.8941487318066792,-0.017506439815012209,126,124
fixed_test,18,2,0,"370407, ac370000",9,0.8941487318066792,-0.021703344134507474,126,126
fixed_test,18,2,0,"370407, ac370000",10,0.8941487318066792,-0.013296557819667987,126,126
fixed_test,18,2,0,"370407, ac370000",11,0.8941487318066792,-0.021853907941886686,126,126
fixed_test,18,2,0,"370407, ac370000",12,0.8941487318066792,-0.021989818994295862,126,126
fixed_test,18,2,0,"370407, ac370000",13,0.8941487318066792,-0.0043347770576589451,126,126
fixed_test,18,2,0,"370407, ac370000",14,0.8941487318066792,-0.0044818234983675653,126,126
fixed_test,18,2,0,"370407, ac370000",15,0.8941487318066792,0.0088209390161102519,126,126
fixed_test,18,2,0,"370407, ac370000",16,0.8941487318066792,-0.0039879917010732235,126,124
fixed_test,18,2,0,"370407, ac370000",17,0.8941487318066792,-0.008671956977181372,126,126
fixed_test,18,2,0,"370407, ac370000",18,0.8941487318066792,-0.017506439815012209,126,125
fixed_test,18,2,0,"370407, ac370000",19,0.8941487318066792,0,126,124
fixed_test,18,2,0,"370407, ac370000",20,0.8941487318066792,0,126,126
fixed_test,18,2,0,"370407, ac370000",21,0.8941487318066792,0.0088209390161102519,126,126
fixed_test,18,2,0,"370407, ac370000",22,0.8941487318066792,-0.0088209390161099188,126,125
fixed_test,18,2,0,"370407, ac370000",23,0.8941487318066792,-0.017506439815012209,126,124
fixed_test,18,2,0,"370407, ac370000",24,0.8941487318066792,-0.0088209390161099188,126,125
fixed_test,18,2,0,"370407, ac370000",25,0.8941487318066792,-0.012845667917790404,126,126
fixed_test,18,2,0,"370407, ac370000",26,0.8941487318066792,-0.0044818234983675653,126,124
fixed_test,18,2,0,"370407, ac370000",27,0.8941487318066792,-0.017189402267009379,126,126
fixed_test,18,2,0,"370407, ac370000",28,0.8941487318066792,-0.0088209390161099188,126,125
fixed_test,18,2,0,"370407, ac370000",29,0.8941487318066792,-0.021703344134507474,126,126
fixed_test,18,2,1,"ac370000, ac370419",0,0.8941487318066792,-0.013012080546998872,120,119
fixed_test,18,2,1,"ac370000, ac370419",1,0.8941487318066792,-0.021989818994295862,120,120
fixed_test,18,2,1,"ac370000, ac370419",2,0.8941487318066792,-0.0088209390161099188,120,118
fixed_test,18,2,1,"ac370000, ac370419",3,0.8941487318066792,-0.0088209390161099188,120,120
fixed_test,18,2,1,"ac370000, ac370419",4,0.8941487318066792,-0.008671956977181372,120,120
fixed_test,18,2,1,"ac370000, ac370419",5,0.8941487318066792,-0.008671956977181372,120,119
fixed_test,18,2,1,"ac370000, ac370419",6,0.8941487318066792,-0.0041702531521111696,120,120
fixed_test,18,2,1,"ac370000, ac370419",7,0.8941487318066792,-0.012845667917790404,120,119
fixed_test,18,2,1,"ac370000, ac370419",8,0.8941487318066792,-0.0044818234983675653,120,120
fixed_test,18,2,1,"ac370000, ac370419",9,0.8941487318066792,-0.017506439815012209,120,120
fixed_test,18,2,1,"ac370000, ac370419",10,0.8941487318066792,-0.021853907941886686,120,119
fixed_test,18,2,1,"ac370000, ac370419",11,0.8941487318066792,-0.017007313770029842,120,119
fixed_test,18,2,1,"ac370000, ac370419",12,0.8941487318066792,-0.017355692972081838,120,118
fixed_test,18,2,1,"ac370000, ac370419",13,0.8941487318066792,-0.01764187803222006,120,118
fixed_test,18,2,1,"ac370000, ac370419",14,0.8941487318066792,-0.021989818994295862,120,120
fixed_test,18,2,1,"ac370000, ac370419",15,0.8941487318066792,-0.01764187803222006,120,119
fixed_test,18,2,1,"ac370000, ac370419",16,0.8941487318066792,-0.021853907941886686,120,120
fixed_test,18,2,1,"ac370000, ac370419",17,0.8941487318066792,-0.013012080546998872,120,119
fixed_test,18,2,1,"ac370000, ac370419",18,0.8941487318066792,-0.021703344134507474,120,119
fixed_test,18,2,1,"ac370000, ac370419",19,0.8941487318066792,-0.0088209390161099188,120,119
fixed_test,18,2,1,"ac370000, ac370419",20,0.8941487318066792,-0.013162298025977348,120,119
fixed_test,18,2,1,"ac370000, ac370419",21,0.8941487318066792,-0.013012080546998872,120,118
fixed_test,18,2,1,"ac370000, ac370419",22,0.8941487318066792,0.0046715742427766438,120,119
fixed_test,18,2,1,"ac370000, ac370419",23,0.8941487318066792,-0.0044818234983675653,120,119
fixed_test,18,2,1,"ac370000, ac370419",24,0.8941487318066792,-0.012845667917790404,120,118
fixed_test,18,2,1,"ac370000, ac370419",25,0.8941487318066792,0.00016252586064957608,120,120
fixed_test,18,2,1,"ac370000, ac370419",26,0.8941487318066792,-0.017506439815012209,120,120
fixed_test,18,2,1,"ac370000, ac370419",27,0.8941487318066792,-0.021989818994295862,120,120
fixed_test,18,2,1,"ac370000, ac370419",28,0.8941487318066792,-0.0043347770576589451,120,120
fixed_test,18,2,1,"ac370000, ac370419",29,0.8941487318066792,0.013513401637664457,120,119
fixed_test,18,2,2,"ac370000, ac370443",0,0.8941487318066792,-0.013162298025977348,120,120
fixed_test,18,2,2,"ac370000, ac370443",1,0.8941487318066792,-0.017506439815012209,120,120
fixed_test,18,2,2,"ac370000, ac370443",2,0.8941487318066792,0.00016252586064957608,120,119
fixed_test,18,2,2,"ac370000, ac370443",3,0.8941487318066792,-0.0043347770576589451,120,119
fixed_test,18,2,2,"ac370000, ac370443",4,0.8941487318066792,-0.0043347770576589451,120,120
fixed_test,18,2,2,"ac370000, ac370443",5,0.8941487318066792,0.00054297091825306065,120,120
fixed_test,18,2,2,"ac370000, ac370443",6,0.8941487318066792,0.00034342207216597753,120,120
fixed_test,18,2,2,"ac370000, ac370443",7,0.8941487318066792,-0.013012080546998872,120,119
fixed_test,18,2,2,"ac370000, ac370443",8,0.8941487318066792,-0.00850613544995793,120,119
fixed_test,18,2,2,"ac370000, ac370443",9,0.8941487318066792,0.004492743910659569,120,120
fixed_test,18,2,2,"ac370000, ac370443",10,0.8941487318066792,0,120,120
fixed_test,18,2,2,"ac370000, ac370443",11,0.8941487318066792,-0.013162298025977348,120,120
fixed_test,18,2,2,"ac370000, ac370443",12,0.8941487318066792,-0.013012080546998872,120,118
fixed_test,18,2,2,"ac370000, ac370443",13,0.8941487318066792,-0.00850613544995793,120,119
fixed_test,18,2,2,"ac370000, ac370443",14,0.8941487318066792,-0.008671956977181372,120,120
fixed_test,18,2,2,"ac370000, ac370443",15,0.8941487318066792,-0.0083232156743781038,120,120
fixed_test,18,2,2,"ac370000, ac370443",16,0.8941487318066792,-0.008671956977181372,120,120
fixed_test,18,2,2,"ac370000, ac370443",17,0.8941487318066792,-0.008671956977181372,120,120
fixed_test,18,2,2,"ac370000, ac370443",18,0.8941487318066792,-0.012845667917790404,120,120
fixed_test,18,2,2,"ac370000, ac370443",19,0.8941487318066792,0.00016252586064957608,120,120
fixed_test,18,2,2,"ac370000, ac370443",20,0.8941487318066792,-0.0041702531521111696,120,120
fixed_test,18,2,2,"ac370000, ac370443",21,0.8941487318066792,-0.017355692972081838,120,119
fixed_test,18,2,2,"ac370000, ac370443",22,0.8941487318066792,-0.017506439815012209,120,120
fixed_test,18,2,2,"ac370000, ac370443",23,0.8941487318066792,0,120,119
fixed_test,18,2,2,"ac370000, ac370443",24,0.8941487318066792,-0.0041702531521111696,120,120
fixed_test,18,2,2,"ac370000, ac370443",25,0.8941487318066792,-0.013162298025977348,120,120
fixed_test,18,2,2,"ac370000, ac370443",26,0.8941487318066792,-0.013162298025977348,120,120
fixed_test,18,2,2,"ac370000, ac370443",27,0.8941487318066792,-0.017355692972081838,120,119
fixed_test,18,2,2,"ac370000, ac370443",28,0.8941487318066792,-0.021989818994295862,120,118
fixed_test,18,2,2,"ac370000, ac370443",29,0.8941487318066792,-0.017506439815012209,120,119
fixed_test,18,2,3,"ac370000, ac370419, ac370443",0,0.8941487318066792,-0.013012080546998872,120,119
fixed_test,18,2,3,"ac370000, ac370419, ac370443",1,0.8941487318066792,-0.021989818994295862,120,120
fixed_test,18,2,3,"ac370000, ac370419, ac370443",2,0.8941487318066792,0.00016252586064957608,120,120
fixed_test,18,2,3,"ac370000, ac370419, ac370443",3,0.8941487318066792,0.0043329108229326341,120,120
fixed_test,18,2,3,"ac370000, ac370419, ac370443",4,0.8941487318066792,0.013320264878977972,120,120
fixed_test,18,2,3,"ac370000, ac370419, ac370443",5,0.8941487318066792,-0.017506439815012209,120,118
fixed_test,18,2,3,"ac370000, ac370419, ac370443",6,0.8941487318066792,-0.0043347770576589451,120,120
fixed_test,18,2,3,"ac370000, ac370419, ac370443",7,0.8941487318066792,-0.021853907941886686,120,120
fixed_test,18,2,3,"ac370000, ac370419, ac370443",8,0.8941487318066792,0.00016252586064957608,120,120
fixed_test,18,2,3,"ac370000, ac370419, ac370443",9,0.8941487318066792,-0.013012080546998872,120,120
fixed_test,18,2,3,"ac370000, ac370419, ac370443",10,0.8941487318066792,-0.013012080546998872,120,120
fixed_test,18,2,3,"ac370000, ac370419, ac370443",11,0.8941487318066792,-0.008671956977181372,120,120
fixed_test,18,2,3,"ac370000, ac370419, ac370443",12,0.8941487318066792,-0.013012080546998872,120,119
fixed_test,18,2,3,"ac370000, ac370419, ac370443",13,0.8941487318066792,-0.013296557819667987,120,120
fixed_test,18,2,3,"ac370000, ac370419, ac370443",14,0.8941487318066792,-0.00850613544995793,120,120
fixed_test,18,2,3,"ac370000, ac370419, ac370443",15,0.8941487318066792,-0.021853907941886686,120,120
fixed_test,18,2,3,"ac370000, ac370419, ac370443",16,0.8941487318066792,-0.013162298025977348,120,120
fixed_test,18,2,3,"ac370000, ac370419, ac370443",17,0.8941487318066792,-0.017506439815012209,120,119
fixed_test,18,2,3,"ac370000, ac370419, ac370443",18,0.8941487318066792,0.004492743910659569,120,120
fixed_test,18,2,3,"ac370000, ac370419, ac370443",19,0.8941487318066792,0.004492743910659569,120,120
fixed_test,18,2,3,"ac370000, ac370419, ac370443",20,0.8941487318066792,-0.008671956977181372,120,119
fixed_test,18,2,3,"ac370000, ac370419, ac370443",21,0.8941487318066792,-0.008671956977181372,120,120
fixed_test,18,2,3,"ac370000, ac370419, ac370443",22,0.8941487318066792,-0.0041702531521111696,120,120
fixed_test,18,2,3,"ac370000, ac370419, ac370443",23,0.8941487318066792,-0.0043347770576589451,120,120
fixed_test,18,2,3,"ac370000, ac370419, ac370443",24,0.8941487318066792,-0.0044818234983675653,120,120
fixed_test,18,2,3,"ac370000, ac370419, ac370443",25,0.8941487318066792,-0.013012080546998872,120,120
fixed_test,18,2,3,"ac370000, ac370419, ac370443",26,0.8941487318066792,-0.0044818234983675653,120,120
fixed_test,18,2,3,"ac370000, ac370419, ac370443",27,0.8941487318066792,0.013320264878977972,120,120
fixed_test,18,2,3,"ac370000, ac370419, ac370443",28,0.8941487318066792,0,120,120
fixed_test,18,2,3,"ac370000, ac370419, ac370443",29,0.8941487318066792,-0.01764187803222006,120,120
fixed_test,18,2,4,"ac370419, ac370443",0,0.8941487318066792,-0.008671956977181372,120,118
fixed_test,18,2,4,"ac370419, ac370443",1,0.8941487318066792,-0.01764187803222006,120,120
fixed_test,18,2,4,"ac370419, ac370443",2,0.8941487318066792,0.0089970086984803022,120,120
fixed_test,18,2,4,"ac370419, ac370443",3,0.8941487318066792,-0.013296557819667987,120,120
fixed_test,18,2,4,"ac370419, ac370443",4,0.8941487318066792,-0.013162298025977348,120,120
fixed_test,18,2,4,"ac370419, ac370443",5,0.8941487318066792,-0.0088209390161099188,120,120
fixed_test,18,2,4,"ac370419, ac370443",6,0.8941487318066792,-0.013012080546998872,120,119
fixed_test,18,2,4,"ac370419, ac370443",7,0.8941487318066792,-0.0088209390161099188,120,120
fixed_test,18,2,4,"ac370419, ac370443",8,0.8941487318066792,-0.0044818234983675653,120,120
fixed_test,18,2,4,"ac370419, ac370443",9,0.8941487318066792,-0.013162298025977348,120,120
fixed_test,18,2,4,"ac370419, ac370443",10,0.8941487318066792,-0.01764187803222006,120,120
fixed_test,18,2,4,"ac370419, ac370443",11,0.8941487318066792,0.00016252586064957608,120,120
fixed_test,18,2,4,"ac370419, ac370443",12,0.8941487318066792,-0.013162298025977348,120,120
fixed_test,18,2,4,"ac370419, ac370443",13,0.8941487318066792,-0.013296557819667987,120,120
fixed_test,18,2,4,"ac370419, ac370443",14,0.8941487318066792,-0.013012080546998872,120,120
fixed_test,18,2,4,"ac370419, ac370443",15,0.8941487318066792,-0.0044818234983675653,120,119
fixed_test,18,2,4,"ac370419, ac370443",16,0.8941487318066792,-0.017355692972081838,120,120
fixed_test,18,2,4,"ac370419, ac370443",17,0.8941487318066792,-0.013012080546998872,120,120
fixed_test,18,2,4,"ac370419, ac370443",18,0.8941487318066792,0.00016252586064957608,120,119
fixed_test,18,2,4,"ac370419, ac370443",19,0.8941487318066792,-0.017506439815012209,120,120
fixed_test,18,2,4,"ac370419, ac370443",20,0.8941487318066792,-0.0041702531521111696,120,119
fixed_test,18,2,4,"ac370419, ac370443",21,0.8941487318066792,-0.013162298025977348,120,119
fixed_test,18,2,4,"ac370419, ac370443",22,0.8941487318066792,-0.013162298025977348,120,120
fixed_test,18,2,4,"ac370419, ac370443",23,0.8941487318066792,-0.021989818994295862,120,119
fixed_test,18,2,4,"ac370419, ac370443",24,0.8941487318066792,-0.008671956977181372,120,120
fixed_test,18,2,4,"ac370419, ac370443",25,0.8941487318066792,-0.0044818234983675653,120,120
fixed_test,18,2,4,"ac370419, ac370443",26,0.8941487318066792,-0.01764187803222006,120,120
fixed_test,18,2,4,"ac370419, ac370443",27,0.8941487318066792,-0.0043347770576589451,120,120
fixed_test,18,2,4,"ac370419, ac370443",28,0.8941487318066792,-0.013012080546998872,120,120
fixed_test,18,2,4,"ac370419, ac370443",29,0.8941487318066792,-0.021853907941886686,120,119
fixed_test,18,2,5,"ac370000, ac370442",0,0.8941487318066792,-0.0044818234983675653,119,118
fixed_test,18,2,5,"ac370000, ac370442",1,0.8941487318066792,-0.0039879917010732235,119,118
fixed_test,18,2,5,"ac370000, ac370442",2,0.8941487318066792,-0.0039879917010732235,119,118
fixed_test,18,2,5,"ac370000, ac370442",3,0.8941487318066792,-0.008671956977181372,119,119
fixed_test,18,2,5,"ac370000, ac370442",4,0.8941487318066792,-0.013012080546998872,119,119
fixed_test,18,2,5,"ac370000, ac370442",5,0.8941487318066792,-0.013162298025977348,119,118
fixed_test,18,2,5,"ac370000, ac370442",6,0.8941487318066792,0,119,119
fixed_test,18,2,5,"ac370000, ac370442",7,0.8941487318066792,0.00016252586064957608,119,119
fixed_test,18,2,5,"ac370000, ac370442",8,0.8941487318066792,-0.00850613544995793,119,117
fixed_test,18,2,5,"ac370000, ac370442",9,0.8941487318066792,-0.01764187803222006,119,119
fixed_test,18,2,5,"ac370000, ac370442",10,0.8941487318066792,-0.0044818234983675653,119,119
fixed_test,18,2,5,"ac370000, ac370442",11,0.8941487318066792,-0.0041702531521111696,119,119
fixed_test,18,2,5,"ac370000, ac370442",12,0.8941487318066792,-0.013012080546998872,119,118
fixed_test,18,2,5,"ac370000, ac370442",13,0.8941487318066792,-0.021703344134507474,119,119
fixed_test,18,2,5,"ac370000, ac370442",14,0.8941487318066792,-0.0041702531521111696,119,116
fixed_test,18,2,5,"ac370000, ac370442",15,0.8941487318066792,-0.013162298025977348,119,118
fixed_test,18,2,5,"ac370000, ac370442",16,0.8941487318066792,-0.021853907941886686,119,118
fixed_test,18,2,5,"ac370000, ac370442",17,0.8941487318066792,-0.013012080546998872,119,119
fixed_test,18,2,5,"ac370000, ac370442",18,0.8941487318066792,-0.013162298025977348,119,119
fixed_test,18,2,5,"ac370000, ac370442",19,0.8941487318066792,-0.021853907941886686,119,118
fixed_test,18,2,5,"ac370000, ac370442",20,0.8941487318066792,-0.017506439815012209,119,119
fixed_test,18,2,5,"ac370000, ac370442",21,0.8941487318066792,-0.0044818234983675653,119,118
fixed_test,18,2,5,"ac370000, ac370442",22,0.8941487318066792,-0.026340922652843157,119,119
fixed_test,18,2,5,"ac370000, ac370442",23,0.8941487318066792,-0.0088209390161099188,119,119
fixed_test,18,2,5,"ac370000, ac370442",24,0.8941487318066792,-0.013162298025977348,119,119
fixed_test,18,2,5,"ac370000, ac370442",25,0.8941487318066792,-0.017355692972081838,119,117
fixed_test,18,2,5,"ac370000, ac370442",26,0.8941487318066792,-0.0043347770576589451,119,119
fixed_test,18,2,5,"ac370000, ac370442",27,0.8941487318066792,-0.008671956977181372,119,119
fixed_test,18,2,5,"ac370000, ac370442",28,0.8941487318066792,-0.0088209390161099188,119,119
fixed_test,18,2,5,"ac370000, ac370442",29,0.8941487318066792,-0.008671956977181372,119,119
fixed_test,18,2,6,"370407, ac370000, ac370419",0,0.8941487318066792,-0.017506439815012209,117,117
fixed_test,18,2,6,"370407, ac370000, ac370419",1,0.8941487318066792,-0.013162298025977348,117,117
fixed_test,18,2,6,"370407, ac370000, ac370419",2,0.8941487318066792,0,117,117
fixed_test,18,2,6,"370407, ac370000, ac370419",3,0.8941487318066792,-0.0043347770576589451,117,117
fixed_test,18,2,6,"370407, ac370000, ac370419",4,0.8941487318066792,-0.017506439815012209,117,117
fixed_test,18,2,6,"370407, ac370000, ac370419",5,0.8941487318066792,-0.0044818234983675653,117,117
fixed_test,18,2,6,"370407, ac370000, ac370419",6,0.8941487318066792,-0.013296557819667987,117,117
fixed_test,18,2,6,"370407, ac370000, ac370419",7,0.8941487318066792,-0.0088209390161099188,117,117
fixed_test,18,2,6,"370407, ac370000, ac370419",8,0.8941487318066792,-0.013296557819667987,117,117
fixed_test,18,2,6,"370407, ac370000, ac370419",9,0.8941487318066792,-0.008671956977181372,117,117
fixed_test,18,2,6,"370407, ac370000, ac370419",10,0.8941487318066792,-0.0044818234983675653,117,117
fixed_test,18,2,6,"370407, ac370000, ac370419",11,0.8941487318066792,-0.0043347770576589451,117,117
fixed_test,18,2,6,"370407, ac370000, ac370419",12,0.8941487318066792,-0.00014441620516580933,117,116
fixed_test,18,2,6,"370407, ac370000, ac370419",13,0.8941487318066792,-0.008671956977181372,117,117
fixed_test,18,2,6,"370407, ac370000, ac370419",14,0.8941487318066792,0,117,117
fixed_test,18,2,6,"370407, ac370000, ac370419",15,0.8941487318066792,0.004191814358931123,117,117
fixed_test,18,2,6,"370407, ac370000, ac370419",16,0.8941487318066792,-0.0043347770576589451,117,117
fixed_test,18,2,6,"370407, ac370000, ac370419",17,0.8941487318066792,-0.0089533205375120772,117,117
fixed_test,18,2,6,"370407, ac370000, ac370419",18,0.8941487318066792,-0.0043347770576589451,117,117
fixed_test,18,2,6,"370407, ac370000, ac370419",19,0.8941487318066792,-0.013162298025977348,117,117
fixed_test,18,2,6,"370407, ac370000, ac370419",20,0.8941487318066792,-0.013162298025977348,117,117
fixed_test,18,2,6,"370407, ac370000, ac370419",21,0.8941487318066792,-0.0043347770576589451,117,117
fixed_test,18,2,6,"370407, ac370000, ac370419",22,0.8941487318066792,-0.0088209390161099188,117,117
fixed_test,18,2,6,"370407, ac370000, ac370419",23,0.8941487318066792,-0.0043347770576589451,117,117
fixed_test,18,2,6,"370407, ac370000, ac370419",24,0.8941487318066792,-0.013296557819667987,117,117
fixed_test,18,2,6,"370407, ac370000, ac370419",25,0.8941487318066792,0.0088209390161102519,117,116
fixed_test,18,2,6,"370407, ac370000, ac370419",26,0.8941487318066792,0,117,117
fixed_test,18,2,6,"370407, ac370000, ac370419",27,0.8941487318066792,-0.021989818994295862,117,117
fixed_test,18,2,6,"370407, ac370000, ac370419",28,0.8941487318066792,-0.013162298025977348,117,117
fixed_test,18,2,6,"370407, ac370000, ac370419",29,0.8941487318066792,-0.0043347770576589451,117,116
fixed_test,18,2,7,"370407, ac370419",0,0.8941487318066792,-0.0041702531521111696,117,117
fixed_test,18,2,7,"370407, ac370419",1,0.8941487318066792,-0.013162298025977348,117,116
fixed_test,18,2,7,"370407, ac370419",2,0.8941487318066792,-0.017506439815012209,117,117
fixed_test,18,2,7,"370407, ac370419",3,0.8941487318066792,-0.0044818234983675653,117,117
fixed_test,18,2,7,"370407, ac370419",4,0.8941487318066792,-0.0041702531521111696,117,117
fixed_test,18,2,7,"370407, ac370419",5,0.8941487318066792,-0.0044818234983675653,117,117
fixed_test,18,2,7,"370407, ac370419",6,0.8941487318066792,-0.0089533205375120772,117,116
fixed_test,18,2,7,"370407, ac370419",7,0.8941487318066792,-0.021703344134507474,117,117
fixed_test,18,2,7,"370407, ac370419",8,0.8941487318066792,-0.0044818234983675653,117,117
fixed_test,18,2,7,"370407, ac370419",9,0.8941487318066792,-0.013296557819667987,117,117
fixed_test,18,2,7,"370407, ac370419",10,0.8941487318066792,-0.00014441620516580933,117,115
fixed_test,18,2,7,"370407, ac370419",11,0.8941487318066792,-0.00014441620516580933,117,117
fixed_test,18,2,7,"370407, ac370419",12,0.8941487318066792,-0.013162298025977348,117,117
fixed_test,18,2,7,"370407, ac370419",13,0.8941487318066792,-0.008671956977181372,117,115
fixed_test,18,2,7,"370407, ac370419",14,0.8941487318066792,-0.017506439815012209,117,117
fixed_test,18,2,7,"370407, ac370419",15,0.8941487318066792,0.00016252586064957608,117,117
fixed_test,18,2,7,"370407, ac370419",16,0.8941487318066792,-0.013012080546998872,117,117
fixed_test,18,2,7,"370407, ac370419",17,0.8941487318066792,-0.008671956977181372,117,116
fixed_test,18,2,7,"370407, ac370419",18,0.8941487318066792,-0.01764187803222006,117,116
fixed_test,18,2,7,"370407, ac370419",19,0.8941487318066792,-0.00850613544995793,117,117
fixed_test,18,2,7,"370407, ac370419",20,0.8941487318066792,-0.013012080546998872,117,115
fixed_test,18,2,7,"370407, ac370419",21,0.8941487318066792,-0.008671956977181372,117,117
fixed_test,18,2,7,"370407, ac370419",22,0.8941487318066792,-0.0088209390161099188,117,116
fixed_test,18,2,7,"370407, ac370419",23,0.8941487318066792,-0.0088209390161099188,117,117
fixed_test,18,2,7,"370407, ac370419",24,0.8941487318066792,-0.0044818234983675653,117,116
fixed_test,18,2,7,"370407, ac370419",25,0.8941487318066792,-0.0088209390161099188,117,117
fixed_test,18,2,7,"370407, ac370419",26,0.8941487318066792,-0.00014441620516580933,117,117
fixed_test,18,2,7,"370407, ac370419",27,0.8941487318066792,-0.013162298025977348,117,117
fixed_test,18,2,7,"370407, ac370419",28,0.8941487318066792,-0.012845667917790404,117,116
fixed_test,18,2,7,"370407, ac370419",29,0.8941487318066792,-0.013415078849429385,117,116
fixed_test,18,2,8,"ac370442, ac370443",0,0.8941487318066792,-0.008671956977181372,119,119
fixed_test,18,2,8,"ac370442, ac370443",1,0.8941487318066792,-0.017506439815012209,119,118
fixed_test,18,2,8,"ac370442, ac370443",2,0.8941487318066792,0.00016252586064957608,119,119
fixed_test,18,2,8,"ac370442, ac370443",3,0.8941487318066792,-0.0088209390161099188,119,117
fixed_test,18,2,8,"ac370442, ac370443",4,0.8941487318066792,-0.0043347770576589451,119,117
fixed_test,18,2,8,"ac370442, ac370443",5,0.8941487318066792,-0.013162298025977348,119,118
fixed_test,18,2,8,"ac370442, ac370443",6,0.8941487318066792,-0.0088209390161099188,119,117
fixed_test,18,2,8,"ac370442, ac370443",7,0.8941487318066792,-0.017506439815012209,119,119
fixed_test,18,2,8,"ac370442, ac370443",8,0.8941487318066792,0.00016252586064957608,119,118
fixed_test,18,2,8,"ac370442, ac370443",9,0.8941487318066792,-0.021853907941886686,119,119
fixed_test,18,2,8,"ac370442, ac370443",10,0.8941487318066792,0.0085273961599218184,119,119
fixed_test,18,2,8,"ac370442, ac370443",11,0.8941487318066792,-0.008671956977181372,119,118
fixed_test,18,2,8,"ac370442, ac370443",12,0.8941487318066792,-0.0043347770576589451,119,119
fixed_test,18,2,8,"ac370442, ac370443",13,0.8941487318066792,-0.0041702531521111696,119,116
fixed_test,18,2,8,"ac370442, ac370443",14,0.8941487318066792,0,119,119
fixed_test,18,2,8,"ac370442, ac370443",15,0.8941487318066792,-0.0088209390161099188,119,117
fixed_test,18,2,8,"ac370442, ac370443",16,0.8941487318066792,-0.008671956977181372,119,119
fixed_test,18,2,8,"ac370442, ac370443",17,0.8941487318066792,-0.013162298025977348,119,119
fixed_test,18,2,8,"ac370442, ac370443",18,0.8941487318066792,-0.008671956977181372,119,119
fixed_test,18,2,8,"ac370442, ac370443",19,0.8941487318066792,-0.013012080546998872,119,119
fixed_test,18,2,8,"ac370442, ac370443",20,0.8941487318066792,-0.017506439815012209,119,118
fixed_test,18,2,8,"ac370442, ac370443",21,0.8941487318066792,-0.021703344134507474,119,119
fixed_test,18,2,8,"ac370442, ac370443",22,0.8941487318066792,-0.0039879917010732235,119,119
fixed_test,18,2,8,"ac370442, ac370443",23,0.8941487318066792,-0.0088209390161099188,119,118
fixed_test,18,2,8,"ac370442, ac370443",24,0.8941487318066792,-0.013012080546998872,119,119
fixed_test,18,2,8,"ac370442, ac370443",25,0.8941487318066792,-0.008671956977181372,119,119
fixed_test,18,2,8,"ac370442, ac370443",26,0.8941487318066792,-0.013012080546998872,119,119
fixed_test,18,2,8,"ac370442, ac370443",27,0.8941487318066792,-0.008671956977181372,119,119
fixed_test,18,2,8,"ac370442, ac370443",28,0.8941487318066792,-0.008671956977181372,119,119
fixed_test,18,2,8,"ac370442, ac370443",29,0.8941487318066792,-0.017506439815012209,119,118
fixed_test,18,2,9,"ac370000, ac370419, ac370442",0,0.8941487318066792,-0.00014441620516580933,119,119
fixed_test,18,2,9,"ac370000, ac370419, ac370442",1,0.8941487318066792,-0.013162298025977348,119,119
fixed_test,18,2,9,"ac370000, ac370419, ac370442",2,0.8941487318066792,-0.0041702531521111696,119,119
fixed_test,18,2,9,"ac370000, ac370419, ac370442",3,0.8941487318066792,-0.00014441620516580933,119,119
fixed_test,18,2,9,"ac370000, ac370419, ac370442",4,0.8941487318066792,-0.021989818994295862,119,119
fixed_test,18,2,9,"ac370000, ac370419, ac370442",5,0.8941487318066792,-0.0041702531521111696,119,118
fixed_test,18,2,9,"ac370000, ac370419, ac370442",6,0.8941487318066792,-0.0041702531521111696,119,119
fixed_test,18,2,9,"ac370000, ac370419, ac370442",7,0.8941487318066792,-0.017355692972081838,119,119
fixed_test,18,2,9,"ac370000, ac370419, ac370442",8,0.8941487318066792,-0.01764187803222006,119,119
fixed_test,18,2,9,"ac370000, ac370419, ac370442",9,0.8941487318066792,-0.0088209390161099188,119,119
fixed_test,18,2,9,"ac370000, ac370419, ac370442",10,0.8941487318066792,-0.008671956977181372,119,119
fixed_test,18,2,9,"ac370000, ac370419, ac370442",11,0.8941487318066792,-0.0043347770576589451,119,119
fixed_test,18,2,9,"ac370000, ac370419, ac370442",12,0.8941487318066792,-0.0044818234983675653,119,119
fixed_test,18,2,9,"ac370000, ac370419, ac370442",13,0.8941487318066792,-0.0088209390161099188,119,119
fixed_test,18,2,9,"ac370000, ac370419, ac370442",14,0.8941487318066792,-0.013162298025977348,119,119
fixed_test,18,2,9,"ac370000, ac370419, ac370442",15,0.8941487318066792,-0.013162298025977348,119,119
fixed_test,18,2,9,"ac370000, ac370419, ac370442",16,0.8941487318066792,-0.0044818234983675653,119,119
fixed_test,18,2,9,"ac370000, ac370419, ac370442",17,0.8941487318066792,-0.012845667917790404,119,119
fixed_test,18,2,9,"ac370000, ac370419, ac370442",18,0.8941487318066792,-0.01764187803222006,119,119
fixed_test,18,2,9,"ac370000, ac370419, ac370442",19,0.8941487318066792,0.0046715742427766438,119,119
fixed_test,18,2,9,"ac370000, ac370419, ac370442",20,0.8941487318066792,-0.021853907941886686,119,119
fixed_test,18,2,9,"ac370000, ac370419, ac370442",21,0.8941487318066792,-0.0041702531521111696,119,119
fixed_test,18,2,9,"ac370000, ac370419, ac370442",22,0.8941487318066792,0.0089970086984803022,119,119
fixed_test,18,2,9,"ac370000, ac370419, ac370442",23,0.8941487318066792,-0.022111292140968075,119,119
fixed_test,18,2,9,"ac370000, ac370419, ac370442",24,0.8941487318066792,0.0088209390161102519,119,119
fixed_test,18,2,9,"ac370000, ac370419, ac370442",25,0.8941487318066792,-0.0041702531521111696,119,119
fixed_test,18,2,9,"ac370000, ac370419, ac370442",26,0.8941487318066792,-0.013296557819667987,119,119
fixed_test,18,2,9,"ac370000, ac370419, ac370442",27,0.8941487318066792,-0.008671956977181372,119,119
fixed_test,18,2,9,"ac370000, ac370419, ac370442",28,0.8941487318066792,-0.013012080546998872,119,119
fixed_test,18,2,9,"ac370000, ac370419, ac370442",29,0.8941487318066792,-0.013012080546998872,119,119
fixed_train,18,2,0,"370407, ac370000",0,0.99668065937614392,0.037677556310378946,542,541
fixed_train,18,2,0,"370407, ac370000",1,0.99668065937614392,0.042132220513652507,542,539
fixed_train,18,2,0,"370407, ac370000",2,0.99668065937614392,0.051941475833122697,542,536
fixed_train,18,2,0,"370407, ac370000",3,0.99668065937614392,0.043206313332416757,542,539
fixed_train,18,2,0,"370407, ac370000",4,0.99668065937614392,0.044236318006208197,542,541
fixed_train,18,2,0,"370407, ac370000",5,0.99668065937614392,0.044257874984749423,542,536
fixed_train,18,2,0,"370407, ac370000",6,0.99668065937614392,0.034362788136742206,542,542
fixed_train,18,2,0,"370407, ac370000",7,0.99668065937614392,0.049827303401436485,542,537
fixed_train,18,2,0,"370407, ac370000",8,0.99668065937614392,0.045375552157956967,542,540
fixed_train,18,2,0,"370407, ac370000",9,0.99668065937614392,0.036559791338663494,542,538
fixed_train,18,2,0,"370407, ac370000",10,0.99668065937614392,0.036521935288536311,542,536
fixed_train,18,2,0,"370407, ac370000",11,0.99668065937614392,0.038795979755636201,542,540
fixed_train,18,2,0,"370407, ac370000",12,0.99668065937614392,0.045375552157956967,542,537
fixed_train,18,2,0,"370407, ac370000",13,0.99668065937614392,0.040990806001165669,542,541
fixed_train,18,2,0,"370407, ac370000",14,0.99668065937614392,0.043183972898274803,542,541
fixed_train,18,2,0,"370407, ac370000",15,0.99668065937614392,0.039852114920811199,542,540
fixed_train,18,2,0,"370407, ac370000",16,0.99668065937614392,0.042109653276242165,542,539
fixed_train,18,2,0,"370407, ac370000",17,0.99668065937614392,0.044194769415357715,542,539
fixed_train,18,2,0,"370407, ac370000",18,0.99668065937614392,0.040948743723246639,542,541
fixed_train,18,2,0,"370407, ac370000",19,0.99668065937614392,0.042109653276242165,542,538
fixed_train,18,2,0,"370407, ac370000",20,0.99668065937614392,0.043206313332416757,542,536
fixed_train,18,2,0,"370407, ac370000",21,0.99668065937614392,0.044194769415357715,542,541
fixed_train,18,2,0,"370407, ac370000",22,0.99668065937614392,0.042044981235511814,542,538
fixed_train,18,2,0,"370407, ac370000",23,0.99668065937614392,0.034344284007412296,542,537
fixed_train,18,2,0,"370407, ac370000",24,0.99668065937614392,0.044279956515136054,542,538
fixed_train,18,2,0,"370407, ac370000",25,0.99668065937614392,0.042087592377725969,542,540
fixed_train,18,2,0,"370407, ac370000",26,0.99668065937614392,0.037697921866090889,542,538
fixed_train,18,2,0,"370407, ac370000",27,0.99668065937614392,0.044279956515136054,542,540
fixed_train,18,2,0,"370407, ac370000",28,0.99668065937614392,0.029913269344910232,542,540
fixed_train,18,2,0,"370407, ac370000",29,0.99668065937614392,0.041034840156883079,542,540
fixed_train,18,2,1,"ac370000, ac370419",0,0.99668065937614392,0.041128891509991661,532,527
fixed_train,18,2,1,"ac370000, ac370419",1,0.99668065937614392,0.033360617085552935,532,530
fixed_train,18,2,1,"ac370000, ac370419",2,0.99668065937614392,0.041034840156883079,532,528
fixed_train,18,2,1,"ac370000, ac370419",3,0.99668065937614392,0.041012575565083198,532,529
fixed_train,18,2,1,"ac370000, ac370419",4,0.99668065937614392,0.042132220513652507,532,530
fixed_train,18,2,1,"ac370000, ac370419",5,0.99668065937614392,0.041012575565083198,532,530
fixed_train,18,2,1,"ac370000, ac370419",6,0.99668065937614392,0.040005794432548036,532,529
fixed_train,18,2,1,"ac370000, ac370419",7,0.99668065937614392,0.035520606031811286,532,525
fixed_train,18,2,1,"ac370000, ac370419",8,0.99668065937614392,0.042227596230312248,532,528
fixed_train,18,2,1,"ac370000, ac370419",9,0.99668065937614392,0.045470258234957095,532,531
fixed_train,18,2,1,"ac370000, ac370419",10,0.99668065937614392,0.039915071189871698,532,530
fixed_train,18,2,1,"ac370000, ac370419",11,0.99668065937614392,0.044373571197580897,532,529
fixed_train,18,2,1,"ac370000, ac370419",12,0.99668065937614392,0.043229171374530084,532,531
fixed_train,18,2,1,"ac370000, ac370419",13,0.99668065937614392,0.03886085271208517,532,526
fixed_train,18,2,1,"ac370000, ac370419",14,0.99668065937614392,0.044398308124535157,532,528
fixed_train,18,2,1,"ac370000, ac370419",15,0.99668065937614392,0.033282196355386207,532,529
fixed_train,18,2,1,"ac370000, ac370419",16,0.99668065937614392,0.037677556310378946,532,531
fixed_train,18,2,1,"ac370000, ac370419",17,0.99668065937614392,0.044398308124535157,532,531
fixed_train,18,2,1,"ac370000, ac370419",18,0.99668065937614392,0.040969529397220983,532,526
fixed_train,18,2,1,"ac370000, ac370419",19,0.99668065937614392,0.038883427056585429,532,527
fixed_train,18,2,1,"ac370000, ac370419",20,0.99668065937614392,0.03886085271208517,532,530
fixed_train,18,2,1,"ac370000, ac370419",21,0.99668065937614392,0.042202981848806664,532,530
fixed_train,18,2,1,"ac370000, ac370419",22,0.99668065937614392,0.047740893414388585,532,529
fixed_train,18,2,1,"ac370000, ac370419",23,0.99668065937614392,0.043252549195920253,532,530
fixed_train,18,2,1,"ac370000, ac370419",24,0.99668065937614392,0.038817131117846237,532,531
fixed_train,18,2,1,"ac370000, ac370419",25,0.99668065937614392,0.041104625355555924,532,529
fixed_train,18,2,1,"ac370000, ac370419",26,0.99668065937614392,0.036662228757614823,532,531
fixed_train,18,2,1,"ac370000, ac370419",27,0.99668065937614392,0.035500471323825056,532,529
fixed_train,18,2,1,"ac370000, ac370419",28,0.99668065937614392,0.035442675353104303,532,529
fixed_train,18,2,1,"ac370000, ac370419",29,0.99668065937614392,0.045547021953497135,532,530
fixed_train,18,2,2,"ac370000, ac370443",0,0.99668065937614392,0.033263623218528937,517,514
fixed_train,18,2,2,"ac370000, ac370443",1,0.99668065937614392,0.029946294961698317,517,515
fixed_train,18,2,2,"ac370000, ac370443",2,0.99668065937614392,0.036559791338663494,517,514
fixed_train,18,2,2,"ac370000, ac370443",3,0.99668065937614392,0.036559791338663494,517,512
fixed_train,18,2,2,"ac370000, ac370443",4,0.99668065937614392,0.029946294961698317,517,512
fixed_train,18,2,2,"ac370000, ac370443",5,0.99668065937614392,0.031063921386947135,517,516
fixed_train,18,2,2,"ac370000, ac370443",6,0.99668065937614392,0.036640842536509344,517,515
fixed_train,18,2,2,"ac370000, ac370443",7,0.99668065937614392,0.04432570175917383,517,514
fixed_train,18,2,2,"ac370000, ac370443",8,0.99668065937614392,0.036579383946189203,517,514
fixed_train,18,2,2,"ac370000, ac370443",9,0.99668065937614392,0.036559791338663494,517,515
fixed_train,18,2,2,"ac370000, ac370443",10,0.99668065937614392,0.032128776676161208,517,517
fixed_train,18,2,2,"ac370000, ac370443",11,0.99668065937614392,0.035541178560124398,517,515
fixed_train,18,2,2,"ac370000, ac370443",12,0.99668065937614392,0.039872620036185524,517,515
fixed_train,18,2,2,"ac370000, ac370443",13,0.99668065937614392,0.037697921866090889,517,512
fixed_train,18,2,2,"ac370000, ac370443",14,0.99668065937614392,0.041034840156883079,517,513
fixed_train,18,2,2,"ac370000, ac370443",15,0.99668065937614392,0.031046473894748128,517,514
fixed_train,18,2,2,"ac370000, ac370443",16,0.99668065937614392,0.039893604793310611,517,514
fixed_train,18,2,2,"ac370000, ac370443",17,0.99668065937614392,0.042155296229141825,517,513
fixed_train,18,2,2,"ac370000, ac370443",18,0.99668065937614392,0.043162147940601692,517,513
fixed_train,18,2,2,"ac370000, ac370443",19,0.99668065937614392,0.038883427056585429,517,516
fixed_train,18,2,2,"ac370000, ac370443",20,0.99668065937614392,0.033263623218528937,517,516
fixed_train,18,2,2,"ac370000, ac370443",21,0.99668065937614392,0.039915071189871698,517,511
fixed_train,18,2,2,"ac370000, ac370443",22,0.99668065937614392,0.034326198894059412,517,517
fixed_train,18,2,2,"ac370000, ac370443",23,0.99668065937614392,0.036579383946189203,517,512
fixed_train,18,2,2,"ac370000, ac370443",24,0.99668065937614392,0.036619907632111204,517,510
fixed_train,18,2,2,"ac370000, ac370443",25,0.99668065937614392,0.034401060506779491,517,516
fixed_train,18,2,2,"ac370000, ac370443",26,0.99668065937614392,0.033263623218528937,517,516
fixed_train,18,2,2,"ac370000, ac370443",27,0.99668065937614392,0.037697921866090889,517,515
fixed_train,18,2,2,"ac370000, ac370443",28,0.99668065937614392,0.037718746292264127,517,514
fixed_train,18,2,2,"ac370000, ac370443",29,0.99668065937614392,0.043206313332416757,517,515
fixed_train,18,2,3,"ac370000, ac370419, ac370443",0,0.99668065937614392,0.038755085896167163,515,513
fixed_train,18,2,3,"ac370000, ac370419, ac370443",1,0.99668065937614392,0.037657647694644858,515,515
fixed_train,18,2,3,"ac370000, ac370419, ac370443",2,0.99668065937614392,0.052123385352067952,515,515
fixed_train,18,2,3,"ac370000, ac370419, ac370443",3,0.99668065937614392,0.047565615128356331,515,514
fixed_train,18,2,3,"ac370000, ac370419, ac370443",4,0.99668065937614392,0.037718746292264127,515,515
fixed_train,18,2,3,"ac370000, ac370419, ac370443",5,0.99668065937614392,0.047714143258768438,515,515
fixed_train,18,2,3,"ac370000, ac370419, ac370443",6,0.99668065937614392,0.038775298669914582,515,515
fixed_train,18,2,3,"ac370000, ac370419, ac370443",7,0.99668065937614392,0.038795979755636201,515,515
fixed_train,18,2,3,"ac370000, ac370419, ac370443",8,0.99668065937614392,0.041012575565083198,515,515
fixed_train,18,2,3,"ac370000, ac370419, ac370443",9,0.99668065937614392,0.045445767183976971,515,515
fixed_train,18,2,3,"ac370000, ac370419, ac370443",10,0.99668065937614392,0.044279956515136054,515,515
fixed_train,18,2,3,"ac370000, ac370419, ac370443",11,0.99668065937614392,0.044302564719266635,515,515
fixed_train,18,2,3,"ac370000, ac370419, ac370443",12,0.99668065937614392,0.045398416399328623,515,515
fixed_train,18,2,3,"ac370000, ac370419, ac370443",13,0.99668065937614392,0.037697921866090889,515,515
fixed_train,18,2,3,"ac370000, ac370419, ac370443",14,0.99668065937614392,0.052041746902490305,515,515
fixed_train,18,2,3,"ac370000, ac370419, ac370443",15,0.99668065937614392,0.037657647694644858,515,515
fixed_train,18,2,3,"ac370000, ac370419, ac370443",16,0.99668065937614392,0.043206313332416757,515,515
fixed_train,18,2,3,"ac370000, ac370419, ac370443",17,0.99668065937614392,0.043229171374530084,515,515
fixed_train,18,2,3,"ac370000, ac370419, ac370443",18,0.99668065937614392,0.042087592377725969,515,514
fixed_train,18,2,3,"ac370000, ac370419, ac370443",19,0.99668065937614392,0.045421820663667622,515,515
fixed_train,18,2,3,"ac370000, ac370419, ac370443",20,0.99668065937614392,0.038755085896167163,515,514
fixed_train,18,2,3,"ac370000, ac370419, ac370443",21,0.99668065937614392,0.038755085896167163,515,515
fixed_train,18,2,3,"ac370000, ac370419, ac370443",22,0.99668065937614392,0.043140836367294377,515,515
fixed_train,18,2,3,"ac370000, ac370419, ac370443",23,0.99668065937614392,0.042066035717973627,515,514
fixed_train,18,2,3,"ac370000, ac370419, ac370443",24,0.99668065937614392,0.042066035717973627,515,515
fixed_train,18,2,3,"ac370000, ac370419, ac370443",25,0.99668065937614392,0.039937021260702976,515,515
fixed_train,18,2,3,"ac370000, ac370419, ac370443",26,0.99668065937614392,0.040990806001165669,515,515
fixed_train,18,2,3,"ac370000, ac370419, ac370443",27,0.99668065937614392,0.039893604793310611,515,515
fixed_train,18,2,3,"ac370000, ac370419, ac370443",28,0.99668065937614392,0.041034840156883079,515,514
fixed_train,18,2,3,"ac370000, ac370419, ac370443",29,0.99668065937614392,0.047565615128356331,515,515
fixed_train,18,2,4,"ac370419, ac370443",0,0.99668065937614392,0.019949168446926069,515,513
fixed_train,18,2,4,"ac370419, ac370443",1,0.99668065937614392,0.028767618740087153,515,512
fixed_train,18,2,4,"ac370419, ac370443",2,0.99668065937614392,0.023229331942515641,515,514
fixed_train,18,2,4,"ac370419, ac370443",3,0.99668065937614392,0.025441721323046562,515,511
fixed_train,18,2,4,"ac370419, ac370443",4,0.99668065937614392,0.028767618740087153,515,514
fixed_train,18,2,4,"ac370419, ac370443",5,0.99668065937614392,0.026582785986941859,515,515
fixed_train,18,2,4,"ac370419, ac370443",6,0.99668065937614392,0.021028105767050276,515,511
fixed_train,18,2,4,"ac370419, ac370443",7,0.99668065937614392,0.029866500084108516,515,514
fixed_train,18,2,4,"ac370419, ac370443",8,0.99668065937614392,0.024354669340674207,515,513
fixed_train,18,2,4,"ac370419, ac370443",9,0.99668065937614392,0.030920602301425348,515,515
fixed_train,18,2,4,"ac370419, ac370443",10,0.99668065937614392,0.025454914201760603,515,513
fixed_train,18,2,4,"ac370419, ac370443",11,0.99668065937614392,0.021087977754790543,515,514
fixed_train,18,2,4,"ac370419, ac370443",12,0.99668065937614392,0.030964971411771569,515,514
fixed_train,18,2,4,"ac370419, ac370443",13,0.99668065937614392,0.024354669340674207,515,515
fixed_train,18,2,4,"ac370419, ac370443",14,0.99668065937614392,0.027668318419115767,515,515
fixed_train,18,2,4,"ac370419, ac370443",15,0.99668065937614392,0.029866500084108516,515,515
fixed_train,18,2,4,"ac370419, ac370443",16,0.99668065937614392,0.025416283933772932,515,515
fixed_train,18,2,4,"ac370419, ac370443",17,0.99668065937614392,0.022117407015480595,515,514
fixed_train,18,2,4,"ac370419, ac370443",18,0.99668065937614392,0.030935017776507312,515,514
fixed_train,18,2,4,"ac370419, ac370443",19,0.99668065937614392,0.026582785986941859,515,513
fixed_train,18,2,4,"ac370419, ac370443",20,0.99668065937614392,0.022190821513191628,515,514
fixed_train,18,2,4,"ac370419, ac370443",21,0.99668065937614392,0.027654110703577595,515,514
fixed_train,18,2,4,"ac370419, ac370443",22,0.99668065937614392,0.027697762013659144,515,514
fixed_train,18,2,4,"ac370419, ac370443",23,0.99668065937614392,0.025468424889844021,515,513
fixed_train,18,2,4,"ac370419, ac370443",24,0.99668065937614392,0.025441721323046562,515,515
fixed_train,18,2,4,"ac370419, ac370443",25,0.99668065937614392,0.025441721323046562,515,514
fixed_train,18,2,4,"ac370419, ac370443",26,0.99668065937614392,0.027668318419115767,515,511
fixed_train,18,2,4,"ac370419, ac370443",27,0.99668065937614392,0.022152841303860749,515,514
fixed_train,18,2,4,"ac370419, ac370443",28,0.99668065937614392,0.027697762013659144,515,514
fixed_train,18,2,4,"ac370419, ac370443",29,0.99668065937614392,0.028738894248585445,515,514
fixed_train,18,2,5,"ac370000, ac370442",0,0.99668065937614392,0.033263623218528937,513,511
fixed_train,18,2,5,"ac370000, ac370442",1,0.99668065937614392,0.03220082218535758,513,509
fixed_train,18,2,5,"ac370000, ac370442",2,0.99668065937614392,0.033245459344515615,513,510
fixed_train,18,2,5,"ac370000, ac370442",3,0.99668065937614392,0.033263623218528937,513,511
fixed_train,18,2,5,"ac370000, ac370442",4,0.99668065937614392,0.033227703011563747,513,512
fixed_train,18,2,5,"ac370000, ac370442",5,0.99668065937614392,0.029913269344910232,513,511
fixed_train,18,2,5,"ac370000, ac370442",6,0.99668065937614392,0.034362788136742206,513,512
fixed_train,18,2,5,"ac370000, ac370442",7,0.99668065937614392,0.033245459344515615,513,508
fixed_train,18,2,5,"ac370000, ac370442",8,0.99668065937614392,0.02325398138879009,513,508
fixed_train,18,2,5,"ac370000, ac370442",9,0.99668065937614392,0.040969529397220983,513,510
fixed_train,18,2,5,"ac370000, ac370442",10,0.99668065937614392,0.038716057606232424,513,509
fixed_train,18,2,5,"ac370000, ac370442",11,0.99668065937614392,0.039872620036185524,513,512
fixed_train,18,2,5,"ac370000, ac370442",12,0.99668065937614392,0.041034840156883079,513,512
fixed_train,18,2,5,"ac370000, ac370442",13,0.99668065937614392,0.026627371450069215,513,512
fixed_train,18,2,5,"ac370000, ac370442",14,0.99668065937614392,0.038817131117846237,513,513
fixed_train,18,2,5,"ac370000, ac370442",15,0.99668065937614392,0.034344284007412296,513,512
fixed_train,18,2,5,"ac370000, ac370442",16,0.99668065937614392,0.037638194123648772,513,510
fixed_train,18,2,5,"ac370000, ac370442",17,0.99668065937614392,0.038755085896167163,513,512
fixed_train,18,2,5,"ac370000, ac370442",18,0.99668065937614392,0.036619907632111204,513,513
fixed_train,18,2,5,"ac370000, ac370442",19,0.99668065937614392,0.036619907632111204,513,511
fixed_train,18,2,5,"ac370000, ac370442",20,0.99668065937614392,0.035480772542309746,513,510
fixed_train,18,2,5,"ac370000, ac370442",21,0.99668065937614392,0.031046473894748128,513,513
fixed_train,18,2,5,"ac370000, ac370442",22,0.99668065937614392,0.037697921866090889,513,513
fixed_train,18,2,5,"ac370000, ac370442",23,0.99668065937614392,0.033263623218528937,513,511
fixed_train,18,2,5,"ac370000, ac370442",24,0.99668065937614392,0.041034840156883079,513,511
fixed_train,18,2,5,"ac370000, ac370442",25,0.99668065937614392,0.036503668225701391,513,510
fixed_train,18,2,5,"ac370000, ac370442",26,0.99668065937614392,0.033263623218528937,513,510
fixed_train,18,2,5,"ac370000, ac370442",27,0.99668065937614392,0.03330118050863029,513,511
fixed_train,18,2,5,"ac370000, ac370442",28,0.99668065937614392,0.038817131117846237,513,510
fixed_train,18,2,5,"ac370000, ac370442",29,0.99668065937614392,0.034362788136742206,513,511
fixed_train,18,2,6,"370407, ac370000, ac370419",0,0.99668065937614392,0.046493877312298593,515,515
fixed_train,18,2,6,"370407, ac370000, ac370419",1,0.99668065937614392,0.04866010020435374,515,514
fixed_train,18,2,6,"370407, ac370000, ac370419",2,0.99668065937614392,0.046493877312298593,515,515
fixed_train,18,2,6,"370407, ac370000, ac370419",3,0.99668065937614392,0.046448209105280913,515,515
fixed_train,18,2,6,"370407, ac370000, ac370419",4,0.99668065937614392,0.048614686628307702,515,514
fixed_train,18,2,6,"370407, ac370000, ac370419",5,0.99668065937614392,0.043206313332416757,515,514
fixed_train,18,2,6,"370407, ac370000, ac370419",6,0.99668065937614392,0.037638194123648772,515,515
fixed_train,18,2,6,"370407, ac370000, ac370419",7,0.99668065937614392,0.040928446986763345,515,515
fixed_train,18,2,6,"370407, ac370000, ac370419",8,0.99668065937614392,0.046541750242105495,515,515
fixed_train,18,2,6,"370407, ac370000, ac370419",9,0.99668065937614392,0.047520610516564421,515,515
fixed_train,18,2,6,"370407, ac370000, ac370419",10,0.99668065937614392,0.046493877312298593,515,515
fixed_train,18,2,6,"370407, ac370000, ac370419",11,0.99668065937614392,0.048732509402347746,515,513
fixed_train,18,2,6,"370407, ac370000, ac370419",12,0.99668065937614392,0.047588956375312019,515,514
fixed_train,18,2,6,"370407, ac370000, ac370419",13,0.99668065937614392,0.044215283497350377,515,515
fixed_train,18,2,6,"370407, ac370000, ac370419",14,0.99668065937614392,0.038775298669914582,515,514
fixed_train,18,2,6,"370407, ac370000, ac370419",15,0.99668065937614392,0.038775298669914582,515,515
fixed_train,18,2,6,"370407, ac370000, ac370419",16,0.99668065937614392,0.043140836367294377,515,514
fixed_train,18,2,6,"370407, ac370000, ac370419",17,0.99668065937614392,0.044174773756373131,515,515
fixed_train,18,2,6,"370407, ac370000, ac370419",18,0.99668065937614392,0.056415172650480239,515,515
fixed_train,18,2,6,"370407, ac370000, ac370419",19,0.99668065937614392,0.044257874984749423,515,515
fixed_train,18,2,6,"370407, ac370000, ac370419",20,0.99668065937614392,0.038755085896167163,515,515
fixed_train,18,2,6,"370407, ac370000, ac370419",21,0.99668065937614392,0.056362341149680972,515,514
fixed_train,18,2,6,"370407, ac370000, ac370419",22,0.99668065937614392,0.039893604793310611,515,515
fixed_train,18,2,6,"370407, ac370000, ac370419",23,0.99668065937614392,0.048757798725037049,515,515
fixed_train,18,2,6,"370407, ac370000, ac370419",24,0.99668065937614392,0.049852835326169909,515,515
fixed_train,18,2,6,"370407, ac370000, ac370419",25,0.99668065937614392,0.038755085896167163,515,515
fixed_train,18,2,6,"370407, ac370000, ac370419",26,0.99668065937614392,0.047588956375312019,515,515
fixed_train,18,2,6,"370407, ac370000, ac370419",27,0.99668065937614392,0.047565615128356331,515,514
fixed_train,18,2,6,"370407, ac370000, ac370419",28,0.99668065937614392,0.043183972898274803,515,515
fixed_train,18,2,6,"370407, ac370000, ac370419",29,0.99668065937614392,0.053109449981698975,515,515
fixed_train,18,2,7,"370407, ac370419",0,0.99668065937614392,0.029866500084108516,515,513
fixed_train,18,2,7,"370407, ac370419",1,0.99668065937614392,0.032128776676161208,515,513
fixed_train,18,2,7,"370407, ac370419",2,0.99668065937614392,0.032095126853826095,515,514
fixed_train,18,2,7,"370407, ac370419",3,0.99668065937614392,0.028797758328482415,515,515
fixed_train,18,2,7,"370407, ac370419",4,0.99668065937614392,0.026568590137836856,515,512
fixed_train,18,2,7,"370407, ac370419",5,0.99668065937614392,0.030996431732161489,515,513
fixed_train,18,2,7,"370407, ac370419",6,0.99668065937614392,0.039756716604723796,515,513
fixed_train,18,2,7,"370407, ac370419",7,0.99668065937614392,0.036559791338663494,515,515
fixed_train,18,2,7,"370407, ac370419",8,0.99668065937614392,0.029913269344910232,515,515
fixed_train,18,2,7,"370407, ac370419",9,0.99668065937614392,0.025482254682408056,515,515
fixed_train,18,2,7,"370407, ac370419",10,0.99668065937614392,0.031012730670023081,515,515
fixed_train,18,2,7,"370407, ac370419",11,0.99668065937614392,0.028797758328482415,515,514
fixed_train,18,2,7,"370407, ac370419",12,0.99668065937614392,0.032078889464639548,515,513
fixed_train,18,2,7,"370407, ac370419",13,0.99668065937614392,0.03214619232729532,515,513
fixed_train,18,2,7,"370407, ac370419",14,0.99668065937614392,0.028813362378652396,515,511
fixed_train,18,2,7,"370407, ac370419",15,0.99668065937614392,0.030996431732161489,515,514
fixed_train,18,2,7,"370407, ac370419",16,0.99668065937614392,0.026541189213626137,515,514
fixed_train,18,2,7,"370407, ac370419",17,0.99668065937614392,0.033210352529323917,515,513
fixed_train,18,2,7,"370407, ac370419",18,0.99668065937614392,0.023266747351156969,515,515
fixed_train,18,2,7,"370407, ac370419",19,0.99668065937614392,0.02768286839089773,515,514
fixed_train,18,2,7,"370407, ac370419",20,0.99668065937614392,0.024341831241612155,515,513
fixed_train,18,2,7,"370407, ac370419",21,0.99668065937614392,0.032063041661181013,515,514
fixed_train,18,2,7,"370407, ac370419",22,0.99668065937614392,0.030996431732161489,515,514
fixed_train,18,2,7,"370407, ac370419",23,0.99668065937614392,0.033176862510844285,515,512
fixed_train,18,2,7,"370407, ac370419",24,0.99668065937614392,0.036579383946189203,515,512
fixed_train,18,2,7,"370407, ac370419",25,0.99668065937614392,0.031029410861584061,515,515
fixed_train,18,2,7,"370407, ac370419",26,0.99668065937614392,0.026597313895720842,515,514
fixed_train,18,2,7,"370407, ac370419",27,0.99668065937614392,0.026582785986941859,515,512
fixed_train,18,2,7,"370407, ac370419",28,0.99668065937614392,0.026597313895720842,515,515
fixed_train,18,2,7,"370407, ac370419",29,0.99668065937614392,0.022128937492374767,515,512
fixed_train,18,2,8,"ac370442, ac370443",0,0.99668065937614392,0.024329298114553422,510,509
fixed_train,18,2,8,"ac370442, ac370443",1,0.99668065937614392,0.023217446089921823,510,507
fixed_train,18,2,8,"ac370442, ac370443",2,0.99668065937614392,0.026541189213626137,510,508
fixed_train,18,2,8,"ac370442, ac370443",3,0.99668065937614392,0.022117407015480595,510,510
fixed_train,18,2,8,"ac370442, ac370443",4,0.99668065937614392,0.019905515916407879,510,508
fixed_train,18,2,8,"ac370442, ac370443",5,0.99668065937614392,0.028711573725600736,510,509
fixed_train,18,2,8,"ac370442, ac370443",6,0.99668065937614392,0.024317068748938242,510,508
fixed_train,18,2,8,"ac370442, ac370443",7,0.99668065937614392,0.022106155999114696,510,508
fixed_train,18,2,8,"ac370442, ac370443",8,0.99668065937614392,0.033227703011563747,510,507
fixed_train,18,2,8,"ac370442, ac370443",9,0.99668065937614392,0.024354669340674207,510,510
fixed_train,18,2,8,"ac370442, ac370443",10,0.99668065937614392,0.026554724990849432,510,509
fixed_train,18,2,8,"ac370442, ac370443",11,0.99668065937614392,0.024329298114553422,510,504
fixed_train,18,2,8,"ac370442, ac370443",12,0.99668065937614392,0.027613527535587989,510,508
fixed_train,18,2,8,"ac370442, ac370443",13,0.99668065937614392,0.023229331942515641,510,509
fixed_train,18,2,8,"ac370442, ac370443",14,0.99668065937614392,0.026515100563557215,510,509
fixed_train,18,2,8,"ac370442, ac370443",15,0.99668065937614392,0.023194546369953217,510,507
fixed_train,18,2,8,"ac370442, ac370443",16,0.99668065937614392,0.023229331942515641,510,510
fixed_train,18,2,8,"ac370442, ac370443",17,0.99668065937614392,0.026515100563557215,510,508
fixed_train,18,2,8,"ac370442, ac370443",18,0.99668065937614392,0.024305141957082221,510,510
fixed_train,18,2,8,"ac370442, ac370443",19,0.99668065937614392,0.025428844982736565,510,510
fixed_train,18,2,8,"ac370442, ac370443",20,0.99668065937614392,0.024354669340674207,510,509
fixed_train,18,2,8,"ac370442, ac370443",21,0.99668065937614392,0.01989524324929115,510,509
fixed_train,18,2,8,"ac370442, ac370443",22,0.99668065937614392,0.023217446089921823,510,507
fixed_train,18,2,8,"ac370442, ac370443",23,0.99668065937614392,0.019905515916407879,510,507
fixed_train,18,2,8,"ac370442, ac370443",24,0.99668065937614392,0.024341831241612155,510,507
fixed_train,18,2,8,"ac370442, ac370443",25,0.99668065937614392,0.024305141957082221,510,508
fixed_train,18,2,8,"ac370442, ac370443",26,0.99668065937614392,0.026554724990849432,510,510
fixed_train,18,2,8,"ac370442, ac370443",27,0.99668065937614392,0.025441721323046562,510,508
fixed_train,18,2,8,"ac370442, ac370443",28,0.99668065937614392,0.027640243875551418,510,509
fixed_train,18,2,8,"ac370442, ac370443",29,0.99668065937614392,0.022128937492374767,510,509
fixed_train,18,2,9,"ac370000, ac370419, ac370442",0,0.99668065937614392,0.054202783269949206,510,510
fixed_train,18,2,9,"ac370000, ac370419, ac370442",1,0.99668065937614392,0.042066035717973627,510,510
fixed_train,18,2,9,"ac370000, ac370419, ac370442",2,0.99668065937614392,0.04200437074752672,510,510
fixed_train,18,2,9,"ac370000, ac370419, ac370442",3,0.99668065937614392,0.038716057606232424,510,510
fixed_train,18,2,9,"ac370000, ac370419, ac370442",4,0.99668065937614392,0.04763732799491871,510,510
fixed_train,18,2,9,"ac370000, ac370419, ac370442",5,0.99668065937614392,0.047565615128356331,510,509
fixed_train,18,2,9,"ac370000, ac370419, ac370442",6,0.99668065937614392,0.038795979755636201,510,510
fixed_train,18,2,9,"ac370000, ac370419, ac370442",7,0.99668065937614392,0.039872620036185524,510,510
fixed_train,18,2,9,"ac370000, ac370419, ac370442",8,0.99668065937614392,0.042109653276242165,510,510
fixed_train,18,2,9,"ac370000, ac370419, ac370442",9,0.99668065937614392,0.041034840156883079,510,509
fixed_train,18,2,9,"ac370000, ac370419, ac370442",10,0.99668065937614392,0.035442675353104303,510,510
fixed_train,18,2,9,"ac370000, ac370419, ac370442",11,0.99668065937614392,0.04763732799491871,510,510
fixed_train,18,2,9,"ac370000, ac370419, ac370442",12,0.99668065937614392,0.038755085896167163,510,510
fixed_train,18,2,9,"ac370000, ac370419, ac370442",13,0.99668065937614392,0.042132220513652507,510,510
fixed_train,18,2,9,"ac370000, ac370419, ac370442",14,0.99668065937614392,0.036540642395113232,510,510
fixed_train,18,2,9,"ac370000, ac370419, ac370442",15,0.99668065937614392,0.038755085896167163,510,510
fixed_train,18,2,9,"ac370000, ac370419, ac370442",16,0.99668065937614392,0.055322343730936585,510,510
fixed_train,18,2,9,"ac370000, ac370419, ac370442",17,0.99668065937614392,0.042066035717973627,510,510
fixed_train,18,2,9,"ac370000, ac370419, ac370442",18,0.99668065937614392,0.040908637232440426,510,510
fixed_train,18,2,9,"ac370000, ac370419, ac370442",19,0.99668065937614392,0.042087592377725969,510,509
fixed_train,18,2,9,"ac370000, ac370419, ac370442",20,0.99668065937614392,0.044279956515136054,510,510
fixed_train,18,2,9,"ac370000, ac370419, ac370442",21,0.99668065937614392,0.041034840156883079,510,510
fixed_train,18,2,9,"ac370000, ac370419, ac370442",22,0.99668065937614392,0.035388753609917001,510,510
fixed_train,18,2,9,"ac370000, ac370419, ac370442",23,0.99668065937614392,0.046517537060807301,510,510
fixed_train,18,2,9,"ac370000, ac370419, ac370442",24,0.99668065937614392,0.040969529397220983,510,510
fixed_train,18,2,9,"ac370000, ac370419, ac370442",25,0.99668065937614392,0.047542833910884874,510,510
fixed_train,18,2,9,"ac370000, ac370419, ac370442",26,0.99668065937614392,0.046493877312298593,510,510
fixed_train,18,2,9,"ac370000, ac370419, ac370442",27,0.99668065937614392,0.040908637232440426,510,510
fixed_train,18,2,9,"ac370000, ac370419, ac370442",28,0.99668065937614392,0.044257874984749423,510,509
fixed_train,18,2,9,"ac370000, ac370419, ac370442",29,0.99668065937614392,0.047612859900382443,510,510
faithful_train,18,2,0,"370407, ac370000",0,0.99668065937614392,0.047662362993423968,542,539
faithful_train,18,2,0,"370407, ac370000",1,0.99668065937614392,0.066592563356345003,542,535
faithful_train,18,2,0,"370407, ac370000",2,0.99668065937614392,0.064599833333052414,542,527
faithful_train,18,2,0,"370407, ac370000",3,0.99668065937614392,0.07587831882843088,542,518
faithful_train,18,2,0,"370407, ac370000",4,0.99668065937614392,0.078058874075764284,542,511
faithful_train,18,2,0,"370407, ac370000",5,0.99668065937614392,0.074991549299289306,542,510
faithful_train,18,2,0,"370407, ac370000",6,0.99668065937614392,0.078320265628421426,542,494
faithful_train,18,2,0,"370407, ac370000",7,0.99668065937614392,0.078320265628421426,542,499
faithful_train,18,2,0,"370407, ac370000",8,0.99668065937614392,0.080446587194086483,542,496
faithful_train,18,2,0,"370407, ac370000",9,0.99668065937614392,0.073846862546105063,542,499
faithful_train,18,2,1,"ac370000, ac370419",0,0.99668065937614392,0.076030847605904506,532,531
faithful_train,18,2,1,"ac370000, ac370419",1,0.99668065937614392,0.074939110189068403,532,523
faithful_train,18,2,1,"ac370000, ac370419",2,0.99668065937614392,0.079580295262968281,532,517
faithful_train,18,2,1,"ac370000, ac370419",3,0.99668065937614392,0.083882933139116878,532,495
faithful_train,18,2,1,"ac370000, ac370419",4,0.99668065937614392,0.078058874075764284,532,492
faithful_train,18,2,1,"ac370000, ac370419",5,0.99668065937614392,0.081646977401604759,532,495
faithful_train,18,2,1,"ac370000, ac370419",6,0.99668065937614392,0.078266064175756878,532,492
faithful_train,18,2,1,"ac370000, ac370419",7,0.99668065937614392,0.087453984976620269,532,487
faithful_train,18,2,1,"ac370000, ac370419",8,0.99668065937614392,0.080392881516478387,532,492
faithful_train,18,2,1,"ac370000, ac370419",9,0.99668065937614392,0.07941102166409264,532,501
faithful_train,18,2,2,"ac370000, ac370443",0,0.99668065937614392,0.081761859052814856,517,516
faithful_train,18,2,2,"ac370000, ac370443",1,0.99668065937614392,0.070516641303681071,517,513
faithful_train,18,2,2,"ac370000, ac370443",2,0.99668065937614392,0.077122084143203762,517,495
faithful_train,18,2,2,"ac370000, ac370443",3,0.99668065937614392,0.069140713560737366,517,501
faithful_train,18,2,2,"ac370000, ac370443",4,0.99668065937614392,0.071370253689494123,517,488
faithful_train,18,2,2,"ac370000, ac370443",5,0.99668065937614392,0.072603975678474764,517,494
faithful_train,18,2,2,"ac370000, ac370443",6,0.99668065937614392,0.076030847605904506,517,477
faithful_train,18,2,2,"ac370000, ac370443",7,0.99668065937614392,0.077070053108023617,517,479
faithful_train,18,2,2,"ac370000, ac370443",8,0.99668065937614392,0.078212829118941452,517,487
faithful_train,18,2,2,"ac370000, ac370443",9,0.99668065937614392,0.072603975678474764,517,479
faithful_train,18,2,3,"ac370000, ac370419, ac370443",0,0.99668065937614392,0.070516641303681071,515,510
faithful_train,18,2,3,"ac370000, ac370419, ac370443",1,0.99668065937614392,0.06599528723902004,515,506
faithful_train,18,2,3,"ac370000, ac370419, ac370443",2,0.99668065937614392,0.068231242976531936,515,496
faithful_train,18,2,3,"ac370000, ac370419, ac370443",3,0.99668065937614392,0.067089981326494796,515,484
faithful_train,18,2,3,"ac370000, ac370419, ac370443",4,0.99668065937614392,0.074887600121896547,515,474
faithful_train,18,2,3,"ac370000, ac370419, ac370443",5,0.99668065937614392,0.06339016573359979,515,476
faithful_train,18,2,3,"ac370000, ac370419, ac370443",6,0.99668065937614392,0.063546457648996468,515,481
faithful_train,18,2,3,"ac370000, ac370419, ac370443",7,0.99668065937614392,0.073695903745251479,515,478
faithful_train,18,2,3,"ac370000, ac370419, ac370443",8,0.99668065937614392,0.065904859534151483,515,481
faithful_train,18,2,3,"ac370000, ac370419, ac370443",9,0.99668065937614392,0.070467198714044166,515,485
faithful_train,18,2,4,"ac370419, ac370443",0,0.99668065937614392,0.066089006480796519,515,449
faithful_train,18,2,4,"ac370419, ac370443",1,0.99668065937614392,0.077122084143203762,515,474
faithful_train,18,2,4,"ac370419, ac370443",2,0.99668065937614392,0.077070053108023617,515,478
faithful_train,18,2,4,"ac370419, ac370443",3,0.99668065937614392,0.076083564087263245,515,481
faithful_train,18,2,4,"ac370419, ac370443",4,0.99668065937614392,0.073846862546105063,515,473
faithful_train,18,2,4,"ac370419, ac370443",5,0.99668065937614392,0.071560414466199651,515,468
faithful_train,18,2,4,"ac370419, ac370443",6,0.99668065937614392,0.074991549299289306,515,470
faithful_train,18,2,4,"ac370419, ac370443",7,0.99668065937614392,0.078431587593520313,515,472
faithful_train,18,2,4,"ac370419, ac370443",8,0.99668065937614392,0.070467198714044166,515,470
faithful_train,18,2,4,"ac370419, ac370443",9,0.99668065937614392,0.070467198714044166,515,475
faithful_train,18,2,5,"ac370000, ac370442",0,0.99668065937614392,0.063671820819376945,513,509
faithful_train,18,2,5,"ac370000, ac370442",1,0.99668065937614392,0.065904859534151483,513,505
faithful_train,18,2,5,"ac370000, ac370442",2,0.99668065937614392,0.070233037476281734,513,506
faithful_train,18,2,5,"ac370000, ac370442",3,0.99668065937614392,0.073899012175021928,513,496
faithful_train,18,2,5,"ac370000, ac370442",4,0.99668065937614392,0.05799301291695369,513,487
faithful_train,18,2,5,"ac370000, ac370442",5,0.99668065937614392,0.069373459463788367,513,484
faithful_train,18,2,5,"ac370000, ac370442",6,0.99668065937614392,0.069373459463788367,513,480
faithful_train,18,2,5,"ac370000, ac370442",7,0.99668065937614392,0.069325197896347279,513,483
faithful_train,18,2,5,"ac370000, ac370442",8,0.99668065937614392,0.067961266568064005,513,486
faithful_train,18,2,5,"ac370000, ac370442",9,0.99668065937614392,0.068047917110999556,513,465
faithful_train,18,2,6,"370407, ac370000, ac370419",0,0.99668065937614392,0.075979071043796309,515,515
faithful_train,18,2,6,"370407, ac370000, ac370419",1,0.99668065937614392,0.05799301291695369,515,507
faithful_train,18,2,6,"370407, ac370000, ac370419",2,0.99668065937614392,0.066868525608323348,515,497
faithful_train,18,2,6,"370407, ac370000, ac370419",3,0.99668065937614392,0.062452093174467205,515,491
faithful_train,18,2,6,"370407, ac370000, ac370419",4,0.99668065937614392,0.055763472788197044,515,483
faithful_train,18,2,6,"370407, ac370000, ac370419",5,0.99668065937614392,0.060146117008009314,515,481
faithful_train,18,2,6,"370407, ac370000, ac370419",6,0.99668065937614392,0.064681633303223851,515,478
faithful_train,18,2,6,"370407, ac370000, ac370419",7,0.99668065937614392,0.073647398843859402,515,479
faithful_train,18,2,6,"370407, ac370000, ac370419",8,0.99668065937614392,0.061317597706568083,515,473
faithful_train,18,2,6,"370407, ac370000, ac370419",9,0.99668065937614392,0.060146117008009314,515,475
faithful_train,18,2,7,"370407, ac370419",0,0.99668065937614392,0.065817690306785415,515,465
faithful_train,18,2,7,"370407, ac370419",1,0.99668065937614392,0.066954638890144968,515,485
faithful_train,18,2,7,"370407, ac370419",2,0.99668065937614392,0.072555728691092281,515,476
faithful_train,18,2,7,"370407, ac370419",3,0.99668065937614392,0.062412153149137284,515,467
faithful_train,18,2,7,"370407, ac370419",4,0.99668065937614392,0.068047917110999556,515,461
faithful_train,18,2,7,"370407, ac370419",5,0.99668065937614392,0.069140713560737366,515,472
faithful_train,18,2,7,"370407, ac370419",6,0.99668065937614392,0.061438782104602518,515,466
faithful_train,18,2,7,"370407, ac370419",7,0.99668065937614392,0.060222553045710447,515,464
faithful_train,18,2,7,"370407, ac370419",8,0.99668065937614392,0.066826691495574075,515,473
faithful_train,18,2,7,"370407, ac370419",9,0.99668065937614392,0.073553084297102389,515,466
faithful_train,18,2,8,"ac370442, ac370443",0,0.99668065937614392,0.062534274126540224,510,510
faithful_train,18,2,8,"ac370442, ac370443",1,0.99668065937614392,0.065860869633890928,510,463
faithful_train,18,2,8,"ac370442, ac370443",2,0.99668065937614392,0.063506228618568916,510,457
faithful_train,18,2,8,"ac370442, ac370443",3,0.99668065937614392,0.062576522592925454,510,458
faithful_train,18,2,8,"ac370442, ac370443",4,0.99668065937614392,0.056753343581607552,510,461
faithful_train,18,2,8,"ac370442, ac370443",5,0.99668065937614392,0.065860869633890928,510,470
faithful_train,18,2,8,"ac370442, ac370443",6,0.99668065937614392,0.063587463502571273,510,474
faithful_train,18,2,8,"ac370442, ac370443",7,0.99668065937614392,0.073507265983138947,510,466
faithful_train,18,2,8,"ac370442, ac370443",8,0.99668065937614392,0.062534274126540224,510,457
faithful_train,18,2,8,"ac370442, ac370443",9,0.99668065937614392,0.069185558874716446,510,463
faithful_train,18,2,9,"ac370000, ac370419, ac370442",0,0.99668065937614392,0.062534274126540224,510,510
faithful_train,18,2,9,"ac370000, ac370419, ac370442",1,0.99668065937614392,0.063466772706449071,510,504
faithful_train,18,2,9,"ac370000, ac370419, ac370442",2,0.99668065937614392,0.066911173431980608,510,500
faithful_train,18,2,9,"ac370000, ac370419, ac370442",3,0.99668065937614392,0.062372975170530975,510,492
faithful_train,18,2,9,"ac370000, ac370419, ac370442",4,0.99668065937614392,0.052368633744831361,510,493
faithful_train,18,2,9,"ac370000, ac370419, ac370442",5,0.99668065937614392,0.063546457648996468,510,484
faithful_train,18,2,9,"ac370000, ac370419, ac370442",6,0.99668065937614392,0.067961266568064005,510,480
faithful_train,18,2,9,"ac370000, ac370419, ac370442",7,0.99668065937614392,0.065733747593316294,510,484
faithful_train,18,2,9,"ac370000, ac370419, ac370442",8,0.99668065937614392,0.061357236698357021,510,483
faithful_train,18,2,9,"ac370000, ac370419, ac370442",9,0.99668065937614392,0.064560111431874789,510,476
fixed_test,18,3,0,"370407, ac370000",0,0.87631724027036817,-0.022001744688422198,133,132
fixed_test,18,3,0,"370407, ac370000",1,0.87631724027036817,-0.0308435720833099,133,133
fixed_test,18,3,0,"370407, ac370000",2,0.87631724027036817,-0.013159917293534384,133,133
fixed_test,18,3,0,"370407, ac370000",3,0.87631724027036817,-0.021819483237384252,133,133
fixed_test,18,3,0,"370407, ac370000",4,0.87631724027036817,-0.017488069464145051,133,133
fixed_test,18,3,0,"370407, ac370000",5,0.87631724027036817,-0.022001744688422198,133,132
fixed_test,18,3,0,"370407, ac370000",6,0.87631724027036817,-0.0086385119420212542,133,133
fixed_test,18,3,0,"370407, ac370000",7,0.87631724027036817,-0.017488069464145051,133,133
fixed_test,18,3,0,"370407, ac370000",8,0.87631724027036817,-0.0308435720833099,133,132
fixed_test,18,3,0,"370407, ac370000",9,0.87631724027036817,-0.030677159454101433,133,132
fixed_test,18,3,0,"370407, ac370000",10,0.87631724027036817,-0.013159917293534384,133,132
fixed_test,18,3,0,"370407, ac370000",11,0.87631724027036817,-0.021819483237384252,133,133
fixed_test,18,3,0,"370407, ac370000",12,0.87631724027036817,-0.0086385119420212542,133,132
fixed_test,18,3,0,"370407, ac370000",13,0.87631724027036817,-0.013338747625651459,133,133
fixed_test,18,3,0,"370407, ac370000",14,0.87631724027036817,-0.017831491536311028,133,132
fixed_test,18,3,0,"370407, ac370000",15,0.87631724027036817,-0.0308435720833099,133,133
fixed_test,18,3,0,"370407, ac370000",16,0.87631724027036817,-0.013338747625651459,133,131
fixed_test,18,3,0,"370407, ac370000",17,0.87631724027036817,-0.013159917293534384,133,132
fixed_test,18,3,0,"370407, ac370000",18,0.87631724027036817,-0.021819483237384252,133,131
fixed_test,18,3,0,"370407, ac370000",19,0.87631724027036817,-0.021619203075676108,133,131
fixed_test,18,3,0,"370407, ac370000",20,0.87631724027036817,-0.0088344828378307261,133,133
fixed_test,18,3,0,"370407, ac370000",21,0.87631724027036817,-0.012961807020667071,133,133
fixed_test,18,3,0,"370407, ac370000",22,0.87631724027036817,0.0002110455801026534,133,133
fixed_test,18,3,0,"370407, ac370000",23,0.87631724027036817,-0.026652430552420947,133,132
fixed_test,18,3,0,"370407, ac370000",24,0.87631724027036817,-0.022001744688422198,133,133
fixed_test,18,3,0,"370407, ac370000",25,0.87631724027036817,-0.026154707210689132,133,131
fixed_test,18,3,0,"370407, ac370000",26,0.87631724027036817,-0.012744111192723562,133,131
fixed_test,18,3,0,"370407, ac370000",27,0.87631724027036817,-0.021819483237384252,133,132
fixed_test,18,3,0,"370407, ac370000",28,0.87631724027036817,-0.030494294958628876,133,133
fixed_test,18,3,0,"370407, ac370000",29,0.87631724027036817,-0.026337626986268958,133,133
fixed_test,18,3,1,"ac370000, ac370419",0,0.87631724027036817,-0.004318089898646571,135,135
fixed_test,18,3,1,"ac370000, ac370419",1,0.87631724027036817,-0.013159917293534384,135,133
fixed_test,18,3,1,"ac370000, ac370419",2,0.87631724027036817,-0.004318089898646571,135,134
fixed_test,18,3,1,"ac370000, ac370419",3,0.87631724027036817,-0.021819483237384252,135,135
fixed_test,18,3,1,"ac370000, ac370419",4,0.87631724027036817,-0.0086385119420212542,135,135
fixed_test,18,3,1,"ac370000, ac370419",5,0.87631724027036817,-0.026154707210689132,135,134
fixed_test,18,3,1,"ac370000, ac370419",6,0.87631724027036817,-0.021819483237384252,135,135
fixed_test,18,3,1,"ac370000, ac370419",7,0.87631724027036817,-0.022001744688422198,135,134
fixed_test,18,3,1,"ac370000, ac370419",8,0.87631724027036817,-0.021619203075676108,135,135
fixed_test,18,3,1,"ac370000, ac370419",9,0.87631724027036817,-0.004318089898646571,135,135
fixed_test,18,3,1,"ac370000, ac370419",10,0.87631724027036817,-0.012961807020667071,135,135
fixed_test,18,3,1,"ac370000, ac370419",11,0.87631724027036817,-0.030494294958628876,135,135
fixed_test,18,3,1,"ac370000, ac370419",12,0.87631724027036817,-0.025954409864011763,135,134
fixed_test,18,3,1,"ac370000, ac370419",13,0.87631724027036817,-0.013159917293534384,135,135
fixed_test,18,3,1,"ac370000, ac370419",14,0.87631724027036817,-0.030677159454101433,135,133
fixed_test,18,3,1,"ac370000, ac370419",15,0.87631724027036817,-0.017070014421682655,135,134
fixed_test,18,3,1,"ac370000, ac370419",16,0.87631724027036817,-0.017488069464145051,135,135
fixed_test,18,3,1,"ac370000, ac370419",17,0.87631724027036817,-0.0041041308039497792,135,134
fixed_test,18,3,1,"ac370000, ac370419",18,0.87631724027036817,-0.012961807020667071,135,133
fixed_test,18,3,1,"ac370000, ac370419",19,0.87631724027036817,-0.017070014421682655,135,134
fixed_test,18,3,1,"ac370000, ac370419",20,0.87631724027036817,-0.017288520618057968,135,135
fixed_test,18,3,1,"ac370000, ac370419",21,0.87631724027036817,-0.012961807020667071,135,135
fixed_test,18,3,1,"ac370000, ac370419",22,0.87631724027036817,-0.0041041308039497792,135,135
fixed_test,18,3,1,"ac370000, ac370419",23,0.87631724027036817,-0.012744111192723562,135,133
fixed_test,18,3,1,"ac370000, ac370419",24,0.87631724027036817,-0.017488069464145051,135,132
fixed_test,18,3,1,"ac370000, ac370419",25,0.87631724027036817,-0.0086385119420212542,135,132
fixed_test,18,3,1,"ac370000, ac370419",26,0.87631724027036817,-0.017288520618057968,135,135
fixed_test,18,3,1,"ac370000, ac370419",27,0.87631724027036817,-0.017668965675661452,135,135
fixed_test,18,3,1,"ac370000, ac370419",28,0.87631724027036817,-0.012744111192723562,135,134
fixed_test,18,3,1,"ac370000, ac370419",29,0.87631724027036817,-0.012744111192723562,135,135
fixed_test,18,3,2,"ac370000, ac370443",0,0.87631724027036817,-0.00018961350409085753,134,134
fixed_test,18,3,2,"ac370000, ac370443",1,0.87631724027036817,-0.013159917293534384,134,133
fixed_test,18,3,2,"ac370000, ac370443",2,0.87631724027036817,-0.013159917293534384,134,131
fixed_test,18,3,2,"ac370000, ac370443",3,0.87631724027036817,-0.021819483237384252,134,131
fixed_test,18,3,2,"ac370000, ac370443",4,0.87631724027036817,-0.013338747625651459,134,133
fixed_test,18,3,2,"ac370000, ac370443",5,0.87631724027036817,-0.004318089898646571,134,134
fixed_test,18,3,2,"ac370000, ac370443",6,0.87631724027036817,-0.004318089898646571,134,134
fixed_test,18,3,2,"ac370000, ac370443",7,0.87631724027036817,-0.0088344828378307261,134,132
fixed_test,18,3,2,"ac370000, ac370443",8,0.87631724027036817,0.0086313255120192833,134,132
fixed_test,18,3,2,"ac370000, ac370443",9,0.87631724027036817,-0.00018961350409085753,134,134
fixed_test,18,3,2,"ac370000, ac370443",10,0.87631724027036817,0.009060603102226561,134,134
fixed_test,18,3,2,"ac370000, ac370443",11,0.87631724027036817,-0.017288520618057968,134,134
fixed_test,18,3,2,"ac370000, ac370443",12,0.87631724027036817,-0.00018961350409085753,134,134
fixed_test,18,3,2,"ac370000, ac370443",13,0.87631724027036817,-0.0045112266573330562,134,133
fixed_test,18,3,2,"ac370000, ac370443",14,0.87631724027036817,-0.021819483237384252,134,134
fixed_test,18,3,2,"ac370000, ac370443",15,0.87631724027036817,-0.0045112266573330562,134,133
fixed_test,18,3,2,"ac370000, ac370443",16,0.87631724027036817,0.0086313255120192833,134,134
fixed_test,18,3,2,"ac370000, ac370443",17,0.87631724027036817,-0.017668965675661452,134,133
fixed_test,18,3,2,"ac370000, ac370443",18,0.87631724027036817,-0.017488069464145051,134,133
fixed_test,18,3,2,"ac370000, ac370443",19,0.87631724027036817,-0.0088344828378307261,134,132
fixed_test,18,3,2,"ac370000, ac370443",20,0.87631724027036817,-0.0045112266573330562,134,134
fixed_test,18,3,2,"ac370000, ac370443",21,0.87631724027036817,-0.013159917293534384,134,134
fixed_test,18,3,2,"ac370000, ac370443",22,0.87631724027036817,-0.0086385119420212542,134,132
fixed_test,18,3,2,"ac370000, ac370443",23,0.87631724027036817,-0.0088344828378307261,134,132
fixed_test,18,3,2,"ac370000, ac370443",24,0.87631724027036817,0,134,134
fixed_test,18,3,2,"ac370000, ac370443",25,0.87631724027036817,-0.004318089898646571,134,133
fixed_test,18,3,2,"ac370000, ac370443",26,0.87631724027036817,-0.0088344828378307261,134,133
fixed_test,18,3,2,"ac370000, ac370443",27,0.87631724027036817,-0.021819483237384252,134,134
fixed_test,18,3,2,"ac370000, ac370443",28,0.87631724027036817,-0.022001744688422198,134,133
fixed_test,18,3,2,"ac370000, ac370443",29,0.87631724027036817,-0.0088344828378307261,134,134
fixed_test,18,3,3,"ac370000, ac370419, ac370443",0,0.87631724027036817,-0.022001744688422198,133,133
fixed_test,18,3,3,"ac370000, ac370419, ac370443",1,0.87631724027036817,-0.0088344828378307261,133,133
fixed_test,18,3,3,"ac370000, ac370419, ac370443",2,0.87631724027036817,-0.013159917293534384,133,133
fixed_test,18,3,3,"ac370000, ac370419, ac370443",3,0.87631724027036817,-0.017668965675661452,133,133
fixed_test,18,3,3,"ac370000, ac370419, ac370443",4,0.87631724027036817,-0.012961807020667071,133,133
fixed_test,18,3,3,"ac370000, ac370419, ac370443",5,0.87631724027036817,0,133,133
fixed_test,18,3,3,"ac370000, ac370419, ac370443",6,0.87631724027036817,-0.0308435720833099,133,133
fixed_test,18,3,3,"ac370000, ac370419, ac370443",7,0.87631724027036817,-0.013159917293534384,133,133
fixed_test,18,3,3,"ac370000, ac370419, ac370443",8,0.87631724027036817,-0.0041041308039497792,133,132
fixed_test,18,3,3,"ac370000, ac370419, ac370443",9,0.87631724027036817,-0.013159917293534384,133,133
fixed_test,18,3,3,"ac370000, ac370419, ac370443",10,0.87631724027036817,-0.021619203075676108,133,133
fixed_test,18,3,3,"ac370000, ac370419, ac370443",11,0.87631724027036817,-0.017070014421682655,133,133
fixed_test,18,3,3,"ac370000, ac370419, ac370443",12,0.87631724027036817,-0.0090105525202007763,133,133
fixed_test,18,3,3,"ac370000, ac370419, ac370443",13,0.87631724027036817,-0.00018961350409085753,133,133
fixed_test,18,3,3,"ac370000, ac370419, ac370443",14,0.87631724027036817,-0.013338747625651459,133,133
fixed_test,18,3,3,"ac370000, ac370419, ac370443",15,0.87631724027036817,-0.021619203075676108,133,133
fixed_test,18,3,3,"ac370000, ac370419, ac370443",16,0.87631724027036817,0.0043162943109853469,133,133
fixed_test,18,3,3,"ac370000, ac370419, ac370443",17,0.87631724027036817,-0.017288520618057968,133,133
fixed_test,18,3,3,"ac370000, ac370419, ac370443",18,0.87631724027036817,-0.0088344828378307261,133,133
fixed_test,18,3,3,"ac370000, ac370419, ac370443",19,0.87631724027036817,-0.012961807020667071,133,133
fixed_test,18,3,3,"ac370000, ac370419, ac370443",20,0.87631724027036817,-0.0084223340254268031,133,133
fixed_test,18,3,3,"ac370000, ac370419, ac370443",21,0.87631724027036817,-0.017668965675661452,133,133
fixed_test,18,3,3,"ac370000, ac370419, ac370443",22,0.87631724027036817,-0.013159917293534384,133,133
fixed_test,18,3,3,"ac370000, ac370419, ac370443",23,0.87631724027036817,-0.004318089898646571,133,133
fixed_test,18,3,3,"ac370000, ac370419, ac370443",24,0.87631724027036817,-0.0045112266573330562,133,133
fixed_test,18,3,3,"ac370000, ac370419, ac370443",25,0.87631724027036817,-0.0088344828378307261,133,133
fixed_test,18,3,3,"ac370000, ac370419, ac370443",26,0.87631724027036817,-0.0041041308039497792,133,133
fixed_test,18,3,3,"ac370000, ac370419, ac370443",27,0.87631724027036817,0.0002110455801026534,133,133
fixed_test,18,3,3,"ac370000, ac370419, ac370443",28,0.87631724027036817,-0.017488069464145051,133,133
fixed_test,18,3,3,"ac370000, ac370419, ac370443",29,0.87631724027036817,-0.017668965675661452,133,133
fixed_test,18,3,4,"ac370419, ac370443",0,0.87631724027036817,-0.017488069464145051,133,133
fixed_test,18,3,4,"ac370419, ac370443",1,0.87631724027036817,-0.0088344828378307261,133,131
fixed_test,18,3,4,"ac370419, ac370443",2,0.87631724027036817,-0.012961807020667071,133,133
fixed_test,18,3,4,"ac370419, ac370443",3,0.87631724027036817,0.0043162943109853469,133,133
fixed_test,18,3,4,"ac370419, ac370443",4,0.87631724027036817,-0.004318089898646571,133,133
fixed_test,18,3,4,"ac370419, ac370443",5,0.87631724027036817,-0.0045112266573330562,133,132
fixed_test,18,3,4,"ac370419, ac370443",6,0.87631724027036817,-0.0045112266573330562,133,133
fixed_test,18,3,4,"ac370419, ac370443",7,0.87631724027036817,0.0043162943109853469,133,132
fixed_test,18,3,4,"ac370419, ac370443",8,0.87631724027036817,-0.0088344828378307261,133,133
fixed_test,18,3,4,"ac370419, ac370443",9,0.87631724027036817,-0.017288520618057968,133,133
fixed_test,18,3,4,"ac370419, ac370443",10,0.87631724027036817,0.012945622250522537,133,133
fixed_test,18,3,4,"ac370419, ac370443",11,0.87631724027036817,-0.0088344828378307261,133,131
fixed_test,18,3,4,"ac370419, ac370443",12,0.87631724027036817,0,133,132
fixed_test,18,3,4,"ac370419, ac370443",13,0.87631724027036817,0,133,133
fixed_test,18,3,4,"ac370419, ac370443",14,0.87631724027036817,-0.00018961350409085753,133,133
fixed_test,18,3,4,"ac370419, ac370443",15,0.87631724027036817,-0.0090105525202007763,133,133
fixed_test,18,3,4,"ac370419, ac370443",16,0.87631724027036817,-0.0041041308039497792,133,133
fixed_test,18,3,4,"ac370419, ac370443",17,0.87631724027036817,-0.004318089898646571,133,131
fixed_test,18,3,4,"ac370419, ac370443",18,0.87631724027036817,-0.017488069464145051,133,133
fixed_test,18,3,4,"ac370419, ac370443",19,0.87631724027036817,-0.0045112266573330562,133,132
fixed_test,18,3,4,"ac370419, ac370443",20,0.87631724027036817,-0.017488069464145051,133,132
fixed_test,18,3,4,"ac370419, ac370443",21,0.87631724027036817,-0.017488069464145051,133,133
fixed_test,18,3,4,"ac370419, ac370443",22,0.87631724027036817,-0.022001744688422198,133,133
fixed_test,18,3,4,"ac370419, ac370443",23,0.87631724027036817,-0.017668965675661452,133,132
fixed_test,18,3,4,"ac370419, ac370443",24,0.87631724027036817,-0.017488069464145051,133,133
fixed_test,18,3,4,"ac370419, ac370443",25,0.87631724027036817,-0.013159917293534384,133,132
fixed_test,18,3,4,"ac370419, ac370443",26,0.87631724027036817,-0.0088344828378307261,133,133
fixed_test,18,3,4,"ac370419, ac370443",27,0.87631724027036817,-0.013159917293534384,133,131
fixed_test,18,3,4,"ac370419, ac370443",28,0.87631724027036817,0.0086313255120192833,133,133
fixed_test,18,3,4,"ac370419, ac370443",29,0.87631724027036817,0.0043162943109853469,133,133
fixed_test,18,3,5,"ac370000, ac370442",0,0.87631724027036817,0.0045237374962412424,132,132
fixed_test,18,3,5,"ac370000, ac370442",1,0.87631724027036817,-0.017668965675661452,132,131
fixed_test,18,3,5,"ac370000, ac370442",2,0.87631724027036817,-0.004318089898646571,132,131
fixed_test,18,3,5,"ac370000, ac370442",3,0.87631724027036817,-0.004318089898646571,132,131
fixed_test,18,3,5,"ac370000, ac370442",4,0.87631724027036817,-0.021819483237384252,132,131
fixed_test,18,3,5,"ac370000, ac370442",5,0.87631724027036817,-0.0088344828378307261,132,130
fixed_test,18,3,5,"ac370000, ac370442",6,0.87631724027036817,-0.013159917293534384,132,131
fixed_test,18,3,5,"ac370000, ac370442",7,0.87631724027036817,-0.017488069464145051,132,132
fixed_test,18,3,5,"ac370000, ac370442",8,0.87631724027036817,-0.0088344828378307261,132,131
fixed_test,18,3,5,"ac370000, ac370442",9,0.87631724027036817,-0.013159917293534384,132,132
fixed_test,18,3,5,"ac370000, ac370442",10,0.87631724027036817,-0.013159917293534384,132,132
fixed_test,18,3,5,"ac370000, ac370442",11,0.87631724027036817,-0.0086385119420212542,132,130
fixed_test,18,3,5,"ac370000, ac370442",12,0.87631724027036817,-0.004318089898646571,132,132
fixed_test,18,3,5,"ac370000, ac370442",13,0.87631724027036817,-0.017288520618057968,132,130
fixed_test,18,3,5,"ac370000, ac370442",14,0.87631724027036817,-0.0086385119420212542,132,130
fixed_test,18,3,5,"ac370000, ac370442",15,0.87631724027036817,-0.012961807020667071,132,132
fixed_test,18,3,5,"ac370000, ac370442",16,0.87631724027036817,-0.012961807020667071,132,132
fixed_test,18,3,5,"ac370000, ac370442",17,0.87631724027036817,-0.004318089898646571,132,132
fixed_test,18,3,5,"ac370000, ac370442",18,0.87631724027036817,-0.017488069464145051,132,130
fixed_test,18,3,5,"ac370000, ac370442",19,0.87631724027036817,-0.004318089898646571,132,132
fixed_test,18,3,5,"ac370000, ac370442",20,0.87631724027036817,-0.022001744688422198,132,131
fixed_test,18,3,5,"ac370000, ac370442",21,0.87631724027036817,-0.022001744688422198,132,131
fixed_test,18,3,5,"ac370000, ac370442",22,0.87631724027036817,-0.013159917293534384,132,132
fixed_test,18,3,5,"ac370000, ac370442",23,0.87631724027036817,0,132,132
fixed_test,18,3,5,"ac370000, ac370442",24,0.87631724027036817,0.0043162943109853469,132,132
fixed_test,18,3,5,"ac370000, ac370442",25,0.87631724027036817,-0.022001744688422198,132,130
fixed_test,18,3,5,"ac370000, ac370442",26,0.87631724027036817,-0.012961807020667071,132,131
fixed_test,18,3,5,"ac370000, ac370442",27,0.87631724027036817,-0.013159917293534384,132,132
fixed_test,18,3,5,"ac370000, ac370442",28,0.87631724027036817,-0.022001744688422198,132,132
fixed_test,18,3,5,"ac370000, ac370442",29,0.87631724027036817,-0.0088344828378307261,132,130
fixed_test,18,3,6,"370407, ac370000, ac370419",0,0.87631724027036817,-0.012961807020667071,131,130
fixed_test,18,3,6,"370407, ac370000, ac370419",1,0.87631724027036817,-0.0088344828378307261,131,131
fixed_test,18,3,6,"370407, ac370000, ac370419",2,0.87631724027036817,-0.00018961350409085753,131,131
fixed_test,18,3,6,"370407, ac370000, ac370419",3,0.87631724027036817,0.0002110455801026534,131,131
fixed_test,18,3,6,"370407, ac370000, ac370419",4,0.87631724027036817,-0.0086385119420212542,131,131
fixed_test,18,3,6,"370407, ac370000, ac370419",5,0.87631724027036817,-0.013338747625651459,131,131
fixed_test,18,3,6,"370407, ac370000, ac370419",6,0.87631724027036817,-0.004318089898646571,131,131
fixed_test,18,3,6,"370407, ac370000, ac370419",7,0.87631724027036817,0,131,131
fixed_test,18,3,6,"370407, ac370000, ac370419",8,0.87631724027036817,-0.017488069464145051,131,131
fixed_test,18,3,6,"370407, ac370000, ac370419",9,0.87631724027036817,-0.0090105525202007763,131,131
fixed_test,18,3,6,"370407, ac370000, ac370419",10,0.87631724027036817,-0.0045112266573330562,131,131
fixed_test,18,3,6,"370407, ac370000, ac370419",11,0.87631724027036817,-0.0088344828378307261,131,131
fixed_test,18,3,6,"370407, ac370000, ac370419",12,0.87631724027036817,-0.021819483237384252,131,131
fixed_test,18,3,6,"370407, ac370000, ac370419",13,0.87631724027036817,-0.0088344828378307261,131,131
fixed_test,18,3,6,"370407, ac370000, ac370419",14,0.87631724027036817,-0.013159917293534384,131,131
fixed_test,18,3,6,"370407, ac370000, ac370419",15,0.87631724027036817,-0.022166268593969973,131,131
fixed_test,18,3,6,"370407, ac370000, ac370419",16,0.87631724027036817,-0.012961807020667071,131,131
fixed_test,18,3,6,"370407, ac370000, ac370419",17,0.87631724027036817,-0.0086385119420212542,131,131
fixed_test,18,3,6,"370407, ac370000, ac370419",18,0.87631724027036817,-0.0088344828378307261,131,131
fixed_test,18,3,6,"370407, ac370000, ac370419",19,0.87631724027036817,-0.0086385119420212542,131,131
fixed_test,18,3,6,"370407, ac370000, ac370419",20,0.87631724027036817,-0.004318089898646571,131,131
fixed_test,18,3,6,"370407, ac370000, ac370419",21,0.87631724027036817,-0.026337626986268958,131,131
fixed_test,18,3,6,"370407, ac370000, ac370419",22,0.87631724027036817,-0.0088344828378307261,131,131
fixed_test,18,3,6,"370407, ac370000, ac370419",23,0.87631724027036817,-0.026337626986268958,131,131
fixed_test,18,3,6,"370407, ac370000, ac370419",24,0.87631724027036817,-0.012961807020667071,131,131
fixed_test,18,3,6,"370407, ac370000, ac370419",25,0.87631724027036817,-0.017288520618057968,131,131
fixed_test,18,3,6,"370407, ac370000, ac370419",26,0.87631724027036817,-0.021400601110290074,131,131
fixed_test,18,3,6,"370407, ac370000, ac370419",27,0.87631724027036817,-0.022001744688422198,131,131
fixed_test,18,3,6,"370407, ac370000, ac370419",28,0.87631724027036817,-0.004318089898646571,131,131
fixed_test,18,3,6,"370407, ac370000, ac370419",29,0.87631724027036817,-0.013338747625651459,131,131
fixed_test,18,3,7,"370407, ac370419",0,0.87631724027036817,-0.0088344828378307261,131,131
fixed_test,18,3,7,"370407, ac370419",1,0.87631724027036817,-0.012961807020667071,131,130
fixed_test,18,3,7,"370407, ac370419",2,0.87631724027036817,-0.013338747625651459,131,130
fixed_test,18,3,7,"370407, ac370419",3,0.87631724027036817,-0.012961807020667071,131,131
fixed_test,18,3,7,"370407, ac370419",4,0.87631724027036817,-0.021619203075676108,131,131
fixed_test,18,3,7,"370407, ac370419",5,0.87631724027036817,-0.0084223340254268031,131,131
fixed_test,18,3,7,"370407, ac370419",6,0.87631724027036817,0.0043162943109853469,131,131
fixed_test,18,3,7,"370407, ac370419",7,0.87631724027036817,-0.0086385119420212542,131,130
fixed_test,18,3,7,"370407, ac370419",8,0.87631724027036817,0,131,131
fixed_test,18,3,7,"370407, ac370419",9,0.87631724027036817,0,131,131
fixed_test,18,3,7,"370407, ac370419",10,0.87631724027036817,-0.0041041308039497792,131,130
fixed_test,18,3,7,"370407, ac370419",11,0.87631724027036817,-0.0088344828378307261,131,131
fixed_test,18,3,7,"370407, ac370419",12,0.87631724027036817,-0.012744111192723562,131,130
fixed_test,18,3,7,"370407, ac370419",13,0.87631724027036817,-0.030494294958628876,131,131
fixed_test,18,3,7,"370407, ac370419",14,0.87631724027036817,0.0043162943109853469,131,131
fixed_test,18,3,7,"370407, ac370419",15,0.87631724027036817,-0.017488069464145051,131,130
fixed_test,18,3,7,"370407, ac370419",16,0.87631724027036817,0.0047535454127672905,131,131
fixed_test,18,3,7,"370407, ac370419",17,0.87631724027036817,-0.0045112266573330562,131,130
fixed_test,18,3,7,"370407, ac370419",18,0.87631724027036817,0.0045237374962412424,131,131
fixed_test,18,3,7,"370407, ac370419",19,0.87631724027036817,-0.0265034485134924,131,131
fixed_test,18,3,7,"370407, ac370419",20,0.87631724027036817,-0.021819483237384252,131,131
fixed_test,18,3,7,"370407, ac370419",21,0.87631724027036817,0,131,131
fixed_test,18,3,7,"370407, ac370419",22,0.87631724027036817,0,131,131
fixed_test,18,3,7,"370407, ac370419",23,0.87631724027036817,-0.004318089898646571,131,131
fixed_test,18,3,7,"370407, ac370419",24,0.87631724027036817,-0.0088344828378307261,131,131
fixed_test,18,3,7,"370407, ac370419",25,0.87631724027036817,-0.013159917293534384,131,130
fixed_test,18,3,7,"370407, ac370419",26,0.87631724027036817,-0.012506500360782047,131,131
fixed_test,18,3,7,"370407, ac370419",27,0.87631724027036817,-0.00018961350409085753,131,131
fixed_test,18,3,7,"370407, ac370419",28,0.87631724027036817,0,131,130
fixed_test,18,3,7,"370407, ac370419",29,0.87631724027036817,-0.0038690193097710157,131,130
fixed_test,18,3,8,"ac370442, ac370443",0,0.87631724027036817,0.0084508052555619662,132,131
fixed_test,18,3,8,"ac370442, ac370443",1,0.87631724027036817,0.0084508052555619662,132,132
fixed_test,18,3,8,"ac370442, ac370443",2,0.87631724027036817,0.0084508052555619662,132,131
fixed_test,18,3,8,"ac370442, ac370443",3,0.87631724027036817,0.0086313255120192833,132,131
fixed_test,18,3,8,"ac370442, ac370443",4,0.87631724027036817,0.0086313255120192833,132,132
fixed_test,18,3,8,"ac370442, ac370443",5,0.87631724027036817,0,132,131
fixed_test,18,3,8,"ac370442, ac370443",6,0.87631724027036817,0,132,132
fixed_test,18,3,8,"ac370442, ac370443",7,0.87631724027036817,-0.00018961350409085753,132,132
fixed_test,18,3,8,"ac370442, ac370443",8,0.87631724027036817,-0.004318089898646571,132,132
fixed_test,18,3,8,"ac370442, ac370443",9,0.87631724027036817,0.0043162943109853469,132,132
fixed_test,18,3,8,"ac370442, ac370443",10,0.87631724027036817,-0.0045112266573330562,132,132
fixed_test,18,3,8,"ac370442, ac370443",11,0.87631724027036817,-0.0045112266573330562,132,132
fixed_test,18,3,8,"ac370442, ac370443",12,0.87631724027036817,0.0045237374962412424,132,132
fixed_test,18,3,8,"ac370442, ac370443",13,0.87631724027036817,0.0043162943109853469,132,131
fixed_test,18,3,8,"ac370442, ac370443",14,0.87631724027036817,0,132,132
fixed_test,18,3,8,"ac370442, ac370443",15,0.87631724027036817,0,132,131
fixed_test,18,3,8,"ac370442, ac370443",16,0.87631724027036817,0,132,129
fixed_test,18,3,8,"ac370442, ac370443",17,0.87631724027036817,0.0043162943109853469,132,132
fixed_test,18,3,8,"ac370442, ac370443",18,0.87631724027036817,-0.0084223340254268031,132,132
fixed_test,18,3,8,"ac370442, ac370443",19,0.87631724027036817,0.0041308879292222267,132,131
fixed_test,18,3,8,"ac370442, ac370443",20,0.87631724027036817,0,132,132
fixed_test,18,3,8,"ac370442, ac370443",21,0.87631724027036817,-0.004318089898646571,132,132
fixed_test,18,3,8,"ac370442, ac370443",22,0.87631724027036817,-0.0045112266573330562,132,132
fixed_test,18,3,8,"ac370442, ac370443",23,0.87631724027036817,0.0043162943109853469,132,132
fixed_test,18,3,8,"ac370442, ac370443",24,0.87631724027036817,0.013143815279303639,132,131
fixed_test,18,3,8,"ac370442, ac370443",25,0.87631724027036817,-0.004318089898646571,132,132
fixed_test,18,3,8,"ac370442, ac370443",26,0.87631724027036817,-0.0086385119420212542,132,131
fixed_test,18,3,8,"ac370442, ac370443",27,0.87631724027036817,0.0086313255120192833,132,132
fixed_test,18,3,8,"ac370442, ac370443",28,0.87631724027036817,-0.0046838463920779727,132,132
fixed_test,18,3,8,"ac370442, ac370443",29,0.87631724027036817,-0.012961807020667071,132,132
fixed_test,18,3,9,"ac370000, ac370419, ac370442",0,0.87631724027036817,-0.017070014421682655,131,131
fixed_test,18,3,9,"ac370000, ac370419, ac370442",1,0.87631724027036817,-0.035187184508392866,131,131
fixed_test,18,3,9,"ac370000, ac370419, ac370442",2,0.87631724027036817,0.0002110455801026534,131,131
fixed_test,18,3,9,"ac370000, ac370419, ac370442",3,0.87631724027036817,0,131,131
fixed_test,18,3,9,"ac370000, ac370419, ac370442",4,0.87631724027036817,-0.00018961350409085753,131,131
fixed_test,18,3,9,"ac370000, ac370419, ac370442",5,0.87631724027036817,-0.0088344828378307261,131,131
fixed_test,18,3,9,"ac370000, ac370419, ac370442",6,0.87631724027036817,-0.022001744688422198,131,131
fixed_test,18,3,9,"ac370000, ac370419, ac370442",7,0.87631724027036817,-0.017488069464145051,131,131
fixed_test,18,3,9,"ac370000, ac370419, ac370442",8,0.87631724027036817,-0.012744111192723562,131,130
fixed_test,18,3,9,"ac370000, ac370419, ac370442",9,0.87631724027036817,-0.017288520618057968,131,131
fixed_test,18,3,9,"ac370000, ac370419, ac370442",10,0.87631724027036817,-0.0045112266573330562,131,131
fixed_test,18,3,9,"ac370000, ac370419, ac370442",11,0.87631724027036817,-0.0086385119420212542,131,131
fixed_test,18,3,9,"ac370000, ac370419, ac370442",12,0.87631724027036817,-0.017488069464145051,131,131
fixed_test,18,3,9,"ac370000, ac370419, ac370442",13,0.87631724027036817,-0.017488069464145051,131,131
fixed_test,18,3,9,"ac370000, ac370419, ac370442",14,0.87631724027036817,-0.021819483237384252,131,131
fixed_test,18,3,9,"ac370000, ac370419, ac370442",15,0.87631724027036817,-0.0088344828378307261,131,131
fixed_test,18,3,9,"ac370000, ac370419, ac370442",16,0.87631724027036817,-0.017288520618057968,131,131
fixed_test,18,3,9,"ac370000, ac370419, ac370442",17,0.87631724027036817,-0.013159917293534384,131,131
fixed_test,18,3,9,"ac370000, ac370419, ac370442",18,0.87631724027036817,-0.017488069464145051,131,131
fixed_test,18,3,9,"ac370000, ac370419, ac370442",19,0.87631724027036817,-0.017288520618057968,131,131
fixed_test,18,3,9,"ac370000, ac370419, ac370442",20,0.87631724027036817,-0.017070014421682655,131,131
fixed_test,18,3,9,"ac370000, ac370419, ac370442",21,0.87631724027036817,-0.017288520618057968,131,131
fixed_test,18,3,9,"ac370000, ac370419, ac370442",22,0.87631724027036817,-0.012961807020667071,131,131
fixed_test,18,3,9,"ac370000, ac370419, ac370442",23,0.87631724027036817,-0.017668965675661452,131,131
fixed_test,18,3,9,"ac370000, ac370419, ac370442",24,0.87631724027036817,-0.026337626986268958,131,131
fixed_test,18,3,9,"ac370000, ac370419, ac370442",25,0.87631724027036817,-0.013338747625651459,131,131
fixed_test,18,3,9,"ac370000, ac370419, ac370442",26,0.87631724027036817,-0.013159917293534384,131,131
fixed_test,18,3,9,"ac370000, ac370419, ac370442",27,0.87631724027036817,-0.013159917293534384,131,131
fixed_test,18,3,9,"ac370000, ac370419, ac370442",28,0.87631724027036817,-0.012961807020667071,131,131
fixed_test,18,3,9,"ac370000, ac370419, ac370442",29,0.87631724027036817,-0.0308435720833099,131,131
fixed_train,18,3,0,"370407, ac370000",0,0.99557522123893805,0.0365327559864429,535,533
fixed_train,18,3,0,"370407, ac370000",1,0.99557522123893805,0.042035398230088505,535,532
fixed_train,18,3,0,"370407, ac370000",2,0.99557522123893805,0.034356069690241409,535,531
fixed_train,18,3,0,"370407, ac370000",3,0.99557522123893805,0.044247787610619427,535,531
fixed_train,18,3,0,"370407, ac370000",4,0.99557522123893805,0.045342770968075041,535,534
fixed_train,18,3,0,"370407, ac370000",5,0.99557522123893805,0.034300861850593556,535,533
fixed_train,18,3,0,"370407, ac370000",6,0.99557522123893805,0.036513755599831166,535,533
fixed_train,18,3,0,"370407, ac370000",7,0.99557522123893805,0.036552209557438986,535,529
fixed_train,18,3,0,"370407, ac370000",8,0.99557522123893805,0.042035398230088505,535,529
fixed_train,18,3,0,"370407, ac370000",9,0.99557522123893805,0.039803199095234554,535,531
fixed_train,18,3,0,"370407, ac370000",10,0.99557522123893805,0.028824158380642451,535,532
fixed_train,18,3,0,"370407, ac370000",11,0.99557522123893805,0.036477107110673757,535,532
fixed_train,18,3,0,"370407, ac370000",12,0.99557522123893805,0.034337237215898431,535,530
fixed_train,18,3,0,"370407, ac370000",13,0.99557522123893805,0.032140021207309744,535,531
fixed_train,18,3,0,"370407, ac370000",14,0.99557522123893805,0.036592483728885017,535,532
fixed_train,18,3,0,"370407, ac370000",15,0.99557522123893805,0.035454353201457622,535,527
fixed_train,18,3,0,"370407, ac370000",16,0.99557522123893805,0.041955245295595245,535,532
fixed_train,18,3,0,"370407, ac370000",17,0.99557522123893805,0.035454353201457622,535,530
fixed_train,18,3,0,"370407, ac370000",18,0.99557522123893805,0.043174518377930182,535,530
fixed_train,18,3,0,"370407, ac370000",19,0.99557522123893805,0.037649647758961291,535,529
fixed_train,18,3,0,"370407, ac370000",20,0.99557522123893805,0.042100875195210885,535,532
fixed_train,18,3,0,"370407, ac370000",21,0.99557522123893805,0.034300861850593556,535,532
fixed_train,18,3,0,"370407, ac370000",22,0.99557522123893805,0.045342770968075041,535,533
fixed_train,18,3,0,"370407, ac370000",23,0.99557522123893805,0.041004215139036293,535,534
fixed_train,18,3,0,"370407, ac370000",24,0.99557522123893805,0.041004215139036293,535,533
fixed_train,18,3,0,"370407, ac370000",25,0.99557522123893805,0.040939543098305942,535,533
fixed_train,18,3,0,"370407, ac370000",26,0.99557522123893805,0.039864091260015111,535,530
fixed_train,18,3,0,"370407, ac370000",27,0.99557522123893805,0.0365327559864429,535,531
fixed_train,18,3,0,"370407, ac370000",28,0.99557522123893805,0.029890993594955617,535,534
fixed_train,18,3,0,"370407, ac370000",29,0.99557522123893805,0.039823008849557473,535,531
fixed_train,18,3,1,"ac370000, ac370419",0,0.99557522123893805,0.031040754190089448,517,513
fixed_train,18,3,1,"ac370000, ac370419",1,0.99557522123893805,0.03766986053270871,517,513
fixed_train,18,3,1,"ac370000, ac370419",2,0.99557522123893805,0.041049858091935953,517,516
fixed_train,18,3,1,"ac370000, ac370419",3,0.99557522123893805,0.031058565863529397,517,517
fixed_train,18,3,1,"ac370000, ac370419",4,0.99557522123893805,0.036552209557438986,517,516
fixed_train,18,3,1,"ac370000, ac370419",5,0.99557522123893805,0.036634593417786299,517,513
fixed_train,18,3,1,"ac370000, ac370419",6,0.99557522123893805,0.034318835189280472,517,514
fixed_train,18,3,1,"ac370000, ac370419",7,0.99557522123893805,0.034337237215898431,517,516
fixed_train,18,3,1,"ac370000, ac370419",8,0.99557522123893805,0.037711692980640366,517,514
fixed_train,18,3,1,"ac370000, ac370419",9,0.99557522123893805,0.036592483728885017,517,512
fixed_train,18,3,1,"ac370000, ac370419",10,0.99557522123893805,0.032104914392118045,517,513
fixed_train,18,3,1,"ac370000, ac370419",11,0.99557522123893805,0.032195742371424418,517,514
fixed_train,18,3,1,"ac370000, ac370419",12,0.99557522123893805,0.036613308155058255,517,515
fixed_train,18,3,1,"ac370000, ac370419",13,0.99557522123893805,0.032122264874357875,517,515
fixed_train,18,3,1,"ac370000, ac370419",14,0.99557522123893805,0.038809633052665826,517,513
fixed_train,18,3,1,"ac370000, ac370419",15,0.99557522123893805,0.035514469494905332,517,516
fixed_train,18,3,1,"ac370000, ac370419",16,0.99557522123893805,0.034356069690241409,517,514
fixed_train,18,3,1,"ac370000, ac370419",17,0.99557522123893805,0.033276274902566461,517,516
fixed_train,18,3,1,"ac370000, ac370419",18,0.99557522123893805,0.045436312104899623,517,515
fixed_train,18,3,1,"ac370000, ac370419",19,0.99557522123893805,0.033238845870206424,517,513
fixed_train,18,3,1,"ac370000, ac370419",20,0.99557522123893805,0.034337237215898431,517,515
fixed_train,18,3,1,"ac370000, ac370419",21,0.99557522123893805,0.034356069690241409,517,515
fixed_train,18,3,1,"ac370000, ac370419",22,0.99557522123893805,0.038767181898979652,517,511
fixed_train,18,3,1,"ac370000, ac370419",23,0.99557522123893805,0.044247787610619427,517,516
fixed_train,18,3,1,"ac370000, ac370419",24,0.99557522123893805,0.038767181898979652,517,513
fixed_train,18,3,1,"ac370000, ac370419",25,0.99557522123893805,0.040939543098305942,517,515
fixed_train,18,3,1,"ac370000, ac370419",26,0.99557522123893805,0.029907292532817209,517,514
fixed_train,18,3,1,"ac370000, ac370419",27,0.99557522123893805,0.032140021207309744,517,512
fixed_train,18,3,1,"ac370000, ac370419",28,0.99557522123893805,0.026577430253691858,517,515
fixed_train,18,3,1,"ac370000, ac370419",29,0.99557522123893805,0.027740208281302414,517,515
fixed_train,18,3,2,"ac370000, ac370443",0,0.99557522123893805,0.032140021207309744,503,502
fixed_train,18,3,2,"ac370000, ac370443",1,0.99557522123893805,0.02880783120770436,503,500
fixed_train,18,3,2,"ac370000, ac370443",2,0.99557522123893805,0.0365327559864429,503,499
fixed_train,18,3,2,"ac370000, ac370443",3,0.99557522123893805,0.02880783120770436,503,501
fixed_train,18,3,2,"ac370000, ac370443",4,0.99557522123893805,0.03100631725579972,503,502
fixed_train,18,3,2,"ac370000, ac370443",5,0.99557522123893805,0.028857928118910414,503,500
fixed_train,18,3,2,"ac370000, ac370443",6,0.99557522123893805,0.034300861850593556,503,501
fixed_train,18,3,2,"ac370000, ac370443",7,0.99557522123893805,0.031095384048151709,503,501
fixed_train,18,3,2,"ac370000, ac370443",8,0.99557522123893805,0.034356069690241409,503,500
fixed_train,18,3,2,"ac370000, ac370443",9,0.99557522123893805,0.032140021207309744,503,501
fixed_train,18,3,2,"ac370000, ac370443",10,0.99557522123893805,0.028824158380642451,503,498
fixed_train,18,3,2,"ac370000, ac370443",11,0.99557522123893805,0.028840856824492445,503,503
fixed_train,18,3,2,"ac370000, ac370443",12,0.99557522123893805,0.031095384048151709,503,499
fixed_train,18,3,2,"ac370000, ac370443",13,0.99557522123893805,0.034337237215898431,503,503
fixed_train,18,3,2,"ac370000, ac370443",14,0.99557522123893805,0.032140021207309744,503,501
fixed_train,18,3,2,"ac370000, ac370443",15,0.99557522123893805,0.032122264874357875,503,499
fixed_train,18,3,2,"ac370000, ac370443",16,0.99557522123893805,0.03100631725579972,503,502
fixed_train,18,3,2,"ac370000, ac370443",17,0.99557522123893805,0.034300861850593556,503,501
fixed_train,18,3,2,"ac370000, ac370443",18,0.99557522123893805,0.029875074352118669,503,503
fixed_train,18,3,2,"ac370000, ac370443",19,0.99557522123893805,0.036634593417786299,503,502
fixed_train,18,3,2,"ac370000, ac370443",20,0.99557522123893805,0.029923972724378189,503,499
fixed_train,18,3,2,"ac370000, ac370443",21,0.99557522123893805,0.029941035757542256,503,501
fixed_train,18,3,2,"ac370000, ac370443",22,0.99557522123893805,0.034337237215898431,503,497
fixed_train,18,3,2,"ac370000, ac370443",23,0.99557522123893805,0.028776284499265059,503,502
fixed_train,18,3,2,"ac370000, ac370443",24,0.99557522123893805,0.037629901368685603,503,499
fixed_train,18,3,2,"ac370000, ac370443",25,0.99557522123893805,0.032140021207309744,503,501
fixed_train,18,3,2,"ac370000, ac370443",26,0.99557522123893805,0.029907292532817209,503,501
fixed_train,18,3,2,"ac370000, ac370443",27,0.99557522123893805,0.034283315472711129,503,500
fixed_train,18,3,2,"ac370000, ac370443",28,0.99557522123893805,0.028857928118910414,503,500
fixed_train,18,3,2,"ac370000, ac370443",29,0.99557522123893805,0.038746676783605327,503,502
fixed_train,18,3,3,"ac370000, ac370419, ac370443",0,0.99557522123893805,0.035454353201457622,502,502
fixed_train,18,3,3,"ac370000, ac370419, ac370443",1,0.99557522123893805,0.037690541618430329,502,502
fixed_train,18,3,3,"ac370000, ac370419, ac370443",2,0.99557522123893805,0.033203092933975387,502,501
fixed_train,18,3,3,"ac370000, ac370419, ac370443",3,0.99557522123893805,0.040939543098305942,502,502
fixed_train,18,3,3,"ac370000, ac370419, ac370443",4,0.99557522123893805,0.037690541618430329,502,502
fixed_train,18,3,3,"ac370000, ac370419, ac370443",5,0.99557522123893805,0.043152436847543552,502,502
fixed_train,18,3,3,"ac370000, ac370419, ac370443",6,0.99557522123893805,0.040960597580767755,502,501
fixed_train,18,3,3,"ac370000, ac370419, ac370443",7,0.99557522123893805,0.03322076075685354,502,501
fixed_train,18,3,3,"ac370000, ac370419, ac370443",8,0.99557522123893805,0.039952163745568203,502,502
fixed_train,18,3,3,"ac370000, ac370419, ac370443",9,0.99557522123893805,0.045436312104899623,502,502
fixed_train,18,3,3,"ac370000, ac370419, ac370443",10,0.99557522123893805,0.042078534761068931,502,502
fixed_train,18,3,3,"ac370000, ac370419, ac370443",11,0.99557522123893805,0.040960597580767755,502,499
fixed_train,18,3,3,"ac370000, ac370419, ac370443",12,0.99557522123893805,0.044316382526461751,502,502
fixed_train,18,3,3,"ac370000, ac370419, ac370443",13,0.99557522123893805,0.038726649349068443,502,502
fixed_train,18,3,3,"ac370000, ac370419, ac370443",14,0.99557522123893805,0.039929402019677207,502,501
fixed_train,18,3,3,"ac370000, ac370419, ac370443",15,0.99557522123893805,0.035454353201457622,502,502
fixed_train,18,3,3,"ac370000, ac370419, ac370443",16,0.99557522123893805,0.039952163745568203,502,502
fixed_train,18,3,3,"ac370000, ac370419, ac370443",17,0.99557522123893805,0.035363009087962749,502,502
fixed_train,18,3,3,"ac370000, ac370419, ac370443",18,0.99557522123893805,0.037649647758961291,502,502
fixed_train,18,3,3,"ac370000, ac370419, ac370443",19,0.99557522123893805,0.034356069690241409,502,502
fixed_train,18,3,3,"ac370000, ac370419, ac370443",20,0.99557522123893805,0.032176758218180335,502,502
fixed_train,18,3,3,"ac370000, ac370419, ac370443",21,0.99557522123893805,0.036495206571783956,502,502
fixed_train,18,3,3,"ac370000, ac370419, ac370443",22,0.99557522123893805,0.040939543098305942,502,502
fixed_train,18,3,3,"ac370000, ac370419, ac370443",23,0.99557522123893805,0.043197126582060763,502,502
fixed_train,18,3,3,"ac370000, ac370419, ac370443",24,0.99557522123893805,0.033257349999536334,502,502
fixed_train,18,3,3,"ac370000, ac370419, ac370443",25,0.99557522123893805,0.040939543098305942,502,501
fixed_train,18,3,3,"ac370000, ac370419, ac370443",26,0.99557522123893805,0.036513755599831166,502,502
fixed_train,18,3,3,"ac370000, ac370419, ac370443",27,0.99557522123893805,0.045365330596780828,502,502
fixed_train,18,3,3,"ac370000, ac370419, ac370443",28,0.99557522123893805,0.040960597580767755,502,502
fixed_train,18,3,3,"ac370000, ac370419, ac370443",29,0.99557522123893805,0.036572118173173074,502,502
fixed_train,18,3,4,"ac370419, ac370443",0,0.99557522123893805,0.029875074352118669,502,501
fixed_train,18,3,4,"ac370419, ac370443",1,0.99557522123893805,0.02544928685364356,502,501
fixed_train,18,3,4,"ac370419, ac370443",2,0.99557522123893805,0.02549187575851497,502,501
fixed_train,18,3,4,"ac370419, ac370443",3,0.99557522123893805,0.024376816545202185,502,498
fixed_train,18,3,4,"ac370419, ac370443",4,0.99557522123893805,0.0287918737547459,502,501
fixed_train,18,3,4,"ac370419, ac370443",5,0.99557522123893805,0.022161309213951097,502,499
fixed_train,18,3,4,"ac370419, ac370443",6,0.99557522123893805,0.024376816545202185,502,502
fixed_train,18,3,4,"ac370419, ac370443",7,0.99557522123893805,0.026534805738345546,502,500
fixed_train,18,3,4,"ac370419, ac370443",8,0.99557522123893805,0.024362986752638149,502,499
fixed_train,18,3,4,"ac370419, ac370443",9,0.99557522123893805,0.027662180602881281,502,498
fixed_train,18,3,4,"ac370419, ac370443",10,0.99557522123893805,0.027633456111379573,502,501
fixed_train,18,3,4,"ac370419, ac370443",11,0.99557522123893805,0.02433628318584069,502,500
fixed_train,18,3,4,"ac370419, ac370443",12,0.99557522123893805,0.023262375508195432,502,500
fixed_train,18,3,4,"ac370419, ac370443",13,0.99557522123893805,0.022161309213951097,502,502
fixed_train,18,3,4,"ac370419, ac370443",14,0.99557522123893805,0.023249231203468335,502,500
fixed_train,18,3,4,"ac370419, ac370443",15,0.99557522123893805,0.024349476064554731,502,502
fixed_train,18,3,4,"ac370419, ac370443",16,0.99557522123893805,0.023303658344424494,502,501
fixed_train,18,3,4,"ac370419, ac370443",17,0.99557522123893805,0.02767707279779319,502,498
fixed_train,18,3,4,"ac370419, ac370443",18,0.99557522123893805,0.026577430253691858,502,501
fixed_train,18,3,4,"ac370419, ac370443",19,0.99557522123893805,0.03100631725579972,502,500
fixed_train,18,3,4,"ac370419, ac370443",20,0.99557522123893805,0.027692320191276543,502,502
fixed_train,18,3,4,"ac370419, ac370443",21,0.99557522123893805,0.023275827275583305,502,502
fixed_train,18,3,4,"ac370419, ac370443",22,0.99557522123893805,0.034300861850593556,502,502
fixed_train,18,3,4,"ac370419, ac370443",23,0.99557522123893805,0.021035310406305907,502,502
fixed_train,18,3,4,"ac370419, ac370443",24,0.99557522123893805,0.021035310406305907,502,502
fixed_train,18,3,4,"ac370419, ac370443",25,0.99557522123893805,0.021035310406305907,502,499
fixed_train,18,3,4,"ac370419, ac370443",26,0.99557522123893805,0.025477347849735987,502,499
fixed_train,18,3,4,"ac370419, ac370443",27,0.99557522123893805,0.028776284499265059,502,502
fixed_train,18,3,4,"ac370419, ac370443",28,0.99557522123893805,0.019970020668344746,502,499
fixed_train,18,3,4,"ac370419, ac370443",29,0.99557522123893805,0.023236393104406283,502,500
fixed_train,18,3,5,"ac370000, ac370442",0,0.99557522123893805,0.036459455458726642,500,496
fixed_train,18,3,5,"ac370000, ac370442",1,0.99557522123893805,0.025477347849735987,500,498
fixed_train,18,3,5,"ac370000, ac370442",2,0.99557522123893805,0.029890993594955617,500,497
fixed_train,18,3,5,"ac370000, ac370442",3,0.99557522123893805,0.033257349999536334,500,495
fixed_train,18,3,5,"ac370000, ac370442",4,0.99557522123893805,0.038707097670856783,500,499
fixed_train,18,3,5,"ac370000, ac370442",5,0.99557522123893805,0.03543520425790736,500,497
fixed_train,18,3,5,"ac370000, ac370442",6,0.99557522123893805,0.031023338538955336,500,499
fixed_train,18,3,5,"ac370000, ac370442",7,0.99557522123893805,0.036572118173173074,500,497
fixed_train,18,3,5,"ac370000, ac370442",8,0.99557522123893805,0.037690541618430329,500,497
fixed_train,18,3,5,"ac370000, ac370442",9,0.99557522123893805,0.03543520425790736,500,498
fixed_train,18,3,5,"ac370000, ac370442",10,0.99557522123893805,0.02880783120770436,500,498
fixed_train,18,3,5,"ac370000, ac370442",11,0.99557522123893805,0.040860307043342425,500,496
fixed_train,18,3,5,"ac370000, ac370442",12,0.99557522123893805,0.030989688716620223,500,498
fixed_train,18,3,5,"ac370000, ac370442",13,0.99557522123893805,0.036572118173173074,500,497
fixed_train,18,3,5,"ac370000, ac370442",14,0.99557522123893805,0.032122264874357875,500,495
fixed_train,18,3,5,"ac370000, ac370442",15,0.99557522123893805,0.031040754190089448,500,497
fixed_train,18,3,5,"ac370000, ac370442",16,0.99557522123893805,0.028746204631160288,500,496
fixed_train,18,3,5,"ac370000, ac370442",17,0.99557522123893805,0.032122264874357875,500,499
fixed_train,18,3,5,"ac370000, ac370442",18,0.99557522123893805,0.036552209557438986,500,497
fixed_train,18,3,5,"ac370000, ac370442",19,0.99557522123893805,0.036552209557438986,500,495
fixed_train,18,3,5,"ac370000, ac370442",20,0.99557522123893805,0.03322076075685354,500,497
fixed_train,18,3,5,"ac370000, ac370442",21,0.99557522123893805,0.03100631725579972,500,500
fixed_train,18,3,5,"ac370000, ac370442",22,0.99557522123893805,0.0365327559864429,500,496
fixed_train,18,3,5,"ac370000, ac370442",23,0.99557522123893805,0.036552209557438986,500,498
fixed_train,18,3,5,"ac370000, ac370442",24,0.99557522123893805,0.036513755599831166,500,499
fixed_train,18,3,5,"ac370000, ac370442",25,0.99557522123893805,0.029941035757542256,500,496
fixed_train,18,3,5,"ac370000, ac370442",26,0.99557522123893805,0.039823008849557473,500,498
fixed_train,18,3,5,"ac370000, ac370442",27,0.99557522123893805,0.04205670980339582,500,495
fixed_train,18,3,5,"ac370000, ac370442",28,0.99557522123893805,0.034375334405103875,500,498
fixed_train,18,3,5,"ac370000, ac370442",29,0.99557522123893805,0.032140021207309744,500,497
fixed_train,18,3,6,"370407, ac370000, ac370419",0,0.99557522123893805,0.037610619469026552,501,501
fixed_train,18,3,6,"370407, ac370000, ac370419",1,0.99557522123893805,0.043197126582060763,501,500
fixed_train,18,3,6,"370407, ac370000, ac370419",2,0.99557522123893805,0.042078534761068931,501,500
fixed_train,18,3,6,"370407, ac370000, ac370419",3,0.99557522123893805,0.0365327559864429,501,499
fixed_train,18,3,6,"370407, ac370000, ac370419",4,0.99557522123893805,0.040960597580767755,501,501
fixed_train,18,3,6,"370407, ac370000, ac370419",5,0.99557522123893805,0.045365330596780828,501,499
fixed_train,18,3,6,"370407, ac370000, ac370419",6,0.99557522123893805,0.038726649349068443,501,501
fixed_train,18,3,6,"370407, ac370000, ac370419",7,0.99557522123893805,0.037711692980640366,501,500
fixed_train,18,3,6,"370407, ac370000, ac370419",8,0.99557522123893805,0.038746676783605327,501,501
fixed_train,18,3,6,"370407, ac370000, ac370419",9,0.99557522123893805,0.038788166656104739,501,501
fixed_train,18,3,6,"370407, ac370000, ac370419",10,0.99557522123893805,0.039885367863959797,501,501
fixed_train,18,3,6,"370407, ac370000, ac370419",11,0.99557522123893805,0.034337237215898431,501,501
fixed_train,18,3,6,"370407, ac370000, ac370419",12,0.99557522123893805,0.042100875195210885,501,501
fixed_train,18,3,6,"370407, ac370000, ac370419",13,0.99557522123893805,0.049791118095255826,501,501
fixed_train,18,3,6,"370407, ac370000, ac370419",14,0.99557522123893805,0.029890993594955617,501,501
fixed_train,18,3,6,"370407, ac370000, ac370419",15,0.99557522123893805,0.035454353201457622,501,501
fixed_train,18,3,6,"370407, ac370000, ac370419",16,0.99557522123893805,0.038767181898979652,501,501
fixed_train,18,3,6,"370407, ac370000, ac370419",17,0.99557522123893805,0.045412098923601429,501,501
fixed_train,18,3,6,"370407, ac370000, ac370419",18,0.99557522123893805,0.038746676783605327,501,501
fixed_train,18,3,6,"370407, ac370000, ac370419",19,0.99557522123893805,0.040898932610320848,501,501
fixed_train,18,3,6,"370407, ac370000, ac370419",20,0.99557522123893805,0.039843305586040767,501,501
fixed_train,18,3,6,"370407, ac370000, ac370419",21,0.99557522123893805,0.039823008849557473,501,500
fixed_train,18,3,6,"370407, ac370000, ac370419",22,0.99557522123893805,0.043152436847543552,501,501
fixed_train,18,3,6,"370407, ac370000, ac370419",23,0.99557522123893805,0.038809633052665826,501,501
fixed_train,18,3,6,"370407, ac370000, ac370419",24,0.99557522123893805,0.047652360587831177,501,501
fixed_train,18,3,6,"370407, ac370000, ac370419",25,0.99557522123893805,0.045461081024008587,501,501
fixed_train,18,3,6,"370407, ac370000, ac370419",26,0.99557522123893805,0.042147111058714382,501,501
fixed_train,18,3,6,"370407, ac370000, ac370419",27,0.99557522123893805,0.038809633052665826,501,501
fixed_train,18,3,6,"370407, ac370000, ac370419",28,0.99557522123893805,0.041004215139036293,501,501
fixed_train,18,3,6,"370407, ac370000, ac370419",29,0.99557522123893805,0.039885367863959797,501,501
fixed_train,18,3,7,"370407, ac370419",0,0.99557522123893805,0.01882138960914348,501,497
fixed_train,18,3,7,"370407, ac370419",1,0.99557522123893805,0.02544928685364356,501,497
fixed_train,18,3,7,"370407, ac370419",2,0.99557522123893805,0.02982957963930144,501,497
fixed_train,18,3,7,"370407, ac370419",3,0.99557522123893805,0.032071424373638413,501,500
fixed_train,18,3,7,"370407, ac370419",4,0.99557522123893805,0.026577430253691858,501,501
fixed_train,18,3,7,"370407, ac370419",5,0.99557522123893805,0.021035310406305907,501,499
fixed_train,18,3,7,"370407, ac370419",6,0.99557522123893805,0.03100631725579972,501,498
fixed_train,18,3,7,"370407, ac370419",7,0.99557522123893805,0.022112007952715951,501,499
fixed_train,18,3,7,"370407, ac370419",8,0.99557522123893805,0.024349476064554731,501,500
fixed_train,18,3,7,"370407, ac370419",9,0.99557522123893805,0.027662180602881281,501,500
fixed_train,18,3,7,"370407, ac370419",10,0.99557522123893805,0.023275827275583305,501,501
fixed_train,18,3,7,"370407, ac370419",11,0.99557522123893805,0.021023499355168895,501,501
fixed_train,18,3,7,"370407, ac370419",12,0.99557522123893805,0.021011968878274723,501,501
fixed_train,18,3,7,"370407, ac370419",13,0.99557522123893805,0.025422543361556138,501,501
fixed_train,18,3,7,"370407, ac370419",14,0.99557522123893805,0.015524583523960578,501,499
fixed_train,18,3,7,"370407, ac370419",15,0.99557522123893805,0.022136071847199679,501,501
fixed_train,18,3,7,"370407, ac370419",16,0.99557522123893805,0.026592323876453272,501,500
fixed_train,18,3,7,"370407, ac370419",17,0.99557522123893805,0.032087968101356279,501,501
fixed_train,18,3,7,"370407, ac370419",18,0.99557522123893805,0.02544928685364356,501,500
fixed_train,18,3,7,"370407, ac370419",19,0.99557522123893805,0.022161309213951097,501,500
fixed_train,18,3,7,"370407, ac370419",20,0.99557522123893805,0.026562880281909895,501,501
fixed_train,18,3,7,"370407, ac370419",21,0.99557522123893805,0.02433628318584069,501,500
fixed_train,18,3,7,"370407, ac370419",22,0.99557522123893805,0.023236393104406283,501,500
fixed_train,18,3,7,"370407, ac370419",23,0.99557522123893805,0.02544928685364356,501,499
fixed_train,18,3,7,"370407, ac370419",24,0.99557522123893805,0.029907292532817209,501,501
fixed_train,18,3,7,"370407, ac370419",25,0.99557522123893805,0.02982957963930144,501,500
fixed_train,18,3,7,"370407, ac370419",26,0.99557522123893805,0.032122264874357875,501,500
fixed_train,18,3,7,"370407, ac370419",27,0.99557522123893805,0.026577430253691858,501,500
fixed_train,18,3,7,"370407, ac370419",28,0.99557522123893805,0.032055281611026776,501,498
fixed_train,18,3,7,"370407, ac370419",29,0.99557522123893805,0.028776284499265059,501,501
fixed_train,18,3,8,"ac370442, ac370443",0,0.99557522123893805,0.024376816545202185,497,495
fixed_train,18,3,8,"ac370442, ac370443",1,0.99557522123893805,0.018800077779202007,497,491
fixed_train,18,3,8,"ac370442, ac370443",2,0.99557522123893805,0.022123893805309769,497,496
fixed_train,18,3,8,"ac370442, ac370443",3,0.99557522123893805,0.022148543251584218,497,493
fixed_train,18,3,8,"ac370442, ac370443",4,0.99557522123893805,0.023262375508195432,497,494
fixed_train,18,3,8,"ac370442, ac370443",5,0.99557522123893805,0.025477347849735987,497,496
fixed_train,18,3,8,"ac370442, ac370443",6,0.99557522123893805,0.023249231203468335,497,495
fixed_train,18,3,8,"ac370442, ac370443",7,0.99557522123893805,0.022148543251584218,497,494
fixed_train,18,3,8,"ac370442, ac370443",8,0.99557522123893805,0.01882138960914348,497,496
fixed_train,18,3,8,"ac370442, ac370443",9,0.99557522123893805,0.01883243082511421,497,496
fixed_train,18,3,8,"ac370442, ac370443",10,0.99557522123893805,0.024362986752638149,497,495
fixed_train,18,3,8,"ac370442, ac370443",11,0.99557522123893805,0.022148543251584218,497,495
fixed_train,18,3,8,"ac370442, ac370443",12,0.99557522123893805,0.023249231203468335,497,496
fixed_train,18,3,8,"ac370442, ac370443",13,0.99557522123893805,0.026577430253691858,497,495
fixed_train,18,3,8,"ac370442, ac370443",14,0.99557522123893805,0.016617458483573655,497,494
fixed_train,18,3,8,"ac370442, ac370443",15,0.99557522123893805,0.021047403166654877,497,494
fixed_train,18,3,8,"ac370442, ac370443",16,0.99557522123893805,0.023249231203468335,497,495
fixed_train,18,3,8,"ac370442, ac370443",17,0.99557522123893805,0.019900609059901098,497,495
fixed_train,18,3,8,"ac370442, ac370443",18,0.99557522123893805,0.021035310406305907,497,496
fixed_train,18,3,8,"ac370442, ac370443",19,0.99557522123893805,0.029875074352118669,497,495
fixed_train,18,3,8,"ac370442, ac370443",20,0.99557522123893805,0.01883243082511421,497,496
fixed_train,18,3,8,"ac370442, ac370443",21,0.99557522123893805,0.021011968878274723,497,495
fixed_train,18,3,8,"ac370442, ac370443",22,0.99557522123893805,0.025477347849735987,497,496
fixed_train,18,3,8,"ac370442, ac370443",23,0.99557522123893805,0.02767707279779319,497,494
fixed_train,18,3,8,"ac370442, ac370443",24,0.99557522123893805,0.016607468811981052,497,496
fixed_train,18,3,8,"ac370442, ac370443",25,0.99557522123893805,0.027647642175493092,497,496
fixed_train,18,3,8,"ac370442, ac370443",26,0.99557522123893805,0.025422543361556138,497,494
fixed_train,18,3,8,"ac370442, ac370443",27,0.99557522123893805,0.022123893805309769,497,496
fixed_train,18,3,8,"ac370442, ac370443",28,0.99557522123893805,0.02544928685364356,497,494
fixed_train,18,3,8,"ac370442, ac370443",29,0.99557522123893805,0.027647642175493092,497,495
fixed_train,18,3,9,"ac370000, ac370419, ac370442",0,0.99557522123893805,0.039823008849557473,498,498
fixed_train,18,3,9,"ac370000, ac370419, ac370442",1,0.99557522123893805,0.034337237215898431,498,498
fixed_train,18,3,9,"ac370000, ac370419, ac370442",2,0.99557522123893805,0.045436312104899623,498,498
fixed_train,18,3,9,"ac370000, ac370419, ac370442",3,0.99557522123893805,0.042100875195210885,498,498
fixed_train,18,3,9,"ac370000, ac370419, ac370442",4,0.99557522123893805,0.043130879869002325,498,498
fixed_train,18,3,9,"ac370000, ac370419, ac370442",5,0.99557522123893805,0.039864091260015111,498,498
fixed_train,18,3,9,"ac370000, ac370419, ac370442",6,0.99557522123893805,0.040982154240520097,498,498
fixed_train,18,3,9,"ac370000, ac370419, ac370442",7,0.99557522123893805,0.038767181898979652,498,497
fixed_train,18,3,9,"ac370000, ac370419, ac370442",8,0.99557522123893805,0.036592483728885017,498,498
fixed_train,18,3,9,"ac370000, ac370419, ac370442",9,0.99557522123893805,0.042100875195210885,498,498
fixed_train,18,3,9,"ac370000, ac370419, ac370442",10,0.99557522123893805,0.033276274902566461,498,498
fixed_train,18,3,9,"ac370000, ac370419, ac370442",11,0.99557522123893805,0.036513755599831166,498,497
fixed_train,18,3,9,"ac370000, ac370419, ac370442",12,0.99557522123893805,0.042100875195210885,498,498
fixed_train,18,3,9,"ac370000, ac370419, ac370442",13,0.99557522123893805,0.038746676783605327,498,498
fixed_train,18,3,9,"ac370000, ac370419, ac370442",14,0.99557522123893805,0.041994307062800162,498,498
fixed_train,18,3,9,"ac370000, ac370419, ac370442",15,0.99557522123893805,0.034356069690241409,498,498
fixed_train,18,3,9,"ac370000, ac370419, ac370442",16,0.99557522123893805,0.044292978262122751,498,498
fixed_train,18,3,9,"ac370000, ac370419, ac370442",17,0.99557522123893805,0.032140021207309744,498,498
fixed_train,18,3,9,"ac370000, ac370419, ac370442",18,0.99557522123893805,0.036513755599831166,498,497
fixed_train,18,3,9,"ac370000, ac370419, ac370442",19,0.99557522123893805,0.039885367863959797,498,498
fixed_train,18,3,9,"ac370000, ac370419, ac370442",20,0.99557522123893805,0.036572118173173074,498,498
fixed_train,18,3,9,"ac370000, ac370419, ac370442",21,0.99557522123893805,0.0365327559864429,498,498
fixed_train,18,3,9,"ac370000, ac370419, ac370442",22,0.99557522123893805,0.047578224346018438,498,498
fixed_train,18,3,9,"ac370000, ac370419, ac370442",23,0.99557522123893805,0.040960597580767755,498,498
fixed_train,18,3,9,"ac370000, ac370419, ac370442",24,0.99557522123893805,0.044292978262122751,498,498
fixed_train,18,3,9,"ac370000, ac370419, ac370442",25,0.99557522123893805,0.032122264874357875,498,498
fixed_train,18,3,9,"ac370000, ac370419, ac370442",26,0.99557522123893805,0.039864091260015111,498,497
fixed_train,18,3,9,"ac370000, ac370419, ac370442",27,0.99557522123893805,0.043109845360144505,498,498
fixed_train,18,3,9,"ac370000, ac370419, ac370442",28,0.99557522123893805,0.041004215139036293,498,498
fixed_train,18,3,9,"ac370000, ac370419, ac370442",29,0.99557522123893805,0.039907137427877326,498,498
faithful_train,18,3,0,"370407, ac370000",0,0.99557522123893805,0.032122264874357875,535,529
faithful_train,18,3,0,"370407, ac370000",1,0.99557522123893805,0.046556924856218096,535,523
faithful_train,18,3,0,"370407, ac370000",2,0.99557522123893805,0.058701932972845094,535,527
faithful_train,18,3,0,"370407, ac370000",3,0.99557522123893805,0.053235656253899144,535,514
faithful_train,18,3,0,"370407, ac370000",4,0.99557522123893805,0.058896572475220954,535,504
faithful_train,18,3,0,"370407, ac370000",5,0.99557522123893805,0.062140634998883115,535,498
faithful_train,18,3,0,"370407, ac370000",6,0.99557522123893805,0.056577782871008453,535,494
faithful_train,18,3,0,"370407, ac370000",7,0.99557522123893805,0.051105178713203303,535,491
faithful_train,18,3,0,"370407, ac370000",8,0.99557522123893805,0.048942826324902766,535,493
faithful_train,18,3,0,"370407, ac370000",9,0.99557522123893805,0.046582529136788398,535,490
faithful_train,18,3,1,"ac370000, ac370419",0,0.99557522123893805,0.05326524649755715,517,515
faithful_train,18,3,1,"ac370000, ac370419",1,0.99557522123893805,0.057735506155062066,517,509
faithful_train,18,3,1,"ac370000, ac370419",2,0.99557522123893805,0.056609423126415148,517,496
faithful_train,18,3,1,"ac370000, ac370419",3,0.99557522123893805,0.052200549192738199,517,499
faithful_train,18,3,1,"ac370000, ac370419",4,0.99557522123893805,0.053295485803910414,517,482
faithful_train,18,3,1,"ac370000, ac370419",5,0.99557522123893805,0.051135511406247947,517,486
faithful_train,18,3,1,"ac370000, ac370419",6,0.99557522123893805,0.056674770677456632,517,479
faithful_train,18,3,1,"ac370000, ac370419",7,0.99557522123893805,0.054518615719645225,517,469
faithful_train,18,3,1,"ac370000, ac370419",8,0.99557522123893805,0.048942826324902766,517,477
faithful_train,18,3,1,"ac370000, ac370419",9,0.99557522123893805,0.050009365284163665,517,474
faithful_train,18,3,2,"ac370000, ac370443",0,0.99557522123893805,0.046690688192863039,503,501
faithful_train,18,3,2,"ac370000, ac370443",1,0.99557522123893805,0.055613776960648287,503,498
faithful_train,18,3,2,"ac370000, ac370443",2,0.99557522123893805,0.055580334619632632,503,487
faithful_train,18,3,2,"ac370000, ac370443",3,0.99557522123893805,0.053390126748733113,503,477
faithful_train,18,3,2,"ac370000, ac370443",4,0.99557522123893805,0.051135511406247947,503,463
faithful_train,18,3,2,"ac370000, ac370443",5,0.99557522123893805,0.057768773610114899,503,460
faithful_train,18,3,2,"ac370000, ac370443",6,0.99557522123893805,0.049979948096510629,503,466
faithful_train,18,3,2,"ac370000, ac370443",7,0.99557522123893805,0.050039400868060468,503,460
faithful_train,18,3,2,"ac370000, ac370443",8,0.99557522123893805,0.054452968879692198,503,460
faithful_train,18,3,2,"ac370000, ac370443",9,0.99557522123893805,0.053357923012940178,503,468
faithful_train,18,3,3,"ac370000, ac370419, ac370443",0,0.99557522123893805,0.057872819674233633,502,502
faithful_train,18,3,3,"ac370000, ac370419, ac370443",1,0.99557522123893805,0.048942826324902766,502,477
faithful_train,18,3,3,"ac370000, ac370419, ac370443",2,0.99557522123893805,0.041049858091935953,502,473
faithful_train,18,3,3,"ac370000, ac370419, ac370443",3,0.99557522123893805,0.046719176112987593,502,467
faithful_train,18,3,3,"ac370000, ac370419, ac370443",4,0.99557522123893805,0.050039400868060468,502,458
faithful_train,18,3,3,"ac370000, ac370419, ac370443",5,0.99557522123893805,0.051135511406247947,502,458
faithful_train,18,3,3,"ac370000, ac370419, ac370443",6,0.99557522123893805,0.053357923012940178,502,449
faithful_train,18,3,3,"ac370000, ac370419, ac370443",7,0.99557522123893805,0.051198076984737662,502,464
faithful_train,18,3,3,"ac370000, ac370419, ac370443",8,0.99557522123893805,0.053326377012173798,502,464
faithful_train,18,3,3,"ac370000, ac370419, ac370443",9,0.99557522123893805,0.053326377012173798,502,454
faithful_train,18,3,4,"ac370419, ac370443",0,0.99557522123893805,0.052262428608024769,502,435
faithful_train,18,3,4,"ac370419, ac370443",1,0.99557522123893805,0.046635455277182714,502,464
faithful_train,18,3,4,"ac370419, ac370443",2,0.99557522123893805,0.053390126748733113,502,464
faithful_train,18,3,4,"ac370419, ac370443",3,0.99557522123893805,0.049951146556872272,502,472
faithful_train,18,3,4,"ac370419, ac370443",4,0.99557522123893805,0.055613776960648287,502,456
faithful_train,18,3,4,"ac370419, ac370443",5,0.99557522123893805,0.048855465452758651,502,447
faithful_train,18,3,4,"ac370419, ac370443",6,0.99557522123893805,0.053390126748733113,502,462
faithful_train,18,3,4,"ac370419, ac370443",7,0.99557522123893805,0.053390126748733113,502,469
faithful_train,18,3,4,"ac370419, ac370443",8,0.99557522123893805,0.051105178713203303,502,464
faithful_train,18,3,4,"ac370419, ac370443",9,0.99557522123893805,0.055547575311144404,502,459
faithful_train,18,3,5,"ac370000, ac370442",0,0.99557522123893805,0.063303554673875495,500,500
faithful_train,18,3,5,"ac370000, ac370442",1,0.99557522123893805,0.051105178713203303,500,495
faithful_train,18,3,5,"ac370000, ac370442",2,0.99557522123893805,0.056641751385192896,500,489
faithful_train,18,3,5,"ac370000, ac370442",3,0.99557522123893805,0.061118374272985165,500,472
faithful_train,18,3,5,"ac370000, ac370442",4,0.99557522123893805,0.057802746226324975,500,468
faithful_train,18,3,5,"ac370000, ac370442",5,0.99557522123893805,0.059921787873551735,500,467
faithful_train,18,3,5,"ac370000, ac370442",6,0.99557522123893805,0.051135511406247947,500,464
faithful_train,18,3,5,"ac370000, ac370442",7,0.99557522123893805,0.056609423126415148,500,465
faithful_train,18,3,5,"ac370000, ac370442",8,0.99557522123893805,0.056641751385192896,500,459
faithful_train,18,3,5,"ac370000, ac370442",9,0.99557522123893805,0.065415424938036759,500,465
faithful_train,18,3,6,"370407, ac370000, ac370419",0,0.99557522123893805,0.054518615719645225,501,501
faithful_train,18,3,6,"370407, ac370000, ac370419",1,0.99557522123893805,0.05326524649755715,501,491
faithful_train,18,3,6,"370407, ac370000, ac370419",2,0.99557522123893805,0.057837427172563682,501,484
faithful_train,18,3,6,"370407, ac370000, ac370419",3,0.99557522123893805,0.055453365292936319,501,480
faithful_train,18,3,6,"370407, ac370000, ac370419",4,0.99557522123893805,0.056641751385192896,501,473
faithful_train,18,3,6,"370407, ac370000, ac370419",5,0.99557522123893805,0.065487125219139131,501,463
faithful_train,18,3,6,"370407, ac370000, ac370419",6,0.99557522123893805,0.053390126748733113,501,461
faithful_train,18,3,6,"370407, ac370000, ac370419",7,0.99557522123893805,0.055580334619632632,501,462
faithful_train,18,3,6,"370407, ac370000, ac370419",8,0.99557522123893805,0.053390126748733113,501,458
faithful_train,18,3,6,"370407, ac370000, ac370419",9,0.99557522123893805,0.061082953577647814,501,459
faithful_train,18,3,7,"370407, ac370419",0,0.99557522123893805,0.055484093622888642,501,434
faithful_train,18,3,7,"370407, ac370419",1,0.99557522123893805,0.054389997603234264,501,472
faithful_train,18,3,7,"370407, ac370419",2,0.99557522123893805,0.056641751385192896,501,460
faithful_train,18,3,7,"370407, ac370419",3,0.99557522123893805,0.053326377012173798,501,463
faithful_train,18,3,7,"370407, ac370419",4,0.99557522123893805,0.053326377012173798,501,472
faithful_train,18,3,7,"370407, ac370419",5,0.99557522123893805,0.057837427172563682,501,467
faithful_train,18,3,7,"370407, ac370419",6,0.99557522123893805,0.054452968879692198,501,465
faithful_train,18,3,7,"370407, ac370419",7,0.99557522123893805,0.05116647653681794,501,462
faithful_train,18,3,7,"370407, ac370419",8,0.99557522123893805,0.060025157833017428,501,461
faithful_train,18,3,7,"370407, ac370419",9,0.99557522123893805,0.055547575311144404,501,456
faithful_train,18,3,8,"ac370442, ac370443",0,0.99557522123893805,0.052141232934130533,497,495
faithful_train,18,3,8,"ac370442, ac370443",1,0.99557522123893805,0.055453365292936319,497,459
faithful_train,18,3,8,"ac370442, ac370443",2,0.99557522123893805,0.047652360587831177,497,454
faithful_train,18,3,8,"ac370442, ac370443",3,0.99557522123893805,0.053235656253899144,497,456
faithful_train,18,3,8,"ac370442, ac370443",4,0.99557522123893805,0.051046399372225659,497,457
faithful_train,18,3,8,"ac370442, ac370443",5,0.99557522123893805,0.052170572080053268,497,452
faithful_train,18,3,8,"ac370442, ac370443",6,0.99557522123893805,0.052141232934130533,497,455
faithful_train,18,3,8,"ac370442, ac370443",7,0.99557522123893805,0.052170572080053268,497,458
faithful_train,18,3,8,"ac370442, ac370443",8,0.99557522123893805,0.047731721033691055,497,451
faithful_train,18,3,8,"ac370442, ac370443",9,0.99557522123893805,0.057735506155062066,497,445
faithful_train,18,3,9,"ac370000, ac370419, ac370442",0,0.99557522123893805,0.064359482124214717,498,496
faithful_train,18,3,9,"ac370000, ac370419, ac370442",1,0.99557522123893805,0.058763976966693998,498,488
faithful_train,18,3,9,"ac370000, ac370419, ac370442",2,0.99557522123893805,0.06217552650621383,498,483
faithful_train,18,3,9,"ac370000, ac370419, ac370442",3,0.99557522123893805,0.057702940748220133,498,480
faithful_train,18,3,9,"ac370000, ac370419, ac370442",4,0.99557522123893805,0.057639903903452971,498,464
faithful_train,18,3,9,"ac370000, ac370419, ac370442",5,0.99557522123893805,0.057735506155062066,498,479
faithful_train,18,3,9,"ac370000, ac370419, ac370442",6,0.99557522123893805,0.057639903903452971,498,471
faithful_train,18,3,9,"ac370000, ac370419, ac370442",7,0.99557522123893805,0.06217552650621383,498,465
faithful_train,18,3,9,"ac370000, ac370419, ac370442",8,0.99557522123893805,0.062140634998883115,498,458
faithful_train,18,3,9,"ac370000, ac370419, ac370442",9,0.99557522123893805,0.059989971909085504,498,463
fixed_test,18,4,0,"370407, ac370000",0,0.89398620594602962,-0.017668965675661785,139,136
fixed_test,18,4,0,"370407, ac370000",1,0.89398620594602962,-0.031267865345711798,139,138
fixed_test,18,4,0,"370407, ac370000",2,0.89398620594602962,0.0082468991613687814,139,139
fixed_test,18,4,0,"370407, ac370000",3,0.89398620594602962,-0.0046443493590171414,139,139
fixed_test,18,4,0,"370407, ac370000",4,0.89398620594602962,-0.022016433802536262,139,139
fixed_test,18,4,0,"370407, ac370000",5,0.89398620594602962,-0.017804403892869636,139,139
fixed_test,18,4,0,"370407, ac370000",6,0.89398620594602962,-0.017804403892869636,139,138
fixed_test,18,4,0,"370407, ac370000",7,0.89398620594602962,0,139,138
fixed_test,18,4,0,"370407, ac370000",8,0.89398620594602962,-0.0048869493310322865,139,139
fixed_test,18,4,0,"370407, ac370000",9,0.89398620594602962,-0.031088552322917962,139,137
fixed_test,18,4,0,"370407, ac370000",10,0.89398620594602962,-0.013680588002592087,139,139
fixed_test,18,4,0,"370407, ac370000",11,0.89398620594602962,-0.0047741581058988736,139,138
fixed_test,18,4,0,"370407, ac370000",12,0.89398620594602962,-0.0089834648767594949,139,137
fixed_test,18,4,0,"370407, ac370000",13,0.89398620594602962,-0.00043348849713098492,139,138
fixed_test,18,4,0,"370407, ac370000",14,0.89398620594602962,-0.00043348849713098492,139,139
fixed_test,18,4,0,"370407, ac370000",15,0.89398620594602962,-0.022381051314259048,139,139
fixed_test,18,4,0,"370407, ac370000",16,0.89398620594602962,-0.013459083680317563,139,139
fixed_test,18,4,0,"370407, ac370000",17,0.89398620594602962,-0.0047741581058988736,139,139
fixed_test,18,4,0,"370407, ac370000",18,0.89398620594602962,-0.013577604710078961,139,139
fixed_test,18,4,0,"370407, ac370000",19,0.89398620594602962,-0.00030694206581538541,139,139
fixed_test,18,4,0,"370407, ac370000",20,0.89398620594602962,-0.013459083680317563,139,139
fixed_test,18,4,0,"370407, ac370000",21,0.89398620594602962,-0.0047741581058988736,139,137
fixed_test,18,4,0,"370407, ac370000",22,0.89398620594602962,-0.0091158463981616533,139,139
fixed_test,18,4,0,"370407, ac370000",23,0.89398620594602962,-0.0089834648767594949,139,138
fixed_test,18,4,0,"370407, ac370000",24,0.89398620594602962,-0.013459083680317563,139,139
fixed_test,18,4,0,"370407, ac370000",25,0.89398620594602962,-0.0091158463981616533,139,139
fixed_test,18,4,0,"370407, ac370000",26,0.89398620594602962,-0.017668965675661785,139,138
fixed_test,18,4,0,"370407, ac370000",27,0.89398620594602962,-0.0091158463981616533,139,138
fixed_test,18,4,0,"370407, ac370000",28,0.89398620594602962,-0.0048869493310322865,139,137
fixed_test,18,4,0,"370407, ac370000",29,0.89398620594602962,0.0086584131554606758,139,138
fixed_test,18,4,1,"ac370000, ac370419",0,0.89398620594602962,-0.013459083680317563,133,132
fixed_test,18,4,1,"ac370000, ac370419",1,0.89398620594602962,-0.03097986582326373,133,132
fixed_test,18,4,1,"ac370000, ac370419",2,0.89398620594602962,-0.0091158463981616533,133,131
fixed_test,18,4,1,"ac370000, ac370419",3,0.89398620594602962,-0.022273818001617651,133,131
fixed_test,18,4,1,"ac370000, ac370419",4,0.89398620594602962,-0.0047741581058988736,133,133
fixed_test,18,4,1,"ac370000, ac370419",5,0.89398620594602962,0.004170384962283058,133,132
fixed_test,18,4,1,"ac370000, ac370419",6,0.89398620594602962,-0.022152344854945438,133,133
fixed_test,18,4,1,"ac370000, ac370419",7,0.89398620594602962,-0.022273818001617651,133,133
fixed_test,18,4,1,"ac370000, ac370419",8,0.89398620594602962,-0.017804403892869636,133,133
fixed_test,18,4,1,"ac370000, ac370419",9,0.89398620594602962,-0.022016433802536262,133,133
fixed_test,18,4,1,"ac370000, ac370419",10,0.89398620594602962,-0.017804403892869636,133,131
fixed_test,18,4,1,"ac370000, ac370419",11,0.89398620594602962,-0.017668965675661785,133,132
fixed_test,18,4,1,"ac370000, ac370419",12,0.89398620594602962,-0.022381051314259048,133,133
fixed_test,18,4,1,"ac370000, ac370419",13,0.89398620594602962,0,133,131
fixed_test,18,4,1,"ac370000, ac370419",14,0.89398620594602962,-0.0046443493590171414,133,132
fixed_test,18,4,1,"ac370000, ac370419",15,0.89398620594602962,-0.013324823886626924,133,132
fixed_test,18,4,1,"ac370000, ac370419",16,0.89398620594602962,-0.013174606407648448,133,132
fixed_test,18,4,1,"ac370000, ac370419",17,0.89398620594602962,-0.0088344828378309481,133,132
fixed_test,18,4,1,"ac370000, ac370419",18,0.89398620594602962,-0.017518218832731414,133,131
fixed_test,18,4,1,"ac370000, ac370419",19,0.89398620594602962,-0.026625342908979666,133,130
fixed_test,18,4,1,"ac370000, ac370419",20,0.89398620594602962,-0.013459083680317563,133,133
fixed_test,18,4,1,"ac370000, ac370419",21,0.89398620594602962,-0.013324823886626924,133,132
fixed_test,18,4,1,"ac370000, ac370419",22,0.89398620594602962,-0.017924750730507921,133,133
fixed_test,18,4,1,"ac370000, ac370419",23,0.89398620594602962,-0.0048869493310322865,133,133
fixed_test,18,4,1,"ac370000, ac370419",24,0.89398620594602962,-0.013324823886626924,133,133
fixed_test,18,4,1,"ac370000, ac370419",25,0.89398620594602962,-0.030858261197424186,133,133
fixed_test,18,4,1,"ac370000, ac370419",26,0.89398620594602962,-0.017668965675661785,133,133
fixed_test,18,4,1,"ac370000, ac370419",27,0.89398620594602962,-0.0086686613106075061,133,132
fixed_test,18,4,1,"ac370000, ac370419",28,0.89398620594602962,-0.026367776354855321,133,133
fixed_test,18,4,1,"ac370000, ac370419",29,0.89398620594602962,-0.022273818001617651,133,132
fixed_test,18,4,2,"ac370000, ac370443",0,0.89398620594602962,-0.022152344854945438,129,128
fixed_test,18,4,2,"ac370000, ac370443",1,0.89398620594602962,-0.017924750730507921,129,128
fixed_test,18,4,2,"ac370000, ac370443",2,0.89398620594602962,-0.039903286644218272,129,128
fixed_test,18,4,2,"ac370000, ac370443",3,0.89398620594602962,-0.0046443493590171414,129,129
fixed_test,18,4,2,"ac370000, ac370443",4,0.89398620594602962,-0.013577604710078961,129,128
fixed_test,18,4,2,"ac370000, ac370443",5,0.89398620594602962,-0.03097986582326373,129,128
fixed_test,18,4,2,"ac370000, ac370443",6,0.89398620594602962,-0.026625342908979666,129,128
fixed_test,18,4,2,"ac370000, ac370443",7,0.89398620594602962,-0.017804403892869636,129,128
fixed_test,18,4,2,"ac370000, ac370443",8,0.89398620594602962,-0.035446281925089806,129,129
fixed_test,18,4,2,"ac370000, ac370443",9,0.89398620594602962,-0.035446281925089806,129,129
fixed_test,18,4,2,"ac370000, ac370443",10,0.89398620594602962,-0.0089834648767594949,129,129
fixed_test,18,4,2,"ac370000, ac370443",11,0.89398620594602962,-0.026733655062854078,129,129
fixed_test,18,4,2,"ac370000, ac370443",12,0.89398620594602962,-0.022152344854945438,129,128
fixed_test,18,4,2,"ac370000, ac370443",13,0.89398620594602962,-0.03097986582326373,129,128
fixed_test,18,4,2,"ac370000, ac370443",14,0.89398620594602962,-0.0048869493310322865,129,129
fixed_test,18,4,2,"ac370000, ac370443",15,0.89398620594602962,-0.0088344828378309481,129,129
fixed_test,18,4,2,"ac370000, ac370443",16,0.89398620594602962,-0.018030206089937328,129,129
fixed_test,18,4,2,"ac370000, ac370443",17,0.89398620594602962,-0.013577604710078961,129,128
fixed_test,18,4,2,"ac370000, ac370443",18,0.89398620594602962,-0.022273818001617651,129,129
fixed_test,18,4,2,"ac370000, ac370443",19,0.89398620594602962,-0.031088552322917962,129,127
fixed_test,18,4,2,"ac370000, ac370443",20,0.89398620594602962,-0.031088552322917962,129,128
fixed_test,18,4,2,"ac370000, ac370443",21,0.89398620594602962,-0.026733655062854078,129,127
fixed_test,18,4,2,"ac370000, ac370443",22,0.89398620594602962,-0.022273818001617651,129,129
fixed_test,18,4,2,"ac370000, ac370443",23,0.89398620594602962,-0.022273818001617651,129,129
fixed_test,18,4,2,"ac370000, ac370443",24,0.89398620594602962,-0.017924750730507921,129,128
fixed_test,18,4,2,"ac370000, ac370443",25,0.89398620594602962,-0.017804403892869636,129,128
fixed_test,18,4,2,"ac370000, ac370443",26,0.89398620594602962,-0.022152344854945438,129,129
fixed_test,18,4,2,"ac370000, ac370443",27,0.89398620594602962,-0.022381051314259048,129,129
fixed_test,18,4,2,"ac370000, ac370443",28,0.89398620594602962,-0.0091158463981616533,129,129
fixed_test,18,4,2,"ac370000, ac370443",29,0.89398620594602962,-0.013324823886626924,129,128
fixed_test,18,4,3,"ac370000, ac370419, ac370443",0,0.89398620594602962,-0.0046443493590171414,129,129
fixed_test,18,4,3,"ac370000, ac370419, ac370443",1,0.89398620594602962,-0.0044973029183085211,129,129
fixed_test,18,4,3,"ac370000, ac370419, ac370443",2,0.89398620594602962,-0.026625342908979666,129,129
fixed_test,18,4,3,"ac370000, ac370419, ac370443",3,0.89398620594602962,-0.0046443493590171414,129,129
fixed_test,18,4,3,"ac370000, ac370419, ac370443",4,0.89398620594602962,-0.018120953119094119,129,129
fixed_test,18,4,3,"ac370000, ac370419, ac370443",5,0.89398620594602962,-0.0092318472935341012,129,129
fixed_test,18,4,3,"ac370000, ac370419, ac370443",6,0.89398620594602962,-0.0044973029183085211,129,129
fixed_test,18,4,3,"ac370000, ac370419, ac370443",7,0.89398620594602962,-0.022381051314259048,129,129
fixed_test,18,4,3,"ac370000, ac370419, ac370443",8,0.89398620594602962,-0.022152344854945438,129,129
fixed_test,18,4,3,"ac370000, ac370419, ac370443",9,0.89398620594602962,-0.018030206089937328,129,129
fixed_test,18,4,3,"ac370000, ac370419, ac370443",10,0.89398620594602962,-0.017804403892869636,129,129
fixed_test,18,4,3,"ac370000, ac370419, ac370443",11,0.89398620594602962,-0.0046443493590171414,129,129
fixed_test,18,4,3,"ac370000, ac370419, ac370443",12,0.89398620594602962,-0.00043348849713098492,129,129
fixed_test,18,4,3,"ac370000, ac370419, ac370443",13,0.89398620594602962,-0.0091158463981616533,129,129
fixed_test,18,4,3,"ac370000, ac370419, ac370443",14,0.89398620594602962,-0.013324823886626924,129,129
fixed_test,18,4,3,"ac370000, ac370419, ac370443",15,0.89398620594602962,-0.013577604710078961,129,129
fixed_test,18,4,3,"ac370000, ac370419, ac370443",16,0.89398620594602962,-0.013459083680317563,129,129
fixed_test,18,4,3,"ac370000, ac370419, ac370443",17,0.89398620594602962,-0.013577604710078961,129,129
fixed_test,18,4,3,"ac370000, ac370419, ac370443",18,0.89398620594602962,0.0039066893405275138,129,128
fixed_test,18,4,3,"ac370000, ac370419, ac370443",19,0.89398620594602962,-0.0046443493590171414,129,129
fixed_test,18,4,3,"ac370000, ac370419, ac370443",20,0.89398620594602962,-0.013459083680317563,129,129
fixed_test,18,4,3,"ac370000, ac370419, ac370443",21,0.89398620594602962,-0.00043348849713098492,129,129
fixed_test,18,4,3,"ac370000, ac370419, ac370443",22,0.89398620594602962,-0.044351463727546614,129,129
fixed_test,18,4,3,"ac370000, ac370419, ac370443",23,0.89398620594602962,-0.013459083680317563,129,129
fixed_test,18,4,3,"ac370000, ac370419, ac370443",24,0.89398620594602962,-0.013459083680317563,129,129
fixed_test,18,4,3,"ac370000, ac370419, ac370443",25,0.89398620594602962,-0.017804403892869636,129,129
fixed_test,18,4,3,"ac370000, ac370419, ac370443",26,0.89398620594602962,-0.022273818001617651,129,129
fixed_test,18,4,3,"ac370000, ac370419, ac370443",27,0.89398620594602962,0.0085019622665308825,129,129
fixed_test,18,4,3,"ac370000, ac370419, ac370443",28,0.89398620594602962,-0.0047741581058988736,129,129
fixed_test,18,4,3,"ac370000, ac370419, ac370443",29,0.89398620594602962,-0.00016252586064957608,129,129
fixed_test,18,4,4,"ac370419, ac370443",0,0.89398620594602962,-0.017804403892869636,129,128
fixed_test,18,4,4,"ac370419, ac370443",1,0.89398620594602962,-0.0086686613106075061,129,129
fixed_test,18,4,4,"ac370419, ac370443",2,0.89398620594602962,-0.0046443493590171414,129,129
fixed_test,18,4,4,"ac370419, ac370443",3,0.89398620594602962,-0.013324823886626924,129,129
fixed_test,18,4,4,"ac370419, ac370443",4,0.89398620594602962,-0.0088344828378309481,129,129
fixed_test,18,4,4,"ac370419, ac370443",5,0.89398620594602962,-0.0046443493590171414,129,128
fixed_test,18,4,4,"ac370419, ac370443",6,0.89398620594602962,-0.0086686613106075061,129,129
fixed_test,18,4,4,"ac370419, ac370443",7,0.89398620594602962,-0.0088344828378309481,129,129
fixed_test,18,4,4,"ac370419, ac370443",8,0.89398620594602962,0.0043302180500099929,129,129
fixed_test,18,4,4,"ac370419, ac370443",9,0.89398620594602962,-0.0043327790127607457,129,128
fixed_test,18,4,4,"ac370419, ac370443",10,0.89398620594602962,-0.013459083680317563,129,128
fixed_test,18,4,4,"ac370419, ac370443",11,0.89398620594602962,-0.00030694206581538541,129,129
fixed_test,18,4,4,"ac370419, ac370443",12,0.89398620594602962,0.0045090483821270677,129,127
fixed_test,18,4,4,"ac370419, ac370443",13,0.89398620594602962,-0.0044973029183085211,129,129
fixed_test,18,4,4,"ac370419, ac370443",14,0.89398620594602962,0,129,129
fixed_test,18,4,4,"ac370419, ac370443",15,0.89398620594602962,-0.0091158463981616533,129,129
fixed_test,18,4,4,"ac370419, ac370443",16,0.89398620594602962,-0.030858261197424186,129,128
fixed_test,18,4,4,"ac370419, ac370443",17,0.89398620594602962,-0.0091158463981616533,129,129
fixed_test,18,4,4,"ac370419, ac370443",18,0.89398620594602962,-0.017668965675661785,129,129
fixed_test,18,4,4,"ac370419, ac370443",19,0.89398620594602962,-0.013324823886626924,129,129
fixed_test,18,4,4,"ac370419, ac370443",20,0.89398620594602962,-0.0046443493590171414,129,128
fixed_test,18,4,4,"ac370419, ac370443",21,0.89398620594602962,-0.0044973029183085211,129,129
fixed_test,18,4,4,"ac370419, ac370443",22,0.89398620594602962,-0.0044973029183085211,129,129
fixed_test,18,4,4,"ac370419, ac370443",23,0.89398620594602962,-0.0089834648767594949,129,128
fixed_test,18,4,4,"ac370419, ac370443",24,0.89398620594602962,0.004170384962283058,129,127
fixed_test,18,4,4,"ac370419, ac370443",25,0.89398620594602962,0.0085019622665308825,129,129
fixed_test,18,4,4,"ac370419, ac370443",26,0.89398620594602962,-0.0046443493590171414,129,129
fixed_test,18,4,4,"ac370419, ac370443",27,0.89398620594602962,0.0040292884982815469,129,129
fixed_test,18,4,4,"ac370419, ac370443",28,0.89398620594602962,-0.0089834648767594949,129,129
fixed_test,18,4,4,"ac370419, ac370443",29,0.89398620594602962,-0.0046443493590171414,129,129
fixed_test,18,4,5,"ac370000, ac370442",0,0.89398620594602962,0.004170384962283058,128,127
fixed_test,18,4,5,"ac370000, ac370442",1,0.89398620594602962,-0.022273818001617651,128,128
fixed_test,18,4,5,"ac370000, ac370442",2,0.89398620594602962,-0.013324823886626924,128,128
fixed_test,18,4,5,"ac370000, ac370442",3,0.89398620594602962,-0.0089834648767594949,128,127
fixed_test,18,4,5,"ac370000, ac370442",4,0.89398620594602962,-0.013459083680317563,128,127
fixed_test,18,4,5,"ac370000, ac370442",5,0.89398620594602962,-0.0048869493310322865,128,128
fixed_test,18,4,5,"ac370000, ac370442",6,0.89398620594602962,-0.00016252586064957608,128,128
fixed_test,18,4,5,"ac370000, ac370442",7,0.89398620594602962,-0.022273818001617651,128,126
fixed_test,18,4,5,"ac370000, ac370442",8,0.89398620594602962,-0.022273818001617651,128,127
fixed_test,18,4,5,"ac370000, ac370442",9,0.89398620594602962,-0.0091158463981616533,128,128
fixed_test,18,4,5,"ac370000, ac370442",10,0.89398620594602962,-0.0092318472935341012,128,128
fixed_test,18,4,5,"ac370000, ac370442",11,0.89398620594602962,-0.0092318472935341012,128,128
fixed_test,18,4,5,"ac370000, ac370442",12,0.89398620594602962,-0.0092318472935341012,128,128
fixed_test,18,4,5,"ac370000, ac370442",13,0.89398620594602962,-0.022152344854945438,128,128
fixed_test,18,4,5,"ac370000, ac370442",14,0.89398620594602962,-0.0044973029183085211,128,128
fixed_test,18,4,5,"ac370000, ac370442",15,0.89398620594602962,-0.013680588002592087,128,128
fixed_test,18,4,5,"ac370000, ac370442",16,0.89398620594602962,0.0083648702992722423,128,128
fixed_test,18,4,5,"ac370000, ac370442",17,0.89398620594602962,-0.00016252586064957608,128,127
fixed_test,18,4,5,"ac370000, ac370442",18,0.89398620594602962,-0.0091158463981616533,128,127
fixed_test,18,4,5,"ac370000, ac370442",19,0.89398620594602962,-0.013577604710078961,128,126
fixed_test,18,4,5,"ac370000, ac370442",20,0.89398620594602962,-0.0091158463981616533,128,126
fixed_test,18,4,5,"ac370000, ac370442",21,0.89398620594602962,-0.017668965675661785,128,126
fixed_test,18,4,5,"ac370000, ac370442",22,0.89398620594602962,-0.0091158463981616533,128,127
fixed_test,18,4,5,"ac370000, ac370442",23,0.89398620594602962,-0.013577604710078961,128,125
fixed_test,18,4,5,"ac370000, ac370442",24,0.89398620594602962,0.004170384962283058,128,128
fixed_test,18,4,5,"ac370000, ac370442",25,0.89398620594602962,0.0085019622665308825,128,128
fixed_test,18,4,5,"ac370000, ac370442",26,0.89398620594602962,-0.0044973029183085211,128,128
fixed_test,18,4,5,"ac370000, ac370442",27,0.89398620594602962,-0.0089834648767594949,128,126
fixed_test,18,4,5,"ac370000, ac370442",28,0.89398620594602962,-0.0047741581058988736,128,128
fixed_test,18,4,5,"ac370000, ac370442",29,0.89398620594602962,-0.0046443493590171414,128,127
fixed_test,18,4,6,"370407, ac370000, ac370419",0,0.89398620594602962,-0.013577604710078961,129,129
fixed_test,18,4,6,"370407, ac370000, ac370419",1,0.89398620594602962,-0.0089834648767594949,129,128
fixed_test,18,4,6,"370407, ac370000, ac370419",2,0.89398620594602962,-0.0091158463981616533,129,129
fixed_test,18,4,6,"370407, ac370000, ac370419",3,0.89398620594602962,-0.0086686613106075061,129,129
fixed_test,18,4,6,"370407, ac370000, ac370419",4,0.89398620594602962,-0.017804403892869636,129,129
fixed_test,18,4,6,"370407, ac370000, ac370419",5,0.89398620594602962,-0.0089834648767594949,129,129
fixed_test,18,4,6,"370407, ac370000, ac370419",6,0.89398620594602962,-0.0046443493590171414,129,129
fixed_test,18,4,6,"370407, ac370000, ac370419",7,0.89398620594602962,-0.022152344854945438,129,129
fixed_test,18,4,6,"370407, ac370000, ac370419",8,0.89398620594602962,-0.00030694206581538541,129,129
fixed_test,18,4,6,"370407, ac370000, ac370419",9,0.89398620594602962,-0.017804403892869636,129,129
fixed_test,18,4,6,"370407, ac370000, ac370419",10,0.89398620594602962,0.0039066893405275138,129,129
fixed_test,18,4,6,"370407, ac370000, ac370419",11,0.89398620594602962,-0.00030694206581538541,129,129
fixed_test,18,4,6,"370407, ac370000, ac370419",12,0.89398620594602962,-0.013459083680317563,129,129
fixed_test,18,4,6,"370407, ac370000, ac370419",13,0.89398620594602962,-0.017804403892869636,129,129
fixed_test,18,4,6,"370407, ac370000, ac370419",14,0.89398620594602962,-0.00016252586064957608,129,129
fixed_test,18,4,6,"370407, ac370000, ac370419",15,0.89398620594602962,-0.017804403892869636,129,129
fixed_test,18,4,6,"370407, ac370000, ac370419",16,0.89398620594602962,-0.018030206089937328,129,129
fixed_test,18,4,6,"370407, ac370000, ac370419",17,0.89398620594602962,-0.022381051314259048,129,129
fixed_test,18,4,6,"370407, ac370000, ac370419",18,0.89398620594602962,-0.022152344854945438,129,129
fixed_test,18,4,6,"370407, ac370000, ac370419",19,0.89398620594602962,-0.0091158463981616533,129,129
fixed_test,18,4,6,"370407, ac370000, ac370419",20,0.89398620594602962,0.0043302180500099929,129,129
fixed_test,18,4,6,"370407, ac370000, ac370419",21,0.89398620594602962,-0.017924750730507921,129,129
fixed_test,18,4,6,"370407, ac370000, ac370419",22,0.89398620594602962,-0.00030694206581538541,129,129
fixed_test,18,4,6,"370407, ac370000, ac370419",23,0.89398620594602962,-0.013324823886626924,129,129
fixed_test,18,4,6,"370407, ac370000, ac370419",24,0.89398620594602962,-0.013459083680317563,129,129
fixed_test,18,4,6,"370407, ac370000, ac370419",25,0.89398620594602962,-0.00030694206581538541,129,129
fixed_test,18,4,6,"370407, ac370000, ac370419",26,0.89398620594602962,-0.022273818001617651,129,129
fixed_test,18,4,6,"370407, ac370000, ac370419",27,0.89398620594602962,-0.0046443493590171414,129,129
fixed_test,18,4,6,"370407, ac370000, ac370419",28,0.89398620594602962,-0.0089834648767594949,129,129
fixed_test,18,4,6,"370407, ac370000, ac370419",29,0.89398620594602962,-0.0091158463981616533,129,129
fixed_test,18,4,7,"370407, ac370419",0,0.89398620594602962,-0.0044973029183085211,129,127
fixed_test,18,4,7,"370407, ac370419",1,0.89398620594602962,-0.0086686613106075061,129,129
fixed_test,18,4,7,"370407, ac370419",2,0.89398620594602962,-0.0044973029183085211,129,128
fixed_test,18,4,7,"370407, ac370419",3,0.89398620594602962,-0.017668965675661785,129,129
fixed_test,18,4,7,"370407, ac370419",4,0.89398620594602962,-0.013324823886626924,129,128
fixed_test,18,4,7,"370407, ac370419",5,0.89398620594602962,-0.017518218832731414,129,128
fixed_test,18,4,7,"370407, ac370419",6,0.89398620594602962,-0.022016433802536262,129,129
fixed_test,18,4,7,"370407, ac370419",7,0.89398620594602962,-0.0046443493590171414,129,129
fixed_test,18,4,7,"370407, ac370419",8,0.89398620594602962,-0.0088344828378309481,129,129
fixed_test,18,4,7,"370407, ac370419",9,0.89398620594602962,0,129,129
fixed_test,18,4,7,"370407, ac370419",10,0.89398620594602962,0.00018089621151640145,129,129
fixed_test,18,4,7,"370407, ac370419",11,0.89398620594602962,-0.013324823886626924,129,129
fixed_test,18,4,7,"370407, ac370419",12,0.89398620594602962,-0.017668965675661785,129,128
fixed_test,18,4,7,"370407, ac370419",13,0.89398620594602962,0.0083648702992722423,129,127
fixed_test,18,4,7,"370407, ac370419",14,0.89398620594602962,-0.0089834648767594949,129,127
fixed_test,18,4,7,"370407, ac370419",15,0.89398620594602962,-0.0091158463981616533,129,128
fixed_test,18,4,7,"370407, ac370419",16,0.89398620594602962,-0.0047741581058988736,129,129
fixed_test,18,4,7,"370407, ac370419",17,0.89398620594602962,-0.013324823886626924,129,129
fixed_test,18,4,7,"370407, ac370419",18,0.89398620594602962,-0.022016433802536262,129,129
fixed_test,18,4,7,"370407, ac370419",19,0.89398620594602962,-0.0043327790127607457,129,128
fixed_test,18,4,7,"370407, ac370419",20,0.89398620594602962,-0.013324823886626924,129,128
fixed_test,18,4,7,"370407, ac370419",21,0.89398620594602962,-0.0043327790127607457,129,128
fixed_test,18,4,7,"370407, ac370419",22,0.89398620594602962,-0.035446281925089806,129,128
fixed_test,18,4,7,"370407, ac370419",23,0.89398620594602962,-0.0088344828378309481,129,129
fixed_test,18,4,7,"370407, ac370419",24,0.89398620594602962,-0.013174606407648448,129,129
fixed_test,18,4,7,"370407, ac370419",25,0.89398620594602962,-0.0089834648767594949,129,129
fixed_test,18,4,7,"370407, ac370419",26,0.89398620594602962,-0.0086686613106075061,129,128
fixed_test,18,4,7,"370407, ac370419",27,0.89398620594602962,-0.013577604710078961,129,129
fixed_test,18,4,7,"370407, ac370419",28,0.89398620594602962,-0.0046443493590171414,129,129
fixed_test,18,4,7,"370407, ac370419",29,0.89398620594602962,-0.0047741581058988736,129,129
fixed_test,18,4,8,"ac370442, ac370443",0,0.89398620594602962,0.0045090483821270677,127,127
fixed_test,18,4,8,"ac370442, ac370443",1,0.89398620594602962,-0.0044973029183085211,127,127
fixed_test,18,4,8,"ac370442, ac370443",2,0.89398620594602962,-0.0089834648767594949,127,127
fixed_test,18,4,8,"ac370442, ac370443",3,0.89398620594602962,-0.013459083680317563,127,126
fixed_test,18,4,8,"ac370442, ac370443",4,0.89398620594602962,-0.022152344854945438,127,127
fixed_test,18,4,8,"ac370442, ac370443",5,0.89398620594602962,-0.017518218832731414,127,127
fixed_test,18,4,8,"ac370442, ac370443",6,0.89398620594602962,-0.013174606407648448,127,126
fixed_test,18,4,8,"ac370442, ac370443",7,0.89398620594602962,-0.0046443493590171414,127,127
fixed_test,18,4,8,"ac370442, ac370443",8,0.89398620594602962,-0.00030694206581538541,127,127
fixed_test,18,4,8,"ac370442, ac370443",9,0.89398620594602962,-0.017804403892869636,127,126
fixed_test,18,4,8,"ac370442, ac370443",10,0.89398620594602962,-0.0088344828378309481,127,127
fixed_test,18,4,8,"ac370442, ac370443",11,0.89398620594602962,0.0040292884982815469,127,126
fixed_test,18,4,8,"ac370442, ac370443",12,0.89398620594602962,0,127,126
fixed_test,18,4,8,"ac370442, ac370443",13,0.89398620594602962,0.0085019622665308825,127,126
fixed_test,18,4,8,"ac370442, ac370443",14,0.89398620594602962,0.0039066893405275138,127,127
fixed_test,18,4,8,"ac370442, ac370443",15,0.89398620594602962,-0.013324823886626924,127,127
fixed_test,18,4,8,"ac370442, ac370443",16,0.89398620594602962,-0.0089834648767594949,127,127
fixed_test,18,4,8,"ac370442, ac370443",17,0.89398620594602962,-0.022016433802536262,127,127
fixed_test,18,4,8,"ac370442, ac370443",18,0.89398620594602962,-0.0088344828378309481,127,127
fixed_test,18,4,8,"ac370442, ac370443",19,0.89398620594602962,0,127,125
fixed_test,18,4,8,"ac370442, ac370443",20,0.89398620594602962,-0.0088344828378309481,127,126
fixed_test,18,4,8,"ac370442, ac370443",21,0.89398620594602962,-0.0091158463981616533,127,127
fixed_test,18,4,8,"ac370442, ac370443",22,0.89398620594602962,-0.017804403892869636,127,127
fixed_test,18,4,8,"ac370442, ac370443",23,0.89398620594602962,-0.0088344828378309481,127,126
fixed_test,18,4,8,"ac370442, ac370443",24,0.89398620594602962,-0.0046443493590171414,127,126
fixed_test,18,4,8,"ac370442, ac370443",25,0.89398620594602962,-0.017924750730507921,127,127
fixed_test,18,4,8,"ac370442, ac370443",26,0.89398620594602962,-0.013324823886626924,127,127
fixed_test,18,4,8,"ac370442, ac370443",27,0.89398620594602962,0.0085019622665308825,127,127
fixed_test,18,4,8,"ac370442, ac370443",28,0.89398620594602962,-0.017804403892869636,127,127
fixed_test,18,4,8,"ac370442, ac370443",29,0.89398620594602962,0,127,127
fixed_test,18,4,9,"ac370000, ac370419, ac370442",0,0.89398620594602962,-0.0089834648767594949,127,127
fixed_test,18,4,9,"ac370000, ac370419, ac370442",1,0.89398620594602962,-0.0047741581058988736,127,127
fixed_test,18,4,9,"ac370000, ac370419, ac370442",2,0.89398620594602962,0.0038023687678323537,127,127
fixed_test,18,4,9,"ac370000, ac370419, ac370442",3,0.89398620594602962,-0.0047741581058988736,127,127
fixed_test,18,4,9,"ac370000, ac370419, ac370442",4,0.89398620594602962,-0.0047741581058988736,127,127
fixed_test,18,4,9,"ac370000, ac370419, ac370442",5,0.89398620594602962,-0.00043348849713098492,127,127
fixed_test,18,4,9,"ac370000, ac370419, ac370442",6,0.89398620594602962,-0.00043348849713098492,127,127
fixed_test,18,4,9,"ac370000, ac370419, ac370442",7,0.89398620594602962,-0.022152344854945438,127,127
fixed_test,18,4,9,"ac370000, ac370419, ac370442",8,0.89398620594602962,0.0040292884982815469,127,127
fixed_test,18,4,9,"ac370000, ac370419, ac370442",9,0.89398620594602962,0.0039066893405275138,127,127
fixed_test,18,4,9,"ac370000, ac370419, ac370442",10,0.89398620594602962,-0.00016252586064957608,127,127
fixed_test,18,4,9,"ac370000, ac370419, ac370442",11,0.89398620594602962,-0.017804403892869636,127,127
fixed_test,18,4,9,"ac370000, ac370419, ac370442",12,0.89398620594602962,0.0085019622665308825,127,127
fixed_test,18,4,9,"ac370000, ac370419, ac370442",13,0.89398620594602962,-0.022152344854945438,127,127
fixed_test,18,4,9,"ac370000, ac370419, ac370442",14,0.89398620594602962,-0.0046443493590171414,127,127
fixed_test,18,4,9,"ac370000, ac370419, ac370442",15,0.89398620594602962,-0.00043348849713098492,127,127
fixed_test,18,4,9,"ac370000, ac370419, ac370442",16,0.89398620594602962,-0.013577604710078961,127,127
fixed_test,18,4,9,"ac370000, ac370419, ac370442",17,0.89398620594602962,-0.031184497918439136,127,127
fixed_test,18,4,9,"ac370000, ac370419, ac370442",18,0.89398620594602962,0.021372954819320777,127,127
fixed_test,18,4,9,"ac370000, ac370419, ac370442",19,0.89398620594602962,-0.00030694206581538541,127,127
fixed_test,18,4,9,"ac370000, ac370419, ac370442",20,0.89398620594602962,0.017036183254856452,127,127
fixed_test,18,4,9,"ac370000, ac370419, ac370442",21,0.89398620594602962,-0.0046443493590171414,127,127
fixed_test,18,4,9,"ac370000, ac370419, ac370442",22,0.89398620594602962,-0.0044973029183085211,127,127
fixed_test,18,4,9,"ac370000, ac370419, ac370442",23,0.89398620594602962,-0.0091158463981616533,127,127
fixed_test,18,4,9,"ac370000, ac370419, ac370442",24,0.89398620594602962,-0.013324823886626924,127,127
fixed_test,18,4,9,"ac370000, ac370419, ac370442",25,0.89398620594602962,0.0083648702992722423,127,127
fixed_test,18,4,9,"ac370000, ac370419, ac370442",26,0.89398620594602962,-0.0046443493590171414,127,127
fixed_test,18,4,9,"ac370000, ac370419, ac370442",27,0.89398620594602962,-0.017924750730507921,127,127
fixed_test,18,4,9,"ac370000, ac370419, ac370442",28,0.89398620594602962,0.0082468991613687814,127,127
fixed_test,18,4,9,"ac370000, ac370419, ac370442",29,0.89398620594602962,0.0039066893405275138,127,127
fixed_train,18,4,0,"370407, ac370000",0,0.99115044247787609,0.038685066599082552,529,523
fixed_train,18,4,0,"370407, ac370000",1,0.99115044247787609,0.037589819226987453,529,526
fixed_train,18,4,0,"370407, ac370000",2,0.99115044247787609,0.032034676697664688,529,527
fixed_train,18,4,0,"370407, ac370000",3,0.99115044247787609,0.029894056428218518,529,525
fixed_train,18,4,0,"370407, ac370000",4,0.99115044247787609,0.031010425496845406,529,527
fixed_train,18,4,0,"370407, ac370000",5,0.99115044247787609,0.036514764337243988,529,525
fixed_train,18,4,0,"370407, ac370000",6,0.99115044247787609,0.028778314172913433,529,528
fixed_train,18,4,0,"370407, ac370000",7,0.99115044247787609,0.036454593910614896,529,526
fixed_train,18,4,0,"370407, ac370000",8,0.99115044247787609,0.038706101107940372,529,527
fixed_train,18,4,0,"370407, ac370000",9,0.99115044247787609,0.038727658086481598,529,526
fixed_train,18,4,0,"370407, ac370000",10,0.99115044247787609,0.037610619469026552,529,527
fixed_train,18,4,0,"370407, ac370000",11,0.99115044247787609,0.037549744717042199,529,526
fixed_train,18,4,0,"370407, ac370000",12,0.99115044247787609,0.026564909955558269,529,526
fixed_train,18,4,0,"370407, ac370000",13,0.99115044247787609,0.040963660414030767,529,527
fixed_train,18,4,0,"370407, ac370000",14,0.99115044247787609,0.037549744717042199,529,527
fixed_train,18,4,0,"370407, ac370000",15,0.99115044247787609,0.039845335259689141,529,527
fixed_train,18,4,0,"370407, ac370000",16,0.99115044247787609,0.036535818819705801,529,528
fixed_train,18,4,0,"370407, ac370000",17,0.99115044247787609,0.033205122607623649,529,527
fixed_train,18,4,0,"370407, ac370000",18,0.99115044247787609,0.037569528301738209,529,524
fixed_train,18,4,0,"370407, ac370000",19,0.99115044247787609,0.030973451327433565,529,528
fixed_train,18,4,0,"370407, ac370000",20,0.99115044247787609,0.033205122607623649,529,524
fixed_train,18,4,0,"370407, ac370000",21,0.99115044247787609,0.033185840707964598,529,527
fixed_train,18,4,0,"370407, ac370000",22,0.99115044247787609,0.030991718390268486,529,529
fixed_train,18,4,0,"370407, ac370000",23,0.99115044247787609,0.039779960960017346,529,526
fixed_train,18,4,0,"370407, ac370000",24,0.99115044247787609,0.040874511123564883,529,527
fixed_train,18,4,0,"370407, ac370000",25,0.99115044247787609,0.0353784203341726,529,528
fixed_train,18,4,0,"370407, ac370000",26,0.99115044247787609,0.040917992207013087,529,527
fixed_train,18,4,0,"370407, ac370000",27,0.99115044247787609,0.043106892098729532,529,527
fixed_train,18,4,0,"370407, ac370000",28,0.99115044247787609,0.036494210008867545,529,526
fixed_train,18,4,0,"370407, ac370000",29,0.99115044247787609,0.030955622548542894,529,525
fixed_train,18,4,1,"ac370000, ac370419",0,0.99115044247787609,0.031089690733843378,519,519
fixed_train,18,4,1,"ac370000, ac370419",1,0.99115044247787609,0.042082643002114617,519,518
fixed_train,18,4,1,"ac370000, ac370419",2,0.99115044247787609,0.042183926360500612,519,516
fixed_train,18,4,1,"ac370000, ac370419",3,0.99115044247787609,0.033286914219578412,519,518
fixed_train,18,4,1,"ac370000, ac370419",4,0.99115044247787609,0.035550645989393392,519,519
fixed_train,18,4,1,"ac370000, ac370419",5,0.99115044247787609,0.035460589102897844,519,515
fixed_train,18,4,1,"ac370000, ac370419",6,0.99115044247787609,0.034301870588006489,519,518
fixed_train,18,4,1,"ac370000, ac370419",7,0.99115044247787609,0.035439312498953157,519,515
fixed_train,18,4,1,"ac370000, ac370419",8,0.99115044247787609,0.036579436377974339,519,517
fixed_train,18,4,1,"ac370000, ac370419",9,0.99115044247787609,0.027680135631056091,519,515
fixed_train,18,4,1,"ac370000, ac370419",10,0.99115044247787609,0.038843354299313071,519,518
fixed_train,18,4,1,"ac370000, ac370419",11,0.99115044247787609,0.037698954476262259,519,517
fixed_train,18,4,1,"ac370000, ac370419",12,0.99115044247787609,0.033224868997899337,519,517
fixed_train,18,4,1,"ac370000, ac370419",13,0.99115044247787609,0.033308537859174647,519,515
fixed_train,18,4,1,"ac370000, ac370419",14,0.99115044247787609,0.03106920518054157,519,513
fixed_train,18,4,1,"ac370000, ac370419",15,0.99115044247787609,0.038644556858105306,519,515
fixed_train,18,4,1,"ac370000, ac370419",16,0.99115044247787609,0.036535818819705801,519,515
fixed_train,18,4,1,"ac370000, ac370419",17,0.99115044247787609,0.031049167047921378,519,516
fixed_train,18,4,1,"ac370000, ac370419",18,0.99115044247787609,0.038795484860906004,519,514
fixed_train,18,4,1,"ac370000, ac370419",19,0.99115044247787609,0.038772347820998809,519,515
fixed_train,18,4,1,"ac370000, ac370419",20,0.99115044247787609,0.035482358666815372,519,514
fixed_train,18,4,1,"ac370000, ac370419",21,0.99115044247787609,0.034429240179905229,519,518
fixed_train,18,4,1,"ac370000, ac370419",22,0.99115044247787609,0.036648665703086336,519,516
fixed_train,18,4,1,"ac370000, ac370419",23,0.99115044247787609,0.034363387895042785,519,516
fixed_train,18,4,1,"ac370000, ac370419",24,0.99115044247787609,0.036602003615384682,519,517
fixed_train,18,4,1,"ac370000, ac370419",25,0.99115044247787609,0.036602003615384682,519,515
fixed_train,18,4,1,"ac370000, ac370419",26,0.99115044247787609,0.037653756000006977,519,517
fixed_train,18,4,1,"ac370000, ac370419",27,0.99115044247787609,0.034384854291603872,519,516
fixed_train,18,4,1,"ac370000, ac370419",28,0.99115044247787609,0.031010425496845406,519,515
fixed_train,18,4,1,"ac370000, ac370419",29,0.99115044247787609,0.032127430796377032,519,511
fixed_train,18,4,2,"ac370000, ac370443",0,0.99115044247787609,0.032088976838769212,508,505
fixed_train,18,4,2,"ac370000, ac370443",1,0.99115044247787609,0.03214733941211112,508,505
fixed_train,18,4,2,"ac370000, ac370443",2,0.99115044247787609,0.036535818819705801,508,504
fixed_train,18,4,2,"ac370000, ac370443",3,0.99115044247787609,0.032034676697664688,508,504
fixed_train,18,4,2,"ac370000, ac370443",4,0.99115044247787609,0.033265762857368375,508,505
fixed_train,18,4,2,"ac370000, ac370443",5,0.99115044247787609,0.03214733941211112,508,506
fixed_train,18,4,2,"ac370000, ac370443",6,0.99115044247787609,0.033245081771646756,508,506
fixed_train,18,4,2,"ac370000, ac370443",7,0.99115044247787609,0.03106920518054157,508,506
fixed_train,18,4,2,"ac370000, ac370443",8,0.99115044247787609,0.044297086503168659,508,505
fixed_train,18,4,2,"ac370000, ac370443",9,0.99115044247787609,0.026615975429027494,508,503
fixed_train,18,4,2,"ac370000, ac370443",10,0.99115044247787609,0.033224868997899337,508,504
fixed_train,18,4,2,"ac370000, ac370443",11,0.99115044247787609,0.029950555644041921,508,505
fixed_train,18,4,2,"ac370000, ac370443",12,0.99115044247787609,0.028761061946902644,508,504
fixed_train,18,4,2,"ac370000, ac370443",13,0.99115044247787609,0.039940041336689269,508,506
fixed_train,18,4,2,"ac370000, ac370443",14,0.99115044247787609,0.02999038913354346,508,506
fixed_train,18,4,2,"ac370000, ac370443",15,0.99115044247787609,0.037676096434148931,508,504
fixed_train,18,4,2,"ac370000, ac370443",16,0.99115044247787609,0.036535818819705801,508,506
fixed_train,18,4,2,"ac370000, ac370443",17,0.99115044247787609,0.036625079330874,508,508
fixed_train,18,4,2,"ac370000, ac370443",18,0.99115044247787609,0.045498179204629619,508,508
fixed_train,18,4,2,"ac370000, ac370443",19,0.99115044247787609,0.039845335259689141,508,506
fixed_train,18,4,2,"ac370000, ac370443",20,0.99115044247787609,0.032107977225380946,508,503
fixed_train,18,4,2,"ac370000, ac370443",21,0.99115044247787609,0.040940551835718875,508,506
fixed_train,18,4,2,"ac370000, ac370443",22,0.99115044247787609,0.034342403137917699,508,506
fixed_train,18,4,2,"ac370000, ac370443",23,0.99115044247787609,0.037676096434148931,508,506
fixed_train,18,4,2,"ac370000, ac370443",24,0.99115044247787609,0.031049167047921378,508,505
fixed_train,18,4,2,"ac370000, ac370443",25,0.99115044247787609,0.031049167047921378,508,507
fixed_train,18,4,2,"ac370000, ac370443",26,0.99115044247787609,0.029858536711649175,508,504
fixed_train,18,4,2,"ac370000, ac370443",27,0.99115044247787609,0.036535818819705801,508,506
fixed_train,18,4,2,"ac370000, ac370443",28,0.99115044247787609,0.033265762857368375,508,507
fixed_train,18,4,2,"ac370000, ac370443",29,0.99115044247787609,0.040963660414030767,508,508
fixed_train,18,4,3,"ac370000, ac370419, ac370443",0,0.99115044247787609,0.044156184256912812,506,506
fixed_train,18,4,3,"ac370000, ac370419, ac370443",1,0.99115044247787609,0.045391502008355511,506,506
fixed_train,18,4,3,"ac370000, ac370419, ac370443",2,0.99115044247787609,0.03866455251708989,506,506
fixed_train,18,4,3,"ac370000, ac370419, ac370443",3,0.99115044247787609,0.042107111096650884,506,505
fixed_train,18,4,3,"ac370000, ac370419, ac370443",4,0.99115044247787609,0.04320229250407992,506,504
fixed_train,18,4,3,"ac370000, ac370419, ac370443",5,0.99115044247787609,0.044224015905431679,506,506
fixed_train,18,4,3,"ac370000, ac370419, ac370443",6,0.99115044247787609,0.039823008849557473,506,506
fixed_train,18,4,3,"ac370000, ac370419, ac370443",7,0.99115044247787609,0.038772347820998809,506,505
fixed_train,18,4,3,"ac370000, ac370419, ac370443",8,0.99115044247787609,0.049765556603304062,506,505
fixed_train,18,4,3,"ac370000, ac370419, ac370443",9,0.99115044247787609,0.039759235299859585,506,506
fixed_train,18,4,3,"ac370000, ac370419, ac370443",10,0.99115044247787609,0.04973963034820017,506,506
fixed_train,18,4,3,"ac370000, ac370419, ac370443",11,0.99115044247787609,0.034321898022543373,506,505
fixed_train,18,4,3,"ac370000, ac370419, ac370443",12,0.99115044247787609,0.036474153849258895,506,506
fixed_train,18,4,3,"ac370000, ac370419, ac370443",13,0.99115044247787609,0.034301870588006489,506,506
fixed_train,18,4,3,"ac370000, ac370419, ac370443",14,0.99115044247787609,0.037631931042333866,506,506
fixed_train,18,4,3,"ac370000, ac370419, ac370443",15,0.99115044247787609,0.040963660414030767,506,506
fixed_train,18,4,3,"ac370000, ac370419, ac370443",16,0.99115044247787609,0.039845335259689141,506,505
fixed_train,18,4,3,"ac370000, ac370419, ac370443",17,0.99115044247787609,0.047528717598376846,506,506
fixed_train,18,4,3,"ac370000, ac370419, ac370443",18,0.99115044247787609,0.039823008849557473,506,506
fixed_train,18,4,3,"ac370000, ac370419, ac370443",19,0.99115044247787609,0.037631931042333866,506,506
fixed_train,18,4,3,"ac370000, ac370419, ac370443",20,0.99115044247787609,0.044247787610619427,506,506
fixed_train,18,4,3,"ac370000, ac370419, ac370443",21,0.99115044247787609,0.04534177440515863,506,506
fixed_train,18,4,3,"ac370000, ac370419, ac370443",22,0.99115044247787609,0.048698952129109685,506,506
fixed_train,18,4,3,"ac370000, ac370419, ac370443",23,0.99115044247787609,0.04534177440515863,506,506
fixed_train,18,4,3,"ac370000, ac370419, ac370443",24,0.99115044247787609,0.044224015905431679,506,506
fixed_train,18,4,3,"ac370000, ac370419, ac370443",25,0.99115044247787609,0.04534177440515863,506,506
fixed_train,18,4,3,"ac370000, ac370419, ac370443",26,0.99115044247787609,0.038685066599082552,506,506
fixed_train,18,4,3,"ac370000, ac370419, ac370443",27,0.99115044247787609,0.04534177440515863,506,506
fixed_train,18,4,3,"ac370000, ac370419, ac370443",28,0.99115044247787609,0.044200826276575733,506,506
fixed_train,18,4,3,"ac370000, ac370419, ac370443",29,0.99115044247787609,0.043153445584956485,506,506
fixed_train,18,4,4,"ac370419, ac370443",0,0.99115044247787609,0.025419590100141165,506,506
fixed_train,18,4,4,"ac370419, ac370443",1,0.99115044247787609,0.023222863414431139,506,506
fixed_train,18,4,4,"ac370419, ac370443",2,0.99115044247787609,0.027663189340294325,506,506
fixed_train,18,4,4,"ac370419, ac370443",3,0.99115044247787609,0.024321425870098334,506,504
fixed_train,18,4,4,"ac370419, ac370443",4,0.99115044247787609,0.02651736501034252,506,504
fixed_train,18,4,4,"ac370419, ac370443",5,0.99115044247787609,0.026564909955558269,506,506
fixed_train,18,4,4,"ac370419, ac370443",6,0.99115044247787609,0.021024508092581606,506,503
fixed_train,18,4,4,"ac370419, ac370443",7,0.99115044247787609,0.019911504424778736,506,506
fixed_train,18,4,4,"ac370419, ac370443",8,0.99115044247787609,0.023222863414431139,506,505
fixed_train,18,4,4,"ac370419, ac370443",9,0.99115044247787609,0.018824452442406381,506,506
fixed_train,18,4,4,"ac370419, ac370443",10,0.99115044247787609,0.026548672566371723,506,504
fixed_train,18,4,4,"ac370419, ac370443",11,0.99115044247787609,0.023237401841819327,506,505
fixed_train,18,4,4,"ac370419, ac370443",12,0.99115044247787609,0.026564909955558269,506,503
fixed_train,18,4,4,"ac370419, ac370443",13,0.99115044247787609,0.024367094993683946,506,505
fixed_train,18,4,4,"ac370419, ac370443",14,0.99115044247787609,0.027680135631056091,506,506
fixed_train,18,4,4,"ac370419, ac370443",15,0.99115044247787609,0.024351505738203105,506,506
fixed_train,18,4,4,"ac370419, ac370443",16,0.99115044247787609,0.027630502849964822,506,505
fixed_train,18,4,4,"ac370419, ac370443",17,0.99115044247787609,0.026502291802955047,506,505
fixed_train,18,4,4,"ac370419, ac370443",18,0.99115044247787609,0.026633787102467443,506,506
fixed_train,18,4,4,"ac370419, ac370443",19,0.99115044247787609,0.018824452442406381,506,504
fixed_train,18,4,4,"ac370419, ac370443",20,0.99115044247787609,0.028711782385772544,506,505
fixed_train,18,4,4,"ac370419, ac370443",21,0.99115044247787609,0.029841415599788257,506,504
fixed_train,18,4,4,"ac370419, ac370443",22,0.99115044247787609,0.022152651492629905,506,505
fixed_train,18,4,4,"ac370419, ac370443",23,0.99115044247787609,0.022167545115391318,506,506
fixed_train,18,4,4,"ac370419, ac370443",24,0.99115044247787609,0.023252294036731236,506,505
fixed_train,18,4,4,"ac370419, ac370443",25,0.99115044247787609,0.024351505738203105,506,506
fixed_train,18,4,4,"ac370419, ac370443",26,0.99115044247787609,0.025434754513503743,506,502
fixed_train,18,4,4,"ac370419, ac370443",27,0.99115044247787609,0.02433628318584069,506,502
fixed_train,18,4,4,"ac370419, ac370443",28,0.99115044247787609,0.023222863414431139,506,502
fixed_train,18,4,4,"ac370419, ac370443",29,0.99115044247787609,0.032070427810722002,506,505
fixed_train,18,4,5,"ac370000, ac370442",0,0.99115044247787609,0.035418526824978813,504,502
fixed_train,18,4,5,"ac370000, ac370442",1,0.99115044247787609,0.036454593910614896,504,498
fixed_train,18,4,5,"ac370000, ac370442",2,0.99115044247787609,0.033245081771646756,504,503
fixed_train,18,4,5,"ac370000, ac370442",3,0.99115044247787609,0.035418526824978813,504,502
fixed_train,18,4,5,"ac370000, ac370442",4,0.99115044247787609,0.039823008849557473,504,498
fixed_train,18,4,5,"ac370000, ac370442",5,0.99115044247787609,0.035398230088495519,504,502
fixed_train,18,4,5,"ac370000, ac370442",6,0.99115044247787609,0.045271642585579142,504,501
fixed_train,18,4,5,"ac370000, ac370442",7,0.99115044247787609,0.040963660414030767,504,504
fixed_train,18,4,5,"ac370000, ac370442",8,0.99115044247787609,0.034342403137917699,504,499
fixed_train,18,4,5,"ac370000, ac370442",9,0.99115044247787609,0.033185840707964598,504,503
fixed_train,18,4,5,"ac370000, ac370442",10,0.99115044247787609,0.037610619469026552,504,502
fixed_train,18,4,5,"ac370000, ac370442",11,0.99115044247787609,0.032088976838769212,504,502
fixed_train,18,4,5,"ac370000, ac370442",12,0.99115044247787609,0.037569528301738209,504,500
fixed_train,18,4,5,"ac370000, ac370442",13,0.99115044247787609,0.034342403137917699,504,504
fixed_train,18,4,5,"ac370000, ac370442",14,0.99115044247787609,0.032088976838769212,504,503
fixed_train,18,4,5,"ac370000, ac370442",15,0.99115044247787609,0.038706101107940372,504,502
fixed_train,18,4,5,"ac370000, ac370442",16,0.99115044247787609,0.039759235299859585,504,500
fixed_train,18,4,5,"ac370000, ac370442",17,0.99115044247787609,0.035398230088495519,504,501
fixed_train,18,4,5,"ac370000, ac370442",18,0.99115044247787609,0.033224868997899337,504,503
fixed_train,18,4,5,"ac370000, ac370442",19,0.99115044247787609,0.038685066599082552,504,503
fixed_train,18,4,5,"ac370000, ac370442",20,0.99115044247787609,0.039891603765399797,504,502
fixed_train,18,4,5,"ac370000, ac370442",21,0.99115044247787609,0.034282318909794829,504,500
fixed_train,18,4,5,"ac370000, ac370442",22,0.99115044247787609,0.030973451327433565,504,500
fixed_train,18,4,5,"ac370000, ac370442",23,0.99115044247787609,0.039823008849557473,504,503
fixed_train,18,4,5,"ac370000, ac370442",24,0.99115044247787609,0.032088976838769212,504,504
fixed_train,18,4,5,"ac370000, ac370442",25,0.99115044247787609,0.030955622548542894,504,503
fixed_train,18,4,5,"ac370000, ac370442",26,0.99115044247787609,0.036494210008867545,504,499
fixed_train,18,4,5,"ac370000, ac370442",27,0.99115044247787609,0.034301870588006489,504,502
fixed_train,18,4,5,"ac370000, ac370442",28,0.99115044247787609,0.040917992207013087,504,500
fixed_train,18,4,5,"ac370000, ac370442",29,0.99115044247787609,0.044297086503168659,504,501
fixed_train,18,4,6,"370407, ac370000, ac370419",0,0.99115044247787609,0.046411258934854871,503,503
fixed_train,18,4,6,"370407, ac370000, ac370419",1,0.99115044247787609,0.049689699737228366,503,503
fixed_train,18,4,6,"370407, ac370000, ac370419",2,0.99115044247787609,0.038625077656857632,503,503
fixed_train,18,4,6,"370407, ac370000, ac370419",3,0.99115044247787609,0.028778314172913433,503,503
fixed_train,18,4,6,"370407, ac370000, ac370419",4,0.99115044247787609,0.042012617012617048,503,503
fixed_train,18,4,6,"370407, ac370000, ac370419",5,0.99115044247787609,0.040874511123564883,503,501
fixed_train,18,4,6,"370407, ac370000, ac370419",6,0.99115044247787609,0.037569528301738209,503,503
fixed_train,18,4,6,"370407, ac370000, ac370419",7,0.99115044247787609,0.043084469730039876,503,503
fixed_train,18,4,6,"370407, ac370000, ac370419",8,0.99115044247787609,0.038685066599082552,503,503
fixed_train,18,4,6,"370407, ac370000, ac370419",9,0.99115044247787609,0.044224015905431679,503,503
fixed_train,18,4,6,"370407, ac370000, ac370419",10,0.99115044247787609,0.046342406020111082,503,503
fixed_train,18,4,6,"370407, ac370000, ac370419",11,0.99115044247787609,0.041990393618296595,503,503
fixed_train,18,4,6,"370407, ac370000, ac370419",12,0.99115044247787609,0.035321893960406858,503,503
fixed_train,18,4,6,"370407, ac370000, ac370419",13,0.99115044247787609,0.043106892098729532,503,503
fixed_train,18,4,6,"370407, ac370000, ac370419",14,0.99115044247787609,0.038685066599082552,503,503
fixed_train,18,4,6,"370407, ac370000, ac370419",15,0.99115044247787609,0.036435528282280472,503,502
fixed_train,18,4,6,"370407, ac370000, ac370419",16,0.99115044247787609,0.045317804848553189,503,503
fixed_train,18,4,6,"370407, ac370000, ac370419",17,0.99115044247787609,0.040794043212075026,503,503
fixed_train,18,4,6,"370407, ac370000, ac370419",18,0.99115044247787609,0.037530466534533291,503,503
fixed_train,18,4,6,"370407, ac370000, ac370419",19,0.99115044247787609,0.037530466534533291,503,503
fixed_train,18,4,6,"370407, ac370000, ac370419",20,0.99115044247787609,0.041968725882677194,503,503
fixed_train,18,4,6,"370407, ac370000, ac370419",21,0.99115044247787609,0.043106892098729532,503,503
fixed_train,18,4,6,"370407, ac370000, ac370419",22,0.99115044247787609,0.035269683524630224,503,503
fixed_train,18,4,6,"370407, ac370000, ac370419",23,0.99115044247787609,0.045249445356250306,503,502
fixed_train,18,4,6,"370407, ac370000, ac370419",24,0.99115044247787609,0.033167021441357747,503,503
fixed_train,18,4,6,"370407, ac370000, ac370419",25,0.99115044247787609,0.044178216465494691,503,503
fixed_train,18,4,6,"370407, ac370000, ac370419",26,0.99115044247787609,0.045271642585579142,503,503
fixed_train,18,4,6,"370407, ac370000, ac370419",27,0.99115044247787609,0.043129883306085914,503,503
fixed_train,18,4,6,"370407, ac370000, ac370419",28,0.99115044247787609,0.043129883306085914,503,503
fixed_train,18,4,6,"370407, ac370000, ac370419",29,0.99115044247787609,0.039801218119802195,503,503
fixed_train,18,4,7,"370407, ac370419",0,0.99115044247787609,0.023222863414431139,503,501
fixed_train,18,4,7,"370407, ac370419",1,0.99115044247787609,0.025482513771755255,503,503
fixed_train,18,4,7,"370407, ac370419",2,0.99115044247787609,0.025482513771755255,503,502
fixed_train,18,4,7,"370407, ac370419",3,0.99115044247787609,0.023208677350317619,503,502
fixed_train,18,4,7,"370407, ac370419",4,0.99115044247787609,0.030973451327433565,503,502
fixed_train,18,4,7,"370407, ac370419",5,0.99115044247787609,0.025482513771755255,503,503
fixed_train,18,4,7,"370407, ac370419",6,0.99115044247787609,0.019898628084468739,503,502
fixed_train,18,4,7,"370407, ac370419",7,0.99115044247787609,0.027630502849964822,503,503
fixed_train,18,4,7,"370407, ac370419",8,0.99115044247787609,0.02429280122013755,503,500
fixed_train,18,4,7,"370407, ac370419",9,0.99115044247787609,0.027630502849964822,503,502
fixed_train,18,4,7,"370407, ac370419",10,0.99115044247787609,0.027630502849964822,503,501
fixed_train,18,4,7,"370407, ac370419",11,0.99115044247787609,0.02651736501034252,503,503
fixed_train,18,4,7,"370407, ac370419",12,0.99115044247787609,0.016622624405592923,503,502
fixed_train,18,4,7,"370407, ac370419",13,0.99115044247787609,0.02433628318584069,503,503
fixed_train,18,4,7,"370407, ac370419",14,0.99115044247787609,0.018824452442406381,503,503
fixed_train,18,4,7,"370407, ac370419",15,0.99115044247787609,0.021024508092581606,503,502
fixed_train,18,4,7,"370407, ac370419",16,0.99115044247787609,0.023267541430214589,503,503
fixed_train,18,4,7,"370407, ac370419",17,0.99115044247787609,0.025434754513503743,503,502
fixed_train,18,4,7,"370407, ac370419",18,0.99115044247787609,0.019886067035505106,503,500
fixed_train,18,4,7,"370407, ac370419",19,0.99115044247787609,0.019911504424778736,503,503
fixed_train,18,4,7,"370407, ac370419",20,0.99115044247787609,0.029841415599788257,503,502
fixed_train,18,4,7,"370407, ac370419",21,0.99115044247787609,0.025499193963316236,503,501
fixed_train,18,4,7,"370407, ac370419",22,0.99115044247787609,0.025419590100141165,503,501
fixed_train,18,4,7,"370407, ac370419",23,0.99115044247787609,0.026548672566371723,503,503
fixed_train,18,4,7,"370407, ac370419",24,0.99115044247787609,0.023222863414431139,503,503
fixed_train,18,4,7,"370407, ac370419",25,0.99115044247787609,0.018824452442406381,503,502
fixed_train,18,4,7,"370407, ac370419",26,0.99115044247787609,0.025434754513503743,503,501
fixed_train,18,4,7,"370407, ac370419",27,0.99115044247787609,0.019898628084468739,503,501
fixed_train,18,4,7,"370407, ac370419",28,0.99115044247787609,0.023222863414431139,503,502
fixed_train,18,4,7,"370407, ac370419",29,0.99115044247787609,0.022138101520847941,503,503
fixed_train,18,4,8,"ac370442, ac370443",0,0.99115044247787609,0.019952037784140231,502,499
fixed_train,18,4,8,"ac370442, ac370443",1,0.99115044247787609,0.026532824762913187,502,500
fixed_train,18,4,8,"ac370442, ac370443",2,0.99115044247787609,0.026581538494737766,502,500
fixed_train,18,4,8,"ac370442, ac370443",3,0.99115044247787609,0.025434754513503743,502,502
fixed_train,18,4,8,"ac370442, ac370443",4,0.99115044247787609,0.02433628318584069,502,499
fixed_train,18,4,8,"ac370442, ac370443",5,0.99115044247787609,0.025450295591056715,502,502
fixed_train,18,4,8,"ac370442, ac370443",6,0.99115044247787609,0.021024508092581606,502,499
fixed_train,18,4,8,"ac370442, ac370443",7,0.99115044247787609,0.022152651492629905,502,501
fixed_train,18,4,8,"ac370442, ac370443",8,0.99115044247787609,0.022152651492629905,502,495
fixed_train,18,4,8,"ac370442, ac370443",9,0.99115044247787609,0.019924697303492778,502,496
fixed_train,18,4,8,"ac370442, ac370443",10,0.99115044247787609,0.022138101520847941,502,499
fixed_train,18,4,8,"ac370442, ac370443",11,0.99115044247787609,0.030938230326900795,502,499
fixed_train,18,4,8,"ac370442, ac370443",12,0.99115044247787609,0.02433628318584069,502,499
fixed_train,18,4,8,"ac370442, ac370443",13,0.99115044247787609,0.027646645612576459,502,501
fixed_train,18,4,8,"ac370442, ac370443",14,0.99115044247787609,0.025419590100141165,502,501
fixed_train,18,4,8,"ac370442, ac370443",15,0.99115044247787609,0.02433628318584069,502,500
fixed_train,18,4,8,"ac370442, ac370443",16,0.99115044247787609,0.022123893805309769,502,500
fixed_train,18,4,8,"ac370442, ac370443",17,0.99115044247787609,0.022152651492629905,502,501
fixed_train,18,4,8,"ac370442, ac370443",18,0.99115044247787609,0.02433628318584069,502,501
fixed_train,18,4,8,"ac370442, ac370443",19,0.99115044247787609,0.034226499706455971,502,500
fixed_train,18,4,8,"ac370442, ac370443",20,0.99115044247787609,0.026532824762913187,502,499
fixed_train,18,4,8,"ac370442, ac370443",21,0.99115044247787609,0.02433628318584069,502,502
fixed_train,18,4,8,"ac370442, ac370443",22,0.99115044247787609,0.026548672566371723,502,502
fixed_train,18,4,8,"ac370442, ac370443",23,0.99115044247787609,0.026532824762913187,502,502
fixed_train,18,4,8,"ac370442, ac370443",24,0.99115044247787609,0.025482513771755255,502,500
fixed_train,18,4,8,"ac370442, ac370443",25,0.99115044247787609,0.023208677350317619,502,501
fixed_train,18,4,8,"ac370442, ac370443",26,0.99115044247787609,0.025450295591056715,502,501
fixed_train,18,4,8,"ac370442, ac370443",27,0.99115044247787609,0.026532824762913187,502,497
fixed_train,18,4,8,"ac370442, ac370443",28,0.99115044247787609,0.028744223655728041,502,501
fixed_train,18,4,8,"ac370442, ac370443",29,0.99115044247787609,0.02429280122013755,502,501
fixed_train,18,4,9,"ac370000, ac370419, ac370442",0,0.99115044247787609,0.047553665504231457,502,502
fixed_train,18,4,9,"ac370000, ac370419, ac370442",1,0.99115044247787609,0.047435074941348909,502,501
fixed_train,18,4,9,"ac370000, ac370419, ac370442",2,0.99115044247787609,0.045317804848553189,502,502
fixed_train,18,4,9,"ac370000, ac370419, ac370442",3,0.99115044247787609,0.049689699737228366,502,501
fixed_train,18,4,9,"ac370000, ac370419, ac370442",4,0.99115044247787609,0.046435414798246644,502,502
fixed_train,18,4,9,"ac370000, ac370419, ac370442",5,0.99115044247787609,0.042980815275169948,502,502
fixed_train,18,4,9,"ac370000, ac370419, ac370442",6,0.99115044247787609,0.03866455251708989,502,502
fixed_train,18,4,9,"ac370000, ac370419, ac370442",7,0.99115044247787609,0.045271642585579142,502,502
fixed_train,18,4,9,"ac370000, ac370419, ac370442",8,0.99115044247787609,0.044178216465494691,502,501
fixed_train,18,4,9,"ac370000, ac370419, ac370442",9,0.99115044247787609,0.047504386942990084,502,501
fixed_train,18,4,9,"ac370000, ac370419, ac370442",10,0.99115044247787609,0.051924304155940071,502,502
fixed_train,18,4,9,"ac370000, ac370419, ac370442",11,0.99115044247787609,0.043106892098729532,502,502
fixed_train,18,4,9,"ac370000, ac370419, ac370442",12,0.99115044247787609,0.04852746079358905,502,502
fixed_train,18,4,9,"ac370000, ac370419, ac370442",13,0.99115044247787609,0.04413472747842162,502,502
fixed_train,18,4,9,"ac370000, ac370419, ac370442",14,0.99115044247787609,0.040917992207013087,502,502
fixed_train,18,4,9,"ac370000, ac370419, ac370442",15,0.99115044247787609,0.040833200223321819,502,502
fixed_train,18,4,9,"ac370000, ac370419, ac370442",16,0.99115044247787609,0.049665690489178904,502,502
fixed_train,18,4,9,"ac370000, ac370419, ac370442",17,0.99115044247787609,0.049765556603304062,502,502
fixed_train,18,4,9,"ac370000, ac370419, ac370442",18,0.99115044247787609,0.048573329405165899,502,501
fixed_train,18,4,9,"ac370000, ac370419, ac370442",19,0.99115044247787609,0.046364756831039355,502,502
fixed_train,18,4,9,"ac370000, ac370419, ac370442",20,0.99115044247787609,0.039845335259689141,502,501
fixed_train,18,4,9,"ac370000, ac370419, ac370442",21,0.99115044247787609,0.038644556858105306,502,502
fixed_train,18,4,9,"ac370000, ac370419, ac370442",22,0.99115044247787609,0.045271642585579142,502,502
fixed_train,18,4,9,"ac370000, ac370419, ac370442",23,0.99115044247787609,0.048573329405165899,502,502
fixed_train,18,4,9,"ac370000, ac370419, ac370442",24,0.99115044247787609,0.046342406020111082,502,502
fixed_train,18,4,9,"ac370000, ac370419, ac370442",25,0.99115044247787609,0.041968725882677194,502,502
fixed_train,18,4,9,"ac370000, ac370419, ac370442",26,0.99115044247787609,0.039759235299859585,502,502
fixed_train,18,4,9,"ac370000, ac370419, ac370442",27,0.99115044247787609,0.047504386942990084,502,502
fixed_train,18,4,9,"ac370000, ac370419, ac370442",28,0.99115044247787609,0.048597197631129574,502,502
fixed_train,18,4,9,"ac370000, ac370419, ac370442",29,0.99115044247787609,0.037589819226987453,502,502
faithful_train,18,4,0,"370407, ac370000",0,0.99115044247787609,0.037569528301738209,529,526
faithful_train,18,4,0,"370407, ac370000",1,0.99115044247787609,0.047687750234289394,529,520
faithful_train,18,4,0,"370407, ac370000",2,0.99115044247787609,0.057522123893805288,529,508
faithful_train,18,4,0,"370407, ac370000",3,0.99115044247787609,0.048753633090404258,529,509
faithful_train,18,4,0,"370407, ac370000",4,0.99115044247787609,0.055497009112489781,529,502
faithful_train,18,4,0,"370407, ac370000",5,0.99115044247787609,0.056401229900522321,529,491
faithful_train,18,4,0,"370407, ac370000",6,0.99115044247787609,0.065184055794790585,529,503
faithful_train,18,4,0,"370407, ac370000",7,0.99115044247787609,0.062081508380178896,529,500
faithful_train,18,4,0,"370407, ac370000",8,0.99115044247787609,0.060856595578856032,529,489
faithful_train,18,4,0,"370407, ac370000",9,0.99115044247787609,0.061915207047950394,529,484
faithful_train,18,4,1,"ac370000, ac370419",0,0.99115044247787609,0.056372368597670919,519,518
faithful_train,18,4,1,"ac370000, ac370419",1,0.99115044247787609,0.069744630777142214,519,513
faithful_train,18,4,1,"ac370000, ac370419",2,0.99115044247787609,0.055400155084157632,519,501
faithful_train,18,4,1,"ac370000, ac370419",3,0.99115044247787609,0.063069489328093531,519,489
faithful_train,18,4,1,"ac370000, ac370419",4,0.99115044247787609,0.056401229900522321,519,489
faithful_train,18,4,1,"ac370000, ac370419",5,0.99115044247787609,0.058807829015263269,519,486
faithful_train,18,4,1,"ac370000, ac370419",6,0.99115044247787609,0.06201263451159944,519,471
faithful_train,18,4,1,"ac370000, ac370419",7,0.99115044247787609,0.060764138581840488,519,468
faithful_train,18,4,1,"ac370000, ac370419",8,0.99115044247787609,0.059673854884529698,519,481
faithful_train,18,4,1,"ac370000, ac370419",9,0.99115044247787609,0.065388066656085542,519,483
faithful_train,18,4,2,"ac370000, ac370443",0,0.99115044247787609,0.061979377433240446,508,507
faithful_train,18,4,2,"ac370000, ac370443",1,0.99115044247787609,0.076198042647123709,508,503
faithful_train,18,4,2,"ac370000, ac370443",2,0.99115044247787609,0.071813931614215787,508,495
faithful_train,18,4,2,"ac370000, ac370443",3,0.99115044247787609,0.06736192834382515,508,481
faithful_train,18,4,2,"ac370000, ac370443",4,0.99115044247787609,0.06303690319774069,508,473
faithful_train,18,4,2,"ac370000, ac370443",5,0.99115044247787609,0.071779985495474374,508,465
faithful_train,18,4,2,"ac370000, ac370443",6,0.99115044247787609,0.05536930400843787,508,469
faithful_train,18,4,2,"ac370000, ac370443",7,0.99115044247787609,0.066338004833579989,508,466
faithful_train,18,4,2,"ac370000, ac370443",8,0.99115044247787609,0.067495276826568418,508,473
faithful_train,18,4,2,"ac370000, ac370443",9,0.99115044247787609,0.054277154211783141,508,471
faithful_train,18,4,3,"ac370000, ac370419, ac370443",0,0.99115044247787609,0.063172018173153877,506,503
faithful_train,18,4,3,"ac370000, ac370419, ac370443",1,0.99115044247787609,0.060794194097318122,506,481
faithful_train,18,4,3,"ac370000, ac370419, ac370443",2,0.99115044247787609,0.057435159962399118,506,482
faithful_train,18,4,3,"ac370000, ac370419, ac370443",3,0.99115044247787609,0.058613120999595258,506,480
faithful_train,18,4,3,"ac370000, ac370419, ac370443",4,0.99115044247787609,0.060794194097318122,506,476
faithful_train,18,4,3,"ac370000, ac370419, ac370443",5,0.99115044247787609,0.069570956919649873,506,467
faithful_train,18,4,3,"ac370000, ac370419, ac370443",6,0.99115044247787609,0.066371681415929196,506,468
faithful_train,18,4,3,"ac370000, ac370419, ac370443",7,0.99115044247787609,0.064033337424051706,506,472
faithful_train,18,4,3,"ac370000, ac370419, ac370443",8,0.99115044247787609,0.062974097188315592,506,473
faithful_train,18,4,3,"ac370000, ac370419, ac370443",9,0.99115044247787609,0.069507479828985197,506,469
faithful_train,18,4,4,"ac370419, ac370443",0,0.99115044247787609,0.057463422226250671,506,442
faithful_train,18,4,4,"ac370419, ac370443",1,0.99115044247787609,0.060825012098667863,506,459
faithful_train,18,4,4,"ac370419, ac370443",2,0.99115044247787609,0.06644152151370708,506,460
faithful_train,18,4,4,"ac370419, ac370443",3,0.99115044247787609,0.051950543098023827,506,457
faithful_train,18,4,4,"ac370419, ac370443",4,0.99115044247787609,0.064262184409161871,506,467
faithful_train,18,4,4,"ac370419, ac370443",5,0.99115044247787609,0.066338004833579989,506,468
faithful_train,18,4,4,"ac370419, ac370443",6,0.99115044247787609,0.059798191010545509,506,459
faithful_train,18,4,4,"ac370419, ac370443",7,0.99115044247787609,0.058643701829618533,506,457
faithful_train,18,4,4,"ac370419, ac370443",8,0.99115044247787609,0.066338004833579989,506,469
faithful_train,18,4,4,"ac370419, ac370443",9,0.99115044247787609,0.059831169746659696,506,460
faithful_train,18,4,5,"ac370000, ac370442",0,0.99115044247787609,0.067426932346788759,504,502
faithful_train,18,4,5,"ac370000, ac370442",1,0.99115044247787609,0.06179615581193687,504,500
faithful_train,18,4,5,"ac370000, ac370442",2,0.99115044247787609,0.064033337424051706,504,496
faithful_train,18,4,5,"ac370000, ac370442",3,0.99115044247787609,0.068388736364412672,504,488
faithful_train,18,4,5,"ac370000, ac370442",4,0.99115044247787609,0.057492409262320687,504,485
faithful_train,18,4,5,"ac370000, ac370442",5,0.99115044247787609,0.062885758362694277,504,468
faithful_train,18,4,5,"ac370000, ac370442",6,0.99115044247787609,0.067330671020892852,504,474
faithful_train,18,4,5,"ac370000, ac370442",7,0.99115044247787609,0.06736192834382515,504,470
faithful_train,18,4,5,"ac370000, ac370442",8,0.99115044247787609,0.065152899768000538,504,464
faithful_train,18,4,5,"ac370000, ac370442",9,0.99115044247787609,0.062943871192176037,504,474
faithful_train,18,4,6,"370407, ac370000, ac370419",0,0.99115044247787609,0.068450482572304683,503,503
faithful_train,18,4,6,"370407, ac370000, ac370419",1,0.99115044247787609,0.069603973007740572,503,492
faithful_train,18,4,6,"370407, ac370000, ac370419",2,0.99115044247787609,0.064033337424051706,503,486
faithful_train,18,4,6,"370407, ac370000, ac370419",3,0.99115044247787609,0.058583281347494465,503,485
faithful_train,18,4,6,"370407, ac370000, ac370419",4,0.99115044247787609,0.060734842616351425,503,476
faithful_train,18,4,6,"370407, ac370000, ac370419",5,0.99115044247787609,0.062914425887964365,503,467
faithful_train,18,4,6,"370407, ac370000, ac370419",6,0.99115044247787609,0.058613120999595258,503,473
faithful_train,18,4,6,"370407, ac370000, ac370419",7,0.99115044247787609,0.069570956919649873,503,468
faithful_train,18,4,6,"370407, ac370000, ac370419",8,0.99115044247787609,0.064126605940765247,503,471
faithful_train,18,4,6,"370407, ac370000, ac370419",9,0.99115044247787609,0.067460685395886233,503,460
faithful_train,18,4,7,"370407, ac370419",0,0.99115044247787609,0.066371681415929196,503,430
faithful_train,18,4,7,"370407, ac370419",1,0.99115044247787609,0.072901594042121265,503,470
faithful_train,18,4,7,"370407, ac370419",2,0.99115044247787609,0.063102868385654931,503,468
faithful_train,18,4,7,"370407, ac370419",3,0.99115044247787609,0.069603973007740572,503,473
faithful_train,18,4,7,"370407, ac370419",4,0.99115044247787609,0.056290058188571579,503,461
faithful_train,18,4,7,"370407, ac370419",5,0.99115044247787609,0.062885758362694277,503,466
faithful_train,18,4,7,"370407, ac370419",6,0.99115044247787609,0.057492409262320687,503,459
faithful_train,18,4,7,"370407, ac370419",7,0.99115044247787609,0.05970380815513554,503,461
faithful_train,18,4,7,"370407, ac370419",8,0.99115044247787609,0.062943871192176037,503,469
faithful_train,18,4,7,"370407, ac370419",9,0.99115044247787609,0.064192781650595498,503,462
faithful_train,18,4,8,"ac370442, ac370443",0,0.99115044247787609,0.06736192834382515,502,502
faithful_train,18,4,8,"ac370442, ac370443",1,0.99115044247787609,0.066305152859367222,502,454
faithful_train,18,4,8,"ac370442, ac370443",2,0.99115044247787609,0.066305152859367222,502,462
faithful_train,18,4,8,"ac370442, ac370443",3,0.99115044247787609,0.053125760563819791,502,463
faithful_train,18,4,8,"ac370442, ac370443",4,0.99115044247787609,0.071813931614215787,502,466
faithful_train,18,4,8,"ac370442, ac370443",5,0.99115044247787609,0.06618192796765443,502,465
faithful_train,18,4,8,"ac370442, ac370443",6,0.99115044247787609,0.059644650545216615,502,467
faithful_train,18,4,8,"ac370442, ac370443",7,0.99115044247787609,0.067394014401265578,502,466
faithful_train,18,4,8,"ac370442, ac370443",8,0.99115044247787609,0.069603973007740572,502,459
faithful_train,18,4,8,"ac370442, ac370443",9,0.99115044247787609,0.073955038720285637,502,451
faithful_train,18,4,9,"ac370000, ac370419, ac370442",0,0.99115044247787609,0.06736192834382515,502,501
faithful_train,18,4,9,"ac370000, ac370419, ac370442",1,0.99115044247787609,0.066211512895315572,502,499
faithful_train,18,4,9,"ac370000, ac370419, ac370442",2,0.99115044247787609,0.078336441784039645,502,487
faithful_train,18,4,9,"ac370000, ac370419, ac370442",3,0.99115044247787609,0.063975119570896299,502,487
faithful_train,18,4,9,"ac370000, ac370419, ac370442",4,0.99115044247787609,0.076096159289727794,502,479
faithful_train,18,4,9,"ac370000, ac370419, ac370442",5,0.99115044247787609,0.067330671020892852,502,481
faithful_train,18,4,9,"ac370000, ac370419, ac370442",6,0.99115044247787609,0.077215969951445418,502,480
faithful_train,18,4,9,"ac370000, ac370419, ac370442",7,0.99115044247787609,0.073955038720285637,502,481
faithful_train,18,4,9,"ac370000, ac370419, ac370442",8,0.99115044247787609,0.072771038414371381,502,466
faithful_train,18,4,9,"ac370000, ac370419, ac370442",9,0.99115044247787609,0.080475127511510092,502,470
