setting,seed,fold,itemset_id,itemset,repeat,baseline,importance,n_traces_with_itemset,n_traces_changed
fixed_test,3,0,0,"370407, ac370000",0,0.88927413780333142,-0.0040939408283101608,132,131
fixed_test,3,0,0,"370407, ac370000",1,0.88927413780333142,0.013411808554502302,132,131
fixed_test,3,0,0,"370407, ac370000",2,0.88927413780333142,0.017980247952369521,132,130
fixed_test,3,0,0,"370407, ac370000",3,0.88927413780333142,0.013411808554502302,132,131
fixed_test,3,0,0,"370407, ac370000",4,0.88927413780333142,0.0091039644938151199,132,131
fixed_test,3,0,0,"370407, ac370000",5,0.88927413780333142,0,132,131
fixed_test,3,0,0,"370407, ac370000",6,0.88927413780333142,0.0043183855909419977,132,130
fixed_test,3,0,0,"370407, ac370000",7,0.88927413780333142,-0.0038462148617444125,132,131
fixed_test,3,0,0,"370407, ac370000",8,0.88927413780333142,-0.0084205958199669029,132,129
fixed_test,3,0,0,"370407, ac370000",9,0.88927413780333142,0.022278785036728754,132,132
fixed_test,3,0,0,"370407, ac370000",10,0.88927413780333142,-0.0040939408283101608,132,132
fixed_test,3,0,0,"370407, ac370000",11,0.88927413780333142,-0.0038462148617444125,132,132
fixed_test,3,0,0,"370407, ac370000",12,0.88927413780333142,0.013678046066416316,132,132
fixed_test,3,0,0,"370407, ac370000",13,0.88927413780333142,0.022017500635189813,132,130
fixed_test,3,0,0,"370407, ac370000",14,0.88927413780333142,0,132,132
fixed_test,3,0,0,"370407, ac370000",15,0.88927413780333142,0,132,130
fixed_test,3,0,0,"370407, ac370000",16,0.88927413780333142,0.00047551429974634907,132,132
fixed_test,3,0,0,"370407, ac370000",17,0.88927413780333142,-0.0045311719311817988,132,130
fixed_test,3,0,0,"370407, ac370000",18,0.88927413780333142,0.0088580689757334907,132,131
fixed_test,3,0,0,"370407, ac370000",19,0.88927413780333142,0,132,131
fixed_test,3,0,0,"370407, ac370000",20,0.88927413780333142,-0.013189120892177275,132,131
fixed_test,3,0,0,"370407, ac370000",21,0.88927413780333142,-0.0084205958199669029,132,132
fixed_test,3,0,0,"370407, ac370000",22,0.88927413780333142,0.013678046066416316,132,129
fixed_test,3,0,0,"370407, ac370000",23,0.88927413780333142,-0.012979934275673233,132,132
fixed_test,3,0,0,"370407, ac370000",24,0.88927413780333142,-0.0040939408283101608,132,132
fixed_test,3,0,0,"370407, ac370000",25,0.88927413780333142,0.0045448320722758506,132,131
fixed_test,3,0,0,"370407, ac370000",26,0.88927413780333142,-0.0038462148617444125,132,131
fixed_test,3,0,0,"370407, ac370000",27,0.88927413780333142,-0.0084205958199669029,132,131
fixed_test,3,0,0,"370407, ac370000",28,0.88927413780333142,0,132,131
fixed_test,3,0,0,"370407, ac370000",29,0.88927413780333142,-0.0045311719311817988,132,132
fixed_test,3,0,1,"ac370000, ac370419",0,0.88927413780333142,0.0091039644938151199,127,126
fixed_test,3,0,1,"ac370000, ac370419",1,0.88927413780333142,-0.0040939408283101608,127,127
fixed_test,3,0,1,"ac370000, ac370419",2,0.88927413780333142,0.00047551429974634907,127,125
fixed_test,3,0,1,"ac370000, ac370419",3,0.88927413780333142,-0.017524885881847863,127,124
fixed_test,3,0,1,"ac370000, ac370419",4,0.88927413780333142,-0.0043221444099506012,127,126
fixed_test,3,0,1,"ac370000, ac370419",5,0.88927413780333142,-0.0040939408283101608,127,127
fixed_test,3,0,1,"ac370000, ac370419",6,0.88927413780333142,0.0043183855909419977,127,127
fixed_test,3,0,1,"ac370000, ac370419",7,0.88927413780333142,0.0088580689757334907,127,127
fixed_test,3,0,1,"ac370000, ac370419",8,0.88927413780333142,-0.0043221444099506012,127,126
fixed_test,3,0,1,"ac370000, ac370419",9,0.88927413780333142,-0.0040939408283101608,127,127
fixed_test,3,0,1,"ac370000, ac370419",10,0.88927413780333142,0.0045448320722758506,127,127
fixed_test,3,0,1,"ac370000, ac370419",11,0.88927413780333142,-0.017524885881847863,127,124
fixed_test,3,0,1,"ac370000, ac370419",12,0.88927413780333142,0.00022768103526082939,127,126
fixed_test,3,0,1,"ac370000, ac370419",13,0.88927413780333142,0.00022768103526082939,127,127
fixed_test,3,0,1,"ac370000, ac370419",14,0.88927413780333142,0.00022768103526082939,127,126
fixed_test,3,0,1,"ac370000, ac370419",15,0.88927413780333142,0.0043183855909419977,127,126
fixed_test,3,0,1,"ac370000, ac370419",16,0.88927413780333142,-0.0043221444099506012,127,127
fixed_test,3,0,1,"ac370000, ac370419",17,0.88927413780333142,0.0088580689757334907,127,125
fixed_test,3,0,1,"ac370000, ac370419",18,0.88927413780333142,-0.000207876852536093,127,126
fixed_test,3,0,1,"ac370000, ac370419",19,0.88927413780333142,-0.008173705324432623,127,127
fixed_test,3,0,1,"ac370000, ac370419",20,0.88927413780333142,-0.0043221444099506012,127,127
fixed_test,3,0,1,"ac370000, ac370419",21,0.88927413780333142,0.00074387353402260992,127,127
fixed_test,3,0,1,"ac370000, ac370419",22,0.88927413780333142,0.0047920526190530222,127,127
fixed_test,3,0,1,"ac370000, ac370419",23,0.88927413780333142,-0.008173705324432623,127,124
fixed_test,3,0,1,"ac370000, ac370419",24,0.88927413780333142,0.00022768103526082939,127,126
fixed_test,3,0,1,"ac370000, ac370419",25,0.88927413780333142,0.017980247952369521,127,126
fixed_test,3,0,1,"ac370000, ac370419",26,0.88927413780333142,-0.017316705939680044,127,127
fixed_test,3,0,1,"ac370000, ac370419",27,0.88927413780333142,0.0047920526190530222,127,126
fixed_test,3,0,1,"ac370000, ac370419",28,0.88927413780333142,-0.0045311719311817988,127,126
fixed_test,3,0,1,"ac370000, ac370419",29,0.88927413780333142,-0.0043221444099506012,127,126
fixed_test,3,0,2,"ac370000, ac370443",0,0.88927413780333142,-0.0088580689757336017,124,122
fixed_test,3,0,2,"ac370000, ac370443",1,0.88927413780333142,0.0045448320722758506,124,123
fixed_test,3,0,2,"ac370000, ac370443",2,0.88927413780333142,0.0047920526190530222,124,124
fixed_test,3,0,2,"ac370000, ac370443",3,0.88927413780333142,0.0091039644938151199,124,123
fixed_test,3,0,2,"ac370000, ac370443",4,0.88927413780333142,0.013167943113065905,124,122
fixed_test,3,0,2,"ac370000, ac370443",5,0.88927413780333142,-0.0043221444099506012,124,124
fixed_test,3,0,2,"ac370000, ac370443",6,0.88927413780333142,0.00022768103526082939,124,124
fixed_test,3,0,2,"ac370000, ac370443",7,0.88927413780333142,-0.0040939408283101608,124,124
fixed_test,3,0,2,"ac370000, ac370443",8,0.88927413780333142,0.0043183855909419977,124,122
fixed_test,3,0,2,"ac370000, ac370443",9,0.88927413780333142,0.0050604224161659994,124,124
fixed_test,3,0,2,"ac370000, ac370443",10,0.88927413780333142,-0.017524885881847863,124,124
fixed_test,3,0,2,"ac370000, ac370443",11,0.88927413780333142,0.0088580689757334907,124,123
fixed_test,3,0,2,"ac370000, ac370443",12,0.88927413780333142,0,124,123
fixed_test,3,0,2,"ac370000, ac370443",13,0.88927413780333142,-0.0040939408283101608,124,123
fixed_test,3,0,2,"ac370000, ac370443",14,0.88927413780333142,0.00022768103526082939,124,123
fixed_test,3,0,2,"ac370000, ac370443",15,0.88927413780333142,0.0091039644938151199,124,122
fixed_test,3,0,2,"ac370000, ac370443",16,0.88927413780333142,0.0047920526190530222,124,124
fixed_test,3,0,2,"ac370000, ac370443",17,0.88927413780333142,-0.013189120892177275,124,124
fixed_test,3,0,2,"ac370000, ac370443",18,0.88927413780333142,0.0088580689757334907,124,124
fixed_test,3,0,2,"ac370000, ac370443",19,0.88927413780333142,0.0088580689757334907,124,123
fixed_test,3,0,2,"ac370000, ac370443",20,0.88927413780333142,0.0045448320722758506,124,123
fixed_test,3,0,2,"ac370000, ac370443",21,0.88927413780333142,-0.0040939408283101608,124,124
fixed_test,3,0,2,"ac370000, ac370443",22,0.88927413780333142,0.0047920526190530222,124,123
fixed_test,3,0,2,"ac370000, ac370443",23,0.88927413780333142,-0.0043221444099506012,124,124
fixed_test,3,0,2,"ac370000, ac370443",24,0.88927413780333142,0.00022768103526082939,124,122
fixed_test,3,0,2,"ac370000, ac370443",25,0.88927413780333142,-0.0043221444099506012,124,123
fixed_test,3,0,2,"ac370000, ac370443",26,0.88927413780333142,0.0047920526190530222,124,124
fixed_test,3,0,2,"ac370000, ac370443",27,0.88927413780333142,-0.000207876852536093,124,122
fixed_test,3,0,2,"ac370000, ac370443",28,0.88927413780333142,0.0088580689757334907,124,124
fixed_test,3,0,2,"ac370000, ac370443",29,0.88927413780333142,-0.0045311719311817988,124,124
fixed_test,3,0,3,"ac370000, ac370419, ac370443",0,0.88927413780333142,0.0050604224161659994,124,124
fixed_test,3,0,3,"ac370000, ac370419, ac370443",1,0.88927413780333142,0.0045448320722758506,124,124
fixed_test,3,0,3,"ac370000, ac370419, ac370443",2,0.88927413780333142,0.0043183855909419977,124,123
fixed_test,3,0,3,"ac370000, ac370419, ac370443",3,0.88927413780333142,-0.000207876852536093,124,124
fixed_test,3,0,3,"ac370000, ac370419, ac370443",4,0.88927413780333142,0.0045448320722758506,124,124
fixed_test,3,0,3,"ac370000, ac370419, ac370443",5,0.88927413780333142,0.013411808554502302,124,124
fixed_test,3,0,3,"ac370000, ac370419, ac370443",6,0.88927413780333142,-0.0045311719311817988,124,124
fixed_test,3,0,3,"ac370000, ac370419, ac370443",7,0.88927413780333142,0.0047920526190530222,124,124
fixed_test,3,0,3,"ac370000, ac370419, ac370443",8,0.88927413780333142,0.0045448320722758506,124,124
fixed_test,3,0,3,"ac370000, ac370419, ac370443",9,0.88927413780333142,0,124,124
fixed_test,3,0,3,"ac370000, ac370419, ac370443",10,0.88927413780333142,-0.0045311719311817988,124,124
fixed_test,3,0,3,"ac370000, ac370419, ac370443",11,0.88927413780333142,-0.0045311719311817988,124,124
fixed_test,3,0,3,"ac370000, ac370419, ac370443",12,0.88927413780333142,0.0043183855909419977,124,124
fixed_test,3,0,3,"ac370000, ac370419, ac370443",13,0.88927413780333142,0.013167943113065905,124,124
fixed_test,3,0,3,"ac370000, ac370419, ac370443",14,0.88927413780333142,0.0088580689757334907,124,124
fixed_test,3,0,3,"ac370000, ac370419, ac370443",15,0.88927413780333142,-0.013189120892177275,124,124
fixed_test,3,0,3,"ac370000, ac370419, ac370443",16,0.88927413780333142,-0.0040939408283101608,124,124
fixed_test,3,0,3,"ac370000, ac370419, ac370443",17,0.88927413780333142,-0.000207876852536093,124,124
fixed_test,3,0,3,"ac370000, ac370419, ac370443",18,0.88927413780333142,-0.017316705939680044,124,124
fixed_test,3,0,3,"ac370000, ac370419, ac370443",19,0.88927413780333142,0.0088580689757334907,124,123
fixed_test,3,0,3,"ac370000, ac370419, ac370443",20,0.88927413780333142,0.00047551429974634907,124,124
fixed_test,3,0,3,"ac370000, ac370419, ac370443",21,0.88927413780333142,-0.0086486024232935721,124,124
fixed_test,3,0,3,"ac370000, ac370419, ac370443",22,0.88927413780333142,-0.0043221444099506012,124,124
fixed_test,3,0,3,"ac370000, ac370419, ac370443",23,0.88927413780333142,-0.0086486024232935721,124,124
fixed_test,3,0,3,"ac370000, ac370419, ac370443",24,0.88927413780333142,0.00022768103526082939,124,124
fixed_test,3,0,3,"ac370000, ac370419, ac370443",25,0.88927413780333142,0.0045448320722758506,124,124
fixed_test,3,0,3,"ac370000, ac370419, ac370443",26,0.88927413780333142,-0.0043221444099506012,124,124
fixed_test,3,0,3,"ac370000, ac370419, ac370443",27,0.88927413780333142,-0.012979934275673233,124,124
fixed_test,3,0,3,"ac370000, ac370419, ac370443",28,0.88927413780333142,-0.0088580689757336017,124,124
fixed_test,3,0,3,"ac370000, ac370419, ac370443",29,0.88927413780333142,-0.0086486024232935721,124,124
fixed_test,3,0,4,"ac370419, ac370443",0,0.88927413780333142,0.0088580689757334907,124,124
fixed_test,3,0,4,"ac370419, ac370443",1,0.88927413780333142,0.017980247952369521,124,122
fixed_test,3,0,4,"ac370419, ac370443",2,0.88927413780333142,0.0050604224161659994,124,124
fixed_test,3,0,4,"ac370419, ac370443",3,0.88927413780333142,-0.013189120892177275,124,124
fixed_test,3,0,4,"ac370419, ac370443",4,0.88927413780333142,-0.0088580689757336017,124,124
fixed_test,3,0,4,"ac370419, ac370443",5,0.88927413780333142,0.012946073864648078,124,123
fixed_test,3,0,4,"ac370419, ac370443",6,0.88927413780333142,-0.0043221444099506012,124,123
fixed_test,3,0,4,"ac370419, ac370443",7,0.88927413780333142,-0.0045311719311817988,124,124
fixed_test,3,0,4,"ac370419, ac370443",8,0.88927413780333142,0.0045448320722758506,124,123
fixed_test,3,0,4,"ac370419, ac370443",9,0.88927413780333142,-0.0045311719311817988,124,123
fixed_test,3,0,4,"ac370419, ac370443",10,0.88927413780333142,0.012946073864648078,124,123
fixed_test,3,0,4,"ac370419, ac370443",11,0.88927413780333142,-0.000207876852536093,124,123
fixed_test,3,0,4,"ac370419, ac370443",12,0.88927413780333142,0.0043183855909419977,124,123
fixed_test,3,0,4,"ac370419, ac370443",13,0.88927413780333142,0.013167943113065905,124,123
fixed_test,3,0,4,"ac370419, ac370443",14,0.88927413780333142,-0.000207876852536093,124,124
fixed_test,3,0,4,"ac370419, ac370443",15,0.88927413780333142,-0.013380729453305706,124,123
fixed_test,3,0,4,"ac370419, ac370443",16,0.88927413780333142,0.0043183855909419977,124,124
fixed_test,3,0,4,"ac370419, ac370443",17,0.88927413780333142,-0.0088580689757336017,124,124
fixed_test,3,0,4,"ac370419, ac370443",18,0.88927413780333142,-0.0088580689757336017,124,124
fixed_test,3,0,4,"ac370419, ac370443",19,0.88927413780333142,0.0043183855909419977,124,124
fixed_test,3,0,4,"ac370419, ac370443",20,0.88927413780333142,0.0088580689757334907,124,124
fixed_test,3,0,4,"ac370419, ac370443",21,0.88927413780333142,0.0043183855909419977,124,124
fixed_test,3,0,4,"ac370419, ac370443",22,0.88927413780333142,0.00022768103526082939,124,124
fixed_test,3,0,4,"ac370419, ac370443",23,0.88927413780333142,-0.0043221444099506012,124,124
fixed_test,3,0,4,"ac370419, ac370443",24,0.88927413780333142,-0.013189120892177275,124,124
fixed_test,3,0,4,"ac370419, ac370443",25,0.88927413780333142,-0.000207876852536093,124,123
fixed_test,3,0,4,"ac370419, ac370443",26,0.88927413780333142,0.0091039644938151199,124,123
fixed_test,3,0,4,"ac370419, ac370443",27,0.88927413780333142,0.0045448320722758506,124,124
fixed_test,3,0,4,"ac370419, ac370443",28,0.88927413780333142,-0.0090493156800666164,124,122
fixed_test,3,0,4,"ac370419, ac370443",29,0.88927413780333142,-0.0045311719311817988,124,124
fixed_test,3,0,5,"ac370000, ac370442",0,0.88927413780333142,0.0050604224161659994,122,122
fixed_test,3,0,5,"ac370000, ac370442",1,0.88927413780333142,-0.004721345572682889,122,121
fixed_test,3,0,5,"ac370000, ac370442",2,0.88927413780333142,0.0088580689757334907,122,121
fixed_test,3,0,5,"ac370000, ac370442",3,0.88927413780333142,0.00047551429974634907,122,122
fixed_test,3,0,5,"ac370000, ac370442",4,0.88927413780333142,0.0041123641459824833,122,122
fixed_test,3,0,5,"ac370000, ac370442",5,0.88927413780333142,0.013167943113065905,122,120
fixed_test,3,0,5,"ac370000, ac370442",6,0.88927413780333142,0.00022768103526082939,122,121
fixed_test,3,0,5,"ac370000, ac370442",7,0.88927413780333142,0.017475000802525176,122,120
fixed_test,3,0,5,"ac370000, ac370442",8,0.88927413780333142,0.013411808554502302,122,122
fixed_test,3,0,5,"ac370000, ac370442",9,0.88927413780333142,0.0088580689757334907,122,122
fixed_test,3,0,5,"ac370000, ac370442",10,0.88927413780333142,0,122,121
fixed_test,3,0,5,"ac370000, ac370442",11,0.88927413780333142,0.0047920526190530222,122,122
fixed_test,3,0,5,"ac370000, ac370442",12,0.88927413780333142,0.0088580689757334907,122,122
fixed_test,3,0,5,"ac370000, ac370442",13,0.88927413780333142,0.0045448320722758506,122,122
fixed_test,3,0,5,"ac370000, ac370442",14,0.88927413780333142,-0.0003962729414735966,122,120
fixed_test,3,0,5,"ac370000, ac370442",15,0.88927413780333142,0.00047551429974634907,122,122
fixed_test,3,0,5,"ac370000, ac370442",16,0.88927413780333142,-0.0090493156800666164,122,122
fixed_test,3,0,5,"ac370000, ac370442",17,0.88927413780333142,0,122,121
fixed_test,3,0,5,"ac370000, ac370442",18,0.88927413780333142,-0.0088580689757336017,122,122
fixed_test,3,0,5,"ac370000, ac370442",19,0.88927413780333142,-0.0088580689757336017,122,122
fixed_test,3,0,5,"ac370000, ac370442",20,0.88927413780333142,0.0088580689757334907,122,122
fixed_test,3,0,5,"ac370000, ac370442",21,0.88927413780333142,0.0045448320722758506,122,122
fixed_test,3,0,5,"ac370000, ac370442",22,0.88927413780333142,0.0047920526190530222,122,122
fixed_test,3,0,5,"ac370000, ac370442",23,0.88927413780333142,-0.0043221444099506012,122,121
fixed_test,3,0,5,"ac370000, ac370442",24,0.88927413780333142,-0.0045311719311817988,122,121
fixed_test,3,0,5,"ac370000, ac370442",25,0.88927413780333142,-0.0040939408283101608,122,122
fixed_test,3,0,5,"ac370000, ac370442",26,0.88927413780333142,-0.0043221444099506012,122,122
fixed_test,3,0,5,"ac370000, ac370442",27,0.88927413780333142,-0.0086486024232935721,122,122
fixed_test,3,0,5,"ac370000, ac370442",28,0.88927413780333142,0.022017500635189813,122,122
fixed_test,3,0,5,"ac370000, ac370442",29,0.88927413780333142,0.013167943113065905,122,120
fixed_test,3,0,6,"370407, ac370000, ac370419",0,0.88927413780333142,-0.0040939408283101608,124,124
fixed_test,3,0,6,"370407, ac370000, ac370419",1,0.88927413780333142,-0.0090493156800666164,124,124
fixed_test,3,0,6,"370407, ac370000, ac370419",2,0.88927413780333142,0.0043183855909419977,124,124
fixed_test,3,0,6,"370407, ac370000, ac370419",3,0.88927413780333142,-0.0088580689757336017,124,124
fixed_test,3,0,6,"370407, ac370000, ac370419",4,0.88927413780333142,0.0088580689757334907,124,124
fixed_test,3,0,6,"370407, ac370000, ac370419",5,0.88927413780333142,0.013411808554502302,124,124
fixed_test,3,0,6,"370407, ac370000, ac370419",6,0.88927413780333142,-0.013189120892177275,124,124
fixed_test,3,0,6,"370407, ac370000, ac370419",7,0.88927413780333142,0.0043183855909419977,124,124
fixed_test,3,0,6,"370407, ac370000, ac370419",8,0.88927413780333142,0.0088580689757334907,124,124
fixed_test,3,0,6,"370407, ac370000, ac370419",9,0.88927413780333142,0.009371624419459601,124,124
fixed_test,3,0,6,"370407, ac370000, ac370419",10,0.88927413780333142,0.00022768103526082939,124,124
fixed_test,3,0,6,"370407, ac370000, ac370419",11,0.88927413780333142,0.0086335619749945414,124,124
fixed_test,3,0,6,"370407, ac370000, ac370419",12,0.88927413780333142,-0.0084205958199669029,124,124
fixed_test,3,0,6,"370407, ac370000, ac370419",13,0.88927413780333142,0.013167943113065905,124,124
fixed_test,3,0,6,"370407, ac370000, ac370419",14,0.88927413780333142,0.013167943113065905,124,124
fixed_test,3,0,6,"370407, ac370000, ac370419",15,0.88927413780333142,-0.0090493156800666164,124,124
fixed_test,3,0,6,"370407, ac370000, ac370419",16,0.88927413780333142,0.00047551429974634907,124,124
fixed_test,3,0,6,"370407, ac370000, ac370419",17,0.88927413780333142,-0.0086486024232935721,124,124
fixed_test,3,0,6,"370407, ac370000, ac370419",18,0.88927413780333142,0.0086335619749945414,124,124
fixed_test,3,0,6,"370407, ac370000, ac370419",19,0.88927413780333142,0.00022768103526082939,124,124
fixed_test,3,0,6,"370407, ac370000, ac370419",20,0.88927413780333142,-0.000207876852536093,124,124
fixed_test,3,0,6,"370407, ac370000, ac370419",21,0.88927413780333142,-0.0043221444099506012,124,124
fixed_test,3,0,6,"370407, ac370000, ac370419",22,0.88927413780333142,-0.013380729453305706,124,124
fixed_test,3,0,6,"370407, ac370000, ac370419",23,0.88927413780333142,0.0043183855909419977,124,123
fixed_test,3,0,6,"370407, ac370000, ac370419",24,0.88927413780333142,0.0091039644938151199,124,124
fixed_test,3,0,6,"370407, ac370000, ac370419",25,0.88927413780333142,-0.0043221444099506012,124,124
fixed_test,3,0,6,"370407, ac370000, ac370419",26,0.88927413780333142,0.0043183855909419977,124,124
fixed_test,3,0,6,"370407, ac370000, ac370419",27,0.88927413780333142,0.0043183855909419977,124,124
fixed_test,3,0,6,"370407, ac370000, ac370419",28,0.88927413780333142,-0.012979934275673233,124,124
fixed_test,3,0,6,"370407, ac370000, ac370419",29,0.88927413780333142,0.0041123641459824833,124,124
fixed_test,3,0,7,"370407, ac370419",0,0.88927413780333142,0.017475000802525176,124,124
fixed_test,3,0,7,"370407, ac370419",1,0.88927413780333142,-0.0086486024232935721,124,123
fixed_test,3,0,7,"370407, ac370419",2,0.88927413780333142,0.0088580689757334907,124,124
fixed_test,3,0,7,"370407, ac370419",3,0.88927413780333142,0.0088580689757334907,124,123
fixed_test,3,0,7,"370407, ac370419",4,0.88927413780333142,-0.013380729453305706,124,124
fixed_test,3,0,7,"370407, ac370419",5,0.88927413780333142,-0.0090493156800666164,124,124
fixed_test,3,0,7,"370407, ac370419",6,0.88927413780333142,0,124,124
fixed_test,3,0,7,"370407, ac370419",7,0.88927413780333142,0.0043183855909419977,124,124
fixed_test,3,0,7,"370407, ac370419",8,0.88927413780333142,0.0088580689757334907,124,124
fixed_test,3,0,7,"370407, ac370419",9,0.88927413780333142,-0.0038462148617444125,124,124
fixed_test,3,0,7,"370407, ac370419",10,0.88927413780333142,0.017475000802525176,124,124
fixed_test,3,0,7,"370407, ac370419",11,0.88927413780333142,0.0088580689757334907,124,123
fixed_test,3,0,7,"370407, ac370419",12,0.88927413780333142,0.0086335619749945414,124,124
fixed_test,3,0,7,"370407, ac370419",13,0.88927413780333142,0.013411808554502302,124,124
fixed_test,3,0,7,"370407, ac370419",14,0.88927413780333142,0.00022768103526082939,124,124
fixed_test,3,0,7,"370407, ac370419",15,0.88927413780333142,0.013167943113065905,124,124
fixed_test,3,0,7,"370407, ac370419",16,0.88927413780333142,0.0088580689757334907,124,124
fixed_test,3,0,7,"370407, ac370419",17,0.88927413780333142,-0.0043221444099506012,124,124
fixed_test,3,0,7,"370407, ac370419",18,0.88927413780333142,0,124,124
fixed_test,3,0,7,"370407, ac370419",19,0.88927413780333142,0.0045448320722758506,124,124
fixed_test,3,0,7,"370407, ac370419",20,0.88927413780333142,0.0088580689757334907,124,124
fixed_test,3,0,7,"370407, ac370419",21,0.88927413780333142,0,124,124
fixed_test,3,0,7,"370407, ac370419",22,0.88927413780333142,-0.0045311719311817988,124,124
fixed_test,3,0,7,"370407, ac370419",23,0.88927413780333142,0,124,124
fixed_test,3,0,7,"370407, ac370419",24,0.88927413780333142,-0.000207876852536093,124,124
fixed_test,3,0,7,"370407, ac370419",25,0.88927413780333142,-0.0040939408283101608,124,124
fixed_test,3,0,7,"370407, ac370419",26,0.88927413780333142,-0.0043221444099506012,124,124
fixed_test,3,0,7,"370407, ac370419",27,0.88927413780333142,0,124,122
fixed_test,3,0,7,"370407, ac370419",28,0.88927413780333142,0.0088580689757334907,124,124
fixed_test,3,0,7,"370407, ac370419",29,0.88927413780333142,-0.0043221444099506012,124,123
fixed_test,3,0,8,"ac370442, ac370443",0,0.88927413780333142,-0.0086486024232935721,122,120
fixed_test,3,0,8,"ac370442, ac370443",1,0.88927413780333142,0.0045448320722758506,122,122
fixed_test,3,0,8,"ac370442, ac370443",2,0.88927413780333142,-0.0086486024232935721,122,122
fixed_test,3,0,8,"ac370442, ac370443",3,0.88927413780333142,-0.0045311719311817988,122,122
fixed_test,3,0,8,"ac370442, ac370443",4,0.88927413780333142,0.00022768103526082939,122,122
fixed_test,3,0,8,"ac370442, ac370443",5,0.88927413780333142,-0.0043221444099506012,122,121
fixed_test,3,0,8,"ac370442, ac370443",6,0.88927413780333142,-0.0043221444099506012,122,122
fixed_test,3,0,8,"ac370442, ac370443",7,0.88927413780333142,-0.0088580689757336017,122,122
fixed_test,3,0,8,"ac370442, ac370443",8,0.88927413780333142,0.00022768103526082939,122,122
fixed_test,3,0,8,"ac370442, ac370443",9,0.88927413780333142,0.00022768103526082939,122,120
fixed_test,3,0,8,"ac370442, ac370443",10,0.88927413780333142,0.01771613795146687,122,122
fixed_test,3,0,8,"ac370442, ac370443",11,0.88927413780333142,-0.0088580689757336017,122,121
fixed_test,3,0,8,"ac370442, ac370443",12,0.88927413780333142,-0.0043221444099506012,122,122
fixed_test,3,0,8,"ac370442, ac370443",13,0.88927413780333142,-0.0088580689757336017,122,121
fixed_test,3,0,8,"ac370442, ac370443",14,0.88927413780333142,-0.0043221444099506012,122,122
fixed_test,3,0,8,"ac370442, ac370443",15,0.88927413780333142,-0.0045311719311817988,122,122
fixed_test,3,0,8,"ac370442, ac370443",16,0.88927413780333142,0.0047920526190530222,122,119
fixed_test,3,0,8,"ac370442, ac370443",17,0.88927413780333142,0.0045448320722758506,122,122
fixed_test,3,0,8,"ac370442, ac370443",18,0.88927413780333142,-0.0043221444099506012,122,122
fixed_test,3,0,8,"ac370442, ac370443",19,0.88927413780333142,-0.0045311719311817988,122,121
fixed_test,3,0,8,"ac370442, ac370443",20,0.88927413780333142,0.0088580689757334907,122,122
fixed_test,3,0,8,"ac370442, ac370443",21,0.88927413780333142,0.013167943113065905,122,122
fixed_test,3,0,8,"ac370442, ac370443",22,0.88927413780333142,-0.013189120892177275,122,121
fixed_test,3,0,8,"ac370442, ac370443",23,0.88927413780333142,0.00047551429974634907,122,120
fixed_test,3,0,8,"ac370442, ac370443",24,0.88927413780333142,0.0043183855909419977,122,121
fixed_test,3,0,8,"ac370442, ac370443",25,0.88927413780333142,0.0047920526190530222,122,122
fixed_test,3,0,8,"ac370442, ac370443",26,0.88927413780333142,0.0043183855909419977,122,122
fixed_test,3,0,8,"ac370442, ac370443",27,0.88927413780333142,-0.0088580689757336017,122,122
fixed_test,3,0,8,"ac370442, ac370443",28,0.88927413780333142,0,122,122
fixed_test,3,0,8,"ac370442, ac370443",29,0.88927413780333142,-0.0040939408283101608,122,122
fixed_test,3,0,9,"ac370000, ac370419, ac370442",0,0.88927413780333142,0.00022768103526082939,122,122
fixed_test,3,0,9,"ac370000, ac370419, ac370442",1,0.88927413780333142,-0.0088580689757336017,122,121
fixed_test,3,0,9,"ac370000, ac370419, ac370442",2,0.88927413780333142,0.0047920526190530222,122,122
fixed_test,3,0,9,"ac370000, ac370419, ac370442",3,0.88927413780333142,0,122,122
fixed_test,3,0,9,"ac370000, ac370419, ac370442",4,0.88927413780333142,-0.000207876852536093,122,122
fixed_test,3,0,9,"ac370000, ac370419, ac370442",5,0.88927413780333142,0,122,122
fixed_test,3,0,9,"ac370000, ac370419, ac370442",6,0.88927413780333142,0.0088580689757334907,122,122
fixed_test,3,0,9,"ac370000, ac370419, ac370442",7,0.88927413780333142,-0.013380729453305706,122,122
fixed_test,3,0,9,"ac370000, ac370419, ac370442",8,0.88927413780333142,0,122,122
fixed_test,3,0,9,"ac370000, ac370419, ac370442",9,0.88927413780333142,0.013678046066416316,122,122
fixed_test,3,0,9,"ac370000, ac370419, ac370442",10,0.88927413780333142,0.0043183855909419977,122,122
fixed_test,3,0,9,"ac370000, ac370419, ac370442",11,0.88927413780333142,0.0088580689757334907,122,122
fixed_test,3,0,9,"ac370000, ac370419, ac370442",12,0.88927413780333142,0.00022768103526082939,122,122
fixed_test,3,0,9,"ac370000, ac370419, ac370442",13,0.88927413780333142,-0.0040939408283101608,122,122
fixed_test,3,0,9,"ac370000, ac370419, ac370442",14,0.88927413780333142,0.0045448320722758506,122,121
fixed_test,3,0,9,"ac370000, ac370419, ac370442",15,0.88927413780333142,0.0091039644938151199,122,122
fixed_test,3,0,9,"ac370000, ac370419, ac370442",16,0.88927413780333142,-0.0043221444099506012,122,122
fixed_test,3,0,9,"ac370000, ac370419, ac370442",17,0.88927413780333142,0.01771613795146687,122,122
fixed_test,3,0,9,"ac370000, ac370419, ac370442",18,0.88927413780333142,0.013678046066416316,122,122
fixed_test,3,0,9,"ac370000, ac370419, ac370442",19,0.88927413780333142,-0.012979934275673233,122,122
fixed_test,3,0,9,"ac370000, ac370419, ac370442",20,0.88927413780333142,-0.0043221444099506012,122,122
fixed_test,3,0,9,"ac370000, ac370419, ac370442",21,0.88927413780333142,-0.0040939408283101608,122,122
fixed_test,3,0,9,"ac370000, ac370419, ac370442",22,0.88927413780333142,0.0047920526190530222,122,122
fixed_test,3,0,9,"ac370000, ac370419, ac370442",23,0.88927413780333142,-0.0045311719311817988,122,122
fixed_test,3,0,9,"ac370000, ac370419, ac370442",24,0.88927413780333142,-0.0086486024232935721,122,122
fixed_test,3,0,9,"ac370000, ac370419, ac370442",25,0.88927413780333142,0.00047551429974634907,122,122
fixed_test,3,0,9,"ac370000, ac370419, ac370442",26,0.88927413780333142,-0.0043221444099506012,122,122
fixed_test,3,0,9,"ac370000, ac370419, ac370442",27,0.88927413780333142,0.0091039644938151199,122,122
fixed_test,3,0,9,"ac370000, ac370419, ac370442",28,0.88927413780333142,0.0043183855909419977,122,122
fixed_test,3,0,9,"ac370000, ac370419, ac370442",29,0.88927413780333142,-0.0086486024232935721,122,122
fixed_train,3,0,0,"370407, ac370000",0,0.99447025707426195,0.033161548105966943,536,534
fixed_train,3,0,0,"370407, ac370000",1,0.99447025707426195,0.034348727177937244,536,530
fixed_train,3,0,0,"370407, ac370000",2,0.99447025707426195,0.034311313554152179,536,533
fixed_train,3,0,0,"370407, ac370000",3,0.99447025707426195,0.039834454145040277,536,536
fixed_train,3,0,0,"370407, ac370000",4,0.99447025707426195,0.040973057212027375,536,528
fixed_train,3,0,0,"370407, ac370000",5,0.99447025707426195,0.039855258050595865,536,532
fixed_train,3,0,0,"370407, ac370000",6,0.99447025707426195,0.031016795810387965,536,534
fixed_train,3,0,0,"370407, ac370000",7,0.99447025707426195,0.032097921527491358,536,530
fixed_train,3,0,0,"370407, ac370000",8,0.99447025707426195,0.042026046235607906,536,534
fixed_train,3,0,0,"370407, ac370000",9,0.99447025707426195,0.039814149065312887,536,535
fixed_train,3,0,0,"370407, ac370000",10,0.99447025707426195,0.038698477462363212,536,534
fixed_train,3,0,0,"370407, ac370000",11,0.99447025707426195,0.034311313554152179,536,534
fixed_train,3,0,0,"370407, ac370000",12,0.99447025707426195,0.044283063023896729,536,532
fixed_train,3,0,0,"370407, ac370000",13,0.99447025707426195,0.036505655304350459,536,533
fixed_train,3,0,0,"370407, ac370000",14,0.99447025707426195,0.034311313554152179,536,535
fixed_train,3,0,0,"370407, ac370000",15,0.99447025707426195,0.039834454145040277,536,534
fixed_train,3,0,0,"370407, ac370000",16,0.99447025707426195,0.034329800049489378,536,532
fixed_train,3,0,0,"370407, ac370000",17,0.99447025707426195,0.038698477462363212,536,534
fixed_train,3,0,0,"370407, ac370000",18,0.99447025707426195,0.040951489634133753,536,532
fixed_train,3,0,0,"370407, ac370000",19,0.99447025707426195,0.038679394048701021,536,535
fixed_train,3,0,0,"370407, ac370000",20,0.99447025707426195,0.039775027591946621,536,532
fixed_train,3,0,0,"370407, ac370000",21,0.99447025707426195,0.035372479022064307,536,533
fixed_train,3,0,0,"370407, ac370000",22,0.99447025707426195,0.040930434065412413,536,534
fixed_train,3,0,0,"370407, ac370000",23,0.99447025707426195,0.043121299501173271,536,535
fixed_train,3,0,0,"370407, ac370000",24,0.99447025707426195,0.033195791159072785,536,534
fixed_train,3,0,0,"370407, ac370000",25,0.99447025707426195,0.042005271770356734,536,532
fixed_train,3,0,0,"370407, ac370000",26,0.99447025707426195,0.037565038786205873,536,533
fixed_train,3,0,0,"370407, ac370000",27,0.99447025707426195,0.045268533391789378,536,533
fixed_train,3,0,0,"370407, ac370000",28,0.99447025707426195,0.036487066442958072,536,534
fixed_train,3,0,0,"370407, ac370000",29,0.99447025707426195,0.043121299501173271,536,534
fixed_train,3,0,1,"ac370000, ac370419",0,0.99447025707426195,0.035466359304234141,525,522
fixed_train,3,0,1,"ac370000, ac370419",1,0.99447025707426195,0.038758638157847858,525,522
fixed_train,3,0,1,"ac370000, ac370419",2,0.99447025707426195,0.030999648103994026,525,522
fixed_train,3,0,1,"ac370000, ac370419",3,0.99447025707426195,0.034329800049489378,525,523
fixed_train,3,0,1,"ac370000, ac370419",4,0.99447025707426195,0.033250353778289665,525,520
fixed_train,3,0,1,"ac370000, ac370419",5,0.99447025707426195,0.032151550092944348,525,521
fixed_train,3,0,1,"ac370000, ac370419",6,0.99447025707426195,0.032115380995309972,525,523
fixed_train,3,0,1,"ac370000, ac370419",7,0.99447025707426195,0.037641355563945433,525,522
fixed_train,3,0,1,"ac370000, ac370419",8,0.99447025707426195,0.033195791159072785,525,521
fixed_train,3,0,1,"ac370000, ac370419",9,0.99447025707426195,0.033195791159072785,525,524
fixed_train,3,0,1,"ac370000, ac370419",10,0.99447025707426195,0.031016795810387965,525,522
fixed_train,3,0,1,"ac370000, ac370419",11,0.99447025707426195,0.03772529530873947,525,519
fixed_train,3,0,1,"ac370000, ac370419",12,0.99447025707426195,0.034329800049489378,525,524
fixed_train,3,0,1,"ac370000, ac370419",13,0.99447025707426195,0.031034348252345301,525,524
fixed_train,3,0,1,"ac370000, ac370419",14,0.99447025707426195,0.044283063023896729,525,523
fixed_train,3,0,1,"ac370000, ac370419",15,0.99447025707426195,0.035427453077295001,525,521
fixed_train,3,0,1,"ac370000, ac370419",16,0.99447025707426195,0.039898370356122981,525,521
fixed_train,3,0,1,"ac370000, ac370419",17,0.99447025707426195,0.032115380995309972,525,524
fixed_train,3,0,1,"ac370000, ac370419",18,0.99447025707426195,0.031052307096808285,525,521
fixed_train,3,0,1,"ac370000, ac370419",19,0.99447025707426195,0.037641355563945433,525,524
fixed_train,3,0,1,"ac370000, ac370419",20,0.99447025707426195,0.034368096741102083,525,523
fixed_train,3,0,1,"ac370000, ac370419",21,0.99447025707426195,0.029900961941130788,525,524
fixed_train,3,0,1,"ac370000, ac370419",22,0.99447025707426195,0.039814149065312887,525,521
fixed_train,3,0,1,"ac370000, ac370419",23,0.99447025707426195,0.038823205407781169,525,525
fixed_train,3,0,1,"ac370000, ac370419",24,0.99447025707426195,0.029852833384742872,525,522
fixed_train,3,0,1,"ac370000, ac370419",25,0.99447025707426195,0.03987656277672158,525,522
fixed_train,3,0,1,"ac370000, ac370419",26,0.99447025707426195,0.035408678821061912,525,523
fixed_train,3,0,1,"ac370000, ac370419",27,0.99447025707426195,0.036544219103668563,525,522
fixed_train,3,0,1,"ac370000, ac370419",28,0.99447025707426195,0.034348727177937244,525,522
fixed_train,3,0,1,"ac370000, ac370419",29,0.99447025707426195,0.032115380995309972,525,525
fixed_train,3,0,2,"ac370000, ac370443",0,0.99447025707426195,0.027641422365337953,513,511
fixed_train,3,0,2,"ac370000, ac370443",1,0.99447025707426195,0.036468937199978901,513,512
fixed_train,3,0,2,"ac370000, ac370443",2,0.99447025707426195,0.027613158710176555,513,511
fixed_train,3,0,2,"ac370000, ac370443",3,0.99447025707426195,0.032080876543288506,513,509
fixed_train,3,0,2,"ac370000, ac370443",4,0.99447025707426195,0.037621566483051261,513,510
fixed_train,3,0,2,"ac370000, ac370443",5,0.99447025707426195,0.034311313554152179,513,508
fixed_train,3,0,2,"ac370000, ac370443",6,0.99447025707426195,0.02877001583509442,513,511
fixed_train,3,0,2,"ac370000, ac370443",7,0.99447025707426195,0.036487066442958072,513,507
fixed_train,3,0,2,"ac370000, ac370443",8,0.99447025707426195,0.034258480351257115,513,511
fixed_train,3,0,2,"ac370000, ac370443",9,0.99447025707426195,0.041985016397687369,513,513
fixed_train,3,0,2,"ac370000, ac370443",10,0.99447025707426195,0.04087031936454244,513,511
fixed_train,3,0,2,"ac370000, ac370443",11,0.99447025707426195,0.039775027591946621,513,508
fixed_train,3,0,2,"ac370000, ac370443",12,0.99447025707426195,0.034311313554152179,513,508
fixed_train,3,0,2,"ac370000, ac370443",13,0.99447025707426195,0.036487066442958072,513,511
fixed_train,3,0,2,"ac370000, ac370443",14,0.99447025707426195,0.030999648103994026,513,511
fixed_train,3,0,2,"ac370000, ac370443",15,0.99447025707426195,0.034293265923819427,513,510
fixed_train,3,0,2,"ac370000, ac370443",16,0.99447025707426195,0.033178457554427387,513,507
fixed_train,3,0,2,"ac370000, ac370443",17,0.99447025707426195,0.034293265923819427,513,509
fixed_train,3,0,2,"ac370000, ac370443",18,0.99447025707426195,0.042026046235607906,513,512
fixed_train,3,0,2,"ac370000, ac370443",19,0.99447025707426195,0.032115380995309972,513,511
fixed_train,3,0,2,"ac370000, ac370443",20,0.99447025707426195,0.036487066442958072,513,508
fixed_train,3,0,2,"ac370000, ac370443",21,0.99447025707426195,0.036505655304350459,513,509
fixed_train,3,0,2,"ac370000, ac370443",22,0.99447025707426195,0.042026046235607906,513,511
fixed_train,3,0,2,"ac370000, ac370443",23,0.99447025707426195,0.035446679293554939,513,511
fixed_train,3,0,2,"ac370000, ac370443",24,0.99447025707426195,0.036524705580812666,513,512
fixed_train,3,0,2,"ac370000, ac370443",25,0.99447025707426195,0.034258480351257115,513,512
fixed_train,3,0,2,"ac370000, ac370443",26,0.99447025707426195,0.032097921527491358,513,509
fixed_train,3,0,2,"ac370000, ac370443",27,0.99447025707426195,0.033213550590644569,513,510
fixed_train,3,0,2,"ac370000, ac370443",28,0.99447025707426195,0.025443708401695631,513,513
fixed_train,3,0,2,"ac370000, ac370443",29,0.99447025707426195,0.035427453077295001,513,506
fixed_train,3,0,3,"ac370000, ac370419, ac370443",0,0.99447025707426195,0.038679394048701021,511,511
fixed_train,3,0,3,"ac370000, ac370419, ac370443",1,0.99447025707426195,0.037682364830178505,511,511
fixed_train,3,0,3,"ac370000, ac370419, ac370443",2,0.99447025707426195,0.044174348890041237,511,511
fixed_train,3,0,3,"ac370000, ac370419, ac370443",3,0.99447025707426195,0.032064244404147901,511,511
fixed_train,3,0,3,"ac370000, ac370419, ac370443",4,0.99447025707426195,0.049685774810704797,511,510
fixed_train,3,0,3,"ac370000, ac370419, ac370443",5,0.99447025707426195,0.050801561132145179,511,510
fixed_train,3,0,3,"ac370000, ac370419, ac370443",6,0.99447025707426195,0.04307984614026994,511,511
fixed_train,3,0,3,"ac370000, ac370419, ac370443",7,0.99447025707426195,0.032097921527491358,511,511
fixed_train,3,0,3,"ac370000, ac370419, ac370443",8,0.99447025707426195,0.035305425992899653,511,511
fixed_train,3,0,3,"ac370000, ac370419, ac370443",9,0.99447025707426195,0.036417289727947888,511,511
fixed_train,3,0,3,"ac370000, ac370419, ac370443",10,0.99447025707426195,0.033145061174724377,511,510
fixed_train,3,0,3,"ac370000, ac370419, ac370443",11,0.99447025707426195,0.044216202686453987,511,510
fixed_train,3,0,3,"ac370000, ac370419, ac370443",12,0.99447025707426195,0.034275655423553153,511,511
fixed_train,3,0,3,"ac370000, ac370419, ac370443",13,0.99447025707426195,0.037565038786205873,511,511
fixed_train,3,0,3,"ac370000, ac370419, ac370443",14,0.99447025707426195,0.040814742157933681,511,511
fixed_train,3,0,3,"ac370000, ac370419, ac370443",15,0.99447025707426195,0.047567602207005288,511,511
fixed_train,3,0,3,"ac370000, ac370419, ac370443",16,0.99447025707426195,0.03864267126341614,511,511
fixed_train,3,0,3,"ac370000, ac370419, ac370443",17,0.99447025707426195,0.035372479022064307,511,511
fixed_train,3,0,3,"ac370000, ac370419, ac370443",18,0.99447025707426195,0.035338065900569426,511,511
fixed_train,3,0,3,"ac370000, ac370419, ac370443",19,0.99447025707426195,0.036468937199978901,511,511
fixed_train,3,0,3,"ac370000, ac370419, ac370443",20,0.99447025707426195,0.036451265813087219,511,511
fixed_train,3,0,3,"ac370000, ac370419, ac370443",21,0.99447025707426195,0.038718044684881381,511,510
fixed_train,3,0,3,"ac370000, ac370419, ac370443",22,0.99447025707426195,0.038679394048701021,511,511
fixed_train,3,0,3,"ac370000, ac370419, ac370443",23,0.99447025707426195,0.037641355563945433,511,511
fixed_train,3,0,3,"ac370000, ac370419, ac370443",24,0.99447025707426195,0.035355049980465125,511,511
fixed_train,3,0,3,"ac370000, ac370419, ac370443",25,0.99447025707426195,0.043040505410108953,511,510
fixed_train,3,0,3,"ac370000, ac370419, ac370443",26,0.99447025707426195,0.033098119564865192,511,511
fixed_train,3,0,3,"ac370000, ac370419, ac370443",27,0.99447025707426195,0.033128995153201446,511,511
fixed_train,3,0,3,"ac370000, ac370419, ac370443",28,0.99447025707426195,0.035427453077295001,511,511
fixed_train,3,0,3,"ac370000, ac370419, ac370443",29,0.99447025707426195,0.036434050553958541,511,511
fixed_train,3,0,4,"ac370419, ac370443",0,0.99447025707426195,0.027641422365337953,511,511
fixed_train,3,0,4,"ac370419, ac370443",1,0.99447025707426195,0.023244353420849295,511,509
fixed_train,3,0,4,"ac370419, ac370443",2,0.99447025707426195,0.018785282410203386,511,508
fixed_train,3,0,4,"ac370419, ac370443",3,0.99447025707426195,0.018817569367528098,511,511
fixed_train,3,0,4,"ac370419, ac370443",4,0.99447025707426195,0.022144038157392298,511,511
fixed_train,3,0,4,"ac370419, ac370443",5,0.99447025707426195,0.023218600326527894,511,510
fixed_train,3,0,4,"ac370419, ac370443",6,0.99447025707426195,0.025430011345932813,511,509
fixed_train,3,0,4,"ac370419, ac370443",7,0.99447025707426195,0.022106893525479787,511,511
fixed_train,3,0,4,"ac370419, ac370443",8,0.99447025707426195,0.023231319021164598,511,510
fixed_train,3,0,4,"ac370419, ac370443",9,0.99447025707426195,0.020984578382993724,511,508
fixed_train,3,0,4,"ac370419, ac370443",10,0.99447025707426195,0.021018929640633677,511,510
fixed_train,3,0,4,"ac370419, ac370443",11,0.99447025707426195,0.026557128173105182,511,511
fixed_train,3,0,4,"ac370419, ac370443",12,0.99447025707426195,0.024305105951761607,511,509
fixed_train,3,0,4,"ac370419, ac370443",13,0.99447025707426195,0.021018929640633677,511,508
fixed_train,3,0,4,"ac370419, ac370443",14,0.99447025707426195,0.02541665295636919,511,510
fixed_train,3,0,4,"ac370419, ac370443",15,0.99447025707426195,0.027613158710176555,511,509
fixed_train,3,0,4,"ac370419, ac370443",16,0.99447025707426195,0.024330868873246869,511,510
fixed_train,3,0,4,"ac370419, ac370443",17,0.99447025707426195,0.026501782911097505,511,510
fixed_train,3,0,4,"ac370419, ac370443",18,0.99447025707426195,0.021007189307122642,511,510
fixed_train,3,0,4,"ac370419, ac370443",19,0.99447025707426195,0.024317824441577152,511,508
fixed_train,3,0,4,"ac370419, ac370443",20,0.99447025707426195,0.017705577525148453,511,509
fixed_train,3,0,4,"ac370419, ac370443",21,0.99447025707426195,0.026542766043541888,511,507
fixed_train,3,0,4,"ac370419, ac370443",22,0.99447025707426195,0.015492689863159326,511,506
fixed_train,3,0,4,"ac370419, ac370443",23,0.99447025707426195,0.026542766043541888,511,510
fixed_train,3,0,4,"ac370419, ac370443",24,0.99447025707426195,0.026501782911097505,511,510
fixed_train,3,0,4,"ac370419, ac370443",25,0.99447025707426195,0.026528755357674516,511,508
fixed_train,3,0,4,"ac370419, ac370443",26,0.99447025707426195,0.02541665295636919,511,511
fixed_train,3,0,4,"ac370419, ac370443",27,0.99447025707426195,0.022106893525479787,511,510
fixed_train,3,0,4,"ac370419, ac370443",28,0.99447025707426195,0.025430011345932813,511,509
fixed_train,3,0,4,"ac370419, ac370443",29,0.99447025707426195,0.025378596924346408,511,510
fixed_train,3,0,5,"ac370000, ac370442",0,0.99447025707426195,0.032032212261631887,510,509
fixed_train,3,0,5,"ac370000, ac370442",1,0.99447025707426195,0.03766162103513826,510,509
fixed_train,3,0,5,"ac370000, ac370442",2,0.99447025707426195,0.036505655304350459,510,506
fixed_train,3,0,5,"ac370000, ac370442",3,0.99447025707426195,0.034311313554152179,510,510
fixed_train,3,0,5,"ac370000, ac370442",4,0.99447025707426195,0.034293265923819427,510,509
fixed_train,3,0,5,"ac370000, ac370442",5,0.99447025707426195,0.032097921527491358,510,509
fixed_train,3,0,5,"ac370000, ac370442",6,0.99447025707426195,0.035321525115970309,510,507
fixed_train,3,0,5,"ac370000, ac370442",7,0.99447025707426195,0.030950617189869467,510,509
fixed_train,3,0,5,"ac370000, ac370442",8,0.99447025707426195,0.033195791159072785,510,509
fixed_train,3,0,5,"ac370000, ac370442",9,0.99447025707426195,0.027613158710176555,510,508
fixed_train,3,0,5,"ac370000, ac370442",10,0.99447025707426195,0.032064244404147901,510,510
fixed_train,3,0,5,"ac370000, ac370442",11,0.99447025707426195,0.034258480351257115,510,507
fixed_train,3,0,5,"ac370000, ac370442",12,0.99447025707426195,0.029884529500831092,510,510
fixed_train,3,0,5,"ac370000, ac370442",13,0.99447025707426195,0.037602251895017647,510,506
fixed_train,3,0,5,"ac370000, ac370442",14,0.99447025707426195,0.038625028288668317,510,508
fixed_train,3,0,5,"ac370000, ac370442",15,0.99447025707426195,0.028785745617343705,510,509
fixed_train,3,0,5,"ac370000, ac370442",16,0.99447025707426195,0.037565038786205873,510,508
fixed_train,3,0,5,"ac370000, ac370442",17,0.99447025707426195,0.035390354724722517,510,510
fixed_train,3,0,5,"ac370000, ac370442",18,0.99447025707426195,0.038738097607473265,510,507
fixed_train,3,0,5,"ac370000, ac370442",19,0.99447025707426195,0.033113348465067194,510,509
fixed_train,3,0,5,"ac370000, ac370442",20,0.99447025707426195,0.030966560384132147,510,508
fixed_train,3,0,5,"ac370000, ac370442",21,0.99447025707426195,0.045268533391789378,510,506
fixed_train,3,0,5,"ac370000, ac370442",22,0.99447025707426195,0.038660792588814719,510,507
fixed_train,3,0,5,"ac370000, ac370442",23,0.99447025707426195,0.029900961941130788,510,508
fixed_train,3,0,5,"ac370000, ac370442",24,0.99447025707426195,0.035372479022064307,510,506
fixed_train,3,0,5,"ac370000, ac370442",25,0.99447025707426195,0.030950617189869467,510,506
fixed_train,3,0,5,"ac370000, ac370442",26,0.99447025707426195,0.035372479022064307,510,508
fixed_train,3,0,5,"ac370000, ac370442",27,0.99447025707426195,0.030950617189869467,510,507
fixed_train,3,0,5,"ac370000, ac370442",28,0.99447025707426195,0.025430011345932813,510,508
fixed_train,3,0,5,"ac370000, ac370442",29,0.99447025707426195,0.037602251895017647,510,506
fixed_train,3,0,6,"370407, ac370000, ac370419",0,0.99447025707426195,0.027641422365337953,508,508
fixed_train,3,0,6,"370407, ac370000, ac370419",1,0.99447025707426195,0.03973787841777654,508,508
fixed_train,3,0,6,"370407, ac370000, ac370419",2,0.99447025707426195,0.034241739037359498,508,506
fixed_train,3,0,6,"370407, ac370000, ac370419",3,0.99447025707426195,0.037621566483051261,508,508
fixed_train,3,0,6,"370407, ac370000, ac370419",4,0.99447025707426195,0.04087031936454244,508,508
fixed_train,3,0,6,"370407, ac370000, ac370419",5,0.99447025707426195,0.046383419637409218,508,508
fixed_train,3,0,6,"370407, ac370000, ac370419",6,0.99447025707426195,0.038738097607473265,508,508
fixed_train,3,0,6,"370407, ac370000, ac370419",7,0.99447025707426195,0.036487066442958072,508,508
fixed_train,3,0,6,"370407, ac370000, ac370419",8,0.99447025707426195,0.040930434065412413,508,508
fixed_train,3,0,6,"370407, ac370000, ac370419",9,0.99447025707426195,0.037583409938161672,508,507
fixed_train,3,0,6,"370407, ac370000, ac370419",10,0.99447025707426195,0.038698477462363212,508,507
fixed_train,3,0,6,"370407, ac370000, ac370419",11,0.99447025707426195,0.035408678821061912,508,508
fixed_train,3,0,6,"370407, ac370000, ac370419",12,0.99447025707426195,0.04537827368745484,508,508
fixed_train,3,0,6,"370407, ac370000, ac370419",13,0.99447025707426195,0.035372479022064307,508,508
fixed_train,3,0,6,"370407, ac370000, ac370419",14,0.99447025707426195,0.037547136647937296,508,508
fixed_train,3,0,6,"370407, ac370000, ac370419",15,0.99447025707426195,0.041965278142673368,508,508
fixed_train,3,0,6,"370407, ac370000, ac370419",16,0.99447025707426195,0.026542766043541888,508,508
fixed_train,3,0,6,"370407, ac370000, ac370419",17,0.99447025707426195,0.044260229469018753,508,508
fixed_train,3,0,6,"370407, ac370000, ac370419",18,0.99447025707426195,0.040889850897422808,508,508
fixed_train,3,0,6,"370407, ac370000, ac370419",19,0.99447025707426195,0.044134651705037609,508,508
fixed_train,3,0,6,"370407, ac370000, ac370419",20,0.99447025707426195,0.04305991268233178,508,508
fixed_train,3,0,6,"370407, ac370000, ac370419",21,0.99447025707426195,0.043040505410108953,508,508
fixed_train,3,0,6,"370407, ac370000, ac370419",22,0.99447025707426195,0.039794340854259036,508,508
fixed_train,3,0,6,"370407, ac370000, ac370419",23,0.99447025707426195,0.034275655423553153,508,508
fixed_train,3,0,6,"370407, ac370000, ac370419",24,0.99447025707426195,0.032064244404147901,508,507
fixed_train,3,0,6,"370407, ac370000, ac370419",25,0.99447025707426195,0.033213550590644569,508,508
fixed_train,3,0,6,"370407, ac370000, ac370419",26,0.99447025707426195,0.04087031936454244,508,507
fixed_train,3,0,6,"370407, ac370000, ac370419",27,0.99447025707426195,0.039794340854259036,508,508
fixed_train,3,0,6,"370407, ac370000, ac370419",28,0.99447025707426195,0.034293265923819427,508,508
fixed_train,3,0,6,"370407, ac370000, ac370419",29,0.99447025707426195,0.043121299501173271,508,508
fixed_train,3,0,7,"370407, ac370419",0,0.99447025707426195,0.02762710980509131,508,506
fixed_train,3,0,7,"370407, ac370419",1,0.99447025707426195,0.024344240511115944,508,507
fixed_train,3,0,7,"370407, ac370419",2,0.99447025707426195,0.024344240511115944,508,506
fixed_train,3,0,7,"370407, ac370419",3,0.99447025707426195,0.02877001583509442,508,505
fixed_train,3,0,7,"370407, ac370419",4,0.99447025707426195,0.023244353420849295,508,507
fixed_train,3,0,7,"370407, ac370419",5,0.99447025707426195,0.027656097782226552,508,507
fixed_train,3,0,7,"370407, ac370419",6,0.99447025707426195,0.025403631934448945,508,507
fixed_train,3,0,7,"370407, ac370419",7,0.99447025707426195,0.021030961394188807,508,508
fixed_train,3,0,7,"370407, ac370419",8,0.99447025707426195,0.029852833384742872,508,505
fixed_train,3,0,7,"370407, ac370419",9,0.99447025707426195,0.025430011345932813,508,507
fixed_train,3,0,7,"370407, ac370419",10,0.99447025707426195,0.024344240511115944,508,505
fixed_train,3,0,7,"370407, ac370419",11,0.99447025707426195,0.026528755357674516,508,505
fixed_train,3,0,7,"370407, ac370419",12,0.99447025707426195,0.021018929640633677,508,508
fixed_train,3,0,7,"370407, ac370419",13,0.99447025707426195,0.027641422365337953,508,505
fixed_train,3,0,7,"370407, ac370419",14,0.99447025707426195,0.026571843130693273,508,506
fixed_train,3,0,7,"370407, ac370419",15,0.99447025707426195,0.025443708401695631,508,508
fixed_train,3,0,7,"370407, ac370419",16,0.99447025707426195,0.023231319021164598,508,507
fixed_train,3,0,7,"370407, ac370419",17,0.99447025707426195,0.02877001583509442,508,505
fixed_train,3,0,7,"370407, ac370419",18,0.99447025707426195,0.021030961394188807,508,507
fixed_train,3,0,7,"370407, ac370419",19,0.99447025707426195,0.022131352849126817,508,508
fixed_train,3,0,7,"370407, ac370419",20,0.99447025707426195,0.027656097782226552,508,508
fixed_train,3,0,7,"370407, ac370419",21,0.99447025707426195,0.018806540260102644,508,507
fixed_train,3,0,7,"370407, ac370419",22,0.99447025707426195,0.026542766043541888,508,507
fixed_train,3,0,7,"370407, ac370419",23,0.99447025707426195,0.026557128173105182,508,507
fixed_train,3,0,7,"370407, ac370419",24,0.99447025707426195,0.019907074532656388,508,506
fixed_train,3,0,7,"370407, ac370419",25,0.99447025707426195,0.025486844932676056,508,506
fixed_train,3,0,7,"370407, ac370419",26,0.99447025707426195,0.027641422365337953,508,506
fixed_train,3,0,7,"370407, ac370419",27,0.99447025707426195,0.026586912327221213,508,507
fixed_train,3,0,7,"370407, ac370419",28,0.99447025707426195,0.027641422365337953,508,507
fixed_train,3,0,7,"370407, ac370419",29,0.99447025707426195,0.029868487162757584,508,506
fixed_train,3,0,8,"ac370442, ac370443",0,0.99447025707426195,0.022106893525479787,507,503
fixed_train,3,0,8,"ac370442, ac370443",1,0.99447025707426195,0.017685031693284947,507,506
fixed_train,3,0,8,"ac370442, ac370443",2,0.99447025707426195,0.024292712163729524,507,506
fixed_train,3,0,8,"ac370442, ac370443",3,0.99447025707426195,0.020995739258925505,507,506
fixed_train,3,0,8,"ac370442, ac370443",4,0.99447025707426195,0.021030961394188807,507,506
fixed_train,3,0,8,"ac370442, ac370443",5,0.99447025707426195,0.023218600326527894,507,506
fixed_train,3,0,8,"ac370442, ac370443",6,0.99447025707426195,0.024330868873246869,507,506
fixed_train,3,0,8,"ac370442, ac370443",7,0.99447025707426195,0.019885128340280112,507,506
fixed_train,3,0,8,"ac370442, ac370443",8,0.99447025707426195,0.021030961394188807,507,507
fixed_train,3,0,8,"ac370442, ac370443",9,0.99447025707426195,0.023194105158721334,507,505
fixed_train,3,0,8,"ac370442, ac370443",10,0.99447025707426195,0.024330868873246869,507,503
fixed_train,3,0,8,"ac370442, ac370443",11,0.99447025707426195,0.022106893525479787,507,505
fixed_train,3,0,8,"ac370442, ac370443",12,0.99447025707426195,0.018806540260102644,507,506
fixed_train,3,0,8,"ac370442, ac370443",13,0.99447025707426195,0.017705577525148453,507,506
fixed_train,3,0,8,"ac370442, ac370443",14,0.99447025707426195,0.022118971702951407,507,506
fixed_train,3,0,8,"ac370442, ac370443",15,0.99447025707426195,0.022095117146020748,507,503
fixed_train,3,0,8,"ac370442, ac370443",16,0.99447025707426195,0.025390947006669884,507,503
fixed_train,3,0,8,"ac370442, ac370443",17,0.99447025707426195,0.028725083563243103,507,505
fixed_train,3,0,8,"ac370442, ac370443",18,0.99447025707426195,0.023218600326527894,507,507
fixed_train,3,0,8,"ac370442, ac370443",19,0.99447025707426195,0.019895962609382423,507,505
fixed_train,3,0,8,"ac370442, ac370443",20,0.99447025707426195,0.020984578382993724,507,504
fixed_train,3,0,8,"ac370442, ac370443",21,0.99447025707426195,0.021018929640633677,507,503
fixed_train,3,0,8,"ac370442, ac370443",22,0.99447025707426195,0.023218600326527894,507,506
fixed_train,3,0,8,"ac370442, ac370443",23,0.99447025707426195,0.022106893525479787,507,506
fixed_train,3,0,8,"ac370442, ac370443",24,0.99447025707426195,0.023194105158721334,507,505
fixed_train,3,0,8,"ac370442, ac370443",25,0.99447025707426195,0.018795778287717613,507,506
fixed_train,3,0,8,"ac370442, ac370443",26,0.99447025707426195,0.02541665295636919,507,505
fixed_train,3,0,8,"ac370442, ac370443",27,0.99447025707426195,0.019907074532656388,507,505
fixed_train,3,0,8,"ac370442, ac370443",28,0.99447025707426195,0.019885128340280112,507,504
fixed_train,3,0,8,"ac370442, ac370443",29,0.99447025707426195,0.020995739258925505,507,502
fixed_train,3,0,9,"ac370000, ac370419, ac370442",0,0.99447025707426195,0.044154231719582993,507,507
fixed_train,3,0,9,"ac370000, ac370419, ac370442",1,0.99447025707426195,0.04087031936454244,507,507
fixed_train,3,0,9,"ac370000, ac370419, ac370442",2,0.99447025707426195,0.040909888481768242,507,506
fixed_train,3,0,9,"ac370000, ac370419, ac370442",3,0.99447025707426195,0.045209307434569079,507,507
fixed_train,3,0,9,"ac370000, ac370419, ac370442",4,0.99447025707426195,0.045248243970829272,507,507
fixed_train,3,0,9,"ac370000, ac370419, ac370442",5,0.99447025707426195,0.040832766849388635,507,507
fixed_train,3,0,9,"ac370000, ac370419, ac370442",6,0.99447025707426195,0.04305991268233178,507,507
fixed_train,3,0,9,"ac370000, ac370419, ac370442",7,0.99447025707426195,0.037565038786205873,507,507
fixed_train,3,0,9,"ac370000, ac370419, ac370442",8,0.99447025707426195,0.043121299501173271,507,507
fixed_train,3,0,9,"ac370000, ac370419, ac370442",9,0.99447025707426195,0.041965278142673368,507,507
fixed_train,3,0,9,"ac370000, ac370419, ac370442",10,0.99447025707426195,0.033178457554427387,507,506
fixed_train,3,0,9,"ac370000, ac370419, ac370442",11,0.99447025707426195,0.04305991268233178,507,507
fixed_train,3,0,9,"ac370000, ac370419, ac370442",12,0.99447025707426195,0.039756207395305387,507,507
fixed_train,3,0,9,"ac370000, ac370419, ac370442",13,0.99447025707426195,0.039720038848968686,507,507
fixed_train,3,0,9,"ac370000, ac370419, ac370442",14,0.99447025707426195,0.036468937199978901,507,507
fixed_train,3,0,9,"ac370000, ac370419, ac370442",15,0.99447025707426195,0.034225429844500832,507,507
fixed_train,3,0,9,"ac370000, ac370419, ac370442",16,0.99447025707426195,0.034258480351257115,507,507
fixed_train,3,0,9,"ac370000, ac370419, ac370442",17,0.99447025707426195,0.036417289727947888,507,507
fixed_train,3,0,9,"ac370000, ac370419, ac370442",18,0.99447025707426195,0.040930434065412413,507,506
fixed_train,3,0,9,"ac370000, ac370419, ac370442",19,0.99447025707426195,0.040889850897422808,507,507
fixed_train,3,0,9,"ac370000, ac370419, ac370442",20,0.99447025707426195,0.040909888481768242,507,506
fixed_train,3,0,9,"ac370000, ac370419, ac370442",21,0.99447025707426195,0.039756207395305387,507,507
fixed_train,3,0,9,"ac370000, ac370419, ac370442",22,0.99447025707426195,0.035338065900569426,507,507
fixed_train,3,0,9,"ac370000, ac370419, ac370442",23,0.99447025707426195,0.039834454145040277,507,507
fixed_train,3,0,9,"ac370000, ac370419, ac370442",24,0.99447025707426195,0.037583409938161672,507,507
fixed_train,3,0,9,"ac370000, ac370419, ac370442",25,0.99447025707426195,0.04305991268233178,507,507
fixed_train,3,0,9,"ac370000, ac370419, ac370442",26,0.99447025707426195,0.045268533391789378,507,507
fixed_train,3,0,9,"ac370000, ac370419, ac370442",27,0.99447025707426195,0.038718044684881381,507,507
fixed_train,3,0,9,"ac370000, ac370419, ac370442",28,0.99447025707426195,0.038679394048701021,507,507
fixed_train,3,0,9,"ac370000, ac370419, ac370442",29,0.99447025707426195,0.032080876543288506,507,506
faithful_train,3,0,0,"370407, ac370000",0,0.99447025707426195,0.037547136647937296,536,533
faithful_train,3,0,0,"370407, ac370000",1,0.99447025707426195,0.044405521269215598,536,528
faithful_train,3,0,0,"370407, ac370000",2,0.99447025707426195,0.057931227354597103,536,526
faithful_train,3,0,0,"370407, ac370000",3,0.99447025707426195,0.070586302848967608,536,521
faithful_train,3,0,0,"370407, ac370000",4,0.99447025707426195,0.063601385819458733,536,506
faithful_train,3,0,0,"370407, ac370000",5,0.99447025707426195,0.076211014983750713,536,503
faithful_train,3,0,0,"370407, ac370000",6,0.99447025707426195,0.074955871122874274,536,504
faithful_train,3,0,0,"370407, ac370000",7,0.99447025707426195,0.062549780050351833,536,501
faithful_train,3,0,0,"370407, ac370000",8,0.99447025707426195,0.070291495052864805,536,490
faithful_train,3,0,0,"370407, ac370000",9,0.99447025707426195,0.062549780050351833,536,495
faithful_train,3,0,1,"ac370000, ac370419",0,0.99447025707426195,0.077302424534971159,525,524
faithful_train,3,0,1,"ac370000, ac370419",1,0.99447025707426195,0.063644152013848765,525,523
faithful_train,3,0,1,"ac370000, ac370419",2,0.99447025707426195,0.064826584345546223,525,506
faithful_train,3,0,1,"ac370000, ac370419",3,0.99447025707426195,0.067060118544634562,525,493
faithful_train,3,0,1,"ac370000, ac370419",4,0.99447025707426195,0.072825010077635532,525,484
faithful_train,3,0,1,"ac370000, ac370419",5,0.99447025707426195,0.058045860835168717,525,484
faithful_train,3,0,1,"ac370000, ac370419",6,0.99447025707426195,0.073812016665274482,525,483
faithful_train,3,0,1,"ac370000, ac370419",7,0.99447025707426195,0.075942473094828711,525,484
faithful_train,3,0,1,"ac370000, ac370419",8,0.99447025707426195,0.078281974952092104,525,480
faithful_train,3,0,1,"ac370000, ac370419",9,0.99447025707426195,0.071627798357499328,525,480
faithful_train,3,0,2,"ac370000, ac370443",0,0.99447025707426195,0.065966365282090322,513,513
faithful_train,3,0,2,"ac370000, ac370443",1,0.99447025707426195,0.074801231842814508,513,506
faithful_train,3,0,2,"ac370000, ac370443",2,0.99447025707426195,0.070386190787766201,513,499
faithful_train,3,0,2,"ac370000, ac370443",3,0.99447025707426195,0.071577037521865616,513,486
faithful_train,3,0,2,"ac370000, ac370443",4,0.99447025707426195,0.074903378808068966,513,489
faithful_train,3,0,2,"ac370000, ac370443",5,0.99447025707426195,0.070434872045079699,513,482
faithful_train,3,0,2,"ac370000, ac370443",6,0.99447025707426195,0.070534923525324755,513,478
faithful_train,3,0,2,"ac370000, ac370443",7,0.99447025707426195,0.071627798357499328,513,467
faithful_train,3,0,2,"ac370000, ac370443",8,0.99447025707426195,0.071527186942811238,513,470
faithful_train,3,0,2,"ac370000, ac370443",9,0.99447025707426195,0.068153369207957337,513,474
faithful_train,3,0,3,"ac370000, ac370419, ac370443",0,0.99447025707426195,0.06487210009163924,511,507
faithful_train,3,0,3,"ac370000, ac370419, ac370443",1,0.99447025707426195,0.076155370704124037,511,487
faithful_train,3,0,3,"ac370000, ac370419, ac370443",2,0.99447025707426195,0.072720159621523894,511,487
faithful_train,3,0,3,"ac370000, ac370419, ac370443",3,0.99447025707426195,0.067014011065177459,511,480
faithful_train,3,0,3,"ac370000, ac370419, ac370443",4,0.99447025707426195,0.065920547628148363,511,474
faithful_train,3,0,3,"ac370000, ac370419, ac370443",5,0.99447025707426195,0.063644152013848765,511,478
faithful_train,3,0,3,"ac370000, ac370419, ac370443",6,0.99447025707426195,0.071679474066871252,511,477
faithful_train,3,0,3,"ac370000, ac370419, ac370443",7,0.99447025707426195,0.061541602114772331,511,483
faithful_train,3,0,3,"ac370000, ac370419, ac370443",8,0.99447025707426195,0.067014011065177459,511,480
faithful_train,3,0,3,"ac370000, ac370419, ac370443",9,0.99447025707426195,0.062549780050351833,511,483
faithful_train,3,0,4,"ac370419, ac370443",0,0.99447025707426195,0.058006913521237657,511,427
faithful_train,3,0,4,"ac370419, ac370443",1,0.99447025707426195,0.064826584345546223,511,470
faithful_train,3,0,4,"ac370419, ac370443",2,0.99447025707426195,0.069246126572590327,511,469
faithful_train,3,0,4,"ac370419, ac370443",3,0.99447025707426195,0.06810698394543524,511,466
faithful_train,3,0,4,"ac370419, ac370443",4,0.99447025707426195,0.068200618663584955,511,461
faithful_train,3,0,4,"ac370419, ac370443",5,0.99447025707426195,0.058006913521237657,511,470
faithful_train,3,0,4,"ac370419, ac370443",6,0.99447025707426195,0.064781895557764702,511,471
faithful_train,3,0,4,"ac370419, ac370443",7,0.99447025707426195,0.065875567979642113,511,482
faithful_train,3,0,4,"ac370419, ac370443",8,0.99447025707426195,0.062549780050351833,511,480
faithful_train,3,0,4,"ac370419, ac370443",9,0.99447025707426195,0.059141312997188056,511,471
faithful_train,3,0,5,"ac370000, ac370442",0,0.99447025707426195,0.061454904468530414,510,510
faithful_train,3,0,5,"ac370000, ac370442",1,0.99447025707426195,0.060359515947369435,510,504
faithful_train,3,0,5,"ac370000, ac370442",2,0.99447025707426195,0.060359515947369435,510,499
faithful_train,3,0,5,"ac370000, ac370442",3,0.99447025707426195,0.059102057975191746,510,489
faithful_train,3,0,5,"ac370000, ac370442",4,0.99447025707426195,0.063644152013848765,510,485
faithful_train,3,0,5,"ac370000, ac370442",5,0.99447025707426195,0.066968752591085479,510,483
faithful_train,3,0,5,"ac370000, ac370442",6,0.99447025707426195,0.06810698394543524,510,476
faithful_train,3,0,5,"ac370000, ac370442",7,0.99447025707426195,0.062593050146457774,510,476
faithful_train,3,0,5,"ac370000, ac370442",8,0.99447025707426195,0.069293652743723122,510,474
faithful_train,3,0,5,"ac370000, ac370442",9,0.99447025707426195,0.063687726048339388,510,473
faithful_train,3,0,6,"370407, ac370000, ac370419",0,0.99447025707426195,0.067154897413543524,508,507
faithful_train,3,0,6,"370407, ac370000, ac370419",1,0.99447025707426195,0.067154897413543524,508,496
faithful_train,3,0,6,"370407, ac370000, ac370419",2,0.99447025707426195,0.063601385819458733,508,487
faithful_train,3,0,6,"370407, ac370000, ac370419",3,0.99447025707426195,0.061497858519101167,508,485
faithful_train,3,0,6,"370407, ac370000, ac370419",4,0.99447025707426195,0.069246126572590327,508,474
faithful_train,3,0,6,"370407, ac370000, ac370419",5,0.99447025707426195,0.060359515947369435,508,470
faithful_train,3,0,6,"370407, ac370000, ac370419",6,0.99447025707426195,0.0637773136161226,508,479
faithful_train,3,0,6,"370407, ac370000, ac370419",7,0.99447025707426195,0.059181320082262623,508,473
faithful_train,3,0,6,"370407, ac370000, ac370419",8,0.99447025707426195,0.067253123705998341,508,471
faithful_train,3,0,6,"370407, ac370000, ac370419",9,0.99447025707426195,0.060317664542939076,508,467
faithful_train,3,0,7,"370407, ac370419",0,0.99447025707426195,0.057931227354597103,508,450
faithful_train,3,0,7,"370407, ac370419",1,0.99447025707426195,0.060402141804821619,508,474
faithful_train,3,0,7,"370407, ac370419",2,0.99447025707426195,0.057968703529065913,508,475
faithful_train,3,0,7,"370407, ac370419",3,0.99447025707426195,0.062593050146457774,508,474
faithful_train,3,0,7,"370407, ac370419",4,0.99447025707426195,0.063687726048339388,508,473
faithful_train,3,0,7,"370407, ac370419",5,0.99447025707426195,0.067014011065177459,508,461
faithful_train,3,0,7,"370407, ac370419",6,0.99447025707426195,0.06487210009163924,508,467
faithful_train,3,0,7,"370407, ac370419",7,0.99447025707426195,0.060359515947369435,508,476
faithful_train,3,0,7,"370407, ac370419",8,0.99447025707426195,0.056989261308912575,508,470
faithful_train,3,0,7,"370407, ac370419",9,0.99447025707426195,0.062681996469587831,508,470
faithful_train,3,0,8,"ac370442, ac370443",0,0.99447025707426195,0.057029351756111901,507,507
faithful_train,3,0,8,"ac370442, ac370443",1,0.99447025707426195,0.062637120948230485,507,461
faithful_train,3,0,8,"ac370442, ac370443",2,0.99447025707426195,0.061454904468530414,507,457
faithful_train,3,0,8,"ac370442, ac370443",3,0.99447025707426195,0.066013025117472979,507,467
faithful_train,3,0,8,"ac370442, ac370443",4,0.99447025707426195,0.065013650886560526,507,468
faithful_train,3,0,8,"ac370442, ac370443",5,0.99447025707426195,0.05471848815067637,507,465
faithful_train,3,0,8,"ac370442, ac370443",6,0.99447025707426195,0.068297727453234702,507,462
faithful_train,3,0,8,"ac370442, ac370443",7,0.99447025707426195,0.060402141804821619,507,459
faithful_train,3,0,8,"ac370442, ac370443",8,0.99447025707426195,0.068347595620299795,507,460
faithful_train,3,0,8,"ac370442, ac370443",9,0.99447025707426195,0.062637120948230485,507,466
faithful_train,3,0,9,"ac370000, ac370419, ac370442",0,0.99447025707426195,0.059181320082262623,507,506
faithful_train,3,0,9,"ac370000, ac370419, ac370442",1,0.99447025707426195,0.062593050146457774,507,503
faithful_train,3,0,9,"ac370000, ac370419, ac370442",2,0.99447025707426195,0.058125981748280986,507,494
faithful_train,3,0,9,"ac370000, ac370419, ac370442",3,0.99447025707426195,0.063917855431685711,507,492
faithful_train,3,0,9,"ac370000, ac370419, ac370442",4,0.99447025707426195,0.066060531381144649,507,478
faithful_train,3,0,9,"ac370000, ac370419, ac370442",5,0.99447025707426195,0.059141312997188056,507,478
faithful_train,3,0,9,"ac370000, ac370419, ac370442",6,0.99447025707426195,0.066158100539989606,507,479
faithful_train,3,0,9,"ac370000, ac370419, ac370442",7,0.99447025707426195,0.0637321119005958,507,480
faithful_train,3,0,9,"ac370000, ac370419, ac370442",8,0.99447025707426195,0.054644692395817263,507,479
faithful_train,3,0,9,"ac370000, ac370419, ac370442",9,0.99447025707426195,0.061371349408323339,507,472
fixed_test,3,1,0,"370407, ac370000",0,0.93767052013011987,0.012595761861172283,140,139
fixed_test,3,1,0,"370407, ac370000",1,0.93767052013011987,0.017316537829234924,140,140
fixed_test,3,1,0,"370407, ac370000",2,0.93767052013011987,0.030359490297463321,140,139
fixed_test,3,1,0,"370407, ac370000",3,0.93767052013011987,0.017316537829234924,140,139
fixed_test,3,1,0,"370407, ac370000",4,0.93767052013011987,0.012704448360826515,140,140
fixed_test,3,1,0,"370407, ac370000",5,0.93767052013011987,0.017316537829234924,140,139
fixed_test,3,1,0,"370407, ac370000",6,0.93767052013011987,0.017180865670597512,140,139
fixed_test,3,1,0,"370407, ac370000",7,0.93767052013011987,0.026166095351358831,140,140
fixed_test,3,1,0,"370407, ac370000",8,0.93767052013011987,0.017316537829234924,140,140
fixed_test,3,1,0,"370407, ac370000",9,0.93767052013011987,-0.0089042114099829872,140,140
fixed_test,3,1,0,"370407, ac370000",10,0.93767052013011987,-0.00013871177357649422,140,140
fixed_test,3,1,0,"370407, ac370000",11,0.93767052013011987,0.02601534850842846,140,140
fixed_test,3,1,0,"370407, ac370000",12,0.93767052013011987,0.021983893018170164,140,138
fixed_test,3,1,0,"370407, ac370000",13,0.93767052013011987,0.012960767972216014,140,140
fixed_test,3,1,0,"370407, ac370000",14,0.93767052013011987,0.0086000128711691826,140,140
fixed_test,3,1,0,"370407, ac370000",15,0.93767052013011987,0.026166095351358831,140,140
fixed_test,3,1,0,"370407, ac370000",16,0.93767052013011987,0.0086000128711691826,140,137
fixed_test,3,1,0,"370407, ac370000",17,0.93767052013011987,0.021818444188933195,140,139
fixed_test,3,1,0,"370407, ac370000",18,0.93767052013011987,0.012960767972216014,140,140
fixed_test,3,1,0,"370407, ac370000",19,0.93767052013011987,0.013108801135217507,140,140
fixed_test,3,1,0,"370407, ac370000",20,0.93767052013011987,0.021818444188933195,140,140
fixed_test,3,1,0,"370407, ac370000",21,0.93767052013011987,0.0083463828327666745,140,139
fixed_test,3,1,0,"370407, ac370000",22,0.93767052013011987,0.012826052986666059,140,139
fixed_test,3,1,0,"370407, ac370000",23,0.93767052013011987,0.0083463828327666745,140,140
fixed_test,3,1,0,"370407, ac370000",24,0.93767052013011987,0.021531969329144807,140,140
fixed_test,3,1,0,"370407, ac370000",25,0.93767052013011987,-0.0045178249980784013,140,140
fixed_test,3,1,0,"370407, ac370000",26,0.93767052013011987,0.0086000128711691826,140,140
fixed_test,3,1,0,"370407, ac370000",27,0.93767052013011987,0.012960767972216014,140,140
fixed_test,3,1,0,"370407, ac370000",28,0.93767052013011987,0.012960767972216014,140,140
fixed_test,3,1,0,"370407, ac370000",29,0.93767052013011987,0.017466199463800236,140,139
fixed_test,3,1,1,"ac370000, ac370419",0,0.93767052013011987,0.009075831035500026,135,135
fixed_test,3,1,1,"ac370000, ac370419",1,0.93767052013011987,-0.00026617372146209295,135,135
fixed_test,3,1,1,"ac370000, ac370419",2,0.93767052013011987,-0.0089042114099829872,135,135
fixed_test,3,1,1,"ac370000, ac370419",3,0.93767052013011987,0.0087456836687526129,135,135
fixed_test,3,1,1,"ac370000, ac370419",4,0.93767052013011987,0.004233709252264739,135,135
fixed_test,3,1,1,"ac370000, ac370419",5,0.93767052013011987,0.026514474553410827,135,134
fixed_test,3,1,1,"ac370000, ac370419",6,0.93767052013011987,0.0087456836687526129,135,134
fixed_test,3,1,1,"ac370000, ac370419",7,0.93767052013011987,0.0043762757514296258,135,135
fixed_test,3,1,1,"ac370000, ac370419",8,0.93767052013011987,0.0087456836687526129,135,134
fixed_test,3,1,1,"ac370000, ac370419",9,0.93767052013011987,0.013108801135217507,135,134
fixed_test,3,1,1,"ac370000, ac370419",10,0.93767052013011987,0.013108801135217507,135,135
fixed_test,3,1,1,"ac370000, ac370419",11,0.93767052013011987,0.013108801135217507,135,135
fixed_test,3,1,1,"ac370000, ac370419",12,0.93767052013011987,0.01763007911108172,135,134
fixed_test,3,1,1,"ac370000, ac370419",13,0.93767052013011987,-0.0045178249980784013,135,134
fixed_test,3,1,1,"ac370000, ac370419",14,0.93767052013011987,0.026332386056431289,135,133
fixed_test,3,1,1,"ac370000, ac370419",15,0.93767052013011987,0.004233709252264739,135,133
fixed_test,3,1,1,"ac370000, ac370419",16,0.93767052013011987,0.017316537829234924,135,134
fixed_test,3,1,1,"ac370000, ac370419",17,0.93767052013011987,0.004233709252264739,135,134
fixed_test,3,1,1,"ac370000, ac370419",18,0.93767052013011987,0.013108801135217507,135,135
fixed_test,3,1,1,"ac370000, ac370419",19,0.93767052013011987,0.013108801135217507,135,135
fixed_test,3,1,1,"ac370000, ac370419",20,0.93767052013011987,-0.00013871177357649422,135,135
fixed_test,3,1,1,"ac370000, ac370419",21,0.93767052013011987,0.0045310038207366787,135,134
fixed_test,3,1,1,"ac370000, ac370419",22,0.93767052013011987,0.004233709252264739,135,134
fixed_test,3,1,1,"ac370000, ac370419",23,0.93767052013011987,0.013270376500937653,135,134
fixed_test,3,1,1,"ac370000, ac370419",24,0.93767052013011987,0.0043762757514296258,135,135
fixed_test,3,1,1,"ac370000, ac370419",25,0.93767052013011987,0.021818444188933195,135,135
fixed_test,3,1,1,"ac370000, ac370419",26,0.93767052013011987,0.0087456836687526129,135,135
fixed_test,3,1,1,"ac370000, ac370419",27,0.93767052013011987,0.0087456836687526129,135,135
fixed_test,3,1,1,"ac370000, ac370419",28,0.93767052013011987,0.0043762757514296258,135,135
fixed_test,3,1,1,"ac370000, ac370419",29,0.93767052013011987,0.0087456836687526129,135,133
fixed_test,3,1,2,"ac370000, ac370443",0,0.93767052013011987,0.013270376500937653,132,132
fixed_test,3,1,2,"ac370000, ac370443",1,0.93767052013011987,0.012960767972216014,132,132
fixed_test,3,1,2,"ac370000, ac370443",2,0.93767052013011987,0.0086000128711691826,132,132
fixed_test,3,1,2,"ac370000, ac370443",3,0.93767052013011987,0.0045310038207366787,132,132
fixed_test,3,1,2,"ac370000, ac370443",4,0.93767052013011987,0.013108801135217507,132,130
fixed_test,3,1,2,"ac370000, ac370443",5,0.93767052013011987,-0.00026617372146209295,132,132
fixed_test,3,1,2,"ac370000, ac370443",6,0.93767052013011987,0.021983893018170164,132,132
fixed_test,3,1,2,"ac370000, ac370443",7,0.93767052013011987,0.01780842281996553,132,132
fixed_test,3,1,2,"ac370000, ac370443",8,0.93767052013011987,0.0086000128711691826,132,132
fixed_test,3,1,2,"ac370000, ac370443",9,0.93767052013011987,0.01763007911108172,132,132
fixed_test,3,1,2,"ac370000, ac370443",10,0.93767052013011987,0.017466199463800236,132,131
fixed_test,3,1,2,"ac370000, ac370443",11,0.93767052013011987,0.0043762757514296258,132,131
fixed_test,3,1,2,"ac370000, ac370443",12,0.93767052013011987,0.013270376500937653,132,131
fixed_test,3,1,2,"ac370000, ac370443",13,0.93767052013011987,0.004233709252264739,132,131
fixed_test,3,1,2,"ac370000, ac370443",14,0.93767052013011987,-0.00013871177357649422,132,131
fixed_test,3,1,2,"ac370000, ac370443",15,0.93767052013011987,0.01763007911108172,132,132
fixed_test,3,1,2,"ac370000, ac370443",16,0.93767052013011987,0.021667880381553983,132,131
fixed_test,3,1,2,"ac370000, ac370443",17,0.93767052013011987,0.017316537829234924,132,132
fixed_test,3,1,2,"ac370000, ac370443",18,0.93767052013011987,0.0043762757514296258,132,129
fixed_test,3,1,2,"ac370000, ac370443",19,0.93767052013011987,0.013108801135217507,132,130
fixed_test,3,1,2,"ac370000, ac370443",20,0.93767052013011987,0.0089042114099828762,132,131
fixed_test,3,1,2,"ac370000, ac370443",21,0.93767052013011987,0.0089042114099828762,132,130
fixed_test,3,1,2,"ac370000, ac370443",22,0.93767052013011987,0,132,131
fixed_test,3,1,2,"ac370000, ac370443",23,0.93767052013011987,-0.00013871177357649422,132,131
fixed_test,3,1,2,"ac370000, ac370443",24,0.93767052013011987,-0.0045178249980784013,132,132
fixed_test,3,1,2,"ac370000, ac370443",25,0.93767052013011987,0.01763007911108172,132,132
fixed_test,3,1,2,"ac370000, ac370443",26,0.93767052013011987,-0.004641382630687696,132,131
fixed_test,3,1,2,"ac370000, ac370443",27,0.93767052013011987,0.017466199463800236,132,130
fixed_test,3,1,2,"ac370000, ac370443",28,0.93767052013011987,0.017466199463800236,132,132
fixed_test,3,1,2,"ac370000, ac370443",29,0.93767052013011987,0.004233709252264739,132,131
fixed_test,3,1,3,"ac370000, ac370419, ac370443",0,0.93767052013011987,-0.00013871177357649422,132,132
fixed_test,3,1,3,"ac370000, ac370419, ac370443",1,0.93767052013011987,0.013270376500937653,132,132
fixed_test,3,1,3,"ac370000, ac370419, ac370443",2,0.93767052013011987,0.026166095351358831,132,132
fixed_test,3,1,3,"ac370000, ac370419, ac370443",3,0.93767052013011987,0.026332386056431289,132,132
fixed_test,3,1,3,"ac370000, ac370419, ac370443",4,0.93767052013011987,0.021818444188933195,132,132
fixed_test,3,1,3,"ac370000, ac370419, ac370443",5,0.93767052013011987,0.0087456836687526129,132,132
fixed_test,3,1,3,"ac370000, ac370419, ac370443",6,0.93767052013011987,0.021531969329144807,132,132
fixed_test,3,1,3,"ac370000, ac370419, ac370443",7,0.93767052013011987,0.01763007911108172,132,132
fixed_test,3,1,3,"ac370000, ac370419, ac370443",8,0.93767052013011987,0.0087456836687526129,132,132
fixed_test,3,1,3,"ac370000, ac370419, ac370443",9,0.93767052013011987,0.026166095351358831,132,132
fixed_test,3,1,3,"ac370000, ac370419, ac370443",10,0.93767052013011987,0.01763007911108172,132,132
fixed_test,3,1,3,"ac370000, ac370419, ac370443",11,0.93767052013011987,-0.0043837273380121777,132,132
fixed_test,3,1,3,"ac370000, ac370419, ac370443",12,0.93767052013011987,0.026166095351358831,132,132
fixed_test,3,1,3,"ac370000, ac370419, ac370443",13,0.93767052013011987,0.017466199463800236,132,132
fixed_test,3,1,3,"ac370000, ac370419, ac370443",14,0.93767052013011987,0.021818444188933195,132,132
fixed_test,3,1,3,"ac370000, ac370419, ac370443",15,0.93767052013011987,0.0084669803071110161,132,132
fixed_test,3,1,3,"ac370000, ac370419, ac370443",16,0.93767052013011987,0.039351535171329499,132,132
fixed_test,3,1,3,"ac370000, ac370419, ac370443",17,0.93767052013011987,0.017316537829234924,132,132
fixed_test,3,1,3,"ac370000, ac370419, ac370443",18,0.93767052013011987,0.021983893018170164,132,132
fixed_test,3,1,3,"ac370000, ac370419, ac370443",19,0.93767052013011987,0.021818444188933195,132,132
fixed_test,3,1,3,"ac370000, ac370419, ac370443",20,0.93767052013011987,0.0084669803071110161,132,132
fixed_test,3,1,3,"ac370000, ac370419, ac370443",21,0.93767052013011987,0.01763007911108172,132,132
fixed_test,3,1,3,"ac370000, ac370419, ac370443",22,0.93767052013011987,0.013108801135217507,132,132
fixed_test,3,1,3,"ac370000, ac370419, ac370443",23,0.93767052013011987,0.012960767972216014,132,132
fixed_test,3,1,3,"ac370000, ac370419, ac370443",24,0.93767052013011987,0.017466199463800236,132,132
fixed_test,3,1,3,"ac370000, ac370419, ac370443",25,0.93767052013011987,0.017466199463800236,132,132
fixed_test,3,1,3,"ac370000, ac370419, ac370443",26,0.93767052013011987,0.026332386056431289,132,132
fixed_test,3,1,3,"ac370000, ac370419, ac370443",27,0.93767052013011987,0.0084669803071110161,132,132
fixed_test,3,1,3,"ac370000, ac370419, ac370443",28,0.93767052013011987,0.021983893018170164,132,132
fixed_test,3,1,3,"ac370000, ac370419, ac370443",29,0.93767052013011987,0.021667880381553983,132,132
fixed_test,3,1,4,"ac370419, ac370443",0,0.93767052013011987,-0.00013871177357649422,132,132
fixed_test,3,1,4,"ac370419, ac370443",1,0.93767052013011987,0.012960767972216014,132,132
fixed_test,3,1,4,"ac370419, ac370443",2,0.93767052013011987,0,132,131
fixed_test,3,1,4,"ac370419, ac370443",3,0.93767052013011987,0,132,131
fixed_test,3,1,4,"ac370419, ac370443",4,0.93767052013011987,0.004233709252264739,132,132
fixed_test,3,1,4,"ac370419, ac370443",5,0.93767052013011987,0.0043762757514296258,132,132
fixed_test,3,1,4,"ac370419, ac370443",6,0.93767052013011987,0,132,132
fixed_test,3,1,4,"ac370419, ac370443",7,0.93767052013011987,0.0043762757514296258,132,131
fixed_test,3,1,4,"ac370419, ac370443",8,0.93767052013011987,0,132,132
fixed_test,3,1,4,"ac370419, ac370443",9,0.93767052013011987,0.017466199463800236,132,131
fixed_test,3,1,4,"ac370419, ac370443",10,0.93767052013011987,0.0086000128711691826,132,132
fixed_test,3,1,4,"ac370419, ac370443",11,0.93767052013011987,0.0043762757514296258,132,132
fixed_test,3,1,4,"ac370419, ac370443",12,0.93767052013011987,0.0087456836687526129,132,131
fixed_test,3,1,4,"ac370419, ac370443",13,0.93767052013011987,0.0043762757514296258,132,131
fixed_test,3,1,4,"ac370419, ac370443",14,0.93767052013011987,0.0086000128711691826,132,132
fixed_test,3,1,4,"ac370419, ac370443",15,0.93767052013011987,0.0089042114099828762,132,132
fixed_test,3,1,4,"ac370419, ac370443",16,0.93767052013011987,-0.0090231072159056014,132,132
fixed_test,3,1,4,"ac370419, ac370443",17,0.93767052013011987,-0.0045178249980784013,132,132
fixed_test,3,1,4,"ac370419, ac370443",18,0.93767052013011987,0.0043762757514296258,132,131
fixed_test,3,1,4,"ac370419, ac370443",19,0.93767052013011987,-0.0043837273380121777,132,132
fixed_test,3,1,4,"ac370419, ac370443",20,0.93767052013011987,0.004233709252264739,132,132
fixed_test,3,1,4,"ac370419, ac370443",21,0.93767052013011987,-0.0045178249980784013,132,132
fixed_test,3,1,4,"ac370419, ac370443",22,0.93767052013011987,0.0087456836687526129,132,132
fixed_test,3,1,4,"ac370419, ac370443",23,0.93767052013011987,0.017316537829234924,132,132
fixed_test,3,1,4,"ac370419, ac370443",24,0.93767052013011987,0.013108801135217507,132,132
fixed_test,3,1,4,"ac370419, ac370443",25,0.93767052013011987,0.0087456836687526129,132,131
fixed_test,3,1,4,"ac370419, ac370443",26,0.93767052013011987,0.021667880381553983,132,131
fixed_test,3,1,4,"ac370419, ac370443",27,0.93767052013011987,-0.00013871177357649422,132,132
fixed_test,3,1,4,"ac370419, ac370443",28,0.93767052013011987,0.017466199463800236,132,132
fixed_test,3,1,4,"ac370419, ac370443",29,0.93767052013011987,0.013108801135217507,132,132
fixed_test,3,1,5,"ac370000, ac370442",0,0.93767052013011987,0.0086000128711691826,131,130
fixed_test,3,1,5,"ac370000, ac370442",1,0.93767052013011987,-0.0045178249980784013,131,130
fixed_test,3,1,5,"ac370000, ac370442",2,0.93767052013011987,0,131,130
fixed_test,3,1,5,"ac370000, ac370442",3,0.93767052013011987,0.0041030917554987223,131,131
fixed_test,3,1,5,"ac370000, ac370442",4,0.93767052013011987,0.026514474553410827,131,131
fixed_test,3,1,5,"ac370000, ac370442",5,0.93767052013011987,0.0043762757514296258,131,131
fixed_test,3,1,5,"ac370000, ac370442",6,0.93767052013011987,0.017316537829234924,131,131
fixed_test,3,1,5,"ac370000, ac370442",7,0.93767052013011987,0.0087456836687526129,131,131
fixed_test,3,1,5,"ac370000, ac370442",8,0.93767052013011987,0.017466199463800236,131,130
fixed_test,3,1,5,"ac370000, ac370442",9,0.93767052013011987,0.0045310038207366787,131,131
fixed_test,3,1,5,"ac370000, ac370442",10,0.93767052013011987,0.0043762757514296258,131,131
fixed_test,3,1,5,"ac370000, ac370442",11,0.93767052013011987,0.01763007911108172,131,131
fixed_test,3,1,5,"ac370000, ac370442",12,0.93767052013011987,-0.00013871177357649422,131,129
fixed_test,3,1,5,"ac370000, ac370442",13,0.93767052013011987,0.004233709252264739,131,130
fixed_test,3,1,5,"ac370000, ac370442",14,0.93767052013011987,0.0087456836687526129,131,130
fixed_test,3,1,5,"ac370000, ac370442",15,0.93767052013011987,0.004233709252264739,131,131
fixed_test,3,1,5,"ac370000, ac370442",16,0.93767052013011987,-0.0043837273380121777,131,131
fixed_test,3,1,5,"ac370000, ac370442",17,0.93767052013011987,0.012960767972216014,131,131
fixed_test,3,1,5,"ac370000, ac370442",18,0.93767052013011987,0.0086000128711691826,131,131
fixed_test,3,1,5,"ac370000, ac370442",19,0.93767052013011987,0.004233709252264739,131,130
fixed_test,3,1,5,"ac370000, ac370442",20,0.93767052013011987,0.026166095351358831,131,131
fixed_test,3,1,5,"ac370000, ac370442",21,0.93767052013011987,0.0086000128711691826,131,128
fixed_test,3,1,5,"ac370000, ac370442",22,0.93767052013011987,0.004233709252264739,131,130
fixed_test,3,1,5,"ac370000, ac370442",23,0.93767052013011987,0.0089042114099828762,131,129
fixed_test,3,1,5,"ac370000, ac370442",24,0.93767052013011987,0,131,130
fixed_test,3,1,5,"ac370000, ac370442",25,0.93767052013011987,0.0089042114099828762,131,130
fixed_test,3,1,5,"ac370000, ac370442",26,0.93767052013011987,0.0087456836687526129,131,131
fixed_test,3,1,5,"ac370000, ac370442",27,0.93767052013011987,0.013108801135217507,131,130
fixed_test,3,1,5,"ac370000, ac370442",28,0.93767052013011987,0.013270376500937653,131,131
fixed_test,3,1,5,"ac370000, ac370442",29,0.93767052013011987,-0.013175905476998095,131,130
fixed_test,3,1,6,"370407, ac370000, ac370419",0,0.93767052013011987,0.012960767972216014,132,132
fixed_test,3,1,6,"370407, ac370000, ac370419",1,0.93767052013011987,0.01763007911108172,132,132
fixed_test,3,1,6,"370407, ac370000, ac370419",2,0.93767052013011987,0.035198572649062565,132,132
fixed_test,3,1,6,"370407, ac370000, ac370419",3,0.93767052013011987,0.021667880381553983,132,132
fixed_test,3,1,6,"370407, ac370000, ac370419",4,0.93767052013011987,0.035015652873482739,132,131
fixed_test,3,1,6,"370407, ac370000, ac370419",5,0.93767052013011987,0.012960767972216014,132,132
fixed_test,3,1,6,"370407, ac370000, ac370419",6,0.93767052013011987,-0.00026617372146209295,132,132
fixed_test,3,1,6,"370407, ac370000, ac370419",7,0.93767052013011987,0.013108801135217507,132,132
fixed_test,3,1,6,"370407, ac370000, ac370419",8,0.93767052013011987,0.021983893018170164,132,132
fixed_test,3,1,6,"370407, ac370000, ac370419",9,0.93767052013011987,0.0043762757514296258,132,132
fixed_test,3,1,6,"370407, ac370000, ac370419",10,0.93767052013011987,0.012960767972216014,132,132
fixed_test,3,1,6,"370407, ac370000, ac370419",11,0.93767052013011987,-0.00013871177357649422,132,132
fixed_test,3,1,6,"370407, ac370000, ac370419",12,0.93767052013011987,0.017466199463800236,132,132
fixed_test,3,1,6,"370407, ac370000, ac370419",13,0.93767052013011987,0.030676120405650265,132,132
fixed_test,3,1,6,"370407, ac370000, ac370419",14,0.93767052013011987,0.017466199463800236,132,132
fixed_test,3,1,6,"370407, ac370000, ac370419",15,0.93767052013011987,0.0084669803071110161,132,132
fixed_test,3,1,6,"370407, ac370000, ac370419",16,0.93767052013011987,0.017316537829234924,132,132
fixed_test,3,1,6,"370407, ac370000, ac370419",17,0.93767052013011987,0.017466199463800236,132,132
fixed_test,3,1,6,"370407, ac370000, ac370419",18,0.93767052013011987,-0.00013871177357649422,132,132
fixed_test,3,1,6,"370407, ac370000, ac370419",19,0.93767052013011987,-0.0045178249980784013,132,132
fixed_test,3,1,6,"370407, ac370000, ac370419",20,0.93767052013011987,0.026166095351358831,132,132
fixed_test,3,1,6,"370407, ac370000, ac370419",21,0.93767052013011987,0.017466199463800236,132,132
fixed_test,3,1,6,"370407, ac370000, ac370419",22,0.93767052013011987,0.021818444188933195,132,132
fixed_test,3,1,6,"370407, ac370000, ac370419",23,0.93767052013011987,0.0043762757514296258,132,132
fixed_test,3,1,6,"370407, ac370000, ac370419",24,0.93767052013011987,0.026166095351358831,132,132
fixed_test,3,1,6,"370407, ac370000, ac370419",25,0.93767052013011987,0.013108801135217507,132,132
fixed_test,3,1,6,"370407, ac370000, ac370419",26,0.93767052013011987,0.026166095351358831,132,132
fixed_test,3,1,6,"370407, ac370000, ac370419",27,0.93767052013011987,0.017316537829234924,132,132
fixed_test,3,1,6,"370407, ac370000, ac370419",28,0.93767052013011987,0.0086000128711691826,132,132
fixed_test,3,1,6,"370407, ac370000, ac370419",29,0.93767052013011987,0.01763007911108172,132,132
fixed_test,3,1,7,"370407, ac370419",0,0.93767052013011987,0.0089042114099828762,132,132
fixed_test,3,1,7,"370407, ac370419",1,0.93767052013011987,0.01763007911108172,132,132
fixed_test,3,1,7,"370407, ac370419",2,0.93767052013011987,0.0087456836687526129,132,131
fixed_test,3,1,7,"370407, ac370419",3,0.93767052013011987,0.01763007911108172,132,131
fixed_test,3,1,7,"370407, ac370419",4,0.93767052013011987,-0.0087754966908450971,132,132
fixed_test,3,1,7,"370407, ac370419",5,0.93767052013011987,0.004233709252264739,132,132
fixed_test,3,1,7,"370407, ac370419",6,0.93767052013011987,0.0045310038207366787,132,132
fixed_test,3,1,7,"370407, ac370419",7,0.93767052013011987,-0.0089042114099829872,132,132
fixed_test,3,1,7,"370407, ac370419",8,0.93767052013011987,0,132,132
fixed_test,3,1,7,"370407, ac370419",9,0.93767052013011987,0.013108801135217507,132,131
fixed_test,3,1,7,"370407, ac370419",10,0.93767052013011987,0.0045310038207366787,132,131
fixed_test,3,1,7,"370407, ac370419",11,0.93767052013011987,0.0087456836687526129,132,132
fixed_test,3,1,7,"370407, ac370419",12,0.93767052013011987,0.004233709252264739,132,131
fixed_test,3,1,7,"370407, ac370419",13,0.93767052013011987,0.0089042114099828762,132,132
fixed_test,3,1,7,"370407, ac370419",14,0.93767052013011987,0.0087456836687526129,132,132
fixed_test,3,1,7,"370407, ac370419",15,0.93767052013011987,0.0087456836687526129,132,131
fixed_test,3,1,7,"370407, ac370419",16,0.93767052013011987,-0.00013871177357649422,132,131
fixed_test,3,1,7,"370407, ac370419",17,0.93767052013011987,-0.00013871177357649422,132,132
fixed_test,3,1,7,"370407, ac370419",18,0.93767052013011987,0.00015016717232740895,132,131
fixed_test,3,1,7,"370407, ac370419",19,0.93767052013011987,-0.0089042114099829872,132,131
fixed_test,3,1,7,"370407, ac370419",20,0.93767052013011987,-0.0045178249980784013,132,131
fixed_test,3,1,7,"370407, ac370419",21,0.93767052013011987,0.0089042114099828762,132,132
fixed_test,3,1,7,"370407, ac370419",22,0.93767052013011987,0.00015016717232740895,132,132
fixed_test,3,1,7,"370407, ac370419",23,0.93767052013011987,0.02216447725044568,132,132
fixed_test,3,1,7,"370407, ac370419",24,0.93767052013011987,-0.0043837273380121777,132,132
fixed_test,3,1,7,"370407, ac370419",25,0.93767052013011987,0.01763007911108172,132,132
fixed_test,3,1,7,"370407, ac370419",26,0.93767052013011987,-0.0045178249980784013,132,131
fixed_test,3,1,7,"370407, ac370419",27,0.93767052013011987,0.0086000128711691826,132,132
fixed_test,3,1,7,"370407, ac370419",28,0.93767052013011987,0.013270376500937653,132,132
fixed_test,3,1,7,"370407, ac370419",29,0.93767052013011987,0.0087456836687526129,132,132
fixed_test,3,1,8,"ac370442, ac370443",0,0.93767052013011987,0.017466199463800236,131,131
fixed_test,3,1,8,"ac370442, ac370443",1,0.93767052013011987,0.0043762757514296258,131,131
fixed_test,3,1,8,"ac370442, ac370443",2,0.93767052013011987,0,131,131
fixed_test,3,1,8,"ac370442, ac370443",3,0.93767052013011987,0.017466199463800236,131,131
fixed_test,3,1,8,"ac370442, ac370443",4,0.93767052013011987,-0.0045178249980784013,131,131
fixed_test,3,1,8,"ac370442, ac370443",5,0.93767052013011987,-0.0043837273380121777,131,131
fixed_test,3,1,8,"ac370442, ac370443",6,0.93767052013011987,0.004233709252264739,131,130
fixed_test,3,1,8,"ac370442, ac370443",7,0.93767052013011987,0.0045310038207366787,131,130
fixed_test,3,1,8,"ac370442, ac370443",8,0.93767052013011987,0,131,130
fixed_test,3,1,8,"ac370442, ac370443",9,0.93767052013011987,-0.0043837273380121777,131,129
fixed_test,3,1,8,"ac370442, ac370443",10,0.93767052013011987,-0.00013871177357649422,131,130
fixed_test,3,1,8,"ac370442, ac370443",11,0.93767052013011987,-0.0045178249980784013,131,131
fixed_test,3,1,8,"ac370442, ac370443",12,0.93767052013011987,0,131,131
fixed_test,3,1,8,"ac370442, ac370443",13,0.93767052013011987,0.0043762757514296258,131,131
fixed_test,3,1,8,"ac370442, ac370443",14,0.93767052013011987,0.021818444188933195,131,131
fixed_test,3,1,8,"ac370442, ac370443",15,0.93767052013011987,0.0087456836687526129,131,131
fixed_test,3,1,8,"ac370442, ac370443",16,0.93767052013011987,0,131,130
fixed_test,3,1,8,"ac370442, ac370443",17,0.93767052013011987,-0.0043837273380121777,131,131
fixed_test,3,1,8,"ac370442, ac370443",18,0.93767052013011987,0.0043762757514296258,131,130
fixed_test,3,1,8,"ac370442, ac370443",19,0.93767052013011987,0.004233709252264739,131,130
fixed_test,3,1,8,"ac370442, ac370443",20,0.93767052013011987,0.0043762757514296258,131,130
fixed_test,3,1,8,"ac370442, ac370443",21,0.93767052013011987,0.013108801135217507,131,131
fixed_test,3,1,8,"ac370442, ac370443",22,0.93767052013011987,0.013108801135217507,131,131
fixed_test,3,1,8,"ac370442, ac370443",23,0.93767052013011987,0.0087456836687526129,131,131
fixed_test,3,1,8,"ac370442, ac370443",24,0.93767052013011987,0.0087456836687526129,131,130
fixed_test,3,1,8,"ac370442, ac370443",25,0.93767052013011987,0.0087456836687526129,131,130
fixed_test,3,1,8,"ac370442, ac370443",26,0.93767052013011987,0.0087456836687526129,131,130
fixed_test,3,1,8,"ac370442, ac370443",27,0.93767052013011987,0.013108801135217507,131,129
fixed_test,3,1,8,"ac370442, ac370443",28,0.93767052013011987,0,131,131
fixed_test,3,1,8,"ac370442, ac370443",29,0.93767052013011987,0.0087456836687526129,131,131
fixed_test,3,1,9,"ac370000, ac370419, ac370442",0,0.93767052013011987,0.017316537829234924,131,131
fixed_test,3,1,9,"ac370000, ac370419, ac370442",1,0.93767052013011987,0.0089042114099828762,131,131
fixed_test,3,1,9,"ac370000, ac370419, ac370442",2,0.93767052013011987,0,131,131
fixed_test,3,1,9,"ac370000, ac370419, ac370442",3,0.93767052013011987,0.013108801135217507,131,131
fixed_test,3,1,9,"ac370000, ac370419, ac370442",4,0.93767052013011987,0.0086000128711691826,131,131
fixed_test,3,1,9,"ac370000, ac370419, ac370442",5,0.93767052013011987,0.013108801135217507,131,131
fixed_test,3,1,9,"ac370000, ac370419, ac370442",6,0.93767052013011987,0.0043762757514296258,131,131
fixed_test,3,1,9,"ac370000, ac370419, ac370442",7,0.93767052013011987,0.004233709252264739,131,131
fixed_test,3,1,9,"ac370000, ac370419, ac370442",8,0.93767052013011987,-0.0043837273380121777,131,131
fixed_test,3,1,9,"ac370000, ac370419, ac370442",9,0.93767052013011987,0.013108801135217507,131,130
fixed_test,3,1,9,"ac370000, ac370419, ac370442",10,0.93767052013011987,0.0089042114099828762,131,131
fixed_test,3,1,9,"ac370000, ac370419, ac370442",11,0.93767052013011987,-0.00013871177357649422,131,131
fixed_test,3,1,9,"ac370000, ac370419, ac370442",12,0.93767052013011987,0.0087456836687526129,131,131
fixed_test,3,1,9,"ac370000, ac370419, ac370442",13,0.93767052013011987,0.013270376500937653,131,131
fixed_test,3,1,9,"ac370000, ac370419, ac370442",14,0.93767052013011987,0,131,131
fixed_test,3,1,9,"ac370000, ac370419, ac370442",15,0.93767052013011987,0.012960767972216014,131,131
fixed_test,3,1,9,"ac370000, ac370419, ac370442",16,0.93767052013011987,0,131,131
fixed_test,3,1,9,"ac370000, ac370419, ac370442",17,0.93767052013011987,0.013108801135217507,131,131
fixed_test,3,1,9,"ac370000, ac370419, ac370442",18,0.93767052013011987,0.026332386056431289,131,131
fixed_test,3,1,9,"ac370000, ac370419, ac370442",19,0.93767052013011987,0.01763007911108172,131,131
fixed_test,3,1,9,"ac370000, ac370419, ac370442",20,0.93767052013011987,0.01763007911108172,131,131
fixed_test,3,1,9,"ac370000, ac370419, ac370442",21,0.93767052013011987,0.0086000128711691826,131,131
fixed_test,3,1,9,"ac370000, ac370419, ac370442",22,0.93767052013011987,0.013270376500937653,131,131
fixed_test,3,1,9,"ac370000, ac370419, ac370442",23,0.93767052013011987,-0.0043837273380121777,131,131
fixed_test,3,1,9,"ac370000, ac370419, ac370442",24,0.93767052013011987,0.0087456836687526129,131,131
fixed_test,3,1,9,"ac370000, ac370419, ac370442",25,0.93767052013011987,0.013270376500937653,131,131
fixed_test,3,1,9,"ac370000, ac370419, ac370442",26,0.93767052013011987,0.013108801135217507,131,131
fixed_test,3,1,9,"ac370000, ac370419, ac370442",27,0.93767052013011987,-0.0089042114099829872,131,131
fixed_test,3,1,9,"ac370000, ac370419, ac370442",28,0.93767052013011987,0.0043762757514296258,131,131
fixed_test,3,1,9,"ac370000, ac370419, ac370442",29,0.93767052013011987,0.0087456836687526129,131,131
fixed_train,3,1,0,"370407, ac370000",0,0.99335666949683843,0.037688585685777709,528,525
fixed_train,3,1,0,"370407, ac370000",1,0.99335666949683843,0.039838158061296203,528,525
fixed_train,3,1,0,"370407, ac370000",2,0.99335666949683843,0.042097830784362134,528,525
fixed_train,3,1,0,"370407, ac370000",3,0.99335666949683843,0.031057723160466844,528,525
fixed_train,3,1,0,"370407, ac370000",4,0.99335666949683843,0.035411349626585986,528,523
fixed_train,3,1,0,"370407, ac370000",5,0.99335666949683843,0.033275432199503907,528,525
fixed_train,3,1,0,"370407, ac370000",6,0.99335666949683843,0.038742045838668138,528,526
fixed_train,3,1,0,"370407, ac370000",7,0.99335666949683843,0.036569614914005122,528,526
fixed_train,3,1,0,"370407, ac370000",8,0.99335666949683843,0.045486131255152995,528,524
fixed_train,3,1,0,"370407, ac370000",9,0.99335666949683843,0.038680380868221231,528,527
fixed_train,3,1,0,"370407, ac370000",10,0.99335666949683843,0.032176481444519567,528,525
fixed_train,3,1,0,"370407, ac370000",11,0.99335666949683843,0.037688585685777709,528,526
fixed_train,3,1,0,"370407, ac370000",12,0.99335666949683843,0.038742045838668138,528,525
fixed_train,3,1,0,"370407, ac370000",13,0.99335666949683843,0.034353566431073457,528,527
fixed_train,3,1,0,"370407, ac370000",14,0.99335666949683843,0.036548630156880035,528,524
fixed_train,3,1,0,"370407, ac370000",15,0.99335666949683843,0.039882323453111268,528,525
fixed_train,3,1,0,"370407, ac370000",16,0.99335666949683843,0.044363977394688781,528,521
fixed_train,3,1,0,"370407, ac370000",17,0.99335666949683843,0.047623491864582923,528,526
fixed_train,3,1,0,"370407, ac370000",18,0.99335666949683843,0.03876360249842048,528,524
fixed_train,3,1,0,"370407, ac370000",19,0.99335666949683843,0.038720991356206325,528,525
fixed_train,3,1,0,"370407, ac370000",20,0.99335666949683843,0.040955966635830565,528,526
fixed_train,3,1,0,"370407, ac370000",21,0.99335666949683843,0.035431096016861674,528,527
fixed_train,3,1,0,"370407, ac370000",22,0.99335666949683843,0.03766681612186018,528,526
fixed_train,3,1,0,"370407, ac370000",23,0.99335666949683843,0.035493141238540749,528,526
fixed_train,3,1,0,"370407, ac370000",24,0.99335666949683843,0.03766681612186018,528,526
fixed_train,3,1,0,"370407, ac370000",25,0.99335666949683843,0.037604457107457856,528,525
fixed_train,3,1,0,"370407, ac370000",26,0.99335666949683843,0.03876360249842048,528,525
fixed_train,3,1,0,"370407, ac370000",27,0.99335666949683843,0.03652812504150571,528,524
fixed_train,3,1,0,"370407, ac370000",28,0.99335666949683843,0.04538380823015542,528,526
fixed_train,3,1,0,"370407, ac370000",29,0.99335666949683843,0.03771085027757759,528,523
fixed_train,3,1,1,"ac370000, ac370419",0,0.99335666949683843,0.029921469465210127,517,514
fixed_train,3,1,1,"ac370000, ac370419",1,0.99335666949683843,0.04545967860568989,517,514
fixed_train,3,1,1,"ac370000, ac370419",2,0.99335666949683843,0.03876360249842048,517,515
fixed_train,3,1,1,"ac370000, ac370419",3,0.99335666949683843,0.036658390873273827,517,513
fixed_train,3,1,1,"ac370000, ac370419",4,0.99335666949683843,0.042121777304671482,517,516
fixed_train,3,1,1,"ac370000, ac370419",5,0.99335666949683843,0.044444230373162474,517,513
fixed_train,3,1,1,"ac370000, ac370419",6,0.99335666949683843,0.039905181495224595,517,514
fixed_train,3,1,1,"ac370000, ac370419",7,0.99335666949683843,0.041049581318275408,517,512
fixed_train,3,1,1,"ac370000, ac370419",8,0.99335666949683843,0.036705710426140015,517,515
fixed_train,3,1,1,"ac370000, ac370419",9,0.99335666949683843,0.031038798257436717,517,512
fixed_train,3,1,1,"ac370000, ac370419",10,0.99335666949683843,0.035514764878136984,517,515
fixed_train,3,1,1,"ac370000, ac370419",11,0.99335666949683843,0.033295917752805715,517,511
fixed_train,3,1,1,"ac370000, ac370419",12,0.99335666949683843,0.041125408148771081,517,515
fixed_train,3,1,1,"ac370000, ac370419",13,0.99335666949683843,0.042171306254131569,517,515
fixed_train,3,1,1,"ac370000, ac370419",14,0.99335666949683843,0.042146268355651606,517,514
fixed_train,3,1,1,"ac370000, ac370419",15,0.99335666949683843,0.038808230634347018,517,515
fixed_train,3,1,1,"ac370000, ac370419",16,0.99335666949683843,0.035606023523226948,517,516
fixed_train,3,1,1,"ac370000, ac370419",17,0.99335666949683843,0.036613031381397487,517,516
fixed_train,3,1,1,"ac370000, ac370419",18,0.99335666949683843,0.046554968923565476,517,513
fixed_train,3,1,1,"ac370000, ac370419",19,0.99335666949683843,0.03555943717727994,517,514
fixed_train,3,1,1,"ac370000, ac370419",20,0.99335666949683843,0.03555943717727994,517,514
fixed_train,3,1,1,"ac370000, ac370419",21,0.99335666949683843,0.03771085027757759,517,516
fixed_train,3,1,1,"ac370000, ac370419",22,0.99335666949683843,0.03771085027757759,517,513
fixed_train,3,1,1,"ac370000, ac370419",23,0.99335666949683843,0.037733612003468586,517,513
fixed_train,3,1,1,"ac370000, ac370419",24,0.99335666949683843,0.039952459128799966,517,515
fixed_train,3,1,1,"ac370000, ac370419",25,0.99335666949683843,0.034416041675686682,517,514
fixed_train,3,1,1,"ac370000, ac370419",26,0.99335666949683843,0.042074426520023134,517,514
fixed_train,3,1,1,"ac370000, ac370419",27,0.99335666949683843,0.035514764878136984,517,512
fixed_train,3,1,1,"ac370000, ac370419",28,0.99335666949683843,0.03766681612186018,517,512
fixed_train,3,1,1,"ac370000, ac370419",29,0.99335666949683843,0.039905181495224595,517,516
fixed_train,3,1,2,"ac370000, ac370443",0,0.99335666949683843,0.03766681612186018,505,504
fixed_train,3,1,2,"ac370000, ac370443",1,0.99335666949683843,0.042074426520023134,505,503
fixed_train,3,1,2,"ac370000, ac370443",2,0.99335666949683843,0.035493141238540749,505,502
fixed_train,3,1,2,"ac370000, ac370443",3,0.99335666949683843,0.048717757023184816,505,504
fixed_train,3,1,2,"ac370000, ac370443",4,0.99335666949683843,0.039838158061296203,505,503
fixed_train,3,1,2,"ac370000, ac370443",5,0.99335666949683843,0.04545967860568989,505,503
fixed_train,3,1,2,"ac370000, ac370443",6,0.99335666949683843,0.042051562278651478,505,504
fixed_train,3,1,2,"ac370000, ac370443",7,0.99335666949683843,0.042223032074191647,505,504
fixed_train,3,1,2,"ac370000, ac370443",8,0.99335666949683843,0.041049581318275408,505,502
fixed_train,3,1,2,"ac370000, ac370443",9,0.99335666949683843,0.043217760362800006,505,505
fixed_train,3,1,2,"ac370000, ac370443",10,0.99335666949683843,0.03876360249842048,505,503
fixed_train,3,1,2,"ac370000, ac370443",11,0.99335666949683843,0.032156782663004257,505,502
fixed_train,3,1,2,"ac370000, ac370443",12,0.99335666949683843,0.025505334691661607,505,504
fixed_train,3,1,2,"ac370000, ac370443",13,0.99335666949683843,0.039976883183931555,505,499
fixed_train,3,1,2,"ac370000, ac370443",14,0.99335666949683843,0.038785663396936676,505,505
fixed_train,3,1,2,"ac370000, ac370443",15,0.99335666949683843,0.035471989876330712,505,503
fixed_train,3,1,2,"ac370000, ac370443",16,0.99335666949683843,0.036591081310566209,505,503
fixed_train,3,1,2,"ac370000, ac370443",17,0.99335666949683843,0.044313338115613221,505,502
fixed_train,3,1,2,"ac370000, ac370443",18,0.99335666949683843,0.04102537995812805,505,504
fixed_train,3,1,2,"ac370000, ac370443",19,0.99335666949683843,0.038808230634347018,505,502
fixed_train,3,1,2,"ac370000, ac370443",20,0.99335666949683843,0.041049581318275408,505,503
fixed_train,3,1,2,"ac370000, ac370443",21,0.99335666949683843,0.040933885105443935,505,503
fixed_train,3,1,2,"ac370000, ac370443",22,0.99335666949683843,0.039905181495224595,505,503
fixed_train,3,1,2,"ac370000, ac370443",23,0.99335666949683843,0.036613031381397487,505,503
fixed_train,3,1,2,"ac370000, ac370443",24,0.99335666949683843,0.042074426520023134,505,502
fixed_train,3,1,2,"ac370000, ac370443",25,0.99335666949683843,0.036613031381397487,505,501
fixed_train,3,1,2,"ac370000, ac370443",26,0.99335666949683843,0.033316852657203855,505,502
fixed_train,3,1,2,"ac370000, ac370443",27,0.99335666949683843,0.033235801459358005,505,502
fixed_train,3,1,2,"ac370000, ac370443",28,0.99335666949683843,0.042121777304671482,505,505
fixed_train,3,1,2,"ac370000, ac370443",29,0.99335666949683843,0.039928559316614765,505,500
fixed_train,3,1,3,"ac370000, ac370419, ac370443",0,0.99335666949683843,0.051998353851631096,503,503
fixed_train,3,1,3,"ac370000, ac370419, ac370443",1,0.99335666949683843,0.047623491864582923,503,503
fixed_train,3,1,3,"ac370000, ac370419, ac370443",2,0.99335666949683843,0.039928559316614765,503,503
fixed_train,3,1,3,"ac370000, ac370419, ac370443",3,0.99335666949683843,0.04864164181720898,503,503
fixed_train,3,1,3,"ac370000, ac370419, ac370443",4,0.99335666949683843,0.044313338115613221,503,503
fixed_train,3,1,3,"ac370000, ac370419, ac370443",5,0.99335666949683843,0.048666404010112796,503,503
fixed_train,3,1,3,"ac370000, ac370419, ac370443",6,0.99335666949683843,0.049811649824480275,503,503
fixed_train,3,1,3,"ac370000, ac370419, ac370443",7,0.99335666949683843,0.040933885105443935,503,500
fixed_train,3,1,3,"ac370000, ac370419, ac370443",8,0.99335666949683843,0.050905179148072022,503,502
fixed_train,3,1,3,"ac370000, ac370419, ac370443",9,0.99335666949683843,0.038742045838668138,503,501
fixed_train,3,1,3,"ac370000, ac370419, ac370443",10,0.99335666949683843,0.038785663396936676,503,503
fixed_train,3,1,3,"ac370000, ac370419, ac370443",11,0.99335666949683843,0.044313338115613221,503,503
fixed_train,3,1,3,"ac370000, ac370419, ac370443",12,0.99335666949683843,0.044416903535083097,503,503
fixed_train,3,1,3,"ac370000, ac370419, ac370443",13,0.99335666949683843,0.045313119117691869,503,503
fixed_train,3,1,3,"ac370000, ac370419, ac370443",14,0.99335666949683843,0.043124219225975424,503,503
fixed_train,3,1,3,"ac370000, ac370419, ac370443",15,0.99335666949683843,0.03876360249842048,503,503
fixed_train,3,1,3,"ac370000, ac370419, ac370443",16,0.99335666949683843,0.049686898180365979,503,503
fixed_train,3,1,3,"ac370000, ac370419, ac370443",17,0.99335666949683843,0.044241625249050842,503,503
fixed_train,3,1,3,"ac370000, ac370419, ac370443",18,0.99335666949683843,0.053118583365427074,503,503
fixed_train,3,1,3,"ac370000, ac370419, ac370443",19,0.99335666949683843,0.047649857328663225,503,502
fixed_train,3,1,3,"ac370000, ac370419, ac370443",20,0.99335666949683843,0.04543380884573156,503,501
fixed_train,3,1,3,"ac370000, ac370419, ac370443",21,0.99335666949683843,0.035471989876330712,503,502
fixed_train,3,1,3,"ac370000, ac370419, ac370443",22,0.99335666949683843,0.046554968923565476,503,503
fixed_train,3,1,3,"ac370000, ac370419, ac370443",23,0.99335666949683843,0.048717757023184816,503,503
fixed_train,3,1,3,"ac370000, ac370419, ac370443",24,0.99335666949683843,0.039905181495224595,503,503
fixed_train,3,1,3,"ac370000, ac370419, ac370443",25,0.99335666949683843,0.048666404010112796,503,503
fixed_train,3,1,3,"ac370000, ac370419, ac370443",26,0.99335666949683843,0.050827918612096346,503,503
fixed_train,3,1,3,"ac370000, ac370419, ac370443",27,0.99335666949683843,0.042097830784362134,503,503
fixed_train,3,1,3,"ac370000, ac370419, ac370443",28,0.99335666949683843,0.047500655355477428,503,503
fixed_train,3,1,3,"ac370000, ac370419, ac370443",29,0.99335666949683843,0.03771085027757759,503,501
fixed_train,3,1,4,"ac370419, ac370443",0,0.99335666949683843,0.027722484015442639,503,502
fixed_train,3,1,4,"ac370419, ac370443",1,0.99335666949683843,0.040933885105443935,503,502
fixed_train,3,1,4,"ac370419, ac370443",2,0.99335666949683843,0.0343739319867854,503,501
fixed_train,3,1,4,"ac370419, ac370443",3,0.99335666949683843,0.02884001412142978,503,500
fixed_train,3,1,4,"ac370419, ac370443",4,0.99335666949683843,0.026557732757165442,503,501
fixed_train,3,1,4,"ac370419, ac370443",5,0.99335666949683843,0.032082310108493939,503,502
fixed_train,3,1,4,"ac370419, ac370443",6,0.99335666949683843,0.023303381570763726,503,502
fixed_train,3,1,4,"ac370419, ac370443",7,0.99335666949683843,0.033295917752805715,503,501
fixed_train,3,1,4,"ac370419, ac370443",8,0.99335666949683843,0.033255394066883714,503,501
fixed_train,3,1,4,"ac370419, ac370443",9,0.99335666949683843,0.027688740790717592,503,501
fixed_train,3,1,4,"ac370419, ac370443",10,0.99335666949683843,0.028787765513700103,503,499
fixed_train,3,1,4,"ac370419, ac370443",11,0.99335666949683843,0.031038798257436717,503,502
fixed_train,3,1,4,"ac370419, ac370443",12,0.99335666949683843,0.033255394066883714,503,503
fixed_train,3,1,4,"ac370419, ac370443",13,0.99335666949683843,0.028787765513700103,503,502
fixed_train,3,1,4,"ac370419, ac370443",14,0.99335666949683843,0.022158264803102568,503,497
fixed_train,3,1,4,"ac370419, ac370443",15,0.99335666949683843,0.02884001412142978,503,501
fixed_train,3,1,4,"ac370419, ac370443",16,0.99335666949683843,0.031038798257436717,503,502
fixed_train,3,1,4,"ac370419, ac370443",17,0.99335666949683843,0.029903713132258258,503,501
fixed_train,3,1,4,"ac370419, ac370443",18,0.99335666949683843,0.033255394066883714,503,501
fixed_train,3,1,4,"ac370419, ac370443",19,0.99335666949683843,0.027757765106143695,503,500
fixed_train,3,1,4,"ac370419, ac370443",20,0.99335666949683843,0.033235801459358005,503,503
fixed_train,3,1,4,"ac370419, ac370443",21,0.99335666949683843,0.028804786796855719,503,499
fixed_train,3,1,4,"ac370419, ac370443",22,0.99335666949683843,0.028876832306052092,503,500
fixed_train,3,1,4,"ac370419, ac370443",23,0.99335666949683843,0.027672441852856,503,499
fixed_train,3,1,4,"ac370419, ac370443",24,0.99335666949683843,0.030016399159949581,503,500
fixed_train,3,1,4,"ac370419, ac370443",25,0.99335666949683843,0.028822202447989831,503,501
fixed_train,3,1,4,"ac370419, ac370443",26,0.99335666949683843,0.033255394066883714,503,503
fixed_train,3,1,4,"ac370419, ac370443",27,0.99335666949683843,0.031020294128106807,503,501
fixed_train,3,1,4,"ac370419, ac370443",28,0.99335666949683843,0.017739223400754844,503,503
fixed_train,3,1,4,"ac370419, ac370443",29,0.99335666949683843,0.031020294128106807,503,500
fixed_train,3,1,5,"ac370000, ac370442",0,0.99335666949683843,0.031057723160466844,501,497
fixed_train,3,1,5,"ac370000, ac370442",1,0.99335666949683843,0.038831306349836336,501,497
fixed_train,3,1,5,"ac370000, ac370442",2,0.99335666949683843,0.035471989876330712,501,495
fixed_train,3,1,5,"ac370000, ac370442",3,0.99335666949683843,0.041001711879868341,501,499
fixed_train,3,1,5,"ac370000, ac370442",4,0.99335666949683843,0.038785663396936676,501,499
fixed_train,3,1,5,"ac370000, ac370442",5,0.99335666949683843,0.035471989876330712,501,496
fixed_train,3,1,5,"ac370000, ac370442",6,0.99335666949683843,0.034394756412958638,501,498
fixed_train,3,1,5,"ac370000, ac370442",7,0.99335666949683843,0.028876832306052092,501,498
fixed_train,3,1,5,"ac370000, ac370442",8,0.99335666949683843,0.03766681612186018,501,498
fixed_train,3,1,5,"ac370000, ac370442",9,0.99335666949683843,0.03876360249842048,501,499
fixed_train,3,1,5,"ac370000, ac370442",10,0.99335666949683843,0.036613031381397487,501,497
fixed_train,3,1,5,"ac370000, ac370442",11,0.99335666949683843,0.032118685473798814,501,495
fixed_train,3,1,5,"ac370000, ac370442",12,0.99335666949683843,0.039952459128799966,501,498
fixed_train,3,1,5,"ac370000, ac370442",13,0.99335666949683843,0.040978574839961146,501,500
fixed_train,3,1,5,"ac370000, ac370442",14,0.99335666949683843,0.029903713132258258,501,498
fixed_train,3,1,5,"ac370000, ac370442",15,0.99335666949683843,0.037645539517915494,501,500
fixed_train,3,1,5,"ac370000, ac370442",16,0.99335666949683843,0.041001711879868341,501,498
fixed_train,3,1,5,"ac370000, ac370442",17,0.99335666949683843,0.03652812504150571,501,495
fixed_train,3,1,5,"ac370000, ac370442",18,0.99335666949683843,0.036548630156880035,501,499
fixed_train,3,1,5,"ac370000, ac370442",19,0.99335666949683843,0.034394756412958638,501,498
fixed_train,3,1,5,"ac370000, ac370442",20,0.99335666949683843,0.036591081310566209,501,498
fixed_train,3,1,5,"ac370000, ac370442",21,0.99335666949683843,0.028804786796855719,501,498
fixed_train,3,1,5,"ac370000, ac370442",22,0.99335666949683843,0.034460002755478114,501,501
fixed_train,3,1,5,"ac370000, ac370442",23,0.99335666949683843,0.039952459128799966,501,498
fixed_train,3,1,5,"ac370000, ac370442",24,0.99335666949683843,0.03771085027757759,501,500
fixed_train,3,1,5,"ac370000, ac370442",25,0.99335666949683843,0.032137517948141792,501,500
fixed_train,3,1,5,"ac370000, ac370442",26,0.99335666949683843,0.03652812504150571,501,499
fixed_train,3,1,5,"ac370000, ac370442",27,0.99335666949683843,0.04324252928190897,501,498
fixed_train,3,1,5,"ac370000, ac370442",28,0.99335666949683843,0.031020294128106807,501,500
fixed_train,3,1,5,"ac370000, ac370442",29,0.99335666949683843,0.033275432199503907,501,498
fixed_train,3,1,6,"370407, ac370000, ac370419",0,0.99335666949683843,0.047676827929470589,500,498
fixed_train,3,1,6,"370407, ac370000, ac370419",1,0.99335666949683843,0.039859983018969314,500,500
fixed_train,3,1,6,"370407, ac370000, ac370419",2,0.99335666949683843,0.038831306349836336,500,500
fixed_train,3,1,6,"370407, ac370000, ac370419",3,0.99335666949683843,0.04324252928190897,500,500
fixed_train,3,1,6,"370407, ac370000, ac370419",4,0.99335666949683843,0.03979604624594979,500,500
fixed_train,3,1,6,"370407, ac370000, ac370419",5,0.99335666949683843,0.036569614914005122,500,500
fixed_train,3,1,6,"370407, ac370000, ac370419",6,0.99335666949683843,0.04202923586851981,500,500
fixed_train,3,1,6,"370407, ac370000, ac370419",7,0.99335666949683843,0.048691774930716858,500,499
fixed_train,3,1,6,"370407, ac370000, ac370419",8,0.99335666949683843,0.045336110325048251,500,499
fixed_train,3,1,6,"370407, ac370000, ac370419",9,0.99335666949683843,0.041001711879868341,500,500
fixed_train,3,1,6,"370407, ac370000, ac370419",10,0.99335666949683843,0.039905181495224595,500,499
fixed_train,3,1,6,"370407, ac370000, ac370419",11,0.99335666949683843,0.039859983018969314,500,500
fixed_train,3,1,6,"370407, ac370000, ac370419",12,0.99335666949683843,0.044313338115613221,500,500
fixed_train,3,1,6,"370407, ac370000, ac370419",13,0.99335666949683843,0.047597729027317848,500,500
fixed_train,3,1,6,"370407, ac370000, ac370419",14,0.99335666949683843,0.039859983018969314,500,500
fixed_train,3,1,6,"370407, ac370000, ac370419",15,0.99335666949683843,0.045359672603918821,500,500
fixed_train,3,1,6,"370407, ac370000, ac370419",16,0.99335666949683843,0.039882323453111268,500,499
fixed_train,3,1,6,"370407, ac370000, ac370419",17,0.99335666949683843,0.033216652515807743,500,499
fixed_train,3,1,6,"370407, ac370000, ac370419",18,0.99335666949683843,0.043267856286714257,500,500
fixed_train,3,1,6,"370407, ac370000, ac370419",19,0.99335666949683843,0.041001711879868341,500,500
fixed_train,3,1,6,"370407, ac370000, ac370419",20,0.99335666949683843,0.042051562278651478,500,500
fixed_train,3,1,6,"370407, ac370000, ac370419",21,0.99335666949683843,0.044313338115613221,500,500
fixed_train,3,1,6,"370407, ac370000, ac370419",22,0.99335666949683843,0.04543380884573156,500,500
fixed_train,3,1,6,"370407, ac370000, ac370419",23,0.99335666949683843,0.042051562278651478,500,500
fixed_train,3,1,6,"370407, ac370000, ac370419",24,0.99335666949683843,0.040978574839961146,500,500
fixed_train,3,1,6,"370407, ac370000, ac370419",25,0.99335666949683843,0.046503313522130996,500,500
fixed_train,3,1,6,"370407, ac370000, ac370419",26,0.99335666949683843,0.04324252928190897,500,499
fixed_train,3,1,6,"370407, ac370000, ac370419",27,0.99335666949683843,0.046503313522130996,500,499
fixed_train,3,1,6,"370407, ac370000, ac370419",28,0.99335666949683843,0.042097830784362134,500,500
fixed_train,3,1,6,"370407, ac370000, ac370419",29,0.99335666949683843,0.05514730460606776,500,500
fixed_train,3,1,7,"370407, ac370419",0,0.99335666949683843,0.029977190629324801,500,498
fixed_train,3,1,7,"370407, ac370419",1,0.99335666949683843,0.022201682126148148,500,497
fixed_train,3,1,7,"370407, ac370419",2,0.99335666949683843,0.019996791603748787,500,499
fixed_train,3,1,7,"370407, ac370419",3,0.99335666949683843,0.028804786796855719,500,499
fixed_train,3,1,7,"370407, ac370419",4,0.99335666949683843,0.025505334691661607,500,496
fixed_train,3,1,7,"370407, ac370419",5,0.99335666949683843,0.024373772134353655,500,495
fixed_train,3,1,7,"370407, ac370419",6,0.99335666949683843,0.02217241501964895,500,499
fixed_train,3,1,7,"370407, ac370419",7,0.99335666949683843,0.02217241501964895,500,498
fixed_train,3,1,7,"370407, ac370419",8,0.99335666949683843,0.022186887004319145,500,499
fixed_train,3,1,7,"370407, ac370419",9,0.99335666949683843,0.025521656539202797,500,497
fixed_train,3,1,7,"370407, ac370419",10,0.99335666949683843,0.022216801779324613,500,499
fixed_train,3,1,7,"370407, ac370419",11,0.99335666949683843,0.018853886720319069,500,498
fixed_train,3,1,7,"370407, ac370419",12,0.99335666949683843,0.025489372499346907,500,497
fixed_train,3,1,7,"370407, ac370419",13,0.99335666949683843,0.029939633339223448,500,498
fixed_train,3,1,7,"370407, ac370419",14,0.99335666949683843,0.01882885142455526,500,500
fixed_train,3,1,7,"370407, ac370419",15,0.99335666949683843,0.029958206476080718,500,499
fixed_train,3,1,7,"370407, ac370419",16,0.99335666949683843,0.022158264803102568,500,492
fixed_train,3,1,7,"370407, ac370419",17,0.99335666949683843,0.029903713132258258,500,497
fixed_train,3,1,7,"370407, ac370419",18,0.99335666949683843,0.024420529251479528,500,498
fixed_train,3,1,7,"370407, ac370419",19,0.99335666949683843,0.027688740790717592,500,500
fixed_train,3,1,7,"370407, ac370419",20,0.99335666949683843,0.02884001412142978,500,497
fixed_train,3,1,7,"370407, ac370419",21,0.99335666949683843,0.021043823766095815,500,497
fixed_train,3,1,7,"370407, ac370419",22,0.99335666949683843,0.025538339582962699,500,498
fixed_train,3,1,7,"370407, ac370419",23,0.99335666949683843,0.024389010829095947,500,497
fixed_train,3,1,7,"370407, ac370419",24,0.99335666949683843,0.025505334691661607,500,499
fixed_train,3,1,7,"370407, ac370419",25,0.99335666949683843,0.02325879610763637,500,500
fixed_train,3,1,7,"370407, ac370419",26,0.99335666949683843,0.018841227050552023,500,499
fixed_train,3,1,7,"370407, ac370419",27,0.99335666949683843,0.027739931507641646,500,499
fixed_train,3,1,7,"370407, ac370419",28,0.99335666949683843,0.025538339582962699,500,497
fixed_train,3,1,7,"370407, ac370419",29,0.99335666949683843,0.023303381570763726,500,498
fixed_train,3,1,8,"ac370442, ac370443",0,0.99335666949683843,0.027705420982278572,498,494
fixed_train,3,1,8,"ac370442, ac370443",1,0.99335666949683843,0.027722484015442639,498,497
fixed_train,3,1,8,"ac370442, ac370443",2,0.99335666949683843,0.035373248460320084,498,495
fixed_train,3,1,8,"ac370442, ac370443",3,0.99335666949683843,0.024373772134353655,498,497
fixed_train,3,1,8,"ac370442, ac370443",4,0.99335666949683843,0.029903713132258258,498,496
fixed_train,3,1,8,"ac370442, ac370443",5,0.99335666949683843,0.025458521055693573,498,495
fixed_train,3,1,8,"ac370442, ac370443",6,0.99335666949683843,0.033216652515807743,498,497
fixed_train,3,1,8,"ac370442, ac370443",7,0.99335666949683843,0.029886362650018428,498,498
fixed_train,3,1,8,"ac370442, ac370443",8,0.99335666949683843,0.026557732757165442,498,495
fixed_train,3,1,8,"ac370442, ac370443",9,0.99335666949683843,0.018841227050552023,498,496
fixed_train,3,1,8,"ac370442, ac370443",10,0.99335666949683843,0.027722484015442639,498,497
fixed_train,3,1,8,"ac370442, ac370443",11,0.99335666949683843,0.026557732757165442,498,495
fixed_train,3,1,8,"ac370442, ac370443",12,0.99335666949683843,0.029869416359256662,498,494
fixed_train,3,1,8,"ac370442, ac370443",13,0.99335666949683843,0.031038798257436717,498,496
fixed_train,3,1,8,"ac370442, ac370443",14,0.99335666949683843,0.018866831633886139,498,497
fixed_train,3,1,8,"ac370442, ac370443",15,0.99335666949683843,0.028822202447989831,498,497
fixed_train,3,1,8,"ac370442, ac370443",16,0.99335666949683843,0.022158264803102568,498,492
fixed_train,3,1,8,"ac370442, ac370443",17,0.99335666949683843,0.027705420982278572,498,498
fixed_train,3,1,8,"ac370442, ac370443",18,0.99335666949683843,0.032100283447180855,498,498
fixed_train,3,1,8,"ac370442, ac370443",19,0.99335666949683843,0.01882885142455526,498,495
fixed_train,3,1,8,"ac370442, ac370443",20,0.99335666949683843,0.024420529251479528,498,497
fixed_train,3,1,8,"ac370442, ac370443",21,0.99335666949683843,0.036488545928757166,498,496
fixed_train,3,1,8,"ac370442, ac370443",22,0.99335666949683843,0.026557732757165442,498,493
fixed_train,3,1,8,"ac370442, ac370443",23,0.99335666949683843,0.01882885142455526,498,497
fixed_train,3,1,8,"ac370442, ac370443",24,0.99335666949683843,0.025489372499346907,498,497
fixed_train,3,1,8,"ac370442, ac370443",25,0.99335666949683843,0.028771136974520606,498,496
fixed_train,3,1,8,"ac370442, ac370443",26,0.99335666949683843,0.033216652515807743,498,497
fixed_train,3,1,8,"ac370442, ac370443",27,0.99335666949683843,0.025489372499346907,498,497
fixed_train,3,1,8,"ac370442, ac370443",28,0.99335666949683843,0.031038798257436717,498,495
fixed_train,3,1,8,"ac370442, ac370443",29,0.99335666949683843,0.029886362650018428,498,496
fixed_train,3,1,9,"ac370000, ac370419, ac370442",0,0.99335666949683843,0.045408519523042257,498,498
fixed_train,3,1,9,"ac370000, ac370419, ac370442",1,0.99335666949683843,0.044218844031579385,498,498
fixed_train,3,1,9,"ac370000, ac370419, ac370442",2,0.99335666949683843,0.037780635476250435,498,498
fixed_train,3,1,9,"ac370000, ac370419, ac370442",3,0.99335666949683843,0.042146268355651606,498,497
fixed_train,3,1,9,"ac370000, ac370419, ac370442",4,0.99335666949683843,0.043217760362800006,498,498
fixed_train,3,1,9,"ac370000, ac370419, ac370442",5,0.99335666949683843,0.04102537995812805,498,498
fixed_train,3,1,9,"ac370000, ac370419, ac370442",6,0.99335666949683843,0.036635467198867566,498,498
fixed_train,3,1,9,"ac370000, ac370419, ac370442",7,0.99335666949683843,0.047649857328663225,498,498
fixed_train,3,1,9,"ac370000, ac370419, ac370442",8,0.99335666949683843,0.036658390873273827,498,498
fixed_train,3,1,9,"ac370000, ac370419, ac370442",9,0.99335666949683843,0.039859983018969314,498,498
fixed_train,3,1,9,"ac370000, ac370419, ac370442",10,0.99335666949683843,0.037756873008355729,498,498
fixed_train,3,1,9,"ac370000, ac370419, ac370442",11,0.99335666949683843,0.034295203857731549,498,498
fixed_train,3,1,9,"ac370000, ac370419, ac370442",12,0.99335666949683843,0.036635467198867566,498,498
fixed_train,3,1,9,"ac370000, ac370419, ac370442",13,0.99335666949683843,0.041049581318275408,498,498
fixed_train,3,1,9,"ac370000, ac370419, ac370442",14,0.99335666949683843,0.051046694755457533,498,498
fixed_train,3,1,9,"ac370000, ac370419, ac370442",15,0.99335666949683843,0.044363977394688781,498,497
fixed_train,3,1,9,"ac370000, ac370419, ac370442",16,0.99335666949683843,0.046554968923565476,498,498
fixed_train,3,1,9,"ac370000, ac370419, ac370442",17,0.99335666949683843,0.036569614914005122,498,498
fixed_train,3,1,9,"ac370000, ac370419, ac370442",18,0.99335666949683843,0.043267856286714257,498,498
fixed_train,3,1,9,"ac370000, ac370419, ac370442",19,0.99335666949683843,0.041099593065728746,498,498
fixed_train,3,1,9,"ac370000, ac370419, ac370442",20,0.99335666949683843,0.037688585685777709,498,498
fixed_train,3,1,9,"ac370000, ac370419, ac370442",21,0.99335666949683843,0.039952459128799966,498,498
fixed_train,3,1,9,"ac370000, ac370419, ac370442",22,0.99335666949683843,0.038808230634347018,498,498
fixed_train,3,1,9,"ac370000, ac370419, ac370442",23,0.99335666949683843,0.050959860109366595,498,498
fixed_train,3,1,9,"ac370000, ac370419, ac370442",24,0.99335666949683843,0.038831306349836336,498,497
fixed_train,3,1,9,"ac370000, ac370419, ac370442",25,0.99335666949683843,0.044390153379462949,498,498
fixed_train,3,1,9,"ac370000, ac370419, ac370442",26,0.99335666949683843,0.038808230634347018,498,496
fixed_train,3,1,9,"ac370000, ac370419, ac370442",27,0.99335666949683843,0.04102537995812805,498,498
fixed_train,3,1,9,"ac370000, ac370419, ac370442",28,0.99335666949683843,0.043193547181501812,498,498
fixed_train,3,1,9,"ac370000, ac370419, ac370442",29,0.99335666949683843,0.043169887432993104,498,498
faithful_train,3,1,0,"370407, ac370000",0,0.99335666949683843,0.038808230634347018,528,524
faithful_train,3,1,0,"370407, ac370000",1,0.99335666949683843,0.048827847630126042,528,522
faithful_train,3,1,0,"370407, ac370000",2,0.99335666949683843,0.060104096391798034,528,518
faithful_train,3,1,0,"370407, ac370000",3,0.99335666949683843,0.058935987825781799,528,507
faithful_train,3,1,0,"370407, ac370000",4,0.99335666949683843,0.06112162432864976,528,499
faithful_train,3,1,0,"370407, ac370000",5,0.99335666949683843,0.061275843453746925,528,495
faithful_train,3,1,0,"370407, ac370000",6,0.99335666949683843,0.057993607827262594,528,492
faithful_train,3,1,0,"370407, ac370000",7,0.99335666949683843,0.057879182161966081,528,484
faithful_train,3,1,0,"370407, ac370000",8,0.99335666949683843,0.055654267932134016,528,480
faithful_train,3,1,0,"370407, ac370000",9,0.99335666949683843,0.053535887942405713,528,480
faithful_train,3,1,1,"ac370000, ac370419",0,0.99335666949683843,0.052403604581052865,517,514
faithful_train,3,1,1,"ac370000, ac370419",1,0.99335666949683843,0.062451327712119475,517,509
faithful_train,3,1,1,"ac370000, ac370419",2,0.99335666949683843,0.056859977040238818,517,501
faithful_train,3,1,1,"ac370000, ac370419",3,0.99335666949683843,0.051237967716436184,517,493
faithful_train,3,1,1,"ac370000, ac370419",4,0.99335666949683843,0.055842020697384087,517,478
faithful_train,3,1,1,"ac370000, ac370419",5,0.99335666949683843,0.054595268966182275,517,471
faithful_train,3,1,1,"ac370000, ac370419",6,0.99335666949683843,0.055803020014837168,517,475
faithful_train,3,1,1,"ac370000, ac370419",7,0.99335666949683843,0.057993607827262594,517,471
faithful_train,3,1,1,"ac370000, ac370419",8,0.99335666949683843,0.054631790810645842,517,467
faithful_train,3,1,1,"ac370000, ac370419",9,0.99335666949683843,0.061399729026268113,517,475
faithful_train,3,1,2,"ac370000, ac370443",0,0.99335666949683843,0.056859977040238818,505,504
faithful_train,3,1,2,"ac370000, ac370443",1,0.99335666949683843,0.055654267932134016,505,495
faithful_train,3,1,2,"ac370000, ac370443",2,0.99335666949683843,0.054669023037648201,505,490
faithful_train,3,1,2,"ac370000, ac370443",3,0.99335666949683843,0.055764747884834209,505,484
faithful_train,3,1,2,"ac370000, ac370443",4,0.99335666949683843,0.061275843453746925,505,468
faithful_train,3,1,2,"ac370000, ac370443",5,0.99335666949683843,0.052403604581052865,505,467
faithful_train,3,1,2,"ac370000, ac370443",6,0.99335666949683843,0.060263473623265784,505,458
faithful_train,3,1,2,"ac370000, ac370443",7,0.99335666949683843,0.054524343014553334,505,458
faithful_train,3,1,2,"ac370000, ac370443",8,0.99335666949683843,0.051204439472470109,505,464
faithful_train,3,1,2,"ac370000, ac370443",9,0.99335666949683843,0.056785009942357467,505,464
faithful_train,3,1,3,"ac370000, ac370419, ac370443",0,0.99335666949683843,0.057954719764515827,503,498
faithful_train,3,1,3,"ac370000, ac370419, ac370443",1,0.99335666949683843,0.065772721958610836,503,486
faithful_train,3,1,3,"ac370000, ac370419, ac370443",2,0.99335666949683843,0.056822127128703825,503,475
faithful_train,3,1,3,"ac370000, ac370419, ac370443",3,0.99335666949683843,0.060066175854294301,503,472
faithful_train,3,1,3,"ac370000, ac370419, ac370443",4,0.99335666949683843,0.061197180125576844,503,469
faithful_train,3,1,3,"ac370000, ac370419, ac370443",5,0.99335666949683843,0.057879182161966081,503,471
faithful_train,3,1,3,"ac370000, ac370419, ac370443",6,0.99335666949683843,0.056785009942357467,503,462
faithful_train,3,1,3,"ac370000, ac370419, ac370443",7,0.99335666949683843,0.058972901088569007,503,470
faithful_train,3,1,3,"ac370000, ac370419, ac370443",8,0.99335666949683843,0.054595268966182275,503,471
faithful_train,3,1,3,"ac370000, ac370419, ac370443",9,0.99335666949683843,0.057879182161966081,503,461
faithful_train,3,1,4,"ac370419, ac370443",0,0.99335666949683843,0.056822127128703825,503,449
faithful_train,3,1,4,"ac370419, ac370443",1,0.99335666949683843,0.05339522521854867,503,464
faithful_train,3,1,4,"ac370419, ac370443",2,0.99335666949683843,0.057842525642379239,503,472
faithful_train,3,1,4,"ac370419, ac370443",3,0.99335666949683843,0.05674862205156106,503,456
faithful_train,3,1,4,"ac370419, ac370443",4,0.99335666949683843,0.050108342527039662,503,451
faithful_train,3,1,4,"ac370419, ac370443",5,0.99335666949683843,0.051307027999977217,503,460
faithful_train,3,1,4,"ac370419, ac370443",6,0.99335666949683843,0.053464171494113089,503,459
faithful_train,3,1,4,"ac370419, ac370443",7,0.99335666949683843,0.057842525642379239,503,463
faithful_train,3,1,4,"ac370419, ac370443",8,0.99335666949683843,0.059010565747463328,503,460
faithful_train,3,1,4,"ac370419, ac370443",9,0.99335666949683843,0.053361782877533015,503,453
faithful_train,3,1,5,"ac370000, ac370442",0,0.99335666949683843,0.062493700427479926,501,500
faithful_train,3,1,5,"ac370000, ac370442",1,0.99335666949683843,0.05572720078976845,501,494
faithful_train,3,1,5,"ac370000, ac370442",2,0.99335666949683843,0.053535887942405713,501,492
faithful_train,3,1,5,"ac370000, ac370442",3,0.99335666949683843,0.059128103295161716,501,478
faithful_train,3,1,5,"ac370000, ac370442",4,0.99335666949683843,0.060222467769690979,501,477
faithful_train,3,1,5,"ac370000, ac370442",5,0.99335666949683843,0.053572793210622915,501,472
faithful_train,3,1,5,"ac370000, ac370442",6,0.99335666949683843,0.055803020014837168,501,466
faithful_train,3,1,5,"ac370000, ac370442",7,0.99335666949683843,0.059128103295161716,501,474
faithful_train,3,1,5,"ac370000, ac370442",8,0.99335666949683843,0.060263473623265784,501,459
faithful_train,3,1,5,"ac370000, ac370442",9,0.99335666949683843,0.055764747884834209,501,471
faithful_train,3,1,6,"370407, ac370000, ac370419",0,0.99335666949683843,0.053429353702302063,500,500
faithful_train,3,1,6,"370407, ac370000, ac370419",1,0.99335666949683843,0.056898563166404958,500,490
faithful_train,3,1,6,"370407, ac370000, ac370419",2,0.99335666949683843,0.052403604581052865,500,478
faithful_train,3,1,6,"370407, ac370000, ac370419",3,0.99335666949683843,0.061399729026268113,500,466
faithful_train,3,1,6,"370407, ac370000, ac370419",4,0.99335666949683843,0.056859977040238818,500,458
faithful_train,3,1,6,"370407, ac370000, ac370419",5,0.99335666949683843,0.060182238739263427,500,455
faithful_train,3,1,6,"370407, ac370000, ac370419",6,0.99335666949683843,0.051204439472470109,500,455
faithful_train,3,1,6,"370407, ac370000, ac370419",7,0.99335666949683843,0.051237967716436184,500,456
faithful_train,3,1,6,"370407, ac370000, ac370419",8,0.99335666949683843,0.055764747884834209,500,462
faithful_train,3,1,6,"370407, ac370000, ac370419",9,0.99335666949683843,0.056898563166404958,500,458
faithful_train,3,1,7,"370407, ac370419",0,0.99335666949683843,0.054559454137251495,500,442
faithful_train,3,1,7,"370407, ac370419",1,0.99335666949683843,0.059168809041696635,500,458
faithful_train,3,1,7,"370407, ac370419",2,0.99335666949683843,0.055803020014837168,500,464
faithful_train,3,1,7,"370407, ac370419",3,0.99335666949683843,0.055764747884834209,500,456
faithful_train,3,1,7,"370407, ac370419",4,0.99335666949683843,0.056859977040238818,500,455
faithful_train,3,1,7,"370407, ac370419",5,0.99335666949683843,0.061275843453746925,500,456
faithful_train,3,1,7,"370407, ac370419",6,0.99335666949683843,0.060182238739263427,500,456
faithful_train,3,1,7,"370407, ac370419",7,0.99335666949683843,0.055764747884834209,500,451
faithful_train,3,1,7,"370407, ac370419",8,0.99335666949683843,0.062493700427479926,500,455
faithful_train,3,1,7,"370407, ac370419",9,0.99335666949683843,0.052439482908891555,500,463
faithful_train,3,1,8,"ac370442, ac370443",0,0.99335666949683843,0.058972901088569007,498,494
faithful_train,3,1,8,"ac370442, ac370443",1,0.99335666949683843,0.060066175854294301,498,461
faithful_train,3,1,8,"ac370442, ac370443",2,0.99335666949683843,0.052266904605889453,498,454
faithful_train,3,1,8,"ac370442, ac370443",3,0.99335666949683843,0.055584194484225358,498,453
faithful_train,3,1,8,"ac370442, ac370443",4,0.99335666949683843,0.050043876865925152,498,460
faithful_train,3,1,8,"ac370442, ac370443",5,0.99335666949683843,0.06112162432864976,498,456
faithful_train,3,1,8,"ac370442, ac370443",6,0.99335666949683843,0.058864401835548197,498,461
faithful_train,3,1,8,"ac370442, ac370443",7,0.99335666949683843,0.054456218935357015,498,454
faithful_train,3,1,8,"ac370442, ac370443",8,0.99335666949683843,0.050108342527039662,498,449
faithful_train,3,1,8,"ac370442, ac370443",9,0.99335666949683843,0.050108342527039662,498,443
faithful_train,3,1,9,"ac370000, ac370419, ac370442",0,0.99335666949683843,0.055654267932134016,498,496
faithful_train,3,1,9,"ac370000, ac370419, ac370442",1,0.99335666949683843,0.05674862205156106,498,491
faithful_train,3,1,9,"ac370000, ac370419, ac370442",2,0.99335666949683843,0.053464171494113089,498,488
faithful_train,3,1,9,"ac370000, ac370419, ac370442",3,0.99335666949683843,0.055690375271789994,498,487
faithful_train,3,1,9,"ac370000, ac370419, ac370442",4,0.99335666949683843,0.050175418351459888,498,478
faithful_train,3,1,9,"ac370000, ac370419, ac370442",5,0.99335666949683843,0.057842525642379239,498,474
faithful_train,3,1,9,"ac370000, ac370419, ac370442",6,0.99335666949683843,0.049011763938759279,498,473
faithful_train,3,1,9,"ac370000, ac370419, ac370442",7,0.99335666949683843,0.049078168057548943,498,465
faithful_train,3,1,9,"ac370000, ac370419, ac370442",8,0.99335666949683843,0.051237967716436184,498,469
faithful_train,3,1,9,"ac370000, ac370419, ac370442",9,0.99335666949683843,0.053610401011650377,498,464
fixed_test,3,2,0,"370407, ac370000",0,0.89748059167438732,0.009193260749119303,138,137
fixed_test,3,2,0,"370407, ac370000",1,0.89748059167438732,-0.0089147311587489675,138,137
fixed_test,3,2,0,"370407, ac370000",2,0.89748059167438732,-0.004573082815801266,138,137
fixed_test,3,2,0,"370407, ac370000",3,0.89748059167438732,-0.018025451205286869,138,138
fixed_test,3,2,0,"370407, ac370000",4,0.89748059167438732,-0.013031565442009341,138,138
fixed_test,3,2,0,"370407, ac370000",5,0.89748059167438732,-0.0086807663028377613,138,138
fixed_test,3,2,0,"370407, ac370000",6,0.89748059167438732,-0.0047910584599926143,138,138
fixed_test,3,2,0,"370407, ac370000",7,0.89748059167438732,0.0043311285941816102,138,136
fixed_test,3,2,0,"370407, ac370000",8,0.89748059167438732,-0.0043371058307151156,138,137
fixed_test,3,2,0,"370407, ac370000",9,0.89748059167438732,0.0040933369823364929,138,138
fixed_test,3,2,0,"370407, ac370000",10,0.89748059167438732,-0.0089147311587489675,138,137
fixed_test,3,2,0,"370407, ac370000",11,0.89748059167438732,-0.0089147311587489675,138,138
fixed_test,3,2,0,"370407, ac370000",12,0.89748059167438732,-0.0089147311587489675,138,137
fixed_test,3,2,0,"370407, ac370000",13,0.89748059167438732,-0.004573082815801266,138,138
fixed_test,3,2,0,"370407, ac370000",14,0.89748059167438732,0.00025624722314077086,138,138
fixed_test,3,2,0,"370407, ac370000",15,0.89748059167438732,-0.013262769693887622,138,138
fixed_test,3,2,0,"370407, ac370000",16,0.89748059167438732,0,138,136
fixed_test,3,2,0,"370407, ac370000",17,0.89748059167438732,-0.013262769693887622,138,138
fixed_test,3,2,0,"370407, ac370000",18,0.89748059167438732,-0.013477294225784142,138,137
fixed_test,3,2,0,"370407, ac370000",19,0.89748059167438732,0.0045885580324575015,138,138
fixed_test,3,2,0,"370407, ac370000",20,0.89748059167438732,0.0045885580324575015,138,136
fixed_test,3,2,0,"370407, ac370000",21,0.89748059167438732,-0.00045585167165695939,138,138
fixed_test,3,2,0,"370407, ac370000",22,0.89748059167438732,0.0089147311587487454,138,136
fixed_test,3,2,0,"370407, ac370000",23,0.89748059167438732,0.017550951792745129,138,137
fixed_test,3,2,0,"370407, ac370000",24,0.89748059167438732,-0.0040827811536490177,138,138
fixed_test,3,2,0,"370407, ac370000",25,0.89748059167438732,0,138,138
fixed_test,3,2,0,"370407, ac370000",26,0.89748059167438732,-0.0086807663028377613,138,138
fixed_test,3,2,0,"370407, ac370000",27,0.89748059167438732,-0.0047910584599926143,138,137
fixed_test,3,2,0,"370407, ac370000",28,0.89748059167438732,-0.00023724970627092556,138,138
fixed_test,3,2,0,"370407, ac370000",29,0.89748059167438732,-0.0089147311587489675,138,137
fixed_test,3,2,1,"ac370000, ac370419",0,0.89748059167438732,-0.0089147311587489675,139,137
fixed_test,3,2,1,"ac370000, ac370419",1,0.89748059167438732,0.0045885580324575015,139,138
fixed_test,3,2,1,"ac370000, ac370419",2,0.89748059167438732,0.013514221895629897,139,139
fixed_test,3,2,1,"ac370000, ac370419",3,0.89748059167438732,-0.00023724970627092556,139,139
fixed_test,3,2,1,"ac370000, ac370419",4,0.89748059167438732,-0.00023724970627092556,139,139
fixed_test,3,2,1,"ac370000, ac370419",5,0.89748059167438732,0.00025624722314077086,139,138
fixed_test,3,2,1,"ac370000, ac370419",6,0.89748059167438732,-0.004573082815801266,139,138
fixed_test,3,2,1,"ac370000, ac370419",7,0.89748059167438732,0.0089147311587487454,139,139
fixed_test,3,2,1,"ac370000, ac370419",8,0.89748059167438732,0.0089147311587487454,139,139
fixed_test,3,2,1,"ac370000, ac370419",9,0.89748059167438732,-0.004573082815801266,139,139
fixed_test,3,2,1,"ac370000, ac370419",10,0.89748059167438732,0.018130274275097724,139,139
fixed_test,3,2,1,"ac370000, ac370419",11,0.89748059167438732,0.0094928470895869754,139,138
fixed_test,3,2,1,"ac370000, ac370419",12,0.89748059167438732,0.00025624722314077086,139,139
fixed_test,3,2,1,"ac370000, ac370419",13,0.89748059167438732,0.0089147311587487454,139,139
fixed_test,3,2,1,"ac370000, ac370419",14,0.89748059167438732,-0.0040827811536490177,139,139
fixed_test,3,2,1,"ac370000, ac370419",15,0.89748059167438732,0.0084192402112955866,139,139
fixed_test,3,2,1,"ac370000, ac370419",16,0.89748059167438732,0.0098139258095287785,139,138
fixed_test,3,2,1,"ac370000, ac370419",17,0.89748059167438732,0.013514221895629897,139,138
fixed_test,3,2,1,"ac370000, ac370419",18,0.89748059167438732,0.00025624722314077086,139,138
fixed_test,3,2,1,"ac370000, ac370419",19,0.89748059167438732,0.013514221895629897,139,138
fixed_test,3,2,1,"ac370000, ac370419",20,0.89748059167438732,-0.0043371058307151156,139,138
fixed_test,3,2,1,"ac370000, ac370419",21,0.89748059167438732,0.0043311285941816102,139,139
fixed_test,3,2,1,"ac370000, ac370419",22,0.89748059167438732,0.0089147311587487454,139,139
fixed_test,3,2,1,"ac370000, ac370419",23,0.89748059167438732,0.00025624722314077086,139,138
fixed_test,3,2,1,"ac370000, ac370419",24,0.89748059167438732,0.013514221895629897,139,139
fixed_test,3,2,1,"ac370000, ac370419",25,0.89748059167438732,-0.0040827811536490177,139,138
fixed_test,3,2,1,"ac370000, ac370419",26,0.89748059167438732,-0.0043371058307151156,139,139
fixed_test,3,2,1,"ac370000, ac370419",27,0.89748059167438732,0.0094928470895869754,139,138
fixed_test,3,2,1,"ac370000, ac370419",28,0.89748059167438732,0.0048660031347113053,139,138
fixed_test,3,2,1,"ac370000, ac370419",29,0.89748059167438732,0.017550951792745129,139,137
fixed_test,3,2,2,"ac370000, ac370443",0,0.89748059167438732,0.0089147311587487454,137,137
fixed_test,3,2,2,"ac370000, ac370443",1,0.89748059167438732,-0.0086807663028377613,137,136
fixed_test,3,2,2,"ac370000, ac370443",2,0.89748059167438732,0.0043311285941816102,137,137
fixed_test,3,2,2,"ac370000, ac370443",3,0.89748059167438732,0.00053186665637094954,137,136
fixed_test,3,2,2,"ac370000, ac370443",4,0.89748059167438732,0.009193260749119303,137,136
fixed_test,3,2,2,"ac370000, ac370443",5,0.89748059167438732,0.00025624722314077086,137,137
fixed_test,3,2,2,"ac370000, ac370443",6,0.89748059167438732,0.013235340004164375,137,136
fixed_test,3,2,2,"ac370000, ac370443",7,0.89748059167438732,-0.004573082815801266,137,136
fixed_test,3,2,2,"ac370000, ac370443",8,0.89748059167438732,0.0048660031347113053,137,137
fixed_test,3,2,2,"ac370000, ac370443",9,0.89748059167438732,0.013514221895629897,137,137
fixed_test,3,2,2,"ac370000, ac370443",10,0.89748059167438732,-0.0040827811536490177,137,136
fixed_test,3,2,2,"ac370000, ac370443",11,0.89748059167438732,0.021862127866994707,137,136
fixed_test,3,2,2,"ac370000, ac370443",12,0.89748059167438732,0.012524839461997894,137,136
fixed_test,3,2,2,"ac370000, ac370443",13,0.89748059167438732,-0.0089147311587489675,137,136
fixed_test,3,2,2,"ac370000, ac370443",14,0.89748059167438732,0.0082015443833520774,137,137
fixed_test,3,2,2,"ac370000, ac370443",15,0.89748059167438732,-0.0043371058307151156,137,136
fixed_test,3,2,2,"ac370000, ac370443",16,0.89748059167438732,-0.0043371058307151156,137,136
fixed_test,3,2,2,"ac370000, ac370443",17,0.89748059167438732,-0.0043371058307151156,137,137
fixed_test,3,2,2,"ac370000, ac370443",18,0.89748059167438732,0.0089147311587487454,137,137
fixed_test,3,2,2,"ac370000, ac370443",19,0.89748059167438732,0.0082015443833520774,137,135
fixed_test,3,2,2,"ac370000, ac370443",20,0.89748059167438732,0,137,136
fixed_test,3,2,2,"ac370000, ac370443",21,0.89748059167438732,0.0086568510432371015,137,137
fixed_test,3,2,2,"ac370000, ac370443",22,0.89748059167438732,0.017829462317497713,137,137
fixed_test,3,2,2,"ac370000, ac370443",23,0.89748059167438732,-0.0047910584599926143,137,135
fixed_test,3,2,2,"ac370000, ac370443",24,0.89748059167438732,0.0089147311587487454,137,136
fixed_test,3,2,2,"ac370000, ac370443",25,0.89748059167438732,0.022439885758802514,137,135
fixed_test,3,2,2,"ac370000, ac370443",26,0.89748059167438732,0.0045885580324575015,137,137
fixed_test,3,2,2,"ac370000, ac370443",27,0.89748059167438732,0.0045885580324575015,137,137
fixed_test,3,2,2,"ac370000, ac370443",28,0.89748059167438732,0.0043311285941816102,137,136
fixed_test,3,2,2,"ac370000, ac370443",29,0.89748059167438732,-0.004573082815801266,137,136
fixed_test,3,2,3,"ac370000, ac370419, ac370443",0,0.89748059167438732,0.026445052542253045,136,135
fixed_test,3,2,3,"ac370000, ac370419, ac370443",1,0.89748059167438732,0.0084192402112955866,136,136
fixed_test,3,2,3,"ac370000, ac370419, ac370443",2,0.89748059167438732,0.013514221895629897,136,136
fixed_test,3,2,3,"ac370000, ac370419, ac370443",3,0.89748059167438732,0.026445052542253045,136,136
fixed_test,3,2,3,"ac370000, ac370419, ac370443",4,0.89748059167438732,0.00025624722314077086,136,136
fixed_test,3,2,3,"ac370000, ac370419, ac370443",5,0.89748059167438732,0.0043311285941816102,136,136
fixed_test,3,2,3,"ac370000, ac370419, ac370443",6,0.89748059167438732,0.0040933369823364929,136,136
fixed_test,3,2,3,"ac370000, ac370419, ac370443",7,0.89748059167438732,-0.013477294225784142,136,136
fixed_test,3,2,3,"ac370000, ac370419, ac370443",8,0.89748059167438732,0.0043311285941816102,136,136
fixed_test,3,2,3,"ac370000, ac370419, ac370443",9,0.89748059167438732,0.025916896816786439,136,136
fixed_test,3,2,3,"ac370000, ac370419, ac370443",10,0.89748059167438732,0.0094928470895869754,136,136
fixed_test,3,2,3,"ac370000, ac370419, ac370443",11,0.89748059167438732,0.0045885580324575015,136,136
fixed_test,3,2,3,"ac370000, ac370419, ac370443",12,0.89748059167438732,-0.00023724970627092556,136,136
fixed_test,3,2,3,"ac370000, ac370419, ac370443",13,0.89748059167438732,-0.0043371058307151156,136,136
fixed_test,3,2,3,"ac370000, ac370419, ac370443",14,0.89748059167438732,0.013235340004164375,136,136
fixed_test,3,2,3,"ac370000, ac370419, ac370443",15,0.89748059167438732,0.017550951792745129,136,136
fixed_test,3,2,3,"ac370000, ac370419, ac370443",16,0.89748059167438732,-0.00023724970627092556,136,136
fixed_test,3,2,3,"ac370000, ac370419, ac370443",17,0.89748059167438732,0,136,136
fixed_test,3,2,3,"ac370000, ac370419, ac370443",18,0.89748059167438732,0.0089147311587487454,136,135
fixed_test,3,2,3,"ac370000, ac370419, ac370443",19,0.89748059167438732,-0.0040827811536490177,136,136
fixed_test,3,2,3,"ac370000, ac370419, ac370443",20,0.89748059167438732,0.0040933369823364929,136,136
fixed_test,3,2,3,"ac370000, ac370419, ac370443",21,0.89748059167438732,0.013235340004164375,136,136
fixed_test,3,2,3,"ac370000, ac370419, ac370443",22,0.89748059167438732,0.017550951792745129,136,136
fixed_test,3,2,3,"ac370000, ac370419, ac370443",23,0.89748059167438732,0.0089147311587487454,136,136
fixed_test,3,2,3,"ac370000, ac370419, ac370443",24,0.89748059167438732,0.013814787423071628,136,136
fixed_test,3,2,3,"ac370000, ac370419, ac370443",25,0.89748059167438732,-0.0040827811536490177,136,136
fixed_test,3,2,3,"ac370000, ac370419, ac370443",26,0.89748059167438732,-0.0089147311587489675,136,136
fixed_test,3,2,3,"ac370000, ac370419, ac370443",27,0.89748059167438732,0.0086568510432371015,136,136
fixed_test,3,2,3,"ac370000, ac370419, ac370443",28,0.89748059167438732,0.013235340004164375,136,136
fixed_test,3,2,3,"ac370000, ac370419, ac370443",29,0.89748059167438732,0.0084192402112955866,136,136
fixed_test,3,2,4,"ac370419, ac370443",0,0.89748059167438732,0.0040933369823364929,136,136
fixed_test,3,2,4,"ac370419, ac370443",1,0.89748059167438732,0.012977732424665489,136,134
fixed_test,3,2,4,"ac370419, ac370443",2,0.89748059167438732,-0.0089147311587489675,136,135
fixed_test,3,2,4,"ac370419, ac370443",3,0.89748059167438732,-0.0043371058307151156,136,136
fixed_test,3,2,4,"ac370419, ac370443",4,0.89748059167438732,-0.0089147311587489675,136,135
fixed_test,3,2,4,"ac370419, ac370443",5,0.89748059167438732,-0.004573082815801266,136,136
fixed_test,3,2,4,"ac370419, ac370443",6,0.89748059167438732,-0.0089147311587489675,136,135
fixed_test,3,2,4,"ac370419, ac370443",7,0.89748059167438732,-0.004573082815801266,136,136
fixed_test,3,2,4,"ac370419, ac370443",8,0.89748059167438732,-0.0043371058307151156,136,136
fixed_test,3,2,4,"ac370419, ac370443",9,0.89748059167438732,-0.0043371058307151156,136,136
fixed_test,3,2,4,"ac370419, ac370443",10,0.89748059167438732,-0.013262769693887622,136,136
fixed_test,3,2,4,"ac370419, ac370443",11,0.89748059167438732,-0.004573082815801266,136,136
fixed_test,3,2,4,"ac370419, ac370443",12,0.89748059167438732,0.0043311285941816102,136,136
fixed_test,3,2,4,"ac370419, ac370443",13,0.89748059167438732,-0.013262769693887622,136,135
fixed_test,3,2,4,"ac370419, ac370443",14,0.89748059167438732,-0.004573082815801266,136,135
fixed_test,3,2,4,"ac370419, ac370443",15,0.89748059167438732,-0.017617779828816404,136,136
fixed_test,3,2,4,"ac370419, ac370443",16,0.89748059167438732,0.0043311285941816102,136,132
fixed_test,3,2,4,"ac370419, ac370443",17,0.89748059167438732,-0.0089147311587489675,136,136
fixed_test,3,2,4,"ac370419, ac370443",18,0.89748059167438732,0,136,136
fixed_test,3,2,4,"ac370419, ac370443",19,0.89748059167438732,0,136,136
fixed_test,3,2,4,"ac370419, ac370443",20,0.89748059167438732,0,136,136
fixed_test,3,2,4,"ac370419, ac370443",21,0.89748059167438732,-0.0089147311587489675,136,135
fixed_test,3,2,4,"ac370419, ac370443",22,0.89748059167438732,0.0043311285941816102,136,135
fixed_test,3,2,4,"ac370419, ac370443",23,0.89748059167438732,-0.004573082815801266,136,136
fixed_test,3,2,4,"ac370419, ac370443",24,0.89748059167438732,-0.004573082815801266,136,135
fixed_test,3,2,4,"ac370419, ac370443",25,0.89748059167438732,0.0040933369823364929,136,135
fixed_test,3,2,4,"ac370419, ac370443",26,0.89748059167438732,0,136,135
fixed_test,3,2,4,"ac370419, ac370443",27,0.89748059167438732,-0.0089147311587489675,136,135
fixed_test,3,2,4,"ac370419, ac370443",28,0.89748059167438732,-0.0043371058307151156,136,136
fixed_test,3,2,4,"ac370419, ac370443",29,0.89748059167438732,-0.0089147311587489675,136,136
fixed_test,3,2,5,"ac370000, ac370442",0,0.89748059167438732,0.012977732424665489,136,136
fixed_test,3,2,5,"ac370000, ac370442",1,0.89748059167438732,-0.017617779828816404,136,135
fixed_test,3,2,5,"ac370000, ac370442",2,0.89748059167438732,0.0045885580324575015,136,136
fixed_test,3,2,5,"ac370000, ac370442",3,0.89748059167438732,0.0043311285941816102,136,135
fixed_test,3,2,5,"ac370000, ac370442",4,0.89748059167438732,0.0045885580324575015,136,134
fixed_test,3,2,5,"ac370000, ac370442",5,0.89748059167438732,0.017550951792745129,136,135
fixed_test,3,2,5,"ac370000, ac370442",6,0.89748059167438732,0.0089147311587487454,136,135
fixed_test,3,2,5,"ac370000, ac370442",7,0.89748059167438732,-0.0086807663028377613,136,136
fixed_test,3,2,5,"ac370000, ac370442",8,0.89748059167438732,0.00025624722314077086,136,136
fixed_test,3,2,5,"ac370000, ac370442",9,0.89748059167438732,0.021862127866994707,136,135
fixed_test,3,2,5,"ac370000, ac370442",10,0.89748059167438732,-0.0086807663028377613,136,136
fixed_test,3,2,5,"ac370000, ac370442",11,0.89748059167438732,-0.0084291137768450763,136,135
fixed_test,3,2,5,"ac370000, ac370442",12,0.89748059167438732,0.0040933369823364929,136,136
fixed_test,3,2,5,"ac370000, ac370442",13,0.89748059167438732,0.013235340004164375,136,136
fixed_test,3,2,5,"ac370000, ac370442",14,0.89748059167438732,0.013814787423071628,136,136
fixed_test,3,2,5,"ac370000, ac370442",15,0.89748059167438732,0,136,136
fixed_test,3,2,5,"ac370000, ac370442",16,0.89748059167438732,0.026445052542253045,136,135
fixed_test,3,2,5,"ac370000, ac370442",17,0.89748059167438732,0.013514221895629897,136,136
fixed_test,3,2,5,"ac370000, ac370442",18,0.89748059167438732,0.0089147311587487454,136,136
fixed_test,3,2,5,"ac370000, ac370442",19,0.89748059167438732,-0.0086807663028377613,136,135
fixed_test,3,2,5,"ac370000, ac370442",20,0.89748059167438732,0.017829462317497713,136,136
fixed_test,3,2,5,"ac370000, ac370442",21,0.89748059167438732,0.013235340004164375,136,136
fixed_test,3,2,5,"ac370000, ac370442",22,0.89748059167438732,0.0045885580324575015,136,136
fixed_test,3,2,5,"ac370000, ac370442",23,0.89748059167438732,0.0089147311587487454,136,135
fixed_test,3,2,5,"ac370000, ac370442",24,0.89748059167438732,0.0086568510432371015,136,136
fixed_test,3,2,5,"ac370000, ac370442",25,0.89748059167438732,0.0089147311587487454,136,135
fixed_test,3,2,5,"ac370000, ac370442",26,0.89748059167438732,0.013814787423071628,136,134
fixed_test,3,2,5,"ac370000, ac370442",27,0.89748059167438732,0.0086568510432371015,136,136
fixed_test,3,2,5,"ac370000, ac370442",28,0.89748059167438732,0.017829462317497713,136,134
fixed_test,3,2,5,"ac370000, ac370442",29,0.89748059167438732,0.0043311285941816102,136,135
fixed_test,3,2,6,"370407, ac370000, ac370419",0,0.89748059167438732,0.017294332094248133,136,135
fixed_test,3,2,6,"370407, ac370000, ac370419",1,0.89748059167438732,0.0086568510432371015,136,136
fixed_test,3,2,6,"370407, ac370000, ac370419",2,0.89748059167438732,0.0089147311587487454,136,136
fixed_test,3,2,6,"370407, ac370000, ac370419",3,0.89748059167438732,0.030473390563854674,136,136
fixed_test,3,2,6,"370407, ac370000, ac370419",4,0.89748059167438732,0.013514221895629897,136,136
fixed_test,3,2,6,"370407, ac370000, ac370419",5,0.89748059167438732,0.0086568510432371015,136,136
fixed_test,3,2,6,"370407, ac370000, ac370419",6,0.89748059167438732,0.021862127866994707,136,136
fixed_test,3,2,6,"370407, ac370000, ac370419",7,0.89748059167438732,0.017294332094248133,136,136
fixed_test,3,2,6,"370407, ac370000, ac370419",8,0.89748059167438732,0.017294332094248133,136,136
fixed_test,3,2,6,"370407, ac370000, ac370419",9,0.89748059167438732,-0.00045585167165695939,136,136
fixed_test,3,2,6,"370407, ac370000, ac370419",10,0.89748059167438732,0.0082015443833520774,136,136
fixed_test,3,2,6,"370407, ac370000, ac370419",11,0.89748059167438732,0.012741017378592345,136,136
fixed_test,3,2,6,"370407, ac370000, ac370419",12,0.89748059167438732,0.017550951792745129,136,136
fixed_test,3,2,6,"370407, ac370000, ac370419",13,0.89748059167438732,-0.0051742755822498099,136,136
fixed_test,3,2,6,"370407, ac370000, ac370419",14,0.89748059167438732,-0.0089147311587489675,136,136
fixed_test,3,2,6,"370407, ac370000, ac370419",15,0.89748059167438732,0,136,136
fixed_test,3,2,6,"370407, ac370000, ac370419",16,0.89748059167438732,0.00025624722314077086,136,136
fixed_test,3,2,6,"370407, ac370000, ac370419",17,0.89748059167438732,0.012741017378592345,136,136
fixed_test,3,2,6,"370407, ac370000, ac370419",18,0.89748059167438732,0.021862127866994707,136,136
fixed_test,3,2,6,"370407, ac370000, ac370419",19,0.89748059167438732,0.034774573033503842,136,136
fixed_test,3,2,6,"370407, ac370000, ac370419",20,0.89748059167438732,-0.0084291137768450763,136,135
fixed_test,3,2,6,"370407, ac370000, ac370419",21,0.89748059167438732,0.017550951792745129,136,136
fixed_test,3,2,6,"370407, ac370000, ac370419",22,0.89748059167438732,0.0043311285941816102,136,136
fixed_test,3,2,6,"370407, ac370000, ac370419",23,0.89748059167438732,0,136,136
fixed_test,3,2,6,"370407, ac370000, ac370419",24,0.89748059167438732,0.0043311285941816102,136,136
fixed_test,3,2,6,"370407, ac370000, ac370419",25,0.89748059167438732,0.0086568510432371015,136,136
fixed_test,3,2,6,"370407, ac370000, ac370419",26,0.89748059167438732,0.0086568510432371015,136,136
fixed_test,3,2,6,"370407, ac370000, ac370419",27,0.89748059167438732,0.0084192402112955866,136,136
fixed_test,3,2,6,"370407, ac370000, ac370419",28,0.89748059167438732,0.0036752819398740977,136,136
fixed_test,3,2,6,"370407, ac370000, ac370419",29,0.89748059167438732,-0.0043371058307151156,136,136
fixed_test,3,2,7,"370407, ac370419",0,0.89748059167438732,-0.0091313504557788416,136,135
fixed_test,3,2,7,"370407, ac370419",1,0.89748059167438732,-0.013031565442009341,136,134
fixed_test,3,2,7,"370407, ac370419",2,0.89748059167438732,-0.0089147311587489675,136,135
fixed_test,3,2,7,"370407, ac370419",3,0.89748059167438732,-0.0040827811536490177,136,136
fixed_test,3,2,7,"370407, ac370419",4,0.89748059167438732,-0.026744193476246902,136,135
fixed_test,3,2,7,"370407, ac370419",5,0.89748059167438732,-0.013262769693887622,136,135
fixed_test,3,2,7,"370407, ac370419",6,0.89748059167438732,-0.017829462317497935,136,136
fixed_test,3,2,7,"370407, ac370419",7,0.89748059167438732,0,136,136
fixed_test,3,2,7,"370407, ac370419",8,0.89748059167438732,-0.0043371058307151156,136,135
fixed_test,3,2,7,"370407, ac370419",9,0.89748059167438732,-0.0043371058307151156,136,135
fixed_test,3,2,7,"370407, ac370419",10,0.89748059167438732,-0.0047910584599926143,136,136
fixed_test,3,2,7,"370407, ac370419",11,0.89748059167438732,0.0040933369823364929,136,134
fixed_test,3,2,7,"370407, ac370419",12,0.89748059167438732,-0.0093309435546097275,136,134
fixed_test,3,2,7,"370407, ac370419",13,0.89748059167438732,0.0043311285941816102,136,136
fixed_test,3,2,7,"370407, ac370419",14,0.89748059167438732,-0.0089147311587489675,136,135
fixed_test,3,2,7,"370407, ac370419",15,0.89748059167438732,-0.013477294225784142,136,136
fixed_test,3,2,7,"370407, ac370419",16,0.89748059167438732,-0.013262769693887622,136,136
fixed_test,3,2,7,"370407, ac370419",17,0.89748059167438732,-0.0043371058307151156,136,135
fixed_test,3,2,7,"370407, ac370419",18,0.89748059167438732,-0.0089147311587489675,136,135
fixed_test,3,2,7,"370407, ac370419",19,0.89748059167438732,0.0045885580324575015,136,136
fixed_test,3,2,7,"370407, ac370419",20,0.89748059167438732,0.017059220600069369,136,136
fixed_test,3,2,7,"370407, ac370419",21,0.89748059167438732,0.009193260749119303,136,136
fixed_test,3,2,7,"370407, ac370419",22,0.89748059167438732,0.0040933369823364929,136,136
fixed_test,3,2,7,"370407, ac370419",23,0.89748059167438732,-0.018025451205286869,136,135
fixed_test,3,2,7,"370407, ac370419",24,0.89748059167438732,-0.017829462317497935,136,136
fixed_test,3,2,7,"370407, ac370419",25,0.89748059167438732,-0.00045585167165695939,136,136
fixed_test,3,2,7,"370407, ac370419",26,0.89748059167438732,-0.022381505635767018,136,136
fixed_test,3,2,7,"370407, ac370419",27,0.89748059167438732,-0.0086807663028377613,136,135
fixed_test,3,2,7,"370407, ac370419",28,0.89748059167438732,-0.0091313504557788416,136,136
fixed_test,3,2,7,"370407, ac370419",29,0.89748059167438732,-0.0040827811536490177,136,136
fixed_test,3,2,8,"ac370442, ac370443",0,0.89748059167438732,0,135,134
fixed_test,3,2,8,"ac370442, ac370443",1,0.89748059167438732,0.0043311285941816102,135,135
fixed_test,3,2,8,"ac370442, ac370443",2,0.89748059167438732,-0.013031565442009341,135,134
fixed_test,3,2,8,"ac370442, ac370443",3,0.89748059167438732,-0.0089147311587489675,135,135
fixed_test,3,2,8,"ac370442, ac370443",4,0.89748059167438732,-0.0086807663028377613,135,135
fixed_test,3,2,8,"ac370442, ac370443",5,0.89748059167438732,-0.017617779828816404,135,135
fixed_test,3,2,8,"ac370442, ac370443",6,0.89748059167438732,0.012741017378592345,135,135
fixed_test,3,2,8,"ac370442, ac370443",7,0.89748059167438732,-0.013031565442009341,135,135
fixed_test,3,2,8,"ac370442, ac370443",8,0.89748059167438732,-0.0043371058307151156,135,135
fixed_test,3,2,8,"ac370442, ac370443",9,0.89748059167438732,0,135,134
fixed_test,3,2,8,"ac370442, ac370443",10,0.89748059167438732,0.0089147311587487454,135,134
fixed_test,3,2,8,"ac370442, ac370443",11,0.89748059167438732,-0.00023724970627092556,135,135
fixed_test,3,2,8,"ac370442, ac370443",12,0.89748059167438732,-0.0089147311587489675,135,134
fixed_test,3,2,8,"ac370442, ac370443",13,0.89748059167438732,0.013235340004164375,135,135
fixed_test,3,2,8,"ac370442, ac370443",14,0.89748059167438732,-0.004573082815801266,135,135
fixed_test,3,2,8,"ac370442, ac370443",15,0.89748059167438732,-0.00023724970627092556,135,135
fixed_test,3,2,8,"ac370442, ac370443",16,0.89748059167438732,0,135,135
fixed_test,3,2,8,"ac370442, ac370443",17,0.89748059167438732,0.0040933369823364929,135,135
fixed_test,3,2,8,"ac370442, ac370443",18,0.89748059167438732,0.009193260749119303,135,134
fixed_test,3,2,8,"ac370442, ac370443",19,0.89748059167438732,-0.004573082815801266,135,135
fixed_test,3,2,8,"ac370442, ac370443",20,0.89748059167438732,0,135,135
fixed_test,3,2,8,"ac370442, ac370443",21,0.89748059167438732,0.0040933369823364929,135,135
fixed_test,3,2,8,"ac370442, ac370443",22,0.89748059167438732,-0.0086807663028377613,135,135
fixed_test,3,2,8,"ac370442, ac370443",23,0.89748059167438732,-0.004573082815801266,135,135
fixed_test,3,2,8,"ac370442, ac370443",24,0.89748059167438732,-0.00023724970627092556,135,134
fixed_test,3,2,8,"ac370442, ac370443",25,0.89748059167438732,-0.00023724970627092556,135,135
fixed_test,3,2,8,"ac370442, ac370443",26,0.89748059167438732,0.0040933369823364929,135,135
fixed_test,3,2,8,"ac370442, ac370443",27,0.89748059167438732,0,135,134
fixed_test,3,2,8,"ac370442, ac370443",28,0.89748059167438732,0.0043311285941816102,135,135
fixed_test,3,2,8,"ac370442, ac370443",29,0.89748059167438732,-0.004573082815801266,135,135
fixed_test,3,2,9,"ac370000, ac370419, ac370442",0,0.89748059167438732,0.00025624722314077086,135,135
fixed_test,3,2,9,"ac370000, ac370419, ac370442",1,0.89748059167438732,0.0082015443833520774,135,135
fixed_test,3,2,9,"ac370000, ac370419, ac370442",2,0.89748059167438732,0.021862127866994707,135,135
fixed_test,3,2,9,"ac370000, ac370419, ac370442",3,0.89748059167438732,0.012741017378592345,135,135
fixed_test,3,2,9,"ac370000, ac370419, ac370442",4,0.89748059167438732,-0.00065613183336510339,135,135
fixed_test,3,2,9,"ac370000, ac370419, ac370442",5,0.89748059167438732,0.012977732424665489,135,135
fixed_test,3,2,9,"ac370000, ac370419, ac370442",6,0.89748059167438732,-0.0040827811536490177,135,135
fixed_test,3,2,9,"ac370000, ac370419, ac370442",7,0.89748059167438732,0.0086568510432371015,135,134
fixed_test,3,2,9,"ac370000, ac370419, ac370442",8,0.89748059167438732,0.021862127866994707,135,135
fixed_test,3,2,9,"ac370000, ac370419, ac370442",9,0.89748059167438732,0,135,135
fixed_test,3,2,9,"ac370000, ac370419, ac370442",10,0.89748059167438732,0.025916896816786439,135,135
fixed_test,3,2,9,"ac370000, ac370419, ac370442",11,0.89748059167438732,-0.00045585167165695939,135,135
fixed_test,3,2,9,"ac370000, ac370419, ac370442",12,0.89748059167438732,-0.00023724970627092556,135,135
fixed_test,3,2,9,"ac370000, ac370419, ac370442",13,0.89748059167438732,0.0043311285941816102,135,135
fixed_test,3,2,9,"ac370000, ac370419, ac370442",14,0.89748059167438732,0.013235340004164375,135,135
fixed_test,3,2,9,"ac370000, ac370419, ac370442",15,0.89748059167438732,0.026169423977200901,135,135
fixed_test,3,2,9,"ac370000, ac370419, ac370442",16,0.89748059167438732,0.017550951792745129,135,135
fixed_test,3,2,9,"ac370000, ac370419, ac370442",17,0.89748059167438732,0.021607203971223399,135,135
fixed_test,3,2,9,"ac370000, ac370419, ac370442",18,0.89748059167438732,0.030746523309323592,135,135
fixed_test,3,2,9,"ac370000, ac370419, ac370442",19,0.89748059167438732,0.0084192402112955866,135,134
fixed_test,3,2,9,"ac370000, ac370419, ac370442",20,0.89748059167438732,0.021862127866994707,135,135
fixed_test,3,2,9,"ac370000, ac370419, ac370442",21,0.89748059167438732,0.0045885580324575015,135,135
fixed_test,3,2,9,"ac370000, ac370419, ac370442",22,0.89748059167438732,0.0045885580324575015,135,135
fixed_test,3,2,9,"ac370000, ac370419, ac370442",23,0.89748059167438732,-0.0047910584599926143,135,135
fixed_test,3,2,9,"ac370000, ac370419, ac370442",24,0.89748059167438732,0.0040933369823364929,135,135
fixed_test,3,2,9,"ac370000, ac370419, ac370442",25,0.89748059167438732,0.0089147311587487454,135,135
fixed_test,3,2,9,"ac370000, ac370419, ac370442",26,0.89748059167438732,-0.00045585167165695939,135,135
fixed_test,3,2,9,"ac370000, ac370419, ac370442",27,0.89748059167438732,0.0086568510432371015,135,135
fixed_test,3,2,9,"ac370000, ac370419, ac370442",28,0.89748059167438732,0.017550951792745129,135,135
fixed_test,3,2,9,"ac370000, ac370419, ac370442",29,0.89748059167438732,0.017550951792745129,135,135
fixed_train,3,2,0,"370407, ac370000",0,0.99668065937614392,0.046383802332197632,530,526
fixed_train,3,2,0,"370407, ac370000",1,0.99668065937614392,0.045398416399328623,530,525
fixed_train,3,2,0,"370407, ac370000",2,0.99668065937614392,0.037697921866090889,530,528
fixed_train,3,2,0,"370407, ac370000",3,0.99668065937614392,0.04202442690713537,530,528
fixed_train,3,2,0,"370407, ac370000",4,0.99668065937614392,0.038795979755636201,530,528
fixed_train,3,2,0,"370407, ac370000",5,0.99668065937614392,0.039832087486274315,530,524
fixed_train,3,2,0,"370407, ac370000",6,0.99668065937614392,0.035461507827447281,530,525
fixed_train,3,2,0,"370407, ac370000",7,0.99668065937614392,0.039852114920811199,530,530
fixed_train,3,2,0,"370407, ac370000",8,0.99668065937614392,0.039852114920811199,530,527
fixed_train,3,2,0,"370407, ac370000",9,0.99668065937614392,0.035500471323825056,530,527
fixed_train,3,2,0,"370407, ac370000",10,0.99668065937614392,0.038775298669914582,530,526
fixed_train,3,2,0,"370407, ac370000",11,0.99668065937614392,0.042087592377725969,530,525
fixed_train,3,2,0,"370407, ac370000",12,0.99668065937614392,0.035424273326486344,530,528
fixed_train,3,2,0,"370407, ac370000",13,0.99668065937614392,0.037697921866090889,530,527
fixed_train,3,2,0,"370407, ac370000",14,0.99668065937614392,0.043099745200006034,530,526
fixed_train,3,2,0,"370407, ac370000",15,0.99668065937614392,0.042066035717973627,530,529
fixed_train,3,2,0,"370407, ac370000",16,0.99668065937614392,0.034344284007412296,530,527
fixed_train,3,2,0,"370407, ac370000",17,0.99668065937614392,0.038755085896167163,530,525
fixed_train,3,2,0,"370407, ac370000",18,0.99668065937614392,0.036540642395113232,530,529
fixed_train,3,2,0,"370407, ac370000",19,0.99668065937614392,0.038697238339625573,530,523
fixed_train,3,2,0,"370407, ac370000",20,0.99668065937614392,0.044279956515136054,530,525
fixed_train,3,2,0,"370407, ac370000",21,0.99668065937614392,0.045353225747825299,530,527
fixed_train,3,2,0,"370407, ac370000",22,0.99668065937614392,0.043162147940601692,530,526
fixed_train,3,2,0,"370407, ac370000",23,0.99668065937614392,0.037638194123648772,530,528
fixed_train,3,2,0,"370407, ac370000",24,0.99668065937614392,0.041080862887661218,530,528
fixed_train,3,2,0,"370407, ac370000",25,0.99668065937614392,0.03973904942219697,530,528
fixed_train,3,2,0,"370407, ac370000",26,0.99668065937614392,0.043162147940601692,530,529
fixed_train,3,2,0,"370407, ac370000",27,0.99668065937614392,0.037638194123648772,530,530
fixed_train,3,2,0,"370407, ac370000",28,0.99668065937614392,0.038735339505891475,530,525
fixed_train,3,2,0,"370407, ac370000",29,0.99668065937614392,0.047542833910884874,530,528
fixed_train,3,2,1,"ac370000, ac370419",0,0.99668065937614392,0.040969529397220983,513,510
fixed_train,3,2,1,"ac370000, ac370419",1,0.99668065937614392,0.036521935288536311,513,511
fixed_train,3,2,1,"ac370000, ac370419",2,0.99668065937614392,0.037657647694644858,513,510
fixed_train,3,2,1,"ac370000, ac370419",3,0.99668065937614392,0.034344284007412296,513,510
fixed_train,3,2,1,"ac370000, ac370419",4,0.99668065937614392,0.039915071189871698,513,509
fixed_train,3,2,1,"ac370000, ac370419",5,0.99668065937614392,0.036599422078809396,513,507
fixed_train,3,2,1,"ac370000, ac370419",6,0.99668065937614392,0.034381713039772333,513,513
fixed_train,3,2,1,"ac370000, ac370419",7,0.99668065937614392,0.038817131117846237,513,509
fixed_train,3,2,1,"ac370000, ac370419",8,0.99668065937614392,0.036540642395113232,513,511
fixed_train,3,2,1,"ac370000, ac370419",9,0.99668065937614392,0.035424273326486344,513,510
fixed_train,3,2,1,"ac370000, ac370419",10,0.99668065937614392,0.037697921866090889,513,510
fixed_train,3,2,1,"ac370000, ac370419",11,0.99668065937614392,0.039937021260702976,513,513
fixed_train,3,2,1,"ac370000, ac370419",12,0.99668065937614392,0.035442675353104303,513,510
fixed_train,3,2,1,"ac370000, ac370419",13,0.99668065937614392,0.047714143258768438,513,512
fixed_train,3,2,1,"ac370000, ac370419",14,0.99668065937614392,0.036540642395113232,513,508
fixed_train,3,2,1,"ac370000, ac370419",15,0.99668065937614392,0.042155296229141825,513,512
fixed_train,3,2,1,"ac370000, ac370419",16,0.99668065937614392,0.041012575565083198,513,510
fixed_train,3,2,1,"ac370000, ac370419",17,0.99668065937614392,0.035388753609917001,513,510
fixed_train,3,2,1,"ac370000, ac370419",18,0.99668065937614392,0.033227703011563747,513,512
fixed_train,3,2,1,"ac370000, ac370419",19,0.99668065937614392,0.032128776676161208,513,510
fixed_train,3,2,1,"ac370000, ac370419",20,0.99668065937614392,0.036540642395113232,513,512
fixed_train,3,2,1,"ac370000, ac370419",21,0.99668065937614392,0.042155296229141825,513,510
fixed_train,3,2,1,"ac370000, ac370419",22,0.99668065937614392,0.034362788136742206,513,511
fixed_train,3,2,1,"ac370000, ac370419",23,0.99668065937614392,0.032182213381447888,513,510
fixed_train,3,2,1,"ac370000, ac370419",24,0.99668065937614392,0.033245459344515615,513,510
fixed_train,3,2,1,"ac370000, ac370419",25,0.99668065937614392,0.035442675353104303,513,509
fixed_train,3,2,1,"ac370000, ac370419",26,0.99668065937614392,0.037677556310378946,513,509
fixed_train,3,2,1,"ac370000, ac370419",27,0.99668065937614392,0.042109653276242165,513,511
fixed_train,3,2,1,"ac370000, ac370419",28,0.99668065937614392,0.035442675353104303,513,510
fixed_train,3,2,1,"ac370000, ac370419",29,0.99668065937614392,0.035500471323825056,513,511
fixed_train,3,2,2,"ac370000, ac370443",0,0.99668065937614392,0.037638194123648772,500,500
fixed_train,3,2,2,"ac370000, ac370443",1,0.99668065937614392,0.038755085896167163,500,499
fixed_train,3,2,2,"ac370000, ac370443",2,0.99668065937614392,0.042087592377725969,500,497
fixed_train,3,2,2,"ac370000, ac370443",3,0.99668065937614392,0.032095126853826095,500,499
fixed_train,3,2,2,"ac370000, ac370443",4,0.99668065937614392,0.025468424889844021,500,498
fixed_train,3,2,2,"ac370000, ac370443",5,0.99668065937614392,0.035424273326486344,500,500
fixed_train,3,2,2,"ac370000, ac370443",6,0.99668065937614392,0.039812535808062655,500,496
fixed_train,3,2,2,"ac370000, ac370443",7,0.99668065937614392,0.029929596517848323,500,497
fixed_train,3,2,2,"ac370000, ac370443",8,0.99668065937614392,0.032128776676161208,500,496
fixed_train,3,2,2,"ac370000, ac370443",9,0.99668065937614392,0.030996431732161489,500,498
fixed_train,3,2,2,"ac370000, ac370443",10,0.99668065937614392,0.036599422078809396,500,497
fixed_train,3,2,2,"ac370000, ac370443",11,0.99668065937614392,0.032164004000735269,500,499
fixed_train,3,2,2,"ac370000, ac370443",12,0.99668065937614392,0.033227703011563747,500,499
fixed_train,3,2,2,"ac370000, ac370443",13,0.99668065937614392,0.040969529397220983,500,497
fixed_train,3,2,2,"ac370000, ac370443",14,0.99668065937614392,0.03214619232729532,500,499
fixed_train,3,2,2,"ac370000, ac370443",15,0.99668065937614392,0.029913269344910232,500,496
fixed_train,3,2,2,"ac370000, ac370443",16,0.99668065937614392,0.032164004000735269,500,498
fixed_train,3,2,2,"ac370000, ac370443",17,0.99668065937614392,0.037619193737037038,500,497
fixed_train,3,2,2,"ac370000, ac370443",18,0.99668065937614392,0.033227703011563747,500,497
fixed_train,3,2,2,"ac370000, ac370443",19,0.99668065937614392,0.02985164276836616,500,497
fixed_train,3,2,2,"ac370000, ac370443",20,0.99668065937614392,0.033210352529323917,500,497
fixed_train,3,2,2,"ac370000, ac370443",21,0.99668065937614392,0.027713000708401436,500,499
fixed_train,3,2,2,"ac370000, ac370443",22,0.99668065937614392,0.033227703011563747,500,497
fixed_train,3,2,2,"ac370000, ac370443",23,0.99668065937614392,0.030996431732161489,500,497
fixed_train,3,2,2,"ac370000, ac370443",24,0.99668065937614392,0.033245459344515615,500,497
fixed_train,3,2,2,"ac370000, ac370443",25,0.99668065937614392,0.042066035717973627,500,496
fixed_train,3,2,2,"ac370000, ac370443",26,0.99668065937614392,0.029929596517848323,500,495
fixed_train,3,2,2,"ac370000, ac370443",27,0.99668065937614392,0.034326198894059412,500,498
fixed_train,3,2,2,"ac370000, ac370443",28,0.99668065937614392,0.037638194123648772,500,498
fixed_train,3,2,2,"ac370000, ac370443",29,0.99668065937614392,0.035461507827447281,500,498
fixed_train,3,2,3,"ac370000, ac370419, ac370443",0,0.99668065937614392,0.034274440553995866,499,499
fixed_train,3,2,3,"ac370000, ac370419, ac370443",1,0.99668065937614392,0.043060683432801117,499,499
fixed_train,3,2,3,"ac370000, ac370419, ac370443",2,0.99668065937614392,0.048550810862089566,499,499
fixed_train,3,2,3,"ac370000, ac370419, ac370443",3,0.99668065937614392,0.047457265835000095,499,499
fixed_train,3,2,3,"ac370000, ac370419, ac370443",4,0.99668065937614392,0.040908637232440426,499,498
fixed_train,3,2,3,"ac370000, ac370419, ac370443",5,0.99668065937614392,0.038735339505891475,499,498
fixed_train,3,2,3,"ac370000, ac370419, ac370443",6,0.99668065937614392,0.037582545247879628,499,499
fixed_train,3,2,3,"ac370000, ac370419, ac370443",7,0.99668065937614392,0.048592830908022244,499,499
fixed_train,3,2,3,"ac370000, ac370419, ac370443",8,0.99668065937614392,0.043099745200006034,499,499
fixed_train,3,2,3,"ac370000, ac370419, ac370443",9,0.99668065937614392,0.046448209105280913,499,499
fixed_train,3,2,3,"ac370000, ac370419, ac370443",10,0.99668065937614392,0.040969529397220983,499,499
fixed_train,3,2,3,"ac370000, ac370419, ac370443",11,0.99668065937614392,0.040948743723246639,499,499
fixed_train,3,2,3,"ac370000, ac370419, ac370443",12,0.99668065937614392,0.04202442690713537,499,499
fixed_train,3,2,3,"ac370000, ac370419, ac370443",13,0.99668065937614392,0.043206313332416757,499,499
fixed_train,3,2,3,"ac370000, ac370419, ac370443",14,0.99668065937614392,0.043099745200006034,499,499
fixed_train,3,2,3,"ac370000, ac370419, ac370443",15,0.99668065937614392,0.036485839446810719,499,498
fixed_train,3,2,3,"ac370000, ac370419, ac370443",16,0.99668065937614392,0.033193406238562151,499,499
fixed_train,3,2,3,"ac370000, ac370419, ac370443",17,0.99668065937614392,0.039852114920811199,499,498
fixed_train,3,2,3,"ac370000, ac370419, ac370443",18,0.99668065937614392,0.044215283497350377,499,499
fixed_train,3,2,3,"ac370000, ac370419, ac370443",19,0.99668065937614392,0.040852110858674684,499,499
fixed_train,3,2,3,"ac370000, ac370419, ac370443",20,0.99668065937614392,0.044215283497350377,499,499
fixed_train,3,2,3,"ac370000, ac370419, ac370443",21,0.99668065937614392,0.040908637232440426,499,498
fixed_train,3,2,3,"ac370000, ac370419, ac370443",22,0.99668065937614392,0.033176862510844285,499,499
fixed_train,3,2,3,"ac370000, ac370419, ac370443",23,0.99668065937614392,0.037547688028899295,499,498
fixed_train,3,2,3,"ac370000, ac370419, ac370443",24,0.99668065937614392,0.037677556310378946,499,499
fixed_train,3,2,3,"ac370000, ac370419, ac370443",25,0.99668065937614392,0.038775298669914582,499,499
fixed_train,3,2,3,"ac370000, ac370419, ac370443",26,0.99668065937614392,0.045353225747825299,499,499
fixed_train,3,2,3,"ac370000, ac370419, ac370443",27,0.99668065937614392,0.042044981235511814,499,499
fixed_train,3,2,3,"ac370000, ac370419, ac370443",28,0.99668065937614392,0.043079961615310025,499,499
fixed_train,3,2,3,"ac370000, ac370419, ac370443",29,0.99668065937614392,0.028797758328482415,499,499
fixed_train,3,2,4,"ac370419, ac370443",0,0.99668065937614392,0.025428844982736565,499,496
fixed_train,3,2,4,"ac370419, ac370443",1,0.99668065937614392,0.030980512489324541,499,497
fixed_train,3,2,4,"ac370419, ac370443",2,0.99668065937614392,0.025441721323046562,499,498
fixed_train,3,2,4,"ac370419, ac370443",3,0.99668065937614392,0.017712906949186924,499,498
fixed_train,3,2,4,"ac370419, ac370443",4,0.99668065937614392,0.017703149993899769,499,498
fixed_train,3,2,4,"ac370419, ac370443",5,0.99668065937614392,0.017703149993899769,499,499
fixed_train,3,2,4,"ac370419, ac370443",6,0.99668065937614392,0.01657455330065627,499,496
fixed_train,3,2,4,"ac370419, ac370443",7,0.99668065937614392,0.018846617470613558,499,498
fixed_train,3,2,4,"ac370419, ac370443",8,0.99668065937614392,0.025468424889844021,499,498
fixed_train,3,2,4,"ac370419, ac370443",9,0.99668065937614392,0.023266747351156969,499,498
fixed_train,3,2,4,"ac370419, ac370443",10,0.99668065937614392,0.023229331942515641,499,499
fixed_train,3,2,4,"ac370419, ac370443",11,0.99668065937614392,0.025428844982736565,499,499
fixed_train,3,2,4,"ac370419, ac370443",12,0.99668065937614392,0.023229331942515641,499,497
fixed_train,3,2,4,"ac370419, ac370443",13,0.99668065937614392,0.01660129733234017,499,497
fixed_train,3,2,4,"ac370419, ac370443",14,0.99668065937614392,0.022074068890482912,499,496
fixed_train,3,2,4,"ac370419, ac370443",15,0.99668065937614392,0.023217446089921823,499,498
fixed_train,3,2,4,"ac370419, ac370443",16,0.99668065937614392,0.019926827746349352,499,499
fixed_train,3,2,4,"ac370419, ac370443",17,0.99668065937614392,0.024367813645401304,499,498
fixed_train,3,2,4,"ac370419, ac370443",18,0.99668065937614392,0.023229331942515641,499,497
fixed_train,3,2,4,"ac370419, ac370443",19,0.99668065937614392,0.020985055787135609,499,499
fixed_train,3,2,4,"ac370419, ac370443",20,0.99668065937614392,0.024341831241612155,499,495
fixed_train,3,2,4,"ac370419, ac370443",21,0.99668065937614392,0.019905515916407879,499,497
fixed_train,3,2,4,"ac370419, ac370443",22,0.99668065937614392,0.021028105767050276,499,498
fixed_train,3,2,4,"ac370419, ac370443",23,0.99668065937614392,0.02103953788773627,499,497
fixed_train,3,2,4,"ac370419, ac370443",24,0.99668065937614392,0.022117407015480595,499,498
fixed_train,3,2,4,"ac370419, ac370443",25,0.99668065937614392,0.02100604719710697,499,499
fixed_train,3,2,4,"ac370419, ac370443",26,0.99668065937614392,0.027654110703577595,499,499
fixed_train,3,2,4,"ac370419, ac370443",27,0.99668065937614392,0.017712906949186924,499,498
fixed_train,3,2,4,"ac370419, ac370443",28,0.99668065937614392,0.023217446089921823,499,499
fixed_train,3,2,4,"ac370419, ac370443",29,0.99668065937614392,0.029837149250331318,499,499
fixed_train,3,2,5,"ac370000, ac370442",0,0.99668065937614392,0.037657647694644858,496,493
fixed_train,3,2,5,"ac370000, ac370442",1,0.99668065937614392,0.033193406238562151,496,495
fixed_train,3,2,5,"ac370000, ac370442",2,0.99668065937614392,0.034362788136742206,496,495
fixed_train,3,2,5,"ac370000, ac370442",3,0.99668065937614392,0.034344284007412296,496,492
fixed_train,3,2,5,"ac370000, ac370442",4,0.99668065937614392,0.029963366256116286,496,495
fixed_train,3,2,5,"ac370000, ac370442",5,0.99668065937614392,0.033210352529323917,496,493
fixed_train,3,2,5,"ac370000, ac370442",6,0.99668065937614392,0.038775298669914582,496,492
fixed_train,3,2,5,"ac370000, ac370442",7,0.99668065937614392,0.035442675353104303,496,495
fixed_train,3,2,5,"ac370000, ac370442",8,0.99668065937614392,0.036559791338663494,496,493
fixed_train,3,2,5,"ac370000, ac370442",9,0.99668065937614392,0.041012575565083198,496,495
fixed_train,3,2,5,"ac370000, ac370442",10,0.99668065937614392,0.031029410861584061,496,496
fixed_train,3,2,5,"ac370000, ac370442",11,0.99668065937614392,0.037718746292264127,496,495
fixed_train,3,2,5,"ac370000, ac370442",12,0.99668065937614392,0.036559791338663494,496,492
fixed_train,3,2,5,"ac370000, ac370442",13,0.99668065937614392,0.033227703011563747,496,493
fixed_train,3,2,5,"ac370000, ac370442",14,0.99668065937614392,0.03214619232729532,496,495
fixed_train,3,2,5,"ac370000, ac370442",15,0.99668065937614392,0.036579383946189203,496,492
fixed_train,3,2,5,"ac370000, ac370442",16,0.99668065937614392,0.043140836367294377,496,495
fixed_train,3,2,5,"ac370000, ac370442",17,0.99668065937614392,0.036521935288536311,496,495
fixed_train,3,2,5,"ac370000, ac370442",18,0.99668065937614392,0.038697238339625573,496,493
fixed_train,3,2,5,"ac370000, ac370442",19,0.99668065937614392,0.038795979755636201,496,492
fixed_train,3,2,5,"ac370000, ac370442",20,0.99668065937614392,0.038817131117846237,496,492
fixed_train,3,2,5,"ac370000, ac370442",21,0.99668065937614392,0.028782510934999062,496,494
fixed_train,3,2,5,"ac370000, ac370442",22,0.99668065937614392,0.031012730670023081,496,494
fixed_train,3,2,5,"ac370000, ac370442",23,0.99668065937614392,0.023266747351156969,496,495
fixed_train,3,2,5,"ac370000, ac370442",24,0.99668065937614392,0.039872620036185524,496,494
fixed_train,3,2,5,"ac370000, ac370442",25,0.99668065937614392,0.02985164276836616,496,492
fixed_train,3,2,5,"ac370000, ac370442",26,0.99668065937614392,0.036599422078809396,496,495
fixed_train,3,2,5,"ac370000, ac370442",27,0.99668065937614392,0.037697921866090889,496,494
fixed_train,3,2,5,"ac370000, ac370442",28,0.99668065937614392,0.031063921386947135,496,494
fixed_train,3,2,5,"ac370000, ac370442",29,0.99668065937614392,0.03429127884517047,496,494
fixed_train,3,2,6,"370407, ac370000, ac370419",0,0.99668065937614392,0.039793457997703285,496,496
fixed_train,3,2,6,"370407, ac370000, ac370419",1,0.99668065937614392,0.047477828581054204,496,496
fixed_train,3,2,6,"370407, ac370000, ac370419",2,0.99668065937614392,0.04743725250158215,496,496
fixed_train,3,2,6,"370407, ac370000, ac370419",3,0.99668065937614392,0.050824645234782917,496,496
fixed_train,3,2,6,"370407, ac370000, ac370419",4,0.99668065937614392,0.038660980449675253,496,496
fixed_train,3,2,6,"370407, ac370000, ac370419",5,0.99668065937614392,0.043023635708065777,496,496
fixed_train,3,2,6,"370407, ac370000, ac370419",6,0.99668065937614392,0.049686401155180637,496,496
fixed_train,3,2,6,"370407, ac370000, ac370419",7,0.99668065937614392,0.043041908751621394,496,496
fixed_train,3,2,6,"370407, ac370000, ac370419",8,0.99668065937614392,0.043041908751621394,496,495
fixed_train,3,2,6,"370407, ac370000, ac370419",9,0.99668065937614392,0.035354934989457409,496,496
fixed_train,3,2,6,"370407, ac370000, ac370419",10,0.99668065937614392,0.040889312541726897,496,496
fixed_train,3,2,6,"370407, ac370000, ac370419",11,0.99668065937614392,0.045211824527573663,496,496
fixed_train,3,2,6,"370407, ac370000, ac370419",12,0.99668065937614392,0.045353225747825299,496,496
fixed_train,3,2,6,"370407, ac370000, ac370419",13,0.99668065937614392,0.03973904942219697,496,496
fixed_train,3,2,6,"370407, ac370000, ac370419",14,0.99668065937614392,0.032047581908610345,496,495
fixed_train,3,2,6,"370407, ac370000, ac370419",15,0.99668065937614392,0.041984810808882722,496,496
fixed_train,3,2,6,"370407, ac370000, ac370419",16,0.99668065937614392,0.043079961615310025,496,495
fixed_train,3,2,6,"370407, ac370000, ac370419",17,0.99668065937614392,0.048511032173437774,496,496
fixed_train,3,2,6,"370407, ac370000, ac370419",18,0.99668065937614392,0.044194769415357715,496,495
fixed_train,3,2,6,"370407, ac370000, ac370419",19,0.99668065937614392,0.048614686628307702,496,496
fixed_train,3,2,6,"370407, ac370000, ac370419",20,0.99668065937614392,0.040928446986763345,496,496
fixed_train,3,2,6,"370407, ac370000, ac370419",21,0.99668065937614392,0.044215283497350377,496,495
fixed_train,3,2,6,"370407, ac370000, ac370419",22,0.99668065937614392,0.040889312541726897,496,496
fixed_train,3,2,6,"370407, ac370000, ac370419",23,0.99668065937614392,0.049664944376689446,496,495
fixed_train,3,2,6,"370407, ac370000, ac370419",24,0.99668065937614392,0.041965745180548297,496,496
fixed_train,3,2,6,"370407, ac370000, ac370419",25,0.99668065937614392,0.035371632498056083,496,496
fixed_train,3,2,6,"370407, ac370000, ac370419",26,0.99668065937614392,0.046404728021832709,496,496
fixed_train,3,2,6,"370407, ac370000, ac370419",27,0.99668065937614392,0.046363417121589645,496,495
fixed_train,3,2,6,"370407, ac370000, ac370419",28,0.99668065937614392,0.034274440553995866,496,496
fixed_train,3,2,6,"370407, ac370000, ac370419",29,0.99668065937614392,0.040870471032492639,496,496
fixed_train,3,2,7,"370407, ac370419",0,0.99668065937614392,0.026568590137836856,496,496
fixed_train,3,2,7,"370407, ac370419",1,0.99668065937614392,0.028725059170032319,496,493
fixed_train,3,2,7,"370407, ac370419",2,0.99668065937614392,0.02325398138879009,496,495
fixed_train,3,2,7,"370407, ac370419",3,0.99668065937614392,0.024317068748938242,496,494
fixed_train,3,2,7,"370407, ac370419",4,0.99668065937614392,0.025454914201760603,496,495
fixed_train,3,2,7,"370407, ac370419",5,0.99668065937614392,0.033129630877250071,496,495
fixed_train,3,2,7,"370407, ac370419",6,0.99668065937614392,0.023229331942515641,496,495
fixed_train,3,2,7,"370407, ac370419",7,0.99668065937614392,0.024329298114553422,496,496
fixed_train,3,2,7,"370407, ac370419",8,0.99668065937614392,0.029823018118405376,496,495
fixed_train,3,2,7,"370407, ac370419",9,0.99668065937614392,0.027668318419115767,496,495
fixed_train,3,2,7,"370407, ac370419",10,0.99668065937614392,0.026582785986941859,496,495
fixed_train,3,2,7,"370407, ac370419",11,0.99668065937614392,0.021028105767050276,496,495
fixed_train,3,2,7,"370407, ac370419",12,0.99668065937614392,0.029823018118405376,496,496
fixed_train,3,2,7,"370407, ac370419",13,0.99668065937614392,0.026541189213626137,496,494
fixed_train,3,2,7,"370407, ac370419",14,0.99668065937614392,0.019926827746349352,496,496
fixed_train,3,2,7,"370407, ac370419",15,0.99668065937614392,0.023205851275493794,496,495
fixed_train,3,2,7,"370407, ac370419",16,0.99668065937614392,0.028782510934999062,496,495
fixed_train,3,2,7,"370407, ac370419",17,0.99668065937614392,0.032095126853826095,496,496
fixed_train,3,2,7,"370407, ac370419",18,0.99668065937614392,0.02768286839089773,496,496
fixed_train,3,2,7,"370407, ac370419",19,0.99668065937614392,0.023279809089507442,496,494
fixed_train,3,2,7,"370407, ac370419",20,0.99668065937614392,0.022128937492374767,496,496
fixed_train,3,2,7,"370407, ac370419",21,0.99668065937614392,0.025441721323046562,496,496
fixed_train,3,2,7,"370407, ac370419",22,0.99668065937614392,0.025441721323046562,496,491
fixed_train,3,2,7,"370407, ac370419",23,0.99668065937614392,0.031046473894748128,496,495
fixed_train,3,2,7,"370407, ac370419",24,0.99668065937614392,0.034326198894059412,496,496
fixed_train,3,2,7,"370407, ac370419",25,0.99668065937614392,0.034308531071181259,496,495
fixed_train,3,2,7,"370407, ac370419",26,0.99668065937614392,0.022152841303860749,496,496
fixed_train,3,2,7,"370407, ac370419",27,0.99668065937614392,0.025441721323046562,496,495
fixed_train,3,2,7,"370407, ac370419",28,0.99668065937614392,0.030980512489324541,496,495
fixed_train,3,2,7,"370407, ac370419",29,0.99668065937614392,0.02768286839089773,496,494
fixed_train,3,2,8,"ac370442, ac370443",0,0.99668065937614392,0.025428844982736565,494,494
fixed_train,3,2,8,"ac370442, ac370443",1,0.99668065937614392,0.018794648304292005,494,491
fixed_train,3,2,8,"ac370442, ac370443",2,0.99668065937614392,0.028738894248585445,494,491
fixed_train,3,2,8,"ac370442, ac370443",3,0.99668065937614392,0.017675266137657131,494,493
fixed_train,3,2,8,"ac370442, ac370443",4,0.99668065937614392,0.02100604719710697,494,493
fixed_train,3,2,8,"ac370442, ac370443",5,0.99668065937614392,0.016583249411477374,494,491
fixed_train,3,2,8,"ac370442, ac370443",6,0.99668065937614392,0.025428844982736565,494,494
fixed_train,3,2,8,"ac370442, ac370443",7,0.99668065937614392,0.021028105767050276,494,491
fixed_train,3,2,8,"ac370442, ac370443",8,0.99668065937614392,0.023229331942515641,494,490
fixed_train,3,2,8,"ac370442, ac370443",9,0.99668065937614392,0.026554724990849432,494,491
fixed_train,3,2,8,"ac370442, ac370443",10,0.99668065937614392,0.016583249411477374,494,493
fixed_train,3,2,8,"ac370442, ac370443",11,0.99668065937614392,0.01989524324929115,494,494
fixed_train,3,2,8,"ac370442, ac370443",12,0.99668065937614392,0.024341831241612155,494,493
fixed_train,3,2,8,"ac370442, ac370443",13,0.99668065937614392,0.02325398138879009,494,491
fixed_train,3,2,8,"ac370442, ac370443",14,0.99668065937614392,0.025428844982736565,494,494
fixed_train,3,2,8,"ac370442, ac370443",15,0.99668065937614392,0.025468424889844021,494,492
fixed_train,3,2,8,"ac370442, ac370443",16,0.99668065937614392,0.023194546369953217,494,492
fixed_train,3,2,8,"ac370442, ac370443",17,0.99668065937614392,0.021016942561984608,494,492
fixed_train,3,2,8,"ac370442, ac370443",18,0.99668065937614392,0.025369168534000397,494,489
fixed_train,3,2,8,"ac370442, ac370443",19,0.99668065937614392,0.02103953788773627,494,492
fixed_train,3,2,8,"ac370442, ac370443",20,0.99668065937614392,0.024329298114553422,494,493
fixed_train,3,2,8,"ac370442, ac370443",21,0.99668065937614392,0.022095183350607117,494,491
fixed_train,3,2,8,"ac370442, ac370443",22,0.99668065937614392,0.023241509984405551,494,492
fixed_train,3,2,8,"ac370442, ac370443",23,0.99668065937614392,0.023194546369953217,494,490
fixed_train,3,2,8,"ac370442, ac370443",24,0.99668065937614392,0.022128937492374767,494,491
fixed_train,3,2,8,"ac370442, ac370443",25,0.99668065937614392,0.019885224744132124,494,494
fixed_train,3,2,8,"ac370442, ac370443",26,0.99668065937614392,0.016583249411477374,494,492
fixed_train,3,2,8,"ac370442, ac370443",27,0.99668065937614392,0.020995418617214545,494,494
fixed_train,3,2,8,"ac370442, ac370443",28,0.99668065937614392,0.020995418617214545,494,493
fixed_train,3,2,8,"ac370442, ac370443",29,0.99668065937614392,0.020974957691535789,494,493
fixed_train,3,2,9,"ac370000, ac370419, ac370442",0,0.99668065937614392,0.039832087486274315,494,494
fixed_train,3,2,9,"ac370000, ac370419, ac370442",1,0.99668065937614392,0.044236318006208197,494,494
fixed_train,3,2,9,"ac370000, ac370419, ac370442",2,0.99668065937614392,0.046426196247174034,494,494
fixed_train,3,2,9,"ac370000, ac370419, ac370442",3,0.99668065937614392,0.048614686628307702,494,494
fixed_train,3,2,9,"ac370000, ac370419, ac370442",4,0.99668065937614392,0.046493877312298593,494,494
fixed_train,3,2,9,"ac370000, ac370419, ac370442",5,0.99668065937614392,0.036485839446810719,494,494
fixed_train,3,2,9,"ac370000, ac370419, ac370442",6,0.99668065937614392,0.037619193737037038,494,494
fixed_train,3,2,9,"ac370000, ac370419, ac370442",7,0.99668065937614392,0.051829710684586638,494,494
fixed_train,3,2,9,"ac370000, ac370419, ac370442",8,0.99668065937614392,0.043079961615310025,494,494
fixed_train,3,2,9,"ac370000, ac370419, ac370442",9,0.99668065937614392,0.047477828581054204,494,494
fixed_train,3,2,9,"ac370000, ac370419, ac370442",10,0.99668065937614392,0.037619193737037038,494,494
fixed_train,3,2,9,"ac370000, ac370419, ac370442",11,0.99668065937614392,0.033193406238562151,494,494
fixed_train,3,2,9,"ac370000, ac370419, ac370442",12,0.99668065937614392,0.038735339505891475,494,494
fixed_train,3,2,9,"ac370000, ac370419, ac370442",13,0.99668065937614392,0.043079961615310025,494,494
fixed_train,3,2,9,"ac370000, ac370419, ac370442",14,0.99668065937614392,0.047520610516564421,494,494
fixed_train,3,2,9,"ac370000, ac370419, ac370442",15,0.99668065937614392,0.04202442690713537,494,494
fixed_train,3,2,9,"ac370000, ac370419, ac370442",16,0.99668065937614392,0.040908637232440426,494,494
fixed_train,3,2,9,"ac370000, ac370419, ac370442",17,0.99668065937614392,0.039852114920811199,494,494
fixed_train,3,2,9,"ac370000, ac370419, ac370442",18,0.99668065937614392,0.048571539688053944,494,494
fixed_train,3,2,9,"ac370000, ac370419, ac370442",19,0.99668065937614392,0.043120036125255279,494,494
fixed_train,3,2,9,"ac370000, ac370419, ac370442",20,0.99668065937614392,0.037619193737037038,494,494
fixed_train,3,2,9,"ac370000, ac370419, ac370442",21,0.99668065937614392,0.041965745180548297,494,494
fixed_train,3,2,9,"ac370000, ac370419, ac370442",22,0.99668065937614392,0.047477828581054204,494,494
fixed_train,3,2,9,"ac370000, ac370419, ac370442",23,0.99668065937614392,0.04202442690713537,494,494
fixed_train,3,2,9,"ac370000, ac370419, ac370442",24,0.99668065937614392,0.044279956515136054,494,494
fixed_train,3,2,9,"ac370000, ac370419, ac370442",25,0.99668065937614392,0.047520610516564421,494,494
fixed_train,3,2,9,"ac370000, ac370419, ac370442",26,0.99668065937614392,0.043099745200006034,494,494
fixed_train,3,2,9,"ac370000, ac370419, ac370442",27,0.99668065937614392,0.043041908751621394,494,493
fixed_train,3,2,9,"ac370000, ac370419, ac370442",28,0.99668065937614392,0.039852114920811199,494,494
fixed_train,3,2,9,"ac370000, ac370419, ac370442",29,0.99668065937614392,0.045310177858285172,494,494
faithful_train,3,2,0,"370407, ac370000",0,0.99668065937614392,0.047520610516564421,530,525
faithful_train,3,2,0,"370407, ac370000",1,0.99668065937614392,0.050973847207968714,530,520
faithful_train,3,2,0,"370407, ac370000",2,0.99668065937614392,0.064408992811081367,530,517
faithful_train,3,2,0,"370407, ac370000",3,0.99668065937614392,0.051028396102897444,530,509
faithful_train,3,2,0,"370407, ac370000",4,0.99668065937614392,0.066629593907308604,530,499
faithful_train,3,2,0,"370407, ac370000",5,0.99668065937614392,0.05765226578011895,530,505
faithful_train,3,2,0,"370407, ac370000",6,0.99668065937614392,0.068738012399023551,530,497
faithful_train,3,2,0,"370407, ac370000",7,0.99668065937614392,0.06208656442768079,530,494
faithful_train,3,2,0,"370407, ac370000",8,0.99668065937614392,0.064373137833164118,530,485
faithful_train,3,2,0,"370407, ac370000",9,0.99668065937614392,0.062119770945092245,530,487
faithful_train,3,2,1,"ac370000, ac370419",0,0.99668065937614392,0.066520863075242631,513,513
faithful_train,3,2,1,"ac370000, ac370419",1,0.99668065937614392,0.064445614207955249,513,508
faithful_train,3,2,1,"ac370000, ac370419",2,0.99668065937614392,0.064373137833164118,513,500
faithful_train,3,2,1,"ac370000, ac370419",3,0.99668065937614392,0.061027226010757607,513,485
faithful_train,3,2,1,"ac370000, ac370419",4,0.99668065937614392,0.062153712309983122,513,481
faithful_train,3,2,1,"ac370000, ac370419",5,0.99668065937614392,0.071111019601248215,513,479
faithful_train,3,2,1,"ac370000, ac370419",6,0.99668065937614392,0.061095410046291376,513,477
faithful_train,3,2,1,"ac370000, ac370419",7,0.99668065937614392,0.069980203242173911,513,473
faithful_train,3,2,1,"ac370000, ac370419",8,0.99668065937614392,0.072242654003685236,513,463
faithful_train,3,2,1,"ac370000, ac370419",9,0.99668065937614392,0.062153712309983122,513,458
faithful_train,3,2,2,"ac370000, ac370443",0,0.99668065937614392,0.063280964643419702,500,498
faithful_train,3,2,2,"ac370000, ac370443",1,0.99668065937614392,0.062153712309983122,500,496
faithful_train,3,2,2,"ac370000, ac370443",2,0.99668065937614392,0.060930371982425457,500,485
faithful_train,3,2,2,"ac370000, ac370443",3,0.99668065937614392,0.058808378885426005,500,477
faithful_train,3,2,2,"ac370000, ac370443",4,0.99668065937614392,0.05321796713255722,500,467
faithful_train,3,2,2,"ac370000, ac370443",5,0.99668065937614392,0.068811988879525998,500,467
faithful_train,3,2,2,"ac370000, ac370443",6,0.99668065937614392,0.05887421174732077,500,463
faithful_train,3,2,2,"ac370000, ac370443",7,0.99668065937614392,0.061060954467843875,500,457
faithful_train,3,2,2,"ac370000, ac370443",8,0.99668065937614392,0.056620934116692112,500,466
faithful_train,3,2,2,"ac370000, ac370443",9,0.99668065937614392,0.063178533659552838,500,468
faithful_train,3,2,3,"ac370000, ac370419, ac370443",0,0.99668065937614392,0.059901495976653285,499,496
faithful_train,3,2,3,"ac370000, ac370419, ac370443",1,0.99668065937614392,0.056653013448350276,499,475
faithful_train,3,2,3,"ac370000, ac370419, ac370443",2,0.99668065937614392,0.057621992656763488,499,462
faithful_train,3,2,3,"ac370000, ac370419, ac370443",3,0.99668065937614392,0.061095410046291376,499,468
faithful_train,3,2,3,"ac370000, ac370419, ac370443",4,0.99668065937614392,0.06208656442768079,499,465
faithful_train,3,2,3,"ac370000, ac370419, ac370443",5,0.99668065937614392,0.063316608345262093,499,464
faithful_train,3,2,3,"ac370000, ac370419, ac370443",6,0.99668065937614392,0.054341094391105016,499,461
faithful_train,3,2,3,"ac370000, ac370419, ac370443",7,0.99668065937614392,0.06096193785010573,499,467
faithful_train,3,2,3,"ac370000, ac370419, ac370443",8,0.99668065937614392,0.059934286786802016,499,461
faithful_train,3,2,3,"ac370000, ac370419, ac370443",9,0.99668065937614392,0.063178533659552838,499,463
faithful_train,3,2,4,"ac370419, ac370443",0,0.99668065937614392,0.054370684634763022,499,422
faithful_train,3,2,4,"ac370419, ac370443",1,0.99668065937614392,0.055464946039775365,499,449
faithful_train,3,2,4,"ac370419, ac370443",2,0.99668065937614392,0.04993299038410004,499,444
faithful_train,3,2,4,"ac370419, ac370443",3,0.99668065937614392,0.049905676313031111,499,452
faithful_train,3,2,4,"ac370419, ac370443",4,0.99668065937614392,0.055464946039775365,499,460
faithful_train,3,2,4,"ac370419, ac370443",5,0.99668065937614392,0.062153712309983122,499,460
faithful_train,3,2,4,"ac370419, ac370443",6,0.99668065937614392,0.058808378885426005,499,451
faithful_train,3,2,4,"ac370419, ac370443",7,0.99668065937614392,0.055405944173831823,499,459
faithful_train,3,2,4,"ac370419, ac370443",8,0.99668065937614392,0.052041746902490305,499,468
faithful_train,3,2,4,"ac370419, ac370443",9,0.99668065937614392,0.049960903589964523,499,464
faithful_train,3,2,5,"ac370000, ac370442",0,0.99668065937614392,0.05771486126362102,496,496
faithful_train,3,2,5,"ac370000, ac370442",1,0.99668065937614392,0.056589531760094514,496,487
faithful_train,3,2,5,"ac370000, ac370442",2,0.99668065937614392,0.04993299038410004,496,481
faithful_train,3,2,5,"ac370000, ac370442",3,0.99668065937614392,0.049960903589964523,496,477
faithful_train,3,2,5,"ac370000, ac370442",4,0.99668065937614392,0.055464946039775365,496,476
faithful_train,3,2,5,"ac370000, ac370442",5,0.99668065937614392,0.052123385352067952,496,465
faithful_train,3,2,5,"ac370000, ac370442",6,0.99668065937614392,0.055464946039775365,496,463
faithful_train,3,2,5,"ac370000, ac370442",7,0.99668065937614392,0.046591846166019746,496,457
faithful_train,3,2,5,"ac370000, ac370442",8,0.99668065937614392,0.056620934116692112,496,454
faithful_train,3,2,5,"ac370000, ac370442",9,0.99668065937614392,0.053246671071336404,496,455
faithful_train,3,2,6,"370407, ac370000, ac370419",0,0.99668065937614392,0.05655880343014219,496,496
faithful_train,3,2,6,"370407, ac370000, ac370419",1,0.99668065937614392,0.056685772756838504,496,487
faithful_train,3,2,6,"370407, ac370000, ac370419",2,0.99668065937614392,0.057621992656763488,496,473
faithful_train,3,2,6,"370407, ac370000, ac370419",3,0.99668065937614392,0.05986941510389987,496,469
faithful_train,3,2,6,"370407, ac370000, ac370419",4,0.99668065937614392,0.064270138105558372,496,467
faithful_train,3,2,6,"370407, ac370000, ac370419",5,0.99668065937614392,0.052210616850409175,496,468
faithful_train,3,2,6,"370407, ac370000, ac370419",6,0.99668065937614392,0.05765226578011895,496,455
faithful_train,3,2,6,"370407, ac370000, ac370419",7,0.99668065937614392,0.060994221508215984,496,454
faithful_train,3,2,6,"370407, ac370000, ac370419",8,0.99668065937614392,0.057592398768510189,496,461
faithful_train,3,2,6,"370407, ac370000, ac370419",9,0.99668065937614392,0.05765226578011895,496,455
faithful_train,3,2,7,"370407, ac370419",0,0.99668065937614392,0.058808378885426005,496,429
faithful_train,3,2,7,"370407, ac370419",1,0.99668065937614392,0.058840944292267938,496,465
faithful_train,3,2,7,"370407, ac370419",2,0.99668065937614392,0.063113964407759515,496,466
faithful_train,3,2,7,"370407, ac370419",3,0.99668065937614392,0.065464920261420589,496,469
faithful_train,3,2,7,"370407, ac370419",4,0.99668065937614392,0.058776512469179032,496,464
faithful_train,3,2,7,"370407, ac370419",5,0.99668065937614392,0.063246073136088987,496,455
faithful_train,3,2,7,"370407, ac370419",6,0.99668065937614392,0.054256190403544124,496,464
faithful_train,3,2,7,"370407, ac370419",7,0.99668065937614392,0.05986941510389987,496,462
faithful_train,3,2,7,"370407, ac370419",8,0.99668065937614392,0.059838041139695153,496,447
faithful_train,3,2,7,"370407, ac370419",9,0.99668065937614392,0.058840944292267938,496,450
faithful_train,3,2,8,"ac370442, ac370443",0,0.99668065937614392,0.062054089622626818,494,493
faithful_train,3,2,8,"ac370442, ac370443",1,0.99668065937614392,0.052151837509431531,494,446
faithful_train,3,2,8,"ac370442, ac370443",2,0.99668065937614392,0.05871486465117437,494,458
faithful_train,3,2,8,"ac370442, ac370443",3,0.99668065937614392,0.056499357319923171,494,456
faithful_train,3,2,8,"ac370442, ac370443",4,0.99668065937614392,0.062054089622626818,494,455
faithful_train,3,2,8,"ac370442, ac370443",5,0.99668065937614392,0.053189895690900379,494,450
faithful_train,3,2,8,"ac370442, ac370443",6,0.99668065937614392,0.05986941510389987,494,450
faithful_train,3,2,8,"ac370442, ac370443",7,0.99668065937614392,0.064205243689598013,494,455
faithful_train,3,2,8,"ac370442, ac370443",8,0.99668065937614392,0.052095554612317851,494,457
faithful_train,3,2,8,"ac370442, ac370443",9,0.99668065937614392,0.059807371110050966,494,456
faithful_train,3,2,9,"ac370000, ac370419, ac370442",0,0.99668065937614392,0.05887421174732077,494,491
faithful_train,3,2,9,"ac370000, ac370419, ac370442",1,0.99668065937614392,0.058808378885426005,494,488
faithful_train,3,2,9,"ac370000, ac370419, ac370442",2,0.99668065937614392,0.057747189522398767,494,481
faithful_train,3,2,9,"ac370000, ac370419, ac370442",3,0.99668065937614392,0.057683221008214325,494,475
faithful_train,3,2,9,"ac370000, ac370419, ac370442",4,0.99668065937614392,0.055405944173831823,494,471
faithful_train,3,2,9,"ac370000, ac370419, ac370442",5,0.99668065937614392,0.063246073136088987,494,464
faithful_train,3,2,9,"ac370000, ac370419, ac370442",6,0.99668065937614392,0.05327601021725914,494,467
faithful_train,3,2,9,"ac370000, ac370419, ac370442",7,0.99668065937614392,0.06096193785010573,494,464
faithful_train,3,2,9,"ac370000, ac370419, ac370442",8,0.99668065937614392,0.05765226578011895,494,453
faithful_train,3,2,9,"ac370000, ac370419, ac370442",9,0.99668065937614392,0.056589531760094514,494,464
fixed_test,3,3,0,"370407, ac370000",0,0.89771784138065824,-0.0092765583438113586,127,127
fixed_test,3,3,0,"370407, ac370000",1,0.89771784138065824,-0.0090936938483388019,127,127
fixed_test,3,3,0,"370407, ac370000",2,0.89771784138065824,0.0080618534846386147,127,127
fixed_test,3,3,0,"370407, ac370000",3,0.89771784138065824,-0.0045538087537216887,127,125
fixed_test,3,3,0,"370407, ac370000",4,0.89771784138065824,-0.00041888212709417783,127,124
fixed_test,3,3,0,"370407, ac370000",5,0.89771784138065824,-0.0092765583438113586,127,125
fixed_test,3,3,0,"370407, ac370000",6,0.89771784138065824,0,127,127
fixed_test,3,3,0,"370407, ac370000",7,0.89771784138065824,0.0043305866886074185,127,127
fixed_test,3,3,0,"370407, ac370000",8,0.89771784138065824,-0.00041888212709417783,127,125
fixed_test,3,3,0,"370407, ac370000",9,0.89771784138065824,0.01276208916826882,127,127
fixed_test,3,3,0,"370407, ac370000",10,0.89771784138065824,-0.0045538087537216887,127,125
fixed_test,3,3,0,"370407, ac370000",11,0.89771784138065824,-0.013620292693030334,127,126
fixed_test,3,3,0,"370407, ac370000",12,0.89771784138065824,-0.0088941007495079161,127,126
fixed_test,3,3,0,"370407, ac370000",13,0.89771784138065824,-0.0047541061003990581,127,126
fixed_test,3,3,0,"370407, ac370000",14,0.89771784138065824,0.0043305866886074185,127,127
fixed_test,3,3,0,"370407, ac370000",15,0.89771784138065824,-0.017968785731291459,127,126
fixed_test,3,3,0,"370407, ac370000",16,0.89771784138065824,0.013214982130936415,127,126
fixed_test,3,3,0,"370407, ac370000",17,0.89771784138065824,-0.0047541061003990581,127,126
fixed_test,3,3,0,"370407, ac370000",18,0.89771784138065824,-0.0045538087537216887,127,127
fixed_test,3,3,0,"370407, ac370000",19,0.89771784138065824,0.012978267084863271,127,127
fixed_test,3,3,0,"370407, ac370000",20,0.89771784138065824,-0.00060114357813212393,127,125
fixed_test,3,3,0,"370407, ac370000",21,0.89771784138065824,-0.013620292693030334,127,125
fixed_test,3,3,0,"370407, ac370000",22,0.89771784138065824,0,127,126
fixed_test,3,3,0,"370407, ac370000",23,0.89771784138065824,-0.0049370258759788843,127,127
fixed_test,3,3,0,"370407, ac370000",24,0.89771784138065824,-0.0090936938483388019,127,127
fixed_test,3,3,0,"370407, ac370000",25,0.89771784138065824,-0.013438204196050796,127,126
fixed_test,3,3,0,"370407, ac370000",26,0.89771784138065824,-0.0045538087537216887,127,126
fixed_test,3,3,0,"370407, ac370000",27,0.89771784138065824,-0.00060114357813212393,127,127
fixed_test,3,3,0,"370407, ac370000",28,0.89771784138065824,-0.0047541061003990581,127,126
fixed_test,3,3,0,"370407, ac370000",29,0.89771784138065824,-0.0049370258759788843,127,126
fixed_test,3,3,1,"ac370000, ac370419",0,0.89771784138065824,-0.0088941007495079161,126,126
fixed_test,3,3,1,"ac370000, ac370419",1,0.89771784138065824,-0.00021860196538603383,126,124
fixed_test,3,3,1,"ac370000, ac370419",2,0.89771784138065824,-0.013438204196050796,126,125
fixed_test,3,3,1,"ac370000, ac370419",3,0.89771784138065824,-0.022636140920226699,126,126
fixed_test,3,3,1,"ac370000, ac370419",4,0.89771784138065824,-0.0045538087537216887,126,126
fixed_test,3,3,1,"ac370000, ac370419",5,0.89771784138065824,0.00023724970627092556,126,126
fixed_test,3,3,1,"ac370000, ac370419",6,0.89771784138065824,-0.013438204196050796,126,125
fixed_test,3,3,1,"ac370000, ac370419",7,0.89771784138065824,-0.0090936938483388019,126,125
fixed_test,3,3,1,"ac370000, ac370419",8,0.89771784138065824,0.00023724970627092556,126,125
fixed_test,3,3,1,"ac370000, ac370419",9,0.89771784138065824,-0.00021860196538603383,126,124
fixed_test,3,3,1,"ac370000, ac370419",10,0.89771784138065824,-0.022771813078864112,126,125
fixed_test,3,3,1,"ac370000, ac370419",11,0.89771784138065824,0.0041120804922321064,126,125
fixed_test,3,3,1,"ac370000, ac370419",12,0.89771784138065824,0,126,125
fixed_test,3,3,1,"ac370000, ac370419",13,0.89771784138065824,-0.0086774814524780419,126,126
fixed_test,3,3,1,"ac370000, ac370419",14,0.89771784138065824,0,126,125
fixed_test,3,3,1,"ac370000, ac370419",15,0.89771784138065824,0.0084387940896230029,126,126
fixed_test,3,3,1,"ac370000, ac370419",16,0.89771784138065824,-0.031485698442350607,126,125
fixed_test,3,3,1,"ac370000, ac370419",17,0.89771784138065824,-0.0045538087537216887,126,125
fixed_test,3,3,1,"ac370000, ac370419",18,0.89771784138065824,-0.0045538087537216887,126,126
fixed_test,3,3,1,"ac370000, ac370419",19,0.89771784138065824,-0.017968785731291459,126,126
fixed_test,3,3,1,"ac370000, ac370419",20,0.89771784138065824,-0.013240044519513217,126,125
fixed_test,3,3,1,"ac370000, ac370419",21,0.89771784138065824,0,126,124
fixed_test,3,3,1,"ac370000, ac370419",22,0.89771784138065824,-0.0045538087537216887,126,126
fixed_test,3,3,1,"ac370000, ac370419",23,0.89771784138065824,-0.0088941007495079161,126,126
fixed_test,3,3,1,"ac370000, ac370419",24,0.89771784138065824,0,126,126
fixed_test,3,3,1,"ac370000, ac370419",25,0.89771784138065824,-0.00021860196538603383,126,126
fixed_test,3,3,1,"ac370000, ac370419",26,0.89771784138065824,-0.013438204196050796,126,125
fixed_test,3,3,1,"ac370000, ac370419",27,0.89771784138065824,-0.00021860196538603383,126,126
fixed_test,3,3,1,"ac370000, ac370419",28,0.89771784138065824,0,126,126
fixed_test,3,3,1,"ac370000, ac370419",29,0.89771784138065824,0,126,125
fixed_test,3,3,2,"ac370000, ac370443",0,0.89771784138065824,-0.018134234560528428,123,123
fixed_test,3,3,2,"ac370000, ac370443",1,0.89771784138065824,-0.00021860196538603383,123,122
fixed_test,3,3,2,"ac370000, ac370443",2,0.89771784138065824,0.022099377573265633,123,123
fixed_test,3,3,2,"ac370000, ac370443",3,0.89771784138065824,0,123,123
fixed_test,3,3,2,"ac370000, ac370443",4,0.89771784138065824,-0.0088941007495079161,123,122
fixed_test,3,3,2,"ac370000, ac370443",5,0.89771784138065824,-0.0045538087537216887,123,122
fixed_test,3,3,2,"ac370000, ac370443",6,0.89771784138065824,0,123,122
fixed_test,3,3,2,"ac370000, ac370443",7,0.89771784138065824,-0.0047541061003990581,123,123
fixed_test,3,3,2,"ac370000, ac370443",8,0.89771784138065824,0.0045683783004525358,123,122
fixed_test,3,3,2,"ac370000, ac370443",9,0.89771784138065824,-0.0090936938483388019,123,122
fixed_test,3,3,2,"ac370000, ac370443",10,0.89771784138065824,-0.00409985612444419,123,123
fixed_test,3,3,2,"ac370000, ac370443",11,0.89771784138065824,-0.0045538087537216887,123,120
fixed_test,3,3,2,"ac370000, ac370443",12,0.89771784138065824,-0.017788201499015943,123,122
fixed_test,3,3,2,"ac370000, ac370443",13,0.89771784138065824,-0.022486479285661387,123,123
fixed_test,3,3,2,"ac370000, ac370443",14,0.89771784138065824,-0.0043358331095303404,123,123
fixed_test,3,3,2,"ac370000, ac370443",15,0.89771784138065824,0.0048258077387284271,123,123
fixed_test,3,3,2,"ac370000, ac370443",16,0.89771784138065824,-0.0090936938483388019,123,121
fixed_test,3,3,2,"ac370000, ac370443",17,0.89771784138065824,0.00023724970627092556,123,123
fixed_test,3,3,2,"ac370000, ac370443",18,0.89771784138065824,0,123,123
fixed_test,3,3,2,"ac370000, ac370443",19,0.89771784138065824,-0.013438204196050796,123,120
fixed_test,3,3,2,"ac370000, ac370443",20,0.89771784138065824,-0.0047541061003990581,123,121
fixed_test,3,3,2,"ac370000, ac370443",21,0.89771784138065824,-0.0049370258759788843,123,121
fixed_test,3,3,2,"ac370000, ac370443",22,0.89771784138065824,-0.0088941007495079161,123,123
fixed_test,3,3,2,"ac370000, ac370443",23,0.89771784138065824,-0.0047541061003990581,123,123
fixed_test,3,3,2,"ac370000, ac370443",24,0.89771784138065824,-0.0090936938483388019,123,123
fixed_test,3,3,2,"ac370000, ac370443",25,0.89771784138065824,-0.013240044519513217,123,123
fixed_test,3,3,2,"ac370000, ac370443",26,0.89771784138065824,-0.0090936938483388019,123,121
fixed_test,3,3,2,"ac370000, ac370443",27,0.89771784138065824,-0.017788201499015943,123,120
fixed_test,3,3,2,"ac370000, ac370443",28,0.89771784138065824,-0.00041888212709417783,123,122
fixed_test,3,3,2,"ac370000, ac370443",29,0.89771784138065824,-0.0092765583438113586,123,123
fixed_test,3,3,3,"ac370000, ac370419, ac370443",0,0.89771784138065824,-0.0043358331095303404,122,122
fixed_test,3,3,3,"ac370000, ac370419, ac370443",1,0.89771784138065824,-0.0045538087537216887,122,122
fixed_test,3,3,3,"ac370000, ac370419, ac370443",2,0.89771784138065824,-0.0043358331095303404,122,122
fixed_test,3,3,3,"ac370000, ac370419, ac370443",3,0.89771784138065824,-0.0043358331095303404,122,122
fixed_test,3,3,3,"ac370000, ac370419, ac370443",4,0.89771784138065824,0.0045683783004525358,122,122
fixed_test,3,3,3,"ac370000, ac370419, ac370443",5,0.89771784138065824,-0.0047541061003990581,122,122
fixed_test,3,3,3,"ac370000, ac370419, ac370443",6,0.89771784138065824,-0.017968785731291459,122,122
fixed_test,3,3,3,"ac370000, ac370419, ac370443",7,0.89771784138065824,-0.0047541061003990581,122,122
fixed_test,3,3,3,"ac370000, ac370419, ac370443",8,0.89771784138065824,-0.0045538087537216887,122,122
fixed_test,3,3,3,"ac370000, ac370419, ac370443",9,0.89771784138065824,-0.0045538087537216887,122,122
fixed_test,3,3,3,"ac370000, ac370419, ac370443",10,0.89771784138065824,0.00023724970627092556,122,121
fixed_test,3,3,3,"ac370000, ac370419, ac370443",11,0.89771784138065824,-0.00021860196538603383,122,122
fixed_test,3,3,3,"ac370000, ac370419, ac370443",12,0.89771784138065824,0.009151980865019671,122,122
fixed_test,3,3,3,"ac370000, ac370419, ac370443",13,0.89771784138065824,0.0084387940896230029,122,122
fixed_test,3,3,3,"ac370000, ac370419, ac370443",14,0.89771784138065824,0.017788201499016054,122,122
fixed_test,3,3,3,"ac370000, ac370419, ac370443",15,0.89771784138065824,-0.0092765583438113586,122,122
fixed_test,3,3,3,"ac370000, ac370419, ac370443",16,0.89771784138065824,-0.00409985612444419,122,122
fixed_test,3,3,3,"ac370000, ac370419, ac370443",17,0.89771784138065824,-0.017788201499015943,122,122
fixed_test,3,3,3,"ac370000, ac370419, ac370443",18,0.89771784138065824,0.00023724970627092556,122,122
fixed_test,3,3,3,"ac370000, ac370419, ac370443",19,0.89771784138065824,-0.0086774814524780419,122,122
fixed_test,3,3,3,"ac370000, ac370419, ac370443",20,0.89771784138065824,-0.013438204196050796,122,122
fixed_test,3,3,3,"ac370000, ac370419, ac370443",21,0.89771784138065824,-0.0043358331095303404,122,122
fixed_test,3,3,3,"ac370000, ac370419, ac370443",22,0.89771784138065824,-0.0045538087537216887,122,122
fixed_test,3,3,3,"ac370000, ac370419, ac370443",23,0.89771784138065824,-0.0088941007495079161,122,122
fixed_test,3,3,3,"ac370000, ac370419, ac370443",24,0.89771784138065824,-0.0088941007495079161,122,122
fixed_test,3,3,3,"ac370000, ac370419, ac370443",25,0.89771784138065824,-0.0045538087537216887,122,122
fixed_test,3,3,3,"ac370000, ac370419, ac370443",26,0.89771784138065824,-0.0047541061003990581,122,122
fixed_test,3,3,3,"ac370000, ac370419, ac370443",27,0.89771784138065824,-0.0043358331095303404,122,122
fixed_test,3,3,3,"ac370000, ac370419, ac370443",28,0.89771784138065824,-0.0043358331095303404,122,122
fixed_test,3,3,3,"ac370000, ac370419, ac370443",29,0.89771784138065824,-0.013240044519513217,122,122
fixed_test,3,3,4,"ac370419, ac370443",0,0.89771784138065824,-0.0092765583438113586,122,122
fixed_test,3,3,4,"ac370419, ac370443",1,0.89771784138065824,-0.0088941007495079161,122,122
fixed_test,3,3,4,"ac370419, ac370443",2,0.89771784138065824,-0.017968785731291459,122,122
fixed_test,3,3,4,"ac370419, ac370443",3,0.89771784138065824,-0.017788201499015943,122,122
fixed_test,3,3,4,"ac370419, ac370443",4,0.89771784138065824,-0.0088941007495079161,122,122
fixed_test,3,3,4,"ac370419, ac370443",5,0.89771784138065824,-0.013620292693030334,122,121
fixed_test,3,3,4,"ac370419, ac370443",6,0.89771784138065824,-0.0047541061003990581,122,122
fixed_test,3,3,4,"ac370419, ac370443",7,0.89771784138065824,-0.013438204196050796,122,121
fixed_test,3,3,4,"ac370419, ac370443",8,0.89771784138065824,-0.017968785731291459,122,121
fixed_test,3,3,4,"ac370419, ac370443",9,0.89771784138065824,-0.013438204196050796,122,122
fixed_test,3,3,4,"ac370419, ac370443",10,0.89771784138065824,-0.013620292693030334,122,122
fixed_test,3,3,4,"ac370419, ac370443",11,0.89771784138065824,-0.017968785731291459,122,122
fixed_test,3,3,4,"ac370419, ac370443",12,0.89771784138065824,-0.0088941007495079161,122,121
fixed_test,3,3,4,"ac370419, ac370443",13,0.89771784138065824,-0.0090936938483388019,122,122
fixed_test,3,3,4,"ac370419, ac370443",14,0.89771784138065824,-0.013620292693030334,122,121
fixed_test,3,3,4,"ac370419, ac370443",15,0.89771784138065824,-0.0090936938483388019,122,121
fixed_test,3,3,4,"ac370419, ac370443",16,0.89771784138065824,-0.013438204196050796,122,121
fixed_test,3,3,4,"ac370419, ac370443",17,0.89771784138065824,-0.017968785731291459,122,122
fixed_test,3,3,4,"ac370419, ac370443",18,0.89771784138065824,-0.0088941007495079161,122,122
fixed_test,3,3,4,"ac370419, ac370443",19,0.89771784138065824,-0.017788201499015943,122,122
fixed_test,3,3,4,"ac370419, ac370443",20,0.89771784138065824,-0.018134234560528428,122,122
fixed_test,3,3,4,"ac370419, ac370443",21,0.89771784138065824,-0.0090936938483388019,122,122
fixed_test,3,3,4,"ac370419, ac370443",22,0.89771784138065824,-0.0049370258759788843,122,121
fixed_test,3,3,4,"ac370419, ac370443",23,0.89771784138065824,-0.0045538087537216887,122,121
fixed_test,3,3,4,"ac370419, ac370443",24,0.89771784138065824,-0.013240044519513217,122,121
fixed_test,3,3,4,"ac370419, ac370443",25,0.89771784138065824,-0.013620292693030334,122,122
fixed_test,3,3,4,"ac370419, ac370443",26,0.89771784138065824,-0.017788201499015943,122,122
fixed_test,3,3,4,"ac370419, ac370443",27,0.89771784138065824,-0.0045538087537216887,122,122
fixed_test,3,3,4,"ac370419, ac370443",28,0.89771784138065824,-0.013620292693030334,122,122
fixed_test,3,3,4,"ac370419, ac370443",29,0.89771784138065824,-0.022486479285661387,122,122
fixed_test,3,3,5,"ac370000, ac370442",0,0.89771784138065824,-0.0045538087537216887,121,121
fixed_test,3,3,5,"ac370000, ac370442",1,0.89771784138065824,-0.00041888212709417783,121,121
fixed_test,3,3,5,"ac370000, ac370442",2,0.89771784138065824,-0.0090936938483388019,121,120
fixed_test,3,3,5,"ac370000, ac370442",3,0.89771784138065824,-0.0045538087537216887,121,121
fixed_test,3,3,5,"ac370000, ac370442",4,0.89771784138065824,-0.026843877614244116,121,121
fixed_test,3,3,5,"ac370000, ac370442",5,0.89771784138065824,-0.0090936938483388019,121,121
fixed_test,3,3,5,"ac370000, ac370442",6,0.89771784138065824,-0.0090936938483388019,121,121
fixed_test,3,3,5,"ac370000, ac370442",7,0.89771784138065824,-0.013620292693030334,121,121
fixed_test,3,3,5,"ac370000, ac370442",8,0.89771784138065824,-0.00021860196538603383,121,121
fixed_test,3,3,5,"ac370000, ac370442",9,0.89771784138065824,-0.00041888212709417783,121,121
fixed_test,3,3,5,"ac370000, ac370442",10,0.89771784138065824,-0.0047541061003990581,121,120
fixed_test,3,3,5,"ac370000, ac370442",11,0.89771784138065824,0.009151980865019671,121,119
fixed_test,3,3,5,"ac370000, ac370442",12,0.89771784138065824,-0.0047541061003990581,121,120
fixed_test,3,3,5,"ac370000, ac370442",13,0.89771784138065824,0.0084387940896230029,121,120
fixed_test,3,3,5,"ac370000, ac370442",14,0.89771784138065824,-0.013438204196050796,121,121
fixed_test,3,3,5,"ac370000, ac370442",15,0.89771784138065824,-0.00021860196538603383,121,121
fixed_test,3,3,5,"ac370000, ac370442",16,0.89771784138065824,0.0039125316461450232,121,121
fixed_test,3,3,5,"ac370000, ac370442",17,0.89771784138065824,-0.013786583398102792,121,120
fixed_test,3,3,5,"ac370000, ac370442",18,0.89771784138065824,0.012978267084863271,121,120
fixed_test,3,3,5,"ac370000, ac370442",19,0.89771784138065824,-0.00021860196538603383,121,121
fixed_test,3,3,5,"ac370000, ac370442",20,0.89771784138065824,0.0041120804922321064,121,121
fixed_test,3,3,5,"ac370000, ac370442",21,0.89771784138065824,-0.013620292693030334,121,121
fixed_test,3,3,5,"ac370000, ac370442",22,0.89771784138065824,-0.017968785731291459,121,121
fixed_test,3,3,5,"ac370000, ac370442",23,0.89771784138065824,-0.0090936938483388019,121,121
fixed_test,3,3,5,"ac370000, ac370442",24,0.89771784138065824,0.0043305866886074185,121,121
fixed_test,3,3,5,"ac370000, ac370442",25,0.89771784138065824,-0.0045538087537216887,121,119
fixed_test,3,3,5,"ac370000, ac370442",26,0.89771784138065824,-0.0088941007495079161,121,121
fixed_test,3,3,5,"ac370000, ac370442",27,0.89771784138065824,-0.0090936938483388019,121,121
fixed_test,3,3,5,"ac370000, ac370442",28,0.89771784138065824,-0.0092765583438113586,121,121
fixed_test,3,3,5,"ac370000, ac370442",29,0.89771784138065824,-0.0088941007495079161,121,121
fixed_test,3,3,6,"370407, ac370000, ac370419",0,0.89771784138065824,0.0043305866886074185,119,119
fixed_test,3,3,6,"370407, ac370000, ac370419",1,0.89771784138065824,-0.013786583398102792,119,119
fixed_test,3,3,6,"370407, ac370000, ac370419",2,0.89771784138065824,0.013214982130936415,119,119
fixed_test,3,3,6,"370407, ac370000, ac370419",3,0.89771784138065824,-0.013438204196050796,119,119
fixed_test,3,3,6,"370407, ac370000, ac370419",4,0.89771784138065824,0,119,118
fixed_test,3,3,6,"370407, ac370000, ac370419",5,0.89771784138065824,0,119,119
fixed_test,3,3,6,"370407, ac370000, ac370419",6,0.89771784138065824,-0.0049370258759788843,119,119
fixed_test,3,3,6,"370407, ac370000, ac370419",7,0.89771784138065824,-0.013620292693030334,119,119
fixed_test,3,3,6,"370407, ac370000, ac370419",8,0.89771784138065824,-0.0049370258759788843,119,119
fixed_test,3,3,6,"370407, ac370000, ac370419",9,0.89771784138065824,-0.013620292693030334,119,119
fixed_test,3,3,6,"370407, ac370000, ac370419",10,0.89771784138065824,0.017531581800519058,119,119
fixed_test,3,3,6,"370407, ac370000, ac370419",11,0.89771784138065824,-0.013620292693030334,119,119
fixed_test,3,3,6,"370407, ac370000, ac370419",12,0.89771784138065824,-0.0090936938483388019,119,119
fixed_test,3,3,6,"370407, ac370000, ac370419",13,0.89771784138065824,-0.013240044519513217,119,119
fixed_test,3,3,6,"370407, ac370000, ac370419",14,0.89771784138065824,-0.0045538087537216887,119,119
fixed_test,3,3,6,"370407, ac370000, ac370419",15,0.89771784138065824,-0.0088941007495079161,119,119
fixed_test,3,3,6,"370407, ac370000, ac370419",16,0.89771784138065824,-0.013620292693030334,119,119
fixed_test,3,3,6,"370407, ac370000, ac370419",17,0.89771784138065824,0.0045683783004525358,119,119
fixed_test,3,3,6,"370407, ac370000, ac370419",18,0.89771784138065824,-0.0047541061003990581,119,119
fixed_test,3,3,6,"370407, ac370000, ac370419",19,0.89771784138065824,-0.00060114357813212393,119,118
fixed_test,3,3,6,"370407, ac370000, ac370419",20,0.89771784138065824,0.0041120804922321064,119,119
fixed_test,3,3,6,"370407, ac370000, ac370419",21,0.89771784138065824,0.0043305866886074185,119,119
fixed_test,3,3,6,"370407, ac370000, ac370419",22,0.89771784138065824,-0.017968785731291459,119,119
fixed_test,3,3,6,"370407, ac370000, ac370419",23,0.89771784138065824,-0.013438204196050796,119,119
fixed_test,3,3,6,"370407, ac370000, ac370419",24,0.89771784138065824,-0.0090936938483388019,119,119
fixed_test,3,3,6,"370407, ac370000, ac370419",25,0.89771784138065824,0.013214982130936415,119,119
fixed_test,3,3,6,"370407, ac370000, ac370419",26,0.89771784138065824,-0.0049370258759788843,119,119
fixed_test,3,3,6,"370407, ac370000, ac370419",27,0.89771784138065824,0.0045683783004525358,119,119
fixed_test,3,3,6,"370407, ac370000, ac370419",28,0.89771784138065824,0.01276208916826882,119,119
fixed_test,3,3,6,"370407, ac370000, ac370419",29,0.89771784138065824,-0.017968785731291459,119,119
fixed_test,3,3,7,"370407, ac370419",0,0.89771784138065824,-0.013620292693030334,119,119
fixed_test,3,3,7,"370407, ac370419",1,0.89771784138065824,-0.0088941007495079161,119,119
fixed_test,3,3,7,"370407, ac370419",2,0.89771784138065824,-0.013240044519513217,119,119
fixed_test,3,3,7,"370407, ac370419",3,0.89771784138065824,-0.0090936938483388019,119,119
fixed_test,3,3,7,"370407, ac370419",4,0.89771784138065824,-0.013620292693030334,119,118
fixed_test,3,3,7,"370407, ac370419",5,0.89771784138065824,-0.013438204196050796,119,119
fixed_test,3,3,7,"370407, ac370419",6,0.89771784138065824,0.0041120804922321064,119,118
fixed_test,3,3,7,"370407, ac370419",7,0.89771784138065824,-0.0092765583438113586,119,119
fixed_test,3,3,7,"370407, ac370419",8,0.89771784138065824,-0.0047541061003990581,119,117
fixed_test,3,3,7,"370407, ac370419",9,0.89771784138065824,-0.0090936938483388019,119,119
fixed_test,3,3,7,"370407, ac370419",10,0.89771784138065824,-0.0045538087537216887,119,118
fixed_test,3,3,7,"370407, ac370419",11,0.89771784138065824,-0.0047541061003990581,119,117
fixed_test,3,3,7,"370407, ac370419",12,0.89771784138065824,-0.0090936938483388019,119,117
fixed_test,3,3,7,"370407, ac370419",13,0.89771784138065824,-0.0090936938483388019,119,119
fixed_test,3,3,7,"370407, ac370419",14,0.89771784138065824,-0.0043358331095303404,119,119
fixed_test,3,3,7,"370407, ac370419",15,0.89771784138065824,-0.0092765583438113586,119,119
fixed_test,3,3,7,"370407, ac370419",16,0.89771784138065824,-0.00060114357813212393,119,119
fixed_test,3,3,7,"370407, ac370419",17,0.89771784138065824,-0.0043358331095303404,119,119
fixed_test,3,3,7,"370407, ac370419",18,0.89771784138065824,-0.017788201499015943,119,119
fixed_test,3,3,7,"370407, ac370419",19,0.89771784138065824,-0.013438204196050796,119,118
fixed_test,3,3,7,"370407, ac370419",20,0.89771784138065824,-0.022322599638379903,119,116
fixed_test,3,3,7,"370407, ac370419",21,0.89771784138065824,-0.013620292693030334,119,119
fixed_test,3,3,7,"370407, ac370419",22,0.89771784138065824,-0.0090936938483388019,119,119
fixed_test,3,3,7,"370407, ac370419",23,0.89771784138065824,-0.022486479285661387,119,119
fixed_test,3,3,7,"370407, ac370419",24,0.89771784138065824,-0.017788201499015943,119,119
fixed_test,3,3,7,"370407, ac370419",25,0.89771784138065824,-0.022322599638379903,119,119
fixed_test,3,3,7,"370407, ac370419",26,0.89771784138065824,-0.0094429709730198264,119,119
fixed_test,3,3,7,"370407, ac370419",27,0.89771784138065824,-0.0043358331095303404,119,119
fixed_test,3,3,7,"370407, ac370419",28,0.89771784138065824,-0.013620292693030334,119,119
fixed_test,3,3,7,"370407, ac370419",29,0.89771784138065824,-0.00021860196538603383,119,119
fixed_test,3,3,8,"ac370442, ac370443",0,0.89771784138065824,-0.0090936938483388019,121,121
fixed_test,3,3,8,"ac370442, ac370443",1,0.89771784138065824,-0.013240044519513217,121,120
fixed_test,3,3,8,"ac370442, ac370443",2,0.89771784138065824,-0.017968785731291459,121,121
fixed_test,3,3,8,"ac370442, ac370443",3,0.89771784138065824,-0.0090936938483388019,121,121
fixed_test,3,3,8,"ac370442, ac370443",4,0.89771784138065824,-0.0090936938483388019,121,120
fixed_test,3,3,8,"ac370442, ac370443",5,0.89771784138065824,-0.0047541061003990581,121,120
fixed_test,3,3,8,"ac370442, ac370443",6,0.89771784138065824,-0.013620292693030334,121,121
fixed_test,3,3,8,"ac370442, ac370443",7,0.89771784138065824,-0.017788201499015943,121,120
fixed_test,3,3,8,"ac370442, ac370443",8,0.89771784138065824,-0.026991910777245609,121,121
fixed_test,3,3,8,"ac370442, ac370443",9,0.89771784138065824,-0.013240044519513217,121,121
fixed_test,3,3,8,"ac370442, ac370443",10,0.89771784138065824,-0.00021860196538603383,121,121
fixed_test,3,3,8,"ac370442, ac370443",11,0.89771784138065824,-0.00041888212709417783,121,121
fixed_test,3,3,8,"ac370442, ac370443",12,0.89771784138065824,-0.017968785731291459,121,121
fixed_test,3,3,8,"ac370442, ac370443",13,0.89771784138065824,-0.0090936938483388019,121,120
fixed_test,3,3,8,"ac370442, ac370443",14,0.89771784138065824,-0.0045538087537216887,121,121
fixed_test,3,3,8,"ac370442, ac370443",15,0.89771784138065824,-0.0045538087537216887,121,120
fixed_test,3,3,8,"ac370442, ac370443",16,0.89771784138065824,-0.013438204196050796,121,121
fixed_test,3,3,8,"ac370442, ac370443",17,0.89771784138065824,-0.017788201499015943,121,119
fixed_test,3,3,8,"ac370442, ac370443",18,0.89771784138065824,-0.022322599638379903,121,120
fixed_test,3,3,8,"ac370442, ac370443",19,0.89771784138065824,-0.017968785731291459,121,121
fixed_test,3,3,8,"ac370442, ac370443",20,0.89771784138065824,-0.022322599638379903,121,120
fixed_test,3,3,8,"ac370442, ac370443",21,0.89771784138065824,-0.0090936938483388019,121,121
fixed_test,3,3,8,"ac370442, ac370443",22,0.89771784138065824,-0.0045538087537216887,121,121
fixed_test,3,3,8,"ac370442, ac370443",23,0.89771784138065824,-0.013620292693030334,121,120
fixed_test,3,3,8,"ac370442, ac370443",24,0.89771784138065824,-0.022322599638379903,121,120
fixed_test,3,3,8,"ac370442, ac370443",25,0.89771784138065824,-0.00041888212709417783,121,120
fixed_test,3,3,8,"ac370442, ac370443",26,0.89771784138065824,-0.00021860196538603383,121,120
fixed_test,3,3,8,"ac370442, ac370443",27,0.89771784138065824,-0.00021860196538603383,121,121
fixed_test,3,3,8,"ac370442, ac370443",28,0.89771784138065824,-0.017968785731291459,121,121
fixed_test,3,3,8,"ac370442, ac370443",29,0.89771784138065824,-0.013620292693030334,121,120
fixed_test,3,3,9,"ac370000, ac370419, ac370442",0,0.89771784138065824,-0.00021860196538603383,120,120
fixed_test,3,3,9,"ac370000, ac370419, ac370442",1,0.89771784138065824,-0.0049370258759788843,120,120
fixed_test,3,3,9,"ac370000, ac370419, ac370442",2,0.89771784138065824,0,120,120
fixed_test,3,3,9,"ac370000, ac370419, ac370442",3,0.89771784138065824,-0.013620292693030334,120,120
fixed_test,3,3,9,"ac370000, ac370419, ac370442",4,0.89771784138065824,-0.0043358331095303404,120,120
fixed_test,3,3,9,"ac370000, ac370419, ac370442",5,0.89771784138065824,-0.0090936938483388019,120,120
fixed_test,3,3,9,"ac370000, ac370419, ac370442",6,0.89771784138065824,-0.00021860196538603383,120,120
fixed_test,3,3,9,"ac370000, ac370419, ac370442",7,0.89771784138065824,-0.013438204196050796,120,120
fixed_test,3,3,9,"ac370000, ac370419, ac370442",8,0.89771784138065824,0.0041120804922321064,120,120
fixed_test,3,3,9,"ac370000, ac370419, ac370442",9,0.89771784138065824,-0.013438204196050796,120,119
fixed_test,3,3,9,"ac370000, ac370419, ac370442",10,0.89771784138065824,-0.0090936938483388019,120,120
fixed_test,3,3,9,"ac370000, ac370419, ac370442",11,0.89771784138065824,-0.0090936938483388019,120,120
fixed_test,3,3,9,"ac370000, ac370419, ac370442",12,0.89771784138065824,-0.013438204196050796,120,120
fixed_test,3,3,9,"ac370000, ac370419, ac370442",13,0.89771784138065824,-0.00409985612444419,120,120
fixed_test,3,3,9,"ac370000, ac370419, ac370442",14,0.89771784138065824,0.0086564899175665122,120,120
fixed_test,3,3,9,"ac370000, ac370419, ac370442",15,0.89771784138065824,-0.0090936938483388019,120,120
fixed_test,3,3,9,"ac370000, ac370419, ac370442",16,0.89771784138065824,-0.00021860196538603383,120,120
fixed_test,3,3,9,"ac370000, ac370419, ac370442",17,0.89771784138065824,0.00023724970627092556,120,120
fixed_test,3,3,9,"ac370000, ac370419, ac370442",18,0.89771784138065824,-0.013438204196050796,120,120
fixed_test,3,3,9,"ac370000, ac370419, ac370442",19,0.89771784138065824,-0.017968785731291459,120,120
fixed_test,3,3,9,"ac370000, ac370419, ac370442",20,0.89771784138065824,-0.017968785731291459,120,120
fixed_test,3,3,9,"ac370000, ac370419, ac370442",21,0.89771784138065824,-0.017788201499015943,120,120
fixed_test,3,3,9,"ac370000, ac370419, ac370442",22,0.89771784138065824,-0.0049370258759788843,120,120
fixed_test,3,3,9,"ac370000, ac370419, ac370442",23,0.89771784138065824,-0.0088941007495079161,120,120
fixed_test,3,3,9,"ac370000, ac370419, ac370442",24,0.89771784138065824,0.0043305866886074185,120,119
fixed_test,3,3,9,"ac370000, ac370419, ac370442",25,0.89771784138065824,-0.017968785731291459,120,120
fixed_test,3,3,9,"ac370000, ac370419, ac370442",26,0.89771784138065824,0.0043305866886074185,120,119
fixed_test,3,3,9,"ac370000, ac370419, ac370442",27,0.89771784138065824,-0.022636140920226699,120,120
fixed_test,3,3,9,"ac370000, ac370419, ac370442",28,0.89771784138065824,0.0045683783004525358,120,120
fixed_test,3,3,9,"ac370000, ac370419, ac370442",29,0.89771784138065824,-0.00041888212709417783,120,120
fixed_train,3,3,0,"370407, ac370000",0,0.99335666949683843,0.043146778854681211,541,533
fixed_train,3,3,0,"370407, ac370000",1,0.99335666949683843,0.048691774930716858,541,538
fixed_train,3,3,0,"370407, ac370000",2,0.99335666949683843,0.036548630156880035,541,538
fixed_train,3,3,0,"370407, ac370000",3,0.99335666949683843,0.055303572151705671,541,537
fixed_train,3,3,0,"370407, ac370000",4,0.99335666949683843,0.046503313522130996,541,534
fixed_train,3,3,0,"370407, ac370000",5,0.99335666949683843,0.036548630156880035,541,537
fixed_train,3,3,0,"370407, ac370000",6,0.99335666949683843,0.041001711879868341,541,540
fixed_train,3,3,0,"370407, ac370000",7,0.99335666949683843,0.05309118277117475,541,537
fixed_train,3,3,0,"370407, ac370000",8,0.99335666949683843,0.047649857328663225,541,540
fixed_train,3,3,0,"370407, ac370000",9,0.99335666949683843,0.043124219225975424,541,540
fixed_train,3,3,0,"370407, ac370000",10,0.99335666949683843,0.043169887432993104,541,539
fixed_train,3,3,0,"370407, ac370000",11,0.99335666949683843,0.037645539517915494,541,536
fixed_train,3,3,0,"370407, ac370000",12,0.99335666949683843,0.037645539517915494,541,539
fixed_train,3,3,0,"370407, ac370000",13,0.99335666949683843,0.043267856286714257,541,540
fixed_train,3,3,0,"370407, ac370000",14,0.99335666949683843,0.04324252928190897,541,539
fixed_train,3,3,0,"370407, ac370000",15,0.99335666949683843,0.042097830784362134,541,536
fixed_train,3,3,0,"370407, ac370000",16,0.99335666949683843,0.041001711879868341,541,541
fixed_train,3,3,0,"370407, ac370000",17,0.99335666949683843,0.041001711879868341,541,541
fixed_train,3,3,0,"370407, ac370000",18,0.99335666949683843,0.039976883183931555,541,536
fixed_train,3,3,0,"370407, ac370000",19,0.99335666949683843,0.043193547181501812,541,538
fixed_train,3,3,0,"370407, ac370000",20,0.99335666949683843,0.046503313522130996,541,539
fixed_train,3,3,0,"370407, ac370000",21,0.99335666949683843,0.047597729027317848,541,539
fixed_train,3,3,0,"370407, ac370000",22,0.99335666949683843,0.038808230634347018,541,539
fixed_train,3,3,0,"370407, ac370000",23,0.99335666949683843,0.044196620637258932,541,539
fixed_train,3,3,0,"370407, ac370000",24,0.99335666949683843,0.035514764878136984,541,539
fixed_train,3,3,0,"370407, ac370000",25,0.99335666949683843,0.03766681612186018,541,539
fixed_train,3,3,0,"370407, ac370000",26,0.99335666949683843,0.035493141238540749,541,536
fixed_train,3,3,0,"370407, ac370000",27,0.99335666949683843,0.030967288965864981,541,539
fixed_train,3,3,0,"370407, ac370000",28,0.99335666949683843,0.032082310108493939,541,539
fixed_train,3,3,0,"370407, ac370000",29,0.99335666949683843,0.043146778854681211,541,539
fixed_train,3,3,1,"ac370000, ac370419",0,0.99335666949683843,0.026639376376810797,526,524
fixed_train,3,3,1,"ac370000, ac370419",1,0.99335666949683843,0.029958206476080718,526,524
fixed_train,3,3,1,"ac370000, ac370419",2,0.99335666949683843,0.031077070627474002,526,522
fixed_train,3,3,1,"ac370000, ac370419",3,0.99335666949683843,0.027722484015442639,526,524
fixed_train,3,3,1,"ac370000, ac370419",4,0.99335666949683843,0.03766681612186018,526,522
fixed_train,3,3,1,"ac370000, ac370419",5,0.99335666949683843,0.026656822130476265,526,523
fixed_train,3,3,1,"ac370000, ac370419",6,0.99335666949683843,0.039928559316614765,526,524
fixed_train,3,3,1,"ac370000, ac370419",7,0.99335666949683843,0.036548630156880035,526,522
fixed_train,3,3,1,"ac370000, ac370419",8,0.99335666949683843,0.037756873008355729,526,525
fixed_train,3,3,1,"ac370000, ac370419",9,0.99335666949683843,0.033275432199503907,526,523
fixed_train,3,3,1,"ac370000, ac370419",10,0.99335666949683843,0.044313338115613221,526,520
fixed_train,3,3,1,"ac370000, ac370419",11,0.99335666949683843,0.031020294128106807,526,525
fixed_train,3,3,1,"ac370000, ac370419",12,0.99335666949683843,0.047732594814772655,526,525
fixed_train,3,3,1,"ac370000, ac370419",13,0.99335666949683843,0.032196616152505797,526,521
fixed_train,3,3,1,"ac370000, ac370419",14,0.99335666949683843,0.033295917752805715,526,525
fixed_train,3,3,1,"ac370000, ac370419",15,0.99335666949683843,0.0343739319867854,526,523
fixed_train,3,3,1,"ac370000, ac370419",16,0.99335666949683843,0.036569614914005122,526,523
fixed_train,3,3,1,"ac370000, ac370419",17,0.99335666949683843,0.036569614914005122,526,524
fixed_train,3,3,1,"ac370000, ac370419",18,0.99335666949683843,0.031002209014753923,526,524
fixed_train,3,3,1,"ac370000, ac370419",19,0.99335666949683843,0.039928559316614765,526,524
fixed_train,3,3,1,"ac370000, ac370419",20,0.99335666949683843,0.040955966635830565,526,523
fixed_train,3,3,1,"ac370000, ac370419",21,0.99335666949683843,0.037688585685777709,526,523
fixed_train,3,3,1,"ac370000, ac370419",22,0.99335666949683843,0.038808230634347018,526,522
fixed_train,3,3,1,"ac370000, ac370419",23,0.99335666949683843,0.041049581318275408,526,523
fixed_train,3,3,1,"ac370000, ac370419",24,0.99335666949683843,0.038808230634347018,526,524
fixed_train,3,3,1,"ac370000, ac370419",25,0.99335666949683843,0.032217188680818909,526,523
fixed_train,3,3,1,"ac370000, ac370419",26,0.99335666949683843,0.034353566431073457,526,523
fixed_train,3,3,1,"ac370000, ac370419",27,0.99335666949683843,0.029939633339223448,526,525
fixed_train,3,3,1,"ac370000, ac370419",28,0.99335666949683843,0.034416041675686682,526,523
fixed_train,3,3,1,"ac370000, ac370419",29,0.99335666949683843,0.035451308790609093,526,526
fixed_train,3,3,2,"ac370000, ac370443",0,0.99335666949683843,0.040978574839961146,514,513
fixed_train,3,3,2,"ac370000, ac370443",1,0.99335666949683843,0.035392067726926935,514,509
fixed_train,3,3,2,"ac370000, ac370443",2,0.99335666949683843,0.037604457107457856,514,513
fixed_train,3,3,2,"ac370000, ac370443",3,0.99335666949683843,0.034276654829684339,514,513
fixed_train,3,3,2,"ac370000, ac370443",4,0.99335666949683843,0.040978574839961146,514,510
fixed_train,3,3,2,"ac370000, ac370443",5,0.99335666949683843,0.034314204244343283,514,511
fixed_train,3,3,2,"ac370000, ac370443",6,0.99335666949683843,0.037688585685777709,514,511
fixed_train,3,3,2,"ac370000, ac370443",7,0.99335666949683843,0.035392067726926935,514,511
fixed_train,3,3,2,"ac370000, ac370443",8,0.99335666949683843,0.0343739319867854,514,509
fixed_train,3,3,2,"ac370000, ac370443",9,0.99335666949683843,0.043217760362800006,514,513
fixed_train,3,3,2,"ac370000, ac370443",10,0.99335666949683843,0.033235801459358005,514,508
fixed_train,3,3,2,"ac370000, ac370443",11,0.99335666949683843,0.026573322012646283,514,512
fixed_train,3,3,2,"ac370000, ac370443",12,0.99335666949683843,0.032082310108493939,514,513
fixed_train,3,3,2,"ac370000, ac370443",13,0.99335666949683843,0.036508097606968826,514,512
fixed_train,3,3,2,"ac370000, ac370443",14,0.99335666949683843,0.0343739319867854,514,512
fixed_train,3,3,2,"ac370000, ac370443",15,0.99335666949683843,0.027672441852856,514,512
fixed_train,3,3,2,"ac370000, ac370443",16,0.99335666949683843,0.039859983018969314,514,513
fixed_train,3,3,2,"ac370000, ac370443",17,0.99335666949683843,0.040933885105443935,514,511
fixed_train,3,3,2,"ac370000, ac370443",18,0.99335666949683843,0.039775755320700545,514,508
fixed_train,3,3,2,"ac370000, ac370443",19,0.99335666949683843,0.034353566431073457,514,511
fixed_train,3,3,2,"ac370000, ac370443",20,0.99335666949683843,0.032118685473798814,514,512
fixed_train,3,3,2,"ac370000, ac370443",21,0.99335666949683843,0.039859983018969314,514,511
fixed_train,3,3,2,"ac370000, ac370443",22,0.99335666949683843,0.036508097606968826,514,512
fixed_train,3,3,2,"ac370000, ac370443",23,0.99335666949683843,0.034333657815339369,514,510
fixed_train,3,3,2,"ac370000, ac370443",24,0.99335666949683843,0.039859983018969314,514,510
fixed_train,3,3,2,"ac370000, ac370443",25,0.99335666949683843,0.031002209014753923,514,513
fixed_train,3,3,2,"ac370000, ac370443",26,0.99335666949683843,0.03979604624594979,514,511
fixed_train,3,3,2,"ac370000, ac370443",27,0.99335666949683843,0.036548630156880035,514,513
fixed_train,3,3,2,"ac370000, ac370443",28,0.99335666949683843,0.03766681612186018,514,513
fixed_train,3,3,2,"ac370000, ac370443",29,0.99335666949683843,0.034333657815339369,514,512
fixed_train,3,3,3,"ac370000, ac370419, ac370443",0,0.99335666949683843,0.039859983018969314,513,513
fixed_train,3,3,3,"ac370000, ac370419, ac370443",1,0.99335666949683843,0.043193547181501812,513,513
fixed_train,3,3,3,"ac370000, ac370419, ac370443",2,0.99335666949683843,0.034333657815339369,513,513
fixed_train,3,3,3,"ac370000, ac370419, ac370443",3,0.99335666949683843,0.035373248460320084,513,513
fixed_train,3,3,3,"ac370000, ac370419, ac370443",4,0.99335666949683843,0.043146778854681211,513,513
fixed_train,3,3,3,"ac370000, ac370419, ac370443",5,0.99335666949683843,0.035471989876330712,513,513
fixed_train,3,3,3,"ac370000, ac370419, ac370443",6,0.99335666949683843,0.042007445138764532,513,513
fixed_train,3,3,3,"ac370000, ac370419, ac370443",7,0.99335666949683843,0.037604457107457856,513,513
fixed_train,3,3,3,"ac370000, ac370419, ac370443",8,0.99335666949683843,0.036591081310566209,513,513
fixed_train,3,3,3,"ac370000, ac370419, ac370443",9,0.99335666949683843,0.043146778854681211,513,513
fixed_train,3,3,3,"ac370000, ac370419, ac370443",10,0.99335666949683843,0.042146268355651606,513,512
fixed_train,3,3,3,"ac370000, ac370419, ac370443",11,0.99335666949683843,0.048717757023184816,513,513
fixed_train,3,3,3,"ac370000, ac370419, ac370443",12,0.99335666949683843,0.04324252928190897,513,513
fixed_train,3,3,3,"ac370000, ac370419, ac370443",13,0.99335666949683843,0.042074426520023134,513,513
fixed_train,3,3,3,"ac370000, ac370419, ac370443",14,0.99335666949683843,0.041965462318821922,513,513
fixed_train,3,3,3,"ac370000, ac370419, ac370443",15,0.99335666949683843,0.044288870021076954,513,513
fixed_train,3,3,3,"ac370000, ac370419, ac370443",16,0.99335666949683843,0.044241625249050842,513,513
fixed_train,3,3,3,"ac370000, ac370419, ac370443",17,0.99335666949683843,0.047649857328663225,513,513
fixed_train,3,3,3,"ac370000, ac370419, ac370443",18,0.99335666949683843,0.045359672603918821,513,513
fixed_train,3,3,3,"ac370000, ac370419, ac370443",19,0.99335666949683843,0.039859983018969314,513,513
fixed_train,3,3,3,"ac370000, ac370419, ac370443",20,0.99335666949683843,0.047597729027317848,513,513
fixed_train,3,3,3,"ac370000, ac370419, ac370443",21,0.99335666949683843,0.039859983018969314,513,513
fixed_train,3,3,3,"ac370000, ac370419, ac370443",22,0.99335666949683843,0.039838158061296203,513,513
fixed_train,3,3,3,"ac370000, ac370419, ac370443",23,0.99335666949683843,0.045359672603918821,513,512
fixed_train,3,3,3,"ac370000, ac370419, ac370443",24,0.99335666949683843,0.048666404010112796,513,513
fixed_train,3,3,3,"ac370000, ac370419, ac370443",25,0.99335666949683843,0.043124219225975424,513,513
fixed_train,3,3,3,"ac370000, ac370419, ac370443",26,0.99335666949683843,0.03876360249842048,513,513
fixed_train,3,3,3,"ac370000, ac370419, ac370443",27,0.99335666949683843,0.036548630156880035,513,513
fixed_train,3,3,3,"ac370000, ac370419, ac370443",28,0.99335666949683843,0.038785663396936676,513,513
fixed_train,3,3,3,"ac370000, ac370419, ac370443",29,0.99335666949683843,0.043102206367868545,513,513
fixed_train,3,3,4,"ac370419, ac370443",0,0.99335666949683843,0.026573322012646283,513,511
fixed_train,3,3,4,"ac370419, ac370443",1,0.99335666949683843,0.027625817119103502,513,512
fixed_train,3,3,4,"ac370419, ac370443",2,0.99335666949683843,0.026527652889060671,513,511
fixed_train,3,3,4,"ac370419, ac370443",3,0.99335666949683843,0.025429090433393475,513,510
fixed_train,3,3,4,"ac370419, ac370443",4,0.99335666949683843,0.026589279465604743,513,512
fixed_train,3,3,4,"ac370419, ac370443",5,0.99335666949683843,0.024358878511592241,513,513
fixed_train,3,3,4,"ac370419, ac370443",6,0.99335666949683843,0.022117731443741073,513,508
fixed_train,3,3,4,"ac370419, ac370443",7,0.99335666949683843,0.023273324016415353,513,512
fixed_train,3,3,4,"ac370419, ac370443",8,0.99335666949683843,0.018804947613069278,513,512
fixed_train,3,3,4,"ac370419, ac370443",9,0.99335666949683843,0.029869416359256662,513,511
fixed_train,3,3,4,"ac370419, ac370443",10,0.99335666949683843,0.025458521055693573,513,511
fixed_train,3,3,4,"ac370419, ac370443",11,0.99335666949683843,0.029886362650018428,513,508
fixed_train,3,3,4,"ac370419, ac370443",12,0.99335666949683843,0.02217241501964895,513,512
fixed_train,3,3,4,"ac370419, ac370443",13,0.99335666949683843,0.017704115887744787,513,513
fixed_train,3,3,4,"ac370419, ac370443",14,0.99335666949683843,0.025443628860781664,513,511
fixed_train,3,3,4,"ac370419, ac370443",15,0.99335666949683843,0.02325879610763637,513,511
fixed_train,3,3,4,"ac370419, ac370443",16,0.99335666949683843,0.028739051781875524,513,512
fixed_train,3,3,4,"ac370419, ac370443",17,0.99335666949683843,0.028723592029304856,513,511
fixed_train,3,3,4,"ac370419, ac370443",18,0.99335666949683843,0.029869416359256662,513,511
fixed_train,3,3,4,"ac370419, ac370443",19,0.99335666949683843,0.025473768449176926,513,509
fixed_train,3,3,4,"ac370419, ac370443",20,0.99335666949683843,0.025429090433393475,513,512
fixed_train,3,3,4,"ac370419, ac370443",21,0.99335666949683843,0.030950450674690377,513,509
fixed_train,3,3,4,"ac370419, ac370443",22,0.99335666949683843,0.024344328539810278,513,510
fixed_train,3,3,4,"ac370419, ac370443",23,0.99335666949683843,0.023203991619456521,513,512
fixed_train,3,3,4,"ac370419, ac370443",24,0.99335666949683843,0.030967288965864981,513,512
fixed_train,3,3,4,"ac370419, ac370443",25,0.99335666949683843,0.025489372499346907,513,511
fixed_train,3,3,4,"ac370419, ac370443",26,0.99335666949683843,0.019917520105100062,513,513
fixed_train,3,3,4,"ac370419, ac370443",27,0.99335666949683843,0.032064763730611512,513,513
fixed_train,3,3,4,"ac370419, ac370443",28,0.99335666949683843,0.030967288965864981,513,513
fixed_train,3,3,4,"ac370419, ac370443",29,0.99335666949683843,0.02764098153246608,513,510
fixed_train,3,3,5,"ac370000, ac370442",0,0.99335666949683843,0.036548630156880035,511,508
fixed_train,3,3,5,"ac370000, ac370442",1,0.99335666949683843,0.036469468118397796,511,510
fixed_train,3,3,5,"ac370000, ac370442",2,0.99335666949683843,0.036469468118397796,511,509
fixed_train,3,3,5,"ac370000, ac370442",3,0.99335666949683843,0.035411349626585986,511,507
fixed_train,3,3,5,"ac370000, ac370442",4,0.99335666949683843,0.038680380868221231,511,510
fixed_train,3,3,5,"ac370000, ac370442",5,0.99335666949683843,0.039838158061296203,511,507
fixed_train,3,3,5,"ac370000, ac370442",6,0.99335666949683843,0.035411349626585986,511,507
fixed_train,3,3,5,"ac370000, ac370442",7,0.99335666949683843,0.038700437027829881,511,506
fixed_train,3,3,5,"ac370000, ac370442",8,0.99335666949683843,0.035471989876330712,511,509
fixed_train,3,3,5,"ac370000, ac370442",9,0.99335666949683843,0.035431096016861674,511,505
fixed_train,3,3,5,"ac370000, ac370442",10,0.99335666949683843,0.038700437027829881,511,511
fixed_train,3,3,5,"ac370000, ac370442",11,0.99335666949683843,0.047572566353156209,511,509
fixed_train,3,3,5,"ac370000, ac370442",12,0.99335666949683843,0.043146778854681211,511,508
fixed_train,3,3,5,"ac370000, ac370442",13,0.99335666949683843,0.044218844031579385,511,509
fixed_train,3,3,5,"ac370000, ac370442",14,0.99335666949683843,0.04426496649600653,511,509
fixed_train,3,3,5,"ac370000, ac370442",15,0.99335666949683843,0.047548001424120967,511,510
fixed_train,3,3,5,"ac370000, ac370442",16,0.99335666949683843,0.035431096016861674,511,510
fixed_train,3,3,5,"ac370000, ac370442",17,0.99335666949683843,0.045336110325048251,511,504
fixed_train,3,3,5,"ac370000, ac370442",18,0.99335666949683843,0.043124219225975424,511,509
fixed_train,3,3,5,"ac370000, ac370442",19,0.99335666949683843,0.040955966635830565,511,511
fixed_train,3,3,5,"ac370000, ac370442",20,0.99335666949683843,0.035373248460320084,511,510
fixed_train,3,3,5,"ac370000, ac370442",21,0.99335666949683843,0.043169887432993104,511,510
fixed_train,3,3,5,"ac370000, ac370442",22,0.99335666949683843,0.03316184956750523,511,507
fixed_train,3,3,5,"ac370000, ac370442",23,0.99335666949683843,0.039859983018969314,511,508
fixed_train,3,3,5,"ac370000, ac370442",24,0.99335666949683843,0.045359672603918821,511,509
fixed_train,3,3,5,"ac370000, ac370442",25,0.99335666949683843,0.045408519523042257,511,508
fixed_train,3,3,5,"ac370000, ac370442",26,0.99335666949683843,0.037645539517915494,511,510
fixed_train,3,3,5,"ac370000, ac370442",27,0.99335666949683843,0.042051562278651478,511,506
fixed_train,3,3,5,"ac370000, ac370442",28,0.99335666949683843,0.038785663396936676,511,508
fixed_train,3,3,5,"ac370000, ac370442",29,0.99335666949683843,0.038720991356206325,511,508
fixed_train,3,3,6,"370407, ac370000, ac370419",0,0.99335666949683843,0.033197945409230822,513,513
fixed_train,3,3,6,"370407, ac370000, ac370419",1,0.99335666949683843,0.04864164181720898,513,513
fixed_train,3,3,6,"370407, ac370000, ac370419",2,0.99335666949683843,0.049710613961952421,513,512
fixed_train,3,3,6,"370407, ac370000, ac370419",3,0.99335666949683843,0.033275432199503907,513,513
fixed_train,3,3,6,"370407, ac370000, ac370419",4,0.99335666949683843,0.051017104511799527,513,512
fixed_train,3,3,6,"370407, ac370000, ac370419",5,0.99335666949683843,0.04640705329553807,513,513
fixed_train,3,3,6,"370407, ac370000, ac370419",6,0.99335666949683843,0.040933885105443935,513,513
fixed_train,3,3,6,"370407, ac370000, ac370419",7,0.99335666949683843,0.038742045838668138,513,513
fixed_train,3,3,6,"370407, ac370000, ac370419",8,0.99335666949683843,0.038720991356206325,513,513
fixed_train,3,3,6,"370407, ac370000, ac370419",9,0.99335666949683843,0.04543380884573156,513,513
fixed_train,3,3,6,"370407, ac370000, ac370419",10,0.99335666949683843,0.045359672603918821,513,513
fixed_train,3,3,6,"370407, ac370000, ac370419",11,0.99335666949683843,0.047597729027317848,513,513
fixed_train,3,3,6,"370407, ac370000, ac370419",12,0.99335666949683843,0.044196620637258932,513,512
fixed_train,3,3,6,"370407, ac370000, ac370419",13,0.99335666949683843,0.038700437027829881,513,513
fixed_train,3,3,6,"370407, ac370000, ac370419",14,0.99335666949683843,0.051945857367162507,513,512
fixed_train,3,3,6,"370407, ac370000, ac370419",15,0.99335666949683843,0.04652884544686442,513,513
fixed_train,3,3,6,"370407, ac370000, ac370419",16,0.99335666949683843,0.048617485953817208,513,513
fixed_train,3,3,6,"370407, ac370000, ac370419",17,0.99335666949683843,0.037604457107457856,513,513
fixed_train,3,3,6,"370407, ac370000, ac370419",18,0.99335666949683843,0.03979604624594979,513,513
fixed_train,3,3,6,"370407, ac370000, ac370419",19,0.99335666949683843,0.049811649824480275,513,513
fixed_train,3,3,6,"370407, ac370000, ac370419",20,0.99335666949683843,0.047524031867515526,513,513
fixed_train,3,3,6,"370407, ac370000, ac370419",21,0.99335666949683843,0.038742045838668138,513,513
fixed_train,3,3,6,"370407, ac370000, ac370419",22,0.99335666949683843,0.046554968923565476,513,513
fixed_train,3,3,6,"370407, ac370000, ac370419",23,0.99335666949683843,0.04640705329553807,513,513
fixed_train,3,3,6,"370407, ac370000, ac370419",24,0.99335666949683843,0.053064439602838798,513,513
fixed_train,3,3,6,"370407, ac370000, ac370419",25,0.99335666949683843,0.049759892523193794,513,513
fixed_train,3,3,6,"370407, ac370000, ac370419",26,0.99335666949683843,0.050878793390643717,513,513
fixed_train,3,3,6,"370407, ac370000, ac370419",27,0.99335666949683843,0.043217760362800006,513,513
fixed_train,3,3,6,"370407, ac370000, ac370419",28,0.99335666949683843,0.047572566353156209,513,512
fixed_train,3,3,6,"370407, ac370000, ac370419",29,0.99335666949683843,0.04538380823015542,513,513
fixed_train,3,3,7,"370407, ac370419",0,0.99335666949683843,0.033197945409230822,513,512
fixed_train,3,3,7,"370407, ac370419",1,0.99335666949683843,0.029869416359256662,513,513
fixed_train,3,3,7,"370407, ac370419",2,0.99335666949683843,0.024389010829095947,513,510
fixed_train,3,3,7,"370407, ac370419",3,0.99335666949683843,0.028771136974520606,513,510
fixed_train,3,3,7,"370407, ac370419",4,0.99335666949683843,0.024316253996245929,513,509
fixed_train,3,3,7,"370407, ac370419",5,0.99335666949683843,0.024330120824272106,513,512
fixed_train,3,3,7,"370407, ac370419",6,0.99335666949683843,0.032082310108493939,513,513
fixed_train,3,3,7,"370407, ac370419",7,0.99335666949683843,0.02764098153246608,513,511
fixed_train,3,3,7,"370407, ac370419",8,0.99335666949683843,0.026573322012646283,513,513
fixed_train,3,3,7,"370407, ac370419",9,0.99335666949683843,0.024330120824272106,513,512
fixed_train,3,3,7,"370407, ac370419",10,0.99335666949683843,0.024344328539810278,513,511
fixed_train,3,3,7,"370407, ac370419",11,0.99335666949683843,0.032014669573769083,513,513
fixed_train,3,3,7,"370407, ac370419",12,0.99335666949683843,0.030934024687583994,513,511
fixed_train,3,3,7,"370407, ac370419",13,0.99335666949683843,0.023230735111543943,513,513
fixed_train,3,3,7,"370407, ac370419",14,0.99335666949683843,0.029852872631538796,513,512
fixed_train,3,3,7,"370407, ac370419",15,0.99335666949683843,0.027656522610019052,513,513
fixed_train,3,3,7,"370407, ac370419",16,0.99335666949683843,0.02764098153246608,513,512
fixed_train,3,3,7,"370407, ac370419",17,0.99335666949683843,0.028723592029304856,513,512
fixed_train,3,3,7,"370407, ac370419",18,0.99335666949683843,0.026573322012646283,513,512
fixed_train,3,3,7,"370407, ac370419",19,0.99335666949683843,0.028787765513700103,513,511
fixed_train,3,3,7,"370407, ac370419",20,0.99335666949683843,0.03316184956750523,513,511
fixed_train,3,3,7,"370407, ac370419",21,0.99335666949683843,0.028754899585334059,513,509
fixed_train,3,3,7,"370407, ac370419",22,0.99335666949683843,0.024344328539810278,513,511
fixed_train,3,3,7,"370407, ac370419",23,0.99335666949683843,0.021030679461368718,513,512
fixed_train,3,3,7,"370407, ac370419",24,0.99335666949683843,0.030950450674690377,513,512
fixed_train,3,3,7,"370407, ac370419",25,0.99335666949683843,0.027672441852856,513,512
fixed_train,3,3,7,"370407, ac370419",26,0.99335666949683843,0.022144435010538532,513,513
fixed_train,3,3,7,"370407, ac370419",27,0.99335666949683843,0.027611027897201823,513,512
fixed_train,3,3,7,"370407, ac370419",28,0.99335666949683843,0.030950450674690377,513,513
fixed_train,3,3,7,"370407, ac370419",29,0.99335666949683843,0.025443628860781664,513,512
fixed_train,3,3,8,"ac370442, ac370443",0,0.99335666949683843,0.019905342063210152,508,508
fixed_train,3,3,8,"ac370442, ac370443",1,0.99335666949683843,0.021005308235247933,508,508
fixed_train,3,3,8,"ac370442, ac370443",2,0.99335666949683843,0.025414904369279956,508,506
fixed_train,3,3,8,"ac370442, ac370443",3,0.99335666949683843,0.025473768449176926,508,507
fixed_train,3,3,8,"ac370442, ac370443",4,0.99335666949683843,0.021017841362306666,508,505
fixed_train,3,3,8,"ac370442, ac370443",5,0.99335666949683843,0.025443628860781664,508,506
fixed_train,3,3,8,"ac370442, ac370443",6,0.99335666949683843,0.021005308235247933,508,506
fixed_train,3,3,8,"ac370442, ac370443",7,0.99335666949683843,0.024330120824272106,508,508
fixed_train,3,3,8,"ac370442, ac370443",8,0.99335666949683843,0.018804947613069278,508,507
fixed_train,3,3,8,"ac370442, ac370443",9,0.99335666949683843,0.027672441852856,508,506
fixed_train,3,3,8,"ac370442, ac370443",10,0.99335666949683843,0.022104855103431076,508,507
fixed_train,3,3,8,"ac370442, ac370443",11,0.99335666949683843,0.022117731443741073,508,507
fixed_train,3,3,8,"ac370442, ac370443",12,0.99335666949683843,0.016602837867043863,508,507
fixed_train,3,3,8,"ac370442, ac370443",13,0.99335666949683843,0.026499028239099887,508,507
fixed_train,3,3,8,"ac370442, ac370443",14,0.99335666949683843,0.017727250140600392,508,507
fixed_train,3,3,8,"ac370442, ac370443",15,0.99335666949683843,0.025414904369279956,508,506
fixed_train,3,3,8,"ac370442, ac370443",16,0.99335666949683843,0.02764098153246608,508,503
fixed_train,3,3,8,"ac370442, ac370443",17,0.99335666949683843,0.018793417136175106,508,508
fixed_train,3,3,8,"ac370442, ac370443",18,0.99335666949683843,0.019929991509484601,508,502
fixed_train,3,3,8,"ac370442, ac370443",19,0.99335666949683843,0.023217199334320648,508,505
fixed_train,3,3,8,"ac370442, ac370443",20,0.99335666949683843,0.023244600258531367,508,508
fixed_train,3,3,8,"ac370442, ac370443",21,0.99335666949683843,0.022130924322455114,508,504
fixed_train,3,3,8,"ac370442, ac370443",22,0.99335666949683843,0.021030679461368718,508,505
fixed_train,3,3,8,"ac370442, ac370443",23,0.99335666949683843,0.02764098153246608,508,508
fixed_train,3,3,8,"ac370442, ac370443",24,0.99335666949683843,0.03203094511015192,508,506
fixed_train,3,3,8,"ac370442, ac370443",25,0.99335666949683843,0.024330120824272106,508,508
fixed_train,3,3,8,"ac370442, ac370443",26,0.99335666949683843,0.024316253996245929,508,505
fixed_train,3,3,8,"ac370442, ac370443",27,0.99335666949683843,0.028739051781875524,508,507
fixed_train,3,3,8,"ac370442, ac370443",28,0.99335666949683843,0.01216626636535667,508,504
fixed_train,3,3,8,"ac370442, ac370443",29,0.99335666949683843,0.035302561788936981,508,506
fixed_train,3,3,9,"ac370000, ac370419, ac370442",0,0.99335666949683843,0.037688585685777709,509,509
fixed_train,3,3,9,"ac370000, ac370419, ac370442",1,0.99335666949683843,0.042051562278651478,509,508
fixed_train,3,3,9,"ac370000, ac370419, ac370442",2,0.99335666949683843,0.042051562278651478,509,509
fixed_train,3,3,9,"ac370000, ac370419, ac370442",3,0.99335666949683843,0.03652812504150571,509,509
fixed_train,3,3,9,"ac370000, ac370419, ac370442",4,0.99335666949683843,0.041986187978979683,509,509
fixed_train,3,3,9,"ac370000, ac370419, ac370442",5,0.99335666949683843,0.036488545928757166,509,509
fixed_train,3,3,9,"ac370000, ac370419, ac370442",6,0.99335666949683843,0.045359672603918821,509,509
fixed_train,3,3,9,"ac370000, ac370419, ac370442",7,0.99335666949683843,0.041001711879868341,509,509
fixed_train,3,3,9,"ac370000, ac370419, ac370442",8,0.99335666949683843,0.04640705329553807,509,509
fixed_train,3,3,9,"ac370000, ac370419, ac370442",9,0.99335666949683843,0.040912328126902708,509,509
fixed_train,3,3,9,"ac370000, ac370419, ac370442",10,0.99335666949683843,0.042051562278651478,509,509
fixed_train,3,3,9,"ac370000, ac370419, ac370442",11,0.99335666949683843,0.044241625249050842,509,509
fixed_train,3,3,9,"ac370000, ac370419, ac370442",12,0.99335666949683843,0.04864164181720898,509,509
fixed_train,3,3,9,"ac370000, ac370419, ac370442",13,0.99335666949683843,0.044218844031579385,509,509
fixed_train,3,3,9,"ac370000, ac370419, ac370442",14,0.99335666949683843,0.04324252928190897,509,509
fixed_train,3,3,9,"ac370000, ac370419, ac370442",15,0.99335666949683843,0.039882323453111268,509,509
fixed_train,3,3,9,"ac370000, ac370419, ac370442",16,0.99335666949683843,0.040955966635830565,509,509
fixed_train,3,3,9,"ac370000, ac370419, ac370442",17,0.99335666949683843,0.04324252928190897,509,509
fixed_train,3,3,9,"ac370000, ac370419, ac370442",18,0.99335666949683843,0.044338373114118479,509,509
fixed_train,3,3,9,"ac370000, ac370419, ac370442",19,0.99335666949683843,0.045359672603918821,509,509
fixed_train,3,3,9,"ac370000, ac370419, ac370442",20,0.99335666949683843,0.040978574839961146,509,509
fixed_train,3,3,9,"ac370000, ac370419, ac370442",21,0.99335666949683843,0.042097830784362134,509,509
fixed_train,3,3,9,"ac370000, ac370419, ac370442",22,0.99335666949683843,0.03979604624594979,509,508
fixed_train,3,3,9,"ac370000, ac370419, ac370442",23,0.99335666949683843,0.04538380823015542,509,509
fixed_train,3,3,9,"ac370000, ac370419, ac370442",24,0.99335666949683843,0.04640705329553807,509,509
fixed_train,3,3,9,"ac370000, ac370419, ac370442",25,0.99335666949683843,0.045359672603918821,509,509
fixed_train,3,3,9,"ac370000, ac370419, ac370442",26,0.99335666949683843,0.03979604624594979,509,509
fixed_train,3,3,9,"ac370000, ac370419, ac370442",27,0.99335666949683843,0.043146778854681211,509,509
fixed_train,3,3,9,"ac370000, ac370419, ac370442",28,0.99335666949683843,0.043217760362800006,509,509
fixed_train,3,3,9,"ac370000, ac370419, ac370442",29,0.99335666949683843,0.055275838495653318,509,509
faithful_train,3,3,0,"370407, ac370000",0,0.99335666949683843,0.041001711879868341,541,537
faithful_train,3,3,0,"370407, ac370000",1,0.99335666949683843,0.056577506097347796,541,540
faithful_train,3,3,0,"370407, ac370000",2,0.99335666949683843,0.068000908188203812,541,530
faithful_train,3,3,0,"370407, ac370000",3,0.99335666949683843,0.0702290944177969,541,519
faithful_train,3,3,0,"370407, ac370000",4,0.99335666949683843,0.081266123798522605,541,505
faithful_train,3,3,0,"370407, ac370000",5,0.99335666949683843,0.084684947461485915,541,503
faithful_train,3,3,0,"370407, ac370000",6,0.99335666949683843,0.07780831055114934,541,500
faithful_train,3,3,0,"370407, ac370000",7,0.99335666949683843,0.074734884196458795,541,499
faithful_train,3,3,0,"370407, ac370000",8,0.99335666949683843,0.096727459405173133,541,494
faithful_train,3,3,0,"370407, ac370000",9,0.99335666949683843,0.081266123798522605,541,493
faithful_train,3,3,1,"ac370000, ac370419",0,0.99335666949683843,0.081266123798522605,526,526
faithful_train,3,3,1,"ac370000, ac370419",1,0.99335666949683843,0.077855377549615912,526,521
faithful_train,3,3,1,"ac370000, ac370419",2,0.99335666949683843,0.079141839336168696,526,514
faithful_train,3,3,1,"ac370000, ac370419",3,0.99335666949683843,0.078002390537243227,526,504
faithful_train,3,3,1,"ac370000, ac370419",4,0.99335666949683843,0.088170768841125735,526,503
faithful_train,3,3,1,"ac370000, ac370419",5,0.99335666949683843,0.072410134266355008,526,493
faithful_train,3,3,1,"ac370000, ac370419",6,0.99335666949683843,0.075926597868988144,526,484
faithful_train,3,3,1,"ac370000, ac370419",7,0.99335666949683843,0.081478008887411302,526,490
faithful_train,3,3,1,"ac370000, ac370419",8,0.99335666949683843,0.083491679603628577,526,494
faithful_train,3,3,1,"ac370000, ac370419",9,0.99335666949683843,0.080282207251546667,526,489
faithful_train,3,3,2,"ac370000, ac370443",0,0.99335666949683843,0.074785248933696868,514,513
faithful_train,3,3,2,"ac370000, ac370443",1,0.99335666949683843,0.071273801715527774,514,507
faithful_train,3,3,2,"ac370000, ac370443",2,0.99335666949683843,0.079040567993416744,514,500
faithful_train,3,3,2,"ac370000, ac370443",3,0.99335666949683843,0.068139587942203761,514,485
faithful_train,3,3,2,"ac370000, ac370443",4,0.99335666949683843,0.077122597314780994,514,477
faithful_train,3,3,2,"ac370000, ac370443",5,0.99335666949683843,0.07037191386594599,514,481
faithful_train,3,3,2,"ac370000, ac370443",6,0.99335666949683843,0.072505344067702038,514,466
faithful_train,3,3,2,"ac370000, ac370443",7,0.99335666949683843,0.074785248933696868,514,479
faithful_train,3,3,2,"ac370000, ac370443",8,0.99335666949683843,0.080282207251546667,514,483
faithful_train,3,3,2,"ac370000, ac370443",9,0.99335666949683843,0.069137907539404631,514,473
faithful_train,3,3,3,"ac370000, ac370419, ac370443",0,0.99335666949683843,0.074734884196458795,513,509
faithful_train,3,3,3,"ac370000, ac370419, ac370443",1,0.99335666949683843,0.065772721958610836,513,492
faithful_train,3,3,3,"ac370000, ac370419, ac370443",2,0.99335666949683843,0.065907262018461532,513,481
faithful_train,3,3,3,"ac370000, ac370419, ac370443",3,0.99335666949683843,0.069184380840122683,513,477
faithful_train,3,3,3,"ac370000, ac370419, ac370443",4,0.99335666949683843,0.07037191386594599,513,477
faithful_train,3,3,3,"ac370000, ac370419, ac370443",5,0.99335666949683843,0.070323408964553913,513,474
faithful_train,3,3,3,"ac370000, ac370419, ac370443",6,0.99335666949683843,0.071414607644336936,513,478
faithful_train,3,3,3,"ac370000, ac370419, ac370443",7,0.99335666949683843,0.067046947084394737,513,474
faithful_train,3,3,3,"ac370000, ac370419, ac370443",8,0.99335666949683843,0.073746063228718128,513,470
faithful_train,3,3,3,"ac370000, ac370419, ac370443",9,0.99335666949683843,0.0736448344485513,513,478
faithful_train,3,3,4,"ac370419, ac370443",0,0.99335666949683843,0.07587506125276533,513,444
faithful_train,3,3,4,"ac370419, ac370443",1,0.99335666949683843,0.072554328949125391,513,477
faithful_train,3,3,4,"ac370419, ac370443",2,0.99335666949683843,0.074685466876982853,513,473
faithful_train,3,3,4,"ac370419, ac370443",3,0.99335666949683843,0.074785248933696868,513,462
faithful_train,3,3,4,"ac370419, ac370443",4,0.99335666949683843,0.075926597868988144,513,467
faithful_train,3,3,4,"ac370419, ac370443",5,0.99335666949683843,0.07027580393894528,513,469
faithful_train,3,3,4,"ac370419, ac370443",6,0.99335666949683843,0.076964424325215552,513,470
faithful_train,3,3,4,"ac370419, ac370443",7,0.99335666949683843,0.074734884196458795,513,477
faithful_train,3,3,4,"ac370419, ac370443",8,0.99335666949683843,0.074836565713430558,513,479
faithful_train,3,3,4,"ac370419, ac370443",9,0.99335666949683843,0.079247088902839824,513,475
faithful_train,3,3,5,"ac370000, ac370442",0,0.99335666949683843,0.068046263810188634,511,509
faithful_train,3,3,5,"ac370000, ac370442",1,0.99335666949683843,0.062409757714010805,511,503
faithful_train,3,3,5,"ac370000, ac370442",2,0.99335666949683843,0.069184380840122683,511,500
faithful_train,3,3,5,"ac370000, ac370442",3,0.99335666949683843,0.073595627424261623,511,493
faithful_train,3,3,5,"ac370000, ac370442",4,0.99335666949683843,0.077068891637172898,511,487
faithful_train,3,3,5,"ac370000, ac370442",5,0.99335666949683843,0.065772721958610836,511,480
faithful_train,3,3,5,"ac370000, ac370442",6,0.99335666949683843,0.065772721958610836,511,476
faithful_train,3,3,5,"ac370000, ac370442",7,0.99335666949683843,0.065816723681431877,511,475
faithful_train,3,3,5,"ac370000, ac370442",8,0.99335666949683843,0.066954154035908431,511,473
faithful_train,3,3,5,"ac370000, ac370442",9,0.99335666949683843,0.067912788967887106,511,472
faithful_train,3,3,6,"370407, ac370000, ac370419",0,0.99335666949683843,0.068046263810188634,513,513
faithful_train,3,3,6,"370407, ac370000, ac370419",1,0.99335666949683843,0.071366767481833127,513,503
faithful_train,3,3,6,"370407, ac370000, ac370419",2,0.99335666949683843,0.073408077125785454,513,493
faithful_train,3,3,6,"370407, ac370000, ac370419",3,0.99335666949683843,0.076964424325215552,513,478
faithful_train,3,3,6,"370407, ac370000, ac370419",4,0.99335666949683843,0.069137907539404631,513,466
faithful_train,3,3,6,"370407, ac370000, ac370419",5,0.99335666949683843,0.069184380840122683,513,466
faithful_train,3,3,6,"370407, ac370000, ac370419",6,0.99335666949683843,0.069231738811786792,513,478
faithful_train,3,3,6,"370407, ac370000, ac370419",7,0.99335666949683843,0.07118442691387028,513,479
faithful_train,3,3,6,"370407, ac370000, ac370419",8,0.99335666949683843,0.067707424523401505,513,487
faithful_train,3,3,6,"370407, ac370000, ac370419",9,0.99335666949683843,0.066778839081294006,513,481
faithful_train,3,3,7,"370407, ac370419",0,0.99335666949683843,0.062368986604820265,513,459
faithful_train,3,3,7,"370407, ac370419",1,0.99335666949683843,0.066909047596976245,513,482
faithful_train,3,3,7,"370407, ac370419",2,0.99335666949683843,0.078053347309118282,513,478
faithful_train,3,3,7,"370407, ac370419",3,0.99335666949683843,0.067956417941311908,513,473
faithful_train,3,3,7,"370407, ac370419",4,0.99335666949683843,0.067956417941311908,513,474
faithful_train,3,3,7,"370407, ac370419",5,0.99335666949683843,0.080389837240455675,513,467
faithful_train,3,3,7,"370407, ac370419",6,0.99335666949683843,0.066864795663505783,513,473
faithful_train,3,3,7,"370407, ac370419",7,0.99335666949683843,0.068046263810188634,513,476
faithful_train,3,3,7,"370407, ac370419",8,0.99335666949683843,0.068000908188203812,513,473
faithful_train,3,3,7,"370407, ac370419",9,0.99335666949683843,0.065729559778790136,513,473
faithful_train,3,3,8,"ac370442, ac370443",0,0.99335666949683843,0.070138344772993078,508,507
faithful_train,3,3,8,"ac370442, ac370443",1,0.99335666949683843,0.065772721958610836,508,467
faithful_train,3,3,8,"ac370442, ac370443",2,0.99335666949683843,0.072274154265566937,508,473
faithful_train,3,3,8,"ac370442, ac370443",3,0.99335666949683843,0.067912788967887106,508,476
faithful_train,3,3,8,"ac370442, ac370443",4,0.99335666949683843,0.072274154265566937,508,465
faithful_train,3,3,8,"ac370442, ac370443",5,0.99335666949683843,0.064513476278124759,508,459
faithful_train,3,3,8,"ac370442, ac370443",6,0.99335666949683843,0.059010565747463328,508,462
faithful_train,3,3,8,"ac370442, ac370443",7,0.99335666949683843,0.072274154265566937,508,456
faithful_train,3,3,8,"ac370442, ac370443",8,0.99335666949683843,0.071319833613000871,508,448
faithful_train,3,3,8,"ac370442, ac370443",9,0.99335666949683843,0.069184380840122683,508,459
faithful_train,3,3,9,"ac370000, ac370419, ac370442",0,0.99335666949683843,0.076815012188310883,509,508
faithful_train,3,3,9,"ac370000, ac370419, ac370442",1,0.99335666949683843,0.07114107573107209,509,507
faithful_train,3,3,9,"ac370000, ac370419, ac370442",2,0.99335666949683843,0.074785248933696868,509,500
faithful_train,3,3,9,"ac370000, ac370419, ac370442",3,0.99335666949683843,0.063461677357675272,509,487
faithful_train,3,3,9,"ac370000, ac370419, ac370442",4,0.99335666949683843,0.065605071045674479,509,482
faithful_train,3,3,9,"ac370000, ac370419, ac370442",5,0.99335666949683843,0.077855377549615912,509,484
faithful_train,3,3,9,"ac370000, ac370419, ac370442",6,0.99335666949683843,0.063305604028003115,509,479
faithful_train,3,3,9,"ac370000, ac370419, ac370442",7,0.99335666949683843,0.067828098785638669,509,477
faithful_train,3,3,9,"ac370000, ac370419, ac370442",8,0.99335666949683843,0.0702290944177969,509,475
faithful_train,3,3,9,"ac370000, ac370419, ac370442",9,0.99335666949683843,0.075631727337700738,509,477
fixed_test,3,4,0,"370407, ac370000",0,0.87561846380739261,-0.017530999272813097,131,130
fixed_test,3,4,0,"370407, ac370000",1,0.87561846380739261,-0.00069877646297555884,131,131
fixed_test,3,4,0,"370407, ac370000",2,0.87561846380739261,-0.0088843954423292182,131,131
fixed_test,3,4,0,"370407, ac370000",3,0.87561846380739261,0.0045829246752583375,131,129
fixed_test,3,4,0,"370407, ac370000",4,0.87561846380739261,-0.00048773088287290545,131,130
fixed_test,3,4,0,"370407, ac370000",5,0.87561846380739261,-0.021605880643853936,131,130
fixed_test,3,4,0,"370407, ac370000",6,0.87561846380739261,-0.026653186326987321,131,130
fixed_test,3,4,0,"370407, ac370000",7,0.87561846380739261,-0.017987297081033526,131,131
fixed_test,3,4,0,"370407, ac370000",8,0.87561846380739261,0.0040547689497917316,131,129
fixed_test,3,4,0,"370407, ac370000",9,0.87561846380739261,-0.0091211104884023619,131,130
fixed_test,3,4,0,"370407, ac370000",10,0.87561846380739261,-0.017768790884658214,131,131
fixed_test,3,4,0,"370407, ac370000",11,0.87561846380739261,-0.0091211104884023619,131,131
fixed_test,3,4,0,"370407, ac370000",12,0.87561846380739261,-0.01366058348364263,131,131
fixed_test,3,4,0,"370407, ac370000",13,0.87561846380739261,-0.013442887655699121,131,129
fixed_test,3,4,0,"370407, ac370000",14,0.87561846380739261,-0.022317979538651667,131,131
fixed_test,3,4,0,"370407, ac370000",15,0.87561846380739261,-0.01366058348364263,131,130
fixed_test,3,4,0,"370407, ac370000",16,0.87561846380739261,-0.00048773088287290545,131,130
fixed_test,3,4,0,"370407, ac370000",17,0.87561846380739261,-0.0091211104884023619,131,130
fixed_test,3,4,0,"370407, ac370000",18,0.87561846380739261,-0.017530999272813097,131,130
fixed_test,3,4,0,"370407, ac370000",19,0.87561846380739261,-0.0048029072669253381,131,131
fixed_test,3,4,0,"370407, ac370000",20,0.87561846380739261,-0.0043111760742495786,131,130
fixed_test,3,4,0,"370407, ac370000",21,0.87561846380739261,-0.0048029072669253381,131,131
fixed_test,3,4,0,"370407, ac370000",22,0.87561846380739261,-0.022518259700359811,131,131
fixed_test,3,4,0,"370407, ac370000",23,0.87561846380739261,-0.0091211104884023619,131,131
fixed_test,3,4,0,"370407, ac370000",24,0.87561846380739261,0.0081357063748555003,131,131
fixed_test,3,4,0,"370407, ac370000",25,0.87561846380739261,-0.01366058348364263,131,129
fixed_test,3,4,0,"370407, ac370000",26,0.87561846380739261,-0.0048029072669253381,131,130
fixed_test,3,4,0,"370407, ac370000",27,0.87561846380739261,-0.013205276823757606,131,130
fixed_test,3,4,0,"370407, ac370000",28,0.87561846380739261,-0.0048029072669253381,131,130
fixed_test,3,4,0,"370407, ac370000",29,0.87561846380739261,-0.01818684592712061,131,131
fixed_test,3,4,1,"ac370000, ac370419",0,0.87561846380739261,-0.0040326655494969943,125,125
fixed_test,3,4,1,"ac370000, ac370419",1,0.87561846380739261,-0.0043111760742495786,125,125
fixed_test,3,4,1,"ac370000, ac370419",2,0.87561846380739261,-0.0045677957727465746,125,123
fixed_test,3,4,1,"ac370000, ac370419",3,0.87561846380739261,-0.017530999272813097,125,125
fixed_test,3,4,1,"ac370000, ac370419",4,0.87561846380739261,-0.013205276823757606,125,125
fixed_test,3,4,1,"ac370000, ac370419",5,0.87561846380739261,-0.012947396708245962,125,125
fixed_test,3,4,1,"ac370000, ac370419",6,0.87561846380739261,-0.013205276823757606,125,123
fixed_test,3,4,1,"ac370000, ac370419",7,0.87561846380739261,-0.012947396708245962,125,125
fixed_test,3,4,1,"ac370000, ac370419",8,0.87561846380739261,-0.013205276823757606,125,124
fixed_test,3,4,1,"ac370000, ac370419",9,0.87561846380739261,-0.017768790884658214,125,125
fixed_test,3,4,1,"ac370000, ac370419",10,0.87561846380739261,-0.00025492389577130847,125,124
fixed_test,3,4,1,"ac370000, ac370419",11,0.87561846380739261,0,125,125
fixed_test,3,4,1,"ac370000, ac370419",12,0.87561846380739261,0,125,125
fixed_test,3,4,1,"ac370000, ac370419",13,0.87561846380739261,-0.0048029072669253381,125,125
fixed_test,3,4,1,"ac370000, ac370419",14,0.87561846380739261,-0.022099377573265633,125,125
fixed_test,3,4,1,"ac370000, ac370419",15,0.87561846380739261,-0.021605880643853936,125,125
fixed_test,3,4,1,"ac370000, ac370419",16,0.87561846380739261,-0.0088843954423292182,125,124
fixed_test,3,4,1,"ac370000, ac370419",17,0.87561846380739261,-0.017768790884658214,125,125
fixed_test,3,4,1,"ac370000, ac370419",18,0.87561846380739261,-0.017768790884658214,125,125
fixed_test,3,4,1,"ac370000, ac370419",19,0.87561846380739261,-0.0045677957727465746,125,125
fixed_test,3,4,1,"ac370000, ac370419",20,0.87561846380739261,-0.021862127866994707,125,125
fixed_test,3,4,1,"ac370000, ac370419",21,0.87561846380739261,-0.00025492389577130847,125,125
fixed_test,3,4,1,"ac370000, ac370419",22,0.87561846380739261,-0.017273569834537206,125,125
fixed_test,3,4,1,"ac370000, ac370419",23,0.87561846380739261,0,125,124
fixed_test,3,4,1,"ac370000, ac370419",24,0.87561846380739261,-0.017530999272813097,125,125
fixed_test,3,4,1,"ac370000, ac370419",25,0.87561846380739261,-0.0091211104884023619,125,124
fixed_test,3,4,1,"ac370000, ac370419",26,0.87561846380739261,-0.012947396708245962,125,124
fixed_test,3,4,1,"ac370000, ac370419",27,0.87561846380739261,-0.022099377573265633,125,125
fixed_test,3,4,1,"ac370000, ac370419",28,0.87561846380739261,-0.017273569834537206,125,125
fixed_test,3,4,1,"ac370000, ac370419",29,0.87561846380739261,-0.013442887655699121,125,124
fixed_test,3,4,2,"ac370000, ac370443",0,0.87561846380739261,-0.013205276823757606,121,120
fixed_test,3,4,2,"ac370000, ac370443",1,0.87561846380739261,-0.017768790884658214,121,120
fixed_test,3,4,2,"ac370000, ac370443",2,0.87561846380739261,-0.013205276823757606,121,120
fixed_test,3,4,2,"ac370000, ac370443",3,0.87561846380739261,-0.0091211104884023619,121,121
fixed_test,3,4,2,"ac370000, ac370443",4,0.87561846380739261,-0.017987297081033526,121,121
fixed_test,3,4,2,"ac370000, ac370443",5,0.87561846380739261,-0.0088843954423292182,121,121
fixed_test,3,4,2,"ac370000, ac370443",6,0.87561846380739261,-0.013205276823757606,121,120
fixed_test,3,4,2,"ac370000, ac370443",7,0.87561846380739261,-0.022317979538651667,121,121
fixed_test,3,4,2,"ac370000, ac370443",8,0.87561846380739261,-0.0088843954423292182,121,121
fixed_test,3,4,2,"ac370000, ac370443",9,0.87561846380739261,-0.022099377573265633,121,120
fixed_test,3,4,2,"ac370000, ac370443",10,0.87561846380739261,-0.0088843954423292182,121,120
fixed_test,3,4,2,"ac370000, ac370443",11,0.87561846380739261,-0.0088843954423292182,121,121
fixed_test,3,4,2,"ac370000, ac370443",12,0.87561846380739261,-0.022099377573265633,121,119
fixed_test,3,4,2,"ac370000, ac370443",13,0.87561846380739261,-0.017987297081033526,121,120
fixed_test,3,4,2,"ac370000, ac370443",14,0.87561846380739261,-0.017530999272813097,121,121
fixed_test,3,4,2,"ac370000, ac370443",15,0.87561846380739261,-0.022099377573265633,121,121
fixed_test,3,4,2,"ac370000, ac370443",16,0.87561846380739261,-0.026199233697709823,121,120
fixed_test,3,4,2,"ac370000, ac370443",17,0.87561846380739261,-0.017768790884658214,121,121
fixed_test,3,4,2,"ac370000, ac370443",18,0.87561846380739261,-0.0048029072669253381,121,120
fixed_test,3,4,2,"ac370000, ac370443",19,0.87561846380739261,-0.013442887655699121,121,120
fixed_test,3,4,2,"ac370000, ac370443",20,0.87561846380739261,-0.013205276823757606,121,121
fixed_test,3,4,2,"ac370000, ac370443",21,0.87561846380739261,-0.013442887655699121,121,121
fixed_test,3,4,2,"ac370000, ac370443",22,0.87561846380739261,-0.021862127866994707,121,119
fixed_test,3,4,2,"ac370000, ac370443",23,0.87561846380739261,-0.0048029072669253381,121,121
fixed_test,3,4,2,"ac370000, ac370443",24,0.87561846380739261,-0.0088843954423292182,121,121
fixed_test,3,4,2,"ac370000, ac370443",25,0.87561846380739261,-0.012947396708245962,121,121
fixed_test,3,4,2,"ac370000, ac370443",26,0.87561846380739261,-0.0086267878628303318,121,120
fixed_test,3,4,2,"ac370000, ac370443",27,0.87561846380739261,-0.017768790884658214,121,121
fixed_test,3,4,2,"ac370000, ac370443",28,0.87561846380739261,-0.012947396708245962,121,121
fixed_test,3,4,2,"ac370000, ac370443",29,0.87561846380739261,-0.017987297081033526,121,119
fixed_test,3,4,3,"ac370000, ac370419, ac370443",0,0.87561846380739261,-0.026435210682795973,121,121
fixed_test,3,4,3,"ac370000, ac370419, ac370443",1,0.87561846380739261,-0.013442887655699121,121,121
fixed_test,3,4,3,"ac370000, ac370419, ac370443",2,0.87561846380739261,-0.022317979538651667,121,121
fixed_test,3,4,3,"ac370000, ac370419, ac370443",3,0.87561846380739261,-0.021862127866994707,121,121
fixed_test,3,4,3,"ac370000, ac370419, ac370443",4,0.87561846380739261,-0.022317979538651667,121,121
fixed_test,3,4,3,"ac370000, ac370419, ac370443",5,0.87561846380739261,-0.0088843954423292182,121,121
fixed_test,3,4,3,"ac370000, ac370419, ac370443",6,0.87561846380739261,-0.0091211104884023619,121,121
fixed_test,3,4,3,"ac370000, ac370419, ac370443",7,0.87561846380739261,-0.0045677957727465746,121,121
fixed_test,3,4,3,"ac370000, ac370419, ac370443",8,0.87561846380739261,-0.012947396708245962,121,121
fixed_test,3,4,3,"ac370000, ac370419, ac370443",9,0.87561846380739261,-0.022099377573265633,121,120
fixed_test,3,4,3,"ac370000, ac370419, ac370443",10,0.87561846380739261,-0.0088843954423292182,121,121
fixed_test,3,4,3,"ac370000, ac370419, ac370443",11,0.87561846380739261,-0.013442887655699121,121,121
fixed_test,3,4,3,"ac370000, ac370419, ac370443",12,0.87561846380739261,-0.017768790884658214,121,121
fixed_test,3,4,3,"ac370000, ac370419, ac370443",13,0.87561846380739261,-0.0045677957727465746,121,121
fixed_test,3,4,3,"ac370000, ac370419, ac370443",14,0.87561846380739261,-0.0045677957727465746,121,121
fixed_test,3,4,3,"ac370000, ac370419, ac370443",15,0.87561846380739261,-0.017530999272813097,121,120
fixed_test,3,4,3,"ac370000, ac370419, ac370443",16,0.87561846380739261,-0.0043111760742495786,121,121
fixed_test,3,4,3,"ac370000, ac370419, ac370443",17,0.87561846380739261,-0.0045677957727465746,121,121
fixed_test,3,4,3,"ac370000, ac370419, ac370443",18,0.87561846380739261,-0.013205276823757606,121,121
fixed_test,3,4,3,"ac370000, ac370419, ac370443",19,0.87561846380739261,-0.021862127866994707,121,121
fixed_test,3,4,3,"ac370000, ac370419, ac370443",20,0.87561846380739261,-0.0088843954423292182,121,120
fixed_test,3,4,3,"ac370000, ac370419, ac370443",21,0.87561846380739261,-0.00025492389577130847,121,121
fixed_test,3,4,3,"ac370000, ac370419, ac370443",22,0.87561846380739261,-0.013442887655699121,121,121
fixed_test,3,4,3,"ac370000, ac370419, ac370443",23,0.87561846380739261,-0.017768790884658214,121,121
fixed_test,3,4,3,"ac370000, ac370419, ac370443",24,0.87561846380739261,-0.017768790884658214,121,121
fixed_test,3,4,3,"ac370000, ac370419, ac370443",25,0.87561846380739261,-0.017530999272813097,121,121
fixed_test,3,4,3,"ac370000, ac370419, ac370443",26,0.87561846380739261,-0.0091211104884023619,121,121
fixed_test,3,4,3,"ac370000, ac370419, ac370443",27,0.87561846380739261,-0.0048029072669253381,121,121
fixed_test,3,4,3,"ac370000, ac370419, ac370443",28,0.87561846380739261,-0.013442887655699121,121,121
fixed_test,3,4,3,"ac370000, ac370419, ac370443",29,0.87561846380739261,-0.017768790884658214,121,121
fixed_test,3,4,4,"ac370419, ac370443",0,0.87561846380739261,-0.0088843954423292182,121,121
fixed_test,3,4,4,"ac370419, ac370443",1,0.87561846380739261,-0.0088843954423292182,121,119
fixed_test,3,4,4,"ac370419, ac370443",2,0.87561846380739261,-0.0045677957727465746,121,119
fixed_test,3,4,4,"ac370419, ac370443",3,0.87561846380739261,-0.0091211104884023619,121,121
fixed_test,3,4,4,"ac370419, ac370443",4,0.87561846380739261,0,121,121
fixed_test,3,4,4,"ac370419, ac370443",5,0.87561846380739261,0,121,121
fixed_test,3,4,4,"ac370419, ac370443",6,0.87561846380739261,-0.0045677957727465746,121,121
fixed_test,3,4,4,"ac370419, ac370443",7,0.87561846380739261,-0.0086267878628303318,121,121
fixed_test,3,4,4,"ac370419, ac370443",8,0.87561846380739261,0,121,121
fixed_test,3,4,4,"ac370419, ac370443",9,0.87561846380739261,-0.00025492389577130847,121,120
fixed_test,3,4,4,"ac370419, ac370443",10,0.87561846380739261,-0.0043111760742495786,121,121
fixed_test,3,4,4,"ac370419, ac370443",11,0.87561846380739261,-0.0043111760742495786,121,121
fixed_test,3,4,4,"ac370419, ac370443",12,0.87561846380739261,-0.013205276823757606,121,121
fixed_test,3,4,4,"ac370419, ac370443",13,0.87561846380739261,-0.0043111760742495786,121,121
fixed_test,3,4,4,"ac370419, ac370443",14,0.87561846380739261,0.0043072961102061935,121,121
fixed_test,3,4,4,"ac370419, ac370443",15,0.87561846380739261,0.0043072961102061935,121,121
fixed_test,3,4,4,"ac370419, ac370443",16,0.87561846380739261,0,121,121
fixed_test,3,4,4,"ac370419, ac370443",17,0.87561846380739261,-0.017530999272813097,121,121
fixed_test,3,4,4,"ac370419, ac370443",18,0.87561846380739261,-0.0088843954423292182,121,120
fixed_test,3,4,4,"ac370419, ac370443",19,0.87561846380739261,-0.0045677957727465746,121,120
fixed_test,3,4,4,"ac370419, ac370443",20,0.87561846380739261,0,121,121
fixed_test,3,4,4,"ac370419, ac370443",21,0.87561846380739261,-0.013205276823757606,121,121
fixed_test,3,4,4,"ac370419, ac370443",22,0.87561846380739261,-0.0088843954423292182,121,121
fixed_test,3,4,4,"ac370419, ac370443",23,0.87561846380739261,-0.0088843954423292182,121,120
fixed_test,3,4,4,"ac370419, ac370443",24,0.87561846380739261,-0.0043111760742495786,121,120
fixed_test,3,4,4,"ac370419, ac370443",25,0.87561846380739261,-0.0091211104884023619,121,121
fixed_test,3,4,4,"ac370419, ac370443",26,0.87561846380739261,0,121,121
fixed_test,3,4,4,"ac370419, ac370443",27,0.87561846380739261,-0.013205276823757606,121,120
fixed_test,3,4,4,"ac370419, ac370443",28,0.87561846380739261,0.0040547689497917316,121,120
fixed_test,3,4,4,"ac370419, ac370443",29,0.87561846380739261,0,121,121
fixed_test,3,4,5,"ac370000, ac370442",0,0.87561846380739261,-0.0086267878628303318,122,121
fixed_test,3,4,5,"ac370000, ac370442",1,0.87561846380739261,-0.013442887655699121,122,121
fixed_test,3,4,5,"ac370000, ac370442",2,0.87561846380739261,-0.013205276823757606,122,120
fixed_test,3,4,5,"ac370000, ac370442",3,0.87561846380739261,0.00027742354715254436,122,120
fixed_test,3,4,5,"ac370000, ac370442",4,0.87561846380739261,-0.0043111760742495786,122,122
fixed_test,3,4,5,"ac370000, ac370442",5,0.87561846380739261,-0.0088843954423292182,122,121
fixed_test,3,4,5,"ac370000, ac370442",6,0.87561846380739261,0.0045829246752583375,122,121
fixed_test,3,4,5,"ac370000, ac370442",7,0.87561846380739261,-0.013205276823757606,122,121
fixed_test,3,4,5,"ac370000, ac370442",8,0.87561846380739261,-0.0040326655494969943,122,121
fixed_test,3,4,5,"ac370000, ac370442",9,0.87561846380739261,-0.0043111760742495786,122,122
fixed_test,3,4,5,"ac370000, ac370442",10,0.87561846380739261,-0.0045677957727465746,122,122
fixed_test,3,4,5,"ac370000, ac370442",11,0.87561846380739261,-0.012668867117875404,122,121
fixed_test,3,4,5,"ac370000, ac370442",12,0.87561846380739261,0,122,122
fixed_test,3,4,5,"ac370000, ac370442",13,0.87561846380739261,0,122,122
fixed_test,3,4,5,"ac370000, ac370442",14,0.87561846380739261,-0.013442887655699121,122,120
fixed_test,3,4,5,"ac370000, ac370442",15,0.87561846380739261,-0.0086267878628303318,122,122
fixed_test,3,4,5,"ac370000, ac370442",16,0.87561846380739261,-0.012947396708245962,122,122
fixed_test,3,4,5,"ac370000, ac370442",17,0.87561846380739261,-0.0045677957727465746,122,122
fixed_test,3,4,5,"ac370000, ac370442",18,0.87561846380739261,-0.0043111760742495786,122,122
fixed_test,3,4,5,"ac370000, ac370442",19,0.87561846380739261,0.00027742354715254436,122,121
fixed_test,3,4,5,"ac370000, ac370442",20,0.87561846380739261,-0.012947396708245962,122,122
fixed_test,3,4,5,"ac370000, ac370442",21,0.87561846380739261,0.00027742354715254436,122,122
fixed_test,3,4,5,"ac370000, ac370442",22,0.87561846380739261,0.00027742354715254436,122,122
fixed_test,3,4,5,"ac370000, ac370442",23,0.87561846380739261,-0.0040326655494969943,122,122
fixed_test,3,4,5,"ac370000, ac370442",24,0.87561846380739261,-0.013205276823757606,122,122
fixed_test,3,4,5,"ac370000, ac370442",25,0.87561846380739261,0.0088843954423288851,122,121
fixed_test,3,4,5,"ac370000, ac370442",26,0.87561846380739261,-0.0086267878628303318,122,122
fixed_test,3,4,5,"ac370000, ac370442",27,0.87561846380739261,-0.0040326655494969943,122,122
fixed_test,3,4,5,"ac370000, ac370442",28,0.87561846380739261,-0.0083479059713648107,122,122
fixed_test,3,4,5,"ac370000, ac370442",29,0.87561846380739261,-0.012947396708245962,122,122
fixed_test,3,4,6,"370407, ac370000, ac370419",0,0.87561846380739261,-0.0043111760742495786,121,121
fixed_test,3,4,6,"370407, ac370000, ac370419",1,0.87561846380739261,-0.0045677957727465746,121,121
fixed_test,3,4,6,"370407, ac370000, ac370419",2,0.87561846380739261,-0.009337288404996813,121,121
fixed_test,3,4,6,"370407, ac370000, ac370419",3,0.87561846380739261,-0.0088843954423292182,121,121
fixed_test,3,4,6,"370407, ac370000, ac370419",4,0.87561846380739261,-0.0048029072669253381,121,121
fixed_test,3,4,6,"370407, ac370000, ac370419",5,0.87561846380739261,-0.0045677957727465746,121,121
fixed_test,3,4,6,"370407, ac370000, ac370419",6,0.87561846380739261,-0.026653186326987321,121,121
fixed_test,3,4,6,"370407, ac370000, ac370419",7,0.87561846380739261,0,121,121
fixed_test,3,4,6,"370407, ac370000, ac370419",8,0.87561846380739261,0.0038249610332656836,121,121
fixed_test,3,4,6,"370407, ac370000, ac370419",9,0.87561846380739261,-0.00025492389577130847,121,121
fixed_test,3,4,6,"370407, ac370000, ac370419",10,0.87561846380739261,-0.013442887655699121,121,121
fixed_test,3,4,6,"370407, ac370000, ac370419",11,0.87561846380739261,0.0083618266392510021,121,121
fixed_test,3,4,6,"370407, ac370000, ac370419",12,0.87561846380739261,-0.0091211104884023619,121,121
fixed_test,3,4,6,"370407, ac370000, ac370419",13,0.87561846380739261,-0.0091211104884023619,121,121
fixed_test,3,4,6,"370407, ac370000, ac370419",14,0.87561846380739261,0.012666788428153497,121,121
fixed_test,3,4,6,"370407, ac370000, ac370419",15,0.87561846380739261,-0.0048029072669253381,121,121
fixed_test,3,4,6,"370407, ac370000, ac370419",16,0.87561846380739261,-0.0045677957727465746,121,121
fixed_test,3,4,6,"370407, ac370000, ac370419",17,0.87561846380739261,-0.0091211104884023619,121,121
fixed_test,3,4,6,"370407, ac370000, ac370419",18,0.87561846380739261,-0.00025492389577130847,121,121
fixed_test,3,4,6,"370407, ac370000, ac370419",19,0.87561846380739261,-0.013858693756509943,121,121
fixed_test,3,4,6,"370407, ac370000, ac370419",20,0.87561846380739261,-0.01366058348364263,121,121
fixed_test,3,4,6,"370407, ac370000, ac370419",21,0.87561846380739261,-0.0091211104884023619,121,121
fixed_test,3,4,6,"370407, ac370000, ac370419",22,0.87561846380739261,-0.0043111760742495786,121,121
fixed_test,3,4,6,"370407, ac370000, ac370419",23,0.87561846380739261,-0.0048029072669253381,121,121
fixed_test,3,4,6,"370407, ac370000, ac370419",24,0.87561846380739261,-0.0043111760742495786,121,121
fixed_test,3,4,6,"370407, ac370000, ac370419",25,0.87561846380739261,-0.013205276823757606,121,121
fixed_test,3,4,6,"370407, ac370000, ac370419",26,0.87561846380739261,-0.013442887655699121,121,121
fixed_test,3,4,6,"370407, ac370000, ac370419",27,0.87561846380739261,0.0081357063748555003,121,121
fixed_test,3,4,6,"370407, ac370000, ac370419",28,0.87561846380739261,-0.0048029072669253381,121,121
fixed_test,3,4,6,"370407, ac370000, ac370419",29,0.87561846380739261,-0.017987297081033526,121,121
fixed_test,3,4,7,"370407, ac370419",0,0.87561846380739261,-0.0088843954423292182,121,121
fixed_test,3,4,7,"370407, ac370419",1,0.87561846380739261,-0.017768790884658214,121,121
fixed_test,3,4,7,"370407, ac370419",2,0.87561846380739261,0,121,121
fixed_test,3,4,7,"370407, ac370419",3,0.87561846380739261,0,121,121
fixed_test,3,4,7,"370407, ac370419",4,0.87561846380739261,-0.0086267878628303318,121,121
fixed_test,3,4,7,"370407, ac370419",5,0.87561846380739261,-0.013205276823757606,121,121
fixed_test,3,4,7,"370407, ac370419",6,0.87561846380739261,-0.0045677957727465746,121,120
fixed_test,3,4,7,"370407, ac370419",7,0.87561846380739261,-0.013205276823757606,121,121
fixed_test,3,4,7,"370407, ac370419",8,0.87561846380739261,0.0043072961102061935,121,120
fixed_test,3,4,7,"370407, ac370419",9,0.87561846380739261,-0.0045677957727465746,121,120
fixed_test,3,4,7,"370407, ac370419",10,0.87561846380739261,0,121,121
fixed_test,3,4,7,"370407, ac370419",11,0.87561846380739261,-0.0043111760742495786,121,121
fixed_test,3,4,7,"370407, ac370419",12,0.87561846380739261,-0.0043111760742495786,121,121
fixed_test,3,4,7,"370407, ac370419",13,0.87561846380739261,-0.0043111760742495786,121,121
fixed_test,3,4,7,"370407, ac370419",14,0.87561846380739261,-0.0043111760742495786,121,121
fixed_test,3,4,7,"370407, ac370419",15,0.87561846380739261,-0.0043111760742495786,121,120
fixed_test,3,4,7,"370407, ac370419",16,0.87561846380739261,-0.0043111760742495786,121,120
fixed_test,3,4,7,"370407, ac370419",17,0.87561846380739261,0,121,121
fixed_test,3,4,7,"370407, ac370419",18,0.87561846380739261,0,121,121
fixed_test,3,4,7,"370407, ac370419",19,0.87561846380739261,-0.022099377573265633,121,121
fixed_test,3,4,7,"370407, ac370419",20,0.87561846380739261,0,121,118
fixed_test,3,4,7,"370407, ac370419",21,0.87561846380739261,-0.0088843954423292182,121,121
fixed_test,3,4,7,"370407, ac370419",22,0.87561846380739261,-0.013205276823757606,121,121
fixed_test,3,4,7,"370407, ac370419",23,0.87561846380739261,-0.0086267878628303318,121,121
fixed_test,3,4,7,"370407, ac370419",24,0.87561846380739261,0.0043072961102061935,121,121
fixed_test,3,4,7,"370407, ac370419",25,0.87561846380739261,-0.0086267878628303318,121,121
fixed_test,3,4,7,"370407, ac370419",26,0.87561846380739261,-0.0045677957727465746,121,121
fixed_test,3,4,7,"370407, ac370419",27,0.87561846380739261,-0.012947396708245962,121,120
fixed_test,3,4,7,"370407, ac370419",28,0.87561846380739261,-0.0045677957727465746,121,120
fixed_test,3,4,7,"370407, ac370419",29,0.87561846380739261,0.0043072961102061935,121,121
fixed_test,3,4,8,"ac370442, ac370443",0,0.87561846380739261,0.0043072961102061935,120,120
fixed_test,3,4,8,"ac370442, ac370443",1,0.87561846380739261,-0.0043111760742495786,120,120
fixed_test,3,4,8,"ac370442, ac370443",2,0.87561846380739261,-0.012947396708245962,120,119
fixed_test,3,4,8,"ac370442, ac370443",3,0.87561846380739261,0,120,119
fixed_test,3,4,8,"ac370442, ac370443",4,0.87561846380739261,0,120,120
fixed_test,3,4,8,"ac370442, ac370443",5,0.87561846380739261,-0.0043111760742495786,120,120
fixed_test,3,4,8,"ac370442, ac370443",6,0.87561846380739261,-0.0086267878628303318,120,119
fixed_test,3,4,8,"ac370442, ac370443",7,0.87561846380739261,0,120,120
fixed_test,3,4,8,"ac370442, ac370443",8,0.87561846380739261,0.0043072961102061935,120,120
fixed_test,3,4,8,"ac370442, ac370443",9,0.87561846380739261,-0.0086267878628303318,120,120
fixed_test,3,4,8,"ac370442, ac370443",10,0.87561846380739261,-0.0043111760742495786,120,118
fixed_test,3,4,8,"ac370442, ac370443",11,0.87561846380739261,-0.0043111760742495786,120,118
fixed_test,3,4,8,"ac370442, ac370443",12,0.87561846380739261,0,120,120
fixed_test,3,4,8,"ac370442, ac370443",13,0.87561846380739261,-0.00025492389577130847,120,120
fixed_test,3,4,8,"ac370442, ac370443",14,0.87561846380739261,-0.0043111760742495786,120,120
fixed_test,3,4,8,"ac370442, ac370443",15,0.87561846380739261,-0.0086267878628303318,120,120
fixed_test,3,4,8,"ac370442, ac370443",16,0.87561846380739261,0.0043072961102061935,120,120
fixed_test,3,4,8,"ac370442, ac370443",17,0.87561846380739261,-0.013205276823757606,120,120
fixed_test,3,4,8,"ac370442, ac370443",18,0.87561846380739261,-0.0045677957727465746,120,119
fixed_test,3,4,8,"ac370442, ac370443",19,0.87561846380739261,-0.0091211104884023619,120,118
fixed_test,3,4,8,"ac370442, ac370443",20,0.87561846380739261,0.0043072961102061935,120,120
fixed_test,3,4,8,"ac370442, ac370443",21,0.87561846380739261,0.0043072961102061935,120,120
fixed_test,3,4,8,"ac370442, ac370443",22,0.87561846380739261,0.0043072961102061935,120,119
fixed_test,3,4,8,"ac370442, ac370443",23,0.87561846380739261,-0.017273569834537206,120,120
fixed_test,3,4,8,"ac370442, ac370443",24,0.87561846380739261,0.0043072961102061935,120,120
fixed_test,3,4,8,"ac370442, ac370443",25,0.87561846380739261,0,120,119
fixed_test,3,4,8,"ac370442, ac370443",26,0.87561846380739261,-0.0043111760742495786,120,119
fixed_test,3,4,8,"ac370442, ac370443",27,0.87561846380739261,-0.0043111760742495786,120,119
fixed_test,3,4,8,"ac370442, ac370443",28,0.87561846380739261,-0.0045677957727465746,120,120
fixed_test,3,4,8,"ac370442, ac370443",29,0.87561846380739261,-0.0088843954423292182,120,120
fixed_test,3,4,9,"ac370000, ac370419, ac370442",0,0.87561846380739261,-0.0091211104884023619,121,121
fixed_test,3,4,9,"ac370000, ac370419, ac370442",1,0.87561846380739261,0.00027742354715254436,121,121
fixed_test,3,4,9,"ac370000, ac370419, ac370442",2,0.87561846380739261,-0.013205276823757606,121,121
fixed_test,3,4,9,"ac370000, ac370419, ac370442",3,0.87561846380739261,-0.0043111760742495786,121,121
fixed_test,3,4,9,"ac370000, ac370419, ac370442",4,0.87561846380739261,0.0043072961102061935,121,121
fixed_test,3,4,9,"ac370000, ac370419, ac370442",5,0.87561846380739261,-0.0043111760742495786,121,121
fixed_test,3,4,9,"ac370000, ac370419, ac370442",6,0.87561846380739261,-0.021862127866994707,121,121
fixed_test,3,4,9,"ac370000, ac370419, ac370442",7,0.87561846380739261,0.0040547689497917316,121,120
fixed_test,3,4,9,"ac370000, ac370419, ac370442",8,0.87561846380739261,-0.0040326655494969943,121,121
fixed_test,3,4,9,"ac370000, ac370419, ac370442",9,0.87561846380739261,-0.0086267878628303318,121,121
fixed_test,3,4,9,"ac370000, ac370419, ac370442",10,0.87561846380739261,-0.013205276823757606,121,121
fixed_test,3,4,9,"ac370000, ac370419, ac370442",11,0.87561846380739261,-0.0043111760742495786,121,120
fixed_test,3,4,9,"ac370000, ac370419, ac370442",12,0.87561846380739261,0,121,121
fixed_test,3,4,9,"ac370000, ac370419, ac370442",13,0.87561846380739261,-0.0088843954423292182,121,121
fixed_test,3,4,9,"ac370000, ac370419, ac370442",14,0.87561846380739261,0.00027742354715254436,121,121
fixed_test,3,4,9,"ac370000, ac370419, ac370442",15,0.87561846380739261,-0.017530999272813097,121,121
fixed_test,3,4,9,"ac370000, ac370419, ac370442",16,0.87561846380739261,0.00027742354715254436,121,120
fixed_test,3,4,9,"ac370000, ac370419, ac370442",17,0.87561846380739261,-0.0088843954423292182,121,121
fixed_test,3,4,9,"ac370000, ac370419, ac370442",18,0.87561846380739261,0,121,121
fixed_test,3,4,9,"ac370000, ac370419, ac370442",19,0.87561846380739261,-0.013205276823757606,121,121
fixed_test,3,4,9,"ac370000, ac370419, ac370442",20,0.87561846380739261,0.0043072961102061935,121,121
fixed_test,3,4,9,"ac370000, ac370419, ac370442",21,0.87561846380739261,0,121,121
fixed_test,3,4,9,"ac370000, ac370419, ac370442",22,0.87561846380739261,-0.012947396708245962,121,121
fixed_test,3,4,9,"ac370000, ac370419, ac370442",23,0.87561846380739261,-0.012947396708245962,121,121
fixed_test,3,4,9,"ac370000, ac370419, ac370442",24,0.87561846380739261,0.00027742354715254436,121,121
fixed_test,3,4,9,"ac370000, ac370419, ac370442",25,0.87561846380739261,-0.0086267878628303318,121,121
fixed_test,3,4,9,"ac370000, ac370419, ac370442",26,0.87561846380739261,-0.017530999272813097,121,121
fixed_test,3,4,9,"ac370000, ac370419, ac370442",27,0.87561846380739261,-0.0043111760742495786,121,121
fixed_test,3,4,9,"ac370000, ac370419, ac370442",28,0.87561846380739261,0,121,121
fixed_test,3,4,9,"ac370000, ac370419, ac370442",29,0.87561846380739261,-0.0086267878628303318,121,121
fixed_train,3,4,0,"370407, ac370000",0,0.99335666949683843,0.032082310108493939,537,533
fixed_train,3,4,0,"370407, ac370000",1,0.99335666949683843,0.035431096016861674,537,531
fixed_train,3,4,0,"370407, ac370000",2,0.99335666949683843,0.047572566353156209,537,535
fixed_train,3,4,0,"370407, ac370000",3,0.99335666949683843,0.0343739319867854,537,532
fixed_train,3,4,0,"370407, ac370000",4,0.99335666949683843,0.036548630156880035,537,537
fixed_train,3,4,0,"370407, ac370000",5,0.99335666949683843,0.031002209014753923,537,536
fixed_train,3,4,0,"370407, ac370000",6,0.99335666949683843,0.047572566353156209,537,529
fixed_train,3,4,0,"370407, ac370000",7,0.99335666949683843,0.037688585685777709,537,536
fixed_train,3,4,0,"370407, ac370000",8,0.99335666949683843,0.035411349626585986,537,536
fixed_train,3,4,0,"370407, ac370000",9,0.99335666949683843,0.037584647353134937,537,534
fixed_train,3,4,0,"370407, ac370000",10,0.99335666949683843,0.037604457107457856,537,533
fixed_train,3,4,0,"370407, ac370000",11,0.99335666949683843,0.038742045838668138,537,535
fixed_train,3,4,0,"370407, ac370000",12,0.99335666949683843,0.032064763730611512,537,532
fixed_train,3,4,0,"370407, ac370000",13,0.99335666949683843,0.044288870021076954,537,535
fixed_train,3,4,0,"370407, ac370000",14,0.99335666949683843,0.047548001424120967,537,535
fixed_train,3,4,0,"370407, ac370000",15,0.99335666949683843,0.039928559316614765,537,535
fixed_train,3,4,0,"370407, ac370000",16,0.99335666949683843,0.038720991356206325,537,530
fixed_train,3,4,0,"370407, ac370000",17,0.99335666949683843,0.035451308790609093,537,533
fixed_train,3,4,0,"370407, ac370000",18,0.99335666949683843,0.03762475384394115,537,535
fixed_train,3,4,0,"370407, ac370000",19,0.99335666949683843,0.038831306349836336,537,534
fixed_train,3,4,0,"370407, ac370000",20,0.99335666949683843,0.036488545928757166,537,534
fixed_train,3,4,0,"370407, ac370000",21,0.99335666949683843,0.040933885105443935,537,536
fixed_train,3,4,0,"370407, ac370000",22,0.99335666949683843,0.03876360249842048,537,534
fixed_train,3,4,0,"370407, ac370000",23,0.99335666949683843,0.042121777304671482,537,534
fixed_train,3,4,0,"370407, ac370000",24,0.99335666949683843,0.03979604624594979,537,534
fixed_train,3,4,0,"370407, ac370000",25,0.99335666949683843,0.042146268355651606,537,531
fixed_train,3,4,0,"370407, ac370000",26,0.99335666949683843,0.038785663396936676,537,533
fixed_train,3,4,0,"370407, ac370000",27,0.99335666949683843,0.036569614914005122,537,534
fixed_train,3,4,0,"370407, ac370000",28,0.99335666949683843,0.04543380884573156,537,532
fixed_train,3,4,0,"370407, ac370000",29,0.99335666949683843,0.040955966635830565,537,536
fixed_train,3,4,1,"ac370000, ac370419",0,0.99335666949683843,0.02884001412142978,527,525
fixed_train,3,4,1,"ac370000, ac370419",1,0.99335666949683843,0.036658390873273827,527,525
fixed_train,3,4,1,"ac370000, ac370419",2,0.99335666949683843,0.032176481444519567,527,525
fixed_train,3,4,1,"ac370000, ac370419",3,0.99335666949683843,0.033235801459358005,527,525
fixed_train,3,4,1,"ac370000, ac370419",4,0.99335666949683843,0.031057723160466844,527,521
fixed_train,3,4,1,"ac370000, ac370419",5,0.99335666949683843,0.034437789777046257,527,520
fixed_train,3,4,1,"ac370000, ac370419",6,0.99335666949683843,0.035514764878136984,527,524
fixed_train,3,4,1,"ac370000, ac370419",7,0.99335666949683843,0.033255394066883714,527,523
fixed_train,3,4,1,"ac370000, ac370419",8,0.99335666949683843,0.032137517948141792,527,523
fixed_train,3,4,1,"ac370000, ac370419",9,0.99335666949683843,0.036635467198867566,527,525
fixed_train,3,4,1,"ac370000, ac370419",10,0.99335666949683843,0.027757765106143695,527,526
fixed_train,3,4,1,"ac370000, ac370419",11,0.99335666949683843,0.026639376376810797,527,525
fixed_train,3,4,1,"ac370000, ac370419",12,0.99335666949683843,0.032176481444519567,527,525
fixed_train,3,4,1,"ac370000, ac370419",13,0.99335666949683843,0.027739931507641646,527,524
fixed_train,3,4,1,"ac370000, ac370419",14,0.99335666949683843,0.032137517948141792,527,523
fixed_train,3,4,1,"ac370000, ac370419",15,0.99335666949683843,0.029921469465210127,527,525
fixed_train,3,4,1,"ac370000, ac370419",16,0.99335666949683843,0.032217188680818909,527,521
fixed_train,3,4,1,"ac370000, ac370419",17,0.99335666949683843,0.033216652515807743,527,526
fixed_train,3,4,1,"ac370000, ac370419",18,0.99335666949683843,0.027775986488363991,527,526
fixed_train,3,4,1,"ac370000, ac370419",19,0.99335666949683843,0.027739931507641646,527,525
fixed_train,3,4,1,"ac370000, ac370419",20,0.99335666949683843,0.033275432199503907,527,524
fixed_train,3,4,1,"ac370000, ac370419",21,0.99335666949683843,0.035493141238540749,527,524
fixed_train,3,4,1,"ac370000, ac370419",22,0.99335666949683843,0.034353566431073457,527,522
fixed_train,3,4,1,"ac370000, ac370419",23,0.99335666949683843,0.032137517948141792,527,525
fixed_train,3,4,1,"ac370000, ac370419",24,0.99335666949683843,0.035514764878136984,527,524
fixed_train,3,4,1,"ac370000, ac370419",25,0.99335666949683843,0.035514764878136984,527,524
fixed_train,3,4,1,"ac370000, ac370419",26,0.99335666949683843,0.025489372499346907,527,521
fixed_train,3,4,1,"ac370000, ac370419",27,0.99335666949683843,0.025521656539202797,527,524
fixed_train,3,4,1,"ac370000, ac370419",28,0.99335666949683843,0.035451308790609093,527,525
fixed_train,3,4,1,"ac370000, ac370419",29,0.99335666949683843,0.032156782663004257,527,526
fixed_train,3,4,2,"ac370000, ac370443",0,0.99335666949683843,0.026639376376810797,516,512
fixed_train,3,4,2,"ac370000, ac370443",1,0.99335666949683843,0.031038798257436717,516,515
fixed_train,3,4,2,"ac370000, ac370443",2,0.99335666949683843,0.023318914059781926,516,516
fixed_train,3,4,2,"ac370000, ac370443",3,0.99335666949683843,0.033275432199503907,516,515
fixed_train,3,4,2,"ac370000, ac370443",4,0.99335666949683843,0.024404596043355986,516,512
fixed_train,3,4,2,"ac370000, ac370443",5,0.99335666949683843,0.031077070627474002,516,514
fixed_train,3,4,2,"ac370000, ac370443",6,0.99335666949683843,0.028787765513700103,516,513
fixed_train,3,4,2,"ac370000, ac370443",7,0.99335666949683843,0.022186887004319145,516,512
fixed_train,3,4,2,"ac370000, ac370443",8,0.99335666949683843,0.031002209014753923,516,515
fixed_train,3,4,2,"ac370000, ac370443",9,0.99335666949683843,0.016636737396538037,516,514
fixed_train,3,4,2,"ac370000, ac370443",10,0.99335666949683843,0.023303381570763726,516,509
fixed_train,3,4,2,"ac370000, ac370443",11,0.99335666949683843,0.031002209014753923,516,515
fixed_train,3,4,2,"ac370000, ac370443",12,0.99335666949683843,0.025505334691661607,516,515
fixed_train,3,4,2,"ac370000, ac370443",13,0.99335666949683843,0.033295917752805715,516,513
fixed_train,3,4,2,"ac370000, ac370443",14,0.99335666949683843,0.028804786796855719,516,514
fixed_train,3,4,2,"ac370000, ac370443",15,0.99335666949683843,0.032137517948141792,516,514
fixed_train,3,4,2,"ac370000, ac370443",16,0.99335666949683843,0.031077070627474002,516,514
fixed_train,3,4,2,"ac370000, ac370443",17,0.99335666949683843,0.028804786796855719,516,509
fixed_train,3,4,2,"ac370000, ac370443",18,0.99335666949683843,0.029869416359256662,516,512
fixed_train,3,4,2,"ac370000, ac370443",19,0.99335666949683843,0.022201682126148148,516,512
fixed_train,3,4,2,"ac370000, ac370443",20,0.99335666949683843,0.032137517948141792,516,514
fixed_train,3,4,2,"ac370000, ac370443",21,0.99335666949683843,0.025489372499346907,516,514
fixed_train,3,4,2,"ac370000, ac370443",22,0.99335666949683843,0.029958206476080718,516,515
fixed_train,3,4,2,"ac370000, ac370443",23,0.99335666949683843,0.031038798257436717,516,513
fixed_train,3,4,2,"ac370000, ac370443",24,0.99335666949683843,0.031038798257436717,516,513
fixed_train,3,4,2,"ac370000, ac370443",25,0.99335666949683843,0.031057723160466844,516,514
fixed_train,3,4,2,"ac370000, ac370443",26,0.99335666949683843,0.024420529251479528,516,514
fixed_train,3,4,2,"ac370000, ac370443",27,0.99335666949683843,0.036613031381397487,516,516
fixed_train,3,4,2,"ac370000, ac370443",28,0.99335666949683843,0.031038798257436717,516,515
fixed_train,3,4,2,"ac370000, ac370443",29,0.99335666949683843,0.031077070627474002,516,514
fixed_train,3,4,3,"ac370000, ac370419, ac370443",0,0.99335666949683843,0.029921469465210127,514,514
fixed_train,3,4,3,"ac370000, ac370419, ac370443",1,0.99335666949683843,0.029939633339223448,514,514
fixed_train,3,4,3,"ac370000, ac370419, ac370443",2,0.99335666949683843,0.032100283447180855,514,514
fixed_train,3,4,3,"ac370000, ac370419, ac370443",3,0.99335666949683843,0.027688740790717592,514,514
fixed_train,3,4,3,"ac370000, ac370419, ac370443",4,0.99335666949683843,0.025473768449176926,514,512
fixed_train,3,4,3,"ac370000, ac370419, ac370443",5,0.99335666949683843,0.029939633339223448,514,513
fixed_train,3,4,3,"ac370000, ac370419, ac370443",6,0.99335666949683843,0.031057723160466844,514,513
fixed_train,3,4,3,"ac370000, ac370419, ac370443",7,0.99335666949683843,0.036591081310566209,514,513
fixed_train,3,4,3,"ac370000, ac370419, ac370443",8,0.99335666949683843,0.031057723160466844,514,513
fixed_train,3,4,3,"ac370000, ac370419, ac370443",9,0.99335666949683843,0.033295917752805715,514,514
fixed_train,3,4,3,"ac370000, ac370419, ac370443",10,0.99335666949683843,0.036591081310566209,514,513
fixed_train,3,4,3,"ac370000, ac370419, ac370443",11,0.99335666949683843,0.034416041675686682,514,514
fixed_train,3,4,3,"ac370000, ac370419, ac370443",12,0.99335666949683843,0.031038798257436717,514,514
fixed_train,3,4,3,"ac370000, ac370419, ac370443",13,0.99335666949683843,0.033235801459358005,514,514
fixed_train,3,4,3,"ac370000, ac370419, ac370443",14,0.99335666949683843,0.027722484015442639,514,514
fixed_train,3,4,3,"ac370000, ac370419, ac370443",15,0.99335666949683843,0.026605606638542834,514,514
fixed_train,3,4,3,"ac370000, ac370419, ac370443",16,0.99335666949683843,0.033255394066883714,514,513
fixed_train,3,4,3,"ac370000, ac370419, ac370443",17,0.99335666949683843,0.0343739319867854,514,514
fixed_train,3,4,3,"ac370000, ac370419, ac370443",18,0.99335666949683843,0.034353566431073457,514,513
fixed_train,3,4,3,"ac370000, ac370419, ac370443",19,0.99335666949683843,0.028787765513700103,514,514
fixed_train,3,4,3,"ac370000, ac370419, ac370443",20,0.99335666949683843,0.033235801459358005,514,513
fixed_train,3,4,3,"ac370000, ac370419, ac370443",21,0.99335666949683843,0.029958206476080718,514,514
fixed_train,3,4,3,"ac370000, ac370419, ac370443",22,0.99335666949683843,0.036508097606968826,514,513
fixed_train,3,4,3,"ac370000, ac370419, ac370443",23,0.99335666949683843,0.025538339582962699,514,514
fixed_train,3,4,3,"ac370000, ac370419, ac370443",24,0.99335666949683843,0.037688585685777709,514,514
fixed_train,3,4,3,"ac370000, ac370419, ac370443",25,0.99335666949683843,0.02884001412142978,514,514
fixed_train,3,4,3,"ac370000, ac370419, ac370443",26,0.99335666949683843,0.031020294128106807,514,513
fixed_train,3,4,3,"ac370000, ac370419, ac370443",27,0.99335666949683843,0.033255394066883714,514,514
fixed_train,3,4,3,"ac370000, ac370419, ac370443",28,0.99335666949683843,0.028822202447989831,514,513
fixed_train,3,4,3,"ac370000, ac370419, ac370443",29,0.99335666949683843,0.035493141238540749,514,514
fixed_train,3,4,4,"ac370419, ac370443",0,0.99335666949683843,0.022144435010538532,514,513
fixed_train,3,4,4,"ac370419, ac370443",1,0.99335666949683843,0.021043823766095815,514,514
fixed_train,3,4,4,"ac370419, ac370443",2,0.99335666949683843,0.016613879083014593,514,513
fixed_train,3,4,4,"ac370419, ac370443",3,0.99335666949683843,0.013306031781860961,514,512
fixed_train,3,4,4,"ac370419, ac370443",4,0.99335666949683843,0.018866831633886139,514,514
fixed_train,3,4,4,"ac370419, ac370443",5,0.99335666949683843,0.01219308160175725,514,510
fixed_train,3,4,4,"ac370419, ac370443",6,0.99335666949683843,0.02217241501964895,514,514
fixed_train,3,4,4,"ac370419, ac370443",7,0.99335666949683843,0.014419588072757117,514,514
fixed_train,3,4,4,"ac370419, ac370443",8,0.99335666949683843,0.019955819210201953,514,513
fixed_train,3,4,4,"ac370419, ac370443",9,0.99335666949683843,0.015556771252597024,514,512
fixed_train,3,4,4,"ac370419, ac370443",10,0.99335666949683843,0.018866831633886139,514,514
fixed_train,3,4,4,"ac370419, ac370443",11,0.99335666949683843,0.016636737396538037,514,514
fixed_train,3,4,4,"ac370419, ac370443",12,0.99335666949683843,0.011098341809134049,514,513
fixed_train,3,4,4,"ac370419, ac370443",13,0.99335666949683843,0.015511742809349305,514,512
fixed_train,3,4,4,"ac370419, ac370443",14,0.99335666949683843,0.017751468926245129,514,514
fixed_train,3,4,4,"ac370419, ac370443",15,0.99335666949683843,0.021071036044099878,514,512
fixed_train,3,4,4,"ac370419, ac370443",16,0.99335666949683843,0.022158264803102568,514,513
fixed_train,3,4,4,"ac370419, ac370443",17,0.99335666949683843,0.015522627591308069,514,512
fixed_train,3,4,4,"ac370419, ac370443",18,0.99335666949683843,0.02217241501964895,514,512
fixed_train,3,4,4,"ac370419, ac370443",19,0.99335666949683843,0.022201682126148148,514,514
fixed_train,3,4,4,"ac370419, ac370443",20,0.99335666949683843,0.018866831633886139,514,512
fixed_train,3,4,4,"ac370419, ac370443",21,0.99335666949683843,0.019955819210201953,514,513
fixed_train,3,4,4,"ac370419, ac370443",22,0.99335666949683843,0.01444121196705761,514,511
fixed_train,3,4,4,"ac370419, ac370443",23,0.99335666949683843,0.017727250140600392,514,514
fixed_train,3,4,4,"ac370419, ac370443",24,0.99335666949683843,0.014409130084688804,514,512
fixed_train,3,4,4,"ac370419, ac370443",25,0.99335666949683843,0.016636737396538037,514,512
fixed_train,3,4,4,"ac370419, ac370443",26,0.99335666949683843,0.018853886720319069,514,513
fixed_train,3,4,4,"ac370419, ac370443",27,0.99335666949683843,0.021099488536600819,514,513
fixed_train,3,4,4,"ac370419, ac370443",28,0.99335666949683843,0.015533759887208065,514,511
fixed_train,3,4,4,"ac370419, ac370443",29,0.99335666949683843,0.01994275747185148,514,513
fixed_train,3,4,5,"ac370000, ac370442",0,0.99335666949683843,0.027722484015442639,510,505
fixed_train,3,4,5,"ac370000, ac370442",1,0.99335666949683843,0.032137517948141792,510,508
fixed_train,3,4,5,"ac370000, ac370442",2,0.99335666949683843,0.034314204244343283,510,507
fixed_train,3,4,5,"ac370000, ac370442",3,0.99335666949683843,0.0343739319867854,510,506
fixed_train,3,4,5,"ac370000, ac370442",4,0.99335666949683843,0.032118685473798814,510,506
fixed_train,3,4,5,"ac370000, ac370442",5,0.99335666949683843,0.031077070627474002,510,507
fixed_train,3,4,5,"ac370000, ac370442",6,0.99335666949683843,0.037604457107457856,510,508
fixed_train,3,4,5,"ac370000, ac370442",7,0.99335666949683843,0.034333657815339369,510,507
fixed_train,3,4,5,"ac370000, ac370442",8,0.99335666949683843,0.035411349626585986,510,508
fixed_train,3,4,5,"ac370000, ac370442",9,0.99335666949683843,0.034394756412958638,510,509
fixed_train,3,4,5,"ac370000, ac370442",10,0.99335666949683843,0.032118685473798814,510,505
fixed_train,3,4,5,"ac370000, ac370442",11,0.99335666949683843,0.032100283447180855,510,510
fixed_train,3,4,5,"ac370000, ac370442",12,0.99335666949683843,0.032082310108493939,510,509
fixed_train,3,4,5,"ac370000, ac370442",13,0.99335666949683843,0.029903713132258258,510,507
fixed_train,3,4,5,"ac370000, ac370442",14,0.99335666949683843,0.029939633339223448,510,507
fixed_train,3,4,5,"ac370000, ac370442",15,0.99335666949683843,0.033235801459358005,510,508
fixed_train,3,4,5,"ac370000, ac370442",16,0.99335666949683843,0.029958206476080718,510,507
fixed_train,3,4,5,"ac370000, ac370442",17,0.99335666949683843,0.034353566431073457,510,509
fixed_train,3,4,5,"ac370000, ac370442",18,0.99335666949683843,0.025473768449176926,510,505
fixed_train,3,4,5,"ac370000, ac370442",19,0.99335666949683843,0.031077070627474002,510,507
fixed_train,3,4,5,"ac370000, ac370442",20,0.99335666949683843,0.024404596043355986,510,507
fixed_train,3,4,5,"ac370000, ac370442",21,0.99335666949683843,0.033235801459358005,510,509
fixed_train,3,4,5,"ac370000, ac370442",22,0.99335666949683843,0.031020294128106807,510,509
fixed_train,3,4,5,"ac370000, ac370442",23,0.99335666949683843,0.033144457345863132,510,508
fixed_train,3,4,5,"ac370000, ac370442",24,0.99335666949683843,0.032118685473798814,510,510
fixed_train,3,4,5,"ac370000, ac370442",25,0.99335666949683843,0.031020294128106807,510,507
fixed_train,3,4,5,"ac370000, ac370442",26,0.99335666949683843,0.035431096016861674,510,508
fixed_train,3,4,5,"ac370000, ac370442",27,0.99335666949683843,0.029939633339223448,510,508
fixed_train,3,4,5,"ac370000, ac370442",28,0.99335666949683843,0.034394756412958638,510,508
fixed_train,3,4,5,"ac370000, ac370442",29,0.99335666949683843,0.029869416359256662,510,506
fixed_train,3,4,6,"370407, ac370000, ac370419",0,0.99335666949683843,0.040955966635830565,511,511
fixed_train,3,4,6,"370407, ac370000, ac370419",1,0.99335666949683843,0.04202923586851981,511,511
fixed_train,3,4,6,"370407, ac370000, ac370419",2,0.99335666949683843,0.034295203857731549,511,510
fixed_train,3,4,6,"370407, ac370000, ac370419",3,0.99335666949683843,0.037604457107457856,511,510
fixed_train,3,4,6,"370407, ac370000, ac370419",4,0.99335666949683843,0.03652812504150571,511,511
fixed_train,3,4,6,"370407, ac370000, ac370419",5,0.99335666949683843,0.034314204244343283,511,511
fixed_train,3,4,6,"370407, ac370000, ac370419",6,0.99335666949683843,0.035411349626585986,511,511
fixed_train,3,4,6,"370407, ac370000, ac370419",7,0.99335666949683843,0.044196620637258932,511,511
fixed_train,3,4,6,"370407, ac370000, ac370419",8,0.99335666949683843,0.039816846487988888,511,510
fixed_train,3,4,6,"370407, ac370000, ac370419",9,0.99335666949683843,0.038720991356206325,511,511
fixed_train,3,4,6,"370407, ac370000, ac370419",10,0.99335666949683843,0.039838158061296203,511,509
fixed_train,3,4,6,"370407, ac370000, ac370419",11,0.99335666949683843,0.03979604624594979,511,511
fixed_train,3,4,6,"370407, ac370000, ac370419",12,0.99335666949683843,0.054080040074605429,511,511
fixed_train,3,4,6,"370407, ac370000, ac370419",13,0.99335666949683843,0.037584647353134937,511,511
fixed_train,3,4,6,"370407, ac370000, ac370419",14,0.99335666949683843,0.041986187978979683,511,510
fixed_train,3,4,6,"370407, ac370000, ac370419",15,0.99335666949683843,0.035411349626585986,511,511
fixed_train,3,4,6,"370407, ac370000, ac370419",16,0.99335666949683843,0.040891293618044888,511,511
fixed_train,3,4,6,"370407, ac370000, ac370419",17,0.99335666949683843,0.034333657815339369,511,511
fixed_train,3,4,6,"370407, ac370000, ac370419",18,0.99335666949683843,0.038742045838668138,511,511
fixed_train,3,4,6,"370407, ac370000, ac370419",19,0.99335666949683843,0.040955966635830565,511,511
fixed_train,3,4,6,"370407, ac370000, ac370419",20,0.99335666949683843,0.037604457107457856,511,511
fixed_train,3,4,6,"370407, ac370000, ac370419",21,0.99335666949683843,0.03652812504150571,511,509
fixed_train,3,4,6,"370407, ac370000, ac370419",22,0.99335666949683843,0.043146778854681211,511,511
fixed_train,3,4,6,"370407, ac370000, ac370419",23,0.99335666949683843,0.044241625249050842,511,511
fixed_train,3,4,6,"370407, ac370000, ac370419",24,0.99335666949683843,0.038742045838668138,511,511
fixed_train,3,4,6,"370407, ac370000, ac370419",25,0.99335666949683843,0.034333657815339369,511,511
fixed_train,3,4,6,"370407, ac370000, ac370419",26,0.99335666949683843,0.043059812452892143,511,511
fixed_train,3,4,6,"370407, ac370000, ac370419",27,0.99335666949683843,0.030950450674690377,511,511
fixed_train,3,4,6,"370407, ac370000, ac370419",28,0.99335666949683843,0.044241625249050842,511,511
fixed_train,3,4,6,"370407, ac370000, ac370419",29,0.99335666949683843,0.046340954497383957,511,511
fixed_train,3,4,7,"370407, ac370419",0,0.99335666949683843,0.022201682126148148,511,511
fixed_train,3,4,7,"370407, ac370419",1,0.99335666949683843,0.017704115887744787,511,510
fixed_train,3,4,7,"370407, ac370419",2,0.99335666949683843,0.026589279465604743,511,511
fixed_train,3,4,7,"370407, ac370419",3,0.99335666949683843,0.023288185367880687,511,510
fixed_train,3,4,7,"370407, ac370419",4,0.99335666949683843,0.027705420982278572,511,509
fixed_train,3,4,7,"370407, ac370419",5,0.99335666949683843,0.021085106602324877,511,508
fixed_train,3,4,7,"370407, ac370419",6,0.99335666949683843,0.024404596043355986,511,510
fixed_train,3,4,7,"370407, ac370419",7,0.99335666949683843,0.024389010829095947,511,510
fixed_train,3,4,7,"370407, ac370419",8,0.99335666949683843,0.021085106602324877,511,510
fixed_train,3,4,7,"370407, ac370419",9,0.99335666949683843,0.021085106602324877,511,510
fixed_train,3,4,7,"370407, ac370419",10,0.99335666949683843,0.025505334691661607,511,509
fixed_train,3,4,7,"370407, ac370419",11,0.99335666949683843,0.024420529251479528,511,510
fixed_train,3,4,7,"370407, ac370419",12,0.99335666949683843,0.018880063013419712,511,511
fixed_train,3,4,7,"370407, ac370419",13,0.99335666949683843,0.021057275533483688,511,510
fixed_train,3,4,7,"370407, ac370419",14,0.99335666949683843,0.018853886720319069,511,509
fixed_train,3,4,7,"370407, ac370419",15,0.99335666949683843,0.025521656539202797,511,511
fixed_train,3,4,7,"370407, ac370419",16,0.99335666949683843,0.023303381570763726,511,510
fixed_train,3,4,7,"370407, ac370419",17,0.99335666949683843,0.033216652515807743,511,509
fixed_train,3,4,7,"370407, ac370419",18,0.99335666949683843,0.029921469465210127,511,511
fixed_train,3,4,7,"370407, ac370419",19,0.99335666949683843,0.022201682126148148,511,510
fixed_train,3,4,7,"370407, ac370419",20,0.99335666949683843,0.026542510204803027,511,508
fixed_train,3,4,7,"370407, ac370419",21,0.99335666949683843,0.01996917796528197,511,510
fixed_train,3,4,7,"370407, ac370419",22,0.99335666949683843,0.019955819210201953,511,510
fixed_train,3,4,7,"370407, ac370419",23,0.99335666949683843,0.021057275533483688,511,511
fixed_train,3,4,7,"370407, ac370419",24,0.99335666949683843,0.024389010829095947,511,510
fixed_train,3,4,7,"370407, ac370419",25,0.99335666949683843,0.023273324016415353,511,511
fixed_train,3,4,7,"370407, ac370419",26,0.99335666949683843,0.021043823766095815,511,507
fixed_train,3,4,7,"370407, ac370419",27,0.99335666949683843,0.023288185367880687,511,508
fixed_train,3,4,7,"370407, ac370419",28,0.99335666949683843,0.021030679461368718,511,509
fixed_train,3,4,7,"370407, ac370419",29,0.99335666949683843,0.025489372499346907,511,510
fixed_train,3,4,8,"ac370442, ac370443",0,0.99335666949683843,0.017739223400754844,509,505
fixed_train,3,4,8,"ac370442, ac370443",1,0.99335666949683843,0.017751468926245129,509,509
fixed_train,3,4,8,"ac370442, ac370443",2,0.99335666949683843,0.014409130084688804,509,507
fixed_train,3,4,8,"ac370442, ac370443",3,0.99335666949683843,0.01662517856762058,509,507
fixed_train,3,4,8,"ac370442, ac370443",4,0.99335666949683843,0.016636737396538037,509,508
fixed_train,3,4,8,"ac370442, ac370443",5,0.99335666949683843,0.02325879610763637,509,509
fixed_train,3,4,8,"ac370442, ac370443",6,0.99335666949683843,0.01216626636535667,509,508
fixed_train,3,4,8,"ac370442, ac370443",7,0.99335666949683843,0.015522627591308069,509,507
fixed_train,3,4,8,"ac370442, ac370443",8,0.99335666949683843,0.016660637490238828,509,507
fixed_train,3,4,8,"ac370442, ac370443",9,0.99335666949683843,0.01994275747185148,509,507
fixed_train,3,4,8,"ac370442, ac370443",10,0.99335666949683843,0.011098341809134049,509,508
fixed_train,3,4,8,"ac370442, ac370443",11,0.99335666949683843,0.016648556665447178,509,507
fixed_train,3,4,8,"ac370442, ac370443",12,0.99335666949683843,0.018841227050552023,509,507
fixed_train,3,4,8,"ac370442, ac370443",13,0.99335666949683843,0.022216801779324613,509,507
fixed_train,3,4,8,"ac370442, ac370443",14,0.99335666949683843,0.011072217505269211,509,507
fixed_train,3,4,8,"ac370442, ac370443",15,0.99335666949683843,0.021057275533483688,509,508
fixed_train,3,4,8,"ac370442, ac370443",16,0.99335666949683843,0.021071036044099878,509,508
fixed_train,3,4,8,"ac370442, ac370443",17,0.99335666949683843,0.021085106602324877,509,509
fixed_train,3,4,8,"ac370442, ac370443",18,0.99335666949683843,0.014398906741474038,509,509
fixed_train,3,4,8,"ac370442, ac370443",19,0.99335666949683843,0.01662517856762058,509,507
fixed_train,3,4,8,"ac370442, ac370443",20,0.99335666949683843,0.011107446499490359,509,507
fixed_train,3,4,8,"ac370442, ac370443",21,0.99335666949683843,0.013326293624821961,509,509
fixed_train,3,4,8,"ac370442, ac370443",22,0.99335666949683843,0.016648556665447178,509,508
fixed_train,3,4,8,"ac370442, ac370443",23,0.99335666949683843,0.023273324016415353,509,508
fixed_train,3,4,8,"ac370442, ac370443",24,0.99335666949683843,0.01994275747185148,509,509
fixed_train,3,4,8,"ac370442, ac370443",25,0.99335666949683843,0.018841227050552023,509,508
fixed_train,3,4,8,"ac370442, ac370443",26,0.99335666949683843,0.018866831633886139,509,504
fixed_train,3,4,8,"ac370442, ac370443",27,0.99335666949683843,0.024373772134353655,509,506
fixed_train,3,4,8,"ac370442, ac370443",28,0.99335666949683843,0.015511742809349305,509,506
fixed_train,3,4,8,"ac370442, ac370443",29,0.99335666949683843,0.022186887004319145,509,507
fixed_train,3,4,9,"ac370000, ac370419, ac370442",0,0.99335666949683843,0.035471989876330712,508,508
fixed_train,3,4,9,"ac370000, ac370419, ac370442",1,0.99335666949683843,0.032196616152505797,508,508
fixed_train,3,4,9,"ac370000, ac370419, ac370442",2,0.99335666949683843,0.039882323453111268,508,507
fixed_train,3,4,9,"ac370000, ac370419, ac370442",3,0.99335666949683843,0.029903713132258258,508,508
fixed_train,3,4,9,"ac370000, ac370419, ac370442",4,0.99335666949683843,0.033235801459358005,508,508
fixed_train,3,4,9,"ac370000, ac370419, ac370442",5,0.99335666949683843,0.036548630156880035,508,508
fixed_train,3,4,9,"ac370000, ac370419, ac370442",6,0.99335666949683843,0.032137517948141792,508,508
fixed_train,3,4,9,"ac370000, ac370419, ac370442",7,0.99335666949683843,0.033316852657203855,508,508
fixed_train,3,4,9,"ac370000, ac370419, ac370442",8,0.99335666949683843,0.029958206476080718,508,508
fixed_train,3,4,9,"ac370000, ac370419, ac370442",9,0.99335666949683843,0.032176481444519567,508,508
fixed_train,3,4,9,"ac370000, ac370419, ac370442",10,0.99335666949683843,0.033235801459358005,508,508
fixed_train,3,4,9,"ac370000, ac370419, ac370442",11,0.99335666949683843,0.027705420982278572,508,508
fixed_train,3,4,9,"ac370000, ac370419, ac370442",12,0.99335666949683843,0.0343739319867854,508,508
fixed_train,3,4,9,"ac370000, ac370419, ac370442",13,0.99335666949683843,0.03876360249842048,508,508
fixed_train,3,4,9,"ac370000, ac370419, ac370442",14,0.99335666949683843,0.027722484015442639,508,508
fixed_train,3,4,9,"ac370000, ac370419, ac370442",15,0.99335666949683843,0.033235801459358005,508,507
fixed_train,3,4,9,"ac370000, ac370419, ac370442",16,0.99335666949683843,0.029903713132258258,508,508
fixed_train,3,4,9,"ac370000, ac370419, ac370442",17,0.99335666949683843,0.035493141238540749,508,507
fixed_train,3,4,9,"ac370000, ac370419, ac370442",18,0.99335666949683843,0.033197945409230822,508,508
fixed_train,3,4,9,"ac370000, ac370419, ac370442",19,0.99335666949683843,0.033216652515807743,508,508
fixed_train,3,4,9,"ac370000, ac370419, ac370442",20,0.99335666949683843,0.038742045838668138,508,508
fixed_train,3,4,9,"ac370000, ac370419, ac370442",21,0.99335666949683843,0.034394756412958638,508,508
fixed_train,3,4,9,"ac370000, ac370419, ac370442",22,0.99335666949683843,0.037688585685777709,508,508
fixed_train,3,4,9,"ac370000, ac370419, ac370442",23,0.99335666949683843,0.025505334691661607,508,508
fixed_train,3,4,9,"ac370000, ac370419, ac370442",24,0.99335666949683843,0.033275432199503907,508,508
fixed_train,3,4,9,"ac370000, ac370419, ac370442",25,0.99335666949683843,0.03762475384394115,508,508
fixed_train,3,4,9,"ac370000, ac370419, ac370442",26,0.99335666949683843,0.034394756412958638,508,508
fixed_train,3,4,9,"ac370000, ac370419, ac370442",27,0.99335666949683843,0.033216652515807743,508,508
fixed_train,3,4,9,"ac370000, ac370419, ac370442",28,0.99335666949683843,0.031057723160466844,508,508
fixed_train,3,4,9,"ac370000, ac370419, ac370442",29,0.99335666949683843,0.035451308790609093,508,508
faithful_train,3,4,0,"370407, ac370000",0,0.99335666949683843,0.043059812452892143,537,536
faithful_train,3,4,0,"370407, ac370000",1,0.99335666949683843,0.04652884544686442,537,530
faithful_train,3,4,0,"370407, ac370000",2,0.99335666949683843,0.04652884544686442,537,527
faithful_train,3,4,0,"370407, ac370000",3,0.99335666949683843,0.049838464206123367,537,517
faithful_train,3,4,0,"370407, ac370000",4,0.99335666949683843,0.059789974528454026,537,500
faithful_train,3,4,0,"370407, ac370000",5,0.99335666949683843,0.055484389006120516,537,496
faithful_train,3,4,0,"370407, ac370000",6,0.99335666949683843,0.058899822530885548,537,503
faithful_train,3,4,0,"370407, ac370000",7,0.99335666949683843,0.055421352161353354,537,493
faithful_train,3,4,0,"370407, ac370000",8,0.99335666949683843,0.056610296907496527,537,489
faithful_train,3,4,0,"370407, ac370000",9,0.99335666949683843,0.055421352161353354,537,496
faithful_train,3,4,1,"ac370000, ac370419",0,0.99335666949683843,0.058698353572285922,527,525
faithful_train,3,4,1,"ac370000, ac370419",1,0.99335666949683843,0.046554968923565476,527,517
faithful_train,3,4,1,"ac370000, ac370419",2,0.99335666949683843,0.057637947970800241,527,513
faithful_train,3,4,1,"ac370000, ac370419",3,0.99335666949683843,0.047649857328663225,527,504
faithful_train,3,4,1,"ac370000, ac370419",4,0.99335666949683843,0.048827847630126042,527,495
faithful_train,3,4,1,"ac370000, ac370419",5,0.99335666949683843,0.06217698493969015,527,481
faithful_train,3,4,1,"ac370000, ac370419",6,0.99335666949683843,0.066504331208588119,527,478
faithful_train,3,4,1,"ac370000, ac370419",7,0.99335666949683843,0.060029017697610265,527,473
faithful_train,3,4,1,"ac370000, ac370419",8,0.99335666949683843,0.05448993234585342,527,479
faithful_train,3,4,1,"ac370000, ac370419",9,0.99335666949683843,0.053296944237386623,527,473
faithful_train,3,4,2,"ac370000, ac370443",0,0.99335666949683843,0.048799395472762463,516,515
faithful_train,3,4,2,"ac370000, ac370443",1,0.99335666949683843,0.049922681192030915,516,512
faithful_train,3,4,2,"ac370000, ac370443",2,0.99335666949683843,0.049922681192030915,516,502
faithful_train,3,4,2,"ac370000, ac370443",3,0.99335666949683843,0.043320194161956094,516,482
faithful_train,3,4,2,"ac370000, ac370443",4,0.99335666949683843,0.04666542867213308,516,486
faithful_train,3,4,2,"ac370000, ac370443",5,0.99335666949683843,0.05220259854686593,516,481
faithful_train,3,4,2,"ac370000, ac370443",6,0.99335666949683843,0.048886626971103686,516,475
faithful_train,3,4,2,"ac370000, ac370443",7,0.99335666949683843,0.046694548057455876,516,476
faithful_train,3,4,2,"ac370000, ac370443",8,0.99335666949683843,0.046694548057455876,516,468
faithful_train,3,4,2,"ac370000, ac370443",9,0.99335666949683843,0.048799395472762463,516,481
faithful_train,3,4,3,"ac370000, ac370419, ac370443",0,0.99335666949683843,0.050012615339828259,514,511
faithful_train,3,4,3,"ac370000, ac370419, ac370443",1,0.99335666949683843,0.046694548057455876,514,494
faithful_train,3,4,3,"ac370000, ac370419, ac370443",2,0.99335666949683843,0.041099593065728746,514,479
faithful_train,3,4,3,"ac370000, ac370419, ac370443",3,0.99335666949683843,0.043347209946535292,514,481
faithful_train,3,4,3,"ac370000, ac370419, ac370443",4,0.99335666949683843,0.045513169291591438,514,478
faithful_train,3,4,3,"ac370000, ac370419, ac370443",5,0.99335666949683843,0.043320194161956094,514,479
faithful_train,3,4,3,"ac370000, ac370419, ac370443",6,0.99335666949683843,0.047790813542064048,514,477
faithful_train,3,4,3,"ac370000, ac370419, ac370443",7,0.99335666949683843,0.045540795258183664,514,479
faithful_train,3,4,3,"ac370000, ac370419, ac370443",8,0.99335666949683843,0.047851505903529934,514,482
faithful_train,3,4,3,"ac370000, ac370419, ac370443",9,0.99335666949683843,0.046694548057455876,514,477
faithful_train,3,4,4,"ac370419, ac370443",0,0.99335666949683843,0.041151765906068394,514,445
faithful_train,3,4,4,"ac370419, ac370443",1,0.99335666949683843,0.043347209946535292,514,466
faithful_train,3,4,4,"ac370419, ac370443",2,0.99335666949683843,0.044472136450763422,514,469
faithful_train,3,4,4,"ac370419, ac370443",3,0.99335666949683843,0.042223032074191647,514,471
faithful_train,3,4,4,"ac370419, ac370443",4,0.99335666949683843,0.043320194161956094,514,463
faithful_train,3,4,4,"ac370419, ac370443",5,0.99335666949683843,0.044472136450763422,514,468
faithful_train,3,4,4,"ac370419, ac370443",6,0.99335666949683843,0.045597821385996662,514,483
faithful_train,3,4,4,"ac370419, ac370443",7,0.99335666949683843,0.044500624370887976,514,473
faithful_train,3,4,4,"ac370419, ac370443",8,0.99335666949683843,0.043347209946535292,514,469
faithful_train,3,4,4,"ac370419, ac370443",9,0.99335666949683843,0.043320194161956094,514,462
faithful_train,3,4,5,"ac370000, ac370442",0,0.99335666949683843,0.051139371270840561,510,509
faithful_train,3,4,5,"ac370000, ac370442",1,0.99335666949683843,0.048886626971103686,510,503
faithful_train,3,4,5,"ac370000, ac370442",2,0.99335666949683843,0.041125408148771081,510,499
faithful_train,3,4,5,"ac370000, ac370442",3,0.99335666949683843,0.042276974158972802,510,482
faithful_train,3,4,5,"ac370000, ac370442",4,0.99335666949683843,0.043347209946535292,510,476
faithful_train,3,4,5,"ac370000, ac370442",5,0.99335666949683843,0.045687836316095853,510,475
faithful_train,3,4,5,"ac370000, ac370442",6,0.99335666949683843,0.047820849125960851,510,479
faithful_train,3,4,5,"ac370000, ac370442",7,0.99335666949683843,0.045569011744299726,510,474
faithful_train,3,4,5,"ac370000, ac370442",8,0.99335666949683843,0.046694548057455876,510,480
faithful_train,3,4,5,"ac370000, ac370442",9,0.99335666949683843,0.047851505903529934,510,483
faithful_train,3,4,6,"370407, ac370000, ac370419",0,0.99335666949683843,0.047761396354411012,511,510
faithful_train,3,4,6,"370407, ac370000, ac370419",1,0.99335666949683843,0.054390871384315531,511,501
faithful_train,3,4,6,"370407, ac370000, ac370419",2,0.99335666949683843,0.050012615339828259,511,499
faithful_train,3,4,6,"370407, ac370000, ac370419",3,0.99335666949683843,0.05448993234585342,511,483
faithful_train,3,4,6,"370407, ac370000, ac370419",4,0.99335666949683843,0.047851505903529934,511,477
faithful_train,3,4,6,"370407, ac370000, ac370419",5,0.99335666949683843,0.053361782877533015,511,481
faithful_train,3,4,6,"370407, ac370000, ac370419",6,0.99335666949683843,0.053361782877533015,511,470
faithful_train,3,4,6,"370407, ac370000, ac370419",7,0.99335666949683843,0.050043876865925152,511,471
faithful_train,3,4,6,"370407, ac370000, ac370419",8,0.99335666949683843,0.05220259854686593,511,465
faithful_train,3,4,6,"370407, ac370000, ac370419",9,0.99335666949683843,0.048856923886235082,511,468
faithful_train,3,4,7,"370407, ac370419",0,0.99335666949683843,0.048947924794718323,511,452
faithful_train,3,4,7,"370407, ac370419",1,0.99335666949683843,0.053329023569044787,511,467
faithful_train,3,4,7,"370407, ac370419",2,0.99335666949683843,0.047820849125960851,511,466
faithful_train,3,4,7,"370407, ac370419",3,0.99335666949683843,0.04666542867213308,511,468
faithful_train,3,4,7,"370407, ac370419",4,0.99335666949683843,0.05339522521854867,511,461
faithful_train,3,4,7,"370407, ac370419",5,0.99335666949683843,0.050043876865925152,511,470
faithful_train,3,4,7,"370407, ac370419",6,0.99335666949683843,0.051076934061810797,511,469
faithful_train,3,4,7,"370407, ac370419",7,0.99335666949683843,0.052234417137592581,511,475
faithful_train,3,4,7,"370407, ac370419",8,0.99335666949683843,0.045569011744299726,511,470
faithful_train,3,4,7,"370407, ac370419",9,0.99335666949683843,0.046754611012806091,511,481
faithful_train,3,4,8,"ac370442, ac370443",0,0.99335666949683843,0.049893977253251731,509,508
faithful_train,3,4,8,"ac370442, ac370443",1,0.99335666949683843,0.048827847630126042,509,466
faithful_train,3,4,8,"ac370442, ac370443",2,0.99335666949683843,0.044390153379462949,509,459
faithful_train,3,4,8,"ac370442, ac370443",3,0.99335666949683843,0.053204756351906246,509,471
faithful_train,3,4,8,"ac370442, ac370443",4,0.99335666949683843,0.04543380884573156,509,461
faithful_train,3,4,8,"ac370442, ac370443",5,0.99335666949683843,0.052140956160469876,509,464
faithful_train,3,4,8,"ac370442, ac370443",6,0.99335666949683843,0.051017104511799527,509,453
faithful_train,3,4,8,"ac370442, ac370443",7,0.99335666949683843,0.052171445861134647,509,459
faithful_train,3,4,8,"ac370442, ac370443",8,0.99335666949683843,0.050012615339828259,509,460
faithful_train,3,4,8,"ac370442, ac370443",9,0.99335666949683843,0.046554968923565476,509,462
faithful_train,3,4,9,"ac370000, ac370419, ac370442",0,0.99335666949683843,0.056577506097347796,508,505
faithful_train,3,4,9,"ac370000, ac370419, ac370442",1,0.99335666949683843,0.053204756351906246,508,496
faithful_train,3,4,9,"ac370000, ac370419, ac370442",2,0.99335666949683843,0.0542684088892047,508,494
faithful_train,3,4,9,"ac370000, ac370419, ac370442",3,0.99335666949683843,0.048771564733012363,508,487
faithful_train,3,4,9,"ac370000, ac370419, ac370442",4,0.99335666949683843,0.058899822530885548,508,479
faithful_train,3,4,9,"ac370000, ac370419, ac370442",5,0.99335666949683843,0.050012615339828259,508,481
faithful_train,3,4,9,"ac370000, ac370419, ac370442",6,0.99335666949683843,0.053296944237386623,508,480
faithful_train,3,4,9,"ac370000, ac370419, ac370442",7,0.99335666949683843,0.046636913710659034,508,483
faithful_train,3,4,9,"ac370000, ac370419, ac370442",8,0.99335666949683843,0.048799395472762463,508,479
faithful_train,3,4,9,"ac370000, ac370419, ac370442",9,0.99335666949683843,0.046636913710659034,508,475
