itemset,size,rank,layer,IG,coverage,CD,source_pattern,step,n_patterns
"('376400',)",1,1,1,0.36748484145637617,0.29557522123893804,0.6620000263292509,376400,0,1
"('ac419100',)",1,2,1,0.33583119510633663,0.6451327433628319,0.6610446363515081,ac419100,0,3
"('ac370000',)",1,3,1,0.2445088954942589,0.7008849557522124,0.6286791547128087,ac370000,0,6
"('ac415100',)",1,4,1,0.061058676540266,0.22831858407079647,0.6211542342294288,ac415100,0,4
"('ac10307',)",1,5,1,0.00967906210939462,0.12477876106194691,0.6015614489885192,ac10307,0,1
"('ac355427',)",1,6,1,0.0036935520642495155,0.03185840707964602,0.601297481210644,ac355427,0,2
"('337419c',)",1,7,1,0.0013663896913688606,0.002654867256637168,0.5903896776101746,337419c,0,1
"('ac411100',)",1,8,2,0.1697631302643515,0.4592920353982301,0.6532958304557739,ac411100,0,1
"('370407',)",1,9,2,0.1288851671526853,0.5911504424778761,0.64812375249501,370407,0,1
"('ac378449',)",1,10,2,0.009748366587148762,0.021238938053097345,0.6387211799276673,ac378449,0,1
"('ac337220',)",1,11,2,0.004573231326757063,0.008849557522123894,0.6125191964285714,ac337220,0,1
"('ac386902',)",1,12,2,0.004409183059508203,0.017699115044247787,0.6276599099099098,ac386902,0,1
"('ac355201',)",1,13,2,0.0032743337115330798,0.07610619469026549,0.6316898333778846,ac355201,0,1
"('ac378431',)",1,14,2,0.00245381937618963,0.012389380530973451,0.6185157450076804,ac378431,0,1
"('375138a',)",1,15,2,0.0021603251512692326,0.018584070796460177,0.6316045128601485,375138a,0,1
"('372440a',)",1,16,2,0.0014486561090223176,0.01415929203539823,0.6150583482944345,372440a,0,1
"('ac337441',)",1,17,2,0.0013663896913688606,0.002654867256637168,0.5906351671103223,ac337441,0,1
"('ac372439',)",1,18,2,0.0010240112169706567,0.01504424778761062,0.6185094603879288,ac372439,0,1
"('ac388170',)",1,19,2,0.00048172876676355007,0.0035398230088495575,0.6057870781527531,ac388170,0,1
"('ac370419',)",1,20,3,0.12765320570209002,0.5769911504424778,0.6512171593038478,ac370419,0,1
"('ac389190',)",1,21,3,0.008735158122063366,0.016814159292035398,0.6470769576957696,ac389190,0,1
"('370828a',)",1,22,3,0.005349294766157525,0.012389380530973451,0.6440885816692268,370828a,0,1
"('339171a',)",1,23,3,0.004573231326757059,0.008849557522123894,0.6315241071428571,339171a,0,1
"('387042a',)",1,24,3,0.0038937919853744016,0.06460176991150443,0.6490250579956196,387042a,0,1
"('ac378720',)",1,25,3,0.003172523538695571,0.011504424778761062,0.6351520212106604,ac378720,0,1
"('ac378452',)",1,26,3,0.0021935369728561666,0.021238938053097345,0.6478213532248343,ac378452,0,1
"('370505a',)",1,27,3,0.0021363196880591594,0.01415929203539823,0.6405066202872532,370505a,0,1
"('ac355409',)",1,28,3,0.0020798038055948407,0.009734513274336283,0.6304368754569828,ac355409,0,1
"('ac356133',)",1,29,3,0.0020105765225149983,0.012389380530973451,0.6330875576036865,ac356133,0,1
"('ac356132',)",1,30,3,0.0016729390433902272,0.017699115044247787,0.6323027027027026,ac356132,0,1
"('378609r',)",1,31,3,0.0009103984218042458,0.0017699115044247787,0.6155961879432623,378609r,0,1
"('ac378149',)",1,32,3,0.0002967822621744165,0.019469026548672566,0.6320774532326879,ac378149,0,1
"('ac387070',)",1,33,3,0.00018228833026479908,0.006194690265486726,0.6270757537209005,ac387070,0,1
"('370480a',)",1,34,3,4.9360080878885215e-06,0.010619469026548672,0.6316748658318425,370480a,0,1
"('370488g',)",1,35,4,0.12101394348683513,0.5345132743362832,0.6573240185833354,370488g,0,1
"('370488e',)",1,36,4,0.11991041730182067,0.5353982300884956,0.6571893191656828,370488e,0,1
"('ac370443',)",1,37,4,0.11792344539921172,0.5637168141592921,0.6542333087080987,ac370443,0,1
"('ac10107',)",1,38,4,0.0120801766660589,0.17787610619469027,0.6513613980688592,ac10107,0,1
"('370504a',)",1,39,4,0.0037253713511226742,0.036283185840707964,0.6502375753096373,370504a,0,1
"('ac337480',)",1,40,4,0.002279962621978819,0.004424778761061947,0.6336457777777778,ac337480,0,1
"('376487',)",1,41,4,0.0016262808348974948,0.007964601769911504,0.6492157300029735,376487,0,1
"('ac350507',)",1,42,4,0.0012710788208570526,0.007964601769911504,0.6438911190405392,ac350507,0,1
"('ac378546',)",1,43,4,0.0012617286312804014,0.006194690265486726,0.6355155196539881,ac378546,0,1
"('ac372441',)",1,44,4,0.0008269235568879544,0.01327433628318584,0.6384817638266069,ac372441,0,1
"('370407c',)",1,45,4,0.0008075533064515871,0.0008849557522123894,0.6221589902568645,370407c,0,1
"('370501',)",1,46,4,0.0005903120332923098,0.01415929203539823,0.6337438285457809,370501,0,1
"('ac370716',)",1,47,4,3.489590497720088e-05,0.0017699115044247787,0.6290048758865249,ac370716,0,1
"('370401c',)",1,48,5,0.11912290459788122,0.5230088495575221,0.65920196735824,370401c,0,1
"('ac370403',)",1,49,5,0.1171233997052527,0.5380530973451327,0.6581485052429925,ac370403,0,1
"('ac370442',)",1,50,5,0.11374884140466751,0.5592920353982301,0.6554044659651264,ac370442,0,1
"('ac379999',)",1,51,5,0.0870861690474005,0.33362831858407077,0.6552528612341086,ac379999,0,1
"('339488a',)",1,52,5,0.002279962621978819,0.004424778761061947,0.6370084444444444,339488a,0,1
"('ac376406',)",1,53,5,0.00041212187435798325,0.009734513274336283,0.6357013161101632,ac376406,0,1
"('ac10207',)",1,54,5,0.00036676634834443417,0.012389380530973451,0.6373163082437276,ac10207,0,1
"('ac370423',)",1,55,6,0.11659565605519744,0.5247787610619469,0.6605586513671291,ac370423,0,1
"('ac372417',)",1,56,6,0.11509486159153687,0.5221238938053098,0.6583390929064659,ac372417,0,1
"('370488j',)",1,57,6,0.11257749162622409,0.5176991150442478,0.6581799184505607,370488j,0,1
"('370715a',)",1,58,6,0.1090748374476867,0.5389380530973451,0.6576717361774281,370715a,0,1
"('370712b',)",1,59,6,0.10891306220663871,0.5415929203539823,0.6564027998586822,370712b,0,1
"('339486e',)",1,60,6,0.020565417572550888,0.0743362831858407,0.6560431462259856,339486e,0,1
"('ac612000',)",1,61,6,0.0028323712451776917,0.009734513274336283,0.6553515720204728,ac612000,0,1
"('ac339956',)",1,62,6,0.0020696435510613757,0.002654867256637168,0.6508776989056493,ac339956,0,1
"('379000a',)",1,63,6,0.0018229106716278927,0.0035398230088495575,0.649998889875666,379000a,0,1
"('378452s',)",1,64,6,0.00014034509621049102,0.007079646017699115,0.6433946078431372,378452s,0,1
"('ac370111',)",1,65,6,5.268385445579907e-05,0.012389380530973451,0.6474603174603176,ac370111,0,1
"('ac370416',)",1,66,6,3.489590497720088e-05,0.0017699115044247787,0.6403945035460993,ac370416,0,1
"('ac380000',)",1,67,6,2.6522728670614476e-05,0.002654867256637168,0.6417443064182193,ac380000,0,1
"('ac386041',)",1,68,6,9.252172999855285e-06,0.006194690265486726,0.6415376542424629,ac386041,0,1
"('378453a',)",1,69,7,0.11022189044712176,0.49557522123893805,0.6615615444862155,378453a,0,1
"('ac370401',)",1,70,7,0.10945718813410285,0.49734513274336284,0.6620778876998646,ac370401,0,1
"('ac370402',)",1,71,7,0.10723075898748877,0.515929203539823,0.6609340124364614,ac370402,0,1
"('other',)",1,72,7,0.007242274152030038,0.1336283185840708,0.6596365564266822,other,0,1
"('302282',)",1,73,7,0.006417533921266108,0.012389380530973451,0.65814452124936,302282,0,1
"('ac356134',)",1,74,7,0.0061814405316695745,0.1088495575221239,0.6571119036662065,ac356134,0,1
"('ac370415',)",1,75,7,0.0016215562222853894,0.008849557522123894,0.6553857142857142,ac370415,0,1
"('ac10213',)",1,76,7,3.489590497720088e-05,0.0017699115044247787,0.6522983156028369,ac10213,0,1
"('370421s',)",1,77,7,2.6522728670614476e-05,0.002654867256637168,0.6545822241940255,370421s,0,1
"('377498a',)",1,78,8,0.10726498009368958,0.4920353982300885,0.661820667159652,377498a,0,1
"('ac410100',)",1,79,8,0.05189846567415885,0.3106194690265487,0.661229761656591,ac410100,0,1
"('ac355401',)",1,80,8,0.00488141157308349,0.008849557522123894,0.6605160714285715,ac355401,0,1
"('ac378729',)",1,81,8,0.0006912293638301594,0.005309734513274336,0.6565814056939503,ac378729,0,1
"('ac370421',)",1,82,8,0.0001482388052193792,0.01504424778761062,0.6587708102108768,ac370421,0,1
"('ac370604',)",1,83,9,0.09050652953964057,0.4902654867256637,0.6637687243030486,ac370604,0,1
"('ac370606',)",1,84,9,0.08248729211325799,0.48849557522123893,0.6637324638934858,ac370606,0,1
"('302211',)",1,85,9,0.008735158122063366,0.016814159292035398,0.6625196598607228,302211,0,1
"('302213e',)",1,86,9,0.008270537739756736,0.01592920353982301,0.6623701039168665,302213e,0,1
"('ac410500',)",1,87,9,0.004234908485801867,0.02654867256637168,0.6613860606060605,ac410500,0,1
"('370737c',)",1,88,9,0.001528151661724056,0.02831858407079646,0.6625620446265937,370737c,0,1
"('ac350503',)",1,89,9,0.0002612607221224219,0.04513274336283186,0.6626109415035709,ac350503,0,1
"('370488s',)",1,90,9,3.78155674248537e-05,0.01415929203539823,0.6591188846499102,370488s,0,1
"('ac378607',)",1,91,10,0.07704339455035289,0.4778761061946903,0.663957297551789,ac378607,0,1
"('378858s',)",1,92,10,3.489590497720088e-05,0.0017699115044247787,0.6629853723404255,378858s,0,1
"('376425a',)",1,93,10,5.821273791478676e-08,0.008849557522123894,0.6604571428571429,376425a,0,1
"('ac386002',)",1,94,11,0.05081605608712128,0.18938053097345134,0.671681834877362,ac386002,0,1
"('ac40014',)",1,95,11,0.02558488056447349,0.2345132743362832,0.6775511506162069,ac40014,0,1
"('376480a',)",1,96,11,0.007663098020182699,0.23539823008849559,0.6824345803745475,376480a,0,1
"('ac355111',)",1,97,11,0.0037932555470085623,0.10619469026548672,0.6673276402640264,ac355111,0,1
"('ac378858',)",1,98,11,0.00286690430804974,0.010619469026548672,0.6643843172331545,ac378858,0,1
"('337190c',)",1,99,11,0.0007204671412271938,0.007079646017699115,0.6642223707664884,337190c,0,1
"('ac387090',)",1,100,12,0.03246692013748593,0.09823008849557523,0.6741756403115577,ac387090,0,1
"('ac370701',)",1,101,12,0.011361361267944294,0.1256637168141593,0.6765750983634601,ac370701,0,1
"('330001b',)",1,102,12,0.0020569973383167354,0.09380530973451327,0.6703353018130896,330001b,0,1
"('ac20189',)",1,103,12,0.0013663896913688606,0.002654867256637168,0.6659871339840283,ac20189,0,1
"('370420s',)",1,104,12,0.0008336759741504624,0.0035398230088495575,0.6673567939609236,370420s,0,1
"('ac375518',)",1,105,12,0.0006912293638301594,0.005309734513274336,0.6689079181494662,ac375518,0,1
"('370466c',)",1,106,12,0.000677944431264039,0.012389380530973451,0.6680296338965693,370466c,0,1
"('370737z',)",1,107,12,0.0006367575583726493,0.004424778761061947,0.6665888888888889,370737z,0,1
"('378453s',)",1,108,12,0.00036380451601027153,0.006194690265486726,0.6660714285714284,378453s,0,1
"('ac380077',)",1,109,12,2.6522728670614476e-05,0.002654867256637168,0.6654414374445431,ac380077,0,1
"('ac610001',)",1,110,13,0.014350422020862653,0.09557522123893805,0.6875552203377546,ac610001,0,1
"('ac370711',)",1,111,13,0.003466174871393824,0.07610619469026549,0.6860284683239776,ac370711,0,1
"('370403s',)",1,112,13,0.001545483383922813,0.01592920353982301,0.6764545863309352,370403s,0,1
"('ac359999',)",1,113,13,0.0006007747886544769,0.05221238938053097,0.6782326433398218,ac359999,0,1
"('ac375004',)",1,114,13,0.00042511756434217545,0.021238938053097345,0.6763997513562389,ac375004,0,1
"('375003a',)",1,115,13,0.00015417286890211795,0.023008849557522124,0.6712696836677815,375003a,0,1
"('ac613000',)",1,116,14,0.010402524086431438,0.08141592920353982,0.6941641011141827,ac613000,0,1
"('ac614400',)",1,117,14,0.009341980056627761,0.04601769911504425,0.6893659911517054,ac614400,0,1
"('370402s',)",1,118,14,0.002724154190019156,0.011504424778761062,0.6866560498588251,370402s,0,1
"('370401s',)",1,119,14,0.0015075583909723751,0.012389380530973451,0.6870087685611879,370401s,0,1
"('370426s',)",1,120,14,0.0008128482370828288,0.011504424778761062,0.684217856896908,370426s,0,1
"('372417s',)",1,121,14,0.0007111143291516318,0.008849557522123894,0.6831245535714285,372417s,0,1
"('ac386042',)",1,122,14,0.00036676634834443417,0.012389380530973451,0.6788338453661035,ac386042,0,1
"('370489s',)",1,123,14,6.07077214073784e-05,0.01592920353982301,0.6843120503597122,370489s,0,1
"('ac387001',)",1,124,14,3.489590497720088e-05,0.0017699115044247787,0.6728102836879433,ac387001,0,1
"('339988e',)",1,125,15,0.008571246052253588,0.023008849557522124,0.7324932065217391,339988e,0,1
"('ac390550',)",1,126,15,0.006745322316298302,0.02831858407079646,0.7358654940801458,ac390550,0,1
"('ac390520',)",1,127,15,0.004886587166482612,0.01504424778761062,0.7303864753448549,ac390520,0,1
"('ac619600',)",1,128,15,0.0038626652685038697,0.02743362831858407,0.7003493645249347,ac619600,0,1
"('377121s',)",1,129,15,0.0032411014621542347,0.030973451327433628,0.7022877364644488,377121s,0,1
"('ac40016',)",1,130,15,0.002713053932015085,0.035398230088495575,0.7028069954128441,ac40016,0,1
"('370711s',)",1,131,15,0.0021369212051923978,0.009734513274336283,0.6959312291818994,370711s,0,1
"('370419s',)",1,132,15,0.0016997323591769432,0.03185840707964602,0.7026148943733496,370419s,0,1
"('ac370424',)",1,133,15,0.0014748720436253311,0.004424778761061947,0.688396,ac370424,0,1
"('370701s',)",1,134,15,0.0012091632450427232,0.04247787610619469,0.6967899915280346,370701s,0,1
"('370423t',)",1,135,15,0.000732295418636314,0.012389380530973451,0.6878629032258063,370423t,0,1
"('370488t',)",1,136,15,0.00017575097985454008,0.008849557522123894,0.6807379464285714,370488t,0,1
"('ac390003',)",1,137,16,0.0059211351087452456,0.020353982300884955,0.7351532736341856,ac390003,0,1
"('ac339160',)",1,138,16,0.002786342603773341,0.010619469026548672,0.7294614639236732,ac339160,0,1
"('ac375075',)",1,139,16,0.0027453693051394416,0.011504424778761062,0.7068812409613664,ac375075,0,1
"('370715s',)",1,140,16,0.0022514305802741677,0.02920353982300885,0.7135871246650645,370715s,0,1
"('ac390001',)",1,141,16,0.0018229106716278927,0.0035398230088495575,0.7022557726465364,ac390001,0,1
"('370442s',)",1,142,16,0.0017026283191710432,0.03008849557522124,0.7060848271790467,370442s,0,1
"('370443s',)",1,143,16,0.001255142793813866,0.03008849557522124,0.7057238890081581,370443s,0,1
"('370111s',)",1,144,16,0.0009873898235934642,0.004424778761061947,0.6910128888888889,370111s,0,1
"('378609k',)",1,145,16,9.154134109626288e-05,0.011504424778761062,0.6957601060533021,378609k,0,1
"('370737s',)",1,146,16,6.991825967670937e-05,0.0035398230088495575,0.6864209591474246,370737s,0,1
"('ac390004',)",1,147,17,0.0026273244419790535,0.004424778761061947,0.734956,ac390004,0,1
"('ac710170',)",1,148,17,0.0015498197384298138,0.006194690265486726,0.7158411779671796,ac710170,0,1
"('ac390183',)",1,149,17,0.0014571727161567464,0.007079646017699115,0.7306756907308378,ac390183,0,1
"('378609s',)",1,150,17,0.0005104382812339695,0.010619469026548672,0.7166033094812165,378609s,0,1
"('ac10113',)",1,151,17,0.00028274701247416045,0.01415929203539823,0.7486703321364452,ac10113,0,1
"('370465q',)",1,152,17,6.991825967670937e-05,0.0035398230088495575,0.6922091474245116,370465q,0,1
"('ac375005',)",1,153,17,1.8621211101643026e-05,0.012389380530973451,0.7129816308243727,ac375005,0,1
"('339099b',)",1,154,18,0.0013663896913688606,0.002654867256637168,0.7374171842650104,339099b,0,1
"('ac393628',)",1,155,18,0.0009103984218042458,0.0017699115044247787,0.7282912234042553,ac393628,0,1
"('ac370420',)",1,156,18,0.0007616413023037137,0.005309734513274336,0.7508348161328589,ac370420,0,1
"('370707s',)",1,157,18,0.0003797829272698377,0.002654867256637168,0.7170400769003253,370707s,0,1
"('ac370437',)",1,158,18,6.991825967670937e-05,0.0035398230088495575,0.7303619005328598,ac370437,0,1
"('ac413489',)",1,159,19,0.0009103984218042458,0.0017699115044247787,0.7517708333333333,ac413489,0,1
"('ac372414',)",1,160,19,3.489590497720088e-05,0.0017699115044247787,0.7175288120567376,ac372414,0,1
"('ac378458',)",1,161,19,3.489590497720088e-05,0.0017699115044247787,0.7175288120567376,ac378458,0,1
"('ac709999',)",1,162,20,0.0009103984218042458,0.0017699115044247787,0.7554676418439716,ac709999,0,1
"('ac413461',)",1,163,21,0.0009103984218042458,0.0017699115044247787,0.7687433510638298,ac413461,0,1
"('ac686405',)",1,164,21,0.0008075533064515871,0.0008849557522123894,0.7582617360496015,ac686405,0,1
"('370715a', '376400')",2,1,1,0.29668782487531803,0.2504424778761062,0.6685365413577748,370715a ~> 376400,1,2
"('370712b', '376400')",2,2,1,0.2910567135735553,0.24690265486725663,0.6667546192756572,370712b ~> 376400,1,2
"('ac411100', 'ac419100')",2,3,1,0.14491603416471835,0.3601769911504425,0.64025524109549,ac411100 -> ac419100,1,20
"('370401c', 'ac370000')",2,4,1,0.11848432554467397,0.5221238938053098,0.659508097928437,ac370000 ~> 370401c,1,4
"('ac370000', 'ac370403')",2,5,1,0.11479017205444375,0.5292035398230088,0.6585928659441245,ac370000 ~> ac370403,1,4
"('ac411100', 'ac415100')",2,6,1,0.041916521281301806,0.13539823008849558,0.5997420909680828,ac411100 ~> ac415100,1,7
"('ac415100', 'ac419100')",2,7,1,0.03795571744018555,0.1079646017699115,0.5986327006895655,ac419100 -> ac415100,1,9
"('ac10307', 'ac419100')",2,8,1,0.020581928178525874,0.08938053097345133,0.5884845663866678,ac10307 ~> ac419100,1,3
"('ac10307', 'ac411100')",2,9,1,0.01913236458167921,0.06017699115044248,0.5810015785975408,ac10307 -> ac411100 ~> ac411100,2,12
"('ac355201', 'ac415100')",2,10,1,0.007342942932663875,0.01415929203539823,0.5627025359066428,ac355201 ~> ac415100,1,5
"('ac378431', 'ac415100')",2,11,1,0.00227996262197882,0.004424778761061947,0.5554084444444445,ac378431 ~> ac415100,1,2
"('ac350503', 'ac415100')",2,12,1,0.0018229106716278927,0.0035398230088495575,0.5476987122557726,ac350503 ~> ac415100,1,2
"('ac370419', 'ac415100')",2,13,1,0.0009103984218042458,0.0017699115044247787,0.52041445035461,ac370419 ~> ac415100,1,1
"('ac355427', 'ac378149')",2,14,1,0.0008075533064515871,0.0008849557522123894,0.5103875110717448,ac355427 ~> ac378149,1,1
"('376400', '378453a')",2,15,2,0.288265372542132,0.24513274336283186,0.6698485595540902,376400 ~> 378453a,1,2
"('376400', 'ac372417')",2,16,2,0.2827300254320893,0.2415929203539823,0.667089546975778,ac372417 -> 376400,1,2
"('ac370000', 'ac370401')",2,17,2,0.11139465338673891,0.4964601769911504,0.6624206789282258,ac370000 ~> ac370401,1,4
"('ac370000', 'ac370402')",2,18,2,0.10697898257155268,0.5061946902654867,0.6623865359550843,ac370000 -> ac370000 ~> ac370402,2,6
"('ac379999', 'ac419100')",2,19,2,0.061087324952866506,0.21327433628318584,0.6621057624539671,ac379999 ~> ac419100,1,2
"('ac410100', 'ac419100')",2,20,2,0.05228745519016257,0.2982300884955752,0.6612099472012154,ac410100 -> ac419100,1,6
"('ac379999', 'ac415100')",2,21,2,0.018939036219332985,0.07168141592920355,0.600511745460109,ac379999 ~> ac415100,1,4
"('ac370000', 'ac379999')",2,22,2,0.01371045584874546,0.07787610619469026,0.6244307821497121,ac370000 ~> ac379999,1,7
"('376400', 'ac370000')",2,23,2,0.010139921888001373,0.01504424778761062,0.5876786374927329,ac370000 -> 376400,1,3
"('370407', 'ac370000')",2,24,2,0.005607568632019801,0.09115044247787611,0.6551847448974769,ac370000 -> ac370000 ~> 370407,2,4
"('ac355427', 'ac415100')",2,25,2,0.004555810288373526,0.01415929203539823,0.5797175157091562,ac355427 ~> ac415100,1,4
"('ac370000', 'ac419100')",2,26,2,0.004378169885394974,0.18495575221238938,0.6546837871254981,ac419100 ~> ac370000,1,6
"('ac355201', 'ac419100')",2,27,2,0.004161041023813736,0.021238938053097345,0.5949093957203135,ac355201 ~> ac419100,1,3
"('376400', 'ac370419')",2,28,2,0.004049499951665023,0.004424778761061947,0.5750244444444444,ac370419 ~> 376400,1,1
"('376400', 'ac411100')",2,29,2,0.004049499951665017,0.004424778761061947,0.5720386666666666,ac411100 ~> 376400,1,1
"('ac355427', 'ac419100')",2,30,2,0.0037214639932394364,0.01592920353982301,0.5886383393285372,ac355427 ~> ac419100,1,3
"('ac378149', 'ac415100')",2,31,2,0.0023135774529035695,0.006194690265486726,0.5684063732349575,ac378149 ~> ac415100,1,2
"('ac410500', 'ac415100')",2,32,2,0.002279962621978819,0.004424778761061947,0.5605142222222222,ac410500 -> ac415100,1,4
"('376400', 'ac355201')",2,33,2,0.0016162763187471934,0.0017699115044247787,0.5571409574468085,ac355201 ~> 376400,1,1
"('375138a', 'ac370000')",2,34,2,0.0013663896913688597,0.002654867256637168,0.5515431824903875,ac370000 ~> 375138a,1,4
"('ac378858', 'ac415100')",2,35,2,0.0009103984218042458,0.0017699115044247787,0.5249113475177305,ac378858 ~> ac415100,1,1
"('ac350503', 'ac355427')",2,36,2,0.0004549356081078081,0.0008849557522123894,0.516242249778565,ac355427 ~> ac350503,1,3
"('370407', 'ac10307')",2,37,2,0.00014034509621049102,0.007079646017699115,0.5793861408199643,ac10307 ~> 370407,1,1
"('376400', 'ac378607')",2,38,3,0.24434922613452315,0.215929203539823,0.6699975483847094,376400 ~> ac378607,1,2
"('376400', 'ac370606')",2,39,3,0.1753262586309742,0.16460176991150444,0.6683132005194095,ac370606 ~> 376400,1,2
"('376400', '377498a')",2,40,3,0.16978417037355403,0.16017699115044248,0.6676923513555997,376400 -> 377498a,1,2
"('376400', 'ac370701')",2,41,3,0.034968114354834406,0.03716814159292035,0.6634216342787114,ac370701 ~> 376400,1,1
"('339486e', 'ac370000')",2,42,3,0.028247164754332327,0.05221238938053097,0.6647404215923658,339486e ~> ac370000,1,4
"('ac10107', 'ac370000')",2,43,3,0.024439497415649603,0.12654867256637167,0.6652722631977952,ac10107 ~> ac370000,1,4
"('370488j', '376400')",2,44,3,0.018042095099548308,0.019469026548672566,0.6356274614374795,370488j ~> 376400,1,2
"('ac370000', 'ac387090')",2,45,3,0.015032858653304879,0.04336283185840708,0.6616065528894259,ac387090 ~> ac370000,1,5
"('ac356134', 'ac415100')",2,46,3,0.01078638843357398,0.02743362831858407,0.6050951744988113,ac356134 ~> ac415100,1,5
"('ac356134', 'ac419100')",2,47,3,0.010444265299704403,0.030973451327433628,0.6320488584474886,ac356134 ~> ac419100,1,3
"('ac410100', 'ac415100')",2,48,3,0.009970854390817562,0.05309734513274336,0.6393668224299066,ac410100 ~> ac415100,1,6
"('ac370000', 'ac370606')",2,49,3,0.009321469316220736,0.06371681415929203,0.6545360087166562,ac370000 ~> ac370606,1,4
"('ac370000', 'ac411100')",2,50,3,0.008542970401360706,0.030973451327433628,0.6008555120678408,ac370000 ~> ac411100,1,6
"('ac370000', 'ac415100')",2,51,3,0.007628280153684891,0.0752212389380531,0.6316402195327893,ac415100 ~> ac370000,1,6
"('376400', 'ac419100')",2,52,3,0.00567756454729019,0.006194690265486726,0.5974771021498537,ac419100 ~> 376400,1,2
"('370488g', '376400')",2,53,3,0.004862938238468863,0.005309734513274336,0.5932703143534993,370488g ~> 376400,1,2
"('ac355427', 'ac411100')",2,54,3,0.004555810288373526,0.01415929203539823,0.5810188509874328,ac355427 -> ac411100,1,5
"('ac10107', 'ac419100')",2,55,3,0.004103507868290317,0.05132743362831858,0.6248430262480699,ac10107 ~> ac419100,1,2
"('370488e', '376400')",2,56,3,0.004049499951665023,0.004424778761061947,0.5755382222222222,370488e ~> 376400,1,1
"('370488j', 'ac370000')",2,57,3,0.00209563464091874,0.005309734513274336,0.5710120106761566,ac370000 ~> 370488j,1,4
"('ac370000', 'ac370419')",2,58,3,0.0018284468404967356,0.08230088495575222,0.6553890202299851,ac370000 -> ac370000 ~> ac370419,2,4
"('370505a', 'ac370000')",2,59,3,0.0018229106716278936,0.0035398230088495575,0.5621358792184724,ac370000 ~> 370505a,1,3
"('370504a', '376400')",2,60,3,0.0008075533064515871,0.0008849557522123894,0.5268356953055802,370504a -> 376400,1,1
"('ac355427', 'ac370419')",2,61,3,0.0008075533064515871,0.0008849557522123894,0.5268356953055802,ac355427 ~> ac370419,1,1
"('ac370000', 'ac378452')",2,62,3,0.0008075533064515871,0.0008849557522123894,0.5268356953055802,ac370000 -> ac370000 ~> ac378452,2,3
"('370505a', 'ac419100')",2,63,3,0.0004549356081078081,0.0008849557522123894,0.5217161204605846,ac419100 ~> 370505a,1,2
"('339486e', '376400')",2,64,3,3.489590497720088e-05,0.0017699115044247787,0.5545611702127661,339486e ~> 376400,1,1
"('376400', '376480a')",2,65,4,0.09195953478253907,0.09292035398230089,0.6757969105691057,376400 -> 376480a,1,2
"('ac386002', 'ac419100')",2,66,4,0.03555722050822611,0.13982300884955753,0.6803008282544147,ac386002 ~> ac419100,1,3
"('370737c', '376400')",2,67,4,0.00976864720563412,0.010619469026548672,0.6656805307096005,370737c ~> 376400,1,2
"('ac386002', 'ac415100')",2,68,4,0.00935832716778991,0.02920353982300885,0.6482429352780311,ac386002 ~> ac415100,1,2
"('ac370000', 'ac370604')",2,69,4,0.008892291409320342,0.034513274336283185,0.658657253989518,ac370000 -> ac370000 ~> ac370604,2,6
"('ac419100', 'other')",2,70,4,0.007543477442470179,0.03716814159292035,0.6645216211484595,ac419100 ~> other,1,4
"('330001b', 'ac370000')",2,71,4,0.006766089764183111,0.084070796460177,0.6700797101449275,330001b ~> ac370000,1,4
"('330001b', 'ac419100')",2,72,4,0.006417533921266085,0.012389380530973451,0.6475848054275474,ac419100 ~> 330001b,1,2
"('ac40014', 'ac415100')",2,73,4,0.005753550211805883,0.016814159292035398,0.6462687716140035,ac415100 ~> ac40014,1,5
"('376400', 'other')",2,74,4,0.005677564547290192,0.006194690265486726,0.6377913115379722,376400 ~> other,1,4
"('ac387090', 'ac415100')",2,75,4,0.005596928598772181,0.016814159292035398,0.6389901226964803,ac387090 -> ac415100,1,5
"('ac370000', 'ac378607')",2,76,4,0.00537697922570099,0.036283185840707964,0.6438695715469551,ac370000 ~> ac378607,1,4
"('ac415100', 'other')",2,77,4,0.004821689372797891,0.01327433628318584,0.6034635276532138,other ~> ac415100,1,6
"('372440a', 'ac370000')",2,78,4,0.00457323132675706,0.008849557522123894,0.6009058035714286,ac370000 ~> 372440a,1,3
"('ac356134', 'ac370000')",2,79,4,0.004538232157737547,0.06637168141592921,0.6633739336492891,ac356134 ~> ac370000,1,5
"('370504a', 'ac370000')",2,80,4,0.00411782162455009,0.018584070796460177,0.6084865172398987,ac370000 ~> 370504a,1,6
"('ac355201', 'ac370000')",2,81,4,0.003685849657943694,0.03893805309734513,0.6596833668173446,ac355201 ~> ac370000 -> ac370000,2,4
"('ac10107', 'ac415100')",2,82,4,0.003654316956573131,0.007079646017699115,0.5903581773618539,ac10107 ~> ac415100,1,2
"('ac370000', 'ac378449')",2,83,4,0.003158999543096689,0.007964601769911504,0.5939763603925067,ac370000 ~> ac378449,1,5
"('ac370000', 'ac378431')",2,84,4,0.002737546806409445,0.005309734513274336,0.5891770462633452,ac370000 ~> ac378431,1,2
"('339486e', 'ac415100')",2,85,4,0.002737546806409444,0.005309734513274336,0.5868527580071174,ac415100 ~> 339486e,1,4
"('ac350503', 'ac419100')",2,86,4,0.0027375468064094396,0.005309734513274336,0.5815636120996441,ac419100 ~> ac350503,1,3
"('375138a', 'ac415100')",2,87,4,0.0018229106716278927,0.0035398230088495575,0.5700088809946713,375138a ~> ac415100,1,1
"('376480a', 'ac415100')",2,88,4,0.0015582455570017978,0.010619469026548672,0.5931380441264162,376480a ~> ac415100,1,1
"('ac10307', 'ac415100')",2,89,4,0.001518100934274201,0.01415929203539823,0.5880242930879712,ac10307 ~> ac415100,1,4
"('372440a', 'ac355427')",2,90,4,0.0013663896913688606,0.002654867256637168,0.56403652765454,ac355427 ~> 372440a,1,1
"('ac355427', 'ac372439')",2,91,4,0.0013663896913688606,0.002654867256637168,0.56403652765454,ac355427 ~> ac372439,1,1
"('370828a', 'ac370000')",2,92,4,0.001331876926444985,0.005309734513274336,0.5710120106761566,ac370000 ~> 370828a,1,2
"('339486e', 'ac419100')",2,93,4,0.0011545411396145736,0.022123893805309734,0.6304916742081448,339486e ~> ac419100,1,3
"('376400', 'ac10107')",2,94,4,0.0008075533064515871,0.0008849557522123894,0.5449180690876883,ac10107 ~> 376400,1,1
"('370501', 'ac415100')",2,95,4,0.0004549356081078081,0.0008849557522123894,0.5306753764393268,ac415100 ~> 370501,1,1
"('370401c', 'ac415100')",2,96,4,0.0003853096344792542,0.007964601769911504,0.5822080979284369,ac415100 ~> 370401c,1,1
"('370712b', 'ac419100')",2,97,4,3.489590497720088e-05,0.0017699115044247787,0.5618594858156027,370712b ~> ac419100,1,1
"('ac378607', 'ac419100')",2,98,5,0.02939203202898273,0.10442477876106195,0.6841839870704092,ac378607 ~> ac419100,1,2
"('ac40014', 'ac419100')",2,99,5,0.02266742748332227,0.1088495575221239,0.6869444982682201,ac419100 ~> ac40014,1,3
"('378453a', 'ac419100')",2,100,5,0.009244059982017746,0.02920353982300885,0.6579936327725755,378453a ~> ac419100,1,1
"('ac355111', 'ac419100')",2,101,5,0.007913068105135708,0.04513274336283186,0.6786623871049811,ac419100 -> ac355111,1,3
"('387042a', 'ac419100')",2,102,5,0.00748593612207397,0.024778761061946902,0.6544441923774954,ac419100 ~> 387042a,1,4
"('ac370000', 'ac410100')",2,103,5,0.006045028898397475,0.09823008849557523,0.681855002696514,ac410100 ~> ac370000,1,6
"('302211', 'ac419100')",2,104,5,0.005033495803779681,0.009734513274336283,0.6507512795515477,ac419100 ~> 302211,1,1
"('370501', 'ac370000')",2,105,5,0.004113505473452757,0.007964601769911504,0.602186787590445,ac370000 -> 370501,1,3
"('ac370000', 'ac386002')",2,106,5,0.003560289227363871,0.03185840707964602,0.6478129443428805,ac386002 ~> ac370000,1,2
"('ac370000', 'ac410500')",2,107,5,0.00326744029799712,0.008849557522123894,0.6434526785714286,ac410500 ~> ac370000,1,3
"('387042a', 'ac415100')",2,108,5,0.0031377706095128558,0.01504424778761062,0.6157699117382803,387042a -> ac415100,1,6
"('ac378449', 'ac415100')",2,109,5,0.002737546806409445,0.005309734513274336,0.6018164294187426,ac378449 ~> ac415100,1,2
"('ac370604', 'ac415100')",2,110,5,0.0027375468064094396,0.005309734513274336,0.5988575029655991,ac415100 ~> ac370604,1,1
"('376480a', 'ac370000')",2,111,5,0.002559682158493749,0.006194690265486726,0.5933230505024805,ac370000 ~> 376480a,1,6
"('376400', '378453s')",2,112,5,0.002426172664004144,0.002654867256637168,0.5920800059154097,376400 ~> 378453s,1,1
"('ac10307', 'ac370000')",2,113,5,0.0018324026226363456,0.016814159292035398,0.6101140508787721,ac10307 -> ac370000,1,5
"('ac372439', 'ac419100')",2,114,5,0.0018229106716278936,0.0035398230088495575,0.5834880106571936,ac419100 ~> ac372439,1,2
"('387042a', 'ac370000')",2,115,5,0.0013663896913688597,0.002654867256637168,0.5711527654540077,ac370000 ~> 387042a,1,5
"('337419c', 'ac370000')",2,116,5,0.0009103984218042458,0.0017699115044247787,0.5702482269503546,337419c ~> ac370000,1,1
"('337419c', 'ac370402')",2,117,5,0.0009103984218042458,0.0017699115044247787,0.5702482269503546,337419c ~> ac370402,1,1
"('337419c', 'ac379999')",2,118,5,0.0009103984218042458,0.0017699115044247787,0.5702482269503546,337419c ~> ac379999,1,2
"('ac370000', 'ac370442')",2,119,5,0.0008470242250227461,0.04336283185840708,0.672082869225396,ac370000 ~> ac370442,1,3
"('ac370000', 'ac372417')",2,120,5,0.0008075533064515871,0.0008849557522123894,0.5449357838795394,ac370000 -> ac370000 ~> ac372417,2,4
"('ac378546', 'ac415100')",2,121,5,0.00048172876676355007,0.0035398230088495575,0.5828763321492009,ac378546 ~> ac415100,1,2
"('378452s', 'ac419100')",2,122,5,0.0004549356081078081,0.0008849557522123894,0.532694862710363,378452s ~> ac419100,1,1
"('ac10307', 'ac370403')",2,123,5,3.489590497720088e-05,0.0017699115044247787,0.5690757978723404,ac10307 ~> ac370403,1,1
"('ac387090', 'ac419100')",2,124,6,0.014667914316153038,0.04513274336283186,0.6853233295171637,ac419100 -> ac387090,1,3
"('ac370000', 'ac40014')",2,125,6,0.011968973522223281,0.08672566371681416,0.6881611888941622,ac40014 ~> ac370000 -> ac370000,2,5
"('376400', 'ac370711')",2,126,6,0.008948024642827297,0.009734513274336283,0.661815135266878,ac370711 ~> 376400,1,2
"('ac355401', 'ac370000')",2,127,6,0.007310396121707401,0.007964601769911504,0.660274804242244,ac355401 ~> ac370000,1,4
"('ac359999', 'ac370000')",2,128,6,0.005501097696512481,0.03008849557522124,0.6838466079862602,ac359999 ~> ac370000 -> ac370000,2,4
"('ac370000', 'ac372439')",2,129,6,0.004113505473452754,0.007964601769911504,0.6031541778174249,ac370000 -> ac372439,1,4
"('ac359999', 'ac419100')",2,130,6,0.0038243766046484025,0.020353982300884955,0.6690741722634618,ac419100 ~> ac359999,1,2
"('ac386902', 'ac419100')",2,131,6,0.00286690430804974,0.010619469026548672,0.6308355694692904,ac419100 -> ac386902,1,3
"('ac370401', 'ac419100')",2,132,6,0.002547354476146825,0.030973451327433628,0.6696469015003261,ac419100 ~> ac370401,1,1
"('370407', 'ac415100')",2,133,6,0.002306942849631866,0.012389380530973451,0.6264500128008191,ac415100 ~> 370407,1,2
"('ac350503', 'ac370000')",2,134,6,0.0018274115547533155,0.030973451327433628,0.6679195694716243,ac350503 ~> ac370000,1,2
"('370407', 'ac419100')",2,135,6,0.0018253535042990782,0.022123893805309734,0.6581313122171946,ac419100 ~> 370407,1,2
"('370501', 'ac419100')",2,136,6,0.0018229106716278927,0.0035398230088495575,0.595001110124334,ac419100 ~> 370501,1,1
"('376487', 'ac415100')",2,137,6,0.0017163833524621516,0.002654867256637168,0.584332298136646,ac415100 ~> 376487,1,2
"('ac355427', 'ac370000')",2,138,6,0.001581626027784654,0.012389380530973451,0.619308115719406,ac355427 ~> ac370000,1,4
"('ac355427', 'ac378431')",2,139,6,0.0009103984218042458,0.0017699115044247787,0.5711879432624113,ac355427 ~> ac378431,1,1
"('ac370401', 'ac415100')",2,140,6,0.0008269235568879544,0.01327433628318584,0.6117155455904334,ac415100 ~> ac370401,1,1
"('376400', 'ac10307')",2,141,6,0.0008075533064515871,0.0008849557522123894,0.5538773250664305,ac10307 ~> 376400,1,1
"('ac370604', 'ac419100')",2,142,6,0.0007211741787293731,0.016814159292035398,0.6490512340707755,ac419100 ~> ac370604,1,1
"('375138a', 'ac419100')",2,143,6,0.0004895741833295048,0.002654867256637168,0.5793012422360249,375138a ~> ac419100,1,1
"('372440a', 'ac10307')",2,144,6,0.0004549356081078081,0.0008849557522123894,0.5326948627103631,ac10307 ~> 372440a,1,1
"('ac10307', 'ac372439')",2,145,6,0.0004549356081078081,0.0008849557522123894,0.5326948627103631,ac10307 ~> ac372439,1,1
"('378453a', 'ac415100')",2,146,6,0.00018228833026479908,0.006194690265486726,0.5983389517873043,378453a ~> ac415100,1,1
"('376400', 'ac378449')",2,147,7,0.008948024642827297,0.009734513274336283,0.6666615890811601,376400 ~> ac378449,1,2
"('370402s', 'ac370000')",2,148,7,0.006300531781424912,0.010619469026548672,0.6919819618366131,ac370000 ~> 370402s,1,4
"('376400', 'ac372441')",2,149,7,0.004862938238468863,0.005309734513274336,0.6611150652431791,ac372441 -> 376400,1,2
"('376400', 'ac376406')",2,150,7,0.004862938238468863,0.005309734513274336,0.6611150652431791,376400 -> ac376406,1,1
"('ac419100', 'ac610001')",2,151,7,0.004616869060404323,0.02831858407079646,0.7208955202641165,ac419100 ~> ac610001,1,2
"('370419s', 'ac370000')",2,152,7,0.004486292902299489,0.024778761061946902,0.7169699572206377,ac370000 ~> 370419s,1,4
"('370701s', '376400')",2,153,7,0.004049499951665023,0.004424778761061947,0.6320768888888889,370701s ~> 376400,1,1
"('370403s', 'ac370000')",2,154,7,0.003804793137348557,0.01504424778761062,0.6796095608054542,ac370000 ~> 370403s,1,4
"('375003a', 'ac370000')",2,155,7,0.003654316956573131,0.007079646017699115,0.6347420900178253,ac370000 ~> 375003a,1,2
"('ac350507', 'ac370000')",2,156,7,0.0033673995352876216,0.006194690265486726,0.6109766569138786,ac350507 ~> ac370000,1,2
"('ac370000', 'ac370423')",2,157,7,0.0028786422294232554,0.01415929203539823,0.6792602670556553,ac370000 -> ac370000 ~> ac370423,2,2
"('ac386902', 'ac415100')",2,158,7,0.0027375468064094466,0.005309734513274336,0.605116399762752,ac386902 ~> ac415100,1,5
"('ac355111', 'ac370000')",2,159,7,0.002173209828829084,0.024778761061946902,0.6789149598133264,ac355111 -> ac370000 -> ac370000,1,4
"('ac370000', 'other')",2,160,7,0.002114451950193356,0.011504424778761062,0.6441944425315063,ac370000 ~> other,1,8
"('ac370419', 'ac419100')",2,161,7,0.0018229106716278927,0.0035398230088495575,0.6037821936056839,ac370419 ~> ac419100,1,2
"('376400', 'ac370443')",2,162,7,0.0016162763187471934,0.0017699115044247787,0.6036369680851064,ac370443 ~> 376400,1,2
"('372440a', 'ac419100')",2,163,7,0.0013663896913688606,0.002654867256637168,0.5869528246081042,ac419100 ~> 372440a,1,2
"('370712b', 'ac370000')",2,164,7,0.00124590720850613,0.010619469026548672,0.6429576624925463,ac370000 ~> 370712b,1,4
"('ac370000', 'ac370443')",2,165,7,0.0009933159584486848,0.019469026548672566,0.6737781014112242,ac370000 -> ac370000 ~> ac370443,2,4
"('370828a', 'ac419100')",2,166,7,0.0009103984218042458,0.0017699115044247787,0.5762012411347517,370828a ~> ac419100,1,1
"('376400', 'ac370403')",2,167,7,0.0008075533064515871,0.0008849557522123894,0.5555292294065545,ac370403 ~> 376400,1,1
"('339486e', 'ac10307')",2,168,7,0.0004549356081078081,0.0008849557522123894,0.5369995571302038,339486e ~> ac10307,1,2
"('ac10307', 'ac370401')",2,169,7,0.0003797829272698377,0.002654867256637168,0.583376959479444,ac10307 ~> ac370401,1,1
"('370401c', 'ac10307')",2,170,7,0.00014034509621049102,0.007079646017699115,0.6145354278074866,ac10307 ~> 370401c,1,1
"('ac10307', 'ac355201')",2,171,7,2.6522728670614476e-05,0.002654867256637168,0.5809590357882284,ac10307 ~> ac355201,1,1
"('370828a', '376400')",2,172,8,0.007310396121707398,0.007964601769911504,0.6815425215581327,370828a ~> 376400,1,1
"('ac419100', 'ac613000')",2,173,8,0.00420047516323901,0.017699115044247787,0.7312144144144144,ac419100 ~> ac613000,1,2
"('372440a', '376400')",2,174,8,0.004049499951665023,0.004424778761061947,0.6335240000000001,372440a -> 376400,1,1
"('376400', 'ac372439')",2,175,8,0.004049499951665023,0.004424778761061947,0.6335240000000001,ac372439 ~> 376400,1,2
"('302282', 'ac370000')",2,176,8,0.003654316956573131,0.007079646017699115,0.65217190285205,302282 -> ac370000,1,4
"('372417s', '376400')",2,177,8,0.0032372459872735924,0.0035398230088495575,0.6171603019538189,372417s -> 376400,1,1
"('ac378720', 'ac419100')",2,178,8,0.0031956644935272685,0.006194690265486726,0.619096488996311,ac378720 ~> ac419100,1,1
"('ac40016', 'ac419100')",2,179,8,0.003023383980132634,0.01504424778761062,0.6924667036625971,ac419100 ~> ac40016,1,3
"('ac355409', 'ac370000')",2,180,8,0.0029043480806287313,0.006194690265486726,0.6109766569138786,ac355409 ~> ac370000,1,4
"('370488g', 'ac370000')",2,181,8,0.0016162763187471934,0.0017699115044247787,0.6084352836879433,ac370000 -> ac370000 ~> 370488g,2,2
"('370401s', 'ac370000')",2,182,8,0.0015973879180359264,0.008849557522123894,0.6601004464285715,ac370000 -> ac370000 ~> 370401s,2,4
"('ac378449', 'ac419100')",2,183,8,0.0013663896913688606,0.002654867256637168,0.5879392191659272,ac378449 ~> ac419100,1,1
"('370712b', 'ac415100')",2,184,8,0.0009103984218042458,0.0017699115044247787,0.5821764184397163,370712b ~> ac415100,1,2
"('370407', 'ac355427')",2,185,8,0.0008075533064515871,0.0008849557522123894,0.5619242692648362,ac355427 ~> 370407,1,1
"('ac355427', 'ac370403')",2,186,8,0.0008075533064515871,0.0008849557522123894,0.5619242692648362,ac355427 ~> ac370403,1,1
"('370715a', 'ac419100')",2,187,8,0.0004549356081078081,0.0008849557522123894,0.5415124003542958,ac419100 ~> 370715a,1,2
"('370737c', 'ac370000')",2,188,8,0.0004549356081078081,0.0008849557522123894,0.5415124003542958,ac370000 ~> 370737c,1,2
"('ac378720', 'ac415100')",2,189,8,0.0004549356081078081,0.0008849557522123894,0.5415124003542958,ac378720 ~> ac415100,1,1
"('370401c', 'ac419100')",2,190,8,0.0002469512213897039,0.012389380530973451,0.6805155529953917,ac419100 ~> 370401c,1,1
"('ac370606', 'ac419100')",2,191,8,5.821273791478676e-08,0.008849557522123894,0.6476236607142858,ac419100 ~> ac370606,1,1
"('376400', 'ac375004')",2,192,9,0.004862938238468865,0.005309734513274336,0.6941918742586001,ac375004 ~> 376400,1,2
"('339988e', 'ac419100')",2,193,9,0.004113505473452753,0.007964601769911504,0.7395834572306472,ac419100 ~> 339988e,1,2
"('376400', 'ac378431')",2,194,9,0.004049499951665023,0.004424778761061947,0.6535071111111111,376400 ~> ac378431,1,2
"('ac389190', 'ac419100')",2,195,9,0.003654316956573131,0.007079646017699115,0.6611569741532977,ac419100 ~> ac389190,1,2
"('302211', 'ac370000')",2,196,9,0.003654316956573124,0.007079646017699115,0.65217190285205,302211 ~> ac370000,1,2
"('370407', '376400')",2,197,9,0.0032372459872735924,0.0035398230088495575,0.6335079928952042,370407 ~> 376400,1,1
"('ac370000', 'ac389190')",2,198,9,0.003195664493527264,0.006194690265486726,0.6479776745961073,ac389190 ~> ac370000,1,2
"('ac370000', 'ac619600')",2,199,9,0.0027907402328429714,0.011504424778761062,0.7233945664899111,ac619600 ~> ac370000 -> ac370000,2,5
"('ac370000', 'ac613000')",2,200,9,0.002737546806409444,0.005309734513274336,0.6304922894424674,ac370000 ~> ac613000,1,5
"('376480a', 'ac419100')",2,201,9,0.0027375468064094396,0.005309734513274336,0.6124169632265718,376480a ~> ac419100,1,2
"('ac390550', 'ac419100')",2,202,9,0.0023732923370793843,0.01504424778761062,0.7363084667829396,ac419100 ~> ac390550,1,2
"('370442s', 'ac370000')",2,203,9,0.001709693791767066,0.01327433628318584,0.7223849028400599,ac370000 -> ac370000 ~> 370442s,2,2
"('ac370000', 'ac40016')",2,204,9,0.0014005810211424928,0.008849557522123894,0.6959897321428571,ac40016 ~> ac370000,1,4
"('337419c', 'ac40014')",2,205,9,0.0013663896913688606,0.002654867256637168,0.5903896776101746,ac40014 -> 337419c,1,2
"('337419c', 'ac610001')",2,206,9,0.0013663896913688606,0.002654867256637168,0.5903896776101746,ac610001 ~> 337419c,1,1
"('337419c', 'ac613000')",2,207,9,0.0013663896913688606,0.002654867256637168,0.5903896776101746,ac613000 ~> 337419c,1,2
"('ac370000', 'ac610001')",2,208,9,0.0013304463916930026,0.011504424778761062,0.6983050409751395,ac610001 ~> ac370000,1,3
"('376487', 'ac370000')",2,209,9,0.0012617050741098477,0.0017699115044247787,0.589357269503546,ac370000 -> 376487,1,3
"('ac378431', 'ac419100')",2,210,9,0.0009998430574177557,0.006194690265486726,0.6129662256710341,ac378431 ~> ac419100,1,1
"('ac10207', 'ac415100')",2,211,9,0.0009103984218042458,0.0017699115044247787,0.5835062056737589,ac10207 ~> ac415100,1,6
"('370443s', 'ac370000')",2,212,9,0.0008080462147232936,0.012389380530973451,0.717872823860727,ac370000 ~> 370443s,1,2
"('370488j', 'ac10307')",2,213,9,0.0008075533064515871,0.0008849557522123894,0.5662821080602303,ac10307 ~> 370488j,1,1
"('370828a', 'ac10307')",2,214,9,0.0008075533064515871,0.0008849557522123894,0.5662821080602303,ac10307 ~> 370828a,1,1
"('376400', 'ac379999')",2,215,9,0.0004549356081078081,0.0008849557522123894,0.5493290522586359,376400 -> ac379999,1,1
"('ac370000', 'ac370111')",2,216,9,0.000284919281992483,0.008849557522123894,0.661139732142857,ac370000 -> ac370000 ~> ac370111,2,4
"('375003a', '376400')",2,217,10,0.004862938238468863,0.005309734513274336,0.6999799822064058,375003a ~> 376400,1,1
"('376400', 'ac370604')",2,218,10,0.004049499951665023,0.004424778761061947,0.6883426666666667,ac370604 ~> 376400,1,1
"('302213e', 'ac370000')",2,219,10,0.003654316956573123,0.007079646017699115,0.65217190285205,302213e ~> ac370000,1,2
"('370715s', '376400')",2,220,10,0.0032372459872735924,0.0035398230088495575,0.6402198046181172,370715s ~> 376400,1,1
"('330001b', 'ac415100')",2,221,10,0.0027375468064094396,0.005309734513274336,0.6308555753262158,ac415100 -> 330001b,1,3
"('ac10307', 'ac370419')",2,222,10,0.002426172664004144,0.002654867256637168,0.6171687370600414,ac10307 ~> ac370419,1,1
"('339171a', 'ac370000')",2,223,10,0.00227996262197882,0.004424778761061947,0.6277257777777778,339171a ~> ac370000,1,2
"('ac390003', 'ac419100')",2,224,10,0.0019482633912448087,0.009734513274336283,0.7380617840604438,ac419100 ~> ac390003,1,3
"('372440a', 'ac415100')",2,225,10,0.0018229106716278936,0.0035398230088495575,0.6225144316163411,ac415100 ~> 372440a,1,2
"('ac372439', 'ac415100')",2,226,10,0.0018229106716278936,0.0035398230088495575,0.6225144316163411,ac415100 ~> ac372439,1,1
"('ac410500', 'ac419100')",2,227,10,0.0018229106716278927,0.0035398230088495575,0.6182104795737122,ac410500 ~> ac419100,1,4
"('ac370000', 'ac612000')",2,228,10,0.0017163833524621516,0.002654867256637168,0.6129495711328009,ac612000 ~> ac370000 -> ac370000,2,3
"('ac378607', 'ac415100')",2,229,10,0.0013663896913688606,0.002654867256637168,0.60353371783496,ac378607 ~> ac415100,1,1
"('ac388170', 'ac415100')",2,230,10,0.0013663896913688597,0.002654867256637168,0.5980989352262644,ac388170 -> ac415100,1,2
"('ac370402', 'ac419100')",2,231,10,0.001094838087049261,0.007964601769911504,0.699159728417088,ac419100 ~> ac370402,1,1
"('ac370000', 'ac390003')",2,232,10,0.0010276029931935238,0.008849557522123894,0.7255508928571429,ac390003 ~> ac370000,1,2
"('370488j', 'ac415100')",2,233,10,0.0009103984218042458,0.0017699115044247787,0.5847207446808511,ac415100 ~> 370488j,1,1
"('370828a', 'ac415100')",2,234,10,0.0009103984218042458,0.0017699115044247787,0.5847207446808511,ac415100 ~> 370828a,1,2
"('ac370000', 'ac370701')",2,235,10,0.0008128482370828288,0.011504424778761062,0.7287079057916123,ac370000 -> ac370000 ~> ac370701,2,3
"('370489s', '376400')",2,236,10,0.0008075533064515871,0.0008849557522123894,0.566729406554473,370489s ~> 376400,1,1
"('ac378149', 'ac419100')",2,237,10,0.0006912293638301594,0.005309734513274336,0.622936684460261,ac378149 ~> ac419100,1,2
"('ac378546', 'ac419100')",2,238,10,0.0005243383689345774,0.004424778761061947,0.6126333333333334,ac378546 ~> ac419100,1,2
"('ac356132', 'ac419100')",2,239,10,0.0004549356081078081,0.0008849557522123894,0.5634300265721878,ac356132 ~> ac419100,1,2
"('376400', 'ac375005')",2,240,11,0.0032372459872735924,0.0035398230088495575,0.7370037744227352,ac375005 -> 376400,1,2
"('370466c', 'ac415100')",2,241,11,0.0027375468064094396,0.005309734513274336,0.6455983096085409,370466c ~> ac415100,1,1
"('ac370000', 'ac386902')",2,242,11,0.0026273244419790526,0.004424778761061947,0.6310333333333333,ac386902 ~> ac370000,1,3
"('376400', 'ac410100')",2,243,11,0.002426172664004144,0.002654867256637168,0.6248750369713103,ac410100 ~> 376400,1,2
"('ac370000', 'ac390550')",2,244,11,0.0021302219399221374,0.007079646017699115,0.7111062834224599,ac390550 ~> ac370000 -> ac370000,2,4
"('339171a', 'ac419100')",2,245,11,0.0018229106716278927,0.0035398230088495575,0.6236201154529308,339171a ~> ac419100,1,2
"('ac370000', 'ac386042')",2,246,11,0.0017776765357334374,0.007079646017699115,0.7047025401069519,ac386042 ~> ac370000,1,2
"('370488e', 'ac370000')",2,247,11,0.0016984751756746255,0.004424778761061947,0.6278199999999999,ac370000 ~> 370488e,1,6
"('ac356132', 'ac370000')",2,248,11,0.0016775389114960845,0.006194690265486726,0.6728905355552729,ac356132 ~> ac370000,1,4
"('ac10307', 'ac355427')",2,249,11,0.0013663896913688606,0.002654867256637168,0.6090986394557824,ac10307 -> ac355427,1,3
"('370466c', 'ac370000')",2,250,11,0.0009998430574177557,0.006194690265486726,0.6642249713776873,ac370000 -> ac370000 ~> 370466c,2,3
"('376480a', 'ac10307')",2,251,11,0.0009103984218042458,0.0017699115044247787,0.5859552304964539,ac10307 ~> 376480a,1,1
"('ac370000', 'ac370416')",2,252,11,0.0008075533064515871,0.0008849557522123894,0.567787865367582,ac370000 -> ac370000 ~> ac370416,2,2
"('ac10207', 'ac419100')",2,253,11,0.0006912293638301594,0.005309734513274336,0.6321545077105575,ac419100 ~> ac10207,1,3
"('ac370403', 'ac419100')",2,254,11,0.0006382971590320049,0.007079646017699115,0.6626554144385026,ac419100 ~> ac370403,1,1
"('376480a', 'ac355427')",2,255,11,0.0003797829272698377,0.002654867256637168,0.6007061520260278,ac355427 ~> 376480a,1,1
"('376400', '377121s')",2,256,12,0.002426172664004144,0.002654867256637168,0.6477676722863058,376400 ~> 377121s,1,2
"('370504a', 'ac419100')",2,257,12,0.002279962621978821,0.004424778761061947,0.6327328888888889,ac419100 ~> 370504a,1,2
"('370715a', 'ac415100')",2,258,12,0.0018229106716278927,0.0035398230088495575,0.6317717584369449,370715a ~> ac415100,1,1
"('ac10207', 'ac370000')",2,259,12,0.0017949283811038753,0.005309734513274336,0.6618861209964413,ac10207 ~> ac370000 -> ac370000,2,5
"('376400', 'ac415100')",2,260,12,0.0016162763187471934,0.0017699115044247787,0.6242043439716312,ac415100 ~> 376400,1,1
"('ac337480', 'ac419100')",2,261,12,0.0013663896913688606,0.002654867256637168,0.6246458148476781,ac419100 ~> ac337480,1,1
"('ac370000', 'ac372441')",2,262,12,0.0013663896913688597,0.002654867256637168,0.612650842945874,ac370000 ~> ac372441,1,2
"('ac355201', 'ac355427')",2,263,12,0.0009103984218042458,0.0017699115044247787,0.5880274822695035,ac355201 -> ac355427,1,1
"('ac370000', 'ac387070')",2,264,12,0.0008075533064515871,0.0008849557522123894,0.5679871567759078,ac387070 ~> ac370000,1,1
"('ac378858', 'ac419100')",2,265,12,0.00018102250694868385,0.0035398230088495575,0.6269760213143872,ac378858 ~> ac419100,1,1
"('ac370403', 'ac415100')",2,266,12,5.31838836009043e-05,0.005309734513274336,0.6351734875444841,ac415100 ~> ac370403,1,1
"('376400', '376425a')",2,267,13,0.002426172664004144,0.002654867256637168,0.6804281277728483,376400 -> 376425a,1,2
"('339988e', 'ac370000')",2,268,13,0.002279962621978821,0.004424778761061947,0.7022093333333332,339988e ~> ac370000,1,4
"('ac370000', 'ac375004')",2,269,13,0.002279962621978819,0.004424778761061947,0.6437266666666667,ac370000 ~> ac375004,1,1
"('ac355409', 'ac415100')",2,270,13,0.0018229106716278936,0.0035398230088495575,0.6345903641207815,ac355409 ~> ac415100,1,2
"('ac372417', 'ac419100')",2,271,13,0.0018229106716278927,0.0035398230088495575,0.6322424511545293,ac372417 ~> ac419100,1,1
"('376400', 'ac355427')",2,272,13,0.0016162763187471934,0.0017699115044247787,0.6312699468085107,ac355427 ~> 376400,1,1
"('ac389190', 'ac415100')",2,273,13,0.0013663896913688606,0.002654867256637168,0.6281521739130436,ac389190 -> ac415100,1,3
"('337419c', 'ac356132')",2,274,13,0.0009103984218042458,0.0017699115044247787,0.5899844858156029,337419c -> ac356132,1,1
"('370423t', 'ac370000')",2,275,13,0.0008075675345808235,0.005309734513274336,0.7432465895610914,ac370000 ~> 370423t,1,2
"('ac10307', 'ac386042')",2,276,13,0.0008075533064515871,0.0008849557522123894,0.5705115146147033,ac10307 ~> ac386042,1,2
"('ac386042', 'ac415100')",2,277,13,0.0008075533064515871,0.0008849557522123894,0.5705115146147033,ac415100 -> ac386042,1,3
"('377498a', 'ac419100')",2,278,13,0.0006912293638301594,0.005309734513274336,0.6818483096085409,377498a ~> ac419100,1,1
"('370504a', 'ac355427')",2,279,13,0.0004549356081078081,0.0008849557522123894,0.5681288751107174,370504a ~> ac355427,1,2
"('376400', '378609k')",2,280,14,0.002426172664004144,0.002654867256637168,0.7267620526471458,376400 ~> 378609k,1,1
"('ac415100', 'ac613000')",2,281,14,0.002279962621978819,0.004424778761061947,0.6445417777777778,ac613000 -> ac415100,1,3
"('ac370000', 'ac614400')",2,282,14,0.0018229106716278936,0.0035398230088495575,0.6389931172291297,ac370000 ~> ac614400,1,5
"('ac359999', 'ac415100')",2,283,14,0.0018229106716278927,0.0035398230088495575,0.6323168294849023,ac359999 ~> ac415100,1,4
"('ac356132', 'ac415100')",2,284,14,0.0009103984218042458,0.0017699115044247787,0.592863475177305,ac356132 ~> ac415100,1,2
"('337190c', 'ac415100')",2,285,14,0.0008075533064515871,0.0008849557522123894,0.5826062887511072,ac415100 ~> 337190c,1,1
"('370701s', 'ac370000')",2,286,14,0.0008075533064515871,0.0008849557522123894,0.5826062887511072,ac370000 -> ac370000 -> 370701s,1,4
"('378452s', 'ac370000')",2,287,14,0.0008075533064515871,0.0008849557522123894,0.5826062887511072,378452s ~> ac370000,1,4
"('378452s', 'ac415100')",2,288,14,0.0008075533064515871,0.0008849557522123894,0.5826062887511072,378452s ~> ac415100,1,1
"('ac419100', 'ac619600')",2,289,14,0.0006912293638301594,0.005309734513274336,0.7457139679715303,ac419100 -> ac619600,1,3
"('ac355427', 'ac356134')",2,290,14,0.0004549356081078081,0.0008849557522123894,0.5707639503985827,ac355427 ~> ac356134,1,2
"('ac355427', 'ac386902')",2,291,14,0.0004549356081078081,0.0008849557522123894,0.5707639503985827,ac386902 -> ac355427,1,2
"('376400', 'ac378452')",2,292,15,0.002426172664004144,0.002654867256637168,0.7323003549245786,376400 ~> ac378452,1,2
"('ac10307', 'ac356134')",2,293,15,0.002279962621978819,0.004424778761061947,0.6641604444444444,ac10307 ~> ac356134,1,2
"('ac339956', 'ac370000')",2,294,15,0.0020696435510613757,0.002654867256637168,0.6508776989056493,ac339956 ~> ac370000,1,4
"('302211', 'ac415100')",2,295,15,0.0018229106716278927,0.0035398230088495575,0.6435601687388988,ac415100 ~> 302211,1,1
"('302213e', 'ac415100')",2,296,15,0.0018229106716278927,0.0035398230088495575,0.6435601687388988,ac415100 ~> 302213e,1,1
"('ac355111', 'ac415100')",2,297,15,0.0013663896913688606,0.002654867256637168,0.6380590062111802,ac415100 ~> ac355111,1,5
"('ac370606', 'ac415100')",2,298,15,0.0009103984218042458,0.0017699115044247787,0.5955141843971631,ac415100 ~> ac370606,1,2
"('ac370000', 'ac370415')",2,299,15,0.0008782434446269697,0.004424778761061947,0.656395111111111,ac370000 -> ac370000 ~> ac370415,2,2
"('ac355427', 'ac359999')",2,300,15,0.0008075533064515871,0.0008849557522123894,0.5881775907883082,ac355427 ~> ac359999,1,2
"('ac386041', 'ac415100')",2,301,15,0.0004549356081078081,0.0008849557522123894,0.5758436669619132,ac386041 ~> ac415100,1,2
"('376400', 'ac378149')",2,302,16,0.002426172664004144,0.002654867256637168,0.7354236912156166,376400 ~> ac378149,1,1
"('370466c', 'ac419100')",2,303,16,0.002279962621978819,0.004424778761061947,0.6745631111111111,370466c ~> ac419100,1,2
"('302213e', 'ac419100')",2,304,16,0.0018229106716278927,0.0035398230088495575,0.6699589253996447,ac419100 ~> 302213e,1,1
"('ac10307', 'other')",2,305,16,0.0017163833524621516,0.002654867256637168,0.64853371783496,other ~> ac10307,1,3
"('370711s', 'ac370000')",2,306,16,0.00118889404105511,0.0035398230088495575,0.6676198934280639,ac370000 ~> 370711s,1,2
"('370501', 'ac355427')",2,307,16,0.0009103984218042458,0.0017699115044247787,0.5977083333333333,ac355427 ~> 370501,1,1
"('387042a', 'ac10307')",2,308,16,0.0008881877812402465,0.0035398230088495575,0.6669038632326821,ac10307 ~> 387042a,1,3
"('ac370000', 'ac386041')",2,309,16,0.0008428343819287271,0.002654867256637168,0.6475842945874002,ac386041 ~> ac370000 -> ac370000,2,2
"('376400', 'ac40014')",2,310,16,0.0008075533064515871,0.0008849557522123894,0.5897364924712135,ac40014 ~> 376400,1,1
"('ac380000', 'ac415100')",2,311,16,0.0004549356081078081,0.0008849557522123894,0.5794309123117803,ac380000 ~> ac415100,1,2
"('ac380000', 'ac419100')",2,312,16,0.0004549356081078081,0.0008849557522123894,0.5794309123117803,ac419100 ~> ac380000,1,2
"('ac370000', 'ac370711')",2,313,17,0.002279962621978819,0.004424778761061947,0.6929044444444444,ac370000 ~> ac370711,1,2
"('370715a', 'ac370000')",2,314,17,0.0016519454957140012,0.0035398230088495575,0.6758581261101243,370715a ~> ac370000,1,4
"('339486e', 'ac355427')",2,315,17,0.0016162763187471934,0.0017699115044247787,0.6557070035460993,339486e -> ac355427,1,2
"('ac355409', 'ac419100')",2,316,17,0.0013663896913688606,0.002654867256637168,0.654228778467909,ac355409 ~> ac419100,1,3
"('370111s', 'ac370000')",2,317,17,0.0012880960834083304,0.004424778761061947,0.6910128888888889,ac370000 ~> 370111s,1,4
"('ac370111', 'ac415100')",2,318,17,0.0009103984218042458,0.0017699115044247787,0.6001706560283688,ac415100 ~> ac370111,1,2
"('376487', 'ac419100')",2,319,17,0.0008075533064515871,0.0008849557522123894,0.5914946855624446,376487 ~> ac419100,1,2
"('ac419100', 'ac612000')",2,320,17,0.0004549356081078081,0.0008849557522123894,0.5804716563330381,ac419100 ~> ac612000,1,1
"('ac355427', 'ac370401')",2,321,17,0.00018102250694868385,0.0035398230088495575,0.6718550177619893,ac355427 ~> ac370401,1,1
"('ac390520', 'ac419100')",2,322,18,0.002279962621978819,0.004424778761061947,0.7116546666666667,ac419100 -> ac390520,1,4
"('377121s', 'ac415100')",2,323,18,0.0016162763187471934,0.0017699115044247787,0.6568683510638298,377121s ~> ac415100,1,1
"('ac370000', 'ac378149')",2,324,18,0.0013663896913688606,0.002654867256637168,0.6575369713102632,ac370000 -> ac378149,1,5
"('ac372417', 'ac415100')",2,325,18,0.0009103984218042458,0.0017699115044247787,0.6003989361702128,ac372417 ~> ac415100,1,1
"('370426s', 'ac370000')",2,326,18,0.0008336759741504633,0.0035398230088495575,0.6945648312611011,ac370000 ~> 370426s,1,2
"('ac370000', 'ac380000')",2,327,18,0.0008075533064515871,0.0008849557522123894,0.5953653675819309,ac380000 ~> ac370000,1,2
"('ac10107', 'ac10307')",2,328,18,0.0004549356081078081,0.0008849557522123894,0.5832661647475642,ac10307 ~> ac10107,1,1
"('ac10307', 'ac40014')",2,329,18,0.0004549356081078081,0.0008849557522123894,0.5832661647475642,ac10307 ~> ac40014,1,2
"('ac419100', 'ac614400')",2,330,19,0.002279962621978819,0.004424778761061947,0.7246982222222221,ac419100 ~> ac614400,1,2
"('ac356133', 'ac370000')",2,331,19,0.0020696435510613757,0.002654867256637168,0.7133754806270335,ac356133 ~> ac370000,1,4
"('376400', '376487')",2,332,19,0.0016162763187471934,0.0017699115044247787,0.6778213652482269,376400 -> 376487,1,2
"('ac415100', 'ac610001')",2,333,19,0.0013663896913688606,0.002654867256637168,0.6667369121561668,ac610001 ~> ac415100,1,3
"('370504a', 'ac415100')",2,334,19,0.0009103984218042458,0.0017699115044247787,0.6020656028368795,370504a ~> ac415100,1,1
"('ac355401', 'ac419100')",2,335,19,0.0008075533064515871,0.0008849557522123894,0.6008126660761736,ac419100 -> ac355401,1,2
"('ac387070', 'ac415100')",2,336,19,0.0004549356081078081,0.0008849557522123894,0.5835230292294066,ac387070 -> ac415100,1,1
"('ac386041', 'ac419100')",2,337,19,0.0003797829272698377,0.002654867256637168,0.664944543034605,ac419100 ~> ac386041,1,2
"('ac390520', 'ac415100')",2,338,20,0.0018229106716278936,0.0035398230088495575,0.7562799733570159,ac415100 ~> ac390520,1,4
"('337190c', 'ac370000')",2,339,20,0.0016162763187471934,0.0017699115044247787,0.7046254432624113,337190c ~> ac370000 -> ac370000,2,2
"('ac386042', 'ac419100')",2,340,20,0.0013663896913688606,0.002654867256637168,0.7320489500147885,ac419100 -> ac386042,1,3
"('ac337441', 'ac370000')",2,341,20,0.0009103984218042458,0.0017699115044247787,0.6030008865248226,ac337441 ~> ac370000,1,1
"('ac370111', 'ac419100')",2,342,20,0.0004549356081078081,0.0008849557522123894,0.5850465013286094,ac370111 ~> ac419100,1,2
"('ac10107', 'ac355427')",2,343,20,0.0003797829272698377,0.002654867256637168,0.6662562851227447,ac10107 ~> ac355427,1,2
"('ac339160', 'ac419100')",2,344,21,0.0018229106716278927,0.0035398230088495575,0.7571392095914743,ac419100 ~> ac339160,1,3
"('370419s', 'ac419100')",2,345,21,0.0016162763187471934,0.0017699115044247787,0.726841755319149,ac419100 ~> 370419s,1,1
"('378609s', 'ac419100')",2,346,21,0.0013663896913688606,0.002654867256637168,0.7421850044365573,378609s ~> ac419100,1,1
"('337419c', 'ac614400')",2,347,21,0.0009103984218042458,0.0017699115044247787,0.6105496453900708,ac614400 ~> 337419c,1,2
"('337419c', 'ac356133')",2,348,21,0.0004549356081078081,0.0008849557522123894,0.5903476527900797,337419c -> ac356133,1,1
"('ac10113', 'ac419100')",2,349,21,0.0003797829272698377,0.002654867256637168,0.7259826974267967,ac419100 -> ac10113,1,3
"('375138a', '376400')",2,350,22,0.0016162763187471934,0.0017699115044247787,0.7478413120567377,375138a -> 376400,1,2
"('339488a', 'ac415100')",2,351,22,0.0009103984218042458,0.0017699115044247787,0.6116356382978723,339488a ~> ac415100,1,1
"('379000a', 'ac419100')",2,352,22,0.0004549356081078081,0.0008849557522123894,0.5917249778565102,379000a ~> ac419100,1,1
"('377121s', 'ac419100')",2,353,22,2.6522728670614476e-05,0.002654867256637168,0.7585204081632653,377121s ~> ac419100,1,1
"('376400', 'ac375075')",2,354,23,0.0016162763187471934,0.0017699115044247787,0.7604100177304964,ac375075 -> 376400,1,2
"('378453a', 'ac370000')",2,355,23,0.0012617050741098477,0.0017699115044247787,0.7589073581560284,378453a ~> ac370000,1,4
"('ac355427', 'ac379999')",2,356,23,0.0009103984218042458,0.0017699115044247787,0.6134729609929077,ac355427 ~> ac379999,1,2
"('ac10307', 'ac350503')",2,357,23,0.0004549356081078081,0.0008849557522123894,0.5927524357838795,ac10307 ~> ac350503,1,2
"('337190c', 'ac419100')",2,358,24,0.0009103984218042458,0.0017699115044247787,0.6272960992907801,ac419100 ~> 337190c,1,1
"('376400', 'ac375518')",2,359,24,0.0008075533064515871,0.0008849557522123894,0.6208746678476528,ac375518 -> 376400,1,1
"('339488a', 'ac370000')",2,360,24,0.0004549356081078081,0.0008849557522123894,0.5996567759078831,339488a -> ac370000,1,3
"('302282', 'ac419100')",2,361,25,0.0009103984218042458,0.0017699115044247787,0.628783244680851,ac419100 ~> 302282,1,1
"('370407c', 'ac370000')",2,362,25,0.0008075533064515871,0.0008849557522123894,0.6221589902568645,ac370000 -> ac370000 ~> 370407c,2,2
"('ac337480', 'ac370000')",2,363,25,0.0004549356081078081,0.0008849557522123894,0.6052502214348982,ac337480 ~> ac370000,1,2
"('ac387070', 'ac419100')",2,364,26,0.0009103984218042458,0.0017699115044247787,0.6300465425531916,ac387070 ~> ac419100,1,3
"('376400', 'ac370442')",2,365,26,0.0008075533064515871,0.0008849557522123894,0.6286071744906997,ac370442 ~> 376400,1,1
"('ac350507', 'ac355427')",2,366,26,0.0004549356081078081,0.0008849557522123894,0.6094043401240035,ac350507 ~> ac355427,1,1
"('ac350507', 'ac419100')",2,367,26,0.0004549356081078081,0.0008849557522123894,0.6094043401240035,ac419100 ~> ac350507,1,2
"('ac355409', 'ac355427')",2,368,26,0.0004549356081078081,0.0008849557522123894,0.6094043401240035,ac355409 -> ac355427,1,1
"('ac337220', 'ac370000')",2,369,27,0.0009103984218042458,0.0017699115044247787,0.6313652482269504,ac337220 ~> ac370000,1,2
"('ac337480', 'ac415100')",2,370,27,0.0004549356081078081,0.0008849557522123894,0.6165434012400354,ac337480 ~> ac415100,1,1
"('339171a', 'ac415100')",2,371,28,0.0009103984218042458,0.0017699115044247787,0.6391821808510638,339171a ~> ac415100,1,2
"('ac10213', 'ac419100')",2,372,28,0.0008075533064515871,0.0008849557522123894,0.6322608503100089,ac10213 ~> ac419100,1,2
"('ac10307', 'ac356132')",2,373,28,0.0004549356081078081,0.0008849557522123894,0.6223317094774136,ac356132 ~> ac10307,1,1
"('ac10307', 'ac613000')",2,374,28,0.0004549356081078081,0.0008849557522123894,0.6223317094774136,ac613000 -> ac10307,1,1
"('377498a', 'ac415100')",2,375,28,3.489590497720088e-05,0.0017699115044247787,0.6344104609929078,377498a ~> ac415100,1,1
"('ac350507', 'ac415100')",2,376,29,0.0009103984218042458,0.0017699115044247787,0.6403302304964539,ac415100 -> ac350507,1,3
"('376400', 'ac359999')",2,377,29,0.0008075533064515871,0.0008849557522123894,0.6330713020372011,ac359999 ~> 376400,1,1
"('378453a', 'ac355427')",2,378,29,0.0008075533064515871,0.0008849557522123894,0.6330713020372011,378453a ~> ac355427,1,1
"('ac339956', 'ac415100')",2,379,29,0.0004549356081078081,0.0008849557522123894,0.623182019486271,ac415100 ~> ac339956,1,1
"('ac339956', 'ac419100')",2,380,29,0.0004549356081078081,0.0008849557522123894,0.623182019486271,ac419100 ~> ac339956,1,1
"('ac388170', 'ac419100')",2,381,30,0.0009103984218042458,0.0017699115044247787,0.6408887411347518,ac388170 ~> ac419100,1,3
"('ac378452', 'ac419100')",2,382,30,0.0004549356081078081,0.0008849557522123894,0.6295770593445528,ac378452 ~> ac419100,1,1
"('ac370402', 'ac415100')",2,383,31,0.0009103984218042458,0.0017699115044247787,0.6415381205673759,ac415100 ~> ac370402,1,1
"('370465q', 'ac370000')",2,384,31,0.0004549356081078081,0.0008849557522123894,0.6323937112488929,ac370000 -> ac370000 ~> 370465q,2,2
"('370465q', 'ac415100')",2,385,31,0.0004549356081078081,0.0008849557522123894,0.6323937112488929,370465q ~> ac415100,1,1
"('370466c', 'ac10307')",2,386,31,0.0004549356081078081,0.0008849557522123894,0.6323937112488929,370466c ~> ac10307,1,1
"('302282', 'ac415100')",2,387,32,0.0009103984218042458,0.0017699115044247787,0.6440381205673759,ac415100 ~> 302282,1,1
"('ac40016', 'ac415100')",2,388,32,0.0004549356081078081,0.0008849557522123894,0.6338596102745794,ac415100 -> ac40016,1,3
"('ac337220', 'ac419100')",2,389,33,0.0009103984218042458,0.0017699115044247787,0.654840425531915,ac419100 ~> ac337220,1,1
"('ac370000', 'ac378720')",2,390,33,0.0004549356081078081,0.0008849557522123894,0.6497807794508415,ac378720 ~> ac370000,1,1
"('ac378729', 'ac415100')",2,391,33,3.489590497720088e-05,0.0017699115044247787,0.646165780141844,ac378729 ~> ac415100,1,1
"('330001b', 'ac10307')",2,392,34,0.0009103984218042458,0.0017699115044247787,0.6581493794326242,ac10307 ~> 330001b,1,1
"('ac370000', 'ac370424')",2,393,34,0.0004549356081078081,0.0008849557522123894,0.6528542958370239,ac370000 -> ac370424,1,1
"('ac370000', 'ac372414')",2,394,34,0.0004549356081078081,0.0008849557522123894,0.6528542958370239,ac370000 ~> ac372414,1,1
"('ac370000', 'ac378458')",2,395,34,0.0004549356081078081,0.0008849557522123894,0.6528542958370239,ac370000 ~> ac378458,1,1
"('ac415100', 'ac619600')",2,396,35,0.0009103984218042458,0.0017699115044247787,0.6585904255319148,ac619600 -> ac415100,1,3
"('ac10307', 'ac40016')",2,397,35,0.0004549356081078081,0.0008849557522123894,0.6579251550044286,ac40016 ~> ac10307,1,1
"('ac10307', 'ac410500')",2,398,35,0.0004549356081078081,0.0008849557522123894,0.6579251550044286,ac10307 ~> ac410500,1,1
"('ac10307', 'ac619600')",2,399,35,0.0004549356081078081,0.0008849557522123894,0.6579251550044286,ac619600 -> ac10307,1,1
"('ac355427', 'ac410100')",2,400,36,0.0009103984218042458,0.0017699115044247787,0.6615846631205674,ac410100 ~> ac355427,1,2
"('339988e', 'ac415100')",2,401,36,0.0004549356081078081,0.0008849557522123894,0.6598472099202835,339988e ~> ac415100,1,1
"('ac10307', 'ac386902')",2,402,37,0.0009103984218042458,0.0017699115044247787,0.6667863475177305,ac10307 ~> ac386902,1,2
"('ac355401', 'ac415100')",2,403,37,0.0008075533064515871,0.0008849557522123894,0.663425597874225,ac355401 -> ac415100,1,1
"('377121s', 'ac370000')",2,404,38,0.0009103984218042458,0.0017699115044247787,0.6781515957446808,377121s ~> ac370000 -> ac370000,2,4
"('376400', 'ac350503')",2,405,38,0.0008075533064515871,0.0008849557522123894,0.6644929140832595,ac350503 ~> 376400,1,1
"('376400', 'ac356134')",2,406,38,0.0008075533064515871,0.0008849557522123894,0.6644929140832595,ac356134 ~> 376400,1,1
"('ac370000', 'ac387001')",2,407,38,3.489590497720088e-05,0.0017699115044247787,0.6728102836879433,ac387001 ~> ac370000,1,2
"('ac370000', 'ac375518')",2,408,39,0.0009103984218042458,0.0017699115044247787,0.6859485815602837,ac370000 ~> ac375518,1,4
"('ac10307', 'ac379999')",2,409,39,0.0008075533064515871,0.0008849557522123894,0.6652015057573074,ac379999 -> ac10307,1,3
"('ac370000', 'ac378858')",2,410,40,0.0009103984218042458,0.0017699115044247787,0.6914184397163121,ac378858 ~> ac370000,1,2
"('ac370000', 'ac390004')",2,411,40,0.0004549356081078081,0.0008849557522123894,0.6688241806908769,ac390004 ~> ac370000,1,2
"('ac370000', 'ac393628')",2,412,40,0.0004549356081078081,0.0008849557522123894,0.6688241806908769,ac393628 -> ac370000,1,3
"('ac390004', 'ac415100')",2,413,40,0.0004549356081078081,0.0008849557522123894,0.6688241806908769,ac415100 ~> ac390004,1,1
"('ac393628', 'ac415100')",2,414,40,0.0004549356081078081,0.0008849557522123894,0.6688241806908769,ac415100 ~> ac393628,1,1
"('ac378729', 'ac419100')",2,415,41,0.0009103984218042458,0.0017699115044247787,0.7009929078014184,ac378729 ~> ac419100,1,1
"('370715s', 'ac419100')",2,416,41,0.0008075533064515871,0.0008849557522123894,0.691685119574845,370715s ~> ac419100,1,1
"('ac370442', 'ac419100')",2,417,41,0.0004549356081078081,0.0008849557522123894,0.6758658104517272,ac419100 ~> ac370442,1,1
"('ac370000', 'ac390001')",2,418,42,0.0009103984218042458,0.0017699115044247787,0.704341755319149,ac390001 ~> ac370000,1,2
"('ac370000', 'ac390520')",2,419,42,0.0008075533064515871,0.0008849557522123894,0.6918666961913198,ac390520 -> ac370000,1,4
"('370420s', 'ac370000')",2,420,42,0.0004549356081078081,0.0008849557522123894,0.6771102745792736,ac370000 -> ac370000 ~> 370420s,2,2
"('ac339160', 'ac370000')",2,421,43,0.0009103984218042458,0.0017699115044247787,0.7211724290780143,ac339160 ~> ac370000,1,2
"('370711s', '376400')",2,422,43,0.0008075533064515871,0.0008849557522123894,0.6919995571302037,370711s ~> 376400,1,1
"('370737s', '376400')",2,423,43,0.0008075533064515871,0.0008849557522123894,0.6919995571302037,370737s ~> 376400,1,1
"('376400', '378452s')",2,424,43,0.0008075533064515871,0.0008849557522123894,0.6919995571302037,376400 ~> 378452s,1,1
"('370737z', 'ac370000')",2,425,43,0.0004549356081078081,0.0008849557522123894,0.6774379982285208,ac370000 -> 370737z,1,3
"('ac380077', 'ac419100')",2,426,43,3.489590497720088e-05,0.0017699115044247787,0.704696365248227,ac419100 ~> ac380077,1,1
"('ac390001', 'ac415100')",2,427,44,0.0009103984218042458,0.0017699115044247787,0.7241843971631206,ac415100 ~> ac390001,1,2
"('376400', 'ac378546')",2,428,44,0.0008075533064515871,0.0008849557522123894,0.7172387068201949,376400 ~> ac378546,1,1
"('ac390001', 'ac419100')",2,429,44,0.0004549356081078081,0.0008849557522123894,0.6810562444641276,ac390001 ~> ac419100,1,2
"('ac390183', 'ac419100')",2,430,45,0.0009103984218042458,0.0017699115044247787,0.7273980496453901,ac419100 ~> ac390183,1,2
"('387042a', 'ac355427')",2,431,45,0.0008075533064515871,0.0008849557522123894,0.7184831709477414,387042a ~> ac355427,1,3
"('ac415100', 'ac614400')",2,432,45,0.0004549356081078081,0.0008849557522123894,0.69087023914969,ac614400 ~> ac415100,1,2
"('378609k', 'ac419100')",2,433,46,0.0009103984218042458,0.0017699115044247787,0.7334441489361703,378609k ~> ac419100,1,1
"('378858s', 'ac415100')",2,434,46,0.0008075533064515871,0.0008849557522123894,0.7310473870682019,378858s ~> ac415100,1,1
"('ac10113', 'ac370000')",2,435,46,0.0004549356081078081,0.0008849557522123894,0.7008968113374667,ac10113 ~> ac370000 -> ac370000,2,4
"('ac390003', 'ac415100')",2,436,47,0.0009103984218042458,0.0017699115044247787,0.750177304964539,ac390003 ~> ac415100,1,3
"('ac390550', 'ac415100')",2,437,47,0.0009103984218042458,0.0017699115044247787,0.750177304964539,ac390550 -> ac415100,1,4
"('370715s', 'ac370000')",2,438,47,0.0004549356081078081,0.0008849557522123894,0.7169242692648361,370715s ~> ac370000 -> ac370000,2,4
"('ac355427', 'ac40014')",2,439,47,3.489590497720088e-05,0.0017699115044247787,0.7357402482269503,ac355427 ~> ac40014,1,1
"('ac10113', 'ac10307')",2,440,48,0.0008075533064515871,0.0008849557522123894,0.7527170062001771,ac10307 -> ac10113,1,1
"('ac380077', 'ac415100')",2,441,48,0.0004549356081078081,0.0008849557522123894,0.730582373782108,ac380077 ~> ac415100,1,1
"('ac10113', 'ac415100')",2,442,48,3.489590497720088e-05,0.0017699115044247787,0.7879321808510638,ac415100 -> ac10113,1,1
"('ac370000', 'ac378546')",2,443,49,0.0008075533064515871,0.0008849557522123894,0.7534211691762621,ac378546 ~> ac370000,1,4
"('ac370000', 'ac388170')",2,444,49,0.0004549356081078081,0.0008849557522123894,0.7514725420726307,ac388170 ~> ac370000,1,2
"('ac370000', 'ac686405')",2,445,50,0.0008075533064515871,0.0008849557522123894,0.7582617360496015,ac686405 -> ac370000,1,4
"('ac355427', 'ac610001')",2,446,50,0.0004549356081078081,0.0008849557522123894,0.7529251550044287,ac355427 ~> ac610001,1,1
"('ac355427', 'other')",2,447,50,0.0004549356081078081,0.0008849557522123894,0.7529251550044287,other -> ac355427,1,2
"('370442s', 'ac419100')",2,448,51,0.0008075533064515871,0.0008849557522123894,0.76227856510186,ac419100 ~> 370442s,1,1
"('ac370000', 'ac375075')",2,449,51,0.0008075533064515871,0.0008849557522123894,0.76227856510186,ac370000 ~> ac375075,1,1
"('ac370000', 'ac709999')",2,450,51,0.0004549356081078081,0.0008849557522123894,0.7574025686448185,ac709999 ~> ac370000,1,2
"('ac370000', 'ac710170')",2,451,51,0.0004549356081078081,0.0008849557522123894,0.7574025686448185,ac710170 ~> ac370000,1,2
"('377498a', 'ac370000')",2,452,52,0.0008075533064515871,0.0008849557522123894,0.8042360496014173,377498a ~> ac370000,1,4
"('ac370711', 'ac419100')",2,453,52,0.0004549356081078081,0.0008849557522123894,0.7578365810451728,ac419100 ~> ac370711,1,1
"('370419s', 'ac10307')",2,454,53,0.0008075533064515871,0.0008849557522123894,0.8215212577502213,ac10307 ~> 370419s,1,1
"('370442s', 'ac10307')",2,455,53,0.0008075533064515871,0.0008849557522123894,0.8215212577502213,ac10307 ~> 370442s,1,1
"('ac390004', 'ac419100')",2,456,53,0.0004549356081078081,0.0008849557522123894,0.7592360496014172,ac390004 ~> ac419100,1,2
"('ac393628', 'ac419100')",2,457,54,0.0004549356081078081,0.0008849557522123894,0.787588573959256,ac419100 ~> ac393628,1,1
"('ac413489', 'ac419100')",2,458,55,0.0004549356081078081,0.0008849557522123894,0.8002015057573073,ac419100 ~> ac413489,1,1
"('370401s', 'ac415100')",2,459,56,0.0004549356081078081,0.0008849557522123894,0.8136116031886625,ac415100 ~> 370401s,1,1
"('378453s', 'ac419100')",2,460,56,0.0004549356081078081,0.0008849557522123894,0.8136116031886625,378453s ~> ac419100,1,1
"('376400', '377498a', 'ac372417')",3,1,1,0.15671616962261864,0.1495575221238938,0.6659833968560857,ac372417 -> 376400 -> 377498a,1,1
"('ac411100', 'ac415100', 'ac419100')",3,2,1,0.029590896944705056,0.07876106194690266,0.5835938596207191,ac411100 -> ac419100 -> ac415100,1,31
"('ac10307', 'ac411100', 'ac419100')",3,3,1,0.015536208813478749,0.05132743362831858,0.5793483820123521,ac10307 -> ac411100 -> ac419100 -> ac411100,2,10
"('ac356134', 'ac411100', 'ac419100')",3,4,1,0.007342942932663879,0.01415929203539823,0.573987881508079,ac411100 -> ac419100 ~> ac356134,2,8
"('ac355201', 'ac415100', 'ac419100')",3,5,1,0.005494300196552435,0.010619469026548672,0.5514270274299344,ac355201 ~> ac419100 -> ac415100,2,7
"('ac355201', 'ac411100', 'ac419100')",3,6,1,0.005033495803779671,0.009734513274336283,0.5511038670891218,ac355201 -> ac411100 -> ac419100,2,6
"('ac355427', 'ac411100', 'ac419100')",3,7,1,0.0037069087878995755,0.012389380530973451,0.5725067204301075,ac355427 -> ac411100 -> ac419100,2,6
"('376400', 'ac370000', 'ac411100')",3,8,1,0.002426172664004144,0.002654867256637168,0.5406721384205856,ac411100 -> ac370000 -> 376400,1,2
"('376400', 'ac370419', 'ac378452')",3,9,1,0.0016162763187471934,0.0017699115044247787,0.5356981382978723,ac370419 ~> 376400 -> ac378452,2,1
"('ac410500', 'ac411100', 'ac415100')",3,10,1,0.0009103984218042458,0.0017699115044247787,0.5292198581560285,ac410500 -> ac415100 -> ac411100,1,2
"('376480a', 'ac10107', 'ac370000')",3,11,1,0.0008075533064515871,0.0008849557522123894,0.5103875110717448,ac10107 ~> ac370000 -> ac370000 -> 376480a,2,1
"('376480a', 'ac355427', 'ac370000')",3,12,1,0.0008075533064515871,0.0008849557522123894,0.5103875110717448,ac355427 -> ac370000 -> ac370000 -> 376480a,2,2
"('376480a', 'ac370000', 'ac378149')",3,13,1,0.0008075533064515871,0.0008849557522123894,0.5103875110717448,ac370000 -> ac370000 -> 376480a -> ac378149,2,1
"('376480a', 'ac370000', 'ac379999')",3,14,1,0.0008075533064515871,0.0008849557522123894,0.5103875110717448,ac370000 -> ac370000 -> 376480a ~> ac379999,2,1
"('376480a', 'ac370000', 'ac410100')",3,15,1,0.0008075533064515871,0.0008849557522123894,0.5103875110717448,ac370000 -> ac370000 -> 376480a ~> ac410100,2,1
"('376480a', 'ac370000', 'ac415100')",3,16,1,0.0008075533064515871,0.0008849557522123894,0.5103875110717448,ac370000 -> ac370000 -> 376480a ~> ac415100,2,1
"('376480a', 'ac410100', 'ac415100')",3,17,1,0.0008075533064515871,0.0008849557522123894,0.5103875110717448,376480a ~> ac410100 -> ac415100 -> ac415100,2,1
"('ac370000', 'ac410100', 'ac415100')",3,18,1,0.0008075533064515871,0.0008849557522123894,0.5103875110717448,ac370000 ~> ac410100 -> ac415100 -> ac415100,2,2
"('ac370401', 'ac410100', 'ac415100')",3,19,1,0.0008075533064515871,0.0008849557522123894,0.5103875110717448,ac410100 -> ac415100 -> ac415100 ~> ac370401,2,1
"('ac378149', 'ac410100', 'ac415100')",3,20,1,0.0008075533064515871,0.0008849557522123894,0.5103875110717448,ac378149 ~> ac410100 -> ac415100 -> ac415100,2,1
"('ac379999', 'ac410100', 'ac415100')",3,21,1,0.0008075533064515871,0.0008849557522123894,0.5103875110717448,ac379999 -> ac410100 -> ac415100 -> ac415100,2,1
"('376400', '376480a', 'ac372417')",3,22,2,0.0806369649040661,0.08230088495575222,0.6817529629514418,ac372417 -> 376400 -> 376480a,1,1
"('ac379999', 'ac415100', 'ac419100')",3,23,2,0.013192756090531488,0.03716814159292035,0.6003428089985994,ac379999 ~> ac419100 -> ac415100,2,2
"('ac379999', 'ac411100', 'ac419100')",3,24,2,0.010605266679881407,0.03982300884955752,0.5982615975422426,ac379999 -> ac411100 -> ac419100,2,6
"('ac355111', 'ac410100', 'ac419100')",3,25,2,0.00757204596549085,0.04424778761061947,0.6794880555555556,ac410100 -> ac419100 -> ac355111,1,1
"('ac10107', 'ac411100', 'ac419100')",3,26,2,0.006417533921266108,0.012389380530973451,0.590118407578085,ac10107 -> ac411100 -> ac419100,2,4
"('ac370000', 'ac411100', 'ac419100')",3,27,2,0.0062173740541765065,0.017699115044247787,0.5923599099099098,ac370000 ~> ac411100 -> ac419100,2,6
"('ac355427', 'ac415100', 'ac419100')",3,28,2,0.004168003936093366,0.01327433628318584,0.5764701046337818,ac355427 ~> ac419100 -> ac415100,2,7
"('ac370000', 'ac379999', 'ac415100')",3,29,2,0.003195664493527264,0.006194690265486726,0.5593865284314974,ac415100 -> ac370000 -> ac379999,1,9
"('339486e', 'ac411100', 'ac419100')",3,30,2,0.003195664493527259,0.006194690265486726,0.5580393715812237,339486e ~> ac411100 -> ac419100,2,6
"('387042a', 'ac415100', 'ac419100')",3,31,2,0.0018229106716278927,0.0035398230088495575,0.5552264653641207,ac419100 -> ac415100 -> 387042a,1,2
"('ac10307', 'ac370000', 'ac411100')",3,32,2,0.0016162763187471934,0.0017699115044247787,0.5497074468085106,ac411100 -> ac10307 -> ac411100 ~> ac370000,2,4
"('376400', 'ac370000', 'ac378452')",3,33,2,0.0016162763187471917,0.0017699115044247787,0.5356981382978723,ac370000 ~> 376400 -> ac378452,2,1
"('370501', 'ac411100', 'ac419100')",3,34,2,0.0013663896913688606,0.002654867256637168,0.5508569949719018,ac411100 -> ac419100 ~> 370501,2,2
"('370407', 'ac10307', 'ac370000')",3,35,2,0.0008075533064515871,0.0008849557522123894,0.510914526129318,ac10307 -> ac370000 -> 370407,1,1
"('ac387090', 'ac410100', 'ac419100')",3,36,3,0.015677712750238125,0.04247787610619469,0.6929261976278497,ac410100 -> ac419100 -> ac387090,1,1
"('ac370000', 'ac370604', 'ac40014')",3,37,3,0.008830567724990513,0.02831858407079646,0.6400920708105647,ac40014 -> ac370000 -> ac370604,1,1
"('ac410100', 'ac415100', 'ac419100')",3,38,3,0.007726659593584142,0.03008849557522124,0.6281822939029627,ac410100 -> ac419100 -> ac415100,1,5
"('ac411100', 'ac419100', 'other')",3,39,3,0.005494300196552448,0.010619469026548672,0.6094868067978533,other ~> ac411100 -> ac419100,2,8
"('ac356134', 'ac415100', 'ac419100')",3,40,3,0.005033495803779681,0.009734513274336283,0.6070649524737997,ac356134 ~> ac419100 -> ac415100,2,3
"('ac370000', 'ac415100', 'ac419100')",3,41,3,0.004488099311850822,0.018584070796460177,0.6272073725793293,ac419100 -> ac415100 ~> ac370000,2,3
"('ac10107', 'ac415100', 'ac419100')",3,42,3,0.003654316956573131,0.007079646017699115,0.5903581773618539,ac10107 ~> ac419100 -> ac415100,2,1
"('376400', 'ac411100', 'ac419100')",3,43,3,0.0032372459872735924,0.0035398230088495575,0.5768428063943162,ac411100 -> ac419100 ~> 376400,2,2
"('ac411100', 'ac415100', 'other')",3,44,3,0.0027375468064094396,0.005309734513274336,0.5799696026097272,other -> ac415100 -> ac411100,1,2
"('ac355427', 'ac411100', 'ac415100')",3,45,3,0.00227996262197882,0.004424778761061947,0.5665435555555556,ac415100 -> ac355427 -> ac411100,1,2
"('ac350503', 'ac411100', 'ac419100')",3,46,3,0.0018229106716278927,0.0035398230088495575,0.5603774422735347,ac411100 -> ac419100 ~> ac350503,2,5
"('ac10307', 'ac411100', 'ac415100')",3,47,3,0.0015582455570017978,0.010619469026548672,0.606285778175313,ac10307 -> ac411100 ~> ac415100,2,6
"('ac378431', 'ac415100', 'ac419100')",3,48,3,0.0013663896913688606,0.002654867256637168,0.5509649511978705,ac378431 ~> ac419100 -> ac415100,2,2
"('ac10307', 'ac415100', 'ac419100')",3,49,3,0.0013303169090482245,0.007079646017699115,0.5801476158645277,ac10307 ~> ac419100 -> ac415100,2,1
"('ac10307', 'ac379999', 'ac411100')",3,50,3,0.0009103984218042458,0.0017699115044247787,0.5388696808510639,ac10307 -> ac411100 ~> ac379999,2,2
"('370504a', '376400', 'ac378452')",3,51,3,0.0008075533064515871,0.0008849557522123894,0.5268356953055802,370504a -> 376400 -> ac378452,1,1
"('ac10307', 'ac355427', 'ac411100')",3,52,3,0.0008075533064515871,0.0008849557522123894,0.5268356953055802,ac10307 -> ac411100 ~> ac355427,2,4
"('ac355427', 'ac370000', 'ac419100')",3,53,3,0.0008075533064515871,0.0008849557522123894,0.5268356953055802,ac419100 -> ac355427 -> ac370000,1,1
"('ac378546', 'ac411100', 'ac419100')",3,54,3,0.0004549356081078081,0.0008849557522123894,0.5115389725420726,ac378546 ~> ac411100 -> ac419100,2,2
"('378453a', 'ac411100', 'ac419100')",3,55,3,0.00035763853823359525,0.009734513274336283,0.5931300268096514,378453a ~> ac411100 -> ac419100,2,1
"('378453a', 'ac415100', 'ac419100')",3,56,3,0.00018102250694868385,0.0035398230088495575,0.5568772202486679,378453a ~> ac419100 -> ac415100,2,1
"('ac40014', 'ac410100', 'ac419100')",3,57,4,0.005780449758269621,0.03274336283185841,0.7003489651591207,ac410100 -> ac419100 -> ac40014,1,1
"('376400', 'ac372441', 'ac376406')",3,58,4,0.004862938238468863,0.005309734513274336,0.6611150652431791,ac372441 -> 376400 -> ac376406,1,1
"('ac387090', 'ac40014', 'ac415100')",3,59,4,0.004573231326757063,0.008849557522123894,0.65531875,ac387090 -> ac415100 -> ac40014,1,1
"('376400', '378453a', 'ac372417')",3,60,4,0.0032372459872735924,0.0035398230088495575,0.6120759325044405,ac372417 -> 376400 -> 378453a,1,1
"('376480a', 'ac411100', 'ac419100')",3,61,4,0.0031956644935272685,0.006194690265486726,0.6114867701310265,376480a ~> ac411100 -> ac419100,2,3
"('ac370000', 'ac410100', 'ac419100')",3,62,4,0.002932768357718288,0.03008849557522124,0.6880125590382138,ac410100 -> ac419100 -> ac370000,1,1
"('376400', '376480a', 'ac370000')",3,63,4,0.002426172664004144,0.002654867256637168,0.5780427388346644,ac370000 -> 376400 -> 376480a,1,1
"('ac410100', 'ac411100', 'ac419100')",3,64,4,0.002338931096750131,0.01327433628318584,0.6472707025411061,ac410100 -> ac419100 -> ac411100,1,7
"('ac378431', 'ac411100', 'ac419100')",3,65,4,0.00227996262197882,0.004424778761061947,0.5969062222222222,ac378431 ~> ac411100 -> ac419100,2,2
"('ac415100', 'ac419100', 'other')",3,66,4,0.002279962621978819,0.004424778761061947,0.5786706666666667,other ~> ac419100 -> ac415100,2,3
"('370715a', 'ac411100', 'ac419100')",3,67,4,0.0016772712851460961,0.007964601769911504,0.6208318465655664,370715a ~> ac411100 -> ac419100,2,1
"('370488j', 'ac355201', 'ac370000')",3,68,4,0.0016162763187471934,0.0017699115044247787,0.5758599290780142,ac355201 -> ac370000 -> 370488j,1,1
"('387042a', 'ac411100', 'ac419100')",3,69,4,0.0015582455570017978,0.010619469026548672,0.6408624031007751,387042a ~> ac411100 -> ac419100,2,7
"('ac10307', 'ac370000', 'ac379999')",3,70,4,0.0013663896913688606,0.002654867256637168,0.5523476782017155,ac10307 -> ac370000 -> ac379999,1,1
"('387042a', 'ac410100', 'ac419100')",3,71,4,0.0008296671502921304,0.008849557522123894,0.6317299107142857,ac410100 -> ac419100 -> 387042a,1,1
"('370407', '376400', 'ac378452')",3,72,4,0.0008075533064515871,0.0008849557522123894,0.5440146147032773,370407 ~> 376400 -> ac378452,2,1
"('376400', 'ac370443', 'ac378452')",3,73,4,0.0008075533064515871,0.0008849557522123894,0.5440146147032773,ac370443 -> 376400 -> ac378452,1,1
"('ac372417', 'ac411100', 'ac419100')",3,74,4,0.0005820339530474023,0.007964601769911504,0.6129519774011299,ac372417 ~> ac411100 -> ac419100,2,2
"('339486e', 'ac387090', 'ac415100')",3,75,4,0.0004549356081078081,0.0008849557522123894,0.5131687333923827,ac387090 -> ac415100 -> 339486e,1,1
"('376480a', 'ac10307', 'ac411100')",3,76,4,0.0004549356081078081,0.0008849557522123894,0.5131687333923827,ac10307 -> ac411100 ~> 376480a,2,1
"('ac387090', 'ac411100', 'ac419100')",3,77,4,0.0004549356081078081,0.0008849557522123894,0.5131687333923827,ac387090 ~> ac411100 -> ac419100,2,7
"('ac370000', 'ac411100', 'ac415100')",3,78,4,0.00017575097985454008,0.008849557522123894,0.6077723214285714,ac411100 -> ac415100 -> ac370000,1,1
"('ac370401', 'ac411100', 'ac419100')",3,79,4,3.489590497720088e-05,0.0017699115044247787,0.5505031028368794,ac411100 -> ac419100 -> ac411100 ~> ac370401,2,2
"('ac386002', 'ac410100', 'ac419100')",3,80,5,0.004113505473452753,0.007964601769911504,0.6704274457329765,ac410100 -> ac419100 -> ac386002,1,1
"('ac386002', 'ac415100', 'ac419100')",3,81,5,0.003654316956573131,0.007079646017699115,0.6671685606060607,ac386002 ~> ac419100 -> ac415100,2,2
"('ac389190', 'ac410100', 'ac419100')",3,82,5,0.0031956644935272685,0.006194690265486726,0.629002989441547,ac410100 -> ac419100 -> ac389190,1,1
"('330001b', 'ac411100', 'ac419100')",3,83,5,0.002737546806409444,0.005309734513274336,0.616680753262159,ac411100 -> ac419100 ~> 330001b,2,4
"('ac410100', 'ac419100', 'other')",3,84,5,0.0024703368953125767,0.01327433628318584,0.6945298953662182,ac410100 -> ac419100 -> other,1,1
"('ac386902', 'ac411100', 'ac419100')",3,85,5,0.00227996262197882,0.004424778761061947,0.6065035555555557,ac411100 -> ac419100 ~> ac386902,2,8
"('387042a', 'ac411100', 'ac415100')",3,86,5,0.0018229106716278927,0.0035398230088495575,0.5852408969804619,ac411100 -> ac415100 -> 387042a,1,2
"('ac355427', 'ac370000', 'ac372439')",3,87,5,0.0013663896913688606,0.002654867256637168,0.56403652765454,ac355427 -> ac370000 -> ac372439,1,1
"('370504a', 'ac411100', 'ac419100')",3,88,5,0.0013663896913688597,0.002654867256637168,0.5591104702750666,ac411100 -> ac419100 ~> 370504a,2,2
"('370407', 'ac370000', 'ac419100')",3,89,5,0.0009103984218042458,0.0017699115044247787,0.5530164007092199,ac419100 -> ac370000 -> 370407,1,1
"('ac355201', 'ac411100', 'ac415100')",3,90,5,0.0009103984218042458,0.0017699115044247787,0.5530164007092199,ac411100 -> ac415100 -> ac355201,1,1
"('ac370000', 'ac370111', 'ac411100')",3,91,5,0.0008075533064515871,0.0008849557522123894,0.5448649247121345,ac411100 -> ac370000 -> ac370111,1,1
"('ac370111', 'ac411100', 'ac419100')",3,92,5,0.0008075533064515871,0.0008849557522123894,0.5448649247121345,ac411100 -> ac419100 -> ac411100 ~> ac370111,2,4
"('ac378546', 'ac415100', 'ac419100')",3,93,5,0.0004895741833295048,0.002654867256637168,0.5541799763383615,ac378546 ~> ac419100 -> ac415100,2,2
"('370505a', 'ac411100', 'ac419100')",3,94,5,0.0004549356081078081,0.0008849557522123894,0.5217161204605846,370505a ~> ac411100 -> ac419100,2,2
"('370505a', 'ac415100', 'ac419100')",3,95,5,0.0004549356081078081,0.0008849557522123894,0.5217161204605846,370505a ~> ac419100 -> ac415100,2,1
"('375138a', 'ac411100', 'ac419100')",3,96,5,0.0004549356081078081,0.0008849557522123894,0.5217161204605846,375138a ~> ac411100 -> ac419100,2,1
"('377498a', 'ac411100', 'ac419100')",3,97,5,0.00041315442632335313,0.004424778761061947,0.5821933333333332,377498a ~> ac411100 -> ac419100,2,1
"('370407', 'ac411100', 'ac419100')",3,98,6,0.0027375468064094396,0.005309734513274336,0.6243142052194544,ac411100 -> ac419100 -> ac411100 ~> 370407,2,4
"('372417s', '376400', '376480a')",3,99,6,0.002426172664004144,0.002654867256637168,0.6171628216503993,372417s -> 376400 -> 376480a,1,1
"('372440a', 'ac411100', 'ac419100')",3,100,6,0.002279962621978819,0.004424778761061947,0.6091311111111112,372440a ~> ac411100 -> ac419100,2,4
"('ac10307', 'ac411100', 'other')",3,101,6,0.0018229106716278927,0.0035398230088495575,0.5886045737122558,ac10307 -> ac411100 ~> other,2,2
"('ac370000', 'ac372439', 'ac415100')",3,102,6,0.0013663896913688606,0.002654867256637168,0.5771273291925466,ac415100 -> ac370000 -> ac372439,1,1
"('ac370402', 'ac411100', 'ac419100')",3,103,6,0.0013262166063805177,0.006194690265486726,0.6753266123902811,ac411100 -> ac419100 ~> ac370402,2,2
"('ac370000', 'ac379999', 'ac411100')",3,104,6,0.0009103984218042458,0.0017699115044247787,0.5543683510638298,ac411100 -> ac370000 -> ac379999,1,1
"('376400', 'ac10107', 'ac370000')",3,105,6,0.0008075533064515871,0.0008849557522123894,0.5449180690876883,ac10107 -> ac370000 -> 376400,1,1
"('ac370403', 'ac411100', 'ac419100')",3,106,6,0.000508661879227555,0.006194690265486726,0.6693350082686681,ac411100 -> ac419100 ~> ac370403,2,2
"('ac370000', 'ac370401', 'ac411100')",3,107,6,0.0004549356081078081,0.0008849557522123894,0.5233193091231177,ac411100 -> ac370000 -> ac370401,1,1
"('ac370401', 'ac415100', 'ac419100')",3,108,6,0.00018102250694868385,0.0035398230088495575,0.5883281527531083,ac419100 -> ac415100 ~> ac370401,2,1
"('330001b', 'ac410100', 'ac419100')",3,109,6,1.071278417633624e-05,0.007079646017699115,0.6865168226381462,ac410100 -> ac419100 -> 330001b,1,1
"('ac386002', 'ac411100', 'ac419100')",3,110,7,0.0027375468064094396,0.005309734513274336,0.6683192467378412,ac386002 ~> ac411100 -> ac419100,2,7
"('376400', 'ac370000', 'ac419100')",3,111,7,0.002426172664004144,0.002654867256637168,0.6354148181011535,ac419100 -> ac370000 -> 376400,1,1
"('ac378607', 'ac415100', 'ac419100')",3,112,7,0.002279962621978819,0.004424778761061947,0.6400937777777778,ac378607 ~> ac419100 -> ac415100,2,1
"('ac359999', 'ac411100', 'ac419100')",3,113,7,0.0018229106716278936,0.0035398230088495575,0.6242240230905862,ac411100 -> ac419100 ~> ac359999,2,3
"('376480a', 'ac415100', 'ac419100')",3,114,7,0.0018229106716278927,0.0035398230088495575,0.5888032859680284,376480a ~> ac419100 -> ac415100,2,1
"('ac378449', 'ac411100', 'ac419100')",3,115,7,0.0013663896913688606,0.002654867256637168,0.5879392191659272,ac378449 ~> ac411100 -> ac419100,2,1
"('ac378449', 'ac415100', 'ac419100')",3,116,7,0.0013663896913688606,0.002654867256637168,0.5879392191659272,ac378449 ~> ac419100 -> ac415100,2,1
"('ac40016', 'ac410100', 'ac419100')",3,117,7,0.0009998430574177557,0.006194690265486726,0.7230972522579824,ac410100 -> ac419100 -> ac40016,1,1
"('ac387090', 'ac411100', 'ac415100')",3,118,7,0.0009103984218042458,0.0017699115044247787,0.5588608156028368,ac387090 -> ac415100 -> ac411100,1,2
"('372440a', '376400', 'ac378431')",3,119,7,0.0008075533064515871,0.0008849557522123894,0.5463573959255978,372440a -> 376400 -> ac378431,1,1
"('376480a', 'ac356134', 'ac370000')",3,120,7,0.0004549356081078081,0.0008849557522123894,0.5287090345438441,ac356134 -> ac370000 -> 376480a,1,1
"('370712b', 'ac411100', 'ac419100')",3,121,7,0.00041315442632335313,0.004424778761061947,0.6300235555555556,370712b ~> ac411100 -> ac419100,2,1
"('370401c', 'ac411100', 'ac419100')",3,122,7,0.0003797829272698377,0.002654867256637168,0.5821569062407572,ac411100 -> ac419100 -> ac411100 ~> 370401c,2,2
"('ac390003', 'ac410100', 'ac419100')",3,123,7,0.00018228833026479908,0.006194690265486726,0.7196994657168299,ac410100 -> ac419100 -> ac390003,1,1
"('376400', '376425a', 'ac372417')",3,124,8,0.002426172664004144,0.002654867256637168,0.6804281277728483,ac372417 -> 376400 -> 376425a,1,1
"('ac40014', 'ac415100', 'ac419100')",3,125,8,0.002279962621978819,0.004424778761061947,0.6494448888888888,ac419100 -> ac415100 ~> ac40014,2,2
"('ac370419', 'ac411100', 'ac419100')",3,126,8,0.0018229106716278927,0.0035398230088495575,0.6037821936056839,ac370419 ~> ac411100 -> ac419100,2,3
"('372440a', 'ac415100', 'ac419100')",3,127,8,0.0013663896913688606,0.002654867256637168,0.5919454303460515,372440a ~> ac419100 -> ac415100,2,2
"('376487', 'ac370000', 'ac415100')",3,128,8,0.0012617050741098477,0.0017699115044247787,0.589357269503546,ac415100 -> ac370000 -> 376487,1,1
"('ac386002', 'ac411100', 'ac415100')",3,129,8,0.0009103984218042458,0.0017699115044247787,0.5592907801418441,ac411100 -> ac415100 -> ac386002,1,1
"('370715a', '376400', '377498a')",3,130,8,0.0008075533064515871,0.0008849557522123894,0.5500509300265722,370715a -> 376400 -> 377498a,1,1
"('ac40014', 'ac411100', 'ac419100')",3,131,8,0.0006912293638301594,0.005309734513274336,0.6924043594306051,ac411100 -> ac419100 -> ac40014,1,5
"('ac10107', 'ac355427', 'ac411100')",3,132,8,0.0004549356081078081,0.0008849557522123894,0.5306753764393268,ac10107 -> ac355427 -> ac411100,1,1
"('ac370000', 'ac370419', 'other')",3,133,8,0.0004549356081078081,0.0008849557522123894,0.5306753764393268,other -> ac370000 -> ac370419,1,1
"('ac386902', 'ac411100', 'ac415100')",3,134,8,0.00041315442632335313,0.004424778761061947,0.639172,ac386902 -> ac415100 -> ac411100,1,1
"('ac350503', 'ac410100', 'ac419100')",3,135,8,5.31838836009043e-05,0.005309734513274336,0.6922494068801899,ac410100 -> ac419100 -> ac350503,1,1
"('376400', '377498a', 'ac375005')",3,136,9,0.002426172664004144,0.002654867256637168,0.7267620526471458,ac375005 -> 376400 -> 377498a,1,1
"('370466c', 'ac411100', 'ac419100')",3,137,9,0.002279962621978819,0.004424778761061947,0.6745631111111111,370466c ~> ac411100 -> ac419100,2,3
"('ac372439', 'ac411100', 'ac419100')",3,138,9,0.0018229106716278927,0.0035398230088495575,0.6339031971580816,ac372439 ~> ac411100 -> ac419100,2,4
"('370401c', 'ac10307', 'ac411100')",3,139,9,0.0016162763187471934,0.0017699115044247787,0.607247340425532,ac10307 -> ac411100 ~> 370401c,2,1
"('ac372417', 'ac415100', 'ac419100')",3,140,9,0.0013663896913688606,0.002654867256637168,0.5921302868973677,ac372417 ~> ac419100 -> ac415100,2,1
"('ac350503', 'ac415100', 'ac419100')",3,141,9,0.0009103984218042458,0.0017699115044247787,0.5629587765957447,ac419100 -> ac415100 -> ac350503,1,1
"('376400', 'ac10307', 'ac411100')",3,142,9,0.0008075533064515871,0.0008849557522123894,0.5538773250664305,ac10307 -> ac411100 ~> 376400,2,1
"('ac410100', 'ac419100', 'ac619600')",3,143,9,0.0006912293638301594,0.005309734513274336,0.7457139679715303,ac410100 -> ac419100 -> ac619600,1,1
"('ac378858', 'ac415100', 'ac419100')",3,144,9,0.0004549356081078081,0.0008849557522123894,0.532694862710363,ac378858 ~> ac419100 -> ac415100,2,1
"('370407', 'ac10307', 'ac411100')",3,145,9,6.991825967670937e-05,0.0035398230088495575,0.6321303285968028,ac10307 -> ac411100 ~> 370407,2,1
"('370407', 'ac370000', 'ac40014')",3,146,10,0.0018229106716278927,0.0035398230088495575,0.6461700710479573,ac40014 -> ac370000 -> 370407,1,1
"('ac370000', 'ac370604', 'ac411100')",3,147,10,0.0016162763187471934,0.0017699115044247787,0.6390602836879433,ac411100 -> ac370000 -> ac370604,1,1
"('330001b', 'ac411100', 'ac415100')",3,148,10,0.0013663896913688606,0.002654867256637168,0.5964973380656611,ac411100 -> ac415100 -> 330001b,1,1
"('ac370000', 'ac410500', 'ac415100')",3,149,10,0.0009103984218042458,0.0017699115044247787,0.5655008865248227,ac410500 -> ac415100 -> ac370000,1,1
"('ac410500', 'ac415100', 'ac419100')",3,150,10,0.0009103984218042458,0.0017699115044247787,0.5655008865248227,ac419100 -> ac415100 ~> ac410500,2,2
"('370488j', '376400', 'ac378449')",3,151,10,0.0008075533064515871,0.0008849557522123894,0.5543821966341895,370488j -> 376400 -> ac378449,1,1
"('ac10307', 'ac370403', 'ac411100')",3,152,10,0.0004549356081078081,0.0008849557522123894,0.5348073516386181,ac10307 -> ac411100 ~> ac370403,2,1
"('370466c', 'ac415100', 'ac419100')",3,153,11,0.0018229106716278927,0.0035398230088495575,0.6512222468916519,370466c ~> ac419100 -> ac415100,2,1
"('ac359999', 'ac415100', 'ac419100')",3,154,11,0.0013663896913688606,0.002654867256637168,0.6011971310263236,ac419100 -> ac415100 ~> ac359999,2,2
"('387042a', 'ac370000', 'ac415100')",3,155,11,0.0009103984218042458,0.0017699115044247787,0.5688563829787234,387042a -> ac415100 -> ac370000,1,1
"('370401c', 'ac370000', 'ac411100')",3,156,11,0.0008075533064515871,0.0008849557522123894,0.5555292294065545,ac411100 -> ac370000 -> 370401c,1,1
"('339486e', 'ac10307', 'ac411100')",3,157,11,0.0004549356081078081,0.0008849557522123894,0.5369995571302038,339486e ~> ac10307 -> ac411100,2,1
"('ac10107', 'ac355427', 'ac370000')",3,158,11,3.489590497720088e-05,0.0017699115044247787,0.5682867907801418,ac10107 -> ac355427 -> ac370000,1,1
"('375138a', '376400', '377498a')",3,159,12,0.0016162763187471934,0.0017699115044247787,0.7478413120567377,375138a -> 376400 -> 377498a,1,1
"('ac410500', 'ac411100', 'ac419100')",3,160,12,0.0013663896913688606,0.002654867256637168,0.6015032534753031,ac410500 ~> ac411100 -> ac419100,2,4
"('ac10307', 'ac350503', 'ac411100')",3,161,12,0.0009103984218042458,0.0017699115044247787,0.5714494680851064,ac10307 -> ac411100 ~> ac350503,2,1
"('376400', 'ac355201', 'ac370000')",3,162,12,0.0008075533064515871,0.0008849557522123894,0.5589260407440213,ac355201 -> ac370000 -> 376400,1,1
"('ac355111', 'ac411100', 'ac419100')",3,163,12,0.0004549356081078081,0.0008849557522123894,0.5448649247121345,ac355111 ~> ac411100 -> ac419100,2,1
"('376400', '377498a', 'ac375075')",3,164,13,0.0016162763187471934,0.0017699115044247787,0.7604100177304964,ac375075 -> 376400 -> 377498a,1,1
"('370501', 'ac370000', 'ac419100')",3,165,13,0.0013663896913688606,0.002654867256637168,0.6040365276545401,ac419100 -> ac370000 -> 370501,1,1
"('ac356133', 'ac370000', 'ac370402')",3,166,13,0.0009103984218042458,0.0017699115044247787,0.571883865248227,ac356133 -> ac370000 -> ac370402,1,1
"('376400', 'ac372417', 'other')",3,167,13,0.0008075533064515871,0.0008849557522123894,0.5601572187776794,ac372417 -> 376400 -> other,1,1
"('ac10107', 'ac370000', 'other')",3,168,13,0.0004549356081078081,0.0008849557522123894,0.547145704162976,ac10107 -> ac370000 -> other,1,1
"('302282', 'ac370000', 'ac370604')",3,169,14,0.0013663896913688606,0.002654867256637168,0.6288531499556345,302282 -> ac370000 -> ac370604,1,1
"('375138a', 'ac415100', 'ac419100')",3,170,14,0.0009103984218042458,0.0017699115044247787,0.5746409574468084,375138a ~> ac419100 -> ac415100,2,1
"('339486e', 'ac355427', 'ac370000')",3,171,14,0.0008075533064515871,0.0008849557522123894,0.5619242692648362,339486e -> ac355427 -> ac370000,1,1
"('370715a', '376400', '378453a')",3,172,14,0.0008075533064515871,0.0008849557522123894,0.5619242692648362,370715a -> 376400 -> 378453a,1,1
"('ac355427', 'ac370000', 'ac415100')",3,173,14,0.0004549356081078081,0.0008849557522123894,0.5485451727192207,ac415100 -> ac355427 -> ac370000,1,1
"('ac372439', 'ac415100', 'ac419100')",3,174,14,0.0004549356081078081,0.0008849557522123894,0.5485451727192207,ac419100 -> ac415100 ~> ac372439,2,2
"('376480a', 'ac370000', 'ac419100')",3,175,14,3.489590497720088e-05,0.0017699115044247787,0.5728612588652482,ac419100 -> ac370000 -> 376480a,1,1
"('ac386041', 'ac410100', 'ac419100')",3,176,14,2.6522728670614476e-05,0.002654867256637168,0.6082320319432121,ac410100 -> ac419100 -> ac386041,1,1
"('ac10307', 'ac356134', 'ac411100')",3,177,15,0.0013663896913688606,0.002654867256637168,0.6431994971901805,ac10307 -> ac411100 ~> ac356134,2,1
"('ac370403', 'ac415100', 'ac419100')",3,178,15,0.0009103984218042458,0.0017699115044247787,0.5754632092198582,ac419100 -> ac415100 ~> ac370403,2,1
"('387042a', 'ac10307', 'ac415100')",3,179,15,0.0008075533064515871,0.0008849557522123894,0.5643157661647475,387042a -> ac415100 -> ac10307,1,2
"('ac10307', 'ac370000', 'ac415100')",3,180,15,0.0008075533064515871,0.0008849557522123894,0.5643157661647475,ac415100 -> ac10307 -> ac370000,1,1
"('339486e', '376400', 'ac370000')",3,181,15,0.0004549356081078081,0.0008849557522123894,0.5493290522586359,339486e -> ac370000 -> 376400,1,1
"('376400', 'ac370000', 'ac379999')",3,182,15,0.0004549356081078081,0.0008849557522123894,0.5493290522586359,ac370000 -> 376400 -> ac379999,1,1
"('ac411100', 'ac415100', 'ac613000')",3,183,16,0.0013663896913688606,0.002654867256637168,0.6639803312629399,ac613000 -> ac415100 -> ac411100,1,1
"('370488j', 'ac411100', 'ac419100')",3,184,16,0.0009103984218042458,0.0017699115044247787,0.5762012411347517,370488j ~> ac411100 -> ac419100,2,1
"('370828a', 'ac411100', 'ac419100')",3,185,16,0.0009103984218042458,0.0017699115044247787,0.5762012411347517,370828a ~> ac411100 -> ac419100,2,1
"('370828a', 'ac415100', 'ac419100')",3,186,16,0.0009103984218042458,0.0017699115044247787,0.5762012411347517,370828a ~> ac419100 -> ac415100,2,1
"('370488g', 'ac411100', 'ac419100')",3,187,16,0.0008075533064515871,0.0008849557522123894,0.5695327723649247,370488g ~> ac411100 -> ac419100,2,1
"('ac356132', 'ac370000', 'ac370402')",3,188,16,0.0004549356081078081,0.0008849557522123894,0.5499047829937997,ac356132 -> ac370000 -> ac370402,1,1
"('ac355201', 'ac370000', 'ac378546')",3,189,16,2.6522728670614476e-05,0.002654867256637168,0.6443870156758356,ac355201 -> ac370000 -> ac378546,1,1
"('330001b', 'ac415100', 'ac419100')",3,190,17,0.0013663896913688606,0.002654867256637168,0.671268115942029,ac419100 -> ac415100 ~> 330001b,2,1
"('ac378452', 'ac411100', 'ac419100')",3,191,17,0.0009103984218042458,0.0017699115044247787,0.5810882092198582,ac378452 ~> ac411100 -> ac419100,2,1
"('ac10307', 'ac386042', 'ac415100')",3,192,17,0.0008075533064515871,0.0008849557522123894,0.5705115146147033,ac10307 -> ac415100 -> ac386042,1,1
"('ac386042', 'ac411100', 'ac419100')",3,193,17,0.0008075533064515871,0.0008849557522123894,0.5705115146147033,ac386042 ~> ac411100 -> ac419100,2,2
"('ac10307', 'ac355201', 'ac411100')",3,194,17,0.0004549356081078081,0.0008849557522123894,0.552894154118689,ac10307 -> ac411100 -> ac355201,2,3
"('ac390520', 'ac410100', 'ac419100')",3,195,18,0.0013663896913688606,0.002654867256637168,0.6945230700976043,ac410100 -> ac419100 -> ac390520,1,1
"('ac355201', 'ac355427', 'ac411100')",3,196,18,0.0009103984218042458,0.0017699115044247787,0.5880274822695035,ac355201 -> ac355427 -> ac411100,1,1
"('370488g', '376400', '377498a')",3,197,18,0.0008075533064515871,0.0008849557522123894,0.5786647475642162,370488g -> 376400 -> 377498a,1,1
"('387042a', 'ac370000', 'ac379999')",3,198,18,0.0004549356081078081,0.0008849557522123894,0.5538773250664305,387042a -> ac370000 -> ac379999,1,1
"('ac370000', 'ac379999', 'ac419100')",3,199,18,0.0004549356081078081,0.0008849557522123894,0.5538773250664305,ac419100 -> ac370000 -> ac379999,1,1
"('ac370000', 'ac370604', 'ac419100')",3,200,18,0.0003797829272698377,0.002654867256637168,0.6850495415557528,ac419100 -> ac370000 -> ac370604,1,1
"('ac386042', 'ac410100', 'ac419100')",3,201,19,0.0013663896913688606,0.002654867256637168,0.7320489500147885,ac410100 -> ac419100 -> ac386042,1,1
"('337419c', 'ac356132', 'ac40014')",3,202,19,0.0009103984218042458,0.0017699115044247787,0.5899844858156029,ac40014 -> 337419c -> ac356132,1,1
"('372440a', '376400', '376480a')",3,203,19,0.0008075533064515871,0.0008849557522123894,0.5801262178919397,372440a -> 376400 -> 376480a,1,1
"('370407', 'ac370000', 'ac411100')",3,204,19,0.0004549356081078081,0.0008849557522123894,0.5539747564216121,ac411100 -> ac370000 -> 370407,1,1
"('370712b', 'ac10307', 'ac411100')",3,205,19,0.0004549356081078081,0.0008849557522123894,0.5539747564216121,ac10307 -> ac411100 ~> 370712b,2,1
"('370712b', 'ac415100', 'ac419100')",3,206,19,0.0004549356081078081,0.0008849557522123894,0.5539747564216121,370712b ~> ac419100 -> ac415100,2,1
"('ac10113', 'ac410100', 'ac419100')",3,207,19,0.0003797829272698377,0.002654867256637168,0.7259826974267967,ac410100 -> ac419100 -> ac10113,1,1
"('ac411100', 'ac419100', 'ac610001')",3,208,19,2.6522728670614476e-05,0.002654867256637168,0.7063982549541555,ac411100 -> ac419100 ~> ac610001,2,1
"('370715a', 'ac415100', 'ac419100')",3,209,20,0.0009103984218042458,0.0017699115044247787,0.5907358156028369,370715a ~> ac419100 -> ac415100,2,1
"('337190c', 'ac415100', 'ac419100')",3,210,20,0.0008075533064515871,0.0008849557522123894,0.5826062887511072,ac419100 -> ac415100 ~> 337190c,2,1
"('ac356134', 'ac370000', 'ac378546')",3,211,20,0.0008075533064515871,0.0008849557522123894,0.5826062887511072,ac356134 -> ac370000 -> ac378546,1,1
"('ac379999', 'ac411100', 'ac415100')",3,212,20,0.0004549356081078081,0.0008849557522123894,0.557322852081488,ac379999 -> ac415100 -> ac411100,1,1
"('ac390550', 'ac415100', 'ac419100')",3,213,20,0.0003797829272698377,0.002654867256637168,0.7820696539485359,ac419100 -> ac415100 ~> ac390550,2,1
"('ac378607', 'ac411100', 'ac419100')",3,214,21,0.0009103984218042458,0.0017699115044247787,0.5917708333333334,ac378607 ~> ac411100 -> ac419100,2,1
"('370504a', 'ac359999', 'ac370000')",3,215,21,0.0008075533064515871,0.0008849557522123894,0.5881775907883082,ac359999 -> ac370000 -> 370504a,1,1
"('376400', '376480a', 'ac370606')",3,216,21,0.0008075533064515871,0.0008849557522123894,0.5881775907883082,ac370606 -> 376400 -> 376480a,1,1
"('370501', 'ac359999', 'ac370000')",3,217,21,0.0004549356081078081,0.0008849557522123894,0.567787865367582,ac359999 -> ac370000 -> 370501,1,1
"('ac355427', 'ac359999', 'ac419100')",3,218,21,0.0004549356081078081,0.0008849557522123894,0.567787865367582,ac419100 -> ac355427 -> ac359999,1,1
"('ac356132', 'ac411100', 'ac419100')",3,219,22,0.0009103984218042458,0.0017699115044247787,0.592863475177305,ac356132 ~> ac411100 -> ac419100,2,2
"('376400', 'ac370000', 'ac40014')",3,220,22,0.0008075533064515871,0.0008849557522123894,0.5897364924712135,ac40014 -> ac370000 -> 376400,1,1
"('370504a', 'ac355427', 'ac370000')",3,221,22,0.0004549356081078081,0.0008849557522123894,0.5681288751107174,ac355427 -> ac370000 -> 370504a,1,1
"('ac355427', 'ac370000', 'ac411100')",3,222,22,0.0004549356081078081,0.0008849557522123894,0.5681288751107174,ac411100 -> ac355427 -> ac370000,1,1
"('370401c', 'ac415100', 'ac419100')",3,223,22,3.489590497720088e-05,0.0017699115044247787,0.5926418439716312,ac419100 -> ac415100 ~> 370401c,2,1
"('ac10307', 'ac355427', 'ac370000')",3,224,23,0.0009103984218042458,0.0017699115044247787,0.5956981382978723,ac10307 -> ac355427 -> ac370000,1,1
"('376487', '387042a', 'ac370000')",3,225,23,0.0008075533064515871,0.0008849557522123894,0.5914946855624446,387042a -> ac370000 -> 376487,1,1
"('376487', 'ac10107', 'ac370000')",3,226,23,0.0008075533064515871,0.0008849557522123894,0.5914946855624446,ac10107 -> ac370000 -> 376487,1,1
"('ac355427', 'ac386902', 'ac411100')",3,227,23,0.0004549356081078081,0.0008849557522123894,0.5707639503985827,ac386902 -> ac355427 -> ac411100,1,1
"('ac370000', 'ac370111', 'ac419100')",3,228,23,0.0004549356081078081,0.0008849557522123894,0.5707639503985827,ac419100 -> ac370000 -> ac370111,1,1
"('ac386902', 'ac415100', 'ac419100')",3,229,24,0.0009103984218042458,0.0017699115044247787,0.6021320921985815,ac386902 ~> ac419100 -> ac415100,2,3
"('ac355401', 'ac410100', 'ac419100')",3,230,24,0.0008075533064515871,0.0008849557522123894,0.6008126660761736,ac410100 -> ac419100 -> ac355401,1,1
"('376487', 'ac411100', 'ac419100')",3,231,24,0.0004549356081078081,0.0008849557522123894,0.5726062887511072,376487 ~> ac411100 -> ac419100,2,2
"('ac10307', 'ac370401', 'ac411100')",3,232,24,3.489590497720088e-05,0.0017699115044247787,0.6010593971631205,ac10307 -> ac411100 ~> ac370401,2,1
"('ac355409', 'ac415100', 'ac419100')",3,233,25,0.0009103984218042458,0.0017699115044247787,0.6162056737588653,ac355409 ~> ac419100 -> ac415100,2,2
"('376400', '376480a', 'other')",3,234,25,0.0008075533064515871,0.0008849557522123894,0.6030580159433127,other -> 376400 -> 376480a,1,1
"('387042a', 'ac356134', 'ac415100')",3,235,25,0.0004549356081078081,0.0008849557522123894,0.5742581930912312,387042a -> ac415100 -> ac356134,1,1
"('ac370000', 'ac411100', 'other')",3,236,25,3.489590497720088e-05,0.0017699115044247787,0.6088563829787234,ac411100 -> ac370000 -> other,1,1
"('ac411100', 'ac419100', 'ac613000')",3,237,26,0.0009103984218042458,0.0017699115044247787,0.620330230496454,ac613000 ~> ac411100 -> ac419100 -> ac411100,2,3
"('376400', '377498a', 'other')",3,238,26,0.0008075533064515871,0.0008849557522123894,0.612411426040744,other -> 376400 -> 377498a,1,1
"('ac370000', 'ac419100', 'other')",3,239,26,0.0004549356081078081,0.0008849557522123894,0.5786647475642162,ac419100 -> ac370000 -> other,1,1
"('ac370000', 'ac386902', 'ac415100')",3,240,26,3.489590497720088e-05,0.0017699115044247787,0.6145678191489362,ac386902 -> ac415100 -> ac370000,1,1
"('ac370419', 'ac415100', 'ac419100')",3,241,27,0.0009103984218042458,0.0017699115044247787,0.627668439716312,ac370419 ~> ac419100 -> ac415100,2,1
"('376400', 'ac370000', 'ac415100')",3,242,27,0.0008075533064515871,0.0008849557522123894,0.615383082373782,ac415100 -> ac370000 -> 376400,1,1
"('376400', 'ac415100', 'ac419100')",3,243,27,0.0008075533064515871,0.0008849557522123894,0.615383082373782,ac419100 -> ac415100 ~> 376400,2,1
"('339486e', '387042a', 'ac415100')",3,244,27,0.0004549356081078081,0.0008849557522123894,0.5794309123117803,387042a -> ac415100 -> 339486e,1,1
"('ac355111', 'ac415100', 'ac419100')",3,245,27,0.0004549356081078081,0.0008849557522123894,0.5794309123117803,ac419100 -> ac415100 ~> ac355111,2,3
"('ac380000', 'ac415100', 'ac419100')",3,246,27,0.0004549356081078081,0.0008849557522123894,0.5794309123117803,ac419100 -> ac415100 -> ac380000,1,1
"('ac350503', 'ac355427', 'ac356134')",3,247,27,3.489590497720088e-05,0.0017699115044247787,0.6247562056737589,ac350503 -> ac355427 -> ac356134,1,1
"('ac387070', 'ac411100', 'ac419100')",3,248,28,0.0009103984218042458,0.0017699115044247787,0.6300465425531916,ac387070 ~> ac411100 -> ac419100,2,4
"('372417s', '376400', '377121s')",3,249,28,0.0008075533064515871,0.0008849557522123894,0.6175487156775907,372417s -> 376400 -> 377121s,1,1
"('ac10107', 'ac10307', 'ac411100')",3,250,28,0.0004549356081078081,0.0008849557522123894,0.5832661647475642,ac10307 -> ac411100 -> ac10107,2,1
"('ac10307', 'ac40014', 'ac411100')",3,251,28,0.0004549356081078081,0.0008849557522123894,0.5832661647475642,ac10307 -> ac411100 ~> ac40014,2,1
"('339171a', 'ac415100', 'ac419100')",3,252,29,0.0009103984218042458,0.0017699115044247787,0.6391821808510638,339171a ~> ac419100 -> ac415100,2,2
"('376400', '377498a', 'ac375518')",3,253,29,0.0008075533064515871,0.0008849557522123894,0.6208746678476528,ac375518 -> 376400 -> 377498a,1,1
"('ac387070', 'ac411100', 'ac415100')",3,254,29,0.0004549356081078081,0.0008849557522123894,0.5835230292294066,ac387070 -> ac415100 -> ac411100,1,1
"('ac388170', 'ac411100', 'ac415100')",3,255,30,0.0009103984218042458,0.0017699115044247787,0.6408887411347518,ac388170 -> ac415100 -> ac411100,1,1
"('ac388170', 'ac411100', 'ac419100')",3,256,30,0.0009103984218042458,0.0017699115044247787,0.6408887411347518,ac388170 ~> ac411100 -> ac419100,2,3
"('370488g', '376400', '376480a')",3,257,30,0.0008075533064515871,0.0008849557522123894,0.6286071744906997,370488g -> 376400 -> 376480a,1,1
"('ac355111', 'ac370000', 'ac370111')",3,258,30,0.0004549356081078081,0.0008849557522123894,0.5850465013286094,ac355111 -> ac370000 -> ac370111,1,1
"('370501', 'ac370000', 'ac411100')",3,259,31,0.0009103984218042458,0.0017699115044247787,0.6430851063829788,ac411100 -> ac370000 -> 370501,1,1
"('376400', 'ac355427', 'ac370000')",3,260,31,0.0008075533064515871,0.0008849557522123894,0.629439769707706,ac355427 -> ac370000 -> 376400,1,1
"('370501', 'ac370000', 'other')",3,261,31,0.0004549356081078081,0.0008849557522123894,0.5857108060230293,other -> ac370000 -> 370501,1,1
"('ac40014', 'ac411100', 'ac415100')",3,262,31,0.0004549356081078081,0.0008849557522123894,0.5857108060230293,ac411100 -> ac415100 -> ac40014,1,1
"('ac370000', 'ac372439', 'ac411100')",3,263,32,0.0009103984218042458,0.0017699115044247787,0.6538497340425532,ac411100 -> ac370000 -> ac372439,1,1
"('ac10213', 'ac411100', 'ac419100')",3,264,32,0.0008075533064515871,0.0008849557522123894,0.6322608503100089,ac10213 ~> ac411100 -> ac419100,2,3
"('ac10107', 'ac370000', 'ac379999')",3,265,32,0.0004549356081078081,0.0008849557522123894,0.5865611160318865,ac10107 -> ac370000 -> ac379999,1,1
"('ac10207', 'ac411100', 'ac419100')",3,266,32,0.0004549356081078081,0.0008849557522123894,0.5865611160318865,ac411100 -> ac419100 -> ac10207,1,3
"('ac378729', 'ac411100', 'ac419100')",3,267,32,3.489590497720088e-05,0.0017699115044247787,0.646165780141844,ac378729 ~> ac411100 -> ac419100,2,1
"('ac10307', 'ac386902', 'ac411100')",3,268,33,0.0009103984218042458,0.0017699115044247787,0.6667863475177305,ac10307 -> ac411100 ~> ac386902,2,2
"('ac370000', 'ac387090', 'ac415100')",3,269,33,0.0008075533064515871,0.0008849557522123894,0.6323937112488928,ac387090 -> ac415100 -> ac370000,1,1
"('339486e', 'ac415100', 'ac419100')",3,270,33,0.0004549356081078081,0.0008849557522123894,0.5889924712134633,ac419100 -> ac415100 -> 339486e,1,3
"('ac10113', 'ac411100', 'ac419100')",3,271,33,3.489590497720088e-05,0.0017699115044247787,0.6522983156028369,ac10113 ~> ac411100 -> ac419100,2,2
"('370407', 'ac415100', 'ac419100')",3,272,34,0.0009103984218042458,0.0017699115044247787,0.6732203014184397,370407 ~> ac419100 -> ac415100,2,2
"('376400', 'ac359999', 'ac370000')",3,273,34,0.0008075533064515871,0.0008849557522123894,0.6330713020372011,ac359999 -> ac370000 -> 376400,1,1
"('ac355427', 'ac359999', 'ac415100')",3,274,34,0.0008075533064515871,0.0008849557522123894,0.6330713020372011,ac415100 -> ac355427 -> ac359999,1,1
"('387042a', 'ac386002', 'ac415100')",3,275,34,0.0004549356081078081,0.0008849557522123894,0.5903476527900796,387042a -> ac415100 -> ac386002,1,1
"('ac380000', 'ac410100', 'ac419100')",3,276,34,3.489590497720088e-05,0.0017699115044247787,0.673107269503546,ac410100 -> ac419100 -> ac380000,1,1
"('ac387090', 'ac415100', 'ac419100')",3,277,35,0.0009103984218042458,0.0017699115044247787,0.6798138297872339,ac419100 -> ac415100 -> ac387090,1,3
"('339486e', 'ac355201', 'ac415100')",3,278,35,0.0008075533064515871,0.0008849557522123894,0.6386293179805138,ac355201 -> ac415100 -> 339486e,1,1
"('376400', 'ac375004', 'ac378607')",3,279,35,0.0008075533064515871,0.0008849557522123894,0.6386293179805138,ac375004 -> 376400 -> ac378607,1,1
"('ac355201', 'ac410100', 'ac419100')",3,280,35,0.0008075533064515871,0.0008849557522123894,0.6386293179805138,ac410100 -> ac419100 -> ac355201,1,1
"('337419c', 'ac356133', 'ac40014')",3,281,35,0.0004549356081078081,0.0008849557522123894,0.5903476527900797,ac40014 -> 337419c -> ac356133,1,1
"('370701s', 'ac370000', 'ac40014')",3,282,35,3.489590497720088e-05,0.0017699115044247787,0.6763031914893617,ac40014 -> ac370000 -> 370701s,1,1
"('370407', 'ac370000', 'ac390550')",3,283,36,0.0009103984218042458,0.0017699115044247787,0.693834219858156,ac390550 -> ac370000 -> 370407,1,1
"('372440a', '376400', '377498a')",3,284,36,0.0008075533064515871,0.0008849557522123894,0.6411182462356069,372440a -> 376400 -> 377498a,1,1
"('339486e', 'ac370000', 'ac379999')",3,285,36,0.0004549356081078081,0.0008849557522123894,0.5904450841452612,339486e -> ac370000 -> ac379999,1,1
"('339486e', 'ac411100', 'ac415100')",3,286,36,0.0004549356081078081,0.0008849557522123894,0.5904450841452612,ac411100 -> ac415100 -> 339486e,1,1
"('370504a', 'ac370000', 'ac40014')",3,287,37,0.0009103984218042458,0.0017699115044247787,0.6957402482269505,ac40014 -> ac370000 -> 370504a,1,1
"('376400', 'ac372417', 'ac378449')",3,288,37,0.0008075533064515871,0.0008849557522123894,0.6463972542072631,ac372417 -> 376400 -> ac378449,1,1
"('370504a', 'ac356134', 'ac370000')",3,289,37,0.0004549356081078081,0.0008849557522123894,0.5927524357838795,ac356134 -> ac370000 -> 370504a,1,1
"('ac378149', 'ac411100', 'ac419100')",3,290,38,0.0009103984218042458,0.0017699115044247787,0.7138453014184397,ac378149 ~> ac411100 -> ac419100 -> ac411100,2,4
"('ac370000', 'ac386041', 'ac415100')",3,291,38,0.0008075533064515871,0.0008849557522123894,0.653137732506643,ac386041 -> ac415100 -> ac370000,1,1
"('ac386041', 'ac411100', 'ac419100')",3,292,38,0.0008075533064515871,0.0008849557522123894,0.653137732506643,ac411100 -> ac419100 ~> ac386041,2,1
"('ac378858', 'ac411100', 'ac419100')",3,293,38,0.0004549356081078081,0.0008849557522123894,0.600188219663419,ac378858 ~> ac411100 -> ac419100 -> ac411100,2,2
"('ac386902', 'ac410100', 'ac419100')",3,294,39,0.0009103984218042458,0.0017699115044247787,0.7721320921985816,ac410100 -> ac419100 -> ac386902,1,1
"('ac355111', 'ac359999', 'ac415100')",3,295,39,0.0008075533064515871,0.0008849557522123894,0.6582573073516386,ac359999 -> ac415100 -> ac355111,1,1
"('302211', 'ac411100', 'ac419100')",3,296,39,0.0004549356081078081,0.0008849557522123894,0.6057639503985828,ac411100 -> ac419100 ~> 302211,2,1
"('302213e', 'ac411100', 'ac419100')",3,297,39,0.0004549356081078081,0.0008849557522123894,0.6057639503985828,ac411100 -> ac419100 ~> 302213e,2,1
"('302282', 'ac411100', 'ac419100')",3,298,39,0.0004549356081078081,0.0008849557522123894,0.6057639503985828,ac411100 -> ac419100 ~> 302282,2,1
"('ac410100', 'ac419100', 'ac610001')",3,299,40,0.0009103984218042458,0.0017699115044247787,0.799594414893617,ac410100 -> ac419100 -> ac610001,1,1
"('ac355401', 'ac40014', 'ac415100')",3,300,40,0.0008075533064515871,0.0008849557522123894,0.663425597874225,ac355401 -> ac415100 -> ac40014,1,1
"('ac350507', 'ac411100', 'ac419100')",3,301,40,0.0004549356081078081,0.0008849557522123894,0.6094043401240035,ac350507 ~> ac411100 -> ac419100,2,2
"('ac350507', 'ac415100', 'ac419100')",3,302,40,0.0004549356081078081,0.0008849557522123894,0.6094043401240035,ac419100 -> ac415100 -> ac350507,1,2
"('ac355409', 'ac355427', 'ac359999')",3,303,40,0.0004549356081078081,0.0008849557522123894,0.6094043401240035,ac355409 -> ac355427 -> ac359999,1,1
"('ac355409', 'ac411100', 'ac419100')",3,304,40,0.0004549356081078081,0.0008849557522123894,0.6094043401240035,ac355409 ~> ac411100 -> ac419100,2,2
"('ac359999', 'ac370000', 'ac415100')",3,305,40,0.0004549356081078081,0.0008849557522123894,0.6094043401240035,ac359999 -> ac415100 -> ac370000,1,1
"('ac10113', 'ac415100', 'ac419100')",3,306,40,3.489590497720088e-05,0.0017699115044247787,0.7879321808510638,ac419100 -> ac415100 -> ac10113,1,1
"('ac390520', 'ac415100', 'ac419100')",3,307,41,0.0009103984218042458,0.0017699115044247787,0.8022872340425532,ac419100 -> ac415100 ~> ac390520,2,2
"('376400', 'ac356134', 'ac370000')",3,308,41,0.0008075533064515871,0.0008849557522123894,0.6644929140832595,ac356134 -> ac370000 -> 376400,1,1
"('387042a', 'ac40014', 'ac415100')",3,309,41,0.0004549356081078081,0.0008849557522123894,0.6095106288751108,387042a -> ac415100 -> ac40014,1,1
"('ac10307', 'ac379999', 'ac386042')",3,310,42,0.0008075533064515871,0.0008849557522123894,0.6652015057573074,ac379999 -> ac10307 -> ac386042,1,1
"('339486e', 'ac370000', 'ac378449')",3,311,42,0.0004549356081078081,0.0008849557522123894,0.6100730735163862,339486e -> ac370000 -> ac378449,1,1
"('ac355201', 'ac356134', 'ac415100')",3,312,42,0.0004549356081078081,0.0008849557522123894,0.6100730735163862,ac355201 -> ac415100 -> ac356134,1,1
"('ac355201', 'ac410500', 'ac415100')",3,313,42,0.0004549356081078081,0.0008849557522123894,0.6100730735163862,ac410500 -> ac415100 -> ac355201,1,1
"('370504a', 'ac370000', 'ac379999')",3,314,43,0.0008075533064515871,0.0008849557522123894,0.6706886625332152,ac379999 -> ac370000 -> 370504a,1,1
"('ac10207', 'ac415100', 'ac419100')",3,315,43,0.0004549356081078081,0.0008849557522123894,0.6105203720106288,ac419100 -> ac415100 -> ac10207,1,2
"('376400', '376487', 'ac372439')",3,316,44,0.0008075533064515871,0.0008849557522123894,0.6742316209034543,ac372439 -> 376400 -> 376487,1,1
"('ac387090', 'ac415100', 'ac613000')",3,317,44,0.0004549356081078081,0.0008849557522123894,0.6144929140832596,ac613000 -> ac415100 -> ac387090,1,1
"('372440a', '376400', '376487')",3,318,45,0.0008075533064515871,0.0008849557522123894,0.6814813994685562,372440a -> 376400 -> 376487,1,1
"('ac10307', 'ac415100', 'ac613000')",3,319,45,0.0004549356081078081,0.0008849557522123894,0.6223317094774136,ac613000 -> ac10307 -> ac415100,1,1
"('372440a', '376400', 'other')",3,320,46,0.0008075533064515871,0.0008849557522123894,0.7168711248892825,372440a -> 376400 -> other,1,1
"('ac339956', 'ac415100', 'ac419100')",3,321,46,0.0004549356081078081,0.0008849557522123894,0.623182019486271,ac419100 -> ac415100 ~> ac339956,2,1
"('376400', '376480a', 'ac370711')",3,322,47,0.0008075533064515871,0.0008849557522123894,0.7286027457927369,ac370711 -> 376400 -> 376480a,1,1
"('ac389190', 'ac411100', 'ac415100')",3,323,47,0.0004549356081078081,0.0008849557522123894,0.625166076173605,ac389190 -> ac415100 -> ac411100,1,1
"('ac411100', 'ac415100', 'ac610001')",3,324,48,0.0008075533064515871,0.0008849557522123894,0.7310473870682019,ac411100 -> ac415100 -> ac610001,1,1
"('ac355427', 'ac356134', 'ac419100')",3,325,48,0.0004549356081078081,0.0008849557522123894,0.6275177147918511,ac419100 -> ac355427 -> ac356134,1,1
"('339486e', 'ac355427', 'ac410100')",3,326,49,0.0008075533064515871,0.0008849557522123894,0.7498250664304694,339486e -> ac355427 -> ac410100,1,1
"('370466c', 'ac370000', 'ac411100')",3,327,49,0.0004549356081078081,0.0008849557522123894,0.6276594331266608,ac411100 -> ac370000 -> 370466c,1,1
"('387042a', 'ac355427', 'ac411100')",3,328,49,0.0004549356081078081,0.0008849557522123894,0.6276594331266608,387042a -> ac355427 -> ac411100,1,1
"('376400', 'ac370606', 'ac378607')",3,329,50,0.0008075533064515871,0.0008849557522123894,0.7512776793622675,ac370606 -> 376400 -> ac378607,1,1
"('ac370111', 'ac415100', 'ac419100')",3,330,50,0.0004549356081078081,0.0008849557522123894,0.6295770593445528,ac419100 -> ac415100 ~> ac370111,2,1
"('ac378452', 'ac415100', 'ac419100')",3,331,50,0.0004549356081078081,0.0008849557522123894,0.6295770593445528,ac378452 ~> ac419100 -> ac415100,2,1
"('ac390003', 'ac415100', 'ac419100')",3,332,51,0.0008075533064515871,0.0008849557522123894,0.76227856510186,ac419100 -> ac415100 ~> ac390003,2,2
"('ac415100', 'ac419100', 'ac619600')",3,333,51,0.0008075533064515871,0.0008849557522123894,0.76227856510186,ac619600 ~> ac419100 -> ac415100,2,2
"('ac356134', 'ac410100', 'ac419100')",3,334,51,0.0004549356081078081,0.0008849557522123894,0.6297054915854738,ac410100 -> ac419100 -> ac356134,1,1
"('376400', '376480a', 'ac375005')",3,335,52,0.0008075533064515871,0.0008849557522123894,0.7680225863596103,ac375005 -> 376400 -> 376480a,1,1
"('330001b', 'ac370000', 'ac370604')",3,336,52,0.0004549356081078081,0.0008849557522123894,0.6307506643046944,330001b -> ac370000 -> ac370604,1,1
"('ac40016', 'ac411100', 'ac419100')",3,337,53,0.0008075533064515871,0.0008849557522123894,0.7854007971656333,ac40016 ~> ac411100 -> ac419100,2,4
"('ac411100', 'ac419100', 'ac619600')",3,338,53,0.0008075533064515871,0.0008849557522123894,0.7854007971656333,ac619600 ~> ac411100 -> ac419100,2,3
"('370466c', 'ac10307', 'ac411100')",3,339,53,0.0004549356081078081,0.0008849557522123894,0.6323937112488929,370466c ~> ac10307 -> ac411100,2,1
"('ac355111', 'ac370000', 'ac415100')",3,340,54,0.0008075533064515871,0.0008849557522123894,0.7868888396811338,ac355111 -> ac415100 -> ac370000,1,1
"('ac370000', 'ac372439', 'ac419100')",3,341,54,0.0004549356081078081,0.0008849557522123894,0.6335141718334809,ac419100 -> ac370000 -> ac372439,1,1
"('370737c', '376400', 'ac378607')",3,342,55,0.0008075533064515871,0.0008849557522123894,0.7928365810451727,370737c -> 376400 -> ac378607,1,1
"('ac356132', 'ac415100', 'ac419100')",3,343,55,0.0004549356081078081,0.0008849557522123894,0.6338596102745794,ac419100 -> ac415100 ~> ac356132,2,1
"('ac40016', 'ac415100', 'ac419100')",3,344,55,0.0004549356081078081,0.0008849557522123894,0.6338596102745794,ac419100 -> ac415100 -> ac40016,1,2
"('ac415100', 'ac419100', 'ac610001')",3,345,55,0.0004549356081078081,0.0008849557522123894,0.6338596102745794,ac419100 -> ac415100 ~> ac610001,2,1
"('ac415100', 'ac419100', 'ac613000')",3,346,55,0.0004549356081078081,0.0008849557522123894,0.6338596102745794,ac419100 -> ac415100 ~> ac613000,2,1
"('339486e', '370401s', 'ac370000')",3,347,56,0.0008075533064515871,0.0008849557522123894,0.8042360496014173,339486e -> ac370000 -> 370401s,1,1
"('ac370402', 'ac415100', 'ac419100')",3,348,56,0.0004549356081078081,0.0008849557522123894,0.6347320637732506,ac419100 -> ac415100 ~> ac370402,2,1
"('ac378729', 'ac415100', 'ac419100')",3,349,56,0.0004549356081078081,0.0008849557522123894,0.6347320637732506,ac378729 ~> ac419100 -> ac415100,2,1
"('ac355111', 'ac410500', 'ac419100')",3,350,57,0.0004549356081078081,0.0008849557522123894,0.6356753764393268,ac410500 -> ac419100 -> ac355111,1,1
"('370501', 'ac370000', 'ac619600')",3,351,58,0.0004549356081078081,0.0008849557522123894,0.636047387068202,ac619600 -> ac370000 -> 370501,1,1
"('370504a', 'ac415100', 'ac419100')",3,352,58,0.0004549356081078081,0.0008849557522123894,0.636047387068202,370504a ~> ac419100 -> ac415100,2,1
"('ac10307', 'ac355427', 'ac356134')",3,353,59,0.0004549356081078081,0.0008849557522123894,0.6360473870682021,ac10307 -> ac355427 -> ac356134,1,1
"('ac389190', 'ac415100', 'ac419100')",3,354,60,0.0004549356081078081,0.0008849557522123894,0.6384875996457041,ac419100 -> ac415100 -> ac389190,1,2
"('ac355111', 'ac387090', 'ac415100')",3,355,61,0.0004549356081078081,0.0008849557522123894,0.6391607617360495,ac355111 -> ac415100 -> ac387090,1,1
"('ac387070', 'ac410100', 'ac419100')",3,356,62,0.0004549356081078081,0.0008849557522123894,0.6409100974313552,ac410100 -> ac419100 -> ac387070,1,1
"('ac370000', 'ac378149', 'ac415100')",3,357,63,0.0004549356081078081,0.0008849557522123894,0.6423051372896369,ac415100 -> ac370000 -> ac378149,1,1
"('ac378149', 'ac415100', 'ac419100')",3,358,63,0.0004549356081078081,0.0008849557522123894,0.6423051372896369,ac419100 -> ac415100 ~> ac378149,2,2
"('ac350503', 'ac387090', 'ac415100')",3,359,64,0.0004549356081078081,0.0008849557522123894,0.6423494242692648,ac387090 -> ac415100 -> ac350503,1,1
"('302211', 'ac415100', 'ac419100')",3,360,65,0.0004549356081078081,0.0008849557522123894,0.6432395925597874,ac419100 -> ac415100 ~> 302211,2,1
"('302213e', 'ac415100', 'ac419100')",3,361,65,0.0004549356081078081,0.0008849557522123894,0.6432395925597874,ac419100 -> ac415100 ~> 302213e,2,1
"('ac370000', 'ac415100', 'other')",3,362,66,0.0004549356081078081,0.0008849557522123894,0.644107617360496,other -> ac415100 -> ac370000,1,1
"('ac370000', 'ac415100', 'ac619600')",3,363,67,0.0004549356081078081,0.0008849557522123894,0.6482971656333039,ac619600 -> ac415100 -> ac370000,1,1
"('ac356133', 'ac370000', 'ac370424')",3,364,68,0.0004549356081078081,0.0008849557522123894,0.6528542958370239,ac356133 -> ac370000 -> ac370424,1,1
"('ac390003', 'ac411100', 'ac419100')",3,365,69,0.0004549356081078081,0.0008849557522123894,0.6546390611160319,ac390003 ~> ac411100 -> ac419100,2,3
"('ac390520', 'ac411100', 'ac419100')",3,366,69,0.0004549356081078081,0.0008849557522123894,0.6546390611160319,ac390520 ~> ac411100 -> ac419100,2,2
"('ac390550', 'ac411100', 'ac419100')",3,367,69,0.0004549356081078081,0.0008849557522123894,0.6546390611160319,ac390550 -> ac411100 -> ac419100,2,2
"('ac10307', 'ac619600', 'other')",3,368,70,0.0004549356081078081,0.0008849557522123894,0.6579251550044286,ac619600 -> ac10307 -> other,1,1
"('ac370000', 'ac378149', 'other')",3,369,70,0.0004549356081078081,0.0008849557522123894,0.6579251550044286,other -> ac370000 -> ac378149,1,1
"('ac356132', 'ac370000', 'ac370604')",3,370,71,0.0004549356081078081,0.0008849557522123894,0.6627302922940655,ac356132 -> ac370000 -> ac370604,1,1
"('ac370000', 'ac370604', 'ac40016')",3,371,72,0.0004549356081078081,0.0008849557522123894,0.6650022143489813,ac40016 -> ac370000 -> ac370604,1,1
"('330001b', 'ac10307', 'ac415100')",3,372,73,0.0004549356081078081,0.0008849557522123894,0.6653830823737821,ac10307 -> ac415100 -> 330001b,1,1
"('330001b', 'ac355111', 'ac415100')",3,373,74,0.0004549356081078081,0.0008849557522123894,0.6688241806908769,ac355111 -> ac415100 -> 330001b,1,1
"('ac370000', 'ac370403', 'ac379999')",3,374,74,0.0004549356081078081,0.0008849557522123894,0.6688241806908769,ac379999 -> ac370000 -> ac370403,1,1
"('ac370000', 'ac40014', 'ac415100')",3,375,75,0.0004549356081078081,0.0008849557522123894,0.6688861824623561,ac40014 -> ac415100 -> ac370000,1,1
"('ac40014', 'ac415100', 'ac619600')",3,376,75,0.0004549356081078081,0.0008849557522123894,0.6688861824623561,ac619600 -> ac415100 -> ac40014,1,1
"('387042a', 'ac350507', 'ac415100')",3,377,76,0.0004549356081078081,0.0008849557522123894,0.6709100974313552,387042a -> ac415100 -> ac350507,1,1
"('387042a', 'ac387090', 'ac415100')",3,378,76,0.0004549356081078081,0.0008849557522123894,0.6709100974313552,ac387090 -> ac415100 -> 387042a,1,1
"('ac10113', 'ac370000', 'ac378149')",3,379,77,0.0004549356081078081,0.0008849557522123894,0.6722608503100089,ac10113 -> ac370000 -> ac378149,1,1
"('ac390183', 'ac411100', 'ac419100')",3,380,78,0.0004549356081078081,0.0008849557522123894,0.6772652790079716,ac390183 ~> ac411100 -> ac419100 -> ac411100,2,2
"('370737z', 'ac370000', 'ac40014')",3,381,79,0.0004549356081078081,0.0008849557522123894,0.6774379982285208,ac40014 -> ac370000 -> 370737z,1,1
"('ac10307', 'ac390001', 'ac411100')",3,382,80,0.0004549356081078081,0.0008849557522123894,0.6810562444641276,ac10307 -> ac411100 ~> ac390001,2,1
"('ac386902', 'ac390001', 'ac415100')",3,383,80,0.0004549356081078081,0.0008849557522123894,0.6810562444641276,ac386902 -> ac415100 -> ac390001,1,1
"('ac390001', 'ac411100', 'ac419100')",3,384,80,0.0004549356081078081,0.0008849557522123894,0.6810562444641276,ac411100 -> ac419100 ~> ac390001,2,1
"('ac370000', 'ac370604', 'other')",3,385,81,0.0004549356081078081,0.0008849557522123894,0.7008968113374667,other -> ac370000 -> ac370604,1,1
"('370737c', '387042a', 'ac370000')",3,386,82,0.0004549356081078081,0.0008849557522123894,0.7133857395925599,387042a -> ac370000 -> 370737c,1,1
"('387042a', 'ac10307', 'ac411100')",3,387,83,0.0004549356081078081,0.0008849557522123894,0.7139127546501328,ac10307 -> ac411100 ~> 387042a,2,1
"('ac390550', 'ac40014', 'ac415100')",3,388,84,0.0004549356081078081,0.0008849557522123894,0.7154982285208148,ac390550 -> ac415100 -> ac40014,1,1
"('ac10107', 'ac410100', 'ac419100')",3,389,85,0.0004549356081078081,0.0008849557522123894,0.7199269264836138,ac410100 -> ac419100 -> ac10107,1,1
"('ac355409', 'ac410100', 'ac419100')",3,390,86,0.0004549356081078081,0.0008849557522123894,0.730582373782108,ac410100 -> ac419100 -> ac355409,1,1
"('ac370000', 'ac370604', 'ac390550')",3,391,86,0.0004549356081078081,0.0008849557522123894,0.730582373782108,ac390550 -> ac370000 -> ac370604,1,1
"('ac355427', 'ac356134', 'ac411100')",3,392,87,0.0004549356081078081,0.0008849557522123894,0.7529251550044287,ac411100 -> ac355427 -> ac356134,1,1
"('ac355427', 'ac359999', 'other')",3,393,87,0.0004549356081078081,0.0008849557522123894,0.7529251550044287,other -> ac355427 -> ac359999,1,1
"('ac370000', 'ac370111', 'ac390550')",3,394,88,0.0004549356081078081,0.0008849557522123894,0.7556532329495128,ac390550 -> ac370000 -> ac370111,1,1
"('ac339160', 'ac410100', 'ac419100')",3,395,89,0.0004549356081078081,0.0008849557522123894,0.7862732506643046,ac410100 -> ac419100 -> ac339160,1,1
"('ac390004', 'ac410100', 'ac419100')",3,396,90,0.0004549356081078081,0.0008849557522123894,0.787588573959256,ac410100 -> ac419100 -> ac390004,1,1
"('370407', '387042a', 'ac370000')",3,397,91,0.0004549356081078081,0.0008849557522123894,0.7996124889282551,387042a -> ac370000 -> 370407,1,1
"('ac370000', 'ac370419', 'ac40014')",3,398,92,0.0004549356081078081,0.0008849557522123894,0.8068534100974314,ac40014 -> ac370000 -> ac370419,1,1
"('370401s', 'ac415100', 'ac419100')",3,399,93,0.0004549356081078081,0.0008849557522123894,0.8136116031886625,ac419100 -> ac415100 ~> 370401s,2,1
"('ac387090', 'ac415100', 'other')",3,400,94,0.0004549356081078081,0.0008849557522123894,0.8408392382639504,ac387090 -> ac415100 -> other,1,1
