setting,seed,fold,itemset_id,itemset,repeat,baseline,importance,n_traces_with_itemset,n_traces_changed
fixed_test,5,0,apriori|1|01,ac370000,0,0.88361188949313485,0.019143222682572958,159,156
fixed_test,5,0,apriori|1|01,ac370000,1,0.88361188949313485,0.057870900035331241,159,157
fixed_test,5,0,apriori|1|01,ac370000,2,0.88361188949313485,0.054728436875808639,159,151
fixed_test,5,0,apriori|1|01,ac370000,3,0.88361188949313485,0.037743378320992393,159,156
fixed_test,5,0,apriori|1|01,ac370000,4,0.88361188949313485,0.038304882583206412,159,155
fixed_test,5,0,apriori|1|01,ac370000,5,0.88361188949313485,0.042000126703432339,159,155
fixed_test,5,0,apriori|1|01,ac370000,6,0.88361188949313485,0.019610261988303179,159,156
fixed_test,5,0,apriori|1|01,ac370000,7,0.88361188949313485,0.014847857467381376,159,157
fixed_test,5,0,apriori|1|01,ac370000,8,0.88361188949313485,0.027710034657491778,159,155
fixed_test,5,0,apriori|1|01,ac370000,9,0.88361188949313485,0.020105706925550915,159,156
fixed_test,5,0,apriori|1|02,ac419100,0,0.88361188949313485,-0.009508463171940984,155,133
fixed_test,5,0,apriori|1|02,ac419100,1,0.88361188949313485,0.01754597351983056,155,132
fixed_test,5,0,apriori|1|02,ac419100,2,0.88361188949313485,-0.009508463171940984,155,131
fixed_test,5,0,apriori|1|02,ac419100,3,0.88361188949313485,0.0037093761092630295,155,128
fixed_test,5,0,apriori|1|02,ac419100,4,0.88361188949313485,0.012916782940736615,155,133
fixed_test,5,0,apriori|1|02,ac419100,5,0.88361188949313485,-0.0046290889805111757,155,136
fixed_test,5,0,apriori|1|02,ac419100,6,0.88361188949313485,-0.013569810702619534,155,140
fixed_test,5,0,apriori|1|02,ac419100,7,0.88361188949313485,0.0039992040822813824,155,132
fixed_test,5,0,apriori|1|02,ac419100,8,0.88361188949313485,0.0039992040822813824,155,138
fixed_test,5,0,apriori|1|02,ac419100,9,0.88361188949313485,0.0043116327415971822,155,130
fixed_test,5,0,apriori|1|03,370407,0,0.88361188949313485,-0.00060182589403057207,128,127
fixed_test,5,0,apriori|1|03,370407,1,0.88361188949313485,-0.00031190435039551989,128,122
fixed_test,5,0,apriori|1|03,370407,2,0.88361188949313485,-0.0043184479268917331,128,121
fixed_test,5,0,apriori|1|03,370407,3,0.88361188949313485,-0.0092408432855085598,128,120
fixed_test,5,0,apriori|1|03,370407,4,0.88361188949313485,-0.01328402093328962,128,123
fixed_test,5,0,apriori|1|03,370407,5,0.88361188949313485,-0.0046290889805111757,128,125
fixed_test,5,0,apriori|1|03,370407,6,0.88361188949313485,-0.01328402093328962,128,122
fixed_test,5,0,apriori|1|03,370407,7,0.88361188949313485,-0.0086443025262379347,128,125
fixed_test,5,0,apriori|1|03,370407,8,0.88361188949313485,-0.0092408432855085598,128,123
fixed_test,5,0,apriori|1|03,370407,9,0.88361188949313485,-0.0086443025262379347,128,119
fixed_test,5,0,apriori|1|04,ac370419,0,0.88361188949313485,-0.012978162819566319,124,119
fixed_test,5,0,apriori|1|04,ac370419,1,0.88361188949313485,-0.012978162819566319,124,121
fixed_test,5,0,apriori|1|04,ac370419,2,0.88361188949313485,-0.012978162819566319,124,114
fixed_test,5,0,apriori|1|04,ac370419,3,0.88361188949313485,-0.0086443025262379347,124,117
fixed_test,5,0,apriori|1|04,ac370419,4,0.88361188949313485,-0.0043184479268917331,124,120
fixed_test,5,0,apriori|1|04,ac370419,5,0.88361188949313485,-0.012978162819566319,124,119
fixed_test,5,0,apriori|1|04,ac370419,6,0.88361188949313485,-0.012978162819566319,124,121
fixed_test,5,0,apriori|1|04,ac370419,7,0.88361188949313485,0.00069163243917480521,124,120
fixed_test,5,0,apriori|1|04,ac370419,8,0.88361188949313485,-0.0039859934554532517,124,113
fixed_test,5,0,apriori|1|04,ac370419,9,0.88361188949313485,-0.0086443025262379347,124,116
fixed_test,5,0,apriori|1|05,ac370443,0,0.88361188949313485,-0.012978162819566319,122,114
fixed_test,5,0,apriori|1|05,ac370443,1,0.88361188949313485,-0.01328402093328962,122,121
fixed_test,5,0,apriori|1|05,ac370443,2,0.88361188949313485,-0.01328402093328962,122,116
fixed_test,5,0,apriori|1|05,ac370443,3,0.88361188949313485,-0.0039859934554532517,122,119
fixed_test,5,0,apriori|1|05,ac370443,4,0.88361188949313485,0.00033434813881427772,122,116
fixed_test,5,0,apriori|1|05,ac370443,5,0.88361188949313485,-0.0039859934554532517,122,118
fixed_test,5,0,apriori|1|05,ac370443,6,0.88361188949313485,-0.0086443025262379347,122,118
fixed_test,5,0,apriori|1|05,ac370443,7,0.88361188949313485,0.00033434813881427772,122,121
fixed_test,5,0,apriori|1|05,ac370443,8,0.88361188949313485,0,122,116
fixed_test,5,0,apriori|1|05,ac370443,9,0.88361188949313485,0,122,119
fixed_test,5,0,apriori|1|06,ac370442,0,0.88361188949313485,-0.0043184479268917331,124,116
fixed_test,5,0,apriori|1|06,ac370442,1,0.88361188949313485,-0.0086443025262379347,124,117
fixed_test,5,0,apriori|1|06,ac370442,2,0.88361188949313485,-0.0043184479268917331,124,121
fixed_test,5,0,apriori|1|06,ac370442,3,0.88361188949313485,-0.0086443025262379347,124,120
fixed_test,5,0,apriori|1|06,ac370442,4,0.88361188949313485,0.0046471250795061536,124,121
fixed_test,5,0,apriori|1|06,ac370442,5,0.88361188949313485,-0.0089529315774511398,124,119
fixed_test,5,0,apriori|1|06,ac370442,6,0.88361188949313485,-0.0089529315774511398,124,119
fixed_test,5,0,apriori|1|06,ac370442,7,0.88361188949313485,-0.0043184479268917331,124,114
fixed_test,5,0,apriori|1|06,ac370442,8,0.88361188949313485,-0.0086443025262379347,124,119
fixed_test,5,0,apriori|1|06,ac370442,9,0.88361188949313485,-0.0086443025262379347,124,116
fixed_test,5,0,apriori|1|07,370712b,0,0.88361188949313485,-0.0043184479268917331,115,114
fixed_test,5,0,apriori|1|07,370712b,1,0.88361188949313485,-0.0092408432855085598,115,110
fixed_test,5,0,apriori|1|07,370712b,2,0.88361188949313485,-0.0043184479268917331,115,113
fixed_test,5,0,apriori|1|07,370712b,3,0.88361188949313485,-0.0043184479268917331,115,112
fixed_test,5,0,apriori|1|07,370712b,4,0.88361188949313485,-0.0043184479268917331,115,110
fixed_test,5,0,apriori|1|07,370712b,5,0.88361188949313485,0.00069163243917480521,115,110
fixed_test,5,0,apriori|1|07,370712b,6,0.88361188949313485,-0.017622953191290369,115,111
fixed_test,5,0,apriori|1|07,370712b,7,0.88361188949313485,0.0046471250795061536,115,114
fixed_test,5,0,apriori|1|07,370712b,8,0.88361188949313485,0.00033434813881427772,115,106
fixed_test,5,0,apriori|1|07,370712b,9,0.88361188949313485,-0.0089529315774511398,115,113
fixed_test,5,0,apriori|1|08,370715a,0,0.88361188949313485,0.00033434813881427772,118,116
fixed_test,5,0,apriori|1|08,370715a,1,0.88361188949313485,0.00033434813881427772,118,113
fixed_test,5,0,apriori|1|08,370715a,2,0.88361188949313485,0.0046471250795061536,118,115
fixed_test,5,0,apriori|1|08,370715a,3,0.88361188949313485,-0.0043184479268917331,118,108
fixed_test,5,0,apriori|1|08,370715a,4,0.88361188949313485,0.0050061759086597046,118,114
fixed_test,5,0,apriori|1|08,370715a,5,0.88361188949313485,-0.00031190435039551989,118,115
fixed_test,5,0,apriori|1|08,370715a,6,0.88361188949313485,0.0093129988038664901,118,113
fixed_test,5,0,apriori|1|08,370715a,7,0.88361188949313485,0.0046471250795061536,118,107
fixed_test,5,0,apriori|1|08,370715a,8,0.88361188949313485,0.0089529315774512508,118,112
fixed_test,5,0,apriori|1|08,370715a,9,0.88361188949313485,0.013252354463705318,118,112
fixed_test,5,0,apriori|1|09,ac370403,0,0.88361188949313485,-0.00031190435039551989,117,112
fixed_test,5,0,apriori|1|09,ac370403,1,0.88361188949313485,-0.0046290889805111757,117,115
fixed_test,5,0,apriori|1|09,ac370403,2,0.88361188949313485,-0.0046290889805111757,117,110
fixed_test,5,0,apriori|1|09,ac370403,3,0.88361188949313485,-0.0092408432855085598,117,112
fixed_test,5,0,apriori|1|09,ac370403,4,0.88361188949313485,0.0039992040822813824,117,113
fixed_test,5,0,apriori|1|09,ac370403,5,0.88361188949313485,0,117,112
fixed_test,5,0,apriori|1|09,ac370403,6,0.88361188949313485,-0.0046290889805111757,117,111
fixed_test,5,0,apriori|1|09,ac370403,7,0.88361188949313485,0.0083048113838798399,117,114
fixed_test,5,0,apriori|1|09,ac370403,8,0.88361188949313485,0.0046471250795061536,117,114
fixed_test,5,0,apriori|1|09,ac370403,9,0.88361188949313485,-0.00031190435039551989,117,113
fixed_test,5,0,apriori|1|10,370488e,0,0.88361188949313485,-0.013569810702619534,118,112
fixed_test,5,0,apriori|1|10,370488e,1,0.88361188949313485,-0.013569810702619534,118,112
fixed_test,5,0,apriori|1|10,370488e,2,0.88361188949313485,-0.0046290889805111757,118,111
fixed_test,5,0,apriori|1|10,370488e,3,0.88361188949313485,0.0046471250795061536,118,111
fixed_test,5,0,apriori|1|10,370488e,4,0.88361188949313485,-0.0089529315774511398,118,117
fixed_test,5,0,apriori|1|10,370488e,5,0.88361188949313485,-0.009508463171940984,118,112
fixed_test,5,0,apriori|1|10,370488e,6,0.88361188949313485,-0.0046290889805111757,118,112
fixed_test,5,0,apriori|1|10,370488e,7,0.88361188949313485,-0.0089529315774511398,118,112
fixed_test,5,0,apriori|1|10,370488e,8,0.88361188949313485,0.00033434813881427772,118,111
fixed_test,5,0,apriori|1|10,370488e,9,0.88361188949313485,-0.013569810702619534,118,112
fixed_test,5,0,apriori|2|01,"370407, ac370000",0,0.88361188949313485,-0.0086443025262379347,128,128
fixed_test,5,0,apriori|2|01,"370407, ac370000",1,0.88361188949313485,-0.0089529315774511398,128,125
fixed_test,5,0,apriori|2|01,"370407, ac370000",2,0.88361188949313485,0.017905863154902391,128,127
fixed_test,5,0,apriori|2|01,"370407, ac370000",3,0.88361188949313485,0.0037093761092630295,128,127
fixed_test,5,0,apriori|2|01,"370407, ac370000",4,0.88361188949313485,-0.0086443025262379347,128,128
fixed_test,5,0,apriori|2|01,"370407, ac370000",5,0.88361188949313485,-0.01328402093328962,128,127
fixed_test,5,0,apriori|2|01,"370407, ac370000",6,0.88361188949313485,-0.017905863154902391,128,128
fixed_test,5,0,apriori|2|01,"370407, ac370000",7,0.88361188949313485,0.0089529315774512508,128,128
fixed_test,5,0,apriori|2|01,"370407, ac370000",8,0.88361188949313485,-0.013835953634629194,128,127
fixed_test,5,0,apriori|2|01,"370407, ac370000",9,0.88361188949313485,0.0050061759086597046,128,128
fixed_test,5,0,apriori|2|02,"ac370000, ac370419",0,0.88361188949313485,-0.0039859934554532517,124,124
fixed_test,5,0,apriori|2|02,"ac370000, ac370419",1,0.88361188949313485,-0.0046290889805111757,124,124
fixed_test,5,0,apriori|2|02,"ac370000, ac370419",2,0.88361188949313485,-0.0089529315774511398,124,124
fixed_test,5,0,apriori|2|02,"ac370000, ac370419",3,0.88361188949313485,-0.008314501633597482,124,123
fixed_test,5,0,apriori|2|02,"ac370000, ac370419",4,0.88361188949313485,0.01361269808590404,124,124
fixed_test,5,0,apriori|2|02,"ac370000, ac370419",5,0.88361188949313485,-0.008314501633597482,124,124
fixed_test,5,0,apriori|2|02,"ac370000, ac370419",6,0.88361188949313485,-0.0043184479268917331,124,124
fixed_test,5,0,apriori|2|02,"ac370000, ac370419",7,0.88361188949313485,-0.008314501633597482,124,123
fixed_test,5,0,apriori|2|02,"ac370000, ac370419",8,0.88361188949313485,0.0096977665119470924,124,124
fixed_test,5,0,apriori|2|02,"ac370000, ac370419",9,0.88361188949313485,-0.0079630439553146637,124,123
fixed_test,5,0,apriori|2|03,"ac370000, ac370443",0,0.88361188949313485,0.00033434813881427772,122,122
fixed_test,5,0,apriori|2|03,"ac370000, ac370443",1,0.88361188949313485,0.00033434813881427772,122,121
fixed_test,5,0,apriori|2|03,"ac370000, ac370443",2,0.88361188949313485,0.0093129988038664901,122,122
fixed_test,5,0,apriori|2|03,"ac370000, ac370443",3,0.88361188949313485,-0.0039859934554532517,122,122
fixed_test,5,0,apriori|2|03,"ac370000, ac370443",4,0.88361188949313485,0.022193076185813676,122,122
fixed_test,5,0,apriori|2|03,"ac370000, ac370443",5,0.88361188949313485,0.012916782940736615,122,121
fixed_test,5,0,apriori|2|03,"ac370000, ac370443",6,0.88361188949313485,0.01754597351983056,122,122
fixed_test,5,0,apriori|2|03,"ac370000, ac370443",7,0.88361188949313485,0.01361269808590404,122,119
fixed_test,5,0,apriori|2|03,"ac370000, ac370443",8,0.88361188949313485,0.01754597351983056,122,121
fixed_test,5,0,apriori|2|03,"ac370000, ac370443",9,0.88361188949313485,0.00033434813881427772,122,122
fixed_test,5,0,apriori|2|04,"ac370419, ac370443",0,0.88361188949313485,-0.01265178639497444,122,121
fixed_test,5,0,apriori|2|04,"ac370419, ac370443",1,0.88361188949313485,-0.017622953191290369,122,122
fixed_test,5,0,apriori|2|04,"ac370419, ac370443",2,0.88361188949313485,0,122,121
fixed_test,5,0,apriori|2|04,"ac370419, ac370443",3,0.88361188949313485,-0.0092408432855085598,122,122
fixed_test,5,0,apriori|2|04,"ac370419, ac370443",4,0.88361188949313485,-0.01328402093328962,122,121
fixed_test,5,0,apriori|2|04,"ac370419, ac370443",5,0.88361188949313485,-0.0043184479268917331,122,122
fixed_test,5,0,apriori|2|04,"ac370419, ac370443",6,0.88361188949313485,-0.01328402093328962,122,122
fixed_test,5,0,apriori|2|04,"ac370419, ac370443",7,0.88361188949313485,-0.0086443025262379347,122,122
fixed_test,5,0,apriori|2|04,"ac370419, ac370443",8,0.88361188949313485,-0.012978162819566319,122,122
fixed_test,5,0,apriori|2|04,"ac370419, ac370443",9,0.88361188949313485,-0.01328402093328962,122,122
fixed_test,5,0,apriori|2|05,"370407, ac370419",0,0.88361188949313485,-0.0043184479268917331,118,117
fixed_test,5,0,apriori|2|05,"370407, ac370419",1,0.88361188949313485,0.0037093761092630295,118,117
fixed_test,5,0,apriori|2|05,"370407, ac370419",2,0.88361188949313485,-0.012978162819566319,118,117
fixed_test,5,0,apriori|2|05,"370407, ac370419",3,0.88361188949313485,0,118,118
fixed_test,5,0,apriori|2|05,"370407, ac370419",4,0.88361188949313485,-0.0181697822206216,118,118
fixed_test,5,0,apriori|2|05,"370407, ac370419",5,0.88361188949313485,0,118,118
fixed_test,5,0,apriori|2|05,"370407, ac370419",6,0.88361188949313485,-0.00031190435039551989,118,118
fixed_test,5,0,apriori|2|05,"370407, ac370419",7,0.88361188949313485,-0.0043184479268917331,118,118
fixed_test,5,0,apriori|2|05,"370407, ac370419",8,0.88361188949313485,-0.017622953191290369,118,118
fixed_test,5,0,apriori|2|05,"370407, ac370419",9,0.88361188949313485,-0.01328402093328962,118,118
fixed_test,5,0,apriori|2|06,"ac370000, ac370442",0,0.88361188949313485,-0.008314501633597482,124,123
fixed_test,5,0,apriori|2|06,"ac370000, ac370442",1,0.88361188949313485,0.017905863154902391,124,122
fixed_test,5,0,apriori|2|06,"ac370000, ac370442",2,0.88361188949313485,0.01399834527277255,124,123
fixed_test,5,0,apriori|2|06,"ac370000, ac370442",3,0.88361188949313485,0.00033434813881427772,124,123
fixed_test,5,0,apriori|2|06,"ac370000, ac370442",4,0.88361188949313485,0.0046471250795061536,124,124
fixed_test,5,0,apriori|2|06,"ac370000, ac370442",5,0.88361188949313485,0.0039992040822813824,124,124
fixed_test,5,0,apriori|2|06,"ac370000, ac370442",6,0.88361188949313485,0.0096977665119470924,124,124
fixed_test,5,0,apriori|2|06,"ac370000, ac370442",7,0.88361188949313485,0.0043116327415971822,124,124
fixed_test,5,0,apriori|2|06,"ac370000, ac370442",8,0.88361188949313485,0.012916782940736615,124,123
fixed_test,5,0,apriori|2|06,"ac370000, ac370442",9,0.88361188949313485,-0.0086443025262379347,124,124
fixed_test,5,0,apriori|2|07,"ac370419, ac370442",0,0.88361188949313485,0.00033434813881427772,123,123
fixed_test,5,0,apriori|2|07,"ac370419, ac370442",1,0.88361188949313485,-0.00031190435039551989,123,123
fixed_test,5,0,apriori|2|07,"ac370419, ac370442",2,0.88361188949313485,-0.0086443025262379347,123,123
fixed_test,5,0,apriori|2|07,"ac370419, ac370442",3,0.88361188949313485,-0.008314501633597482,123,123
fixed_test,5,0,apriori|2|07,"ac370419, ac370442",4,0.88361188949313485,-0.017622953191290369,123,123
fixed_test,5,0,apriori|2|07,"ac370419, ac370442",5,0.88361188949313485,-0.0089529315774511398,123,123
fixed_test,5,0,apriori|2|07,"ac370419, ac370442",6,0.88361188949313485,-0.0089529315774511398,123,123
fixed_test,5,0,apriori|2|07,"ac370419, ac370442",7,0.88361188949313485,-0.0086443025262379347,123,123
fixed_test,5,0,apriori|2|07,"ac370419, ac370442",8,0.88361188949313485,-0.0046290889805111757,123,123
fixed_test,5,0,apriori|2|07,"ac370419, ac370442",9,0.88361188949313485,-0.026858794732353419,123,123
fixed_test,5,0,apriori|2|08,"ac370442, ac370443",0,0.88361188949313485,-0.0089529315774511398,122,122
fixed_test,5,0,apriori|2|08,"ac370442, ac370443",1,0.88361188949313485,0.012916782940736615,122,121
fixed_test,5,0,apriori|2|08,"ac370442, ac370443",2,0.88361188949313485,0.0046471250795061536,122,122
fixed_test,5,0,apriori|2|08,"ac370442, ac370443",3,0.88361188949313485,0.0039992040822813824,122,122
fixed_test,5,0,apriori|2|08,"ac370442, ac370443",4,0.88361188949313485,-0.0089529315774511398,122,121
fixed_test,5,0,apriori|2|08,"ac370442, ac370443",5,0.88361188949313485,-0.0039859934554532517,122,121
fixed_test,5,0,apriori|2|08,"ac370442, ac370443",6,0.88361188949313485,0.0050061759086597046,122,122
fixed_test,5,0,apriori|2|08,"ac370442, ac370443",7,0.88361188949313485,0.008617034584717409,122,122
fixed_test,5,0,apriori|2|08,"ac370442, ac370443",8,0.88361188949313485,-0.0089529315774511398,122,122
fixed_test,5,0,apriori|2|08,"ac370442, ac370443",9,0.88361188949313485,-0.0043184479268917331,122,122
fixed_test,5,0,apriori|2|09,"370407, ac370443",0,0.88361188949313485,-0.014082844130163474,116,116
fixed_test,5,0,apriori|2|09,"370407, ac370443",1,0.88361188949313485,-0.0089529315774511398,116,116
fixed_test,5,0,apriori|2|09,"370407, ac370443",2,0.88361188949313485,-0.0089529315774511398,116,116
fixed_test,5,0,apriori|2|09,"370407, ac370443",3,0.88361188949313485,-0.012978162819566319,116,116
fixed_test,5,0,apriori|2|09,"370407, ac370443",4,0.88361188949313485,0,116,116
fixed_test,5,0,apriori|2|09,"370407, ac370443",5,0.88361188949313485,-0.0011174162379207209,116,116
fixed_test,5,0,apriori|2|09,"370407, ac370443",6,0.88361188949313485,-0.01328402093328962,116,116
fixed_test,5,0,apriori|2|09,"370407, ac370443",7,0.88361188949313485,-0.0089529315774511398,116,115
fixed_test,5,0,apriori|2|09,"370407, ac370443",8,0.88361188949313485,-0.013569810702619534,116,115
fixed_test,5,0,apriori|2|09,"370407, ac370443",9,0.88361188949313485,-0.01328402093328962,116,116
fixed_test,5,0,apriori|2|10,"370407, ac370442",0,0.88361188949313485,0.0039992040822813824,118,118
fixed_test,5,0,apriori|2|10,"370407, ac370442",1,0.88361188949313485,-0.022249593939687395,118,118
fixed_test,5,0,apriori|2|10,"370407, ac370442",2,0.88361188949313485,-0.026601603856342471,118,115
fixed_test,5,0,apriori|2|10,"370407, ac370442",3,0.88361188949313485,-0.0039859934554532517,118,118
fixed_test,5,0,apriori|2|10,"370407, ac370442",4,0.88361188949313485,-0.00031190435039551989,118,118
fixed_test,5,0,apriori|2|10,"370407, ac370442",5,0.88361188949313485,0.0046471250795061536,118,118
fixed_test,5,0,apriori|2|10,"370407, ac370442",6,0.88361188949313485,0.012605486228976281,118,118
fixed_test,5,0,apriori|2|10,"370407, ac370442",7,0.88361188949313485,-0.01328402093328962,118,118
fixed_test,5,0,apriori|2|10,"370407, ac370442",8,0.88361188949313485,0.0039992040822813824,118,118
fixed_test,5,0,apriori|2|10,"370407, ac370442",9,0.88361188949313485,-0.0046290889805111757,118,118
fixed_test,5,0,apriori|3|01,"ac370000, ac370419, ac370443",0,0.88361188949313485,0.0053893134505716978,122,122
fixed_test,5,0,apriori|3|01,"ac370000, ac370419, ac370443",1,0.88361188949313485,-0.0043184479268917331,122,122
fixed_test,5,0,apriori|3|01,"ac370000, ac370419, ac370443",2,0.88361188949313485,0.0050061759086597046,122,121
fixed_test,5,0,apriori|3|01,"ac370000, ac370419, ac370443",3,0.88361188949313485,-0.0043184479268917331,122,122
fixed_test,5,0,apriori|3|01,"ac370000, ac370419, ac370443",4,0.88361188949313485,0.01361269808590404,122,122
fixed_test,5,0,apriori|3|01,"ac370000, ac370419, ac370443",5,0.88361188949313485,0.01399834527277255,122,122
fixed_test,5,0,apriori|3|01,"ac370000, ac370419, ac370443",6,0.88361188949313485,-0.008314501633597482,122,122
fixed_test,5,0,apriori|3|01,"ac370000, ac370419, ac370443",7,0.88361188949313485,0.01361269808590404,122,121
fixed_test,5,0,apriori|3|01,"ac370000, ac370419, ac370443",8,0.88361188949313485,0.017905863154902391,122,122
fixed_test,5,0,apriori|3|01,"ac370000, ac370419, ac370443",9,0.88361188949313485,-0.0089529315774511398,122,122
fixed_test,5,0,apriori|3|02,"370407, ac370000, ac370419",0,0.88361188949313485,0.0039992040822813824,118,118
fixed_test,5,0,apriori|3|02,"370407, ac370000, ac370419",1,0.88361188949313485,0.0089529315774512508,118,118
fixed_test,5,0,apriori|3|02,"370407, ac370000, ac370419",2,0.88361188949313485,-0.00031190435039551989,118,118
fixed_test,5,0,apriori|3|02,"370407, ac370000, ac370419",3,0.88361188949313485,-0.0049183747761739616,118,118
fixed_test,5,0,apriori|3|02,"370407, ac370000, ac370419",4,0.88361188949313485,0.012916782940736615,118,118
fixed_test,5,0,apriori|3|02,"370407, ac370000, ac370419",5,0.88361188949313485,0.0046471250795061536,118,118
fixed_test,5,0,apriori|3|02,"370407, ac370000, ac370419",6,0.88361188949313485,0.022578271092301927,118,118
fixed_test,5,0,apriori|3|02,"370407, ac370000, ac370419",7,0.88361188949313485,-0.017905863154902391,118,118
fixed_test,5,0,apriori|3|02,"370407, ac370000, ac370419",8,0.88361188949313485,0.0046471250795061536,118,118
fixed_test,5,0,apriori|3|02,"370407, ac370000, ac370419",9,0.88361188949313485,0.022578271092301927,118,118
fixed_test,5,0,apriori|3|03,"ac370000, ac370419, ac370442",0,0.88361188949313485,-0.0039859934554532517,123,123
fixed_test,5,0,apriori|3|03,"ac370000, ac370419, ac370442",1,0.88361188949313485,-0.01328402093328962,123,123
fixed_test,5,0,apriori|3|03,"ac370000, ac370419, ac370442",2,0.88361188949313485,-0.026601603856342471,123,123
fixed_test,5,0,apriori|3|03,"ac370000, ac370419, ac370442",3,0.88361188949313485,-0.0089529315774511398,123,123
fixed_test,5,0,apriori|3|03,"ac370000, ac370419, ac370442",4,0.88361188949313485,0.0043116327415971822,123,123
fixed_test,5,0,apriori|3|03,"ac370000, ac370419, ac370442",5,0.88361188949313485,0.0043116327415971822,123,123
fixed_test,5,0,apriori|3|03,"ac370000, ac370419, ac370442",6,0.88361188949313485,-0.026326769779142056,123,123
fixed_test,5,0,apriori|3|03,"ac370000, ac370419, ac370442",7,0.88361188949313485,0.0050061759086597046,123,123
fixed_test,5,0,apriori|3|03,"ac370000, ac370419, ac370442",8,0.88361188949313485,-0.01328402093328962,123,123
fixed_test,5,0,apriori|3|03,"ac370000, ac370419, ac370442",9,0.88361188949313485,0.0046471250795061536,123,123
fixed_test,5,0,apriori|3|04,"ac370000, ac370442, ac370443",0,0.88361188949313485,0.0089529315774512508,122,122
fixed_test,5,0,apriori|3|04,"ac370000, ac370442, ac370443",1,0.88361188949313485,0.0039992040822813824,122,122
fixed_test,5,0,apriori|3|04,"ac370000, ac370442, ac370443",2,0.88361188949313485,0.012916782940736615,122,122
fixed_test,5,0,apriori|3|04,"ac370000, ac370442, ac370443",3,0.88361188949313485,0.016901791203583039,122,122
fixed_test,5,0,apriori|3|04,"ac370000, ac370442, ac370443",4,0.88361188949313485,0.0089529315774512508,122,122
fixed_test,5,0,apriori|3|04,"ac370000, ac370442, ac370443",5,0.88361188949313485,0.02685879473235353,122,121
fixed_test,5,0,apriori|3|04,"ac370000, ac370442, ac370443",6,0.88361188949313485,0.025787784650946111,122,122
fixed_test,5,0,apriori|3|04,"ac370000, ac370442, ac370443",7,0.88361188949313485,0.017905863154902391,122,122
fixed_test,5,0,apriori|3|04,"ac370000, ac370442, ac370443",8,0.88361188949313485,0,122,121
fixed_test,5,0,apriori|3|04,"ac370000, ac370442, ac370443",9,0.88361188949313485,-0.0046290889805111757,122,122
fixed_test,5,0,apriori|3|05,"ac370419, ac370442, ac370443",0,0.88361188949313485,-0.0089529315774511398,122,122
fixed_test,5,0,apriori|3|05,"ac370419, ac370442, ac370443",1,0.88361188949313485,-0.013569810702619534,122,122
fixed_test,5,0,apriori|3|05,"ac370419, ac370442, ac370443",2,0.88361188949313485,-0.012978162819566319,122,122
fixed_test,5,0,apriori|3|05,"ac370419, ac370442, ac370443",3,0.88361188949313485,-0.0046290889805111757,122,122
fixed_test,5,0,apriori|3|05,"ac370419, ac370442, ac370443",4,0.88361188949313485,0.0039992040822813824,122,122
fixed_test,5,0,apriori|3|05,"ac370419, ac370442, ac370443",5,0.88361188949313485,-0.01732063570636988,122,122
fixed_test,5,0,apriori|3|05,"ac370419, ac370442, ac370443",6,0.88361188949313485,0.01231799964217295,122,122
fixed_test,5,0,apriori|3|05,"ac370419, ac370442, ac370443",7,0.88361188949313485,-0.0043184479268917331,122,122
fixed_test,5,0,apriori|3|05,"ac370419, ac370442, ac370443",8,0.88361188949313485,-0.0049183747761739616,122,122
fixed_test,5,0,apriori|3|05,"ac370419, ac370442, ac370443",9,0.88361188949313485,0.0083048113838798399,122,122
fixed_test,5,0,apriori|3|06,"370407, ac370000, ac370443",0,0.88361188949313485,0.017905863154902391,116,116
fixed_test,5,0,apriori|3|06,"370407, ac370000, ac370443",1,0.88361188949313485,0.0089529315774512508,116,116
fixed_test,5,0,apriori|3|06,"370407, ac370000, ac370443",2,0.88361188949313485,-0.00031190435039551989,116,116
fixed_test,5,0,apriori|3|06,"370407, ac370000, ac370443",3,0.88361188949313485,0.0046471250795061536,116,116
fixed_test,5,0,apriori|3|06,"370407, ac370000, ac370443",4,0.88361188949313485,-0.0092408432855085598,116,115
fixed_test,5,0,apriori|3|06,"370407, ac370000, ac370443",5,0.88361188949313485,0.0080157977562197447,116,116
fixed_test,5,0,apriori|3|06,"370407, ac370000, ac370443",6,0.88361188949313485,-0.014082844130163474,116,116
fixed_test,5,0,apriori|3|06,"370407, ac370000, ac370443",7,0.88361188949313485,0.0046471250795061536,116,116
fixed_test,5,0,apriori|3|06,"370407, ac370000, ac370443",8,0.88361188949313485,0.0043116327415971822,116,116
fixed_test,5,0,apriori|3|06,"370407, ac370000, ac370443",9,0.88361188949313485,0.0083048113838798399,116,116
fixed_test,5,0,apriori|3|07,"370407, ac370419, ac370443",0,0.88361188949313485,-0.0046290889805111757,116,116
fixed_test,5,0,apriori|3|07,"370407, ac370419, ac370443",1,0.88361188949313485,0.01361269808590404,116,116
fixed_test,5,0,apriori|3|07,"370407, ac370419, ac370443",2,0.88361188949313485,0.0043116327415971822,116,116
fixed_test,5,0,apriori|3|07,"370407, ac370419, ac370443",3,0.88361188949313485,-0.012978162819566319,116,116
fixed_test,5,0,apriori|3|07,"370407, ac370419, ac370443",4,0.88361188949313485,0.0039992040822813824,116,116
fixed_test,5,0,apriori|3|07,"370407, ac370419, ac370443",5,0.88361188949313485,-0.0046290889805111757,116,116
fixed_test,5,0,apriori|3|07,"370407, ac370419, ac370443",6,0.88361188949313485,0.008617034584717409,116,116
fixed_test,5,0,apriori|3|07,"370407, ac370419, ac370443",7,0.88361188949313485,0,116,116
fixed_test,5,0,apriori|3|07,"370407, ac370419, ac370443",8,0.88361188949313485,0.012916782940736615,116,116
fixed_test,5,0,apriori|3|07,"370407, ac370419, ac370443",9,0.88361188949313485,0.0043116327415971822,116,116
fixed_test,5,0,apriori|3|08,"370407, ac370000, ac370442",0,0.88361188949313485,0.008617034584717409,118,118
fixed_test,5,0,apriori|3|08,"370407, ac370000, ac370442",1,0.88361188949313485,0.012916782940736615,118,118
fixed_test,5,0,apriori|3|08,"370407, ac370000, ac370442",2,0.88361188949313485,-0.017905863154902391,118,118
fixed_test,5,0,apriori|3|08,"370407, ac370000, ac370442",3,0.88361188949313485,0.012605486228976281,118,118
fixed_test,5,0,apriori|3|08,"370407, ac370000, ac370442",4,0.88361188949313485,-0.0092408432855085598,118,118
fixed_test,5,0,apriori|3|08,"370407, ac370000, ac370442",5,0.88361188949313485,-0.0181697822206216,118,118
fixed_test,5,0,apriori|3|08,"370407, ac370000, ac370442",6,0.88361188949313485,-0.00031190435039551989,118,118
fixed_test,5,0,apriori|3|08,"370407, ac370000, ac370442",7,0.88361188949313485,0.0043116327415971822,118,118
fixed_test,5,0,apriori|3|08,"370407, ac370000, ac370442",8,0.88361188949313485,0.0043116327415971822,118,118
fixed_test,5,0,apriori|3|08,"370407, ac370000, ac370442",9,0.88361188949313485,0,118,118
fixed_test,5,0,apriori|3|09,"370407, ac370419, ac370442",0,0.88361188949313485,-0.0089529315774511398,117,117
fixed_test,5,0,apriori|3|09,"370407, ac370419, ac370442",1,0.88361188949313485,-0.0092408432855085598,117,117
fixed_test,5,0,apriori|3|09,"370407, ac370419, ac370442",2,0.88361188949313485,0.02183436179919207,117,117
fixed_test,5,0,apriori|3|09,"370407, ac370419, ac370442",3,0.88361188949313485,0.007749560244305731,117,117
fixed_test,5,0,apriori|3|09,"370407, ac370419, ac370442",4,0.88361188949313485,0.013252354463705318,117,117
fixed_test,5,0,apriori|3|09,"370407, ac370419, ac370442",5,0.88361188949313485,-0.017905863154902391,117,117
fixed_test,5,0,apriori|3|09,"370407, ac370419, ac370442",6,0.88361188949313485,-0.014082844130163474,117,117
fixed_test,5,0,apriori|3|09,"370407, ac370419, ac370442",7,0.88361188949313485,-0.00060182589403057207,117,117
fixed_test,5,0,apriori|3|09,"370407, ac370419, ac370442",8,0.88361188949313485,-0.017905863154902391,117,117
fixed_test,5,0,apriori|3|09,"370407, ac370419, ac370442",9,0.88361188949313485,-0.00060182589403057207,117,117
fixed_test,5,0,apriori|3|10,"370407, ac370442, ac370443",0,0.88361188949313485,0.00033434813881427772,116,116
fixed_test,5,0,apriori|3|10,"370407, ac370442, ac370443",1,0.88361188949313485,0.0043116327415971822,116,116
fixed_test,5,0,apriori|3|10,"370407, ac370442, ac370443",2,0.88361188949313485,0.0093129988038664901,116,116
fixed_test,5,0,apriori|3|10,"370407, ac370442, ac370443",3,0.88361188949313485,-0.0043184479268917331,116,116
fixed_test,5,0,apriori|3|10,"370407, ac370442, ac370443",4,0.88361188949313485,0.012916782940736615,116,116
fixed_test,5,0,apriori|3|10,"370407, ac370442, ac370443",5,0.88361188949313485,0.0043116327415971822,116,116
fixed_test,5,0,apriori|3|10,"370407, ac370442, ac370443",6,0.88361188949313485,-0.0046290889805111757,116,116
fixed_test,5,0,apriori|3|10,"370407, ac370442, ac370443",7,0.88361188949313485,-0.00060182589403057207,116,116
fixed_test,5,0,apriori|3|10,"370407, ac370442, ac370443",8,0.88361188949313485,-0.0089529315774511398,116,116
fixed_test,5,0,apriori|3|10,"370407, ac370442, ac370443",9,0.88361188949313485,-0.00031190435039551989,116,116
fixed_test,5,0,impressed|1|01,376400,0,0.88361188949313485,0.0046471250795061536,58,51
fixed_test,5,0,impressed|1|01,376400,1,0.88361188949313485,0,58,56
fixed_test,5,0,impressed|1|01,376400,2,0.88361188949313485,-0.0092408432855085598,58,55
fixed_test,5,0,impressed|1|01,376400,3,0.88361188949313485,-0.0046290889805111757,58,53
fixed_test,5,0,impressed|1|01,376400,4,0.88361188949313485,-0.0046290889805111757,58,57
fixed_test,5,0,impressed|1|01,376400,5,0.88361188949313485,0,58,51
fixed_test,5,0,impressed|1|01,376400,6,0.88361188949313485,-0.0046290889805111757,58,54
fixed_test,5,0,impressed|1|01,376400,7,0.88361188949313485,-0.0092408432855085598,58,54
fixed_test,5,0,impressed|1|01,376400,8,0.88361188949313485,-0.0046290889805111757,58,56
fixed_test,5,0,impressed|1|01,376400,9,0.88361188949313485,-0.0046290889805111757,58,56
fixed_test,5,0,impressed|1|02,ac419100,0,0.88361188949313485,-0.009508463171940984,155,133
fixed_test,5,0,impressed|1|02,ac419100,1,0.88361188949313485,0.01754597351983056,155,132
fixed_test,5,0,impressed|1|02,ac419100,2,0.88361188949313485,-0.009508463171940984,155,131
fixed_test,5,0,impressed|1|02,ac419100,3,0.88361188949313485,0.0037093761092630295,155,128
fixed_test,5,0,impressed|1|02,ac419100,4,0.88361188949313485,0.012916782940736615,155,133
fixed_test,5,0,impressed|1|02,ac419100,5,0.88361188949313485,-0.0046290889805111757,155,136
fixed_test,5,0,impressed|1|02,ac419100,6,0.88361188949313485,-0.013569810702619534,155,140
fixed_test,5,0,impressed|1|02,ac419100,7,0.88361188949313485,0.0039992040822813824,155,132
fixed_test,5,0,impressed|1|02,ac419100,8,0.88361188949313485,0.0039992040822813824,155,138
fixed_test,5,0,impressed|1|02,ac419100,9,0.88361188949313485,0.0043116327415971822,155,130
fixed_test,5,0,impressed|1|03,ac370000,0,0.88361188949313485,0.019143222682572958,159,156
fixed_test,5,0,impressed|1|03,ac370000,1,0.88361188949313485,0.057870900035331241,159,157
fixed_test,5,0,impressed|1|03,ac370000,2,0.88361188949313485,0.054728436875808639,159,151
fixed_test,5,0,impressed|1|03,ac370000,3,0.88361188949313485,0.037743378320992393,159,156
fixed_test,5,0,impressed|1|03,ac370000,4,0.88361188949313485,0.038304882583206412,159,155
fixed_test,5,0,impressed|1|03,ac370000,5,0.88361188949313485,0.042000126703432339,159,155
fixed_test,5,0,impressed|1|03,ac370000,6,0.88361188949313485,0.019610261988303179,159,156
fixed_test,5,0,impressed|1|03,ac370000,7,0.88361188949313485,0.014847857467381376,159,157
fixed_test,5,0,impressed|1|03,ac370000,8,0.88361188949313485,0.027710034657491778,159,155
fixed_test,5,0,impressed|1|03,ac370000,9,0.88361188949313485,0.020105706925550915,159,156
fixed_test,5,0,impressed|1|04,ac415100,0,0.88361188949313485,0.0043116327415971822,61,59
fixed_test,5,0,impressed|1|04,ac415100,1,0.88361188949313485,0,61,59
fixed_test,5,0,impressed|1|04,ac415100,2,0.88361188949313485,0.017905863154902391,61,56
fixed_test,5,0,impressed|1|04,ac415100,3,0.88361188949313485,0.01754597351983056,61,56
fixed_test,5,0,impressed|1|04,ac415100,4,0.88361188949313485,0,61,59
fixed_test,5,0,impressed|1|04,ac415100,5,0.88361188949313485,0.012916782940736615,61,58
fixed_test,5,0,impressed|1|04,ac415100,6,0.88361188949313485,0.013252354463705318,61,61
fixed_test,5,0,impressed|1|04,ac415100,7,0.88361188949313485,0,61,57
fixed_test,5,0,impressed|1|04,ac415100,8,0.88361188949313485,0.008617034584717409,61,54
fixed_test,5,0,impressed|1|04,ac415100,9,0.88361188949313485,0.01361269808590404,61,58
fixed_test,5,0,impressed|1|05,ac10307,0,0.88361188949313485,0.00033434813881427772,25,20
fixed_test,5,0,impressed|1|05,ac10307,1,0.88361188949313485,-0.0043184479268917331,25,20
fixed_test,5,0,impressed|1|05,ac10307,2,0.88361188949313485,-0.0089529315774511398,25,18
fixed_test,5,0,impressed|1|05,ac10307,3,0.88361188949313485,0.0046471250795061536,25,17
fixed_test,5,0,impressed|1|05,ac10307,4,0.88361188949313485,-0.0089529315774511398,25,20
fixed_test,5,0,impressed|1|05,ac10307,5,0.88361188949313485,0,25,20
fixed_test,5,0,impressed|1|05,ac10307,6,0.88361188949313485,0.00033434813881427772,25,22
fixed_test,5,0,impressed|1|05,ac10307,7,0.88361188949313485,-0.0043184479268917331,25,22
fixed_test,5,0,impressed|1|05,ac10307,8,0.88361188949313485,0.00033434813881427772,25,18
fixed_test,5,0,impressed|1|05,ac10307,9,0.88361188949313485,0.00033434813881427772,25,22
fixed_test,5,0,impressed|1|06,ac355427,0,0.88361188949313485,0.0046471250795061536,9,9
fixed_test,5,0,impressed|1|06,ac355427,1,0.88361188949313485,0,9,8
fixed_test,5,0,impressed|1|06,ac355427,2,0.88361188949313485,0.0046471250795061536,9,9
fixed_test,5,0,impressed|1|06,ac355427,3,0.88361188949313485,0.0046471250795061536,9,9
fixed_test,5,0,impressed|1|06,ac355427,4,0.88361188949313485,0.0046471250795061536,9,7
fixed_test,5,0,impressed|1|06,ac355427,5,0.88361188949313485,0,9,9
fixed_test,5,0,impressed|1|06,ac355427,6,0.88361188949313485,0,9,9
fixed_test,5,0,impressed|1|06,ac355427,7,0.88361188949313485,0,9,9
fixed_test,5,0,impressed|1|06,ac355427,8,0.88361188949313485,0,9,7
fixed_test,5,0,impressed|1|06,ac355427,9,0.88361188949313485,0.0046471250795061536,9,8
fixed_test,5,0,impressed|1|07,337419c,0,0.88361188949313485,0,0,0
fixed_test,5,0,impressed|1|07,337419c,1,0.88361188949313485,0,0,0
fixed_test,5,0,impressed|1|07,337419c,2,0.88361188949313485,0,0,0
fixed_test,5,0,impressed|1|07,337419c,3,0.88361188949313485,0,0,0
fixed_test,5,0,impressed|1|07,337419c,4,0.88361188949313485,0,0,0
fixed_test,5,0,impressed|1|07,337419c,5,0.88361188949313485,0,0,0
fixed_test,5,0,impressed|1|07,337419c,6,0.88361188949313485,0,0,0
fixed_test,5,0,impressed|1|07,337419c,7,0.88361188949313485,0,0,0
fixed_test,5,0,impressed|1|07,337419c,8,0.88361188949313485,0,0,0
fixed_test,5,0,impressed|1|07,337419c,9,0.88361188949313485,0,0,0
fixed_test,5,0,impressed|1|08,ac411100,0,0.88361188949313485,-0.00031190435039551989,106,97
fixed_test,5,0,impressed|1|08,ac411100,1,0.88361188949313485,-0.013569810702619534,106,102
fixed_test,5,0,impressed|1|08,ac411100,2,0.88361188949313485,0.00033434813881427772,106,97
fixed_test,5,0,impressed|1|08,ac411100,3,0.88361188949313485,-0.0046290889805111757,106,94
fixed_test,5,0,impressed|1|08,ac411100,4,0.88361188949313485,-0.0086443025262379347,106,99
fixed_test,5,0,impressed|1|08,ac411100,5,0.88361188949313485,-0.0046290889805111757,106,99
fixed_test,5,0,impressed|1|08,ac411100,6,0.88361188949313485,0.00033434813881427772,106,101
fixed_test,5,0,impressed|1|08,ac411100,7,0.88361188949313485,-0.0092408432855085598,106,97
fixed_test,5,0,impressed|1|08,ac411100,8,0.88361188949313485,-0.013835953634629194,106,99
fixed_test,5,0,impressed|1|08,ac411100,9,0.88361188949313485,0.00033434813881427772,106,97
fixed_test,5,0,impressed|1|09,370407,0,0.88361188949313485,-0.00060182589403057207,128,127
fixed_test,5,0,impressed|1|09,370407,1,0.88361188949313485,-0.00031190435039551989,128,122
fixed_test,5,0,impressed|1|09,370407,2,0.88361188949313485,-0.0043184479268917331,128,121
fixed_test,5,0,impressed|1|09,370407,3,0.88361188949313485,-0.0092408432855085598,128,120
fixed_test,5,0,impressed|1|09,370407,4,0.88361188949313485,-0.01328402093328962,128,123
fixed_test,5,0,impressed|1|09,370407,5,0.88361188949313485,-0.0046290889805111757,128,125
fixed_test,5,0,impressed|1|09,370407,6,0.88361188949313485,-0.01328402093328962,128,122
fixed_test,5,0,impressed|1|09,370407,7,0.88361188949313485,-0.0086443025262379347,128,125
fixed_test,5,0,impressed|1|09,370407,8,0.88361188949313485,-0.0092408432855085598,128,123
fixed_test,5,0,impressed|1|09,370407,9,0.88361188949313485,-0.0086443025262379347,128,119
fixed_test,5,0,impressed|1|10,ac378449,0,0.88361188949313485,0,5,3
fixed_test,5,0,impressed|1|10,ac378449,1,0.88361188949313485,0,5,4
fixed_test,5,0,impressed|1|10,ac378449,2,0.88361188949313485,0,5,4
fixed_test,5,0,impressed|1|10,ac378449,3,0.88361188949313485,0,5,4
fixed_test,5,0,impressed|1|10,ac378449,4,0.88361188949313485,0,5,4
fixed_test,5,0,impressed|1|10,ac378449,5,0.88361188949313485,0,5,3
fixed_test,5,0,impressed|1|10,ac378449,6,0.88361188949313485,0,5,4
fixed_test,5,0,impressed|1|10,ac378449,7,0.88361188949313485,0,5,4
fixed_test,5,0,impressed|1|10,ac378449,8,0.88361188949313485,0,5,3
fixed_test,5,0,impressed|1|10,ac378449,9,0.88361188949313485,0,5,4
fixed_test,5,0,impressed|2|01,"370715a, 376400",0,0.88361188949313485,-0.0046290889805111757,50,50
fixed_test,5,0,impressed|2|01,"370715a, 376400",1,0.88361188949313485,0,50,49
fixed_test,5,0,impressed|2|01,"370715a, 376400",2,0.88361188949313485,-0.0046290889805111757,50,47
fixed_test,5,0,impressed|2|01,"370715a, 376400",3,0.88361188949313485,0,50,48
fixed_test,5,0,impressed|2|01,"370715a, 376400",4,0.88361188949313485,0,50,49
fixed_test,5,0,impressed|2|01,"370715a, 376400",5,0.88361188949313485,-0.0046290889805111757,50,49
fixed_test,5,0,impressed|2|01,"370715a, 376400",6,0.88361188949313485,-0.0046290889805111757,50,50
fixed_test,5,0,impressed|2|01,"370715a, 376400",7,0.88361188949313485,-0.0046290889805111757,50,50
fixed_test,5,0,impressed|2|01,"370715a, 376400",8,0.88361188949313485,-0.0046290889805111757,50,50
fixed_test,5,0,impressed|2|01,"370715a, 376400",9,0.88361188949313485,-0.0046290889805111757,50,50
fixed_test,5,0,impressed|2|02,"370712b, 376400",0,0.88361188949313485,0,49,49
fixed_test,5,0,impressed|2|02,"370712b, 376400",1,0.88361188949313485,-0.0046290889805111757,49,49
fixed_test,5,0,impressed|2|02,"370712b, 376400",2,0.88361188949313485,-0.0046290889805111757,49,49
fixed_test,5,0,impressed|2|02,"370712b, 376400",3,0.88361188949313485,0,49,49
fixed_test,5,0,impressed|2|02,"370712b, 376400",4,0.88361188949313485,-0.0046290889805111757,49,49
fixed_test,5,0,impressed|2|02,"370712b, 376400",5,0.88361188949313485,-0.0046290889805111757,49,49
fixed_test,5,0,impressed|2|02,"370712b, 376400",6,0.88361188949313485,-0.0046290889805111757,49,47
fixed_test,5,0,impressed|2|02,"370712b, 376400",7,0.88361188949313485,-0.0046290889805111757,49,49
fixed_test,5,0,impressed|2|02,"370712b, 376400",8,0.88361188949313485,-0.0046290889805111757,49,49
fixed_test,5,0,impressed|2|02,"370712b, 376400",9,0.88361188949313485,0,49,49
fixed_test,5,0,impressed|2|03,"ac411100, ac419100",0,0.88361188949313485,-0.0181697822206216,93,87
fixed_test,5,0,impressed|2|03,"ac411100, ac419100",1,0.88361188949313485,-0.01328402093328962,93,85
fixed_test,5,0,impressed|2|03,"ac411100, ac419100",2,0.88361188949313485,-0.0051867340104502224,93,88
fixed_test,5,0,impressed|2|03,"ac411100, ac419100",3,0.88361188949313485,0.012916782940736615,93,87
fixed_test,5,0,impressed|2|03,"ac411100, ac419100",4,0.88361188949313485,-0.0089529315774511398,93,85
fixed_test,5,0,impressed|2|03,"ac411100, ac419100",5,0.88361188949313485,0.012916782940736615,93,83
fixed_test,5,0,impressed|2|03,"ac411100, ac419100",6,0.88361188949313485,-0.013835953634629194,93,85
fixed_test,5,0,impressed|2|03,"ac411100, ac419100",7,0.88361188949313485,0.0046471250795061536,93,84
fixed_test,5,0,impressed|2|03,"ac411100, ac419100",8,0.88361188949313485,-0.009508463171940984,93,87
fixed_test,5,0,impressed|2|03,"ac411100, ac419100",9,0.88361188949313485,0.0039992040822813824,93,82
fixed_test,5,0,impressed|2|04,"370401c, ac370000",0,0.88361188949313485,0,111,111
fixed_test,5,0,impressed|2|04,"370401c, ac370000",1,0.88361188949313485,0.0039992040822813824,111,110
fixed_test,5,0,impressed|2|04,"370401c, ac370000",2,0.88361188949313485,-0.00031190435039551989,111,111
fixed_test,5,0,impressed|2|04,"370401c, ac370000",3,0.88361188949313485,0.013252354463705318,111,111
fixed_test,5,0,impressed|2|04,"370401c, ac370000",4,0.88361188949313485,0.01361269808590404,111,110
fixed_test,5,0,impressed|2|04,"370401c, ac370000",5,0.88361188949313485,-0.0043184479268917331,111,110
fixed_test,5,0,impressed|2|04,"370401c, ac370000",6,0.88361188949313485,0.0046471250795061536,111,110
fixed_test,5,0,impressed|2|04,"370401c, ac370000",7,0.88361188949313485,-0.0046290889805111757,111,111
fixed_test,5,0,impressed|2|04,"370401c, ac370000",8,0.88361188949313485,0.00033434813881427772,111,110
fixed_test,5,0,impressed|2|04,"370401c, ac370000",9,0.88361188949313485,0.022193076185813676,111,109
fixed_test,5,0,impressed|2|05,"ac370000, ac370403",0,0.88361188949313485,0.0089529315774512508,117,116
fixed_test,5,0,impressed|2|05,"ac370000, ac370403",1,0.88361188949313485,0.022193076185813676,117,117
fixed_test,5,0,impressed|2|05,"ac370000, ac370403",2,0.88361188949313485,-0.0049183747761739616,117,115
fixed_test,5,0,impressed|2|05,"ac370000, ac370403",3,0.88361188949313485,-0.0046290889805111757,117,117
fixed_test,5,0,impressed|2|05,"ac370000, ac370403",4,0.88361188949313485,-0.0089529315774511398,117,117
fixed_test,5,0,impressed|2|05,"ac370000, ac370403",5,0.88361188949313485,0.018291649468918814,117,115
fixed_test,5,0,impressed|2|05,"ac370000, ac370403",6,0.88361188949313485,-0.0092408432855085598,117,117
fixed_test,5,0,impressed|2|05,"ac370000, ac370403",7,0.88361188949313485,0,117,117
fixed_test,5,0,impressed|2|05,"ac370000, ac370403",8,0.88361188949313485,0.01754597351983056,117,117
fixed_test,5,0,impressed|2|05,"ac370000, ac370403",9,0.88361188949313485,0.0039992040822813824,117,115
fixed_test,5,0,impressed|2|06,"ac411100, ac415100",0,0.88361188949313485,0.0043116327415971822,51,51
fixed_test,5,0,impressed|2|06,"ac411100, ac415100",1,0.88361188949313485,0.0050061759086597046,51,51
fixed_test,5,0,impressed|2|06,"ac411100, ac415100",2,0.88361188949313485,0.0043116327415971822,51,49
fixed_test,5,0,impressed|2|06,"ac411100, ac415100",3,0.88361188949313485,0.00033434813881427772,51,51
fixed_test,5,0,impressed|2|06,"ac411100, ac415100",4,0.88361188949313485,0.0093129988038664901,51,51
fixed_test,5,0,impressed|2|06,"ac411100, ac415100",5,0.88361188949313485,0,51,50
fixed_test,5,0,impressed|2|06,"ac411100, ac415100",6,0.88361188949313485,0.0089529315774512508,51,51
fixed_test,5,0,impressed|2|06,"ac411100, ac415100",7,0.88361188949313485,0.017905863154902391,51,49
fixed_test,5,0,impressed|2|06,"ac411100, ac415100",8,0.88361188949313485,0.0046471250795061536,51,49
fixed_test,5,0,impressed|2|06,"ac411100, ac415100",9,0.88361188949313485,0.013252354463705318,51,50
fixed_test,5,0,impressed|2|07,"ac415100, ac419100",0,0.88361188949313485,0.01754597351983056,58,57
fixed_test,5,0,impressed|2|07,"ac415100, ac419100",1,0.88361188949313485,0.026118085939700442,58,56
fixed_test,5,0,impressed|2|07,"ac415100, ac419100",2,0.88361188949313485,0.00033434813881427772,58,56
fixed_test,5,0,impressed|2|07,"ac415100, ac419100",3,0.88361188949313485,0.0046471250795061536,58,56
fixed_test,5,0,impressed|2|07,"ac415100, ac419100",4,0.88361188949313485,0.013252354463705318,58,57
fixed_test,5,0,impressed|2|07,"ac415100, ac419100",5,0.88361188949313485,0.01361269808590404,58,57
fixed_test,5,0,impressed|2|07,"ac415100, ac419100",6,0.88361188949313485,0.0046471250795061536,58,56
fixed_test,5,0,impressed|2|07,"ac415100, ac419100",7,0.88361188949313485,0.008617034584717409,58,56
fixed_test,5,0,impressed|2|07,"ac415100, ac419100",8,0.88361188949313485,0,58,56
fixed_test,5,0,impressed|2|07,"ac415100, ac419100",9,0.88361188949313485,0.01754597351983056,58,56
fixed_test,5,0,impressed|2|08,"ac10307, ac419100",0,0.88361188949313485,-0.0089529315774511398,21,21
fixed_test,5,0,impressed|2|08,"ac10307, ac419100",1,0.88361188949313485,-0.0046290889805111757,21,20
fixed_test,5,0,impressed|2|08,"ac10307, ac419100",2,0.88361188949313485,-0.0089529315774511398,21,20
fixed_test,5,0,impressed|2|08,"ac10307, ac419100",3,0.88361188949313485,-0.0046290889805111757,21,20
fixed_test,5,0,impressed|2|08,"ac10307, ac419100",4,0.88361188949313485,-0.0089529315774511398,21,21
fixed_test,5,0,impressed|2|08,"ac10307, ac419100",5,0.88361188949313485,-0.0089529315774511398,21,19
fixed_test,5,0,impressed|2|08,"ac10307, ac419100",6,0.88361188949313485,-0.0043184479268917331,21,20
fixed_test,5,0,impressed|2|08,"ac10307, ac419100",7,0.88361188949313485,-0.0089529315774511398,21,20
fixed_test,5,0,impressed|2|08,"ac10307, ac419100",8,0.88361188949313485,-0.013569810702619534,21,20
fixed_test,5,0,impressed|2|08,"ac10307, ac419100",9,0.88361188949313485,-0.0089529315774511398,21,21
fixed_test,5,0,impressed|2|09,"ac10307, ac411100",0,0.88361188949313485,-0.0089529315774511398,23,23
fixed_test,5,0,impressed|2|09,"ac10307, ac411100",1,0.88361188949313485,-0.0043184479268917331,23,22
fixed_test,5,0,impressed|2|09,"ac10307, ac411100",2,0.88361188949313485,-0.0089529315774511398,23,21
fixed_test,5,0,impressed|2|09,"ac10307, ac411100",3,0.88361188949313485,-0.0043184479268917331,23,23
fixed_test,5,0,impressed|2|09,"ac10307, ac411100",4,0.88361188949313485,-0.013569810702619534,23,22
fixed_test,5,0,impressed|2|09,"ac10307, ac411100",5,0.88361188949313485,-0.013569810702619534,23,23
fixed_test,5,0,impressed|2|09,"ac10307, ac411100",6,0.88361188949313485,-0.0089529315774511398,23,23
fixed_test,5,0,impressed|2|09,"ac10307, ac411100",7,0.88361188949313485,-0.0043184479268917331,23,23
fixed_test,5,0,impressed|2|09,"ac10307, ac411100",8,0.88361188949313485,-0.0089529315774511398,23,22
fixed_test,5,0,impressed|2|09,"ac10307, ac411100",9,0.88361188949313485,-0.0092408432855085598,23,23
fixed_test,5,0,impressed|2|10,"ac355201, ac415100",0,0.88361188949313485,0,10,10
fixed_test,5,0,impressed|2|10,"ac355201, ac415100",1,0.88361188949313485,0,10,9
fixed_test,5,0,impressed|2|10,"ac355201, ac415100",2,0.88361188949313485,0,10,10
fixed_test,5,0,impressed|2|10,"ac355201, ac415100",3,0.88361188949313485,0,10,10
fixed_test,5,0,impressed|2|10,"ac355201, ac415100",4,0.88361188949313485,0,10,9
fixed_test,5,0,impressed|2|10,"ac355201, ac415100",5,0.88361188949313485,0.0043116327415971822,10,10
fixed_test,5,0,impressed|2|10,"ac355201, ac415100",6,0.88361188949313485,0,10,10
fixed_test,5,0,impressed|2|10,"ac355201, ac415100",7,0.88361188949313485,0,10,10
fixed_test,5,0,impressed|2|10,"ac355201, ac415100",8,0.88361188949313485,0,10,10
fixed_test,5,0,impressed|2|10,"ac355201, ac415100",9,0.88361188949313485,0,10,10
fixed_test,5,0,impressed|3|01,"376400, 377498a, ac372417",0,0.88361188949313485,0,48,48
fixed_test,5,0,impressed|3|01,"376400, 377498a, ac372417",1,0.88361188949313485,0,48,47
fixed_test,5,0,impressed|3|01,"376400, 377498a, ac372417",2,0.88361188949313485,0,48,47
fixed_test,5,0,impressed|3|01,"376400, 377498a, ac372417",3,0.88361188949313485,0,48,48
fixed_test,5,0,impressed|3|01,"376400, 377498a, ac372417",4,0.88361188949313485,0,48,48
fixed_test,5,0,impressed|3|01,"376400, 377498a, ac372417",5,0.88361188949313485,-0.0046290889805111757,48,48
fixed_test,5,0,impressed|3|01,"376400, 377498a, ac372417",6,0.88361188949313485,0,48,47
fixed_test,5,0,impressed|3|01,"376400, 377498a, ac372417",7,0.88361188949313485,-0.0046290889805111757,48,47
fixed_test,5,0,impressed|3|01,"376400, 377498a, ac372417",8,0.88361188949313485,0,48,47
fixed_test,5,0,impressed|3|01,"376400, 377498a, ac372417",9,0.88361188949313485,0,48,47
fixed_test,5,0,impressed|3|02,"ac411100, ac415100, ac419100",0,0.88361188949313485,0,48,46
fixed_test,5,0,impressed|3|02,"ac411100, ac415100, ac419100",1,0.88361188949313485,0.0046471250795061536,48,47
fixed_test,5,0,impressed|3|02,"ac411100, ac415100, ac419100",2,0.88361188949313485,0.0089529315774512508,48,46
fixed_test,5,0,impressed|3|02,"ac411100, ac415100, ac419100",3,0.88361188949313485,0.0089529315774512508,48,45
fixed_test,5,0,impressed|3|02,"ac411100, ac415100, ac419100",4,0.88361188949313485,0.0089529315774512508,48,46
fixed_test,5,0,impressed|3|02,"ac411100, ac415100, ac419100",5,0.88361188949313485,0,48,46
fixed_test,5,0,impressed|3|02,"ac411100, ac415100, ac419100",6,0.88361188949313485,0.013252354463705318,48,47
fixed_test,5,0,impressed|3|02,"ac411100, ac415100, ac419100",7,0.88361188949313485,-0.0039859934554532517,48,47
fixed_test,5,0,impressed|3|02,"ac411100, ac415100, ac419100",8,0.88361188949313485,0.0089529315774512508,48,47
fixed_test,5,0,impressed|3|02,"ac411100, ac415100, ac419100",9,0.88361188949313485,0.0089529315774512508,48,47
fixed_test,5,0,impressed|3|03,"ac10307, ac411100, ac419100",0,0.88361188949313485,-0.0089529315774511398,20,19
fixed_test,5,0,impressed|3|03,"ac10307, ac411100, ac419100",1,0.88361188949313485,-0.013569810702619534,20,20
fixed_test,5,0,impressed|3|03,"ac10307, ac411100, ac419100",2,0.88361188949313485,-0.0181697822206216,20,20
fixed_test,5,0,impressed|3|03,"ac10307, ac411100, ac419100",3,0.88361188949313485,-0.0181697822206216,20,20
fixed_test,5,0,impressed|3|03,"ac10307, ac411100, ac419100",4,0.88361188949313485,-0.0089529315774511398,20,20
fixed_test,5,0,impressed|3|03,"ac10307, ac411100, ac419100",5,0.88361188949313485,-0.0089529315774511398,20,20
fixed_test,5,0,impressed|3|03,"ac10307, ac411100, ac419100",6,0.88361188949313485,-0.013569810702619534,20,20
fixed_test,5,0,impressed|3|03,"ac10307, ac411100, ac419100",7,0.88361188949313485,-0.0089529315774511398,20,19
fixed_test,5,0,impressed|3|03,"ac10307, ac411100, ac419100",8,0.88361188949313485,-0.0089529315774511398,20,20
fixed_test,5,0,impressed|3|03,"ac10307, ac411100, ac419100",9,0.88361188949313485,-0.013569810702619534,20,20
fixed_test,5,0,impressed|3|04,"ac356134, ac411100, ac419100",0,0.88361188949313485,-0.0046290889805111757,16,16
fixed_test,5,0,impressed|3|04,"ac356134, ac411100, ac419100",1,0.88361188949313485,-0.0046290889805111757,16,16
fixed_test,5,0,impressed|3|04,"ac356134, ac411100, ac419100",2,0.88361188949313485,-0.0046290889805111757,16,16
fixed_test,5,0,impressed|3|04,"ac356134, ac411100, ac419100",3,0.88361188949313485,0,16,16
fixed_test,5,0,impressed|3|04,"ac356134, ac411100, ac419100",4,0.88361188949313485,-0.0046290889805111757,16,16
fixed_test,5,0,impressed|3|04,"ac356134, ac411100, ac419100",5,0.88361188949313485,-0.0046290889805111757,16,16
fixed_test,5,0,impressed|3|04,"ac356134, ac411100, ac419100",6,0.88361188949313485,-0.00031190435039551989,16,16
fixed_test,5,0,impressed|3|04,"ac356134, ac411100, ac419100",7,0.88361188949313485,0,16,16
fixed_test,5,0,impressed|3|04,"ac356134, ac411100, ac419100",8,0.88361188949313485,-0.00031190435039551989,16,16
fixed_test,5,0,impressed|3|04,"ac356134, ac411100, ac419100",9,0.88361188949313485,-0.0046290889805111757,16,16
fixed_test,5,0,impressed|3|05,"ac355201, ac415100, ac419100",0,0.88361188949313485,0.0043116327415971822,10,10
fixed_test,5,0,impressed|3|05,"ac355201, ac415100, ac419100",1,0.88361188949313485,0.0043116327415971822,10,10
fixed_test,5,0,impressed|3|05,"ac355201, ac415100, ac419100",2,0.88361188949313485,0.0043116327415971822,10,10
fixed_test,5,0,impressed|3|05,"ac355201, ac415100, ac419100",3,0.88361188949313485,0.0043116327415971822,10,10
fixed_test,5,0,impressed|3|05,"ac355201, ac415100, ac419100",4,0.88361188949313485,0.0043116327415971822,10,10
fixed_test,5,0,impressed|3|05,"ac355201, ac415100, ac419100",5,0.88361188949313485,0,10,10
fixed_test,5,0,impressed|3|05,"ac355201, ac415100, ac419100",6,0.88361188949313485,0.0043116327415971822,10,10
fixed_test,5,0,impressed|3|05,"ac355201, ac415100, ac419100",7,0.88361188949313485,0.0043116327415971822,10,10
fixed_test,5,0,impressed|3|05,"ac355201, ac415100, ac419100",8,0.88361188949313485,0.0043116327415971822,10,10
fixed_test,5,0,impressed|3|05,"ac355201, ac415100, ac419100",9,0.88361188949313485,0.0043116327415971822,10,10
fixed_test,5,0,impressed|3|06,"ac355201, ac411100, ac419100",0,0.88361188949313485,-0.0046290889805111757,11,11
fixed_test,5,0,impressed|3|06,"ac355201, ac411100, ac419100",1,0.88361188949313485,-0.00031190435039551989,11,11
fixed_test,5,0,impressed|3|06,"ac355201, ac411100, ac419100",2,0.88361188949313485,-0.0046290889805111757,11,11
fixed_test,5,0,impressed|3|06,"ac355201, ac411100, ac419100",3,0.88361188949313485,0,11,11
fixed_test,5,0,impressed|3|06,"ac355201, ac411100, ac419100",4,0.88361188949313485,-0.0046290889805111757,11,11
fixed_test,5,0,impressed|3|06,"ac355201, ac411100, ac419100",5,0.88361188949313485,-0.0046290889805111757,11,11
fixed_test,5,0,impressed|3|06,"ac355201, ac411100, ac419100",6,0.88361188949313485,-0.00031190435039551989,11,11
fixed_test,5,0,impressed|3|06,"ac355201, ac411100, ac419100",7,0.88361188949313485,-0.0046290889805111757,11,11
fixed_test,5,0,impressed|3|06,"ac355201, ac411100, ac419100",8,0.88361188949313485,-0.00031190435039551989,11,11
fixed_test,5,0,impressed|3|06,"ac355201, ac411100, ac419100",9,0.88361188949313485,-0.0046290889805111757,11,11
fixed_test,5,0,impressed|3|07,"ac355427, ac411100, ac419100",0,0.88361188949313485,0,6,6
fixed_test,5,0,impressed|3|07,"ac355427, ac411100, ac419100",1,0.88361188949313485,0,6,6
fixed_test,5,0,impressed|3|07,"ac355427, ac411100, ac419100",2,0.88361188949313485,0,6,6
fixed_test,5,0,impressed|3|07,"ac355427, ac411100, ac419100",3,0.88361188949313485,0,6,6
fixed_test,5,0,impressed|3|07,"ac355427, ac411100, ac419100",4,0.88361188949313485,0,6,6
fixed_test,5,0,impressed|3|07,"ac355427, ac411100, ac419100",5,0.88361188949313485,0,6,6
fixed_test,5,0,impressed|3|07,"ac355427, ac411100, ac419100",6,0.88361188949313485,0,6,6
fixed_test,5,0,impressed|3|07,"ac355427, ac411100, ac419100",7,0.88361188949313485,0,6,6
fixed_test,5,0,impressed|3|07,"ac355427, ac411100, ac419100",8,0.88361188949313485,0.0043116327415971822,6,6
fixed_test,5,0,impressed|3|07,"ac355427, ac411100, ac419100",9,0.88361188949313485,0,6,6
fixed_test,5,0,impressed|3|08,"376400, ac370000, ac411100",0,0.88361188949313485,-0.0046290889805111757,3,3
fixed_test,5,0,impressed|3|08,"376400, ac370000, ac411100",1,0.88361188949313485,-0.0046290889805111757,3,3
fixed_test,5,0,impressed|3|08,"376400, ac370000, ac411100",2,0.88361188949313485,-0.0092408432855085598,3,3
fixed_test,5,0,impressed|3|08,"376400, ac370000, ac411100",3,0.88361188949313485,-0.0092408432855085598,3,3
fixed_test,5,0,impressed|3|08,"376400, ac370000, ac411100",4,0.88361188949313485,-0.0092408432855085598,3,3
fixed_test,5,0,impressed|3|08,"376400, ac370000, ac411100",5,0.88361188949313485,-0.0046290889805111757,3,3
fixed_test,5,0,impressed|3|08,"376400, ac370000, ac411100",6,0.88361188949313485,-0.0046290889805111757,3,3
fixed_test,5,0,impressed|3|08,"376400, ac370000, ac411100",7,0.88361188949313485,-0.0092408432855085598,3,3
fixed_test,5,0,impressed|3|08,"376400, ac370000, ac411100",8,0.88361188949313485,-0.0046290889805111757,3,3
fixed_test,5,0,impressed|3|08,"376400, ac370000, ac411100",9,0.88361188949313485,-0.0092408432855085598,3,3
fixed_test,5,0,impressed|3|09,"376400, ac370419, ac378452",0,0.88361188949313485,0,2,2
fixed_test,5,0,impressed|3|09,"376400, ac370419, ac378452",1,0.88361188949313485,0,2,2
fixed_test,5,0,impressed|3|09,"376400, ac370419, ac378452",2,0.88361188949313485,0,2,2
fixed_test,5,0,impressed|3|09,"376400, ac370419, ac378452",3,0.88361188949313485,0,2,2
fixed_test,5,0,impressed|3|09,"376400, ac370419, ac378452",4,0.88361188949313485,0,2,2
fixed_test,5,0,impressed|3|09,"376400, ac370419, ac378452",5,0.88361188949313485,0,2,2
fixed_test,5,0,impressed|3|09,"376400, ac370419, ac378452",6,0.88361188949313485,0,2,2
fixed_test,5,0,impressed|3|09,"376400, ac370419, ac378452",7,0.88361188949313485,0,2,2
fixed_test,5,0,impressed|3|09,"376400, ac370419, ac378452",8,0.88361188949313485,0,2,2
fixed_test,5,0,impressed|3|09,"376400, ac370419, ac378452",9,0.88361188949313485,0,2,2
fixed_test,5,0,impressed|3|10,"ac410500, ac411100, ac415100",0,0.88361188949313485,0,4,4
fixed_test,5,0,impressed|3|10,"ac410500, ac411100, ac415100",1,0.88361188949313485,0,4,4
fixed_test,5,0,impressed|3|10,"ac410500, ac411100, ac415100",2,0.88361188949313485,0,4,4
fixed_test,5,0,impressed|3|10,"ac410500, ac411100, ac415100",3,0.88361188949313485,0,4,4
fixed_test,5,0,impressed|3|10,"ac410500, ac411100, ac415100",4,0.88361188949313485,0,4,4
fixed_test,5,0,impressed|3|10,"ac410500, ac411100, ac415100",5,0.88361188949313485,0,4,4
fixed_test,5,0,impressed|3|10,"ac410500, ac411100, ac415100",6,0.88361188949313485,0,4,4
fixed_test,5,0,impressed|3|10,"ac410500, ac411100, ac415100",7,0.88361188949313485,0,4,4
fixed_test,5,0,impressed|3|10,"ac410500, ac411100, ac415100",8,0.88361188949313485,0,4,4
fixed_test,5,0,impressed|3|10,"ac410500, ac411100, ac415100",9,0.88361188949313485,0,4,4
fixed_train,5,0,apriori|1|01,ac370000,0,0.99557522123893805,0.096528293109749974,628,622
fixed_train,5,0,apriori|1|01,ac370000,1,0.99557522123893805,0.10650591482138916,628,620
fixed_train,5,0,apriori|1|01,ac370000,2,0.99557522123893805,0.10550189949826672,628,623
fixed_train,5,0,apriori|1|01,ac370000,3,0.99557522123893805,0.097760948808872872,628,623
fixed_train,5,0,apriori|1|01,ac370000,4,0.99557522123893805,0.10474399532837841,628,618
fixed_train,5,0,apriori|1|01,ac370000,5,0.99557522123893805,0.10024219021128811,628,624
fixed_train,5,0,apriori|1|01,ac370000,6,0.99557522123893805,0.10466081368938862,628,622
fixed_train,5,0,apriori|1|01,ac370000,7,0.99557522123893805,0.10708117206178414,628,618
fixed_train,5,0,apriori|1|01,ac370000,8,0.99557522123893805,0.10874693893416598,628,618
fixed_train,5,0,apriori|1|01,ac370000,9,0.99557522123893805,0.10209883235634287,628,621
fixed_train,5,0,apriori|1|02,ac419100,0,0.99557522123893805,0.044226263665849364,574,476
fixed_train,5,0,apriori|1|02,ac419100,1,0.99557522123893805,0.041868617024912735,574,466
fixed_train,5,0,apriori|1|02,ac419100,2,0.99557522123893805,0.043032309441679129,574,477
fixed_train,5,0,apriori|1|02,ac419100,3,0.99557522123893805,0.036426489280646401,574,474
fixed_train,5,0,apriori|1|02,ac419100,4,0.99557522123893805,0.038617696585610206,574,473
fixed_train,5,0,apriori|1|02,ac419100,5,0.99557522123893805,0.038617696585610206,574,474
fixed_train,5,0,apriori|1|02,ac419100,6,0.99557522123893805,0.039765756753490811,574,474
fixed_train,5,0,apriori|1|02,ac419100,7,0.99557522123893805,0.040807651078995977,574,475
fixed_train,5,0,apriori|1|02,ac419100,8,0.99557522123893805,0.039712826080530061,574,478
fixed_train,5,0,apriori|1|02,ac419100,9,0.99557522123893805,0.033152987667211309,574,464
fixed_train,5,0,apriori|1|03,370407,0,0.99557522123893805,0.021000926774058515,540,521
fixed_train,5,0,apriori|1|03,370407,1,0.99557522123893805,0.024349317585525387,540,521
fixed_train,5,0,apriori|1|03,370407,2,0.99557522123893805,0.027633719522350608,540,522
fixed_train,5,0,apriori|1|03,370407,3,0.99557522123893805,0.023211857690155879,540,514
fixed_train,5,0,apriori|1|03,370407,4,0.99557522123893805,0.032104612268670119,540,528
fixed_train,5,0,apriori|1|03,370407,5,0.99557522123893805,0.02764773020821798,540,518
fixed_train,5,0,apriori|1|03,370407,6,0.99557522123893805,0.017689331432988675,540,520
fixed_train,5,0,apriori|1|03,370407,7,0.99557522123893805,0.032040036533659944,540,526
fixed_train,5,0,apriori|1|03,370407,8,0.99557522123893805,0.013274336283185861,540,517
fixed_train,5,0,apriori|1|03,370407,9,0.99557522123893805,0.025422788606253244,540,517
fixed_train,5,0,apriori|1|04,ac370419,0,0.99557522123893805,0.017699115044247815,528,503
fixed_train,5,0,apriori|1|04,ac370419,1,0.99557522123893805,0.015514456290775636,528,503
fixed_train,5,0,apriori|1|04,ac370419,2,0.99557522123893805,0.023249002322068391,528,501
fixed_train,5,0,apriori|1|04,ac370419,3,0.99557522123893805,0.016617167783980258,528,512
fixed_train,5,0,apriori|1|04,ac370419,4,0.99557522123893805,0.01658824435674211,528,501
fixed_train,5,0,apriori|1|04,ac370419,5,0.99557522123893805,0.022148249889089699,528,516
fixed_train,5,0,apriori|1|04,ac370419,6,0.99557522123893805,0.018810541689824545,528,511
fixed_train,5,0,apriori|1|04,ac370419,7,0.99557522123893805,0.022160867974721721,528,507
fixed_train,5,0,apriori|1|04,ac370419,8,0.99557522123893805,0.021035099835417959,528,512
fixed_train,5,0,apriori|1|04,ac370419,9,0.99557522123893805,0.017719411780731109,528,508
fixed_train,5,0,apriori|1|05,ac370443,0,0.99557522123893805,0.011068965425562016,515,487
fixed_train,5,0,apriori|1|05,ac370443,1,0.99557522123893805,0.011048419179991664,515,486
fixed_train,5,0,apriori|1|05,ac370443,2,0.99557522123893805,0.012171878703856942,515,493
fixed_train,5,0,apriori|1|05,ac370443,3,0.99557522123893805,0.012171878703856942,515,496
fixed_train,5,0,apriori|1|05,ac370443,4,0.99557522123893805,0.0099589910418678151,515,503
fixed_train,5,0,apriori|1|05,ac370443,5,0.99557522123893805,0.0077461033798786882,515,499
fixed_train,5,0,apriori|1|05,ac370443,6,0.99557522123893805,0.011068965425562016,515,491
fixed_train,5,0,apriori|1|05,ac370443,7,0.99557522123893805,0.013274336283185861,515,497
fixed_train,5,0,apriori|1|05,ac370443,8,0.99557522123893805,0.011076154618193113,515,482
fixed_train,5,0,apriori|1|05,ac370443,9,0.99557522123893805,0.011076154618193113,515,495
fixed_train,5,0,apriori|1|06,ac370442,0,0.99557522123893805,0.0099525528458566104,508,477
fixed_train,5,0,apriori|1|06,ac370442,1,0.99557522123893805,0.013258876028713673,508,491
fixed_train,5,0,apriori|1|06,ac370442,2,0.99557522123893805,0.012179489888816231,508,486
fixed_train,5,0,apriori|1|06,ac370442,3,0.99557522123893805,0.019911504424778736,508,488
fixed_train,5,0,apriori|1|06,ac370442,4,0.99557522123893805,0.012179489888816231,508,493
fixed_train,5,0,apriori|1|06,ac370442,5,0.99557522123893805,0.013274336283185861,508,486
fixed_train,5,0,apriori|1|06,ac370442,6,0.99557522123893805,0.0099655874021657986,508,484
fixed_train,5,0,apriori|1|06,ac370442,7,0.99557522123893805,0.013258876028713673,508,487
fixed_train,5,0,apriori|1|06,ac370442,8,0.99557522123893805,0.013266509394178505,508,485
fixed_train,5,0,apriori|1|06,ac370442,9,0.99557522123893805,0.016597654027835418,508,481
fixed_train,5,0,apriori|1|07,370712b,0,0.99557522123893805,0.013266509394178505,497,478
fixed_train,5,0,apriori|1|07,370712b,1,0.99557522123893805,0.0099589910418678151,497,483
fixed_train,5,0,apriori|1|07,370712b,2,0.99557522123893805,0.014376347186447092,497,473
fixed_train,5,0,apriori|1|07,370712b,3,0.99557522123893805,0.0099525528458566104,497,463
fixed_train,5,0,apriori|1|07,370712b,4,0.99557522123893805,0.013282357452222504,497,472
fixed_train,5,0,apriori|1|07,370712b,5,0.99557522123893805,0.011055098374773475,497,479
fixed_train,5,0,apriori|1|07,370712b,6,0.99557522123893805,0.0099589910418678151,497,472
fixed_train,5,0,apriori|1|07,370712b,7,0.99557522123893805,0.014376347186447092,497,476
fixed_train,5,0,apriori|1|07,370712b,8,0.99557522123893805,0.0077353412774738839,497,476
fixed_train,5,0,apriori|1|07,370712b,9,0.99557522123893805,0.01658824435674211,497,477
fixed_train,5,0,apriori|1|08,370715a,0,0.99557522123893805,0.007730159670511827,491,460
fixed_train,5,0,apriori|1|08,370715a,1,0.99557522123893805,0.007730159670511827,491,467
fixed_train,5,0,apriori|1|08,370715a,2,0.99557522123893805,0.0088379623312697664,491,474
fixed_train,5,0,apriori|1|08,370715a,3,0.99557522123893805,0.0099462721935712484,491,467
fixed_train,5,0,apriori|1|08,370715a,4,0.99557522123893805,0.011055098374773475,491,471
fixed_train,5,0,apriori|1|08,370715a,5,0.99557522123893805,0.0066322763359635273,491,473
fixed_train,5,0,apriori|1|08,370715a,6,0.99557522123893805,0.012179489888816231,491,469
fixed_train,5,0,apriori|1|08,370715a,7,0.99557522123893805,0.0088436873553683348,491,474
fixed_train,5,0,apriori|1|08,370715a,8,0.99557522123893805,0.015477920413583646,491,469
fixed_train,5,0,apriori|1|08,370715a,9,0.99557522123893805,0.0088436873553683348,491,468
fixed_train,5,0,apriori|1|09,ac370403,0,0.99557522123893805,0.013282357452222504,491,471
fixed_train,5,0,apriori|1|09,ac370403,1,0.99557522123893805,0.016597654027835418,491,470
fixed_train,5,0,apriori|1|09,ac370403,2,0.99557522123893805,0.021023429351813783,491,466
fixed_train,5,0,apriori|1|09,ac370403,3,0.99557522123893805,0.018789995857961039,491,472
fixed_train,5,0,apriori|1|09,ac370403,4,0.99557522123893805,0.018789995857961039,491,465
fixed_train,5,0,apriori|1|09,ac370403,5,0.99557522123893805,0.0221359255588649,491,470
fixed_train,5,0,apriori|1|09,ac370403,6,0.99557522123893805,0.017699115044247815,491,473
fixed_train,5,0,apriori|1|09,ac370403,7,0.99557522123893805,0.024311160272323384,491,463
fixed_train,5,0,apriori|1|09,ac370403,8,0.99557522123893805,0.014376347186447092,491,465
fixed_train,5,0,apriori|1|09,ac370403,9,0.99557522123893805,0.022112153471798734,491,466
fixed_train,5,0,apriori|1|10,370488e,0,0.99557522123893805,0.014376347186447092,487,471
fixed_train,5,0,apriori|1|10,370488e,1,0.99557522123893805,0.0077516849155153666,487,462
fixed_train,5,0,apriori|1|10,370488e,2,0.99557522123893805,0.0066421813722409295,487,470
fixed_train,5,0,apriori|1|10,370488e,3,0.99557522123893805,0.0088495575221239076,487,466
fixed_train,5,0,apriori|1|10,370488e,4,0.99557522123893805,0.011061946902654829,487,466
fixed_train,5,0,apriori|1|10,370488e,5,0.99557522123893805,0.0077406556755615918,487,470
fixed_train,5,0,apriori|1|10,370488e,6,0.99557522123893805,0.0099655874021657986,487,475
fixed_train,5,0,apriori|1|10,370488e,7,0.99557522123893805,0.012179489888816231,487,466
fixed_train,5,0,apriori|1|10,370488e,8,0.99557522123893805,0.0088555733989014174,487,467
fixed_train,5,0,apriori|1|10,370488e,9,0.99557522123893805,0.0099589910418678151,487,471
fixed_train,5,0,apriori|2|01,"370407, ac370000",0,0.99557522123893805,0.047578081295683972,540,537
fixed_train,5,0,apriori|2|01,"370407, ac370000",1,0.99557522123893805,0.056375821431617124,540,538
fixed_train,5,0,apriori|2|01,"370407, ac370000",2,0.99557522123893805,0.047578081295683972,540,538
fixed_train,5,0,apriori|2|01,"370407, ac370000",3,0.99557522123893805,0.0419948150620989,540,537
fixed_train,5,0,apriori|2|01,"370407, ac370000",4,0.99557522123893805,0.051978599081464738,540,535
fixed_train,5,0,apriori|2|01,"370407, ac370000",5,0.99557522123893805,0.040919113229988979,540,534
fixed_train,5,0,apriori|2|01,"370407, ac370000",6,0.99557522123893805,0.053177455833135712,540,539
fixed_train,5,0,apriori|2|01,"370407, ac370000",7,0.99557522123893805,0.038746319728621526,540,535
fixed_train,5,0,apriori|2|01,"370407, ac370000",8,0.99557522123893805,0.054190496251759979,540,536
fixed_train,5,0,apriori|2|01,"370407, ac370000",9,0.99557522123893805,0.046483237852130932,540,535
fixed_train,5,0,apriori|2|02,"ac370000, ac370419",0,0.99557522123893805,0.037776099590001166,528,525
fixed_train,5,0,apriori|2|02,"ac370000, ac370419",1,0.99557522123893805,0.038766585199814352,528,526
fixed_train,5,0,apriori|2|02,"ac370000, ac370419",2,0.99557522123893805,0.035473060905778175,528,526
fixed_train,5,0,apriori|2|02,"ac370000, ac370419",3,0.99557522123893805,0.037776099590001166,528,525
fixed_train,5,0,apriori|2|02,"ac370000, ac370419",4,0.99557522123893805,0.038766585199814352,528,527
fixed_train,5,0,apriori|2|02,"ac370000, ac370419",5,0.99557522123893805,0.045435345572688024,528,525
fixed_train,5,0,apriori|2|02,"ac370000, ac370419",6,0.99557522123893805,0.037610619469026552,528,524
fixed_train,5,0,apriori|2|02,"ac370000, ac370419",7,0.99557522123893805,0.036612052384467964,528,527
fixed_train,5,0,apriori|2|02,"ac370000, ac370419",8,0.99557522123893805,0.035434764214165471,528,524
fixed_train,5,0,apriori|2|02,"ac370000, ac370419",9,0.99557522123893805,0.031039967609462704,528,525
fixed_train,5,0,apriori|2|03,"ac370000, ac370443",0,0.99557522123893805,0.039765756753490811,515,513
fixed_train,5,0,apriori|2|03,"ac370000, ac370443",1,0.99557522123893805,0.038726530647727353,515,513
fixed_train,5,0,apriori|2|03,"ac370000, ac370443",2,0.99557522123893805,0.040981526941397672,515,514
fixed_train,5,0,apriori|2|03,"ac370000, ac370443",3,0.99557522123893805,0.043089980562363461,515,510
fixed_train,5,0,apriori|2|03,"ac370000, ac370443",4,0.99557522123893805,0.035380619588229245,515,514
fixed_train,5,0,apriori|2|03,"ac370000, ac370443",5,0.99557522123893805,0.049815832161873685,515,513
fixed_train,5,0,apriori|2|03,"ac370000, ac370443",6,0.99557522123893805,0.027676807295369366,515,514
fixed_train,5,0,apriori|2|03,"ac370000, ac370443",7,0.99557522123893805,0.032104612268670119,515,509
fixed_train,5,0,apriori|2|03,"ac370000, ac370443",8,0.99557522123893805,0.043152305971705718,515,513
fixed_train,5,0,apriori|2|03,"ac370000, ac370443",9,0.99557522123893805,0.036513642985738004,515,512
fixed_train,5,0,apriori|2|04,"ac370419, ac370443",0,0.99557522123893805,0.029844650438448084,513,511
fixed_train,5,0,apriori|2|04,"ac370419, ac370443",1,0.99557522123893805,0.022112153471798734,513,512
fixed_train,5,0,apriori|2|04,"ac370419, ac370443",2,0.99557522123893805,0.028761061946902644,513,509
fixed_train,5,0,apriori|2|04,"ac370419, ac370443",3,0.99557522123893805,0.017709141505543702,513,511
fixed_train,5,0,apriori|2|04,"ac370419, ac370443",4,0.99557522123893805,0.017740687720515957,513,511
fixed_train,5,0,apriori|2|04,"ac370419, ac370443",5,0.99557522123893805,0.017689331432988675,513,513
fixed_train,5,0,apriori|2|04,"ac370419, ac370443",6,0.99557522123893805,0.024323564491203986,513,511
fixed_train,5,0,apriori|2|04,"ac370419, ac370443",7,0.99557522123893805,0.025422788606253244,513,510
fixed_train,5,0,apriori|2|04,"ac370419, ac370443",8,0.99557522123893805,0.028718122874852647,513,513
fixed_train,5,0,apriori|2|04,"ac370419, ac370443",9,0.99557522123893805,0.027662092337781274,513,512
fixed_train,5,0,apriori|2|05,"370407, ac370419",0,0.99557522123893805,0.022112153471798734,514,514
fixed_train,5,0,apriori|2|05,"370407, ac370419",1,0.99557522123893805,0.029830047727919196,514,513
fixed_train,5,0,apriori|2|05,"370407, ac370419",2,0.99557522123893805,0.030989493665507184,514,514
fixed_train,5,0,apriori|2|05,"370407, ac370419",3,0.99557522123893805,0.028746386530014045,514,513
fixed_train,5,0,apriori|2|05,"370407, ac370419",4,0.99557522123893805,0.029874979999770512,514,513
fixed_train,5,0,apriori|2|05,"370407, ac370419",5,0.99557522123893805,0.028761061946902644,514,512
fixed_train,5,0,apriori|2|05,"370407, ac370419",6,0.99557522123893805,0.025449204675792036,514,513
fixed_train,5,0,apriori|2|05,"370407, ac370419",7,0.99557522123893805,0.02323631701380291,514,513
fixed_train,5,0,apriori|2|05,"370407, ac370419",8,0.99557522123893805,0.023249002322068391,514,513
fixed_train,5,0,apriori|2|05,"370407, ac370419",9,0.99557522123893805,0.030927649650580369,514,513
fixed_train,5,0,apriori|2|06,"ac370000, ac370442",0,0.99557522123893805,0.046460176991150459,508,506
fixed_train,5,0,apriori|2|06,"ac370000, ac370442",1,0.99557522123893805,0.035380619588229245,508,507
fixed_train,5,0,apriori|2|06,"ac370000, ac370442",2,0.99557522123893805,0.042014852646444334,508,507
fixed_train,5,0,apriori|2|06,"ac370000, ac370442",3,0.99557522123893805,0.037629669745488759,508,507
fixed_train,5,0,apriori|2|06,"ac370000, ac370442",4,0.99557522123893805,0.046437674685254504,508,505
fixed_train,5,0,apriori|2|06,"ac370000, ac370442",5,0.99557522123893805,0.042035398230088505,508,504
fixed_train,5,0,apriori|2|06,"ac370000, ac370442",6,0.99557522123893805,0.040879991756622713,508,506
fixed_train,5,0,apriori|2|06,"ac370000, ac370442",7,0.99557522123893805,0.036460014145141217,508,505
fixed_train,5,0,apriori|2|06,"ac370000, ac370442",8,0.99557522123893805,0.036495318889398609,508,506
fixed_train,5,0,apriori|2|06,"ac370000, ac370442",9,0.99557522123893805,0.033152987667211309,508,505
fixed_train,5,0,apriori|2|07,"ac370419, ac370442",0,0.99557522123893805,0.018789995857961039,506,505
fixed_train,5,0,apriori|2|07,"ac370419, ac370442",1,0.99557522123893805,0.025422788606253244,506,503
fixed_train,5,0,apriori|2|07,"ac370419, ac370442",2,0.99557522123893805,0.029830047727919196,506,502
fixed_train,5,0,apriori|2|07,"ac370419, ac370442",3,0.99557522123893805,0.02101203869733248,506,502
fixed_train,5,0,apriori|2|07,"ac370419, ac370442",4,0.99557522123893805,0.019880015771942205,506,505
fixed_train,5,0,apriori|2|07,"ac370419, ac370442",5,0.99557522123893805,0.024311160272323384,506,505
fixed_train,5,0,apriori|2|07,"ac370419, ac370442",6,0.99557522123893805,0.01880014152703724,506,504
fixed_train,5,0,apriori|2|07,"ac370419, ac370442",7,0.99557522123893805,0.017679789726157469,506,504
fixed_train,5,0,apriori|2|07,"ac370419, ac370442",8,0.99557522123893805,0.017699115044247815,506,505
fixed_train,5,0,apriori|2|07,"ac370419, ac370442",9,0.99557522123893805,0.026534975510608905,506,506
fixed_train,5,0,apriori|2|08,"ac370442, ac370443",0,0.99557522123893805,0.023211857690155879,507,505
fixed_train,5,0,apriori|2|08,"ac370442, ac370443",1,0.99557522123893805,0.020990092504956204,507,504
fixed_train,5,0,apriori|2|08,"ac370442, ac370443",2,0.99557522123893805,0.023166551589368867,507,507
fixed_train,5,0,apriori|2|08,"ac370442, ac370443",3,0.99557522123893805,0.023177429375227487,507,505
fixed_train,5,0,apriori|2|08,"ac370442, ac370443",4,0.99557522123893805,0.020990092504956204,507,501
fixed_train,5,0,apriori|2|08,"ac370442, ac370443",5,0.99557522123893805,0.017689331432988675,507,506
fixed_train,5,0,apriori|2|08,"ac370442, ac370443",6,0.99557522123893805,0.026521617121045282,507,505
fixed_train,5,0,apriori|2|08,"ac370442, ac370443",7,0.99557522123893805,0.018780103699215456,507,507
fixed_train,5,0,apriori|2|08,"ac370442, ac370443",8,0.99557522123893805,0.025351324229515804,507,506
fixed_train,5,0,apriori|2|08,"ac370442, ac370443",9,0.99557522123893805,0.022078669752430558,507,507
fixed_train,5,0,apriori|2|09,"370407, ac370443",0,0.99557522123893805,0.025422788606253244,504,504
fixed_train,5,0,apriori|2|09,"370407, ac370443",1,0.99557522123893805,0.025422788606253244,504,504
fixed_train,5,0,apriori|2|09,"370407, ac370443",2,0.99557522123893805,0.024311160272323384,504,503
fixed_train,5,0,apriori|2|09,"370407, ac370443",3,0.99557522123893805,0.023223935867627499,504,501
fixed_train,5,0,apriori|2|09,"370407, ac370443",4,0.99557522123893805,0.034266512270643035,504,501
fixed_train,5,0,apriori|2|09,"370407, ac370443",5,0.99557522123893805,0.030942530818489189,504,501
fixed_train,5,0,apriori|2|09,"370407, ac370443",6,0.99557522123893805,0.026508596099125037,504,504
fixed_train,5,0,apriori|2|09,"370407, ac370443",7,0.99557522123893805,0.030942530818489189,504,503
fixed_train,5,0,apriori|2|09,"370407, ac370443",8,0.99557522123893805,0.030913152590261506,504,502
fixed_train,5,0,apriori|2|09,"370407, ac370443",9,0.99557522123893805,0.03534670320203559,504,503
fixed_train,5,0,apriori|2|10,"370407, ac370442",0,0.99557522123893805,0.021000926774058515,497,496
fixed_train,5,0,apriori|2|10,"370407, ac370442",1,0.99557522123893805,0.027593782677033829,497,494
fixed_train,5,0,apriori|2|10,"370407, ac370442",2,0.99557522123893805,0.026495911171345976,497,496
fixed_train,5,0,apriori|2|10,"370407, ac370442",3,0.99557522123893805,0.034218312629743286,497,496
fixed_train,5,0,apriori|2|10,"370407, ac370442",4,0.99557522123893805,0.025385606026130603,497,496
fixed_train,5,0,apriori|2|10,"370407, ac370442",5,0.99557522123893805,0.023166551589368867,497,497
fixed_train,5,0,apriori|2|10,"370407, ac370442",6,0.99557522123893805,0.029844650438448084,497,495
fixed_train,5,0,apriori|2|10,"370407, ac370442",7,0.99557522123893805,0.03087195192436909,497,493
fixed_train,5,0,apriori|2|10,"370407, ac370442",8,0.99557522123893805,0.028678424870132058,497,497
fixed_train,5,0,apriori|2|10,"370407, ac370442",9,0.99557522123893805,0.023211857690155879,497,495
fixed_train,5,0,apriori|3|01,"ac370000, ac370419, ac370443",0,0.99557522123893805,0.03986360232252395,513,513
fixed_train,5,0,apriori|3|01,"ac370000, ac370419, ac370443",1,0.99557522123893805,0.047626352166147967,513,513
fixed_train,5,0,apriori|3|01,"ac370000, ac370419, ac370443",2,0.99557522123893805,0.039950680653701331,513,513
fixed_train,5,0,apriori|3|01,"ac370000, ac370419, ac370443",3,0.99557522123893805,0.041048466562363162,513,513
fixed_train,5,0,apriori|3|01,"ac370000, ac370419, ac370443",4,0.99557522123893805,0.038808553083765518,513,513
fixed_train,5,0,apriori|3|01,"ac370000, ac370419, ac370443",5,0.99557522123893805,0.042122700850251604,513,513
fixed_train,5,0,apriori|3|01,"ac370000, ac370419, ac370443",6,0.99557522123893805,0.040919113229988979,513,512
fixed_train,5,0,apriori|3|01,"ac370000, ac370419, ac370443",7,0.99557522123893805,0.039884632465243874,513,513
fixed_train,5,0,apriori|3|01,"ac370000, ac370419, ac370443",8,0.99557522123893805,0.039884632465243874,513,513
fixed_train,5,0,apriori|3|01,"ac370000, ac370419, ac370443",9,0.99557522123893805,0.029890709782019798,513,513
fixed_train,5,0,apriori|3|02,"370407, ac370000, ac370419",0,0.99557522123893805,0.048696629878791531,514,513
fixed_train,5,0,apriori|3|02,"370407, ac370000, ac370419",1,0.99557522123893805,0.049766701911169609,514,514
fixed_train,5,0,apriori|3|02,"370407, ac370000, ac370419",2,0.99557522123893805,0.042078021376703467,514,514
fixed_train,5,0,apriori|3|02,"370407, ac370000, ac370419",3,0.99557522123893805,0.04429244043088254,514,514
fixed_train,5,0,apriori|3|02,"370407, ac370000, ac370419",4,0.99557522123893805,0.036571323468910233,514,514
fixed_train,5,0,apriori|3|02,"370407, ac370000, ac370419",5,0.99557522123893805,0.037629669745488759,514,514
fixed_train,5,0,apriori|3|02,"370407, ac370000, ac370419",6,0.99557522123893805,0.043219340046743437,514,514
fixed_train,5,0,apriori|3|02,"370407, ac370000, ac370419",7,0.99557522123893805,0.044247787610619427,514,514
fixed_train,5,0,apriori|3|02,"370407, ac370000, ac370419",8,0.99557522123893805,0.043174124701922278,514,514
fixed_train,5,0,apriori|3|02,"370407, ac370000, ac370419",9,0.99557522123893805,0.044315573587874524,514,514
fixed_train,5,0,apriori|3|03,"ac370000, ac370419, ac370442",0,0.99557522123893805,0.038670002950881965,506,505
fixed_train,5,0,apriori|3|03,"ac370000, ac370419, ac370442",1,0.99557522123893805,0.043219340046743437,506,506
fixed_train,5,0,apriori|3|03,"ac370000, ac370419, ac370442",2,0.99557522123893805,0.038746319728621526,506,506
fixed_train,5,0,apriori|3|03,"ac370000, ac370419, ac370442",3,0.99557522123893805,0.044226263665849364,506,506
fixed_train,5,0,apriori|3|03,"ac370000, ac370419, ac370442",4,0.99557522123893805,0.03986360232252395,506,506
fixed_train,5,0,apriori|3|03,"ac370000, ac370419, ac370442",5,0.99557522123893805,0.034266512270643035,506,506
fixed_train,5,0,apriori|3|03,"ac370000, ac370419, ac370442",6,0.99557522123893805,0.042035398230088505,506,506
fixed_train,5,0,apriori|3|03,"ac370000, ac370419, ac370442",7,0.99557522123893805,0.046437674685254504,506,506
fixed_train,5,0,apriori|3|03,"ac370000, ac370419, ac370442",8,0.99557522123893805,0.042056453798809845,506,506
fixed_train,5,0,apriori|3|03,"ac370000, ac370419, ac370442",9,0.99557522123893805,0.034318514755320662,506,506
fixed_train,5,0,apriori|3|04,"ac370000, ac370442, ac370443",0,0.99557522123893805,0.035380619588229245,507,507
fixed_train,5,0,apriori|3|04,"ac370000, ac370442, ac370443",1,0.99557522123893805,0.044145469574785046,507,507
fixed_train,5,0,apriori|3|04,"ac370000, ac370442, ac370443",2,0.99557522123893805,0.047578081295683972,507,506
fixed_train,5,0,apriori|3|04,"ac370000, ac370442, ac370443",3,0.99557522123893805,0.046415728759542918,507,507
fixed_train,5,0,apriori|3|04,"ac370000, ac370442, ac370443",4,0.99557522123893805,0.046415728759542918,507,507
fixed_train,5,0,apriori|3|04,"ac370000, ac370442, ac370443",5,0.99557522123893805,0.040919113229988979,507,507
fixed_train,5,0,apriori|3|04,"ac370000, ac370442, ac370443",6,0.99557522123893805,0.049633491047787692,507,507
fixed_train,5,0,apriori|3|04,"ac370000, ac370442, ac370443",7,0.99557522123893805,0.040899305018935128,507,507
fixed_train,5,0,apriori|3|04,"ac370000, ac370442, ac370443",8,0.99557522123893805,0.048672566371681381,507,507
fixed_train,5,0,apriori|3|04,"ac370000, ac370442, ac370443",9,0.99557522123893805,0.046333466806769086,507,507
fixed_train,5,0,apriori|3|05,"ac370419, ac370442, ac370443",0,0.99557522123893805,0.024299069323397426,505,505
fixed_train,5,0,apriori|3|05,"ac370419, ac370442, ac370443",1,0.99557522123893805,0.028732073969767402,505,505
fixed_train,5,0,apriori|3|05,"ac370419, ac370442, ac370443",2,0.99557522123893805,0.021000926774058515,505,505
fixed_train,5,0,apriori|3|05,"ac370419, ac370442, ac370443",3,0.99557522123893805,0.033106776771183566,505,505
fixed_train,5,0,apriori|3|05,"ac370419, ac370442, ac370443",4,0.99557522123893805,0.034218312629743286,505,505
fixed_train,5,0,apriori|3|05,"ac370419, ac370442, ac370443",5,0.99557522123893805,0.029815817823141577,505,505
fixed_train,5,0,apriori|3|05,"ac370419, ac370442, ac370443",6,0.99557522123893805,0.032010135978840171,505,505
fixed_train,5,0,apriori|3|05,"ac370419, ac370442, ac370443",7,0.99557522123893805,0.027593782677033829,505,504
fixed_train,5,0,apriori|3|05,"ac370419, ac370442, ac370443",8,0.99557522123893805,0.033121773299719215,505,505
fixed_train,5,0,apriori|3|05,"ac370419, ac370442, ac370443",9,0.99557522123893805,0.029801959327936944,505,505
fixed_train,5,0,apriori|3|06,"370407, ac370000, ac370443",0,0.99557522123893805,0.040899305018935128,504,504
fixed_train,5,0,apriori|3|06,"370407, ac370000, ac370443",1,0.99557522123893805,0.054068841581851435,504,504
fixed_train,5,0,apriori|3|06,"370407, ac370000, ac370443",2,0.99557522123893805,0.046394337080673864,504,503
fixed_train,5,0,apriori|3|06,"370407, ac370000, ac370443",3,0.99557522123893805,0.047532097767227444,504,504
fixed_train,5,0,apriori|3|06,"370407, ac370000, ac370443",4,0.99557522123893805,0.046437674685254504,504,504
fixed_train,5,0,apriori|3|06,"370407, ac370000, ac370443",5,0.99557522123893805,0.04748838380208531,504,503
fixed_train,5,0,apriori|3|06,"370407, ac370000, ac370443",6,0.99557522123893805,0.038688374102837764,504,504
fixed_train,5,0,apriori|3|06,"370407, ac370000, ac370443",7,0.99557522123893805,0.045299969368104098,504,503
fixed_train,5,0,apriori|3|06,"370407, ac370000, ac370443",8,0.99557522123893805,0.044164876847007872,504,504
fixed_train,5,0,apriori|3|06,"370407, ac370000, ac370443",9,0.99557522123893805,0.046415728759542918,504,504
fixed_train,5,0,apriori|3|07,"370407, ac370419, ac370443",0,0.99557522123893805,0.039803441627039304,504,504
fixed_train,5,0,apriori|3|07,"370407, ac370419, ac370443",1,0.99557522123893805,0.030899038210463137,504,504
fixed_train,5,0,apriori|3|07,"370407, ac370419, ac370443",2,0.99557522123893805,0.036443030065245519,504,504
fixed_train,5,0,apriori|3|07,"370407, ac370419, ac370443",3,0.99557522123893805,0.037539014718634633,504,504
fixed_train,5,0,apriori|3|07,"370407, ac370419, ac370443",4,0.99557522123893805,0.027633719522350608,504,504
fixed_train,5,0,apriori|3|07,"370407, ac370419, ac370443",5,0.99557522123893805,0.024299069323397426,504,504
fixed_train,5,0,apriori|3|07,"370407, ac370419, ac370443",6,0.99557522123893805,0.032071524548808239,504,504
fixed_train,5,0,apriori|3|07,"370407, ac370419, ac370443",7,0.99557522123893805,0.033152987667211309,504,504
fixed_train,5,0,apriori|3|07,"370407, ac370419, ac370443",8,0.99557522123893805,0.040919113229988979,504,504
fixed_train,5,0,apriori|3|07,"370407, ac370419, ac370443",9,0.99557522123893805,0.029830047727919196,504,504
fixed_train,5,0,apriori|3|08,"370407, ac370000, ac370442",0,0.99557522123893805,0.040807651078995977,497,496
fixed_train,5,0,apriori|3|08,"370407, ac370000, ac370442",1,0.99557522123893805,0.040899305018935128,497,496
fixed_train,5,0,apriori|3|08,"370407, ac370000, ac370442",2,0.99557522123893805,0.043051019233355858,497,497
fixed_train,5,0,apriori|3|08,"370407, ac370000, ac370442",3,0.99557522123893805,0.036495318889398609,497,497
fixed_train,5,0,apriori|3|08,"370407, ac370000, ac370442",4,0.99557522123893805,0.042035398230088505,497,497
fixed_train,5,0,apriori|3|08,"370407, ac370000, ac370442",5,0.99557522123893805,0.041902180263566402,497,496
fixed_train,5,0,apriori|3|08,"370407, ac370000, ac370442",6,0.99557522123893805,0.055138454270603043,497,497
fixed_train,5,0,apriori|3|08,"370407, ac370000, ac370442",7,0.99557522123893805,0.044126586564689263,497,497
fixed_train,5,0,apriori|3|08,"370407, ac370000, ac370442",8,0.99557522123893805,0.053047099305708723,497,497
fixed_train,5,0,apriori|3|08,"370407, ac370000, ac370442",9,0.99557522123893805,0.038670002950881965,497,497
fixed_train,5,0,apriori|3|09,"370407, ac370419, ac370442",0,0.99557522123893805,0.038634665931549628,497,497
fixed_train,5,0,apriori|3|09,"370407, ac370419, ac370442",1,0.99557522123893805,0.035299065596370971,497,497
fixed_train,5,0,apriori|3|09,"370407, ac370419, ac370442",2,0.99557522123893805,0.041975283529218532,497,497
fixed_train,5,0,apriori|3|09,"370407, ac370419, ac370442",3,0.99557522123893805,0.040825003013644778,497,497
fixed_train,5,0,apriori|3|09,"370407, ac370419, ac370442",4,0.99557522123893805,0.033077997592208641,497,497
fixed_train,5,0,apriori|3|09,"370407, ac370419, ac370442",5,0.99557522123893805,0.037490088927887522,497,497
fixed_train,5,0,apriori|3|09,"370407, ac370419, ac370442",6,0.99557522123893805,0.03752225389262398,497,497
fixed_train,5,0,apriori|3|09,"370407, ac370419, ac370442",7,0.99557522123893805,0.03534670320203559,497,497
fixed_train,5,0,apriori|3|09,"370407, ac370419, ac370442",8,0.99557522123893805,0.035314515331903773,497,497
fixed_train,5,0,apriori|3|09,"370407, ac370419, ac370442",9,0.99557522123893805,0.033077997592208641,497,497
fixed_train,5,0,apriori|3|10,"370407, ac370442, ac370443",0,0.99557522123893805,0.029830047727919196,496,496
fixed_train,5,0,apriori|3|10,"370407, ac370442, ac370443",1,0.99557522123893805,0.033092185354291259,496,496
fixed_train,5,0,apriori|3|10,"370407, ac370442, ac370443",2,0.99557522123893805,0.030899038210463137,496,496
fixed_train,5,0,apriori|3|10,"370407, ac370442, ac370443",3,0.99557522123893805,0.035314515331903773,496,496
fixed_train,5,0,apriori|3|10,"370407, ac370442, ac370443",4,0.99557522123893805,0.032024888570509558,496,496
fixed_train,5,0,apriori|3|10,"370407, ac370442, ac370443",5,0.99557522123893805,0.025422788606253244,496,496
fixed_train,5,0,apriori|3|10,"370407, ac370442, ac370443",6,0.99557522123893805,0.036364726903091782,496,496
fixed_train,5,0,apriori|3|10,"370407, ac370442, ac370443",7,0.99557522123893805,0.033092185354291259,496,496
fixed_train,5,0,apriori|3|10,"370407, ac370442, ac370443",8,0.99557522123893805,0.03417387326376109,496,496
fixed_train,5,0,apriori|3|10,"370407, ac370442, ac370443",9,0.99557522123893805,0.039696134595726962,496,496
fixed_train,5,0,impressed|1|01,376400,0,0.99557522123893805,0.004432897455655227,276,258
fixed_train,5,0,impressed|1|01,376400,1,0.99557522123893805,0.0055424590760633219,276,258
fixed_train,5,0,impressed|1|01,376400,2,0.99557522123893805,0.0033238799422147247,276,252
fixed_train,5,0,impressed|1|01,376400,3,0.99557522123893805,0.0033238799422147247,276,255
fixed_train,5,0,impressed|1|01,376400,4,0.99557522123893805,0.0066525740455143367,276,256
fixed_train,5,0,impressed|1|01,376400,5,0.99557522123893805,0.0033238799422147247,276,254
fixed_train,5,0,impressed|1|01,376400,6,0.99557522123893805,0.0055424590760633219,276,257
fixed_train,5,0,impressed|1|01,376400,7,0.99557522123893805,0.0033238799422147247,276,258
fixed_train,5,0,impressed|1|01,376400,8,0.99557522123893805,0.0077632516316322731,276,257
fixed_train,5,0,impressed|1|01,376400,9,0.99557522123893805,0.008874501127884793,276,258
fixed_train,5,0,impressed|1|02,ac419100,0,0.99557522123893805,0.044226263665849364,574,476
fixed_train,5,0,impressed|1|02,ac419100,1,0.99557522123893805,0.041868617024912735,574,466
fixed_train,5,0,impressed|1|02,ac419100,2,0.99557522123893805,0.043032309441679129,574,477
fixed_train,5,0,impressed|1|02,ac419100,3,0.99557522123893805,0.036426489280646401,574,474
fixed_train,5,0,impressed|1|02,ac419100,4,0.99557522123893805,0.038617696585610206,574,473
fixed_train,5,0,impressed|1|02,ac419100,5,0.99557522123893805,0.038617696585610206,574,474
fixed_train,5,0,impressed|1|02,ac419100,6,0.99557522123893805,0.039765756753490811,574,474
fixed_train,5,0,impressed|1|02,ac419100,7,0.99557522123893805,0.040807651078995977,574,475
fixed_train,5,0,impressed|1|02,ac419100,8,0.99557522123893805,0.039712826080530061,574,478
fixed_train,5,0,impressed|1|02,ac419100,9,0.99557522123893805,0.033152987667211309,574,464
fixed_train,5,0,impressed|1|03,ac370000,0,0.99557522123893805,0.096528293109749974,628,622
fixed_train,5,0,impressed|1|03,ac370000,1,0.99557522123893805,0.10650591482138916,628,620
fixed_train,5,0,impressed|1|03,ac370000,2,0.99557522123893805,0.10550189949826672,628,623
fixed_train,5,0,impressed|1|03,ac370000,3,0.99557522123893805,0.097760948808872872,628,623
fixed_train,5,0,impressed|1|03,ac370000,4,0.99557522123893805,0.10474399532837841,628,618
fixed_train,5,0,impressed|1|03,ac370000,5,0.99557522123893805,0.10024219021128811,628,624
fixed_train,5,0,impressed|1|03,ac370000,6,0.99557522123893805,0.10466081368938862,628,622
fixed_train,5,0,impressed|1|03,ac370000,7,0.99557522123893805,0.10708117206178414,628,618
fixed_train,5,0,impressed|1|03,ac370000,8,0.99557522123893805,0.10874693893416598,628,618
fixed_train,5,0,impressed|1|03,ac370000,9,0.99557522123893805,0.10209883235634287,628,621
fixed_train,5,0,impressed|1|04,ac415100,0,0.99557522123893805,0.015469332877435571,197,181
fixed_train,5,0,impressed|1|04,ac415100,1,0.99557522123893805,0.014376347186447092,197,181
fixed_train,5,0,impressed|1|04,ac415100,2,0.99557522123893805,0.019911504424778736,197,184
fixed_train,5,0,impressed|1|04,ac415100,3,0.99557522123893805,0.020990092504956204,197,184
fixed_train,5,0,impressed|1|04,ac415100,4,0.99557522123893805,0.027662092337781274,197,188
fixed_train,5,0,impressed|1|04,ac415100,5,0.99557522123893805,0.020979534833669655,197,183
fixed_train,5,0,impressed|1|04,ac415100,6,0.99557522123893805,0.015469332877435571,197,178
fixed_train,5,0,impressed|1|04,ac415100,7,0.99557522123893805,0.020990092504956204,197,183
fixed_train,5,0,impressed|1|04,ac415100,8,0.99557522123893805,0.019890246574879478,197,182
fixed_train,5,0,impressed|1|04,ac415100,9,0.99557522123893805,0.021000926774058515,197,176
fixed_train,5,0,impressed|1|05,ac10307,0,0.99557522123893805,0.012195262683521335,116,97
fixed_train,5,0,impressed|1|05,ac10307,1,0.99557522123893805,0.0077632516316322731,116,99
fixed_train,5,0,impressed|1|05,ac10307,2,0.99557522123893805,0.013307594424200264,116,86
fixed_train,5,0,impressed|1|05,ac10307,3,0.99557522123893805,0.011091047776042529,116,91
fixed_train,5,0,impressed|1|05,ac10307,4,0.99557522123893805,0.011091047776042529,116,90
fixed_train,5,0,impressed|1|05,ac10307,5,0.99557522123893805,0.01442051973540126,116,97
fixed_train,5,0,impressed|1|05,ac10307,6,0.99557522123893805,0.0099863318538805368,116,99
fixed_train,5,0,impressed|1|05,ac10307,7,0.99557522123893805,0.0088680446068298835,116,93
fixed_train,5,0,impressed|1|05,ac10307,8,0.99557522123893805,0.008874501127884793,116,92
fixed_train,5,0,impressed|1|05,ac10307,9,0.99557522123893805,0.008874501127884793,116,97
fixed_train,5,0,impressed|1|06,ac355427,0,0.99557522123893805,0,27,23
fixed_train,5,0,impressed|1|06,ac355427,1,0.99557522123893805,0,27,20
fixed_train,5,0,impressed|1|06,ac355427,2,0.99557522123893805,0,27,22
fixed_train,5,0,impressed|1|06,ac355427,3,0.99557522123893805,0,27,24
fixed_train,5,0,impressed|1|06,ac355427,4,0.99557522123893805,0.0011074403939109745,27,23
fixed_train,5,0,impressed|1|06,ac355427,5,0.99557522123893805,0,27,22
fixed_train,5,0,impressed|1|06,ac355427,6,0.99557522123893805,0.0011074403939109745,27,27
fixed_train,5,0,impressed|1|06,ac355427,7,0.99557522123893805,0,27,25
fixed_train,5,0,impressed|1|06,ac355427,8,0.99557522123893805,0.0011074403939109745,27,25
fixed_train,5,0,impressed|1|06,ac355427,9,0.99557522123893805,0,27,23
fixed_train,5,0,impressed|1|07,337419c,0,0.99557522123893805,0,3,3
fixed_train,5,0,impressed|1|07,337419c,1,0.99557522123893805,0,3,2
fixed_train,5,0,impressed|1|07,337419c,2,0.99557522123893805,0,3,1
fixed_train,5,0,impressed|1|07,337419c,3,0.99557522123893805,0,3,2
fixed_train,5,0,impressed|1|07,337419c,4,0.99557522123893805,0,3,3
fixed_train,5,0,impressed|1|07,337419c,5,0.99557522123893805,0,3,2
fixed_train,5,0,impressed|1|07,337419c,6,0.99557522123893805,0,3,2
fixed_train,5,0,impressed|1|07,337419c,7,0.99557522123893805,0,3,3
fixed_train,5,0,impressed|1|07,337419c,8,0.99557522123893805,0,3,3
fixed_train,5,0,impressed|1|07,337419c,9,0.99557522123893805,0,3,2
fixed_train,5,0,impressed|1|08,ac411100,0,0.99557522123893805,0.022112153471798734,410,375
fixed_train,5,0,impressed|1|08,ac411100,1,0.99557522123893805,0.029874979999770512,410,350
fixed_train,5,0,impressed|1|08,ac411100,2,0.99557522123893805,0.02323631701380291,410,368
fixed_train,5,0,impressed|1|08,ac411100,3,0.99557522123893805,0.030942530818489189,410,358
fixed_train,5,0,impressed|1|08,ac411100,4,0.99557522123893805,0.025435833037922961,410,367
fixed_train,5,0,impressed|1|08,ac411100,5,0.99557522123893805,0.028746386530014045,410,364
fixed_train,5,0,impressed|1|08,ac411100,6,0.99557522123893805,0.023200081310696841,410,369
fixed_train,5,0,impressed|1|08,ac411100,7,0.99557522123893805,0.02433628318584069,410,362
fixed_train,5,0,impressed|1|08,ac411100,8,0.99557522123893805,0.028746386530014045,410,351
fixed_train,5,0,impressed|1|08,ac411100,9,0.99557522123893805,0.029874979999770512,410,362
fixed_train,5,0,impressed|1|09,370407,0,0.99557522123893805,0.021000926774058515,540,521
fixed_train,5,0,impressed|1|09,370407,1,0.99557522123893805,0.024349317585525387,540,521
fixed_train,5,0,impressed|1|09,370407,2,0.99557522123893805,0.027633719522350608,540,522
fixed_train,5,0,impressed|1|09,370407,3,0.99557522123893805,0.023211857690155879,540,514
fixed_train,5,0,impressed|1|09,370407,4,0.99557522123893805,0.032104612268670119,540,528
fixed_train,5,0,impressed|1|09,370407,5,0.99557522123893805,0.02764773020821798,540,518
fixed_train,5,0,impressed|1|09,370407,6,0.99557522123893805,0.017689331432988675,540,520
fixed_train,5,0,impressed|1|09,370407,7,0.99557522123893805,0.032040036533659944,540,526
fixed_train,5,0,impressed|1|09,370407,8,0.99557522123893805,0.013274336283185861,540,517
fixed_train,5,0,impressed|1|09,370407,9,0.99557522123893805,0.025422788606253244,540,517
fixed_train,5,0,impressed|1|10,ac378449,0,0.99557522123893805,0,19,14
fixed_train,5,0,impressed|1|10,ac378449,1,0.99557522123893805,0.0011049641646760922,19,17
fixed_train,5,0,impressed|1|10,ac378449,2,0.99557522123893805,0,19,15
fixed_train,5,0,impressed|1|10,ac378449,3,0.99557522123893805,0.0011074403939109745,19,17
fixed_train,5,0,impressed|1|10,ac378449,4,0.99557522123893805,0.0011049641646760922,19,16
fixed_train,5,0,impressed|1|10,ac378449,5,0.99557522123893805,0,19,14
fixed_train,5,0,impressed|1|10,ac378449,6,0.99557522123893805,0,19,15
fixed_train,5,0,impressed|1|10,ac378449,7,0.99557522123893805,0,19,17
fixed_train,5,0,impressed|1|10,ac378449,8,0.99557522123893805,0,19,12
fixed_train,5,0,impressed|1|10,ac378449,9,0.99557522123893805,0,19,17
fixed_train,5,0,impressed|2|01,"370715a, 376400",0,0.99557522123893805,0.0011074403939109745,249,248
fixed_train,5,0,impressed|2|01,"370715a, 376400",1,0.99557522123893805,0,249,247
fixed_train,5,0,impressed|2|01,"370715a, 376400",2,0.99557522123893805,0.0022153973189196208,249,248
fixed_train,5,0,impressed|2|01,"370715a, 376400",3,0.99557522123893805,0.0011074403939109745,249,248
fixed_train,5,0,impressed|2|01,"370715a, 376400",4,0.99557522123893805,0.0011074403939109745,249,247
fixed_train,5,0,impressed|2|01,"370715a, 376400",5,0.99557522123893805,0,249,247
fixed_train,5,0,impressed|2|01,"370715a, 376400",6,0.99557522123893805,0.0022153973189196208,249,248
fixed_train,5,0,impressed|2|01,"370715a, 376400",7,0.99557522123893805,0,249,246
fixed_train,5,0,impressed|2|01,"370715a, 376400",8,0.99557522123893805,0.0022153973189196208,249,247
fixed_train,5,0,impressed|2|01,"370715a, 376400",9,0.99557522123893805,0,249,247
fixed_train,5,0,impressed|2|02,"370712b, 376400",0,0.99557522123893805,0.0011074403939109745,250,248
fixed_train,5,0,impressed|2|02,"370712b, 376400",1,0.99557522123893805,0,250,246
fixed_train,5,0,impressed|2|02,"370712b, 376400",2,0.99557522123893805,0.0022153973189196208,250,249
fixed_train,5,0,impressed|2|02,"370712b, 376400",3,0.99557522123893805,0.0022153973189196208,250,247
fixed_train,5,0,impressed|2|02,"370712b, 376400",4,0.99557522123893805,0.0022153973189196208,250,246
fixed_train,5,0,impressed|2|02,"370712b, 376400",5,0.99557522123893805,0.0022153973189196208,250,247
fixed_train,5,0,impressed|2|02,"370712b, 376400",6,0.99557522123893805,0.0033238799422147247,250,249
fixed_train,5,0,impressed|2|02,"370712b, 376400",7,0.99557522123893805,0.0022153973189196208,250,246
fixed_train,5,0,impressed|2|02,"370712b, 376400",8,0.99557522123893805,0,250,244
fixed_train,5,0,impressed|2|02,"370712b, 376400",9,0.99557522123893805,0.0033238799422147247,250,248
fixed_train,5,0,impressed|2|03,"ac411100, ac419100",0,0.99557522123893805,0.0254100701164377,347,322
fixed_train,5,0,impressed|2|03,"ac411100, ac419100",1,0.99557522123893805,0.029844650438448084,347,319
fixed_train,5,0,impressed|2|03,"ac411100, ac419100",2,0.99557522123893805,0.028691299649742819,347,314
fixed_train,5,0,impressed|2|03,"ac411100, ac419100",3,0.99557522123893805,0.026508596099125037,347,323
fixed_train,5,0,impressed|2|03,"ac411100, ac419100",4,0.99557522123893805,0.027633719522350608,347,320
fixed_train,5,0,impressed|2|03,"ac411100, ac419100",5,0.99557522123893805,0.028746386530014045,347,316
fixed_train,5,0,impressed|2|03,"ac411100, ac419100",6,0.99557522123893805,0.036460014145141217,347,313
fixed_train,5,0,impressed|2|03,"ac411100, ac419100",7,0.99557522123893805,0.034266512270643035,347,315
fixed_train,5,0,impressed|2|03,"ac411100, ac419100",8,0.99557522123893805,0.026508596099125037,347,311
fixed_train,5,0,impressed|2|03,"ac411100, ac419100",9,0.99557522123893805,0.026521617121045282,347,314
fixed_train,5,0,impressed|2|04,"370401c, ac370000",0,0.99557522123893805,0.032157271261484377,480,477
fixed_train,5,0,impressed|2|04,"370401c, ac370000",1,0.99557522123893805,0.041048466562363162,480,476
fixed_train,5,0,impressed|2|04,"370401c, ac370000",2,0.99557522123893805,0.03986360232252395,480,478
fixed_train,5,0,impressed|2|04,"370401c, ac370000",3,0.99557522123893805,0.03986360232252395,480,476
fixed_train,5,0,impressed|2|04,"370401c, ac370000",4,0.99557522123893805,0.054299367676465815,480,474
fixed_train,5,0,impressed|2|04,"370401c, ac370000",5,0.99557522123893805,0.041025647024525824,480,477
fixed_train,5,0,impressed|2|04,"370401c, ac370000",6,0.99557522123893805,0.044269845825470333,480,477
fixed_train,5,0,impressed|2|04,"370401c, ac370000",7,0.99557522123893805,0.039950680653701331,480,477
fixed_train,5,0,impressed|2|04,"370401c, ac370000",8,0.99557522123893805,0.045388027188572821,480,475
fixed_train,5,0,impressed|2|04,"370401c, ac370000",9,0.99557522123893805,0.036551643458231031,480,477
fixed_train,5,0,impressed|2|05,"ac370000, ac370403",0,0.99557522123893805,0.040981526941397672,491,488
fixed_train,5,0,impressed|2|05,"ac370000, ac370403",1,0.99557522123893805,0.042078021376703467,491,489
fixed_train,5,0,impressed|2|05,"ac370000, ac370403",2,0.99557522123893805,0.048746514710505173,491,490
fixed_train,5,0,impressed|2|05,"ac370000, ac370403",3,0.99557522123893805,0.04429244043088254,491,488
fixed_train,5,0,impressed|2|05,"ac370000, ac370403",4,0.99557522123893805,0.039950680653701331,491,489
fixed_train,5,0,impressed|2|05,"ac370000, ac370403",5,0.99557522123893805,0.040960222215271958,491,487
fixed_train,5,0,impressed|2|05,"ac370000, ac370403",6,0.99557522123893805,0.045365193633694845,491,489
fixed_train,5,0,impressed|2|05,"ac370000, ac370403",7,0.99557522123893805,0.047676928846806965,491,489
fixed_train,5,0,impressed|2|05,"ac370000, ac370403",8,0.99557522123893805,0.04872127853924102,491,490
fixed_train,5,0,impressed|2|05,"ac370000, ac370403",9,0.99557522123893805,0.046460176991150459,491,486
fixed_train,5,0,impressed|2|06,"ac411100, ac415100",0,0.99557522123893805,0.017699115044247815,164,160
fixed_train,5,0,impressed|2|06,"ac411100, ac415100",1,0.99557522123893805,0.023211857690155879,164,159
fixed_train,5,0,impressed|2|06,"ac411100, ac415100",2,0.99557522123893805,0.025422788606253244,164,160
fixed_train,5,0,impressed|2|06,"ac411100, ac415100",3,0.99557522123893805,0.018789995857961039,164,160
fixed_train,5,0,impressed|2|06,"ac411100, ac415100",4,0.99557522123893805,0.022100703423601598,164,159
fixed_train,5,0,impressed|2|06,"ac411100, ac415100",5,0.99557522123893805,0.032055581354545559,164,160
fixed_train,5,0,impressed|2|06,"ac411100, ac415100",6,0.99557522123893805,0.018810541689824545,164,156
fixed_train,5,0,impressed|2|06,"ac411100, ac415100",7,0.99557522123893805,0.028746386530014045,164,159
fixed_train,5,0,impressed|2|06,"ac411100, ac415100",8,0.99557522123893805,0.026508596099125037,164,161
fixed_train,5,0,impressed|2|06,"ac411100, ac415100",9,0.99557522123893805,0.017670488996214484,164,156
fixed_train,5,0,impressed|2|07,"ac415100, ac419100",0,0.99557522123893805,0.01880014152703724,183,172
fixed_train,5,0,impressed|2|07,"ac415100, ac419100",1,0.99557522123893805,0.017699115044247815,183,173
fixed_train,5,0,impressed|2|07,"ac415100, ac419100",2,0.99557522123893805,0.01880014152703724,183,169
fixed_train,5,0,impressed|2|07,"ac415100, ac419100",3,0.99557522123893805,0.019911504424778736,183,165
fixed_train,5,0,impressed|2|07,"ac415100, ac419100",4,0.99557522123893805,0.017679789726157469,183,172
fixed_train,5,0,impressed|2|07,"ac415100, ac419100",5,0.99557522123893805,0.024299069323397426,183,170
fixed_train,5,0,impressed|2|07,"ac415100, ac419100",6,0.99557522123893805,0.023223935867627499,183,167
fixed_train,5,0,impressed|2|07,"ac415100, ac419100",7,0.99557522123893805,0.025397676328405616,183,174
fixed_train,5,0,impressed|2|07,"ac415100, ac419100",8,0.99557522123893805,0.026534975510608905,183,170
fixed_train,5,0,impressed|2|07,"ac415100, ac419100",9,0.99557522123893805,0.017699115044247815,183,167
fixed_train,5,0,impressed|2|08,"ac10307, ac419100",0,0.99557522123893805,0.0099589910418678151,98,96
fixed_train,5,0,impressed|2|08,"ac10307, ac419100",1,0.99557522123893805,0.011061946902654829,98,94
fixed_train,5,0,impressed|2|08,"ac10307, ac419100",2,0.99557522123893805,0.0066421813722409295,98,94
fixed_train,5,0,impressed|2|08,"ac10307, ac419100",3,0.99557522123893805,0.0055332157178894503,98,91
fixed_train,5,0,impressed|2|08,"ac10307, ac419100",4,0.99557522123893805,0.0099723425592300741,98,97
fixed_train,5,0,impressed|2|08,"ac10307, ac419100",5,0.99557522123893805,0.0055377824288651567,98,95
fixed_train,5,0,impressed|2|08,"ac10307, ac419100",6,0.99557522123893805,0.0077516849155153666,98,96
fixed_train,5,0,impressed|2|08,"ac10307, ac419100",7,0.99557522123893805,0.0099589910418678151,98,91
fixed_train,5,0,impressed|2|08,"ac10307, ac419100",8,0.99557522123893805,0.0055332157178894503,98,93
fixed_train,5,0,impressed|2|08,"ac10307, ac419100",9,0.99557522123893805,0.011083515168145097,98,95
fixed_train,5,0,impressed|2|09,"ac10307, ac411100",0,0.99557522123893805,0.012179489888816231,109,106
fixed_train,5,0,impressed|2|09,"ac10307, ac411100",1,0.99557522123893805,0.007730159670511827,109,102
fixed_train,5,0,impressed|2|09,"ac10307, ac411100",2,0.99557522123893805,0.012187284300813506,109,102
fixed_train,5,0,impressed|2|09,"ac10307, ac411100",3,0.99557522123893805,0.011068965425562016,109,103
fixed_train,5,0,impressed|2|09,"ac10307, ac411100",4,0.99557522123893805,0.012171878703856942,109,108
fixed_train,5,0,impressed|2|09,"ac10307, ac411100",5,0.99557522123893805,0.013290573672372519,109,104
fixed_train,5,0,impressed|2|09,"ac10307, ac411100",6,0.99557522123893805,0.015524141072358222,109,105
fixed_train,5,0,impressed|2|09,"ac10307, ac411100",7,0.99557522123893805,0.0066421813722409295,109,106
fixed_train,5,0,impressed|2|09,"ac10307, ac411100",8,0.99557522123893805,0.0099792571575769706,109,103
fixed_train,5,0,impressed|2|09,"ac10307, ac411100",9,0.99557522123893805,0.011083515168145097,109,104
fixed_train,5,0,impressed|2|10,"ac355201, ac415100",0,0.99557522123893805,0.0022123893805309214,23,22
fixed_train,5,0,impressed|2|10,"ac355201, ac415100",1,0.99557522123893805,0.0022123893805309214,23,23
fixed_train,5,0,impressed|2|10,"ac355201, ac415100",2,0.99557522123893805,0.0011074403939109745,23,21
fixed_train,5,0,impressed|2|10,"ac355201, ac415100",3,0.99557522123893805,0.0011074403939109745,23,23
fixed_train,5,0,impressed|2|10,"ac355201, ac415100",4,0.99557522123893805,0.0011049641646760922,23,23
fixed_train,5,0,impressed|2|10,"ac355201, ac415100",5,0.99557522123893805,0.0011049641646760922,23,23
fixed_train,5,0,impressed|2|10,"ac355201, ac415100",6,0.99557522123893805,0.0011049641646760922,23,23
fixed_train,5,0,impressed|2|10,"ac355201, ac415100",7,0.99557522123893805,0,23,23
fixed_train,5,0,impressed|2|10,"ac355201, ac415100",8,0.99557522123893805,0.0022123893805309214,23,23
fixed_train,5,0,impressed|2|10,"ac355201, ac415100",9,0.99557522123893805,0,23,23
fixed_train,5,0,impressed|3|01,"376400, 377498a, ac372417",0,0.99557522123893805,0,240,239
fixed_train,5,0,impressed|3|01,"376400, 377498a, ac372417",1,0.99557522123893805,0,240,238
fixed_train,5,0,impressed|3|01,"376400, 377498a, ac372417",2,0.99557522123893805,0.0011074403939109745,240,237
fixed_train,5,0,impressed|3|01,"376400, 377498a, ac372417",3,0.99557522123893805,0,240,239
fixed_train,5,0,impressed|3|01,"376400, 377498a, ac372417",4,0.99557522123893805,0.0022153973189196208,240,240
fixed_train,5,0,impressed|3|01,"376400, 377498a, ac372417",5,0.99557522123893805,0.0022153973189196208,240,237
fixed_train,5,0,impressed|3|01,"376400, 377498a, ac372417",6,0.99557522123893805,0.0011074403939109745,240,239
fixed_train,5,0,impressed|3|01,"376400, 377498a, ac372417",7,0.99557522123893805,0,240,237
fixed_train,5,0,impressed|3|01,"376400, 377498a, ac372417",8,0.99557522123893805,0,240,238
fixed_train,5,0,impressed|3|01,"376400, 377498a, ac372417",9,0.99557522123893805,0.0011074403939109745,240,236
fixed_train,5,0,impressed|3|02,"ac411100, ac415100, ac419100",0,0.99557522123893805,0.019911504424778736,148,143
fixed_train,5,0,impressed|3|02,"ac411100, ac415100, ac419100",1,0.99557522123893805,0.024311160272323384,148,144
fixed_train,5,0,impressed|3|02,"ac411100, ac415100, ac419100",2,0.99557522123893805,0.022089542547669816,148,144
fixed_train,5,0,impressed|3|02,"ac411100, ac415100, ac419100",3,0.99557522123893805,0.023200081310696841,148,141
fixed_train,5,0,impressed|3|02,"ac411100, ac415100, ac419100",4,0.99557522123893805,0.02433628318584069,148,145
fixed_train,5,0,impressed|3|02,"ac411100, ac415100, ac419100",5,0.99557522123893805,0.025397676328405616,148,143
fixed_train,5,0,impressed|3|02,"ac411100, ac415100, ac419100",6,0.99557522123893805,0.024311160272323384,148,143
fixed_train,5,0,impressed|3|02,"ac411100, ac415100, ac419100",7,0.99557522123893805,0.026508596099125037,148,144
fixed_train,5,0,impressed|3|02,"ac411100, ac415100, ac419100",8,0.99557522123893805,0.02433628318584069,148,145
fixed_train,5,0,impressed|3|02,"ac411100, ac415100, ac419100",9,0.99557522123893805,0.02101203869733248,148,141
fixed_train,5,0,impressed|3|03,"ac10307, ac411100, ac419100",0,0.99557522123893805,0.0088555733989014174,92,91
fixed_train,5,0,impressed|3|03,"ac10307, ac411100, ac419100",1,0.99557522123893805,0.0077516849155153666,92,91
fixed_train,5,0,impressed|3|03,"ac10307, ac411100, ac419100",2,0.99557522123893805,0.0077406556755615918,92,89
fixed_train,5,0,impressed|3|03,"ac10307, ac411100, ac419100",3,0.99557522123893805,0.0066371681415928752,92,86
fixed_train,5,0,impressed|3|03,"ac10307, ac411100, ac419100",4,0.99557522123893805,0.0088680446068298835,92,90
fixed_train,5,0,impressed|3|03,"ac10307, ac411100, ac419100",5,0.99557522123893805,0.0088617355640138173,92,89
fixed_train,5,0,impressed|3|03,"ac10307, ac411100, ac419100",6,0.99557522123893805,0.011076154618193113,92,87
fixed_train,5,0,impressed|3|03,"ac10307, ac411100, ac419100",7,0.99557522123893805,0.0055377824288651567,92,91
fixed_train,5,0,impressed|3|03,"ac10307, ac411100, ac419100",8,0.99557522123893805,0.012179489888816231,92,87
fixed_train,5,0,impressed|3|03,"ac10307, ac411100, ac419100",9,0.99557522123893805,0.011068965425562016,92,91
fixed_train,5,0,impressed|3|04,"ac356134, ac411100, ac419100",0,0.99557522123893805,0.0044170486338258597,47,47
fixed_train,5,0,impressed|3|04,"ac356134, ac411100, ac419100",1,0.99557522123893805,0.0033134794452791549,47,47
fixed_train,5,0,impressed|3|04,"ac356134, ac411100, ac419100",2,0.99557522123893805,0.0055244103613765194,47,46
fixed_train,5,0,impressed|3|04,"ac356134, ac411100, ac419100",3,0.99557522123893805,0.002209454297153246,47,47
fixed_train,5,0,impressed|3|04,"ac356134, ac411100, ac419100",4,0.99557522123893805,0.0033168613349713327,47,47
fixed_train,5,0,impressed|3|04,"ac356134, ac411100, ac419100",5,0.99557522123893805,0.0044170486338258597,47,47
fixed_train,5,0,impressed|3|04,"ac356134, ac411100, ac419100",6,0.99557522123893805,0.0044170486338258597,47,47
fixed_train,5,0,impressed|3|04,"ac356134, ac411100, ac419100",7,0.99557522123893805,0.005520170864771301,47,47
fixed_train,5,0,impressed|3|04,"ac356134, ac411100, ac419100",8,0.99557522123893805,0.002209454297153246,47,47
fixed_train,5,0,impressed|3|04,"ac356134, ac411100, ac419100",9,0.99557522123893805,0.002209454297153246,47,47
fixed_train,5,0,impressed|3|05,"ac355201, ac415100, ac419100",0,0.99557522123893805,0,23,23
fixed_train,5,0,impressed|3|05,"ac355201, ac415100, ac419100",1,0.99557522123893805,0.0011074403939109745,23,23
fixed_train,5,0,impressed|3|05,"ac355201, ac415100, ac419100",2,0.99557522123893805,0.002209454297153246,23,23
fixed_train,5,0,impressed|3|05,"ac355201, ac415100, ac419100",3,0.99557522123893805,0,23,23
fixed_train,5,0,impressed|3|05,"ac355201, ac415100, ac419100",4,0.99557522123893805,0,23,23
fixed_train,5,0,impressed|3|05,"ac355201, ac415100, ac419100",5,0.99557522123893805,0.0022123893805309214,23,23
fixed_train,5,0,impressed|3|05,"ac355201, ac415100, ac419100",6,0.99557522123893805,0.0011049641646760922,23,23
fixed_train,5,0,impressed|3|05,"ac355201, ac415100, ac419100",7,0.99557522123893805,0.0011049641646760922,23,23
fixed_train,5,0,impressed|3|05,"ac355201, ac415100, ac419100",8,0.99557522123893805,0.0011049641646760922,23,22
fixed_train,5,0,impressed|3|05,"ac355201, ac415100, ac419100",9,0.99557522123893805,0.0011049641646760922,23,22
fixed_train,5,0,impressed|3|06,"ac355201, ac411100, ac419100",0,0.99557522123893805,0.0033203280559001014,28,28
fixed_train,5,0,impressed|3|06,"ac355201, ac411100, ac419100",1,0.99557522123893805,0.0011074403939109745,28,28
fixed_train,5,0,impressed|3|06,"ac355201, ac411100, ac419100",2,0.99557522123893805,0.0066371681415928752,28,28
fixed_train,5,0,impressed|3|06,"ac355201, ac411100, ac419100",3,0.99557522123893805,0.0033203280559001014,28,28
fixed_train,5,0,impressed|3|06,"ac355201, ac411100, ac419100",4,0.99557522123893805,0.0066371681415928752,28,28
fixed_train,5,0,impressed|3|06,"ac355201, ac411100, ac419100",5,0.99557522123893805,0.0044247787610619538,28,28
fixed_train,5,0,impressed|3|06,"ac355201, ac411100, ac419100",6,0.99557522123893805,0.0033238799422147247,28,28
fixed_train,5,0,impressed|3|06,"ac355201, ac411100, ac419100",7,0.99557522123893805,0.0044247787610619538,28,27
fixed_train,5,0,impressed|3|06,"ac355201, ac411100, ac419100",8,0.99557522123893805,0.0044247787610619538,28,28
fixed_train,5,0,impressed|3|06,"ac355201, ac411100, ac419100",9,0.99557522123893805,0.0055332157178894503,28,28
fixed_train,5,0,impressed|3|07,"ac355427, ac411100, ac419100",0,0.99557522123893805,0.0022123893805309214,18,18
fixed_train,5,0,impressed|3|07,"ac355427, ac411100, ac419100",1,0.99557522123893805,0.0011074403939109745,18,18
fixed_train,5,0,impressed|3|07,"ac355427, ac411100, ac419100",2,0.99557522123893805,0.0022123893805309214,18,17
fixed_train,5,0,impressed|3|07,"ac355427, ac411100, ac419100",3,0.99557522123893805,0,18,18
fixed_train,5,0,impressed|3|07,"ac355427, ac411100, ac419100",4,0.99557522123893805,0.0011074403939109745,18,17
fixed_train,5,0,impressed|3|07,"ac355427, ac411100, ac419100",5,0.99557522123893805,0.0022123893805309214,18,18
fixed_train,5,0,impressed|3|07,"ac355427, ac411100, ac419100",6,0.99557522123893805,0.0033168613349713327,18,18
fixed_train,5,0,impressed|3|07,"ac355427, ac411100, ac419100",7,0.99557522123893805,0.0011074403939109745,18,18
fixed_train,5,0,impressed|3|07,"ac355427, ac411100, ac419100",8,0.99557522123893805,0.0022123893805309214,18,18
fixed_train,5,0,impressed|3|07,"ac355427, ac411100, ac419100",9,0.99557522123893805,0.0022123893805309214,18,17
fixed_train,5,0,impressed|3|08,"376400, ac370000, ac411100",0,0.99557522123893805,0.0055424590760633219,16,16
fixed_train,5,0,impressed|3|08,"376400, ac370000, ac411100",1,0.99557522123893805,0.004432897455655227,16,16
fixed_train,5,0,impressed|3|08,"376400, ac370000, ac411100",2,0.99557522123893805,0.004432897455655227,16,15
fixed_train,5,0,impressed|3|08,"376400, ac370000, ac411100",3,0.99557522123893805,0.0055424590760633219,16,15
fixed_train,5,0,impressed|3|08,"376400, ac370000, ac411100",4,0.99557522123893805,0.0066525740455143367,16,15
fixed_train,5,0,impressed|3|08,"376400, ac370000, ac411100",5,0.99557522123893805,0.0055424590760633219,16,16
fixed_train,5,0,impressed|3|08,"376400, ac370000, ac411100",6,0.99557522123893805,0.004432897455655227,16,16
fixed_train,5,0,impressed|3|08,"376400, ac370000, ac411100",7,0.99557522123893805,0.0066525740455143367,16,16
fixed_train,5,0,impressed|3|08,"376400, ac370000, ac411100",8,0.99557522123893805,0.004432897455655227,16,16
fixed_train,5,0,impressed|3|08,"376400, ac370000, ac411100",9,0.99557522123893805,0.0055424590760633219,16,16
fixed_train,5,0,impressed|3|09,"376400, ac370419, ac378452",0,0.99557522123893805,0,3,2
fixed_train,5,0,impressed|3|09,"376400, ac370419, ac378452",1,0.99557522123893805,0,3,2
fixed_train,5,0,impressed|3|09,"376400, ac370419, ac378452",2,0.99557522123893805,0,3,3
fixed_train,5,0,impressed|3|09,"376400, ac370419, ac378452",3,0.99557522123893805,0,3,3
fixed_train,5,0,impressed|3|09,"376400, ac370419, ac378452",4,0.99557522123893805,0,3,3
fixed_train,5,0,impressed|3|09,"376400, ac370419, ac378452",5,0.99557522123893805,0,3,3
fixed_train,5,0,impressed|3|09,"376400, ac370419, ac378452",6,0.99557522123893805,0,3,3
fixed_train,5,0,impressed|3|09,"376400, ac370419, ac378452",7,0.99557522123893805,0,3,2
fixed_train,5,0,impressed|3|09,"376400, ac370419, ac378452",8,0.99557522123893805,0,3,2
fixed_train,5,0,impressed|3|09,"376400, ac370419, ac378452",9,0.99557522123893805,0,3,1
fixed_train,5,0,impressed|3|10,"ac410500, ac411100, ac415100",0,0.99557522123893805,0.002209454297153246,11,11
fixed_train,5,0,impressed|3|10,"ac410500, ac411100, ac415100",1,0.99557522123893805,0.0033168613349713327,11,11
fixed_train,5,0,impressed|3|10,"ac410500, ac411100, ac415100",2,0.99557522123893805,0.0033168613349713327,11,11
fixed_train,5,0,impressed|3|10,"ac410500, ac411100, ac415100",3,0.99557522123893805,0.0033168613349713327,11,11
fixed_train,5,0,impressed|3|10,"ac410500, ac411100, ac415100",4,0.99557522123893805,0.0033168613349713327,11,11
fixed_train,5,0,impressed|3|10,"ac410500, ac411100, ac415100",5,0.99557522123893805,0.0011049641646760922,11,11
fixed_train,5,0,impressed|3|10,"ac410500, ac411100, ac415100",6,0.99557522123893805,0.0011049641646760922,11,11
fixed_train,5,0,impressed|3|10,"ac410500, ac411100, ac415100",7,0.99557522123893805,0.0044170486338258597,11,11
fixed_train,5,0,impressed|3|10,"ac410500, ac411100, ac415100",8,0.99557522123893805,0.002209454297153246,11,11
fixed_train,5,0,impressed|3|10,"ac410500, ac411100, ac415100",9,0.99557522123893805,0.0033134794452791549,11,11
fixed_test,5,1,apriori|1|01,ac370000,0,0.87471701996295537,0.00071934660718642185,163,162
fixed_test,5,1,apriori|1|01,ac370000,1,0.87471701996295537,-0.009528231707267576,163,162
fixed_test,5,1,apriori|1|01,ac370000,2,0.87471701996295537,-0.01410672066819485,163,162
fixed_test,5,1,apriori|1|01,ac370000,3,0.87471701996295537,-0.022763571711431951,163,162
fixed_test,5,1,apriori|1|01,ac370000,4,0.87471701996295537,-0.01410672066819485,163,163
fixed_test,5,1,apriori|1|01,ac370000,5,0.87471701996295537,-0.0092493498158020548,163,161
fixed_test,5,1,apriori|1|01,ac370000,6,0.87471701996295537,-0.009528231707267576,163,162
fixed_test,5,1,apriori|1|01,ac370000,7,0.87471701996295537,0.0086019779105429572,163,163
fixed_test,5,1,apriori|1|01,ac370000,8,0.87471701996295537,-0.00032368595262943778,163,162
fixed_test,5,1,apriori|1|01,ac370000,9,0.87471701996295537,-0.013270724621844976,163,161
fixed_test,5,1,apriori|1|02,ac419100,0,0.87471701996295537,0.0036814808308210933,145,123
fixed_test,5,1,apriori|1|02,ac419100,1,0.87471701996295537,0.0036814808308210933,145,123
fixed_test,5,1,apriori|1|02,ac419100,2,0.87471701996295537,0.021156036031674375,145,125
fixed_test,5,1,apriori|1|02,ac419100,3,0.87471701996295537,0.0039806217648147291,145,125
fixed_test,5,1,apriori|1|02,ac419100,4,0.87471701996295537,0.021469682329837037,145,116
fixed_test,5,1,apriori|1|02,ac419100,5,0.87471701996295537,0.012895352923563697,145,121
fixed_test,5,1,apriori|1|02,ac419100,6,0.87471701996295537,0.030363783079344953,145,116
fixed_test,5,1,apriori|1|02,ac419100,7,0.87471701996295537,0.0036814808308210933,145,125
fixed_test,5,1,apriori|1|02,ac419100,8,0.87471701996295537,0.007982951597891641,145,121
fixed_test,5,1,apriori|1|02,ac419100,9,0.87471701996295537,0.016867347040220637,145,118
fixed_test,5,1,apriori|1|03,370407,0,0.87471701996295537,-0.017897568576720646,141,134
fixed_test,5,1,apriori|1|03,370407,1,0.87471701996295537,-0.003962979171091785,141,140
fixed_test,5,1,apriori|1|03,370407,2,0.87471701996295537,0.004303716089644416,141,140
fixed_test,5,1,apriori|1|03,370407,3,0.87471701996295537,-0.00032368595262943778,141,140
fixed_test,5,1,apriori|1|03,370407,4,0.87471701996295537,-0.013570310962312648,141,136
fixed_test,5,1,apriori|1|03,370407,5,0.87471701996295537,-0.0046332974363342272,141,137
fixed_test,5,1,apriori|1|03,370407,6,0.87471701996295537,0,141,138
fixed_test,5,1,apriori|1|03,370407,7,0.87471701996295537,0,141,136
fixed_test,5,1,apriori|1|03,370407,8,0.87471701996295537,0,141,136
fixed_test,5,1,apriori|1|03,370407,9,0.87471701996295537,0.008948784288360323,141,137
fixed_test,5,1,apriori|1|04,ac370419,0,0.87471701996295537,-0.0043097441886291721,142,139
fixed_test,5,1,apriori|1|04,ac370419,1,0.87471701996295537,-0.01817501367897445,142,139
fixed_test,5,1,apriori|1|04,ac370419,2,0.87471701996295537,0,142,135
fixed_test,5,1,apriori|1|04,ac370419,3,0.87471701996295537,-0.003962979171091785,142,137
fixed_test,5,1,apriori|1|04,ac370419,4,0.87471701996295537,0.00034750940218808424,142,138
fixed_test,5,1,apriori|1|04,ac370419,5,0.87471701996295537,-0.0043097441886291721,142,131
fixed_test,5,1,apriori|1|04,ac370419,6,0.87471701996295537,0.00034750940218808424,142,135
fixed_test,5,1,apriori|1|04,ac370419,7,0.87471701996295537,-0.008948784288360323,142,135
fixed_test,5,1,apriori|1|04,ac370419,8,0.87471701996295537,-0.008948784288360323,142,135
fixed_test,5,1,apriori|1|04,ac370419,9,0.87471701996295537,-0.0049341093939342384,142,138
fixed_test,5,1,apriori|1|05,ac370443,0,0.87471701996295537,0.0046512362445867428,138,133
fixed_test,5,1,apriori|1|05,ac370443,1,0.87471701996295537,-0.0043097441886291721,138,132
fixed_test,5,1,apriori|1|05,ac370443,2,0.87471701996295537,0.00034750940218808424,138,132
fixed_test,5,1,apriori|1|05,ac370443,3,0.87471701996295537,-0.0092493498158020548,138,133
fixed_test,5,1,apriori|1|05,ac370443,4,0.87471701996295537,-0.008948784288360323,138,135
fixed_test,5,1,apriori|1|05,ac370443,5,0.87471701996295537,-0.0092493498158020548,138,136
fixed_test,5,1,apriori|1|05,ac370443,6,0.87471701996295537,-0.008948784288360323,138,130
fixed_test,5,1,apriori|1|05,ac370443,7,0.87471701996295537,-0.013270724621844976,138,136
fixed_test,5,1,apriori|1|05,ac370443,8,0.87471701996295537,-0.0086260969863285464,138,136
fixed_test,5,1,apriori|1|05,ac370443,9,0.87471701996295537,-0.008948784288360323,138,133
fixed_test,5,1,apriori|1|06,ac370442,0,0.87471701996295537,-0.0043097441886291721,136,131
fixed_test,5,1,apriori|1|06,ac370442,1,0.87471701996295537,-0.003962979171091785,136,130
fixed_test,5,1,apriori|1|06,ac370442,2,0.87471701996295537,-0.013270724621844976,136,129
fixed_test,5,1,apriori|1|06,ac370442,3,0.87471701996295537,-0.0043097441886291721,136,132
fixed_test,5,1,apriori|1|06,ac370442,4,0.87471701996295537,-0.013270724621844976,136,133
fixed_test,5,1,apriori|1|06,ac370442,5,0.87471701996295537,0,136,128
fixed_test,5,1,apriori|1|06,ac370442,6,0.87471701996295537,0.0046512362445867428,136,129
fixed_test,5,1,apriori|1|06,ac370442,7,0.87471701996295537,-0.008948784288360323,136,134
fixed_test,5,1,apriori|1|06,ac370442,8,0.87471701996295537,-0.0043097441886291721,136,134
fixed_test,5,1,apriori|1|06,ac370442,9,0.87471701996295537,-0.0043097441886291721,136,130
fixed_test,5,1,apriori|1|07,370712b,0,0.87471701996295537,0,131,126
fixed_test,5,1,apriori|1|07,370712b,1,0.87471701996295537,-0.0043097441886291721,131,128
fixed_test,5,1,apriori|1|07,370712b,2,0.87471701996295537,0,131,124
fixed_test,5,1,apriori|1|07,370712b,3,0.87471701996295537,-0.008948784288360323,131,126
fixed_test,5,1,apriori|1|07,370712b,4,0.87471701996295537,-0.0043097441886291721,131,127
fixed_test,5,1,apriori|1|07,370712b,5,0.87471701996295537,-0.013570310962312648,131,127
fixed_test,5,1,apriori|1|07,370712b,6,0.87471701996295537,-0.008948784288360323,131,128
fixed_test,5,1,apriori|1|07,370712b,7,0.87471701996295537,0,131,125
fixed_test,5,1,apriori|1|07,370712b,8,0.87471701996295537,-0.008948784288360323,131,127
fixed_test,5,1,apriori|1|07,370712b,9,0.87471701996295537,0,131,125
fixed_test,5,1,apriori|1|08,370715a,0,0.87471701996295537,-0.008948784288360323,129,123
fixed_test,5,1,apriori|1|08,370715a,1,0.87471701996295537,-0.0043097441886291721,129,121
fixed_test,5,1,apriori|1|08,370715a,2,0.87471701996295537,-0.0046332974363342272,129,123
fixed_test,5,1,apriori|1|08,370715a,3,0.87471701996295537,0,129,122
fixed_test,5,1,apriori|1|08,370715a,4,0.87471701996295537,-0.008948784288360323,129,125
fixed_test,5,1,apriori|1|08,370715a,5,0.87471701996295537,-0.008948784288360323,129,124
fixed_test,5,1,apriori|1|08,370715a,6,0.87471701996295537,0,129,122
fixed_test,5,1,apriori|1|08,370715a,7,0.87471701996295537,0,129,124
fixed_test,5,1,apriori|1|08,370715a,8,0.87471701996295537,0.00034750940218808424,129,127
fixed_test,5,1,apriori|1|08,370715a,9,0.87471701996295537,0.004303716089644416,129,124
fixed_test,5,1,apriori|1|09,ac370403,0,0.87471701996295537,0.008948784288360323,131,124
fixed_test,5,1,apriori|1|09,ac370403,1,0.87471701996295537,0.0050236875597196029,131,124
fixed_test,5,1,apriori|1|09,ac370403,2,0.87471701996295537,0.00034750940218808424,131,126
fixed_test,5,1,apriori|1|09,ac370403,3,0.87471701996295537,-0.008948784288360323,131,127
fixed_test,5,1,apriori|1|09,ac370403,4,0.87471701996295537,-0.0046332974363342272,131,124
fixed_test,5,1,apriori|1|09,ac370403,5,0.87471701996295537,0,131,122
fixed_test,5,1,apriori|1|09,ac370403,6,0.87471701996295537,-0.008948784288360323,131,123
fixed_test,5,1,apriori|1|09,ac370403,7,0.87471701996295537,0,131,124
fixed_test,5,1,apriori|1|09,ac370403,8,0.87471701996295537,-0.0046332974363342272,131,124
fixed_test,5,1,apriori|1|09,ac370403,9,0.87471701996295537,-0.008948784288360323,131,115
fixed_test,5,1,apriori|1|10,370488e,0,0.87471701996295537,0,127,123
fixed_test,5,1,apriori|1|10,370488e,1,0.87471701996295537,0.0046512362445867428,127,124
fixed_test,5,1,apriori|1|10,370488e,2,0.87471701996295537,0.0046512362445867428,127,120
fixed_test,5,1,apriori|1|10,370488e,3,0.87471701996295537,0.0046512362445867428,127,122
fixed_test,5,1,apriori|1|10,370488e,4,0.87471701996295537,0,127,123
fixed_test,5,1,apriori|1|10,370488e,5,0.87471701996295537,-0.0046332974363342272,127,116
fixed_test,5,1,apriori|1|10,370488e,6,0.87471701996295537,-0.0092493498158020548,127,121
fixed_test,5,1,apriori|1|10,370488e,7,0.87471701996295537,-0.0046332974363342272,127,121
fixed_test,5,1,apriori|1|10,370488e,8,0.87471701996295537,-0.0046332974363342272,127,122
fixed_test,5,1,apriori|1|10,370488e,9,0.87471701996295537,-0.0046332974363342272,127,125
fixed_test,5,1,apriori|2|01,"370407, ac370000",0,0.87471701996295537,-0.026573309763361808,141,140
fixed_test,5,1,apriori|2|01,"370407, ac370000",1,0.87471701996295537,-0.013570310962312648,141,141
fixed_test,5,1,apriori|2|01,"370407, ac370000",2,0.87471701996295537,-0.0092493498158020548,141,139
fixed_test,5,1,apriori|2|01,"370407, ac370000",3,0.87471701996295537,-0.00032368595262943778,141,141
fixed_test,5,1,apriori|2|01,"370407, ac370000",4,0.87471701996295537,0.008948784288360323,141,139
fixed_test,5,1,apriori|2|01,"370407, ac370000",5,0.87471701996295537,-0.0052126199186868227,141,141
fixed_test,5,1,apriori|2|01,"370407, ac370000",6,0.87471701996295537,-0.0046332974363342272,141,139
fixed_test,5,1,apriori|2|01,"370407, ac370000",7,0.87471701996295537,-0.01817501367897445,141,141
fixed_test,5,1,apriori|2|01,"370407, ac370000",8,0.87471701996295537,-0.022763571711431951,141,141
fixed_test,5,1,apriori|2|01,"370407, ac370000",9,0.87471701996295537,-0.0046332974363342272,141,141
fixed_test,5,1,apriori|2|02,"ac370000, ac370419",0,0.87471701996295537,-0.013270724621844976,142,142
fixed_test,5,1,apriori|2|02,"ac370000, ac370419",1,0.87471701996295537,-0.02250732448829118,142,142
fixed_test,5,1,apriori|2|02,"ac370000, ac370419",2,0.87471701996295537,-0.013270724621844976,142,142
fixed_test,5,1,apriori|2|02,"ac370000, ac370419",3,0.87471701996295537,-0.0092493498158020548,142,142
fixed_test,5,1,apriori|2|02,"ac370000, ac370419",4,0.87471701996295537,-0.008948784288360323,142,142
fixed_test,5,1,apriori|2|02,"ac370000, ac370419",5,0.87471701996295537,-0.017280985770560808,142,141
fixed_test,5,1,apriori|2|02,"ac370000, ac370419",6,0.87471701996295537,-0.013570310962312648,142,141
fixed_test,5,1,apriori|2|02,"ac370000, ac370419",7,0.87471701996295537,-0.013570310962312648,142,141
fixed_test,5,1,apriori|2|02,"ac370000, ac370419",8,0.87471701996295537,-0.0086260969863285464,142,142
fixed_test,5,1,apriori|2|02,"ac370000, ac370419",9,0.87471701996295537,-0.013570310962312648,142,142
fixed_test,5,1,apriori|2|03,"ac370000, ac370443",0,0.87471701996295537,-0.013270724621844976,138,138
fixed_test,5,1,apriori|2|03,"ac370000, ac370443",1,0.87471701996295537,-0.0086260969863285464,138,137
fixed_test,5,1,apriori|2|03,"ac370000, ac370443",2,0.87471701996295537,-0.022231705055061002,138,137
fixed_test,5,1,apriori|2|03,"ac370000, ac370443",3,0.87471701996295537,-0.0043097441886291721,138,137
fixed_test,5,1,apriori|2|03,"ac370000, ac370443",4,0.87471701996295537,-0.0043097441886291721,138,138
fixed_test,5,1,apriori|2|03,"ac370000, ac370443",5,0.87471701996295537,-0.013848840552683206,138,138
fixed_test,5,1,apriori|2|03,"ac370000, ac370443",6,0.87471701996295537,-0.017897568576720646,138,138
fixed_test,5,1,apriori|2|03,"ac370000, ac370443",7,0.87471701996295537,0.0036814808308210933,138,136
fixed_test,5,1,apriori|2|03,"ac370000, ac370443",8,0.87471701996295537,-0.017599703374845066,138,137
fixed_test,5,1,apriori|2|03,"ac370000, ac370443",9,0.87471701996295537,-0.009528231707267576,138,137
fixed_test,5,1,apriori|2|04,"ac370419, ac370443",0,0.87471701996295537,-0.012949645901903173,138,138
fixed_test,5,1,apriori|2|04,"ac370419, ac370443",1,0.87471701996295537,-0.008948784288360323,138,138
fixed_test,5,1,apriori|2|04,"ac370419, ac370443",2,0.87471701996295537,-0.0086260969863285464,138,138
fixed_test,5,1,apriori|2|04,"ac370419, ac370443",3,0.87471701996295537,-0.0043097441886291721,138,138
fixed_test,5,1,apriori|2|04,"ac370419, ac370443",4,0.87471701996295537,-0.008948784288360323,138,137
fixed_test,5,1,apriori|2|04,"ac370419, ac370443",5,0.87471701996295537,-0.003962979171091785,138,138
fixed_test,5,1,apriori|2|04,"ac370419, ac370443",6,0.87471701996295537,-0.0043097441886291721,138,138
fixed_test,5,1,apriori|2|04,"ac370419, ac370443",7,0.87471701996295537,0,138,138
fixed_test,5,1,apriori|2|04,"ac370419, ac370443",8,0.87471701996295537,-0.0082808195816871377,138,138
fixed_test,5,1,apriori|2|04,"ac370419, ac370443",9,0.87471701996295537,-0.017897568576720646,138,137
fixed_test,5,1,apriori|2|05,"370407, ac370419",0,0.87471701996295537,-0.013570310962312648,135,135
fixed_test,5,1,apriori|2|05,"370407, ac370419",1,0.87471701996295537,-0.013570310962312648,135,135
fixed_test,5,1,apriori|2|05,"370407, ac370419",2,0.87471701996295537,-0.02250732448829118,135,135
fixed_test,5,1,apriori|2|05,"370407, ac370419",3,0.87471701996295537,-0.0049341093939342384,135,134
fixed_test,5,1,apriori|2|05,"370407, ac370419",4,0.87471701996295537,-0.0092493498158020548,135,134
fixed_test,5,1,apriori|2|05,"370407, ac370419",5,0.87471701996295537,-0.013848840552683206,135,135
fixed_test,5,1,apriori|2|05,"370407, ac370419",6,0.87471701996295537,0,135,135
fixed_test,5,1,apriori|2|05,"370407, ac370419",7,0.87471701996295537,-0.008948784288360323,135,135
fixed_test,5,1,apriori|2|05,"370407, ac370419",8,0.87471701996295537,-0.013270724621844976,135,134
fixed_test,5,1,apriori|2|05,"370407, ac370419",9,0.87471701996295537,-0.0092493498158020548,135,134
fixed_test,5,1,apriori|2|06,"ac370000, ac370442",0,0.87471701996295537,0.0046512362445867428,136,136
fixed_test,5,1,apriori|2|06,"ac370000, ac370442",1,0.87471701996295537,-0.013270724621844976,136,136
fixed_test,5,1,apriori|2|06,"ac370000, ac370442",2,0.87471701996295537,-0.0043097441886291721,136,135
fixed_test,5,1,apriori|2|06,"ac370000, ac370442",3,0.87471701996295537,-0.013570310962312648,136,135
fixed_test,5,1,apriori|2|06,"ac370000, ac370442",4,0.87471701996295537,-0.022231705055061002,136,135
fixed_test,5,1,apriori|2|06,"ac370000, ac370442",5,0.87471701996295537,0,136,135
fixed_test,5,1,apriori|2|06,"ac370000, ac370442",6,0.87471701996295537,0.004303716089644416,136,136
fixed_test,5,1,apriori|2|06,"ac370000, ac370442",7,0.87471701996295537,0.0046512362445867428,136,136
fixed_test,5,1,apriori|2|06,"ac370000, ac370442",8,0.87471701996295537,-0.012949645901903173,136,136
fixed_test,5,1,apriori|2|06,"ac370000, ac370442",9,0.87471701996295537,-0.008948784288360323,136,136
fixed_test,5,1,apriori|2|07,"ac370419, ac370442",0,0.87471701996295537,-0.013270724621844976,136,136
fixed_test,5,1,apriori|2|07,"ac370419, ac370442",1,0.87471701996295537,-0.0043097441886291721,136,136
fixed_test,5,1,apriori|2|07,"ac370419, ac370442",2,0.87471701996295537,0.00034750940218808424,136,136
fixed_test,5,1,apriori|2|07,"ac370419, ac370442",3,0.87471701996295537,0.00034750940218808424,136,136
fixed_test,5,1,apriori|2|07,"ac370419, ac370442",4,0.87471701996295537,-0.0046332974363342272,136,135
fixed_test,5,1,apriori|2|07,"ac370419, ac370442",5,0.87471701996295537,0.0046512362445867428,136,136
fixed_test,5,1,apriori|2|07,"ac370419, ac370442",6,0.87471701996295537,-0.003962979171091785,136,136
fixed_test,5,1,apriori|2|07,"ac370419, ac370442",7,0.87471701996295537,-0.0043097441886291721,136,136
fixed_test,5,1,apriori|2|07,"ac370419, ac370442",8,0.87471701996295537,-0.013270724621844976,136,135
fixed_test,5,1,apriori|2|07,"ac370419, ac370442",9,0.87471701996295537,0.00034750940218808424,136,135
fixed_test,5,1,apriori|2|08,"ac370442, ac370443",0,0.87471701996295537,0.0046512362445867428,136,135
fixed_test,5,1,apriori|2|08,"ac370442, ac370443",1,0.87471701996295537,0.00071934660718642185,136,134
fixed_test,5,1,apriori|2|08,"ac370442, ac370443",2,0.87471701996295537,-0.0046332974363342272,136,136
fixed_test,5,1,apriori|2|08,"ac370442, ac370443",3,0.87471701996295537,0.00034750940218808424,136,136
fixed_test,5,1,apriori|2|08,"ac370442, ac370443",4,0.87471701996295537,0.0046512362445867428,136,136
fixed_test,5,1,apriori|2|08,"ac370442, ac370443",5,0.87471701996295537,-0.0086260969863285464,136,136
fixed_test,5,1,apriori|2|08,"ac370442, ac370443",6,0.87471701996295537,-0.0043097441886291721,136,135
fixed_test,5,1,apriori|2|08,"ac370442, ac370443",7,0.87471701996295537,-0.0086260969863285464,136,136
fixed_test,5,1,apriori|2|08,"ac370442, ac370443",8,0.87471701996295537,-0.0043097441886291721,136,136
fixed_test,5,1,apriori|2|08,"ac370442, ac370443",9,0.87471701996295537,-0.0043097441886291721,136,134
fixed_test,5,1,apriori|2|09,"370407, ac370443",0,0.87471701996295537,-0.017897568576720646,133,133
fixed_test,5,1,apriori|2|09,"370407, ac370443",1,0.87471701996295537,-0.013570310962312648,133,132
fixed_test,5,1,apriori|2|09,"370407, ac370443",2,0.87471701996295537,0.004303716089644416,133,131
fixed_test,5,1,apriori|2|09,"370407, ac370443",3,0.87471701996295537,-0.008948784288360323,133,133
fixed_test,5,1,apriori|2|09,"370407, ac370443",4,0.87471701996295537,-0.027100677542147067,133,133
fixed_test,5,1,apriori|2|09,"370407, ac370443",5,0.87471701996295537,-0.0043097441886291721,133,133
fixed_test,5,1,apriori|2|09,"370407, ac370443",6,0.87471701996295537,-0.0092493498158020548,133,133
fixed_test,5,1,apriori|2|09,"370407, ac370443",7,0.87471701996295537,-0.00032368595262943778,133,132
fixed_test,5,1,apriori|2|09,"370407, ac370443",8,0.87471701996295537,-0.012949645901903173,133,132
fixed_test,5,1,apriori|2|09,"370407, ac370443",9,0.87471701996295537,-0.008948784288360323,133,133
fixed_test,5,1,apriori|2|10,"370407, ac370442",0,0.87471701996295537,0.004303716089644416,131,131
fixed_test,5,1,apriori|2|10,"370407, ac370442",1,0.87471701996295537,-0.022231705055061002,131,131
fixed_test,5,1,apriori|2|10,"370407, ac370442",2,0.87471701996295537,0.0046512362445867428,131,131
fixed_test,5,1,apriori|2|10,"370407, ac370442",3,0.87471701996295537,-0.0086260969863285464,131,131
fixed_test,5,1,apriori|2|10,"370407, ac370442",4,0.87471701996295537,-0.017599703374845066,131,131
fixed_test,5,1,apriori|2|10,"370407, ac370442",5,0.87471701996295537,-0.008948784288360323,131,131
fixed_test,5,1,apriori|2|10,"370407, ac370442",6,0.87471701996295537,-0.013570310962312648,131,131
fixed_test,5,1,apriori|2|10,"370407, ac370442",7,0.87471701996295537,-0.008948784288360323,131,129
fixed_test,5,1,apriori|2|10,"370407, ac370442",8,0.87471701996295537,0.0046512362445867428,131,131
fixed_test,5,1,apriori|2|10,"370407, ac370442",9,0.87471701996295537,-0.013270724621844976,131,129
fixed_test,5,1,apriori|3|01,"ac370000, ac370419, ac370443",0,0.87471701996295537,-0.017897568576720646,138,138
fixed_test,5,1,apriori|3|01,"ac370000, ac370419, ac370443",1,0.87471701996295537,-0.026846352865080969,138,138
fixed_test,5,1,apriori|3|01,"ac370000, ac370419, ac370443",2,0.87471701996295537,-0.01817501367897445,138,138
fixed_test,5,1,apriori|3|01,"ac370000, ac370419, ac370443",3,0.87471701996295537,-0.026846352865080969,138,138
fixed_test,5,1,apriori|3|01,"ac370000, ac370419, ac370443",4,0.87471701996295537,-0.013848840552683206,138,138
fixed_test,5,1,apriori|3|01,"ac370000, ac370419, ac370443",5,0.87471701996295537,-0.013848840552683206,138,138
fixed_test,5,1,apriori|3|01,"ac370000, ac370419, ac370443",6,0.87471701996295537,-0.018432443117250341,138,138
fixed_test,5,1,apriori|3|01,"ac370000, ac370419, ac370443",7,0.87471701996295537,-0.003962979171091785,138,138
fixed_test,5,1,apriori|3|01,"ac370000, ac370419, ac370443",8,0.87471701996295537,-0.013570310962312648,138,138
fixed_test,5,1,apriori|3|01,"ac370000, ac370419, ac370443",9,0.87471701996295537,-0.027100677542147067,138,138
fixed_test,5,1,apriori|3|02,"370407, ac370000, ac370419",0,0.87471701996295537,-0.027100677542147067,135,135
fixed_test,5,1,apriori|3|02,"370407, ac370000, ac370419",1,0.87471701996295537,-0.00032368595262943778,135,135
fixed_test,5,1,apriori|3|02,"370407, ac370000, ac370419",2,0.87471701996295537,-0.023000821417702877,135,135
fixed_test,5,1,apriori|3|02,"370407, ac370000, ac370419",3,0.87471701996295537,0.008948784288360323,135,135
fixed_test,5,1,apriori|3|02,"370407, ac370000, ac370419",4,0.87471701996295537,-0.013570310962312648,135,135
fixed_test,5,1,apriori|3|02,"370407, ac370000, ac370419",5,0.87471701996295537,-0.0092493498158020548,135,135
fixed_test,5,1,apriori|3|02,"370407, ac370000, ac370419",6,0.87471701996295537,-0.022763571711431951,135,135
fixed_test,5,1,apriori|3|02,"370407, ac370000, ac370419",7,0.87471701996295537,-0.00062402029728469977,135,135
fixed_test,5,1,apriori|3|02,"370407, ac370000, ac370419",8,0.87471701996295537,-0.0092493498158020548,135,135
fixed_test,5,1,apriori|3|02,"370407, ac370000, ac370419",9,0.87471701996295537,-0.0046332974363342272,135,135
fixed_test,5,1,apriori|3|03,"ac370000, ac370419, ac370442",0,0.87471701996295537,-0.0086260969863285464,136,136
fixed_test,5,1,apriori|3|03,"ac370000, ac370419, ac370442",1,0.87471701996295537,-0.027100677542147067,136,136
fixed_test,5,1,apriori|3|03,"ac370000, ac370419, ac370442",2,0.87471701996295537,-0.02250732448829118,136,136
fixed_test,5,1,apriori|3|03,"ac370000, ac370419, ac370442",3,0.87471701996295537,-0.017897568576720646,136,136
fixed_test,5,1,apriori|3|03,"ac370000, ac370419, ac370442",4,0.87471701996295537,0,136,136
fixed_test,5,1,apriori|3|03,"ac370000, ac370419, ac370442",5,0.87471701996295537,-0.013848840552683206,136,136
fixed_test,5,1,apriori|3|03,"ac370000, ac370419, ac370442",6,0.87471701996295537,-0.00032368595262943778,136,136
fixed_test,5,1,apriori|3|03,"ac370000, ac370419, ac370442",7,0.87471701996295537,0.00034750940218808424,136,136
fixed_test,5,1,apriori|3|03,"ac370000, ac370419, ac370442",8,0.87471701996295537,-0.017897568576720646,136,136
fixed_test,5,1,apriori|3|03,"ac370000, ac370419, ac370442",9,0.87471701996295537,-0.008948784288360323,136,136
fixed_test,5,1,apriori|3|04,"ac370000, ac370442, ac370443",0,0.87471701996295537,-0.0046332974363342272,136,136
fixed_test,5,1,apriori|3|04,"ac370000, ac370442, ac370443",1,0.87471701996295537,-0.031444338014269713,136,136
fixed_test,5,1,apriori|3|04,"ac370000, ac370442, ac370443",2,0.87471701996295537,-0.0046332974363342272,136,136
fixed_test,5,1,apriori|3|04,"ac370000, ac370442, ac370443",3,0.87471701996295537,0.004303716089644416,136,136
fixed_test,5,1,apriori|3|04,"ac370000, ac370442, ac370443",4,0.87471701996295537,-0.0043097441886291721,136,136
fixed_test,5,1,apriori|3|04,"ac370000, ac370442, ac370443",5,0.87471701996295537,0.0046512362445867428,136,136
fixed_test,5,1,apriori|3|04,"ac370000, ac370442, ac370443",6,0.87471701996295537,0.00034750940218808424,136,136
fixed_test,5,1,apriori|3|04,"ac370000, ac370442, ac370443",7,0.87471701996295537,-0.01410672066819485,136,136
fixed_test,5,1,apriori|3|04,"ac370000, ac370442, ac370443",8,0.87471701996295537,-0.0092493498158020548,136,135
fixed_test,5,1,apriori|3|04,"ac370000, ac370442, ac370443",9,0.87471701996295537,-0.013570310962312648,136,136
fixed_test,5,1,apriori|3|05,"ac370419, ac370442, ac370443",0,0.87471701996295537,-0.0043097441886291721,136,136
fixed_test,5,1,apriori|3|05,"ac370419, ac370442, ac370443",1,0.87471701996295537,0.0046512362445867428,136,136
fixed_test,5,1,apriori|3|05,"ac370419, ac370442, ac370443",2,0.87471701996295537,-0.013570310962312648,136,136
fixed_test,5,1,apriori|3|05,"ac370419, ac370442, ac370443",3,0.87471701996295537,-0.0046332974363342272,136,135
fixed_test,5,1,apriori|3|05,"ac370419, ac370442, ac370443",4,0.87471701996295537,-0.008948784288360323,136,136
fixed_test,5,1,apriori|3|05,"ac370419, ac370442, ac370443",5,0.87471701996295537,0.0036814808308210933,136,136
fixed_test,5,1,apriori|3|05,"ac370419, ac370442, ac370443",6,0.87471701996295537,0.0039806217648147291,136,136
fixed_test,5,1,apriori|3|05,"ac370419, ac370442, ac370443",7,0.87471701996295537,-0.00032368595262943778,136,136
fixed_test,5,1,apriori|3|05,"ac370419, ac370442, ac370443",8,0.87471701996295537,-0.00032368595262943778,136,136
fixed_test,5,1,apriori|3|05,"ac370419, ac370442, ac370443",9,0.87471701996295537,0,136,136
fixed_test,5,1,apriori|3|06,"370407, ac370000, ac370443",0,0.87471701996295537,-0.013848840552683206,133,133
fixed_test,5,1,apriori|3|06,"370407, ac370000, ac370443",1,0.87471701996295537,-0.0054692396171838187,133,133
fixed_test,5,1,apriori|3|06,"370407, ac370000, ac370443",2,0.87471701996295537,-0.019088289771557854,133,133
fixed_test,5,1,apriori|3|06,"370407, ac370000, ac370443",3,0.87471701996295537,-0.00032368595262943778,133,133
fixed_test,5,1,apriori|3|06,"370407, ac370000, ac370443",4,0.87471701996295537,-0.009528231707267576,133,133
fixed_test,5,1,apriori|3|06,"370407, ac370000, ac370443",5,0.87471701996295537,-0.013570310962312648,133,133
fixed_test,5,1,apriori|3|06,"370407, ac370000, ac370443",6,0.87471701996295537,-0.00032368595262943778,133,133
fixed_test,5,1,apriori|3|06,"370407, ac370000, ac370443",7,0.87471701996295537,-0.018432443117250341,133,133
fixed_test,5,1,apriori|3|06,"370407, ac370000, ac370443",8,0.87471701996295537,-0.009528231707267576,133,133
fixed_test,5,1,apriori|3|06,"370407, ac370000, ac370443",9,0.87471701996295537,-0.0052126199186868227,133,133
fixed_test,5,1,apriori|3|07,"370407, ac370419, ac370443",0,0.87471701996295537,-0.0046332974363342272,133,133
fixed_test,5,1,apriori|3|07,"370407, ac370419, ac370443",1,0.87471701996295537,-0.022231705055061002,133,133
fixed_test,5,1,apriori|3|07,"370407, ac370419, ac370443",2,0.87471701996295537,-0.0046332974363342272,133,132
fixed_test,5,1,apriori|3|07,"370407, ac370419, ac370443",3,0.87471701996295537,-0.0092493498158020548,133,133
fixed_test,5,1,apriori|3|07,"370407, ac370419, ac370443",4,0.87471701996295537,-0.022763571711431951,133,133
fixed_test,5,1,apriori|3|07,"370407, ac370419, ac370443",5,0.87471701996295537,-0.0092493498158020548,133,133
fixed_test,5,1,apriori|3|07,"370407, ac370419, ac370443",6,0.87471701996295537,-0.013848840552683206,133,133
fixed_test,5,1,apriori|3|07,"370407, ac370419, ac370443",7,0.87471701996295537,0.0039806217648147291,133,133
fixed_test,5,1,apriori|3|07,"370407, ac370419, ac370443",8,0.87471701996295537,-0.026846352865080969,133,133
fixed_test,5,1,apriori|3|07,"370407, ac370419, ac370443",9,0.87471701996295537,-0.017897568576720646,133,133
fixed_test,5,1,apriori|3|08,"370407, ac370000, ac370442",0,0.87471701996295537,-0.0049341093939342384,131,131
fixed_test,5,1,apriori|3|08,"370407, ac370000, ac370442",1,0.87471701996295537,-0.009528231707267576,131,131
fixed_test,5,1,apriori|3|08,"370407, ac370000, ac370442",2,0.87471701996295537,-0.0092493498158020548,131,131
fixed_test,5,1,apriori|3|08,"370407, ac370000, ac370442",3,0.87471701996295537,0.0082801911126981764,131,131
fixed_test,5,1,apriori|3|08,"370407, ac370000, ac370442",4,0.87471701996295537,-0.01817501367897445,131,131
fixed_test,5,1,apriori|3|08,"370407, ac370000, ac370442",5,0.87471701996295537,-0.02250732448829118,131,131
fixed_test,5,1,apriori|3|08,"370407, ac370000, ac370442",6,0.87471701996295537,-0.02250732448829118,131,131
fixed_test,5,1,apriori|3|08,"370407, ac370000, ac370442",7,0.87471701996295537,-0.00090144384443724412,131,131
fixed_test,5,1,apriori|3|08,"370407, ac370000, ac370442",8,0.87471701996295537,-0.013848840552683206,131,131
fixed_test,5,1,apriori|3|08,"370407, ac370000, ac370442",9,0.87471701996295537,-0.022763571711431951,131,131
fixed_test,5,1,apriori|3|09,"370407, ac370419, ac370442",0,0.87471701996295537,-0.0043097441886291721,131,131
fixed_test,5,1,apriori|3|09,"370407, ac370419, ac370442",1,0.87471701996295537,-0.00062402029728469977,131,131
fixed_test,5,1,apriori|3|09,"370407, ac370419, ac370442",2,0.87471701996295537,-0.00062402029728469977,131,131
fixed_test,5,1,apriori|3|09,"370407, ac370419, ac370442",3,0.87471701996295537,-0.009528231707267576,131,131
fixed_test,5,1,apriori|3|09,"370407, ac370419, ac370442",4,0.87471701996295537,0,131,131
fixed_test,5,1,apriori|3|09,"370407, ac370419, ac370442",5,0.87471701996295537,-0.00032368595262943778,131,131
fixed_test,5,1,apriori|3|09,"370407, ac370419, ac370442",6,0.87471701996295537,0.012895352923563697,131,131
fixed_test,5,1,apriori|3|09,"370407, ac370419, ac370442",7,0.87471701996295537,-0.0043097441886291721,131,131
fixed_test,5,1,apriori|3|09,"370407, ac370419, ac370442",8,0.87471701996295537,-0.017897568576720646,131,131
fixed_test,5,1,apriori|3|09,"370407, ac370419, ac370442",9,0.87471701996295537,-0.0092493498158020548,131,131
fixed_test,5,1,apriori|3|10,"370407, ac370442, ac370443",0,0.87471701996295537,0.0036814808308210933,131,130
fixed_test,5,1,apriori|3|10,"370407, ac370442, ac370443",1,0.87471701996295537,-0.013848840552683206,131,131
fixed_test,5,1,apriori|3|10,"370407, ac370442, ac370443",2,0.87471701996295537,-0.013848840552683206,131,131
fixed_test,5,1,apriori|3|10,"370407, ac370442, ac370443",3,0.87471701996295537,-0.01817501367897445,131,131
fixed_test,5,1,apriori|3|10,"370407, ac370442, ac370443",4,0.87471701996295537,-0.0046332974363342272,131,130
fixed_test,5,1,apriori|3|10,"370407, ac370442, ac370443",5,0.87471701996295537,-0.0049341093939342384,131,131
fixed_test,5,1,apriori|3|10,"370407, ac370442, ac370443",6,0.87471701996295537,-0.01817501367897445,131,131
fixed_test,5,1,apriori|3|10,"370407, ac370442, ac370443",7,0.87471701996295537,-0.013848840552683206,131,131
fixed_test,5,1,apriori|3|10,"370407, ac370442, ac370443",8,0.87471701996295537,-0.008948784288360323,131,131
fixed_test,5,1,apriori|3|10,"370407, ac370442, ac370443",9,0.87471701996295537,-0.013848840552683206,131,131
fixed_test,5,1,impressed|1|01,376400,0,0.87471701996295537,0,68,64
fixed_test,5,1,impressed|1|01,376400,1,0.87471701996295537,0.0093211157907047149,68,67
fixed_test,5,1,impressed|1|01,376400,2,0.87471701996295537,0,68,66
fixed_test,5,1,impressed|1|01,376400,3,0.87471701996295537,0,68,67
fixed_test,5,1,impressed|1|01,376400,4,0.87471701996295537,0,68,66
fixed_test,5,1,impressed|1|01,376400,5,0.87471701996295537,-0.0046332974363342272,68,65
fixed_test,5,1,impressed|1|01,376400,6,0.87471701996295537,-0.0046332974363342272,68,67
fixed_test,5,1,impressed|1|01,376400,7,0.87471701996295537,0,68,65
fixed_test,5,1,impressed|1|01,376400,8,0.87471701996295537,0.0046512362445867428,68,65
fixed_test,5,1,impressed|1|01,376400,9,0.87471701996295537,0.0046512362445867428,68,66
fixed_test,5,1,impressed|1|02,ac419100,0,0.87471701996295537,0.0036814808308210933,145,123
fixed_test,5,1,impressed|1|02,ac419100,1,0.87471701996295537,0.0036814808308210933,145,123
fixed_test,5,1,impressed|1|02,ac419100,2,0.87471701996295537,0.021156036031674375,145,125
fixed_test,5,1,impressed|1|02,ac419100,3,0.87471701996295537,0.0039806217648147291,145,125
fixed_test,5,1,impressed|1|02,ac419100,4,0.87471701996295537,0.021469682329837037,145,116
fixed_test,5,1,impressed|1|02,ac419100,5,0.87471701996295537,0.012895352923563697,145,121
fixed_test,5,1,impressed|1|02,ac419100,6,0.87471701996295537,0.030363783079344953,145,116
fixed_test,5,1,impressed|1|02,ac419100,7,0.87471701996295537,0.0036814808308210933,145,125
fixed_test,5,1,impressed|1|02,ac419100,8,0.87471701996295537,0.007982951597891641,145,121
fixed_test,5,1,impressed|1|02,ac419100,9,0.87471701996295537,0.016867347040220637,145,118
fixed_test,5,1,impressed|1|03,ac370000,0,0.87471701996295537,0.00071934660718642185,163,162
fixed_test,5,1,impressed|1|03,ac370000,1,0.87471701996295537,-0.009528231707267576,163,162
fixed_test,5,1,impressed|1|03,ac370000,2,0.87471701996295537,-0.01410672066819485,163,162
fixed_test,5,1,impressed|1|03,ac370000,3,0.87471701996295537,-0.022763571711431951,163,162
fixed_test,5,1,impressed|1|03,ac370000,4,0.87471701996295537,-0.01410672066819485,163,163
fixed_test,5,1,impressed|1|03,ac370000,5,0.87471701996295537,-0.0092493498158020548,163,161
fixed_test,5,1,impressed|1|03,ac370000,6,0.87471701996295537,-0.009528231707267576,163,162
fixed_test,5,1,impressed|1|03,ac370000,7,0.87471701996295537,0.0086019779105429572,163,163
fixed_test,5,1,impressed|1|03,ac370000,8,0.87471701996295537,-0.00032368595262943778,163,162
fixed_test,5,1,impressed|1|03,ac370000,9,0.87471701996295537,-0.013270724621844976,163,161
fixed_test,5,1,impressed|1|04,ac415100,0,0.87471701996295537,0.012895352923563697,63,58
fixed_test,5,1,impressed|1|04,ac415100,1,0.87471701996295537,-0.0046332974363342272,63,59
fixed_test,5,1,impressed|1|04,ac415100,2,0.87471701996295537,-0.0046332974363342272,63,59
fixed_test,5,1,impressed|1|04,ac415100,3,0.87471701996295537,-0.0046332974363342272,63,57
fixed_test,5,1,impressed|1|04,ac415100,4,0.87471701996295537,0.004303716089644416,63,57
fixed_test,5,1,impressed|1|04,ac415100,5,0.87471701996295537,0.0082801911126981764,63,60
fixed_test,5,1,impressed|1|04,ac415100,6,0.87471701996295537,0.0039806217648147291,63,57
fixed_test,5,1,impressed|1|04,ac415100,7,0.87471701996295537,0.012575581580329009,63,56
fixed_test,5,1,impressed|1|04,ac415100,8,0.87471701996295537,-0.013270724621844976,63,60
fixed_test,5,1,impressed|1|04,ac415100,9,0.87471701996295537,-0.0046332974363342272,63,62
fixed_test,5,1,impressed|1|05,ac10307,0,0.87471701996295537,0,23,18
fixed_test,5,1,impressed|1|05,ac10307,1,0.87471701996295537,0,23,19
fixed_test,5,1,impressed|1|05,ac10307,2,0.87471701996295537,0,23,22
fixed_test,5,1,impressed|1|05,ac10307,3,0.87471701996295537,0,23,20
fixed_test,5,1,impressed|1|05,ac10307,4,0.87471701996295537,0,23,16
fixed_test,5,1,impressed|1|05,ac10307,5,0.87471701996295537,0,23,19
fixed_test,5,1,impressed|1|05,ac10307,6,0.87471701996295537,0,23,18
fixed_test,5,1,impressed|1|05,ac10307,7,0.87471701996295537,0,23,19
fixed_test,5,1,impressed|1|05,ac10307,8,0.87471701996295537,0,23,19
fixed_test,5,1,impressed|1|05,ac10307,9,0.87471701996295537,0,23,17
fixed_test,5,1,impressed|1|06,ac355427,0,0.87471701996295537,-0.0046332974363342272,4,4
fixed_test,5,1,impressed|1|06,ac355427,1,0.87471701996295537,-0.0046332974363342272,4,3
fixed_test,5,1,impressed|1|06,ac355427,2,0.87471701996295537,-0.0046332974363342272,4,2
fixed_test,5,1,impressed|1|06,ac355427,3,0.87471701996295537,-0.0046332974363342272,4,3
fixed_test,5,1,impressed|1|06,ac355427,4,0.87471701996295537,-0.0046332974363342272,4,4
fixed_test,5,1,impressed|1|06,ac355427,5,0.87471701996295537,-0.0046332974363342272,4,4
fixed_test,5,1,impressed|1|06,ac355427,6,0.87471701996295537,0,4,3
fixed_test,5,1,impressed|1|06,ac355427,7,0.87471701996295537,-0.0046332974363342272,4,4
fixed_test,5,1,impressed|1|06,ac355427,8,0.87471701996295537,-0.008948784288360323,4,4
fixed_test,5,1,impressed|1|06,ac355427,9,0.87471701996295537,-0.0046332974363342272,4,4
fixed_test,5,1,impressed|1|07,337419c,0,0.87471701996295537,0,3,2
fixed_test,5,1,impressed|1|07,337419c,1,0.87471701996295537,0,3,3
fixed_test,5,1,impressed|1|07,337419c,2,0.87471701996295537,0,3,1
fixed_test,5,1,impressed|1|07,337419c,3,0.87471701996295537,0,3,1
fixed_test,5,1,impressed|1|07,337419c,4,0.87471701996295537,0,3,1
fixed_test,5,1,impressed|1|07,337419c,5,0.87471701996295537,0,3,3
fixed_test,5,1,impressed|1|07,337419c,6,0.87471701996295537,0,3,2
fixed_test,5,1,impressed|1|07,337419c,7,0.87471701996295537,0,3,3
fixed_test,5,1,impressed|1|07,337419c,8,0.87471701996295537,0,3,1
fixed_test,5,1,impressed|1|07,337419c,9,0.87471701996295537,0,3,2
fixed_test,5,1,impressed|1|08,ac411100,0,0.87471701996295537,-0.0092493498158020548,101,93
fixed_test,5,1,impressed|1|08,ac411100,1,0.87471701996295537,-0.021936312632714339,101,88
fixed_test,5,1,impressed|1|08,ac411100,2,0.87471701996295537,-0.026846352865080969,101,92
fixed_test,5,1,impressed|1|08,ac411100,3,0.87471701996295537,0.0086019779105429572,101,95
fixed_test,5,1,impressed|1|08,ac411100,4,0.87471701996295537,0.0039806217648147291,101,94
fixed_test,5,1,impressed|1|08,ac411100,5,0.87471701996295537,0,101,93
fixed_test,5,1,impressed|1|08,ac411100,6,0.87471701996295537,-0.0046332974363342272,101,88
fixed_test,5,1,impressed|1|08,ac411100,7,0.87471701996295537,0.0039806217648147291,101,94
fixed_test,5,1,impressed|1|08,ac411100,8,0.87471701996295537,-0.0043097441886291721,101,91
fixed_test,5,1,impressed|1|08,ac411100,9,0.87471701996295537,-0.0082808195816871377,101,91
fixed_test,5,1,impressed|1|09,370407,0,0.87471701996295537,-0.017897568576720646,141,134
fixed_test,5,1,impressed|1|09,370407,1,0.87471701996295537,-0.003962979171091785,141,140
fixed_test,5,1,impressed|1|09,370407,2,0.87471701996295537,0.004303716089644416,141,140
fixed_test,5,1,impressed|1|09,370407,3,0.87471701996295537,-0.00032368595262943778,141,140
fixed_test,5,1,impressed|1|09,370407,4,0.87471701996295537,-0.013570310962312648,141,136
fixed_test,5,1,impressed|1|09,370407,5,0.87471701996295537,-0.0046332974363342272,141,137
fixed_test,5,1,impressed|1|09,370407,6,0.87471701996295537,0,141,138
fixed_test,5,1,impressed|1|09,370407,7,0.87471701996295537,0,141,136
fixed_test,5,1,impressed|1|09,370407,8,0.87471701996295537,0,141,136
fixed_test,5,1,impressed|1|09,370407,9,0.87471701996295537,0.008948784288360323,141,137
fixed_test,5,1,impressed|1|10,ac378449,0,0.87471701996295537,0,7,5
fixed_test,5,1,impressed|1|10,ac378449,1,0.87471701996295537,0.004303716089644416,7,6
fixed_test,5,1,impressed|1|10,ac378449,2,0.87471701996295537,0.0046512362445867428,7,5
fixed_test,5,1,impressed|1|10,ac378449,3,0.87471701996295537,0.004303716089644416,7,6
fixed_test,5,1,impressed|1|10,ac378449,4,0.87471701996295537,0.004303716089644416,7,6
fixed_test,5,1,impressed|1|10,ac378449,5,0.87471701996295537,0.004303716089644416,7,6
fixed_test,5,1,impressed|1|10,ac378449,6,0.87471701996295537,0.0046512362445867428,7,6
fixed_test,5,1,impressed|1|10,ac378449,7,0.87471701996295537,0.004303716089644416,7,5
fixed_test,5,1,impressed|1|10,ac378449,8,0.87471701996295537,0.0046512362445867428,7,4
fixed_test,5,1,impressed|1|10,ac378449,9,0.87471701996295537,0,7,6
fixed_test,5,1,impressed|2|01,"370715a, 376400",0,0.87471701996295537,0,65,65
fixed_test,5,1,impressed|2|01,"370715a, 376400",1,0.87471701996295537,0,65,65
fixed_test,5,1,impressed|2|01,"370715a, 376400",2,0.87471701996295537,-0.0046332974363342272,65,63
fixed_test,5,1,impressed|2|01,"370715a, 376400",3,0.87471701996295537,0.0046512362445867428,65,64
fixed_test,5,1,impressed|2|01,"370715a, 376400",4,0.87471701996295537,0,65,64
fixed_test,5,1,impressed|2|01,"370715a, 376400",5,0.87471701996295537,-0.0046332974363342272,65,63
fixed_test,5,1,impressed|2|01,"370715a, 376400",6,0.87471701996295537,0,65,64
fixed_test,5,1,impressed|2|01,"370715a, 376400",7,0.87471701996295537,0,65,65
fixed_test,5,1,impressed|2|01,"370715a, 376400",8,0.87471701996295537,0,65,64
fixed_test,5,1,impressed|2|01,"370715a, 376400",9,0.87471701996295537,-0.0046332974363342272,65,65
fixed_test,5,1,impressed|2|02,"370712b, 376400",0,0.87471701996295537,0,65,64
fixed_test,5,1,impressed|2|02,"370712b, 376400",1,0.87471701996295537,-0.0046332974363342272,65,63
fixed_test,5,1,impressed|2|02,"370712b, 376400",2,0.87471701996295537,-0.0046332974363342272,65,65
fixed_test,5,1,impressed|2|02,"370712b, 376400",3,0.87471701996295537,0.0046512362445867428,65,65
fixed_test,5,1,impressed|2|02,"370712b, 376400",4,0.87471701996295537,0,65,64
fixed_test,5,1,impressed|2|02,"370712b, 376400",5,0.87471701996295537,0,65,64
fixed_test,5,1,impressed|2|02,"370712b, 376400",6,0.87471701996295537,0,65,64
fixed_test,5,1,impressed|2|02,"370712b, 376400",7,0.87471701996295537,0,65,64
fixed_test,5,1,impressed|2|02,"370712b, 376400",8,0.87471701996295537,0,65,64
fixed_test,5,1,impressed|2|02,"370712b, 376400",9,0.87471701996295537,0,65,65
fixed_test,5,1,impressed|2|03,"ac411100, ac419100",0,0.87471701996295537,0.0082801911126981764,88,77
fixed_test,5,1,impressed|2|03,"ac411100, ac419100",1,0.87471701996295537,0,88,79
fixed_test,5,1,impressed|2|03,"ac411100, ac419100",2,0.87471701996295537,0.017184402522681053,88,83
fixed_test,5,1,impressed|2|03,"ac411100, ac419100",3,0.87471701996295537,0.0039806217648147291,88,79
fixed_test,5,1,impressed|2|03,"ac411100, ac419100",4,0.87471701996295537,0.0039806217648147291,88,81
fixed_test,5,1,impressed|2|03,"ac411100, ac419100",5,0.87471701996295537,-0.0092493498158020548,88,80
fixed_test,5,1,impressed|2|03,"ac411100, ac419100",6,0.87471701996295537,-0.013570310962312648,88,83
fixed_test,5,1,impressed|2|03,"ac411100, ac419100",7,0.87471701996295537,0.021469682329837037,88,77
fixed_test,5,1,impressed|2|03,"ac411100, ac419100",8,0.87471701996295537,0.0039806217648147291,88,79
fixed_test,5,1,impressed|2|03,"ac411100, ac419100",9,0.87471701996295537,0.017184402522681053,88,79
fixed_test,5,1,impressed|2|04,"370401c, ac370000",0,0.87471701996295537,-0.013270724621844976,128,128
fixed_test,5,1,impressed|2|04,"370401c, ac370000",1,0.87471701996295537,0,128,127
fixed_test,5,1,impressed|2|04,"370401c, ac370000",2,0.87471701996295537,0.0046512362445867428,128,128
fixed_test,5,1,impressed|2|04,"370401c, ac370000",3,0.87471701996295537,-0.0046332974363342272,128,128
fixed_test,5,1,impressed|2|04,"370401c, ac370000",4,0.87471701996295537,-0.008948784288360323,128,128
fixed_test,5,1,impressed|2|04,"370401c, ac370000",5,0.87471701996295537,-0.0046332974363342272,128,125
fixed_test,5,1,impressed|2|04,"370401c, ac370000",6,0.87471701996295537,0.004303716089644416,128,127
fixed_test,5,1,impressed|2|04,"370401c, ac370000",7,0.87471701996295537,-0.017897568576720646,128,128
fixed_test,5,1,impressed|2|04,"370401c, ac370000",8,0.87471701996295537,-0.013570310962312648,128,128
fixed_test,5,1,impressed|2|04,"370401c, ac370000",9,0.87471701996295537,0,128,126
fixed_test,5,1,impressed|2|05,"ac370000, ac370403",0,0.87471701996295537,-0.013570310962312648,131,130
fixed_test,5,1,impressed|2|05,"ac370000, ac370403",1,0.87471701996295537,0.004303716089644416,131,131
fixed_test,5,1,impressed|2|05,"ac370000, ac370403",2,0.87471701996295537,-0.00032368595262943778,131,131
fixed_test,5,1,impressed|2|05,"ac370000, ac370403",3,0.87471701996295537,-0.00032368595262943778,131,131
fixed_test,5,1,impressed|2|05,"ac370000, ac370403",4,0.87471701996295537,-0.0046332974363342272,131,128
fixed_test,5,1,impressed|2|05,"ac370000, ac370403",5,0.87471701996295537,0.008948784288360323,131,128
fixed_test,5,1,impressed|2|05,"ac370000, ac370403",6,0.87471701996295537,0,131,130
fixed_test,5,1,impressed|2|05,"ac370000, ac370403",7,0.87471701996295537,-0.013270724621844976,131,130
fixed_test,5,1,impressed|2|05,"ac370000, ac370403",8,0.87471701996295537,-0.008948784288360323,131,129
fixed_test,5,1,impressed|2|05,"ac370000, ac370403",9,0.87471701996295537,-0.0046332974363342272,131,130
fixed_test,5,1,impressed|2|06,"ac411100, ac415100",0,0.87471701996295537,0.013240729615623059,49,45
fixed_test,5,1,impressed|2|06,"ac411100, ac415100",1,0.87471701996295537,0.0039806217648147291,49,48
fixed_test,5,1,impressed|2|06,"ac411100, ac415100",2,0.87471701996295537,0.0039806217648147291,49,49
fixed_test,5,1,impressed|2|06,"ac411100, ac415100",3,0.87471701996295537,0.012895352923563697,49,48
fixed_test,5,1,impressed|2|06,"ac411100, ac415100",4,0.87471701996295537,0.021156036031674375,49,46
fixed_test,5,1,impressed|2|06,"ac411100, ac415100",5,0.87471701996295537,0.012575581580329009,49,49
fixed_test,5,1,impressed|2|06,"ac411100, ac415100",6,0.87471701996295537,0.0086019779105429572,49,46
fixed_test,5,1,impressed|2|06,"ac411100, ac415100",7,0.87471701996295537,0.026088613932663929,49,48
fixed_test,5,1,impressed|2|06,"ac411100, ac415100",8,0.87471701996295537,0.017184402522681053,49,48
fixed_test,5,1,impressed|2|06,"ac411100, ac415100",9,0.87471701996295537,0.0086019779105429572,49,46
fixed_test,5,1,impressed|2|07,"ac415100, ac419100",0,0.87471701996295537,-0.00062402029728469977,60,57
fixed_test,5,1,impressed|2|07,"ac415100, ac419100",1,0.87471701996295537,0.021469682329837037,60,58
fixed_test,5,1,impressed|2|07,"ac415100, ac419100",2,0.87471701996295537,0.017184402522681053,60,56
fixed_test,5,1,impressed|2|07,"ac415100, ac419100",3,0.87471701996295537,0.021469682329837037,60,57
fixed_test,5,1,impressed|2|07,"ac415100, ac419100",4,0.87471701996295537,0.021469682329837037,60,56
fixed_test,5,1,impressed|2|07,"ac415100, ac419100",5,0.87471701996295537,0.012895352923563697,60,58
fixed_test,5,1,impressed|2|07,"ac415100, ac419100",6,0.87471701996295537,-0.00032368595262943778,60,56
fixed_test,5,1,impressed|2|07,"ac415100, ac419100",7,0.87471701996295537,0.016867347040220637,60,56
fixed_test,5,1,impressed|2|07,"ac415100, ac419100",8,0.87471701996295537,0.012575581580329009,60,57
fixed_test,5,1,impressed|2|07,"ac415100, ac419100",9,0.87471701996295537,0.0082801911126981764,60,57
fixed_test,5,1,impressed|2|08,"ac10307, ac419100",0,0.87471701996295537,0.004303716089644416,20,20
fixed_test,5,1,impressed|2|08,"ac10307, ac419100",1,0.87471701996295537,0.0086019779105429572,20,18
fixed_test,5,1,impressed|2|08,"ac10307, ac419100",2,0.87471701996295537,0.004303716089644416,20,18
fixed_test,5,1,impressed|2|08,"ac10307, ac419100",3,0.87471701996295537,0.004303716089644416,20,19
fixed_test,5,1,impressed|2|08,"ac10307, ac419100",4,0.87471701996295537,0.004303716089644416,20,20
fixed_test,5,1,impressed|2|08,"ac10307, ac419100",5,0.87471701996295537,0.0039806217648147291,20,19
fixed_test,5,1,impressed|2|08,"ac10307, ac419100",6,0.87471701996295537,0.004303716089644416,20,20
fixed_test,5,1,impressed|2|08,"ac10307, ac419100",7,0.87471701996295537,0.0039806217648147291,20,19
fixed_test,5,1,impressed|2|08,"ac10307, ac419100",8,0.87471701996295537,0.004303716089644416,20,20
fixed_test,5,1,impressed|2|08,"ac10307, ac419100",9,0.87471701996295537,0.0039806217648147291,20,20
fixed_test,5,1,impressed|2|09,"ac10307, ac411100",0,0.87471701996295537,0.0086019779105429572,22,21
fixed_test,5,1,impressed|2|09,"ac10307, ac411100",1,0.87471701996295537,0,22,21
fixed_test,5,1,impressed|2|09,"ac10307, ac411100",2,0.87471701996295537,0.004303716089644416,22,22
fixed_test,5,1,impressed|2|09,"ac10307, ac411100",3,0.87471701996295537,0.004303716089644416,22,21
fixed_test,5,1,impressed|2|09,"ac10307, ac411100",4,0.87471701996295537,0,22,21
fixed_test,5,1,impressed|2|09,"ac10307, ac411100",5,0.87471701996295537,0,22,20
fixed_test,5,1,impressed|2|09,"ac10307, ac411100",6,0.87471701996295537,0,22,22
fixed_test,5,1,impressed|2|09,"ac10307, ac411100",7,0.87471701996295537,0.004303716089644416,22,21
fixed_test,5,1,impressed|2|09,"ac10307, ac411100",8,0.87471701996295537,0.004303716089644416,22,20
fixed_test,5,1,impressed|2|09,"ac10307, ac411100",9,0.87471701996295537,0.0086019779105429572,22,22
fixed_test,5,1,impressed|2|10,"ac355201, ac415100",0,0.87471701996295537,0,9,9
fixed_test,5,1,impressed|2|10,"ac355201, ac415100",1,0.87471701996295537,0,9,9
fixed_test,5,1,impressed|2|10,"ac355201, ac415100",2,0.87471701996295537,0,9,9
fixed_test,5,1,impressed|2|10,"ac355201, ac415100",3,0.87471701996295537,0,9,7
fixed_test,5,1,impressed|2|10,"ac355201, ac415100",4,0.87471701996295537,0,9,8
fixed_test,5,1,impressed|2|10,"ac355201, ac415100",5,0.87471701996295537,0,9,9
fixed_test,5,1,impressed|2|10,"ac355201, ac415100",6,0.87471701996295537,0,9,9
fixed_test,5,1,impressed|2|10,"ac355201, ac415100",7,0.87471701996295537,0,9,9
fixed_test,5,1,impressed|2|10,"ac355201, ac415100",8,0.87471701996295537,0,9,9
fixed_test,5,1,impressed|2|10,"ac355201, ac415100",9,0.87471701996295537,0,9,9
fixed_test,5,1,impressed|3|01,"376400, 377498a, ac372417",0,0.87471701996295537,0,62,62
fixed_test,5,1,impressed|3|01,"376400, 377498a, ac372417",1,0.87471701996295537,0,62,62
fixed_test,5,1,impressed|3|01,"376400, 377498a, ac372417",2,0.87471701996295537,0.0046512362445867428,62,62
fixed_test,5,1,impressed|3|01,"376400, 377498a, ac372417",3,0.87471701996295537,0,62,62
fixed_test,5,1,impressed|3|01,"376400, 377498a, ac372417",4,0.87471701996295537,0,62,62
fixed_test,5,1,impressed|3|01,"376400, 377498a, ac372417",5,0.87471701996295537,0,62,61
fixed_test,5,1,impressed|3|01,"376400, 377498a, ac372417",6,0.87471701996295537,0,62,62
fixed_test,5,1,impressed|3|01,"376400, 377498a, ac372417",7,0.87471701996295537,0,62,62
fixed_test,5,1,impressed|3|01,"376400, 377498a, ac372417",8,0.87471701996295537,-0.0046332974363342272,62,60
fixed_test,5,1,impressed|3|01,"376400, 377498a, ac372417",9,0.87471701996295537,-0.0046332974363342272,62,62
fixed_test,5,1,impressed|3|02,"ac411100, ac415100, ac419100",0,0.87471701996295537,-0.0052126199186868227,47,44
fixed_test,5,1,impressed|3|02,"ac411100, ac415100, ac419100",1,0.87471701996295537,-0.00090144384443724412,47,43
fixed_test,5,1,impressed|3|02,"ac411100, ac415100, ac419100",2,0.87471701996295537,-0.0049341093939342384,47,45
fixed_test,5,1,impressed|3|02,"ac411100, ac415100, ac419100",3,0.87471701996295537,0.0039806217648147291,47,46
fixed_test,5,1,impressed|3|02,"ac411100, ac415100, ac419100",4,0.87471701996295537,0.0077098188524227229,47,45
fixed_test,5,1,impressed|3|02,"ac411100, ac415100, ac419100",5,0.87471701996295537,-0.00032368595262943778,47,44
fixed_test,5,1,impressed|3|02,"ac411100, ac415100, ac419100",6,0.87471701996295537,-0.009528231707267576,47,44
fixed_test,5,1,impressed|3|02,"ac411100, ac415100, ac419100",7,0.87471701996295537,0.0086019779105429572,47,45
fixed_test,5,1,impressed|3|02,"ac411100, ac415100, ac419100",8,0.87471701996295537,-0.0046332974363342272,47,43
fixed_test,5,1,impressed|3|02,"ac411100, ac415100, ac419100",9,0.87471701996295537,0.012575581580329009,47,45
fixed_test,5,1,impressed|3|03,"ac10307, ac411100, ac419100",0,0.87471701996295537,-0.00032368595262943778,18,17
fixed_test,5,1,impressed|3|03,"ac10307, ac411100, ac419100",1,0.87471701996295537,0.0086019779105429572,18,18
fixed_test,5,1,impressed|3|03,"ac10307, ac411100, ac419100",2,0.87471701996295537,0.004303716089644416,18,18
fixed_test,5,1,impressed|3|03,"ac10307, ac411100, ac419100",3,0.87471701996295537,0.0086019779105429572,18,18
fixed_test,5,1,impressed|3|03,"ac10307, ac411100, ac419100",4,0.87471701996295537,-0.00032368595262943778,18,18
fixed_test,5,1,impressed|3|03,"ac10307, ac411100, ac419100",5,0.87471701996295537,0.004303716089644416,18,18
fixed_test,5,1,impressed|3|03,"ac10307, ac411100, ac419100",6,0.87471701996295537,0,18,18
fixed_test,5,1,impressed|3|03,"ac10307, ac411100, ac419100",7,0.87471701996295537,-0.00032368595262943778,18,18
fixed_test,5,1,impressed|3|03,"ac10307, ac411100, ac419100",8,0.87471701996295537,0.004303716089644416,18,18
fixed_test,5,1,impressed|3|03,"ac10307, ac411100, ac419100",9,0.87471701996295537,0,18,18
fixed_test,5,1,impressed|3|04,"ac356134, ac411100, ac419100",0,0.87471701996295537,0.0086019779105429572,12,12
fixed_test,5,1,impressed|3|04,"ac356134, ac411100, ac419100",1,0.87471701996295537,0.004303716089644416,12,12
fixed_test,5,1,impressed|3|04,"ac356134, ac411100, ac419100",2,0.87471701996295537,0.004303716089644416,12,12
fixed_test,5,1,impressed|3|04,"ac356134, ac411100, ac419100",3,0.87471701996295537,0.0086019779105429572,12,12
fixed_test,5,1,impressed|3|04,"ac356134, ac411100, ac419100",4,0.87471701996295537,0,12,12
fixed_test,5,1,impressed|3|04,"ac356134, ac411100, ac419100",5,0.87471701996295537,0.004303716089644416,12,12
fixed_test,5,1,impressed|3|04,"ac356134, ac411100, ac419100",6,0.87471701996295537,0.004303716089644416,12,12
fixed_test,5,1,impressed|3|04,"ac356134, ac411100, ac419100",7,0.87471701996295537,0.0086019779105429572,12,11
fixed_test,5,1,impressed|3|04,"ac356134, ac411100, ac419100",8,0.87471701996295537,0.004303716089644416,12,12
fixed_test,5,1,impressed|3|04,"ac356134, ac411100, ac419100",9,0.87471701996295537,0.0086019779105429572,12,12
fixed_test,5,1,impressed|3|05,"ac355201, ac415100, ac419100",0,0.87471701996295537,0,9,9
fixed_test,5,1,impressed|3|05,"ac355201, ac415100, ac419100",1,0.87471701996295537,0,9,9
fixed_test,5,1,impressed|3|05,"ac355201, ac415100, ac419100",2,0.87471701996295537,0,9,8
fixed_test,5,1,impressed|3|05,"ac355201, ac415100, ac419100",3,0.87471701996295537,0,9,9
fixed_test,5,1,impressed|3|05,"ac355201, ac415100, ac419100",4,0.87471701996295537,0,9,9
fixed_test,5,1,impressed|3|05,"ac355201, ac415100, ac419100",5,0.87471701996295537,0.004303716089644416,9,8
fixed_test,5,1,impressed|3|05,"ac355201, ac415100, ac419100",6,0.87471701996295537,0,9,8
fixed_test,5,1,impressed|3|05,"ac355201, ac415100, ac419100",7,0.87471701996295537,0,9,9
fixed_test,5,1,impressed|3|05,"ac355201, ac415100, ac419100",8,0.87471701996295537,0,9,7
fixed_test,5,1,impressed|3|05,"ac355201, ac415100, ac419100",9,0.87471701996295537,0,9,8
fixed_test,5,1,impressed|3|06,"ac355201, ac411100, ac419100",0,0.87471701996295537,-0.00032368595262943778,10,9
fixed_test,5,1,impressed|3|06,"ac355201, ac411100, ac419100",1,0.87471701996295537,-0.0046332974363342272,10,10
fixed_test,5,1,impressed|3|06,"ac355201, ac411100, ac419100",2,0.87471701996295537,0,10,10
fixed_test,5,1,impressed|3|06,"ac355201, ac411100, ac419100",3,0.87471701996295537,0,10,10
fixed_test,5,1,impressed|3|06,"ac355201, ac411100, ac419100",4,0.87471701996295537,0,10,10
fixed_test,5,1,impressed|3|06,"ac355201, ac411100, ac419100",5,0.87471701996295537,0,10,9
fixed_test,5,1,impressed|3|06,"ac355201, ac411100, ac419100",6,0.87471701996295537,-0.0046332974363342272,10,10
fixed_test,5,1,impressed|3|06,"ac355201, ac411100, ac419100",7,0.87471701996295537,0,10,10
fixed_test,5,1,impressed|3|06,"ac355201, ac411100, ac419100",8,0.87471701996295537,-0.0046332974363342272,10,9
fixed_test,5,1,impressed|3|06,"ac355201, ac411100, ac419100",9,0.87471701996295537,0,10,10
fixed_test,5,1,impressed|3|07,"ac355427, ac411100, ac419100",0,0.87471701996295537,-0.0043097441886291721,3,3
fixed_test,5,1,impressed|3|07,"ac355427, ac411100, ac419100",1,0.87471701996295537,-0.0043097441886291721,3,3
fixed_test,5,1,impressed|3|07,"ac355427, ac411100, ac419100",2,0.87471701996295537,-0.0043097441886291721,3,3
fixed_test,5,1,impressed|3|07,"ac355427, ac411100, ac419100",3,0.87471701996295537,-0.0043097441886291721,3,3
fixed_test,5,1,impressed|3|07,"ac355427, ac411100, ac419100",4,0.87471701996295537,-0.0043097441886291721,3,3
fixed_test,5,1,impressed|3|07,"ac355427, ac411100, ac419100",5,0.87471701996295537,-0.0043097441886291721,3,3
fixed_test,5,1,impressed|3|07,"ac355427, ac411100, ac419100",6,0.87471701996295537,-0.0043097441886291721,3,3
fixed_test,5,1,impressed|3|07,"ac355427, ac411100, ac419100",7,0.87471701996295537,-0.0043097441886291721,3,3
fixed_test,5,1,impressed|3|07,"ac355427, ac411100, ac419100",8,0.87471701996295537,-0.0043097441886291721,3,3
fixed_test,5,1,impressed|3|07,"ac355427, ac411100, ac419100",9,0.87471701996295537,0,3,3
fixed_test,5,1,impressed|3|08,"376400, ac370000, ac411100",0,0.87471701996295537,0,3,2
fixed_test,5,1,impressed|3|08,"376400, ac370000, ac411100",1,0.87471701996295537,0,3,3
fixed_test,5,1,impressed|3|08,"376400, ac370000, ac411100",2,0.87471701996295537,-0.0046332974363342272,3,3
fixed_test,5,1,impressed|3|08,"376400, ac370000, ac411100",3,0.87471701996295537,-0.0046332974363342272,3,3
fixed_test,5,1,impressed|3|08,"376400, ac370000, ac411100",4,0.87471701996295537,0.0046512362445867428,3,2
fixed_test,5,1,impressed|3|08,"376400, ac370000, ac411100",5,0.87471701996295537,0.0046512362445867428,3,2
fixed_test,5,1,impressed|3|08,"376400, ac370000, ac411100",6,0.87471701996295537,0,3,3
fixed_test,5,1,impressed|3|08,"376400, ac370000, ac411100",7,0.87471701996295537,0,3,3
fixed_test,5,1,impressed|3|08,"376400, ac370000, ac411100",8,0.87471701996295537,0,3,3
fixed_test,5,1,impressed|3|08,"376400, ac370000, ac411100",9,0.87471701996295537,-0.0046332974363342272,3,3
fixed_test,5,1,impressed|3|09,"376400, ac370419, ac378452",0,0.87471701996295537,0,0,0
fixed_test,5,1,impressed|3|09,"376400, ac370419, ac378452",1,0.87471701996295537,0,0,0
fixed_test,5,1,impressed|3|09,"376400, ac370419, ac378452",2,0.87471701996295537,0,0,0
fixed_test,5,1,impressed|3|09,"376400, ac370419, ac378452",3,0.87471701996295537,0,0,0
fixed_test,5,1,impressed|3|09,"376400, ac370419, ac378452",4,0.87471701996295537,0,0,0
fixed_test,5,1,impressed|3|09,"376400, ac370419, ac378452",5,0.87471701996295537,0,0,0
fixed_test,5,1,impressed|3|09,"376400, ac370419, ac378452",6,0.87471701996295537,0,0,0
fixed_test,5,1,impressed|3|09,"376400, ac370419, ac378452",7,0.87471701996295537,0,0,0
fixed_test,5,1,impressed|3|09,"376400, ac370419, ac378452",8,0.87471701996295537,0,0,0
fixed_test,5,1,impressed|3|09,"376400, ac370419, ac378452",9,0.87471701996295537,0,0,0
fixed_test,5,1,impressed|3|10,"ac410500, ac411100, ac415100",0,0.87471701996295537,0,2,2
fixed_test,5,1,impressed|3|10,"ac410500, ac411100, ac415100",1,0.87471701996295537,0,2,2
fixed_test,5,1,impressed|3|10,"ac410500, ac411100, ac415100",2,0.87471701996295537,0,2,2
fixed_test,5,1,impressed|3|10,"ac410500, ac411100, ac415100",3,0.87471701996295537,0,2,2
fixed_test,5,1,impressed|3|10,"ac410500, ac411100, ac415100",4,0.87471701996295537,0,2,2
fixed_test,5,1,impressed|3|10,"ac410500, ac411100, ac415100",5,0.87471701996295537,0,2,2
fixed_test,5,1,impressed|3|10,"ac410500, ac411100, ac415100",6,0.87471701996295537,0,2,2
fixed_test,5,1,impressed|3|10,"ac410500, ac411100, ac415100",7,0.87471701996295537,0,2,2
fixed_test,5,1,impressed|3|10,"ac410500, ac411100, ac415100",8,0.87471701996295537,0,2,2
fixed_test,5,1,impressed|3|10,"ac410500, ac411100, ac415100",9,0.87471701996295537,0,2,2
fixed_train,5,1,apriori|1|01,ac370000,0,0.99446776562690631,0.074564677900857745,624,614
fixed_train,5,1,apriori|1|01,ac370000,1,0.99446776562690631,0.077785333043067895,624,619
fixed_train,5,1,apriori|1|01,ac370000,2,0.99446776562690631,0.078919406681217219,624,616
fixed_train,5,1,apriori|1|01,ac370000,3,0.99446776562690631,0.073474996708166818,624,613
fixed_train,5,1,apriori|1|01,ac370000,4,0.99446776562690631,0.079164443439186161,624,614
fixed_train,5,1,apriori|1|01,ac370000,5,0.99446776562690631,0.089734580870702962,624,615
fixed_train,5,1,apriori|1|01,ac370000,6,0.99446776562690631,0.07024900366947251,624,616
fixed_train,5,1,apriori|1|01,ac370000,7,0.99446776562690631,0.065584937041062941,624,610
fixed_train,5,1,apriori|1|01,ac370000,8,0.99446776562690631,0.071162222655670626,624,618
fixed_train,5,1,apriori|1|01,ac370000,9,0.99446776562690631,0.078966473679683791,624,612
fixed_train,5,1,apriori|1|02,ac419100,0,0.99446776562690631,0.036465986134210038,584,487
fixed_train,5,1,apriori|1|02,ac419100,1,0.99446776562690631,0.037561958453170008,584,485
fixed_train,5,1,apriori|1|02,ac419100,2,0.99446776562690631,0.048659097554188846,584,497
fixed_train,5,1,apriori|1|02,ac419100,3,0.99446776562690631,0.042023424256970587,584,492
fixed_train,5,1,apriori|1|02,ac419100,4,0.99446776562690631,0.039771917059645112,584,481
fixed_train,5,1,apriori|1|02,ac419100,5,0.99446776562690631,0.040971079149037193,584,472
fixed_train,5,1,apriori|1|02,ac419100,6,0.99446776562690631,0.035351999846694904,584,487
fixed_train,5,1,apriori|1|02,ac419100,7,0.99446776562690631,0.045286049031707409,584,491
fixed_train,5,1,apriori|1|02,ac419100,8,0.99446776562690631,0.046424215247759748,584,482
fixed_train,5,1,apriori|1|02,ac419100,9,0.99446776562690631,0.047565110759649643,584,491
fixed_train,5,1,apriori|1|03,370407,0,0.99446776562690631,0.021093931130884425,527,501
fixed_train,5,1,apriori|1|03,370407,1,0.99446776562690631,0.019952323180619902,527,509
fixed_train,5,1,apriori|1|03,370407,2,0.99446776562690631,0.028868861236211574,527,500
fixed_train,5,1,apriori|1|03,370407,3,0.99446776562690631,0.028833580145510518,527,505
fixed_train,5,1,apriori|1|03,370407,4,0.99446776562690631,0.024414477700831605,527,509
fixed_train,5,1,apriori|1|03,370407,5,0.99446776562690631,0.028833580145510518,527,501
fixed_train,5,1,apriori|1|03,370407,6,0.99446776562690631,0.025441216954339985,527,506
fixed_train,5,1,apriori|1|03,370407,7,0.99446776562690631,0.019939947554623139,527,504
fixed_train,5,1,apriori|1|03,370407,8,0.99446776562690631,0.023297983134387024,527,513
fixed_train,5,1,apriori|1|03,370407,9,0.99446776562690631,0.024369892237704249,527,505
fixed_train,5,1,apriori|1|04,ac370419,0,0.99446776562690631,0.015520226214756683,510,489
fixed_train,5,1,apriori|1|04,ac370419,1,0.99446776562690631,0.017724975213082472,510,488
fixed_train,5,1,apriori|1|04,ac370419,2,0.99446776562690631,0.018838346270668271,510,486
fixed_train,5,1,apriori|1|04,ac370419,3,0.99446776562690631,0.013277362495424549,510,495
fixed_train,5,1,apriori|1|04,ac370419,4,0.99446776562690631,0.017747833526605916,510,487
fixed_train,5,1,apriori|1|04,ac370419,5,0.99446776562690631,0.013295030530001362,510,488
fixed_train,5,1,apriori|1|04,ac370419,6,0.99446776562690631,0.016601807800457724,510,491
fixed_train,5,1,apriori|1|04,ac370419,7,0.99446776562690631,0.011088129248893575,510,491
fixed_train,5,1,apriori|1|04,ac370419,8,0.99446776562690631,0.014427146978239103,510,488
fixed_train,5,1,apriori|1|04,ac370419,9,0.99446776562690631,0.01441712791192884,510,489
fixed_train,5,1,apriori|1|05,ac370443,0,0.99446776562690631,0.011072171605624459,499,487
fixed_train,5,1,apriori|1|05,ac370443,1,0.99446776562690631,0.012158956769425022,499,476
fixed_train,5,1,apriori|1|05,ac370443,2,0.99446776562690631,0.0099615951483923437,499,475
fixed_train,5,1,apriori|1|05,ac370443,3,0.99446776562690631,0.0066501135053795846,499,474
fixed_train,5,1,apriori|1|05,ac370443,4,0.99446776562690631,0.013304177731825129,499,480
fixed_train,5,1,apriori|1|05,ac370443,5,0.99446776562690631,0.012191824276915009,499,481
fixed_train,5,1,apriori|1|05,ac370443,6,0.99446776562690631,0.011064468746187273,499,475
fixed_train,5,1,apriori|1|05,ac370443,7,0.99446776562690631,0.013286092402786887,499,469
fixed_train,5,1,apriori|1|05,ac370443,8,0.99446776562690631,0.011080058188460806,499,475
fixed_train,5,1,apriori|1|05,ac370443,9,0.99446776562690631,0.0088582508084620315,499,477
fixed_train,5,1,apriori|1|06,ac370442,0,0.99446776562690631,0.0088515749969497737,496,481
fixed_train,5,1,apriori|1|06,ac370442,1,0.99446776562690631,0.01439775713639091,496,470
fixed_train,5,1,apriori|1|06,ac370442,2,0.99446776562690631,0.012191824276915009,496,475
fixed_train,5,1,apriori|1|06,ac370442,3,0.99446776562690631,0.0099615951483923437,496,483
fixed_train,5,1,apriori|1|06,ac370442,4,0.99446776562690631,0.0066386812477121637,496,474
fixed_train,5,1,apriori|1|06,ac370442,5,0.99446776562690631,0.0099839362930350672,496,471
fixed_train,5,1,apriori|1|06,ac370442,6,0.99446776562690631,0.014407331608166096,496,468
fixed_train,5,1,apriori|1|06,ac370442,7,0.99446776562690631,0.021066915340269832,496,475
fixed_train,5,1,apriori|1|06,ac370442,8,0.99446776562690631,0.016601807800457724,496,479
fixed_train,5,1,apriori|1|06,ac370442,9,0.99446776562690631,0.011072171605624459,496,474
fixed_train,5,1,apriori|1|07,370712b,0,0.99446776562690631,0.011056948869951899,481,461
fixed_train,5,1,apriori|1|07,370712b,1,0.99446776562690631,0.0088515749969497737,481,459
fixed_train,5,1,apriori|1|07,370712b,2,0.99446776562690631,0.01218331363533709,481,465
fixed_train,5,1,apriori|1|07,370712b,3,0.99446776562690631,0.012174999365747396,481,455
fixed_train,5,1,apriori|1|07,370712b,4,0.99446776562690631,0.011064468746187273,481,450
fixed_train,5,1,apriori|1|07,370712b,5,0.99446776562690631,0.0044304092141371765,481,458
fixed_train,5,1,apriori|1|07,370712b,6,0.99446776562690631,0.0077481909310370689,481,458
fixed_train,5,1,apriori|1|07,370712b,7,0.99446776562690631,0.01218331363533709,481,467
fixed_train,5,1,apriori|1|07,370712b,8,0.99446776562690631,0.0066386812477121637,481,460
fixed_train,5,1,apriori|1|07,370712b,9,0.99446776562690631,0.0088582508084620315,481,459
fixed_train,5,1,apriori|1|08,370715a,0,0.99446776562690631,0.0099615951483923437,480,464
fixed_train,5,1,apriori|1|08,370715a,1,0.99446776562690631,0.0099688701342832697,480,459
fixed_train,5,1,apriori|1|08,370715a,2,0.99446776562690631,0.0099544912906230909,480,454
fixed_train,5,1,apriori|1|08,370715a,3,0.99446776562690631,0.0055247600909803518,480,463
fixed_train,5,1,apriori|1|08,370715a,4,0.99446776562690631,0.0055297125295611371,480,453
fixed_train,5,1,apriori|1|08,370715a,5,0.99446776562690631,0.0066386812477121637,480,460
fixed_train,5,1,apriori|1|08,370715a,6,0.99446776562690631,0.0088582508084620315,480,453
fixed_train,5,1,apriori|1|08,370715a,7,0.99446776562690631,0.0011079782789716885,480,465
fixed_train,5,1,apriori|1|08,370715a,8,0.99446776562690631,0.0033173231490302157,480,454
fixed_train,5,1,apriori|1|08,370715a,9,0.99446776562690631,0.0099615951483923437,480,463
fixed_train,5,1,apriori|1|09,ac370403,0,0.99446776562690631,0.01441712791192884,477,457
fixed_train,5,1,apriori|1|09,ac370403,1,0.99446776562690631,0.011088129248893575,477,457
fixed_train,5,1,apriori|1|09,ac370403,2,0.99446776562690631,0.0077544266332293388,477,459
fixed_train,5,1,apriori|1|09,ac370403,3,0.99446776562690631,0.0099839362930350672,477,456
fixed_train,5,1,apriori|1|09,ac370403,4,0.99446776562690631,0.0077544266332293388,477,458
fixed_train,5,1,apriori|1|09,ac370403,5,0.99446776562690631,0.0099839362930350672,477,447
fixed_train,5,1,apriori|1|09,ac370403,6,0.99446776562690631,0.019964982850386948,477,459
fixed_train,5,1,apriori|1|09,ac370403,7,0.99446776562690631,0.014427146978239103,477,449
fixed_train,5,1,apriori|1|09,ac370403,8,0.99446776562690631,0.012200532102481954,477,459
fixed_train,5,1,apriori|1|09,ac370403,9,0.99446776562690631,0.016644856017275944,477,453
fixed_train,5,1,apriori|1|10,370488e,0,0.99446776562690631,0.013304177731825129,478,458
fixed_train,5,1,apriori|1|10,370488e,1,0.99446776562690631,0.013286092402786887,478,462
fixed_train,5,1,apriori|1|10,370488e,2,0.99446776562690631,0.0066386812477121637,478,465
fixed_train,5,1,apriori|1|10,370488e,3,0.99446776562690631,0.0055347867136819051,478,453
fixed_train,5,1,apriori|1|10,370488e,4,0.99446776562690631,0.012166880671154123,478,451
fixed_train,5,1,apriori|1|10,370488e,5,0.99446776562690631,0.011088129248893575,478,455
fixed_train,5,1,apriori|1|10,370488e,6,0.99446776562690631,0.0088650858469202509,478,457
fixed_train,5,1,apriori|1|10,370488e,7,0.99446776562690631,0.0088650858469202509,478,455
fixed_train,5,1,apriori|1|10,370488e,8,0.99446776562690631,0.0077544266332293388,478,452
fixed_train,5,1,apriori|1|10,370488e,9,0.99446776562690631,0.0088650858469202509,478,454
fixed_train,5,1,apriori|2|01,"370407, ac370000",0,0.99446776562690631,0.034386528329571786,527,526
fixed_train,5,1,apriori|2|01,"370407, ac370000",1,0.99446776562690631,0.045399966151144833,527,522
fixed_train,5,1,apriori|2|01,"370407, ac370000",2,0.99446776562690631,0.037639221171573589,527,525
fixed_train,5,1,apriori|2|01,"370407, ac370000",3,0.99446776562690631,0.040907142376017669,527,527
fixed_train,5,1,apriori|2|01,"370407, ac370000",4,0.99446776562690631,0.044213302497936424,527,525
fixed_train,5,1,apriori|2|01,"370407, ac370000",5,0.99446776562690631,0.038735849974009029,527,525
fixed_train,5,1,apriori|2|01,"370407, ac370000",6,0.99446776562690631,0.040927942618056767,527,524
fixed_train,5,1,apriori|2|01,"370407, ac370000",7,0.99446776562690631,0.033175859860679391,527,525
fixed_train,5,1,apriori|2|01,"370407, ac370000",8,0.99446776562690631,0.037659726286947914,527,525
fixed_train,5,1,apriori|2|01,"370407, ac370000",9,0.99446776562690631,0.028799836920785471,527,526
fixed_train,5,1,apriori|2|02,"ac370000, ac370419",0,0.99446776562690631,0.031069302606148597,510,508
fixed_train,5,1,apriori|2|02,"ac370000, ac370419",1,0.99446776562690631,0.036562404920676972,510,506
fixed_train,5,1,apriori|2|02,"ac370000, ac370419",2,0.99446776562690631,0.033229781603866693,510,509
fixed_train,5,1,apriori|2|02,"ac370000, ac370419",3,0.99446776562690631,0.026616430821729486,510,505
fixed_train,5,1,apriori|2|02,"ac370000, ac370419",4,0.99446776562690631,0.04211280800993622,510,509
fixed_train,5,1,apriori|2|02,"ac370000, ac370419",5,0.99446776562690631,0.024369892237704249,510,509
fixed_train,5,1,apriori|2|02,"ac370000, ac370419",6,0.99446776562690631,0.032228136709406607,510,506
fixed_train,5,1,apriori|2|02,"ac370000, ac370419",7,0.99446776562690631,0.034366490196951593,510,506
fixed_train,5,1,apriori|2|02,"ac370000, ac370419",8,0.99446776562690631,0.036503163856994814,510,507
fixed_train,5,1,apriori|2|02,"ac370000, ac370419",9,0.99446776562690631,0.039919326764414897,510,509
fixed_train,5,1,apriori|2|03,"ac370000, ac370443",0,0.99446776562690631,0.033267878793072136,499,497
fixed_train,5,1,apriori|2|03,"ac370000, ac370443",1,0.99446776562690631,0.028799836920785471,499,497
fixed_train,5,1,apriori|2|03,"ac370000, ac370443",2,0.99446776562690631,0.026600468629414786,499,498
fixed_train,5,1,apriori|2|03,"ac370000, ac370443",3,0.99446776562690631,0.033229781603866693,499,497
fixed_train,5,1,apriori|2|03,"ac370000, ac370443",4,0.99446776562690631,0.032131390258174686,499,498
fixed_train,5,1,apriori|2|03,"ac370000, ac370443",5,0.99446776562690631,0.034346897589425884,499,496
fixed_train,5,1,apriori|2|03,"ac370000, ac370443",6,0.99446776562690631,0.028816517112346451,499,499
fixed_train,5,1,apriori|2|03,"ac370000, ac370443",7,0.99446776562690631,0.027653606334870906,499,496
fixed_train,5,1,apriori|2|03,"ac370000, ac370443",8,0.99446776562690631,0.032061546804758256,499,496
fixed_train,5,1,apriori|2|03,"ac370000, ac370443",9,0.99446776562690631,0.034366490196951593,499,494
fixed_train,5,1,apriori|2|04,"ac370419, ac370443",0,0.99446776562690631,0.019952323180619902,497,497
fixed_train,5,1,apriori|2|04,"ac370419, ac370443",1,0.99446776562690631,0.024399281497948566,497,496
fixed_train,5,1,apriori|2|04,"ac370419, ac370443",2,0.99446776562690631,0.023255531140606411,497,495
fixed_train,5,1,apriori|2|04,"ac370419, ac370443",3,0.99446776562690631,0.022141775591436597,497,495
fixed_train,5,1,apriori|2|04,"ac370419, ac370443",4,0.99446776562690631,0.025455424669878157,497,496
fixed_train,5,1,apriori|2|04,"ac370419, ac370443",5,0.99446776562690631,0.017692622167170269,497,493
fixed_train,5,1,apriori|2|04,"ac370419, ac370443",6,0.99446776562690631,0.021028616235167941,497,496
fixed_train,5,1,apriori|2|04,"ac370419, ac370443",7,0.99446776562690631,0.018815212017812666,497,496
fixed_train,5,1,apriori|2|04,"ac370419, ac370443",8,0.99446776562690631,0.0243150877495244,497,496
fixed_train,5,1,apriori|2|04,"ac370419, ac370443",9,0.99446776562690631,0.022116404365315812,497,496
fixed_train,5,1,apriori|2|05,"370407, ac370419",0,0.99446776562690631,0.028799836920785471,497,495
fixed_train,5,1,apriori|2|05,"370407, ac370419",1,0.99446776562690631,0.019904513266242985,497,495
fixed_train,5,1,apriori|2|05,"370407, ac370419",2,0.99446776562690631,0.023255531140606411,497,496
fixed_train,5,1,apriori|2|05,"370407, ac370419",3,0.99446776562690631,0.025455424669878157,497,496
fixed_train,5,1,apriori|2|05,"370407, ac370419",4,0.99446776562690631,0.02546997464166012,497,497
fixed_train,5,1,apriori|2|05,"370407, ac370419",5,0.99446776562690631,0.031014809262326137,497,496
fixed_train,5,1,apriori|2|05,"370407, ac370419",6,0.99446776562690631,0.024328295464388527,497,495
fixed_train,5,1,apriori|2|05,"370407, ac370419",7,0.99446776562690631,0.02546997464166012,497,497
fixed_train,5,1,apriori|2|05,"370407, ac370419",8,0.99446776562690631,0.027700375595672622,497,496
fixed_train,5,1,apriori|2|05,"370407, ac370419",9,0.99446776562690631,0.026554724990849543,497,494
fixed_train,5,1,apriori|2|06,"ac370000, ac370442",0,0.99446776562690631,0.033267878793072136,496,494
fixed_train,5,1,apriori|2|06,"ac370000, ac370442",1,0.99446776562690631,0.028816517112346451,496,494
fixed_train,5,1,apriori|2|06,"ac370000, ac370442",2,0.99446776562690631,0.036562404920676972,496,494
fixed_train,5,1,apriori|2|06,"ac370000, ac370442",3,0.99446776562690631,0.027733401212460707,496,494
fixed_train,5,1,apriori|2|06,"ac370000, ac370442",4,0.99446776562690631,0.032131390258174686,496,496
fixed_train,5,1,apriori|2|06,"ac370000, ac370442",5,0.99446776562690631,0.02993329857805771,496,492
fixed_train,5,1,apriori|2|06,"ac370000, ac370442",6,0.99446776562690631,0.02993329857805771,496,491
fixed_train,5,1,apriori|2|06,"ac370000, ac370442",7,0.99446776562690631,0.034407013882873594,496,491
fixed_train,5,1,apriori|2|06,"ac370000, ac370442",8,0.99446776562690631,0.025500106959163826,496,495
fixed_train,5,1,apriori|2|06,"ac370000, ac370442",9,0.99446776562690631,0.023297983134387024,496,492
fixed_train,5,1,apriori|2|07,"ac370419, ac370442",0,0.99446776562690631,0.023283511149716829,493,493
fixed_train,5,1,apriori|2|07,"ac370419, ac370442",1,0.99446776562690631,0.022128937492374545,493,493
fixed_train,5,1,apriori|2|07,"ac370419, ac370442",2,0.99446776562690631,0.017736274697688459,493,492
fixed_train,5,1,apriori|2|07,"ac370419, ac370442",3,0.99446776562690631,0.023228827573808952,493,490
fixed_train,5,1,apriori|2|07,"ac370419, ac370442",4,0.99446776562690631,0.024341831241611822,493,493
fixed_train,5,1,apriori|2|07,"ac370419, ac370442",5,0.99446776562690631,0.018815212017812666,493,493
fixed_train,5,1,apriori|2|07,"ac370419, ac370442",6,0.99446776562690631,0.019916043743137157,493,492
fixed_train,5,1,apriori|2|07,"ac370419, ac370442",7,0.99446776562690631,0.01879315344786936,493,493
fixed_train,5,1,apriori|2|07,"ac370419, ac370442",8,0.99446776562690631,0.024355696388599246,493,492
fixed_train,5,1,apriori|2|07,"ac370419, ac370442",9,0.99446776562690631,0.027653606334870906,493,493
fixed_train,5,1,apriori|2|08,"ac370442, ac370443",0,0.99446776562690631,0.022128937492374545,493,493
fixed_train,5,1,apriori|2|08,"ac370442, ac370443",1,0.99446776562690631,0.019904513266242985,493,491
fixed_train,5,1,apriori|2|08,"ac370442, ac370443",2,0.99446776562690631,0.023215951233498955,493,491
fixed_train,5,1,apriori|2|08,"ac370442, ac370443",3,0.99446776562690631,0.018782524867976935,493,492
fixed_train,5,1,apriori|2|08,"ac370442, ac370443",4,0.99446776562690631,0.022141775591436597,493,490
fixed_train,5,1,apriori|2|08,"ac370442, ac370443",5,0.99446776562690631,0.021028616235167941,493,492
fixed_train,5,1,apriori|2|08,"ac370442, ac370443",6,0.99446776562690631,0.015500013199949314,493,491
fixed_train,5,1,apriori|2|08,"ac370442, ac370443",7,0.99446776562690631,0.01879315344786936,493,493
fixed_train,5,1,apriori|2|08,"ac370442, ac370443",8,0.99446776562690631,0.022128937492374545,493,493
fixed_train,5,1,apriori|2|08,"ac370442, ac370443",9,0.99446776562690631,0.022141775591436597,493,492
fixed_train,5,1,apriori|2|09,"370407, ac370443",0,0.99446776562690631,0.02104108763955248,487,485
fixed_train,5,1,apriori|2|09,"370407, ac370443",1,0.99446776562690631,0.01882664413849866,487,486
fixed_train,5,1,apriori|2|09,"370407, ac370443",2,0.99446776562690631,0.020992957526256184,487,486
fixed_train,5,1,apriori|2|09,"370407, ac370443",3,0.99446776562690631,0.026554724990849543,487,486
fixed_train,5,1,apriori|2|09,"370407, ac370443",4,0.99446776562690631,0.019927854794274169,487,487
fixed_train,5,1,apriori|2|09,"370407, ac370443",5,0.99446776562690631,0.022116404365315812,487,487
fixed_train,5,1,apriori|2|09,"370407, ac370443",6,0.99446776562690631,0.027668828887233321,487,486
fixed_train,5,1,apriori|2|09,"370407, ac370443",7,0.99446776562690631,0.022104174999700632,487,485
fixed_train,5,1,apriori|2|09,"370407, ac370443",8,0.99446776562690631,0.025455424669878157,487,486
fixed_train,5,1,apriori|2|09,"370407, ac370443",9,0.99446776562690631,0.019904513266242985,487,486
fixed_train,5,1,apriori|2|10,"370407, ac370442",0,0.99446776562690631,0.02541382284281446,484,482
fixed_train,5,1,apriori|2|10,"370407, ac370442",1,0.99446776562690631,0.021016438193278031,484,483
fixed_train,5,1,apriori|2|10,"370407, ac370442",2,0.99446776562690631,0.022141775591436597,484,483
fixed_train,5,1,apriori|2|10,"370407, ac370442",3,0.99446776562690631,0.023215951233498955,484,482
fixed_train,5,1,apriori|2|10,"370407, ac370442",4,0.99446776562690631,0.022092248207844611,484,482
fixed_train,5,1,apriori|2|10,"370407, ac370442",5,0.99446776562690631,0.024355696388599246,484,484
fixed_train,5,1,apriori|2|10,"370407, ac370442",6,0.99446776562690631,0.024355696388599246,484,484
fixed_train,5,1,apriori|2|10,"370407, ac370442",7,0.99446776562690631,0.021028616235167941,484,482
fixed_train,5,1,apriori|2|10,"370407, ac370442",8,0.99446776562690631,0.023191143203532993,484,484
fixed_train,5,1,apriori|2|10,"370407, ac370442",9,0.99446776562690631,0.029882233104588485,484,484
fixed_train,5,1,apriori|3|01,"ac370000, ac370419, ac370443",0,0.99446776562690631,0.036503163856994814,497,497
fixed_train,5,1,apriori|3|01,"ac370000, ac370419, ac370443",1,0.99446776562690631,0.035406299987799428,497,497
fixed_train,5,1,apriori|3|01,"ac370000, ac370419, ac370443",2,0.99446776562690631,0.035444753945407248,497,497
fixed_train,5,1,apriori|3|01,"ac370000, ac370419, ac370443",3,0.99446776562690631,0.035444753945407248,497,496
fixed_train,5,1,apriori|3|01,"ac370000, ac370419, ac370443",4,0.99446776562690631,0.038756635647983373,497,497
fixed_train,5,1,apriori|3|01,"ac370000, ac370419, ac370443",5,0.99446776562690631,0.032149894387504596,497,497
fixed_train,5,1,apriori|3|01,"ac370000, ac370419, ac370443",6,0.99446776562690631,0.034290774476463781,497,497
fixed_train,5,1,apriori|3|01,"ac370000, ac370419, ac370443",7,0.99446776562690631,0.042002389748112767,497,496
fixed_train,5,1,apriori|3|01,"ac370000, ac370419, ac370443",8,0.99446776562690631,0.030963968761606675,497,497
fixed_train,5,1,apriori|3|01,"ac370000, ac370419, ac370443",9,0.99446776562690631,0.038695743483202816,497,497
fixed_train,5,1,apriori|3|02,"370407, ac370000, ac370419",0,0.99446776562690631,0.046401792879070092,497,497
fixed_train,5,1,apriori|3|02,"370407, ac370000, ac370419",1,0.99446776562690631,0.030980512489324541,497,497
fixed_train,5,1,apriori|3|02,"370407, ac370000, ac370419",2,0.99446776562690631,0.042067062765898444,497,497
fixed_train,5,1,apriori|3|02,"370407, ac370000, ac370419",3,0.99446776562690631,0.043140331998587689,497,496
fixed_train,5,1,apriori|3|02,"370407, ac370000, ac370419",4,0.99446776562690631,0.043118541268832411,497,497
fixed_train,5,1,apriori|3|02,"370407, ac370000, ac370419",5,0.99446776562690631,0.044170908582960022,497,496
fixed_train,5,1,apriori|3|02,"370407, ac370000, ac370419",6,0.99446776562690631,0.046358645938816334,497,496
fixed_train,5,1,apriori|3|02,"370407, ac370000, ac370419",7,0.99446776562690631,0.044150523372352035,497,497
fixed_train,5,1,apriori|3|02,"370407, ac370000, ac370419",8,0.99446776562690631,0.045307716767326811,497,497
fixed_train,5,1,apriori|3|02,"370407, ac370000, ac370419",9,0.99446776562690631,0.039752851431310687,497,497
fixed_train,5,1,apriori|3|03,"ac370000, ac370419, ac370442",0,0.99446776562690631,0.040949254191364082,493,492
fixed_train,5,1,apriori|3|03,"ac370000, ac370419, ac370442",1,0.99446776562690631,0.036522445756653865,493,493
fixed_train,5,1,apriori|3|03,"ac370000, ac370419, ac370442",2,0.99446776562690631,0.046424215247759748,493,493
fixed_train,5,1,apriori|3|03,"ac370000, ac370419, ac370442",3,0.99446776562690631,0.035406299987799428,493,492
fixed_train,5,1,apriori|3|03,"ac370000, ac370419, ac370442",4,0.99446776562690631,0.038715553237525735,493,493
fixed_train,5,1,apriori|3|03,"ac370000, ac370419, ac370442",5,0.99446776562690631,0.039874698628488359,493,493
fixed_train,5,1,apriori|3|03,"ac370000, ac370419, ac370442",6,0.99446776562690631,0.048734587994650802,493,493
fixed_train,5,1,apriori|3|03,"ac370000, ac370419, ac370442",7,0.99446776562690631,0.031050729469291327,493,492
fixed_train,5,1,apriori|3|03,"ac370000, ac370419, ac370442",8,0.99446776562690631,0.032095637321943649,493,493
fixed_train,5,1,apriori|3|03,"ac370000, ac370419, ac370442",9,0.99446776562690631,0.042089670970029025,493,493
fixed_train,5,1,apriori|3|04,"ac370000, ac370442, ac370443",0,0.99446776562690631,0.034327748645875622,493,493
fixed_train,5,1,apriori|3|04,"ac370000, ac370442, ac370443",1,0.99446776562690631,0.034309041539298701,493,493
fixed_train,5,1,apriori|3|04,"ac370000, ac370442, ac370443",2,0.99446776562690631,0.033211379577248734,493,493
fixed_train,5,1,apriori|3|04,"ac370000, ac370442, ac370443",3,0.99446776562690631,0.040927942618056767,493,493
fixed_train,5,1,apriori|3|04,"ac370000, ac370442, ac370443",4,0.99446776562690631,0.036583086006398591,493,493
fixed_train,5,1,apriori|3|04,"ac370000, ac370442, ac370443",5,0.99446776562690631,0.034309041539298701,493,493
fixed_train,5,1,apriori|3|04,"ac370000, ac370442, ac370443",6,0.99446776562690631,0.039853141968736017,493,493
fixed_train,5,1,apriori|3|04,"ac370000, ac370442, ac370443",7,0.99446776562690631,0.040927942618056767,493,493
fixed_train,5,1,apriori|3|04,"ac370000, ac370442, ac370443",8,0.99446776562690631,0.036522445756653865,493,493
fixed_train,5,1,apriori|3|04,"ac370000, ac370442, ac370443",9,0.99446776562690631,0.033229781603866693,493,493
fixed_train,5,1,apriori|3|05,"ac370419, ac370442, ac370443",0,0.99446776562690631,0.027624255501093709,491,490
fixed_train,5,1,apriori|3|05,"ac370419, ac370442, ac370443",1,0.99446776562690631,0.032045120817651873,491,491
fixed_train,5,1,apriori|3|05,"ac370419, ac370442, ac370443",2,0.99446776562690631,0.029834688159372735,491,491
fixed_train,5,1,apriori|3|05,"ac370419, ac370442, ac370443",3,0.99446776562690631,0.022141775591436597,491,491
fixed_train,5,1,apriori|3|05,"ac370419, ac370442, ac370443",4,0.99446776562690631,0.036484344590387963,491,490
fixed_train,5,1,apriori|3|05,"ac370419, ac370442, ac370443",5,0.99446776562690631,0.029819614951985263,491,491
fixed_train,5,1,apriori|3|05,"ac370419, ac370442, ac370443",6,0.99446776562690631,0.02763874901912855,491,491
fixed_train,5,1,apriori|3|05,"ac370419, ac370442, ac370443",7,0.99446776562690631,0.033142041240219799,491,491
fixed_train,5,1,apriori|3|05,"ac370419, ac370442, ac370443",8,0.99446776562690631,0.029865995715401938,491,491
fixed_train,5,1,apriori|3|05,"ac370419, ac370442, ac370443",9,0.99446776562690631,0.030947825998995038,491,491
fixed_train,5,1,apriori|3|06,"370407, ac370000, ac370443",0,0.99446776562690631,0.038657577283255029,487,487
fixed_train,5,1,apriori|3|06,"370407, ac370000, ac370443",1,0.99446776562690631,0.0508217100920203,487,487
fixed_train,5,1,apriori|3|06,"370407, ac370000, ac370443",2,0.99446776562690631,0.046401792879070092,487,487
fixed_train,5,1,apriori|3|06,"370407, ac370000, ac370443",3,0.99446776562690631,0.037639221171573589,487,486
fixed_train,5,1,apriori|3|06,"370407, ac370000, ac370443",4,0.99446776562690631,0.03981153315789776,487,486
fixed_train,5,1,apriori|3|06,"370407, ac370000, ac370443",5,0.99446776562690631,0.040867067866072415,487,487
fixed_train,5,1,apriori|3|06,"370407, ac370000, ac370443",6,0.99446776562690631,0.039734278239423437,487,487
fixed_train,5,1,apriori|3|06,"370407, ac370000, ac370443",7,0.99446776562690631,0.039734278239423437,487,487
fixed_train,5,1,apriori|3|06,"370407, ac370000, ac370443",8,0.99446776562690631,0.038695743483202816,487,487
fixed_train,5,1,apriori|3|06,"370407, ac370000, ac370443",9,0.99446776562690631,0.036465986134210038,487,487
fixed_train,5,1,apriori|3|07,"370407, ac370419, ac370443",0,0.99446776562690631,0.027668828887233321,487,487
fixed_train,5,1,apriori|3|07,"370407, ac370419, ac370443",1,0.99446776562690631,0.026526000499347835,487,486
fixed_train,5,1,apriori|3|07,"370407, ac370419, ac370443",2,0.99446776562690631,0.024328295464388527,487,486
fixed_train,5,1,apriori|3|07,"370407, ac370419, ac370443",3,0.99446776562690631,0.026540186563461354,487,487
fixed_train,5,1,apriori|3|07,"370407, ac370419, ac370443",4,0.99446776562690631,0.02546997464166012,487,487
fixed_train,5,1,apriori|3|07,"370407, ac370419, ac370443",5,0.99446776562690631,0.02541382284281446,487,487
fixed_train,5,1,apriori|3|07,"370407, ac370419, ac370443",6,0.99446776562690631,0.027684418142714162,487,487
fixed_train,5,1,apriori|3|07,"370407, ac370419, ac370443",7,0.99446776562690631,0.029850147911943403,487,485
fixed_train,5,1,apriori|3|07,"370407, ac370419, ac370443",8,0.99446776562690631,0.027668828887233321,487,487
fixed_train,5,1,apriori|3|07,"370407, ac370419, ac370443",9,0.99446776562690631,0.024328295464388527,487,487
fixed_train,5,1,apriori|3|08,"370407, ac370000, ac370442",0,0.99446776562690631,0.046358645938816334,484,484
fixed_train,5,1,apriori|3|08,"370407, ac370000, ac370442",1,0.99446776562690631,0.047473507405943027,484,484
fixed_train,5,1,apriori|3|08,"370407, ac370000, ac370442",2,0.99446776562690631,0.030932082633744695,484,484
fixed_train,5,1,apriori|3|08,"370407, ac370000, ac370442",3,0.99446776562690631,0.034290774476463781,484,484
fixed_train,5,1,apriori|3|08,"370407, ac370000, ac370442",4,0.99446776562690631,0.040867067866072415,484,484
fixed_train,5,1,apriori|3|08,"370407, ac370000, ac370442",5,0.99446776562690631,0.037543822855486186,484,484
fixed_train,5,1,apriori|3|08,"370407, ac370000, ac370442",6,0.99446776562690631,0.035387750959752218,484,484
fixed_train,5,1,apriori|3|08,"370407, ac370000, ac370442",7,0.99446776562690631,0.036465986134210038,484,484
fixed_train,5,1,apriori|3|08,"370407, ac370000, ac370442",8,0.99446776562690631,0.039771917059645112,484,484
fixed_train,5,1,apriori|3|08,"370407, ac370000, ac370442",9,0.99446776562690631,0.034309041539298701,484,484
fixed_train,5,1,apriori|3|09,"370407, ac370419, ac370442",0,0.99446776562690631,0.028736913249171381,483,483
fixed_train,5,1,apriori|3|09,"370407, ac370419, ac370442",1,0.99446776562690631,0.032095637321943649,483,483
fixed_train,5,1,apriori|3|09,"370407, ac370419, ac370442",2,0.99446776562690631,0.028752077662533959,483,483
fixed_train,5,1,apriori|3|09,"370407, ac370419, ac370442",3,0.99446776562690631,0.027624255501093709,483,483
fixed_train,5,1,apriori|3|09,"370407, ac370419, ac370442",4,0.99446776562690631,0.026540186563461354,483,483
fixed_train,5,1,apriori|3|09,"370407, ac370419, ac370442",5,0.99446776562690631,0.039752851431310687,483,483
fixed_train,5,1,apriori|3|09,"370407, ac370419, ac370442",6,0.99446776562690631,0.02763874901912855,483,483
fixed_train,5,1,apriori|3|09,"370407, ac370419, ac370442",7,0.99446776562690631,0.02546997464166012,483,483
fixed_train,5,1,apriori|3|09,"370407, ac370419, ac370442",8,0.99446776562690631,0.026526000499347835,483,483
fixed_train,5,1,apriori|3|09,"370407, ac370419, ac370442",9,0.99446776562690631,0.027624255501093709,483,483
fixed_train,5,1,apriori|3|10,"370407, ac370442, ac370443",0,0.99446776562690631,0.033158738748818473,481,481
fixed_train,5,1,apriori|3|10,"370407, ac370442, ac370443",1,0.99446776562690631,0.032045120817651873,481,481
fixed_train,5,1,apriori|3|10,"370407, ac370442, ac370443",2,0.99446776562690631,0.030980512489324541,481,481
fixed_train,5,1,apriori|3|10,"370407, ac370442, ac370443",3,0.99446776562690631,0.030963968761606675,481,480
fixed_train,5,1,apriori|3|10,"370407, ac370442, ac370443",4,0.99446776562690631,0.027610124369167766,481,481
fixed_train,5,1,apriori|3|10,"370407, ac370442, ac370443",5,0.99446776562690631,0.022116404365315812,481,481
fixed_train,5,1,apriori|3|10,"370407, ac370442, ac370443",6,0.99446776562690631,0.026554724990849543,481,481
fixed_train,5,1,apriori|3|10,"370407, ac370442, ac370443",7,0.99446776562690631,0.033193406238561818,481,481
fixed_train,5,1,apriori|3|10,"370407, ac370442, ac370443",8,0.99446776562690631,0.028707708552187738,481,481
fixed_train,5,1,apriori|3|10,"370407, ac370442, ac370443",9,0.99446776562690631,0.02763874901912855,481,481
fixed_train,5,1,impressed|1|01,376400,0,0.99446776562690631,0.0066501135053795846,266,251
fixed_train,5,1,impressed|1|01,376400,1,0.99446776562690631,0.0044351411638389182,266,248
fixed_train,5,1,impressed|1|01,376400,2,0.99446776562690631,0.0088792362314822348,266,251
fixed_train,5,1,impressed|1|01,376400,3,0.99446776562690631,0.005545302283161635,266,245
fixed_train,5,1,impressed|1|01,376400,4,0.99446776562690631,0.0033255396311216989,266,251
fixed_train,5,1,impressed|1|01,376400,5,0.99446776562690631,0.0077608096144127225,266,247
fixed_train,5,1,impressed|1|01,376400,6,0.99446776562690631,0.0044351411638389182,266,252
fixed_train,5,1,impressed|1|01,376400,7,0.99446776562690631,0.0044351411638389182,266,247
fixed_train,5,1,impressed|1|01,376400,8,0.99446776562690631,0.0066560322830301333,266,250
fixed_train,5,1,impressed|1|01,376400,9,0.99446776562690631,0.0077673404835879589,266,252
fixed_train,5,1,impressed|1|02,ac419100,0,0.99446776562690631,0.036465986134210038,584,487
fixed_train,5,1,impressed|1|02,ac419100,1,0.99446776562690631,0.037561958453170008,584,485
fixed_train,5,1,impressed|1|02,ac419100,2,0.99446776562690631,0.048659097554188846,584,497
fixed_train,5,1,impressed|1|02,ac419100,3,0.99446776562690631,0.042023424256970587,584,492
fixed_train,5,1,impressed|1|02,ac419100,4,0.99446776562690631,0.039771917059645112,584,481
fixed_train,5,1,impressed|1|02,ac419100,5,0.99446776562690631,0.040971079149037193,584,472
fixed_train,5,1,impressed|1|02,ac419100,6,0.99446776562690631,0.035351999846694904,584,487
fixed_train,5,1,impressed|1|02,ac419100,7,0.99446776562690631,0.045286049031707409,584,491
fixed_train,5,1,impressed|1|02,ac419100,8,0.99446776562690631,0.046424215247759748,584,482
fixed_train,5,1,impressed|1|02,ac419100,9,0.99446776562690631,0.047565110759649643,584,491
fixed_train,5,1,impressed|1|03,ac370000,0,0.99446776562690631,0.074564677900857745,624,614
fixed_train,5,1,impressed|1|03,ac370000,1,0.99446776562690631,0.077785333043067895,624,619
fixed_train,5,1,impressed|1|03,ac370000,2,0.99446776562690631,0.078919406681217219,624,616
fixed_train,5,1,impressed|1|03,ac370000,3,0.99446776562690631,0.073474996708166818,624,613
fixed_train,5,1,impressed|1|03,ac370000,4,0.99446776562690631,0.079164443439186161,624,614
fixed_train,5,1,impressed|1|03,ac370000,5,0.99446776562690631,0.089734580870702962,624,615
fixed_train,5,1,impressed|1|03,ac370000,6,0.99446776562690631,0.07024900366947251,624,616
fixed_train,5,1,impressed|1|03,ac370000,7,0.99446776562690631,0.065584937041062941,624,610
fixed_train,5,1,impressed|1|03,ac370000,8,0.99446776562690631,0.071162222655670626,624,618
fixed_train,5,1,impressed|1|03,ac370000,9,0.99446776562690631,0.078966473679683791,624,612
fixed_train,5,1,impressed|1|04,ac415100,0,0.99446776562690631,0.019882289601369507,195,178
fixed_train,5,1,impressed|1|04,ac415100,1,0.99446776562690631,0.018782524867976935,195,182
fixed_train,5,1,impressed|1|04,ac415100,2,0.99446776562690631,0.022104174999700632,195,177
fixed_train,5,1,impressed|1|04,ac415100,3,0.99446776562690631,0.022092248207844611,195,177
fixed_train,5,1,impressed|1|04,ac415100,4,0.99446776562690631,0.01766256567306479,195,180
fixed_train,5,1,impressed|1|04,ac415100,5,0.99446776562690631,0.01882664413849866,195,182
fixed_train,5,1,impressed|1|04,ac415100,6,0.99446776562690631,0.016581754555054395,195,182
fixed_train,5,1,impressed|1|04,ac415100,7,0.99446776562690631,0.016581754555054395,195,184
fixed_train,5,1,impressed|1|04,ac415100,8,0.99446776562690631,0.019893262249877086,195,183
fixed_train,5,1,impressed|1|04,ac415100,9,0.99446776562690631,0.016572092209697797,195,183
fixed_train,5,1,impressed|1|05,ac10307,0,0.99446776562690631,0.0044304092141371765,118,104
fixed_train,5,1,impressed|1|05,ac10307,1,0.99446776562690631,0.0044257874984748868,118,100
fixed_train,5,1,impressed|1|05,ac10307,2,0.99446776562690631,0.0077608096144127225,118,97
fixed_train,5,1,impressed|1|05,ac10307,3,0.99446776562690631,0.0055399831321754078,118,102
fixed_train,5,1,impressed|1|05,ac10307,4,0.99446776562690631,0.005545302283161635,118,97
fixed_train,5,1,impressed|1|05,ac10307,5,0.99446776562690631,0.0066501135053795846,118,102
fixed_train,5,1,impressed|1|05,ac10307,6,0.99446776562690631,0.0033255396311216989,118,93
fixed_train,5,1,impressed|1|05,ac10307,7,0.99446776562690631,0.0055347867136819051,118,98
fixed_train,5,1,impressed|1|05,ac10307,8,0.99446776562690631,0.006644330011299604,118,101
fixed_train,5,1,impressed|1|05,ac10307,9,0.99446776562690631,0.006644330011299604,118,102
fixed_train,5,1,impressed|1|06,ac355427,0,0.99446776562690631,0.0011049337684991833,32,28
fixed_train,5,1,impressed|1|06,ac355427,1,0.99446776562690631,0,32,28
fixed_train,5,1,impressed|1|06,ac355427,2,0.99446776562690631,0,32,28
fixed_train,5,1,impressed|1|06,ac355427,3,0.99446776562690631,0,32,28
fixed_train,5,1,impressed|1|06,ac355427,4,0.99446776562690631,0,32,28
fixed_train,5,1,impressed|1|06,ac355427,5,0.99446776562690631,0,32,29
fixed_train,5,1,impressed|1|06,ac355427,6,0.99446776562690631,0.0011079782789716885,32,28
fixed_train,5,1,impressed|1|06,ac355427,7,0.99446776562690631,0.0011079782789716885,32,27
fixed_train,5,1,impressed|1|06,ac355427,8,0.99446776562690631,0.0011079782789716885,32,29
fixed_train,5,1,impressed|1|06,ac355427,9,0.99446776562690631,0,32,28
fixed_train,5,1,impressed|1|07,337419c,0,0.99446776562690631,0,0,0
fixed_train,5,1,impressed|1|07,337419c,1,0.99446776562690631,0,0,0
fixed_train,5,1,impressed|1|07,337419c,2,0.99446776562690631,0,0,0
fixed_train,5,1,impressed|1|07,337419c,3,0.99446776562690631,0,0,0
fixed_train,5,1,impressed|1|07,337419c,4,0.99446776562690631,0,0,0
fixed_train,5,1,impressed|1|07,337419c,5,0.99446776562690631,0,0,0
fixed_train,5,1,impressed|1|07,337419c,6,0.99446776562690631,0,0,0
fixed_train,5,1,impressed|1|07,337419c,7,0.99446776562690631,0,0,0
fixed_train,5,1,impressed|1|07,337419c,8,0.99446776562690631,0,0,0
fixed_train,5,1,impressed|1|07,337419c,9,0.99446776562690631,0,0,0
fixed_train,5,1,impressed|1|08,ac411100,0,0.99446776562690631,0.026569617185761452,415,374
fixed_train,5,1,impressed|1|08,ac411100,1,0.99446776562690631,0.027684418142714162,415,371
fixed_train,5,1,impressed|1|08,ac411100,2,0.99446776562690631,0.034272945697573109,415,366
fixed_train,5,1,impressed|1|08,ac411100,3,0.99446776562690631,0.027684418142714162,415,369
fixed_train,5,1,impressed|1|08,ac411100,4,0.99446776562690631,0.032061546804758256,415,369
fixed_train,5,1,impressed|1|08,ac411100,5,0.99446776562690631,0.028816517112346451,415,374
fixed_train,5,1,impressed|1|08,ac411100,6,0.99446776562690631,0.03202910553480276,415,368
fixed_train,5,1,impressed|1|08,ac411100,7,0.99446776562690631,0.028783537982923879,415,374
fixed_train,5,1,impressed|1|08,ac411100,8,0.99446776562690631,0.027653606334870906,415,367
fixed_train,5,1,impressed|1|08,ac411100,9,0.99446776562690631,0.023228827573808952,415,373
fixed_train,5,1,impressed|1|09,370407,0,0.99446776562690631,0.021093931130884425,527,501
fixed_train,5,1,impressed|1|09,370407,1,0.99446776562690631,0.019952323180619902,527,509
fixed_train,5,1,impressed|1|09,370407,2,0.99446776562690631,0.028868861236211574,527,500
fixed_train,5,1,impressed|1|09,370407,3,0.99446776562690631,0.028833580145510518,527,505
fixed_train,5,1,impressed|1|09,370407,4,0.99446776562690631,0.024414477700831605,527,509
fixed_train,5,1,impressed|1|09,370407,5,0.99446776562690631,0.028833580145510518,527,501
fixed_train,5,1,impressed|1|09,370407,6,0.99446776562690631,0.025441216954339985,527,506
fixed_train,5,1,impressed|1|09,370407,7,0.99446776562690631,0.019939947554623139,527,504
fixed_train,5,1,impressed|1|09,370407,8,0.99446776562690631,0.023297983134387024,527,513
fixed_train,5,1,impressed|1|09,370407,9,0.99446776562690631,0.024369892237704249,527,505
fixed_train,5,1,impressed|1|10,ac378449,0,0.99446776562690631,0,17,12
fixed_train,5,1,impressed|1|10,ac378449,1,0.99446776562690631,0,17,12
fixed_train,5,1,impressed|1|10,ac378449,2,0.99446776562690631,0,17,14
fixed_train,5,1,impressed|1|10,ac378449,3,0.99446776562690631,0,17,13
fixed_train,5,1,impressed|1|10,ac378449,4,0.99446776562690631,0,17,15
fixed_train,5,1,impressed|1|10,ac378449,5,0.99446776562690631,0.0011079782789716885,17,14
fixed_train,5,1,impressed|1|10,ac378449,6,0.99446776562690631,0,17,12
fixed_train,5,1,impressed|1|10,ac378449,7,0.99446776562690631,0,17,11
fixed_train,5,1,impressed|1|10,ac378449,8,0.99446776562690631,0.0011079782789716885,17,14
fixed_train,5,1,impressed|1|10,ac378449,9,0.99446776562690631,0,17,13
fixed_train,5,1,impressed|2|01,"370715a, 376400",0,0.99446776562690631,0,234,233
fixed_train,5,1,impressed|2|01,"370715a, 376400",1,0.99446776562690631,0,234,229
fixed_train,5,1,impressed|2|01,"370715a, 376400",2,0.99446776562690631,0,234,232
fixed_train,5,1,impressed|2|01,"370715a, 376400",3,0.99446776562690631,0.0011079782789716885,234,231
fixed_train,5,1,impressed|2|01,"370715a, 376400",4,0.99446776562690631,0.002216488416974749,234,228
fixed_train,5,1,impressed|2|01,"370715a, 376400",5,0.99446776562690631,0,234,233
fixed_train,5,1,impressed|2|01,"370715a, 376400",6,0.99446776562690631,0,234,230
fixed_train,5,1,impressed|2|01,"370715a, 376400",7,0.99446776562690631,0.0011079782789716885,234,232
fixed_train,5,1,impressed|2|01,"370715a, 376400",8,0.99446776562690631,0.0011079782789716885,234,230
fixed_train,5,1,impressed|2|01,"370715a, 376400",9,0.99446776562690631,0.0011079782789716885,234,234
fixed_train,5,1,impressed|2|02,"370712b, 376400",0,0.99446776562690631,0.0011079782789716885,234,232
fixed_train,5,1,impressed|2|02,"370712b, 376400",1,0.99446776562690631,0,234,232
fixed_train,5,1,impressed|2|02,"370712b, 376400",2,0.99446776562690631,0,234,229
fixed_train,5,1,impressed|2|02,"370712b, 376400",3,0.99446776562690631,0.0011079782789716885,234,230
fixed_train,5,1,impressed|2|02,"370712b, 376400",4,0.99446776562690631,0.0011079782789716885,234,231
fixed_train,5,1,impressed|2|02,"370712b, 376400",5,0.99446776562690631,0.0011079782789716885,234,233
fixed_train,5,1,impressed|2|02,"370712b, 376400",6,0.99446776562690631,0.0011079782789716885,234,231
fixed_train,5,1,impressed|2|02,"370712b, 376400",7,0.99446776562690631,0.0011079782789716885,234,231
fixed_train,5,1,impressed|2|02,"370712b, 376400",8,0.99446776562690631,0.0011079782789716885,234,231
fixed_train,5,1,impressed|2|02,"370712b, 376400",9,0.99446776562690631,0.002216488416974749,234,231
fixed_train,5,1,impressed|2|03,"ac411100, ac419100",0,0.99446776562690631,0.026540186563461354,352,322
fixed_train,5,1,impressed|2|03,"ac411100, ac419100",1,0.99446776562690631,0.029882233104588485,352,331
fixed_train,5,1,impressed|2|03,"ac411100, ac419100",2,0.99446776562690631,0.025441216954339985,352,323
fixed_train,5,1,impressed|2|03,"ac411100, ac419100",3,0.99446776562690631,0.03531803310649495,352,316
fixed_train,5,1,impressed|2|03,"ac411100, ac419100",4,0.99446776562690631,0.033125765703836962,352,324
fixed_train,5,1,impressed|2|03,"ac411100, ac419100",5,0.99446776562690631,0.032045120817651873,352,321
fixed_train,5,1,impressed|2|03,"ac411100, ac419100",6,0.99446776562690631,0.028736913249171381,352,320
fixed_train,5,1,impressed|2|03,"ac411100, ac419100",7,0.99446776562690631,0.034272945697573109,352,324
fixed_train,5,1,impressed|2|03,"ac411100, ac419100",8,0.99446776562690631,0.035334794279661685,352,320
fixed_train,5,1,impressed|2|03,"ac411100, ac419100",9,0.99446776562690631,0.028767618740086931,352,322
fixed_train,5,1,impressed|2|04,"370401c, ac370000",0,0.99446776562690631,0.026666481522204299,463,460
fixed_train,5,1,impressed|2|04,"370401c, ac370000",1,0.99446776562690631,0.026649435713030578,463,460
fixed_train,5,1,impressed|2|04,"370401c, ac370000",2,0.99446776562690631,0.025531625381547407,463,459
fixed_train,5,1,impressed|2|04,"370401c, ac370000",3,0.99446776562690631,0.02998792843611997,463,462
fixed_train,5,1,impressed|2|04,"370401c, ac370000",4,0.99446776562690631,0.025531625381547407,463,461
fixed_train,5,1,impressed|2|04,"370401c, ac370000",5,0.99446776562690631,0.026616430821729486,463,461
fixed_train,5,1,impressed|2|04,"370401c, ac370000",6,0.99446776562690631,0.026632752669270676,463,462
fixed_train,5,1,impressed|2|04,"370401c, ac370000",7,0.99446776562690631,0.02888708261843187,463,461
fixed_train,5,1,impressed|2|04,"370401c, ac370000",8,0.99446776562690631,0.023297983134387024,463,460
fixed_train,5,1,impressed|2|04,"370401c, ac370000",9,0.99446776562690631,0.032168819290534723,463,461
fixed_train,5,1,impressed|2|05,"ac370000, ac370403",0,0.99446776562690631,0.02993329857805771,477,472
fixed_train,5,1,impressed|2|05,"ac370000, ac370403",1,0.99446776562690631,0.033248614078209671,477,474
fixed_train,5,1,impressed|2|05,"ac370000, ac370403",2,0.99446776562690631,0.028868861236211574,477,473
fixed_train,5,1,impressed|2|05,"ac370000, ac370403",3,0.99446776562690631,0.034386528329571786,477,473
fixed_train,5,1,impressed|2|05,"ac370000, ac370403",4,0.99446776562690631,0.024430010189849805,477,475
fixed_train,5,1,impressed|2|05,"ac370000, ac370403",5,0.99446776562690631,0.033307712282573676,477,473
fixed_train,5,1,impressed|2|05,"ac370000, ac370403",6,0.99446776562690631,0.038844708133536465,477,475
fixed_train,5,1,impressed|2|05,"ac370000, ac370403",7,0.99446776562690631,0.03108828675939268,477,476
fixed_train,5,1,impressed|2|05,"ac370000, ac370403",8,0.99446776562690631,0.03108828675939268,477,475
fixed_train,5,1,impressed|2|05,"ac370000, ac370403",9,0.99446776562690631,0.029951110251497659,477,476
fixed_train,5,1,impressed|2|06,"ac411100, ac415100",0,0.99446776562690631,0.02541382284281446,166,161
fixed_train,5,1,impressed|2|06,"ac411100, ac415100",1,0.99446776562690631,0.02763874901912855,166,164
fixed_train,5,1,impressed|2|06,"ac411100, ac415100",2,0.99446776562690631,0.022116404365315812,166,159
fixed_train,5,1,impressed|2|06,"ac411100, ac415100",3,0.99446776562690631,0.023215951233498955,166,166
fixed_train,5,1,impressed|2|06,"ac411100, ac415100",4,0.99446776562690631,0.019904513266242985,166,161
fixed_train,5,1,impressed|2|06,"ac411100, ac415100",5,0.99446776562690631,0.028752077662533959,166,162
fixed_train,5,1,impressed|2|06,"ac411100, ac415100",6,0.99446776562690631,0.026540186563461354,166,164
fixed_train,5,1,impressed|2|06,"ac411100, ac415100",7,0.99446776562690631,0.025441216954339985,166,166
fixed_train,5,1,impressed|2|06,"ac411100, ac415100",8,0.99446776562690631,0.0243150877495244,166,162
fixed_train,5,1,impressed|2|06,"ac411100, ac415100",9,0.99446776562690631,0.022154919896163694,166,160
fixed_train,5,1,impressed|2|07,"ac415100, ac419100",0,0.99446776562690631,0.024289651400538625,181,171
fixed_train,5,1,impressed|2|07,"ac415100, ac419100",1,0.99446776562690631,0.025387781664677811,181,167
fixed_train,5,1,impressed|2|07,"ac415100, ac419100",2,0.99446776562690631,0.025400633786350379,181,171
fixed_train,5,1,impressed|2|07,"ac415100, ac419100",3,0.99446776562690631,0.027610124369167766,181,169
fixed_train,5,1,impressed|2|07,"ac415100, ac419100",4,0.99446776562690631,0.023179209090551156,181,172
fixed_train,5,1,impressed|2|07,"ac415100, ac419100",5,0.99446776562690631,0.024302206814319605,181,170
fixed_train,5,1,impressed|2|07,"ac415100, ac419100",6,0.99446776562690631,0.024302206814319605,181,170
fixed_train,5,1,impressed|2|07,"ac415100, ac419100",7,0.99446776562690631,0.027596354238804355,181,172
fixed_train,5,1,impressed|2|07,"ac415100, ac419100",8,0.99446776562690631,0.01879315344786936,181,172
fixed_train,5,1,impressed|2|07,"ac415100, ac419100",9,0.99446776562690631,0.026498679976363126,181,171
fixed_train,5,1,impressed|2|08,"ac10307, ac419100",0,0.99446776562690631,0.0088582508084620315,99,94
fixed_train,5,1,impressed|2|08,"ac10307, ac419100",1,0.99446776562690631,0.0044257874984748868,99,91
fixed_train,5,1,impressed|2|08,"ac10307, ac419100",2,0.99446776562690631,0.0077481909310370689,99,96
fixed_train,5,1,impressed|2|08,"ac10307, ac419100",3,0.99446776562690631,0.006644330011299604,99,96
fixed_train,5,1,impressed|2|08,"ac10307, ac419100",4,0.99446776562690631,0.0099615951483923437,99,97
fixed_train,5,1,impressed|2|08,"ac10307, ac419100",5,0.99446776562690631,0.0088515749969497737,99,97
fixed_train,5,1,impressed|2|08,"ac10307, ac419100",6,0.99446776562690631,0.0033173231490302157,99,96
fixed_train,5,1,impressed|2|08,"ac10307, ac419100",7,0.99446776562690631,0.0055347867136819051,99,94
fixed_train,5,1,impressed|2|08,"ac10307, ac419100",8,0.99446776562690631,0.0044304092141371765,99,96
fixed_train,5,1,impressed|2|08,"ac10307, ac419100",9,0.99446776562690631,0.0055347867136819051,99,98
fixed_train,5,1,impressed|2|09,"ac10307, ac411100",0,0.99446776562690631,0.0088515749969497737,110,105
fixed_train,5,1,impressed|2|09,"ac10307, ac411100",1,0.99446776562690631,0.0077544266332293388,110,102
fixed_train,5,1,impressed|2|09,"ac10307, ac411100",2,0.99446776562690631,0.011072171605624459,110,103
fixed_train,5,1,impressed|2|09,"ac10307, ac411100",3,0.99446776562690631,0.0066386812477121637,110,106
fixed_train,5,1,impressed|2|09,"ac10307, ac411100",4,0.99446776562690631,0.011072171605624459,110,108
fixed_train,5,1,impressed|2|09,"ac10307, ac411100",5,0.99446776562690631,0.0044304092141371765,110,105
fixed_train,5,1,impressed|2|09,"ac10307, ac411100",6,0.99446776562690631,0.0088720807659619094,110,109
fixed_train,5,1,impressed|2|09,"ac10307, ac411100",7,0.99446776562690631,0.0099615951483923437,110,105
fixed_train,5,1,impressed|2|09,"ac10307, ac411100",8,0.99446776562690631,0.0099688701342832697,110,103
fixed_train,5,1,impressed|2|09,"ac10307, ac411100",9,0.99446776562690631,0.0077608096144127225,110,107
fixed_train,5,1,impressed|2|10,"ac355201, ac415100",0,0.99446776562690631,0.0011049337684991833,24,24
fixed_train,5,1,impressed|2|10,"ac355201, ac415100",1,0.99446776562690631,0,24,23
fixed_train,5,1,impressed|2|10,"ac355201, ac415100",2,0.99446776562690631,0.0011049337684991833,24,24
fixed_train,5,1,impressed|2|10,"ac355201, ac415100",3,0.99446776562690631,0.0011049337684991833,24,22
fixed_train,5,1,impressed|2|10,"ac355201, ac415100",4,0.99446776562690631,0,24,23
fixed_train,5,1,impressed|2|10,"ac355201, ac415100",5,0.99446776562690631,0,24,24
fixed_train,5,1,impressed|2|10,"ac355201, ac415100",6,0.99446776562690631,0.0011049337684991833,24,24
fixed_train,5,1,impressed|2|10,"ac355201, ac415100",7,0.99446776562690631,0.0011049337684991833,24,24
fixed_train,5,1,impressed|2|10,"ac355201, ac415100",8,0.99446776562690631,0.0044212755727336406,24,23
fixed_train,5,1,impressed|2|10,"ac355201, ac415100",9,0.99446776562690631,0.0022093844736610357,24,24
fixed_train,5,1,impressed|3|01,"376400, 377498a, ac372417",0,0.99446776562690631,0.0011079782789716885,226,225
fixed_train,5,1,impressed|3|01,"376400, 377498a, ac372417",1,0.99446776562690631,0.0011079782789716885,226,226
fixed_train,5,1,impressed|3|01,"376400, 377498a, ac372417",2,0.99446776562690631,0,226,226
fixed_train,5,1,impressed|3|01,"376400, 377498a, ac372417",3,0.99446776562690631,0.0011079782789716885,226,225
fixed_train,5,1,impressed|3|01,"376400, 377498a, ac372417",4,0.99446776562690631,0.0011079782789716885,226,225
fixed_train,5,1,impressed|3|01,"376400, 377498a, ac372417",5,0.99446776562690631,0,226,225
fixed_train,5,1,impressed|3|01,"376400, 377498a, ac372417",6,0.99446776562690631,0.002216488416974749,226,224
fixed_train,5,1,impressed|3|01,"376400, 377498a, ac372417",7,0.99446776562690631,0,226,224
fixed_train,5,1,impressed|3|01,"376400, 377498a, ac372417",8,0.99446776562690631,0.0011079782789716885,226,223
fixed_train,5,1,impressed|3|01,"376400, 377498a, ac372417",9,0.99446776562690631,0,226,223
fixed_train,5,1,impressed|3|02,"ac411100, ac415100, ac419100",0,0.99446776562690631,0.023191143203532993,149,145
fixed_train,5,1,impressed|3|02,"ac411100, ac415100, ac419100",1,0.99446776562690631,0.023191143203532993,149,145
fixed_train,5,1,impressed|3|02,"ac411100, ac415100, ac419100",2,0.99446776562690631,0.025400633786350379,149,143
fixed_train,5,1,impressed|3|02,"ac411100, ac415100, ac419100",3,0.99446776562690631,0.01768234950005354,149,143
fixed_train,5,1,impressed|3|02,"ac411100, ac415100, ac419100",4,0.99446776562690631,0.022092248207844611,149,144
fixed_train,5,1,impressed|3|02,"ac411100, ac415100, ac419100",5,0.99446776562690631,0.024302206814319605,149,145
fixed_train,5,1,impressed|3|02,"ac411100, ac415100, ac419100",6,0.99446776562690631,0.027596354238804355,149,144
fixed_train,5,1,impressed|3|02,"ac411100, ac415100, ac419100",7,0.99446776562690631,0.02980492681293101,149,145
fixed_train,5,1,impressed|3|02,"ac411100, ac415100, ac419100",8,0.99446776562690631,0.022092248207844611,149,144
fixed_train,5,1,impressed|3|02,"ac411100, ac415100, ac419100",9,0.99446776562690631,0.027596354238804355,149,146
fixed_train,5,1,impressed|3|03,"ac10307, ac411100, ac419100",0,0.99446776562690631,0.0066501135053795846,94,90
fixed_train,5,1,impressed|3|03,"ac10307, ac411100, ac419100",1,0.99446776562690631,0.006644330011299604,94,91
fixed_train,5,1,impressed|3|03,"ac10307, ac411100, ac419100",2,0.99446776562690631,0.0055399831321754078,94,90
fixed_train,5,1,impressed|3|03,"ac10307, ac411100, ac419100",3,0.99446776562690631,0.0066501135053795846,94,90
fixed_train,5,1,impressed|3|03,"ac10307, ac411100, ac419100",4,0.99446776562690631,0.0055347867136819051,94,92
fixed_train,5,1,impressed|3|03,"ac10307, ac411100, ac419100",5,0.99446776562690631,0.005545302283161635,94,93
fixed_train,5,1,impressed|3|03,"ac10307, ac411100, ac419100",6,0.99446776562690631,0.0044304092141371765,94,92
fixed_train,5,1,impressed|3|03,"ac10307, ac411100, ac419100",7,0.99446776562690631,0.0055347867136819051,94,89
fixed_train,5,1,impressed|3|03,"ac10307, ac411100, ac419100",8,0.99446776562690631,0.005545302283161635,94,92
fixed_train,5,1,impressed|3|03,"ac10307, ac411100, ac419100",9,0.99446776562690631,0.0055399831321754078,94,93
fixed_train,5,1,impressed|3|04,"ac356134, ac411100, ac419100",0,0.99446776562690631,0.0055247600909803518,51,51
fixed_train,5,1,impressed|3|04,"ac356134, ac411100, ac419100",1,0.99446776562690631,0.0033133611981656097,51,51
fixed_train,5,1,impressed|3|04,"ac356134, ac411100, ac419100",2,0.99446776562690631,0.0055247600909803518,51,51
fixed_train,5,1,impressed|3|04,"ac356134, ac411100, ac419100",3,0.99446776562690631,0.0044168730011123758,51,51
fixed_train,5,1,impressed|3|04,"ac356134, ac411100, ac419100",4,0.99446776562690631,0.0033173231490302157,51,51
fixed_train,5,1,impressed|3|04,"ac356134, ac411100, ac419100",5,0.99446776562690631,0.0044168730011123758,51,51
fixed_train,5,1,impressed|3|04,"ac356134, ac411100, ac419100",6,0.99446776562690631,0.0044212755727336406,51,51
fixed_train,5,1,impressed|3|04,"ac356134, ac411100, ac419100",7,0.99446776562690631,0.0055247600909803518,51,51
fixed_train,5,1,impressed|3|04,"ac356134, ac411100, ac419100",8,0.99446776562690631,0.0066277857509358107,51,51
fixed_train,5,1,impressed|3|04,"ac356134, ac411100, ac419100",9,0.99446776562690631,0.0055247600909803518,51,51
fixed_train,5,1,impressed|3|05,"ac355201, ac415100, ac419100",0,0.99446776562690631,0.0022093844736610357,24,24
fixed_train,5,1,impressed|3|05,"ac355201, ac415100, ac419100",1,0.99446776562690631,0.0033173231490302157,24,24
fixed_train,5,1,impressed|3|05,"ac355201, ac415100, ac419100",2,0.99446776562690631,0.0044257874984748868,24,24
fixed_train,5,1,impressed|3|05,"ac355201, ac415100, ac419100",3,0.99446776562690631,0.0011049337684991833,24,24
fixed_train,5,1,impressed|3|05,"ac355201, ac415100, ac419100",4,0.99446776562690631,0.0033173231490302157,24,24
fixed_train,5,1,impressed|3|05,"ac355201, ac415100, ac419100",5,0.99446776562690631,0.0033213824963269634,24,24
fixed_train,5,1,impressed|3|05,"ac355201, ac415100, ac419100",6,0.99446776562690631,0.0033213824963269634,24,24
fixed_train,5,1,impressed|3|05,"ac355201, ac415100, ac419100",7,0.99446776562690631,0.0044212755727336406,24,24
fixed_train,5,1,impressed|3|05,"ac355201, ac415100, ac419100",8,0.99446776562690631,0.0044212755727336406,24,24
fixed_train,5,1,impressed|3|05,"ac355201, ac415100, ac419100",9,0.99446776562690631,0.0011049337684991833,24,24
fixed_train,5,1,impressed|3|06,"ac355201, ac411100, ac419100",0,0.99446776562690631,0.0044257874984748868,29,29
fixed_train,5,1,impressed|3|06,"ac355201, ac411100, ac419100",1,0.99446776562690631,0.0044257874984748868,29,29
fixed_train,5,1,impressed|3|06,"ac355201, ac411100, ac419100",2,0.99446776562690631,0.0055247600909803518,29,29
fixed_train,5,1,impressed|3|06,"ac355201, ac411100, ac419100",3,0.99446776562690631,0.0022128937492374989,29,29
fixed_train,5,1,impressed|3|06,"ac355201, ac411100, ac419100",4,0.99446776562690631,0.0033173231490302157,29,29
fixed_train,5,1,impressed|3|06,"ac355201, ac411100, ac419100",5,0.99446776562690631,0.0033173231490302157,29,29
fixed_train,5,1,impressed|3|06,"ac355201, ac411100, ac419100",6,0.99446776562690631,0.0033213824963269634,29,29
fixed_train,5,1,impressed|3|06,"ac355201, ac411100, ac419100",7,0.99446776562690631,0.0044212755727336406,29,29
fixed_train,5,1,impressed|3|06,"ac355201, ac411100, ac419100",8,0.99446776562690631,0.0044257874984748868,29,29
fixed_train,5,1,impressed|3|06,"ac355201, ac411100, ac419100",9,0.99446776562690631,0.0022128937492374989,29,29
fixed_train,5,1,impressed|3|07,"ac355427, ac411100, ac419100",0,0.99446776562690631,0.0033213824963269634,21,21
fixed_train,5,1,impressed|3|07,"ac355427, ac411100, ac419100",1,0.99446776562690631,0.0011079782789716885,21,21
fixed_train,5,1,impressed|3|07,"ac355427, ac411100, ac419100",2,0.99446776562690631,0.0033213824963269634,21,21
fixed_train,5,1,impressed|3|07,"ac355427, ac411100, ac419100",3,0.99446776562690631,0.002216488416974749,21,20
fixed_train,5,1,impressed|3|07,"ac355427, ac411100, ac419100",4,0.99446776562690631,0.0044304092141371765,21,20
fixed_train,5,1,impressed|3|07,"ac355427, ac411100, ac419100",5,0.99446776562690631,0.0033255396311216989,21,21
fixed_train,5,1,impressed|3|07,"ac355427, ac411100, ac419100",6,0.99446776562690631,0.002216488416974749,21,20
fixed_train,5,1,impressed|3|07,"ac355427, ac411100, ac419100",7,0.99446776562690631,0,21,21
fixed_train,5,1,impressed|3|07,"ac355427, ac411100, ac419100",8,0.99446776562690631,0.0044304092141371765,21,21
fixed_train,5,1,impressed|3|07,"ac355427, ac411100, ac419100",9,0.99446776562690631,0.0011079782789716885,21,19
fixed_train,5,1,impressed|3|08,"376400, ac370000, ac411100",0,0.99446776562690631,0.0066560322830301333,16,16
fixed_train,5,1,impressed|3|08,"376400, ac370000, ac411100",1,0.99446776562690631,0.0033255396311216989,16,16
fixed_train,5,1,impressed|3|08,"376400, ac370000, ac411100",2,0.99446776562690631,0.0044351411638389182,16,16
fixed_train,5,1,impressed|3|08,"376400, ac370000, ac411100",3,0.99446776562690631,0.0077673404835879589,16,16
fixed_train,5,1,impressed|3|08,"376400, ac370000, ac411100",4,0.99446776562690631,0.0044351411638389182,16,16
fixed_train,5,1,impressed|3|08,"376400, ac370000, ac411100",5,0.99446776562690631,0.0044351411638389182,16,16
fixed_train,5,1,impressed|3|08,"376400, ac370000, ac411100",6,0.99446776562690631,0.0033255396311216989,16,16
fixed_train,5,1,impressed|3|08,"376400, ac370000, ac411100",7,0.99446776562690631,0.005545302283161635,16,16
fixed_train,5,1,impressed|3|08,"376400, ac370000, ac411100",8,0.99446776562690631,0.0044351411638389182,16,16
fixed_train,5,1,impressed|3|08,"376400, ac370000, ac411100",9,0.99446776562690631,0.0044351411638389182,16,16
fixed_train,5,1,impressed|3|09,"376400, ac370419, ac378452",0,0.99446776562690631,0,5,5
fixed_train,5,1,impressed|3|09,"376400, ac370419, ac378452",1,0.99446776562690631,0,5,4
fixed_train,5,1,impressed|3|09,"376400, ac370419, ac378452",2,0.99446776562690631,0,5,5
fixed_train,5,1,impressed|3|09,"376400, ac370419, ac378452",3,0.99446776562690631,0,5,5
fixed_train,5,1,impressed|3|09,"376400, ac370419, ac378452",4,0.99446776562690631,0,5,4
fixed_train,5,1,impressed|3|09,"376400, ac370419, ac378452",5,0.99446776562690631,0.0011079782789716885,5,5
fixed_train,5,1,impressed|3|09,"376400, ac370419, ac378452",6,0.99446776562690631,0,5,5
fixed_train,5,1,impressed|3|09,"376400, ac370419, ac378452",7,0.99446776562690631,0,5,5
fixed_train,5,1,impressed|3|09,"376400, ac370419, ac378452",8,0.99446776562690631,0,5,5
fixed_train,5,1,impressed|3|09,"376400, ac370419, ac378452",9,0.99446776562690631,0,5,4
fixed_train,5,1,impressed|3|10,"ac410500, ac411100, ac415100",0,0.99446776562690631,0.0022093844736610357,13,13
fixed_train,5,1,impressed|3|10,"ac410500, ac411100, ac415100",1,0.99446776562690631,0.0055247600909803518,13,13
fixed_train,5,1,impressed|3|10,"ac410500, ac411100, ac415100",2,0.99446776562690631,0.0033133611981656097,13,12
fixed_train,5,1,impressed|3|10,"ac410500, ac411100, ac415100",3,0.99446776562690631,0.0033173231490302157,13,12
fixed_train,5,1,impressed|3|10,"ac410500, ac411100, ac415100",4,0.99446776562690631,0.0033133611981656097,13,13
fixed_train,5,1,impressed|3|10,"ac410500, ac411100, ac415100",5,0.99446776562690631,0.0033133611981656097,13,13
fixed_train,5,1,impressed|3|10,"ac410500, ac411100, ac415100",6,0.99446776562690631,0.0044212755727336406,13,13
fixed_train,5,1,impressed|3|10,"ac410500, ac411100, ac415100",7,0.99446776562690631,0.0044212755727336406,13,13
fixed_train,5,1,impressed|3|10,"ac410500, ac411100, ac415100",8,0.99446776562690631,0.0044212755727336406,13,13
fixed_train,5,1,impressed|3|10,"ac410500, ac411100, ac415100",9,0.99446776562690631,0.0044212755727336406,13,13
fixed_test,5,2,apriori|1|01,ac370000,0,0.92892483646136725,0.022312894331201094,153,152
fixed_test,5,2,apriori|1|01,ac370000,1,0.92892483646136725,0.0043631174664648942,153,152
fixed_test,5,2,apriori|1|01,ac370000,2,0.92892483646136725,0.0047000513107330333,153,152
fixed_test,5,2,apriori|1|01,ac370000,3,0.92892483646136725,-0.0042146798480159342,153,152
fixed_test,5,2,apriori|1|01,ac370000,4,0.92892483646136725,0.022113301232370208,153,153
fixed_test,5,2,apriori|1|01,ac370000,5,0.92892483646136725,0.0088843954423291072,153,151
fixed_test,5,2,apriori|1|01,ac370000,6,0.92892483646136725,0.031444244786979936,153,152
fixed_test,5,2,apriori|1|01,ac370000,7,0.92892483646136725,0.017966950561195794,153,151
fixed_test,5,2,apriori|1|01,ac370000,8,0.92892483646136725,0.013418793581693067,153,153
fixed_test,5,2,apriori|1|01,ac370000,9,0.92892483646136725,0.018181475093092314,153,152
fixed_test,5,2,apriori|1|02,ac419100,0,0.92892483646136725,0,143,115
fixed_test,5,2,apriori|1|02,ac419100,1,0.92892483646136725,-0.00014567079758343038,143,112
fixed_test,5,2,apriori|1|02,ac419100,2,0.92892483646136725,0.017420411682606218,143,118
fixed_test,5,2,apriori|1|02,ac419100,3,0.92892483646136725,-0.00014567079758343038,143,118
fixed_test,5,2,apriori|1|02,ac419100,4,0.92892483646136725,0.026104147677506684,143,113
fixed_test,5,2,apriori|1|02,ac419100,5,0.92892483646136725,0.0087205157950476231,143,115
fixed_test,5,2,apriori|1|02,ac419100,6,0.92892483646136725,0.013238209349417551,143,115
fixed_test,5,2,apriori|1|02,ac419100,7,0.92892483646136725,0.0085708541604823107,143,113
fixed_test,5,2,apriori|1|02,ac419100,8,0.92892483646136725,0.017586702387678677,143,118
fixed_test,5,2,apriori|1|02,ac419100,9,0.92892483646136725,0.0043631174664648942,143,118
fixed_test,5,2,apriori|1|03,370407,0,0.92892483646136725,0.0087205157950476231,130,125
fixed_test,5,2,apriori|1|03,370407,1,0.92892483646136725,0.0087205157950476231,130,125
fixed_test,5,2,apriori|1|03,370407,2,0.92892483646136725,0.0042150843034634011,130,127
fixed_test,5,2,apriori|1|03,370407,3,0.92892483646136725,-0.0043694079173229872,130,125
fixed_test,5,2,apriori|1|03,370407,4,0.92892483646136725,-0.0045119744164878739,130,128
fixed_test,5,2,apriori|1|03,370407,5,0.92892483646136725,-0.0045119744164878739,130,120
fixed_test,5,2,apriori|1|03,370407,6,0.92892483646136725,0,130,127
fixed_test,5,2,apriori|1|03,370407,7,0.92892483646136725,0.0042150843034634011,130,128
fixed_test,5,2,apriori|1|03,370407,8,0.92892483646136725,-0.0045119744164878739,130,129
fixed_test,5,2,apriori|1|03,370407,9,0.92892483646136725,0.0043631174664648942,130,122
fixed_test,5,2,apriori|1|04,ac370419,0,0.92892483646136725,0.0043631174664648942,127,124
fixed_test,5,2,apriori|1|04,ac370419,1,0.92892483646136725,-0.0045119744164878739,127,120
fixed_test,5,2,apriori|1|04,ac370419,2,0.92892483646136725,-0.0043694079173229872,127,120
fixed_test,5,2,apriori|1|04,ac370419,3,0.92892483646136725,-0.00014567079758343038,127,123
fixed_test,5,2,apriori|1|04,ac370419,4,0.92892483646136725,-0.0088843954423291072,127,121
fixed_test,5,2,apriori|1|04,ac370419,5,0.92892483646136725,-0.0045119744164878739,127,125
fixed_test,5,2,apriori|1|04,ac370419,6,0.92892483646136725,-0.0088843954423291072,127,121
fixed_test,5,2,apriori|1|04,ac370419,7,0.92892483646136725,0.0045246928321850399,127,122
fixed_test,5,2,apriori|1|04,ac370419,8,0.92892483646136725,0,127,119
fixed_test,5,2,apriori|1|04,ac370419,9,0.92892483646136725,0.0087205157950476231,127,123
fixed_test,5,2,apriori|1|05,ac370443,0,0.92892483646136725,-0.0045119744164878739,125,122
fixed_test,5,2,apriori|1|05,ac370443,1,0.92892483646136725,0,125,121
fixed_test,5,2,apriori|1|05,ac370443,2,0.92892483646136725,-0.0043694079173229872,125,125
fixed_test,5,2,apriori|1|05,ac370443,3,0.92892483646136725,-0.0045119744164878739,125,119
fixed_test,5,2,apriori|1|05,ac370443,4,0.92892483646136725,-0.0088843954423291072,125,118
fixed_test,5,2,apriori|1|05,ac370443,5,0.92892483646136725,-0.0088843954423291072,125,124
fixed_test,5,2,apriori|1|05,ac370443,6,0.92892483646136725,0,125,117
fixed_test,5,2,apriori|1|05,ac370443,7,0.92892483646136725,0,125,121
fixed_test,5,2,apriori|1|05,ac370443,8,0.92892483646136725,-0.00014567079758343038,125,119
fixed_test,5,2,apriori|1|05,ac370443,9,0.92892483646136725,-0.0088843954423291072,125,116
fixed_test,5,2,apriori|1|06,ac370442,0,0.92892483646136725,-0.0045119744164878739,123,121
fixed_test,5,2,apriori|1|06,ac370442,1,0.92892483646136725,-0.0045119744164878739,123,118
fixed_test,5,2,apriori|1|06,ac370442,2,0.92892483646136725,-0.0043694079173229872,123,117
fixed_test,5,2,apriori|1|06,ac370442,3,0.92892483646136725,-0.0045119744164878739,123,119
fixed_test,5,2,apriori|1|06,ac370442,4,0.92892483646136725,0.00015852774123026325,123,118
fixed_test,5,2,apriori|1|06,ac370442,5,0.92892483646136725,-0.0088843954423291072,123,116
fixed_test,5,2,apriori|1|06,ac370442,6,0.92892483646136725,-0.0045119744164878739,123,114
fixed_test,5,2,apriori|1|06,ac370442,7,0.92892483646136725,-0.0043694079173229872,123,120
fixed_test,5,2,apriori|1|06,ac370442,8,0.92892483646136725,-0.0090118573902147059,123,120
fixed_test,5,2,apriori|1|06,ac370442,9,0.92892483646136725,0,123,114
fixed_test,5,2,apriori|1|07,370712b,0,0.92892483646136725,-0.00014567079758343038,123,122
fixed_test,5,2,apriori|1|07,370712b,1,0.92892483646136725,0.0042150843034634011,123,118
fixed_test,5,2,apriori|1|07,370712b,2,0.92892483646136725,0.0043631174664648942,123,118
fixed_test,5,2,apriori|1|07,370712b,3,0.92892483646136725,0.0043631174664648942,123,117
fixed_test,5,2,apriori|1|07,370712b,4,0.92892483646136725,-0.0045119744164878739,123,121
fixed_test,5,2,apriori|1|07,370712b,5,0.92892483646136725,0.0042150843034634011,123,118
fixed_test,5,2,apriori|1|07,370712b,6,0.92892483646136725,-0.0090118573902147059,123,115
fixed_test,5,2,apriori|1|07,370712b,7,0.92892483646136725,-0.0088843954423291072,123,119
fixed_test,5,2,apriori|1|07,370712b,8,0.92892483646136725,-0.0088843954423291072,123,118
fixed_test,5,2,apriori|1|07,370712b,9,0.92892483646136725,0,123,121
fixed_test,5,2,apriori|1|08,370715a,0,0.92892483646136725,-0.0045119744164878739,122,114
fixed_test,5,2,apriori|1|08,370715a,1,0.92892483646136725,-0.00014567079758343038,122,113
fixed_test,5,2,apriori|1|08,370715a,2,0.92892483646136725,0.0042150843034634011,122,116
fixed_test,5,2,apriori|1|08,370715a,3,0.92892483646136725,-0.0088843954423291072,122,116
fixed_test,5,2,apriori|1|08,370715a,4,0.92892483646136725,-0.00014567079758343038,122,115
fixed_test,5,2,apriori|1|08,370715a,5,0.92892483646136725,-0.00014567079758343038,122,119
fixed_test,5,2,apriori|1|08,370715a,6,0.92892483646136725,-0.0045119744164878739,122,114
fixed_test,5,2,apriori|1|08,370715a,7,0.92892483646136725,-0.0045119744164878739,122,117
fixed_test,5,2,apriori|1|08,370715a,8,0.92892483646136725,-0.00014567079758343038,122,115
fixed_test,5,2,apriori|1|08,370715a,9,0.92892483646136725,0.0042150843034634011,122,113
fixed_test,5,2,apriori|1|09,ac370403,0,0.92892483646136725,-0.0088843954423291072,122,115
fixed_test,5,2,apriori|1|09,ac370403,1,0.92892483646136725,-0.0045119744164878739,122,116
fixed_test,5,2,apriori|1|09,ac370403,2,0.92892483646136725,0.0042150843034634011,122,120
fixed_test,5,2,apriori|1|09,ac370403,3,0.92892483646136725,-0.0045119744164878739,122,115
fixed_test,5,2,apriori|1|09,ac370403,4,0.92892483646136725,-0.00014567079758343038,122,117
fixed_test,5,2,apriori|1|09,ac370403,5,0.92892483646136725,-0.00014567079758343038,122,111
fixed_test,5,2,apriori|1|09,ac370403,6,0.92892483646136725,0.0043631174664648942,122,113
fixed_test,5,2,apriori|1|09,ac370403,7,0.92892483646136725,-0.0045119744164878739,122,118
fixed_test,5,2,apriori|1|09,ac370403,8,0.92892483646136725,-0.0045119744164878739,122,113
fixed_test,5,2,apriori|1|09,ac370403,9,0.92892483646136725,-0.0090118573902147059,122,118
fixed_test,5,2,apriori|1|10,370488e,0,0.92892483646136725,0.0087205157950476231,122,118
fixed_test,5,2,apriori|1|10,370488e,1,0.92892483646136725,0.0043631174664648942,122,117
fixed_test,5,2,apriori|1|10,370488e,2,0.92892483646136725,0,122,118
fixed_test,5,2,apriori|1|10,370488e,3,0.92892483646136725,0.0043631174664648942,122,115
fixed_test,5,2,apriori|1|10,370488e,4,0.92892483646136725,-0.0045119744164878739,122,115
fixed_test,5,2,apriori|1|10,370488e,5,0.92892483646136725,0.0042150843034634011,122,117
fixed_test,5,2,apriori|1|10,370488e,6,0.92892483646136725,0.0043631174664648942,122,109
fixed_test,5,2,apriori|1|10,370488e,7,0.92892483646136725,0.0043631174664648942,122,120
fixed_test,5,2,apriori|1|10,370488e,8,0.92892483646136725,0.0087205157950476231,122,115
fixed_test,5,2,apriori|1|10,370488e,9,0.92892483646136725,-0.0045119744164878739,122,118
fixed_test,5,2,apriori|2|01,"370407, ac370000",0,0.92892483646136725,0.0040803693179134459,130,130
fixed_test,5,2,apriori|2|01,"370407, ac370000",1,0.92892483646136725,-0.00014567079758343038,130,129
fixed_test,5,2,apriori|2|01,"370407, ac370000",2,0.92892483646136725,0.0042150843034634011,130,130
fixed_test,5,2,apriori|2|01,"370407, ac370000",3,0.92892483646136725,0.01292219671280137,130,130
fixed_test,5,2,apriori|2|01,"370407, ac370000",4,0.92892483646136725,0.0043631174664648942,130,130
fixed_test,5,2,apriori|2|01,"370407, ac370000",5,0.92892483646136725,-0.00014567079758343038,130,130
fixed_test,5,2,apriori|2|01,"370407, ac370000",6,0.92892483646136725,0.0085708541604823107,130,128
fixed_test,5,2,apriori|2|01,"370407, ac370000",7,0.92892483646136725,0.0043631174664648942,130,130
fixed_test,5,2,apriori|2|01,"370407, ac370000",8,0.92892483646136725,0.0084351820018448986,130,129
fixed_test,5,2,apriori|2|01,"370407, ac370000",9,0.92892483646136725,-0.00027870336164159681,130,129
fixed_test,5,2,apriori|2|02,"ac370000, ac370419",0,0.92892483646136725,0.013072760520180582,127,127
fixed_test,5,2,apriori|2|02,"ac370000, ac370419",1,0.92892483646136725,0.0085708541604823107,127,126
fixed_test,5,2,apriori|2|02,"ac370000, ac370419",2,0.92892483646136725,-0.00014567079758343038,127,127
fixed_test,5,2,apriori|2|02,"ac370000, ac370419",3,0.92892483646136725,-0.00014567079758343038,127,126
fixed_test,5,2,apriori|2|02,"ac370000, ac370419",4,0.92892483646136725,0.0045246928321850399,127,126
fixed_test,5,2,apriori|2|02,"ac370000, ac370419",5,0.92892483646136725,-0.00014567079758343038,127,126
fixed_test,5,2,apriori|2|02,"ac370000, ac370419",6,0.92892483646136725,-0.0046425919132538906,127,126
fixed_test,5,2,apriori|2|02,"ac370000, ac370419",7,0.92892483646136725,0.01292219671280137,127,126
fixed_test,5,2,apriori|2|02,"ac370000, ac370419",8,0.92892483646136725,0.0087205157950476231,127,127
fixed_test,5,2,apriori|2|02,"ac370000, ac370419",9,0.92892483646136725,-0.0045119744164878739,127,127
fixed_test,5,2,apriori|2|03,"ac370000, ac370443",0,0.92892483646136725,0.013072760520180582,125,125
fixed_test,5,2,apriori|2|03,"ac370000, ac370443",1,0.92892483646136725,0.0087205157950476231,125,125
fixed_test,5,2,apriori|2|03,"ac370000, ac370443",2,0.92892483646136725,0.017420411682606218,125,125
fixed_test,5,2,apriori|2|03,"ac370000, ac370443",3,0.92892483646136725,-0.00014567079758343038,125,124
fixed_test,5,2,apriori|2|03,"ac370000, ac370443",4,0.92892483646136725,0.013072760520180582,125,125
fixed_test,5,2,apriori|2|03,"ac370000, ac370443",5,0.92892483646136725,0.021930436736897652,125,123
fixed_test,5,2,apriori|2|03,"ac370000, ac370443",6,0.92892483646136725,0.013238209349417551,125,125
fixed_test,5,2,apriori|2|03,"ac370000, ac370443",7,0.92892483646136725,0.021764024107689184,125,125
fixed_test,5,2,apriori|2|03,"ac370000, ac370443",8,0.92892483646136725,0.013072760520180582,125,125
fixed_test,5,2,apriori|2|03,"ac370000, ac370443",9,0.92892483646136725,0.0042150843034634011,125,125
fixed_test,5,2,apriori|2|04,"ac370419, ac370443",0,0.92892483646136725,0.0042150843034634011,124,124
fixed_test,5,2,apriori|2|04,"ac370419, ac370443",1,0.92892483646136725,-0.00027870336164159681,124,124
fixed_test,5,2,apriori|2|04,"ac370419, ac370443",2,0.92892483646136725,-0.013387066299440309,124,122
fixed_test,5,2,apriori|2|04,"ac370419, ac370443",3,0.92892483646136725,0.0042150843034634011,124,124
fixed_test,5,2,apriori|2|04,"ac370419, ac370443",4,0.92892483646136725,-0.0045119744164878739,124,124
fixed_test,5,2,apriori|2|04,"ac370419, ac370443",5,0.92892483646136725,-0.00014567079758343038,124,124
fixed_test,5,2,apriori|2|04,"ac370419, ac370443",6,0.92892483646136725,0.0042150843034634011,124,124
fixed_test,5,2,apriori|2|04,"ac370419, ac370443",7,0.92892483646136725,-0.0045119744164878739,124,123
fixed_test,5,2,apriori|2|04,"ac370419, ac370443",8,0.92892483646136725,-0.00014567079758343038,124,124
fixed_test,5,2,apriori|2|04,"ac370419, ac370443",9,0.92892483646136725,-0.0046425919132538906,124,124
fixed_test,5,2,apriori|2|05,"370407, ac370419",0,0.92892483646136725,-0.00014567079758343038,126,126
fixed_test,5,2,apriori|2|05,"370407, ac370419",1,0.92892483646136725,-0.00014567079758343038,126,126
fixed_test,5,2,apriori|2|05,"370407, ac370419",2,0.92892483646136725,-0.0046425919132538906,126,126
fixed_test,5,2,apriori|2|05,"370407, ac370419",3,0.92892483646136725,0.0042150843034634011,126,126
fixed_test,5,2,apriori|2|05,"370407, ac370419",4,0.92892483646136725,-0.00027870336164159681,126,126
fixed_test,5,2,apriori|2|05,"370407, ac370419",5,0.92892483646136725,-0.00039930083598593846,126,125
fixed_test,5,2,apriori|2|05,"370407, ac370419",6,0.92892483646136725,-0.0090118573902147059,126,126
fixed_test,5,2,apriori|2|05,"370407, ac370419",7,0.92892483646136725,-0.0088843954423291072,126,125
fixed_test,5,2,apriori|2|05,"370407, ac370419",8,0.92892483646136725,-0.013387066299440309,126,126
fixed_test,5,2,apriori|2|05,"370407, ac370419",9,0.92892483646136725,0.0085708541604823107,126,126
fixed_test,5,2,apriori|2|06,"ac370000, ac370442",0,0.92892483646136725,0.0042150843034634011,123,123
fixed_test,5,2,apriori|2|06,"ac370000, ac370442",1,0.92892483646136725,-0.00014567079758343038,123,121
fixed_test,5,2,apriori|2|06,"ac370000, ac370442",2,0.92892483646136725,0.0085708541604823107,123,123
fixed_test,5,2,apriori|2|06,"ac370000, ac370442",3,0.92892483646136725,-0.00014567079758343038,123,123
fixed_test,5,2,apriori|2|06,"ac370000, ac370442",4,0.92892483646136725,0.0042150843034634011,123,123
fixed_test,5,2,apriori|2|06,"ac370000, ac370442",5,0.92892483646136725,0.0042150843034634011,123,123
fixed_test,5,2,apriori|2|06,"ac370000, ac370442",6,0.92892483646136725,-0.0045119744164878739,123,122
fixed_test,5,2,apriori|2|06,"ac370000, ac370442",7,0.92892483646136725,-0.00014567079758343038,123,123
fixed_test,5,2,apriori|2|06,"ac370000, ac370442",8,0.92892483646136725,0.0042150843034634011,123,122
fixed_test,5,2,apriori|2|06,"ac370000, ac370442",9,0.92892483646136725,-0.0045119744164878739,123,123
fixed_test,5,2,apriori|2|07,"ac370419, ac370442",0,0.92892483646136725,-0.0090118573902147059,122,122
fixed_test,5,2,apriori|2|07,"ac370419, ac370442",1,0.92892483646136725,-0.00014567079758343038,122,122
fixed_test,5,2,apriori|2|07,"ac370419, ac370442",2,0.92892483646136725,-0.00014567079758343038,122,122
fixed_test,5,2,apriori|2|07,"ac370419, ac370442",3,0.92892483646136725,-0.0046425919132538906,122,122
fixed_test,5,2,apriori|2|07,"ac370419, ac370442",4,0.92892483646136725,-0.0045119744164878739,122,121
fixed_test,5,2,apriori|2|07,"ac370419, ac370442",5,0.92892483646136725,-0.00014567079758343038,122,122
fixed_test,5,2,apriori|2|07,"ac370419, ac370442",6,0.92892483646136725,-0.0045119744164878739,122,122
fixed_test,5,2,apriori|2|07,"ac370419, ac370442",7,0.92892483646136725,-0.0088843954423291072,122,122
fixed_test,5,2,apriori|2|07,"ac370419, ac370442",8,0.92892483646136725,-0.0088843954423291072,122,122
fixed_test,5,2,apriori|2|07,"ac370419, ac370442",9,0.92892483646136725,-0.0045119744164878739,122,121
fixed_test,5,2,apriori|2|08,"ac370442, ac370443",0,0.92892483646136725,0,122,122
fixed_test,5,2,apriori|2|08,"ac370442, ac370443",1,0.92892483646136725,-0.0046425919132538906,122,122
fixed_test,5,2,apriori|2|08,"ac370442, ac370443",2,0.92892483646136725,0.0042150843034634011,122,122
fixed_test,5,2,apriori|2|08,"ac370442, ac370443",3,0.92892483646136725,-0.0045119744164878739,122,122
fixed_test,5,2,apriori|2|08,"ac370442, ac370443",4,0.92892483646136725,0.0042150843034634011,122,122
fixed_test,5,2,apriori|2|08,"ac370442, ac370443",5,0.92892483646136725,-0.0046425919132538906,122,121
fixed_test,5,2,apriori|2|08,"ac370442, ac370443",6,0.92892483646136725,-0.00014567079758343038,122,122
fixed_test,5,2,apriori|2|08,"ac370442, ac370443",7,0.92892483646136725,-0.0090118573902147059,122,122
fixed_test,5,2,apriori|2|08,"ac370442, ac370443",8,0.92892483646136725,-0.0045119744164878739,122,122
fixed_test,5,2,apriori|2|08,"ac370442, ac370443",9,0.92892483646136725,-0.00014567079758343038,122,122
fixed_test,5,2,apriori|2|09,"370407, ac370443",0,0.92892483646136725,0.0087205157950476231,124,123
fixed_test,5,2,apriori|2|09,"370407, ac370443",1,0.92892483646136725,-0.00027870336164159681,124,124
fixed_test,5,2,apriori|2|09,"370407, ac370443",2,0.92892483646136725,-0.0088843954423291072,124,124
fixed_test,5,2,apriori|2|09,"370407, ac370443",3,0.92892483646136725,0.0042150843034634011,124,124
fixed_test,5,2,apriori|2|09,"370407, ac370443",4,0.92892483646136725,-0.0045119744164878739,124,124
fixed_test,5,2,apriori|2|09,"370407, ac370443",5,0.92892483646136725,-0.00027870336164159681,124,124
fixed_test,5,2,apriori|2|09,"370407, ac370443",6,0.92892483646136725,-0.0045119744164878739,124,124
fixed_test,5,2,apriori|2|09,"370407, ac370443",7,0.92892483646136725,-0.0045119744164878739,124,124
fixed_test,5,2,apriori|2|09,"370407, ac370443",8,0.92892483646136725,-0.00014567079758343038,124,124
fixed_test,5,2,apriori|2|09,"370407, ac370443",9,0.92892483646136725,0.0085708541604823107,124,124
fixed_test,5,2,apriori|2|10,"370407, ac370442",0,0.92892483646136725,0.0085708541604823107,122,122
fixed_test,5,2,apriori|2|10,"370407, ac370442",1,0.92892483646136725,-0.0090118573902147059,122,122
fixed_test,5,2,apriori|2|10,"370407, ac370442",2,0.92892483646136725,-0.0045119744164878739,122,122
fixed_test,5,2,apriori|2|10,"370407, ac370442",3,0.92892483646136725,-0.0045119744164878739,122,121
fixed_test,5,2,apriori|2|10,"370407, ac370442",4,0.92892483646136725,0.0042150843034634011,122,122
fixed_test,5,2,apriori|2|10,"370407, ac370442",5,0.92892483646136725,0.0084351820018448986,122,121
fixed_test,5,2,apriori|2|10,"370407, ac370442",6,0.92892483646136725,0.0040803693179134459,122,122
fixed_test,5,2,apriori|2|10,"370407, ac370442",7,0.92892483646136725,-0.00014567079758343038,122,120
fixed_test,5,2,apriori|2|10,"370407, ac370442",8,0.92892483646136725,-0.0090118573902147059,122,122
fixed_test,5,2,apriori|2|10,"370407, ac370442",9,0.92892483646136725,-0.0090118573902147059,122,122
fixed_test,5,2,apriori|3|01,"ac370000, ac370419, ac370443",0,0.92892483646136725,0.01292219671280137,124,124
fixed_test,5,2,apriori|3|01,"ac370000, ac370419, ac370443",1,0.92892483646136725,0.0085708541604823107,124,124
fixed_test,5,2,apriori|3|01,"ac370000, ac370419, ac370443",2,0.92892483646136725,0.021613806628710708,124,124
fixed_test,5,2,apriori|3|01,"ac370000, ac370419, ac370443",3,0.92892483646136725,0.0087205157950476231,124,124
fixed_test,5,2,apriori|3|01,"ac370000, ac370419, ac370443",4,0.92892483646136725,0.021930436736897652,124,124
fixed_test,5,2,apriori|3|01,"ac370000, ac370419, ac370443",5,0.92892483646136725,0.013072760520180582,124,123
fixed_test,5,2,apriori|3|01,"ac370000, ac370419, ac370443",6,0.92892483646136725,0.021930436736897652,124,124
fixed_test,5,2,apriori|3|01,"ac370000, ac370419, ac370443",7,0.92892483646136725,0.0084351820018448986,124,124
fixed_test,5,2,apriori|3|01,"ac370000, ac370419, ac370443",8,0.92892483646136725,0.0042150843034634011,124,123
fixed_test,5,2,apriori|3|01,"ac370000, ac370419, ac370443",9,0.92892483646136725,0.0042150843034634011,124,124
fixed_test,5,2,apriori|3|02,"370407, ac370000, ac370419",0,0.92892483646136725,0.01292219671280137,126,126
fixed_test,5,2,apriori|3|02,"370407, ac370000, ac370419",1,0.92892483646136725,0.0085708541604823107,126,126
fixed_test,5,2,apriori|3|02,"370407, ac370000, ac370419",2,0.92892483646136725,0.017269664839675847,126,126
fixed_test,5,2,apriori|3|02,"370407, ac370000, ac370419",3,0.92892483646136725,0.0087205157950476231,126,126
fixed_test,5,2,apriori|3|02,"370407, ac370000, ac370419",4,0.92892483646136725,0.017269664839675847,126,126
fixed_test,5,2,apriori|3|02,"370407, ac370000, ac370419",5,0.92892483646136725,0.012786285660392194,126,126
fixed_test,5,2,apriori|3|02,"370407, ac370000, ac370419",6,0.92892483646136725,0.017269664839675847,126,126
fixed_test,5,2,apriori|3|02,"370407, ac370000, ac370419",7,0.92892483646136725,0.034776104654688056,126,126
fixed_test,5,2,apriori|3|02,"370407, ac370000, ac370419",8,0.92892483646136725,0.0042150843034634011,126,126
fixed_test,5,2,apriori|3|02,"370407, ac370000, ac370419",9,0.92892483646136725,0.01292219671280137,126,126
fixed_test,5,2,apriori|3|03,"ac370000, ac370419, ac370442",0,0.92892483646136725,0.0084351820018448986,122,122
fixed_test,5,2,apriori|3|03,"ac370000, ac370419, ac370442",1,0.92892483646136725,0.0085708541604823107,122,122
fixed_test,5,2,apriori|3|03,"ac370000, ac370419, ac370442",2,0.92892483646136725,0.0042150843034634011,122,122
fixed_test,5,2,apriori|3|03,"ac370000, ac370419, ac370442",3,0.92892483646136725,0.01292219671280137,122,122
fixed_test,5,2,apriori|3|03,"ac370000, ac370419, ac370442",4,0.92892483646136725,0.0084351820018448986,122,122
fixed_test,5,2,apriori|3|03,"ac370000, ac370419, ac370442",5,0.92892483646136725,-0.00027870336164159681,122,122
fixed_test,5,2,apriori|3|03,"ac370000, ac370419, ac370442",6,0.92892483646136725,0.0042150843034634011,122,122
fixed_test,5,2,apriori|3|03,"ac370000, ac370419, ac370442",7,0.92892483646136725,-0.00014567079758343038,122,122
fixed_test,5,2,apriori|3|03,"ac370000, ac370419, ac370442",8,0.92892483646136725,0.0040803693179134459,122,122
fixed_test,5,2,apriori|3|03,"ac370000, ac370419, ac370442",9,0.92892483646136725,0.01292219671280137,122,122
fixed_test,5,2,apriori|3|04,"ac370000, ac370442, ac370443",0,0.92892483646136725,0.017269664839675847,122,122
fixed_test,5,2,apriori|3|04,"ac370000, ac370442, ac370443",1,0.92892483646136725,0.0085708541604823107,122,122
fixed_test,5,2,apriori|3|04,"ac370000, ac370442, ac370443",2,0.92892483646136725,-0.00027870336164159681,122,122
fixed_test,5,2,apriori|3|04,"ac370000, ac370442, ac370443",3,0.92892483646136725,0.025955165638578137,122,122
fixed_test,5,2,apriori|3|04,"ac370000, ac370442, ac370443",4,0.92892483646136725,0.021764024107689184,122,122
fixed_test,5,2,apriori|3|04,"ac370000, ac370442, ac370443",5,0.92892483646136725,0.01292219671280137,122,122
fixed_test,5,2,apriori|3|04,"ac370000, ac370442, ac370443",6,0.92892483646136725,-0.00014567079758343038,122,122
fixed_test,5,2,apriori|3|04,"ac370000, ac370442, ac370443",7,0.92892483646136725,0.01292219671280137,122,122
fixed_test,5,2,apriori|3|04,"ac370000, ac370442, ac370443",8,0.92892483646136725,-0.00027870336164159681,122,122
fixed_test,5,2,apriori|3|04,"ac370000, ac370442, ac370443",9,0.92892483646136725,0.0085708541604823107,122,122
fixed_test,5,2,apriori|3|05,"ac370419, ac370442, ac370443",0,0.92892483646136725,0.0040803693179134459,121,121
fixed_test,5,2,apriori|3|05,"ac370419, ac370442, ac370443",1,0.92892483646136725,-0.00014567079758343038,121,121
fixed_test,5,2,apriori|3|05,"ac370419, ac370442, ac370443",2,0.92892483646136725,-0.0046425919132538906,121,121
fixed_test,5,2,apriori|3|05,"ac370419, ac370442, ac370443",3,0.92892483646136725,-0.0090118573902147059,121,121
fixed_test,5,2,apriori|3|05,"ac370419, ac370442, ac370443",4,0.92892483646136725,-0.0088843954423291072,121,121
fixed_test,5,2,apriori|3|05,"ac370419, ac370442, ac370443",5,0.92892483646136725,-0.0045119744164878739,121,121
fixed_test,5,2,apriori|3|05,"ac370419, ac370442, ac370443",6,0.92892483646136725,0.0042150843034634011,121,121
fixed_test,5,2,apriori|3|05,"ac370419, ac370442, ac370443",7,0.92892483646136725,0.0042150843034634011,121,121
fixed_test,5,2,apriori|3|05,"ac370419, ac370442, ac370443",8,0.92892483646136725,0.0042150843034634011,121,121
fixed_test,5,2,apriori|3|05,"ac370419, ac370442, ac370443",9,0.92892483646136725,0.0040803693179134459,121,121
fixed_test,5,2,apriori|3|06,"370407, ac370000, ac370443",0,0.92892483646136725,0.021479546835020069,124,124
fixed_test,5,2,apriori|3|06,"370407, ac370000, ac370443",1,0.92892483646136725,0.0084351820018448986,124,123
fixed_test,5,2,apriori|3|06,"370407, ac370000, ac370443",2,0.92892483646136725,0.017269664839675847,124,124
fixed_test,5,2,apriori|3|06,"370407, ac370000, ac370443",3,0.92892483646136725,0.021479546835020069,124,124
fixed_test,5,2,apriori|3|06,"370407, ac370000, ac370443",4,0.92892483646136725,0.01292219671280137,124,124
fixed_test,5,2,apriori|3|06,"370407, ac370000, ac370443",5,0.92892483646136725,0.0085708541604823107,124,124
fixed_test,5,2,apriori|3|06,"370407, ac370000, ac370443",6,0.92892483646136725,0.01292219671280137,124,124
fixed_test,5,2,apriori|3|06,"370407, ac370000, ac370443",7,0.92892483646136725,0.012786285660392194,124,124
fixed_test,5,2,apriori|3|06,"370407, ac370000, ac370443",8,0.92892483646136725,0.017269664839675847,124,123
fixed_test,5,2,apriori|3|06,"370407, ac370000, ac370443",9,0.92892483646136725,0.025955165638578137,124,124
fixed_test,5,2,apriori|3|07,"370407, ac370419, ac370443",0,0.92892483646136725,-0.00014567079758343038,124,124
fixed_test,5,2,apriori|3|07,"370407, ac370419, ac370443",1,0.92892483646136725,0.0040803693179134459,124,124
fixed_test,5,2,apriori|3|07,"370407, ac370419, ac370443",2,0.92892483646136725,0.01292219671280137,124,124
fixed_test,5,2,apriori|3|07,"370407, ac370419, ac370443",3,0.92892483646136725,0.0084351820018448986,124,124
fixed_test,5,2,apriori|3|07,"370407, ac370419, ac370443",4,0.92892483646136725,0.01292219671280137,124,124
fixed_test,5,2,apriori|3|07,"370407, ac370419, ac370443",5,0.92892483646136725,0.0087205157950476231,124,124
fixed_test,5,2,apriori|3|07,"370407, ac370419, ac370443",6,0.92892483646136725,-0.0045119744164878739,124,124
fixed_test,5,2,apriori|3|07,"370407, ac370419, ac370443",7,0.92892483646136725,-0.0046425919132538906,124,124
fixed_test,5,2,apriori|3|07,"370407, ac370419, ac370443",8,0.92892483646136725,-0.0090118573902147059,124,124
fixed_test,5,2,apriori|3|07,"370407, ac370419, ac370443",9,0.92892483646136725,-0.0090118573902147059,124,124
fixed_test,5,2,apriori|3|08,"370407, ac370000, ac370442",0,0.92892483646136725,0.021613806628710708,122,122
fixed_test,5,2,apriori|3|08,"370407, ac370000, ac370442",1,0.92892483646136725,0.012664812513719981,122,122
fixed_test,5,2,apriori|3|08,"370407, ac370000, ac370442",2,0.92892483646136725,0.0085708541604823107,122,122
fixed_test,5,2,apriori|3|08,"370407, ac370000, ac370442",3,0.92892483646136725,0.017134226622467996,122,122
fixed_test,5,2,apriori|3|08,"370407, ac370000, ac370442",4,0.92892483646136725,0.021613806628710708,122,122
fixed_test,5,2,apriori|3|08,"370407, ac370000, ac370442",5,0.92892483646136725,0.021613806628710708,122,121
fixed_test,5,2,apriori|3|08,"370407, ac370000, ac370442",6,0.92892483646136725,0.017269664839675847,122,122
fixed_test,5,2,apriori|3|08,"370407, ac370000, ac370442",7,0.92892483646136725,0.0085708541604823107,122,121
fixed_test,5,2,apriori|3|08,"370407, ac370000, ac370442",8,0.92892483646136725,-0.0046425919132538906,122,122
fixed_test,5,2,apriori|3|08,"370407, ac370000, ac370442",9,0.92892483646136725,0.012786285660392194,122,122
fixed_test,5,2,apriori|3|09,"370407, ac370419, ac370442",0,0.92892483646136725,-0.0046425919132538906,122,122
fixed_test,5,2,apriori|3|09,"370407, ac370419, ac370442",1,0.92892483646136725,-0.00027870336164159681,122,122
fixed_test,5,2,apriori|3|09,"370407, ac370419, ac370442",2,0.92892483646136725,0.017134226622467996,122,122
fixed_test,5,2,apriori|3|09,"370407, ac370419, ac370442",3,0.92892483646136725,-0.0046425919132538906,122,122
fixed_test,5,2,apriori|3|09,"370407, ac370419, ac370442",4,0.92892483646136725,-0.0090118573902147059,122,122
fixed_test,5,2,apriori|3|09,"370407, ac370419, ac370442",5,0.92892483646136725,0.0040803693179134459,122,122
fixed_test,5,2,apriori|3|09,"370407, ac370419, ac370442",6,0.92892483646136725,0.021613806628710708,122,122
fixed_test,5,2,apriori|3|09,"370407, ac370419, ac370442",7,0.92892483646136725,-0.00014567079758343038,122,122
fixed_test,5,2,apriori|3|09,"370407, ac370419, ac370442",8,0.92892483646136725,-0.00014567079758343038,122,122
fixed_test,5,2,apriori|3|09,"370407, ac370419, ac370442",9,0.92892483646136725,-0.0090118573902147059,122,122
fixed_test,5,2,apriori|3|10,"370407, ac370442, ac370443",0,0.92892483646136725,0.0042150843034634011,121,121
fixed_test,5,2,apriori|3|10,"370407, ac370442, ac370443",1,0.92892483646136725,0.0042150843034634011,121,121
fixed_test,5,2,apriori|3|10,"370407, ac370442, ac370443",2,0.92892483646136725,0.0085708541604823107,121,121
fixed_test,5,2,apriori|3|10,"370407, ac370442, ac370443",3,0.92892483646136725,0.0085708541604823107,121,121
fixed_test,5,2,apriori|3|10,"370407, ac370442, ac370443",4,0.92892483646136725,0.0042150843034634011,121,121
fixed_test,5,2,apriori|3|10,"370407, ac370442, ac370443",5,0.92892483646136725,0.0040803693179134459,121,121
fixed_test,5,2,apriori|3|10,"370407, ac370442, ac370443",6,0.92892483646136725,0.0085708541604823107,121,121
fixed_test,5,2,apriori|3|10,"370407, ac370442, ac370443",7,0.92892483646136725,0.0040803693179134459,121,120
fixed_test,5,2,apriori|3|10,"370407, ac370442, ac370443",8,0.92892483646136725,-0.00027870336164159681,121,121
fixed_test,5,2,apriori|3|10,"370407, ac370442, ac370443",9,0.92892483646136725,0.0085708541604823107,121,121
fixed_test,5,2,impressed|1|01,376400,0,0.92892483646136725,0.0045246928321850399,72,69
fixed_test,5,2,impressed|1|01,376400,1,0.92892483646136725,0,72,66
fixed_test,5,2,impressed|1|01,376400,2,0.92892483646136725,0.013614782469482001,72,67
fixed_test,5,2,impressed|1|01,376400,3,0.92892483646136725,0.0090627391512129174,72,70
fixed_test,5,2,impressed|1|01,376400,4,0.92892483646136725,0.0090627391512129174,72,69
fixed_test,5,2,impressed|1|01,376400,5,0.92892483646136725,0,72,65
fixed_test,5,2,impressed|1|01,376400,6,0.92892483646136725,0.0090627391512129174,72,68
fixed_test,5,2,impressed|1|01,376400,7,0.92892483646136725,0.0090627391512129174,72,68
fixed_test,5,2,impressed|1|01,376400,8,0.92892483646136725,0,72,69
fixed_test,5,2,impressed|1|01,376400,9,0.92892483646136725,0,72,65
fixed_test,5,2,impressed|1|02,ac419100,0,0.92892483646136725,0,143,115
fixed_test,5,2,impressed|1|02,ac419100,1,0.92892483646136725,-0.00014567079758343038,143,112
fixed_test,5,2,impressed|1|02,ac419100,2,0.92892483646136725,0.017420411682606218,143,118
fixed_test,5,2,impressed|1|02,ac419100,3,0.92892483646136725,-0.00014567079758343038,143,118
fixed_test,5,2,impressed|1|02,ac419100,4,0.92892483646136725,0.026104147677506684,143,113
fixed_test,5,2,impressed|1|02,ac419100,5,0.92892483646136725,0.0087205157950476231,143,115
fixed_test,5,2,impressed|1|02,ac419100,6,0.92892483646136725,0.013238209349417551,143,115
fixed_test,5,2,impressed|1|02,ac419100,7,0.92892483646136725,0.0085708541604823107,143,113
fixed_test,5,2,impressed|1|02,ac419100,8,0.92892483646136725,0.017586702387678677,143,118
fixed_test,5,2,impressed|1|02,ac419100,9,0.92892483646136725,0.0043631174664648942,143,118
fixed_test,5,2,impressed|1|03,ac370000,0,0.92892483646136725,0.022312894331201094,153,152
fixed_test,5,2,impressed|1|03,ac370000,1,0.92892483646136725,0.0043631174664648942,153,152
fixed_test,5,2,impressed|1|03,ac370000,2,0.92892483646136725,0.0047000513107330333,153,152
fixed_test,5,2,impressed|1|03,ac370000,3,0.92892483646136725,-0.0042146798480159342,153,152
fixed_test,5,2,impressed|1|03,ac370000,4,0.92892483646136725,0.022113301232370208,153,153
fixed_test,5,2,impressed|1|03,ac370000,5,0.92892483646136725,0.0088843954423291072,153,151
fixed_test,5,2,impressed|1|03,ac370000,6,0.92892483646136725,0.031444244786979936,153,152
fixed_test,5,2,impressed|1|03,ac370000,7,0.92892483646136725,0.017966950561195794,153,151
fixed_test,5,2,impressed|1|03,ac370000,8,0.92892483646136725,0.013418793581693067,153,153
fixed_test,5,2,impressed|1|03,ac370000,9,0.92892483646136725,0.018181475093092314,153,152
fixed_test,5,2,impressed|1|04,ac415100,0,0.92892483646136725,0,42,39
fixed_test,5,2,impressed|1|04,ac415100,1,0.92892483646136725,0.0043631174664648942,42,37
fixed_test,5,2,impressed|1|04,ac415100,2,0.92892483646136725,0,42,42
fixed_test,5,2,impressed|1|04,ac415100,3,0.92892483646136725,0.0043631174664648942,42,40
fixed_test,5,2,impressed|1|04,ac415100,4,0.92892483646136725,0.0043631174664648942,42,38
fixed_test,5,2,impressed|1|04,ac415100,5,0.92892483646136725,0,42,37
fixed_test,5,2,impressed|1|04,ac415100,6,0.92892483646136725,0.0087205157950476231,42,38
fixed_test,5,2,impressed|1|04,ac415100,7,0.92892483646136725,0,42,41
fixed_test,5,2,impressed|1|04,ac415100,8,0.92892483646136725,0,42,39
fixed_test,5,2,impressed|1|04,ac415100,9,0.92892483646136725,0.0087205157950476231,42,34
fixed_test,5,2,impressed|1|05,ac10307,0,0.92892483646136725,0.0045246928321850399,33,26
fixed_test,5,2,impressed|1|05,ac10307,1,0.92892483646136725,0.0045246928321850399,33,24
fixed_test,5,2,impressed|1|05,ac10307,2,0.92892483646136725,0.0090627391512129174,33,30
fixed_test,5,2,impressed|1|05,ac10307,3,0.92892483646136725,0.0045246928321850399,33,26
fixed_test,5,2,impressed|1|05,ac10307,4,0.92892483646136725,0.0090627391512129174,33,29
fixed_test,5,2,impressed|1|05,ac10307,5,0.92892483646136725,0.013418793581693067,33,32
fixed_test,5,2,impressed|1|05,ac10307,6,0.92892483646136725,0.013418793581693067,33,30
fixed_test,5,2,impressed|1|05,ac10307,7,0.92892483646136725,0.0088843954423291072,33,25
fixed_test,5,2,impressed|1|05,ac10307,8,0.92892483646136725,0.0043631174664648942,33,29
fixed_test,5,2,impressed|1|05,ac10307,9,0.92892483646136725,0.0088843954423291072,33,29
fixed_test,5,2,impressed|1|06,ac355427,0,0.92892483646136725,0,13,13
fixed_test,5,2,impressed|1|06,ac355427,1,0.92892483646136725,-0.0043694079173229872,13,13
fixed_test,5,2,impressed|1|06,ac355427,2,0.92892483646136725,-0.0043694079173229872,13,12
fixed_test,5,2,impressed|1|06,ac355427,3,0.92892483646136725,-0.0043694079173229872,13,13
fixed_test,5,2,impressed|1|06,ac355427,4,0.92892483646136725,-0.0043694079173229872,13,13
fixed_test,5,2,impressed|1|06,ac355427,5,0.92892483646136725,-0.0043694079173229872,13,12
fixed_test,5,2,impressed|1|06,ac355427,6,0.92892483646136725,0,13,12
fixed_test,5,2,impressed|1|06,ac355427,7,0.92892483646136725,-0.0043694079173229872,13,12
fixed_test,5,2,impressed|1|06,ac355427,8,0.92892483646136725,-0.0043694079173229872,13,13
fixed_test,5,2,impressed|1|06,ac355427,9,0.92892483646136725,-0.0043694079173229872,13,13
fixed_test,5,2,impressed|1|07,337419c,0,0.92892483646136725,0,0,0
fixed_test,5,2,impressed|1|07,337419c,1,0.92892483646136725,0,0,0
fixed_test,5,2,impressed|1|07,337419c,2,0.92892483646136725,0,0,0
fixed_test,5,2,impressed|1|07,337419c,3,0.92892483646136725,0,0,0
fixed_test,5,2,impressed|1|07,337419c,4,0.92892483646136725,0,0,0
fixed_test,5,2,impressed|1|07,337419c,5,0.92892483646136725,0,0,0
fixed_test,5,2,impressed|1|07,337419c,6,0.92892483646136725,0,0,0
fixed_test,5,2,impressed|1|07,337419c,7,0.92892483646136725,0,0,0
fixed_test,5,2,impressed|1|07,337419c,8,0.92892483646136725,0,0,0
fixed_test,5,2,impressed|1|07,337419c,9,0.92892483646136725,0,0,0
fixed_test,5,2,impressed|1|08,ac411100,0,0.92892483646136725,0.0045246928321850399,100,90
fixed_test,5,2,impressed|1|08,ac411100,1,0.92892483646136725,-0.0087456836687526129,100,86
fixed_test,5,2,impressed|1|08,ac411100,2,0.92892483646136725,0.00015852774123026325,100,89
fixed_test,5,2,impressed|1|08,ac411100,3,0.92892483646136725,0.0045246928321850399,100,90
fixed_test,5,2,impressed|1|08,ac411100,4,0.92892483646136725,0.0043631174664648942,100,88
fixed_test,5,2,impressed|1|08,ac411100,5,0.92892483646136725,-0.0043694079173229872,100,88
fixed_test,5,2,impressed|1|08,ac411100,6,0.92892483646136725,0.00015852774123026325,100,91
fixed_test,5,2,impressed|1|08,ac411100,7,0.92892483646136725,0.013238209349417551,100,88
fixed_test,5,2,impressed|1|08,ac411100,8,0.92892483646136725,0.0088843954423291072,100,90
fixed_test,5,2,impressed|1|08,ac411100,9,0.92892483646136725,0.0043631174664648942,100,92
fixed_test,5,2,impressed|1|09,370407,0,0.92892483646136725,0.0087205157950476231,130,125
fixed_test,5,2,impressed|1|09,370407,1,0.92892483646136725,0.0087205157950476231,130,125
fixed_test,5,2,impressed|1|09,370407,2,0.92892483646136725,0.0042150843034634011,130,127
fixed_test,5,2,impressed|1|09,370407,3,0.92892483646136725,-0.0043694079173229872,130,125
fixed_test,5,2,impressed|1|09,370407,4,0.92892483646136725,-0.0045119744164878739,130,128
fixed_test,5,2,impressed|1|09,370407,5,0.92892483646136725,-0.0045119744164878739,130,120
fixed_test,5,2,impressed|1|09,370407,6,0.92892483646136725,0,130,127
fixed_test,5,2,impressed|1|09,370407,7,0.92892483646136725,0.0042150843034634011,130,128
fixed_test,5,2,impressed|1|09,370407,8,0.92892483646136725,-0.0045119744164878739,130,129
fixed_test,5,2,impressed|1|09,370407,9,0.92892483646136725,0.0043631174664648942,130,122
fixed_test,5,2,impressed|1|10,ac378449,0,0.92892483646136725,0.0043631174664648942,4,4
fixed_test,5,2,impressed|1|10,ac378449,1,0.92892483646136725,0,4,3
fixed_test,5,2,impressed|1|10,ac378449,2,0.92892483646136725,0,4,4
fixed_test,5,2,impressed|1|10,ac378449,3,0.92892483646136725,0.0043631174664648942,4,3
fixed_test,5,2,impressed|1|10,ac378449,4,0.92892483646136725,0,4,4
fixed_test,5,2,impressed|1|10,ac378449,5,0.92892483646136725,0,4,4
fixed_test,5,2,impressed|1|10,ac378449,6,0.92892483646136725,0.0043631174664648942,4,4
fixed_test,5,2,impressed|1|10,ac378449,7,0.92892483646136725,0,4,3
fixed_test,5,2,impressed|1|10,ac378449,8,0.92892483646136725,0.0043631174664648942,4,4
fixed_test,5,2,impressed|1|10,ac378449,9,0.92892483646136725,0.0043631174664648942,4,4
fixed_test,5,2,impressed|2|01,"370715a, 376400",0,0.92892483646136725,-0.0045119744164878739,64,64
fixed_test,5,2,impressed|2|01,"370715a, 376400",1,0.92892483646136725,-0.0045119744164878739,64,63
fixed_test,5,2,impressed|2|01,"370715a, 376400",2,0.92892483646136725,-0.0045119744164878739,64,64
fixed_test,5,2,impressed|2|01,"370715a, 376400",3,0.92892483646136725,-0.0045119744164878739,64,64
fixed_test,5,2,impressed|2|01,"370715a, 376400",4,0.92892483646136725,-0.0045119744164878739,64,64
fixed_test,5,2,impressed|2|01,"370715a, 376400",5,0.92892483646136725,0,64,64
fixed_test,5,2,impressed|2|01,"370715a, 376400",6,0.92892483646136725,-0.0045119744164878739,64,64
fixed_test,5,2,impressed|2|01,"370715a, 376400",7,0.92892483646136725,-0.0045119744164878739,64,64
fixed_test,5,2,impressed|2|01,"370715a, 376400",8,0.92892483646136725,-0.0045119744164878739,64,64
fixed_test,5,2,impressed|2|01,"370715a, 376400",9,0.92892483646136725,-0.0045119744164878739,64,63
fixed_test,5,2,impressed|2|02,"370712b, 376400",0,0.92892483646136725,-0.0045119744164878739,64,63
fixed_test,5,2,impressed|2|02,"370712b, 376400",1,0.92892483646136725,-0.0045119744164878739,64,62
fixed_test,5,2,impressed|2|02,"370712b, 376400",2,0.92892483646136725,-0.0045119744164878739,64,63
fixed_test,5,2,impressed|2|02,"370712b, 376400",3,0.92892483646136725,-0.0045119744164878739,64,63
fixed_test,5,2,impressed|2|02,"370712b, 376400",4,0.92892483646136725,-0.0045119744164878739,64,63
fixed_test,5,2,impressed|2|02,"370712b, 376400",5,0.92892483646136725,0,64,62
fixed_test,5,2,impressed|2|02,"370712b, 376400",6,0.92892483646136725,-0.0045119744164878739,64,63
fixed_test,5,2,impressed|2|02,"370712b, 376400",7,0.92892483646136725,-0.0045119744164878739,64,62
fixed_test,5,2,impressed|2|02,"370712b, 376400",8,0.92892483646136725,-0.0045119744164878739,64,64
fixed_test,5,2,impressed|2|02,"370712b, 376400",9,0.92892483646136725,-0.0045119744164878739,64,63
fixed_test,5,2,impressed|2|03,"ac411100, ac419100",0,0.92892483646136725,0.0087205157950476231,82,72
fixed_test,5,2,impressed|2|03,"ac411100, ac419100",1,0.92892483646136725,0.0087205157950476231,82,76
fixed_test,5,2,impressed|2|03,"ac411100, ac419100",2,0.92892483646136725,0.0087205157950476231,82,72
fixed_test,5,2,impressed|2|03,"ac411100, ac419100",3,0.92892483646136725,0.0087205157950476231,82,76
fixed_test,5,2,impressed|2|03,"ac411100, ac419100",4,0.92892483646136725,0,82,75
fixed_test,5,2,impressed|2|03,"ac411100, ac419100",5,0.92892483646136725,0.0087205157950476231,82,72
fixed_test,5,2,impressed|2|03,"ac411100, ac419100",6,0.92892483646136725,0.0043631174664648942,82,80
fixed_test,5,2,impressed|2|03,"ac411100, ac419100",7,0.92892483646136725,0.0043631174664648942,82,76
fixed_test,5,2,impressed|2|03,"ac411100, ac419100",8,0.92892483646136725,0.0087205157950476231,82,78
fixed_test,5,2,impressed|2|03,"ac411100, ac419100",9,0.92892483646136725,0.0043631174664648942,82,76
fixed_test,5,2,impressed|2|04,"370401c, ac370000",0,0.92892483646136725,-0.0045119744164878739,121,120
fixed_test,5,2,impressed|2|04,"370401c, ac370000",1,0.92892483646136725,0.0042150843034634011,121,120
fixed_test,5,2,impressed|2|04,"370401c, ac370000",2,0.92892483646136725,0.0042150843034634011,121,119
fixed_test,5,2,impressed|2|04,"370401c, ac370000",3,0.92892483646136725,0.0087205157950476231,121,121
fixed_test,5,2,impressed|2|04,"370401c, ac370000",4,0.92892483646136725,-0.00014567079758343038,121,121
fixed_test,5,2,impressed|2|04,"370401c, ac370000",5,0.92892483646136725,0.0085708541604823107,121,121
fixed_test,5,2,impressed|2|04,"370401c, ac370000",6,0.92892483646136725,-0.0045119744164878739,121,120
fixed_test,5,2,impressed|2|04,"370401c, ac370000",7,0.92892483646136725,0.0087205157950476231,121,121
fixed_test,5,2,impressed|2|04,"370401c, ac370000",8,0.92892483646136725,0.0087205157950476231,121,121
fixed_test,5,2,impressed|2|04,"370401c, ac370000",9,0.92892483646136725,-0.00014567079758343038,121,120
fixed_test,5,2,impressed|2|05,"ac370000, ac370403",0,0.92892483646136725,-0.00027870336164159681,122,121
fixed_test,5,2,impressed|2|05,"ac370000, ac370403",1,0.92892483646136725,0.0042150843034634011,122,122
fixed_test,5,2,impressed|2|05,"ac370000, ac370403",2,0.92892483646136725,0.0042150843034634011,122,121
fixed_test,5,2,impressed|2|05,"ac370000, ac370403",3,0.92892483646136725,0.0042150843034634011,122,122
fixed_test,5,2,impressed|2|05,"ac370000, ac370403",4,0.92892483646136725,-0.00014567079758343038,122,121
fixed_test,5,2,impressed|2|05,"ac370000, ac370403",5,0.92892483646136725,-0.00027870336164159681,122,121
fixed_test,5,2,impressed|2|05,"ac370000, ac370403",6,0.92892483646136725,0.0042150843034634011,122,122
fixed_test,5,2,impressed|2|05,"ac370000, ac370403",7,0.92892483646136725,0.0042150843034634011,122,122
fixed_test,5,2,impressed|2|05,"ac370000, ac370403",8,0.92892483646136725,0.0042150843034634011,122,120
fixed_test,5,2,impressed|2|05,"ac370000, ac370403",9,0.92892483646136725,0.0042150843034634011,122,121
fixed_test,5,2,impressed|2|06,"ac411100, ac415100",0,0.92892483646136725,0,33,31
fixed_test,5,2,impressed|2|06,"ac411100, ac415100",1,0.92892483646136725,0.0043631174664648942,33,33
fixed_test,5,2,impressed|2|06,"ac411100, ac415100",2,0.92892483646136725,0.017420411682606218,33,30
fixed_test,5,2,impressed|2|06,"ac411100, ac415100",3,0.92892483646136725,0.013072760520180582,33,30
fixed_test,5,2,impressed|2|06,"ac411100, ac415100",4,0.92892483646136725,0.0043631174664648942,33,29
fixed_test,5,2,impressed|2|06,"ac411100, ac415100",5,0.92892483646136725,0.0043631174664648942,33,33
fixed_test,5,2,impressed|2|06,"ac411100, ac415100",6,0.92892483646136725,0,33,30
fixed_test,5,2,impressed|2|06,"ac411100, ac415100",7,0.92892483646136725,0.0087205157950476231,33,31
fixed_test,5,2,impressed|2|06,"ac411100, ac415100",8,0.92892483646136725,0,33,32
fixed_test,5,2,impressed|2|06,"ac411100, ac415100",9,0.92892483646136725,0.017420411682606218,33,32
fixed_test,5,2,impressed|2|07,"ac415100, ac419100",0,0.92892483646136725,0,38,33
fixed_test,5,2,impressed|2|07,"ac415100, ac419100",1,0.92892483646136725,-0.0043694079173229872,38,35
fixed_test,5,2,impressed|2|07,"ac415100, ac419100",2,0.92892483646136725,-0.0043694079173229872,38,35
fixed_test,5,2,impressed|2|07,"ac415100, ac419100",3,0.92892483646136725,0,38,35
fixed_test,5,2,impressed|2|07,"ac415100, ac419100",4,0.92892483646136725,0.0087205157950476231,38,32
fixed_test,5,2,impressed|2|07,"ac415100, ac419100",5,0.92892483646136725,-0.0043694079173229872,38,34
fixed_test,5,2,impressed|2|07,"ac415100, ac419100",6,0.92892483646136725,0,38,32
fixed_test,5,2,impressed|2|07,"ac415100, ac419100",7,0.92892483646136725,-0.0087456836687526129,38,34
fixed_test,5,2,impressed|2|07,"ac415100, ac419100",8,0.92892483646136725,0,38,34
fixed_test,5,2,impressed|2|07,"ac415100, ac419100",9,0.92892483646136725,0.013072760520180582,38,32
fixed_test,5,2,impressed|2|08,"ac10307, ac419100",0,0.92892483646136725,0,27,27
fixed_test,5,2,impressed|2|08,"ac10307, ac419100",1,0.92892483646136725,0.0045246928321850399,27,25
fixed_test,5,2,impressed|2|08,"ac10307, ac419100",2,0.92892483646136725,0,27,27
fixed_test,5,2,impressed|2|08,"ac10307, ac419100",3,0.92892483646136725,0.0045246928321850399,27,26
fixed_test,5,2,impressed|2|08,"ac10307, ac419100",4,0.92892483646136725,0,27,27
fixed_test,5,2,impressed|2|08,"ac10307, ac419100",5,0.92892483646136725,0,27,25
fixed_test,5,2,impressed|2|08,"ac10307, ac419100",6,0.92892483646136725,0,27,26
fixed_test,5,2,impressed|2|08,"ac10307, ac419100",7,0.92892483646136725,0,27,27
fixed_test,5,2,impressed|2|08,"ac10307, ac419100",8,0.92892483646136725,0.0043631174664648942,27,25
fixed_test,5,2,impressed|2|08,"ac10307, ac419100",9,0.92892483646136725,0,27,27
fixed_test,5,2,impressed|2|09,"ac10307, ac411100",0,0.92892483646136725,0.0045246928321850399,30,30
fixed_test,5,2,impressed|2|09,"ac10307, ac411100",1,0.92892483646136725,0,30,27
fixed_test,5,2,impressed|2|09,"ac10307, ac411100",2,0.92892483646136725,0.0087205157950476231,30,30
fixed_test,5,2,impressed|2|09,"ac10307, ac411100",3,0.92892483646136725,0,30,30
fixed_test,5,2,impressed|2|09,"ac10307, ac411100",4,0.92892483646136725,0.0045246928321850399,30,29
fixed_test,5,2,impressed|2|09,"ac10307, ac411100",5,0.92892483646136725,0.013238209349417551,30,29
fixed_test,5,2,impressed|2|09,"ac10307, ac411100",6,0.92892483646136725,0.0087205157950476231,30,29
fixed_test,5,2,impressed|2|09,"ac10307, ac411100",7,0.92892483646136725,0.0043631174664648942,30,30
fixed_test,5,2,impressed|2|09,"ac10307, ac411100",8,0.92892483646136725,0.0043631174664648942,30,30
fixed_test,5,2,impressed|2|09,"ac10307, ac411100",9,0.92892483646136725,0,30,26
fixed_test,5,2,impressed|2|10,"ac355201, ac415100",0,0.92892483646136725,0,3,3
fixed_test,5,2,impressed|2|10,"ac355201, ac415100",1,0.92892483646136725,0,3,3
fixed_test,5,2,impressed|2|10,"ac355201, ac415100",2,0.92892483646136725,0,3,3
fixed_test,5,2,impressed|2|10,"ac355201, ac415100",3,0.92892483646136725,0,3,3
fixed_test,5,2,impressed|2|10,"ac355201, ac415100",4,0.92892483646136725,0,3,3
fixed_test,5,2,impressed|2|10,"ac355201, ac415100",5,0.92892483646136725,0,3,3
fixed_test,5,2,impressed|2|10,"ac355201, ac415100",6,0.92892483646136725,0,3,2
fixed_test,5,2,impressed|2|10,"ac355201, ac415100",7,0.92892483646136725,0,3,3
fixed_test,5,2,impressed|2|10,"ac355201, ac415100",8,0.92892483646136725,0,3,3
fixed_test,5,2,impressed|2|10,"ac355201, ac415100",9,0.92892483646136725,0,3,3
fixed_test,5,2,impressed|3|01,"376400, 377498a, ac372417",0,0.92892483646136725,-0.0045119744164878739,62,62
fixed_test,5,2,impressed|3|01,"376400, 377498a, ac372417",1,0.92892483646136725,-0.0045119744164878739,62,62
fixed_test,5,2,impressed|3|01,"376400, 377498a, ac372417",2,0.92892483646136725,-0.0045119744164878739,62,62
fixed_test,5,2,impressed|3|01,"376400, 377498a, ac372417",3,0.92892483646136725,0,62,62
fixed_test,5,2,impressed|3|01,"376400, 377498a, ac372417",4,0.92892483646136725,0,62,62
fixed_test,5,2,impressed|3|01,"376400, 377498a, ac372417",5,0.92892483646136725,0,62,62
fixed_test,5,2,impressed|3|01,"376400, 377498a, ac372417",6,0.92892483646136725,0,62,61
fixed_test,5,2,impressed|3|01,"376400, 377498a, ac372417",7,0.92892483646136725,-0.0045119744164878739,62,62
fixed_test,5,2,impressed|3|01,"376400, 377498a, ac372417",8,0.92892483646136725,-0.0045119744164878739,62,62
fixed_test,5,2,impressed|3|01,"376400, 377498a, ac372417",9,0.92892483646136725,-0.0045119744164878739,62,62
fixed_test,5,2,impressed|3|02,"ac411100, ac415100, ac419100",0,0.92892483646136725,0.0087205157950476231,29,27
fixed_test,5,2,impressed|3|02,"ac411100, ac415100, ac419100",1,0.92892483646136725,0.013072760520180582,29,28
fixed_test,5,2,impressed|3|02,"ac411100, ac415100, ac419100",2,0.92892483646136725,-0.0043694079173229872,29,27
fixed_test,5,2,impressed|3|02,"ac411100, ac415100, ac419100",3,0.92892483646136725,0.0043631174664648942,29,28
fixed_test,5,2,impressed|3|02,"ac411100, ac415100, ac419100",4,0.92892483646136725,0,29,27
fixed_test,5,2,impressed|3|02,"ac411100, ac415100, ac419100",5,0.92892483646136725,-0.0043694079173229872,29,27
fixed_test,5,2,impressed|3|02,"ac411100, ac415100, ac419100",6,0.92892483646136725,0.0087205157950476231,29,27
fixed_test,5,2,impressed|3|02,"ac411100, ac415100, ac419100",7,0.92892483646136725,0.013072760520180582,29,27
fixed_test,5,2,impressed|3|02,"ac411100, ac415100, ac419100",8,0.92892483646136725,0,29,27
fixed_test,5,2,impressed|3|02,"ac411100, ac415100, ac419100",9,0.92892483646136725,0.013072760520180582,29,26
fixed_test,5,2,impressed|3|03,"ac10307, ac411100, ac419100",0,0.92892483646136725,0.0043631174664648942,27,26
fixed_test,5,2,impressed|3|03,"ac10307, ac411100, ac419100",1,0.92892483646136725,0,27,27
fixed_test,5,2,impressed|3|03,"ac10307, ac411100, ac419100",2,0.92892483646136725,0,27,26
fixed_test,5,2,impressed|3|03,"ac10307, ac411100, ac419100",3,0.92892483646136725,0,27,26
fixed_test,5,2,impressed|3|03,"ac10307, ac411100, ac419100",4,0.92892483646136725,0,27,26
fixed_test,5,2,impressed|3|03,"ac10307, ac411100, ac419100",5,0.92892483646136725,0,27,26
fixed_test,5,2,impressed|3|03,"ac10307, ac411100, ac419100",6,0.92892483646136725,0,27,25
fixed_test,5,2,impressed|3|03,"ac10307, ac411100, ac419100",7,0.92892483646136725,0.0045246928321850399,27,25
fixed_test,5,2,impressed|3|03,"ac10307, ac411100, ac419100",8,0.92892483646136725,0,27,25
fixed_test,5,2,impressed|3|03,"ac10307, ac411100, ac419100",9,0.92892483646136725,0,27,25
fixed_test,5,2,impressed|3|04,"ac356134, ac411100, ac419100",0,0.92892483646136725,0,11,11
fixed_test,5,2,impressed|3|04,"ac356134, ac411100, ac419100",1,0.92892483646136725,0,11,11
fixed_test,5,2,impressed|3|04,"ac356134, ac411100, ac419100",2,0.92892483646136725,0.0043631174664648942,11,11
fixed_test,5,2,impressed|3|04,"ac356134, ac411100, ac419100",3,0.92892483646136725,0.0043631174664648942,11,11
fixed_test,5,2,impressed|3|04,"ac356134, ac411100, ac419100",4,0.92892483646136725,0.0043631174664648942,11,11
fixed_test,5,2,impressed|3|04,"ac356134, ac411100, ac419100",5,0.92892483646136725,0.0087205157950476231,11,11
fixed_test,5,2,impressed|3|04,"ac356134, ac411100, ac419100",6,0.92892483646136725,0,11,11
fixed_test,5,2,impressed|3|04,"ac356134, ac411100, ac419100",7,0.92892483646136725,0.0043631174664648942,11,11
fixed_test,5,2,impressed|3|04,"ac356134, ac411100, ac419100",8,0.92892483646136725,0.0043631174664648942,11,11
fixed_test,5,2,impressed|3|04,"ac356134, ac411100, ac419100",9,0.92892483646136725,0,11,11
fixed_test,5,2,impressed|3|05,"ac355201, ac415100, ac419100",0,0.92892483646136725,0.0045246928321850399,3,3
fixed_test,5,2,impressed|3|05,"ac355201, ac415100, ac419100",1,0.92892483646136725,0,3,3
fixed_test,5,2,impressed|3|05,"ac355201, ac415100, ac419100",2,0.92892483646136725,0,3,3
fixed_test,5,2,impressed|3|05,"ac355201, ac415100, ac419100",3,0.92892483646136725,0,3,2
fixed_test,5,2,impressed|3|05,"ac355201, ac415100, ac419100",4,0.92892483646136725,0,3,3
fixed_test,5,2,impressed|3|05,"ac355201, ac415100, ac419100",5,0.92892483646136725,0,3,3
fixed_test,5,2,impressed|3|05,"ac355201, ac415100, ac419100",6,0.92892483646136725,0,3,3
fixed_test,5,2,impressed|3|05,"ac355201, ac415100, ac419100",7,0.92892483646136725,0,3,3
fixed_test,5,2,impressed|3|05,"ac355201, ac415100, ac419100",8,0.92892483646136725,0,3,3
fixed_test,5,2,impressed|3|05,"ac355201, ac415100, ac419100",9,0.92892483646136725,0,3,3
fixed_test,5,2,impressed|3|06,"ac355201, ac411100, ac419100",0,0.92892483646136725,0,4,4
fixed_test,5,2,impressed|3|06,"ac355201, ac411100, ac419100",1,0.92892483646136725,0,4,4
fixed_test,5,2,impressed|3|06,"ac355201, ac411100, ac419100",2,0.92892483646136725,0,4,4
fixed_test,5,2,impressed|3|06,"ac355201, ac411100, ac419100",3,0.92892483646136725,0,4,4
fixed_test,5,2,impressed|3|06,"ac355201, ac411100, ac419100",4,0.92892483646136725,0,4,4
fixed_test,5,2,impressed|3|06,"ac355201, ac411100, ac419100",5,0.92892483646136725,0,4,4
fixed_test,5,2,impressed|3|06,"ac355201, ac411100, ac419100",6,0.92892483646136725,0,4,4
fixed_test,5,2,impressed|3|06,"ac355201, ac411100, ac419100",7,0.92892483646136725,0,4,4
fixed_test,5,2,impressed|3|06,"ac355201, ac411100, ac419100",8,0.92892483646136725,0,4,4
fixed_test,5,2,impressed|3|06,"ac355201, ac411100, ac419100",9,0.92892483646136725,0,4,4
fixed_test,5,2,impressed|3|07,"ac355427, ac411100, ac419100",0,0.92892483646136725,0,8,8
fixed_test,5,2,impressed|3|07,"ac355427, ac411100, ac419100",1,0.92892483646136725,-0.0043694079173229872,8,6
fixed_test,5,2,impressed|3|07,"ac355427, ac411100, ac419100",2,0.92892483646136725,-0.0043694079173229872,8,8
fixed_test,5,2,impressed|3|07,"ac355427, ac411100, ac419100",3,0.92892483646136725,-0.0043694079173229872,8,8
fixed_test,5,2,impressed|3|07,"ac355427, ac411100, ac419100",4,0.92892483646136725,0,8,8
fixed_test,5,2,impressed|3|07,"ac355427, ac411100, ac419100",5,0.92892483646136725,0.0045246928321850399,8,8
fixed_test,5,2,impressed|3|07,"ac355427, ac411100, ac419100",6,0.92892483646136725,0,8,8
fixed_test,5,2,impressed|3|07,"ac355427, ac411100, ac419100",7,0.92892483646136725,0.00015852774123026325,8,8
fixed_test,5,2,impressed|3|07,"ac355427, ac411100, ac419100",8,0.92892483646136725,0.00015852774123026325,8,7
fixed_test,5,2,impressed|3|07,"ac355427, ac411100, ac419100",9,0.92892483646136725,-0.0043694079173229872,8,7
fixed_test,5,2,impressed|3|08,"376400, ac370000, ac411100",0,0.92892483646136725,0,6,6
fixed_test,5,2,impressed|3|08,"376400, ac370000, ac411100",1,0.92892483646136725,0.0045246928321850399,6,6
fixed_test,5,2,impressed|3|08,"376400, ac370000, ac411100",2,0.92892483646136725,0.0090627391512129174,6,6
fixed_test,5,2,impressed|3|08,"376400, ac370000, ac411100",3,0.92892483646136725,0.0045246928321850399,6,6
fixed_test,5,2,impressed|3|08,"376400, ac370000, ac411100",4,0.92892483646136725,0,6,6
fixed_test,5,2,impressed|3|08,"376400, ac370000, ac411100",5,0.92892483646136725,0,6,6
fixed_test,5,2,impressed|3|08,"376400, ac370000, ac411100",6,0.92892483646136725,0.0045246928321850399,6,6
fixed_test,5,2,impressed|3|08,"376400, ac370000, ac411100",7,0.92892483646136725,0.0045246928321850399,6,6
fixed_test,5,2,impressed|3|08,"376400, ac370000, ac411100",8,0.92892483646136725,0,6,6
fixed_test,5,2,impressed|3|08,"376400, ac370000, ac411100",9,0.92892483646136725,0.0045246928321850399,6,6
fixed_test,5,2,impressed|3|09,"376400, ac370419, ac378452",0,0.92892483646136725,0,1,1
fixed_test,5,2,impressed|3|09,"376400, ac370419, ac378452",1,0.92892483646136725,0,1,1
fixed_test,5,2,impressed|3|09,"376400, ac370419, ac378452",2,0.92892483646136725,0.0045246928321850399,1,1
fixed_test,5,2,impressed|3|09,"376400, ac370419, ac378452",3,0.92892483646136725,0,1,0
fixed_test,5,2,impressed|3|09,"376400, ac370419, ac378452",4,0.92892483646136725,0.0045246928321850399,1,1
fixed_test,5,2,impressed|3|09,"376400, ac370419, ac378452",5,0.92892483646136725,0,1,1
fixed_test,5,2,impressed|3|09,"376400, ac370419, ac378452",6,0.92892483646136725,0.0045246928321850399,1,1
fixed_test,5,2,impressed|3|09,"376400, ac370419, ac378452",7,0.92892483646136725,0,1,0
fixed_test,5,2,impressed|3|09,"376400, ac370419, ac378452",8,0.92892483646136725,0,1,0
fixed_test,5,2,impressed|3|09,"376400, ac370419, ac378452",9,0.92892483646136725,0.0045246928321850399,1,1
fixed_test,5,2,impressed|3|10,"ac410500, ac411100, ac415100",0,0.92892483646136725,0,3,3
fixed_test,5,2,impressed|3|10,"ac410500, ac411100, ac415100",1,0.92892483646136725,0,3,3
fixed_test,5,2,impressed|3|10,"ac410500, ac411100, ac415100",2,0.92892483646136725,0,3,3
fixed_test,5,2,impressed|3|10,"ac410500, ac411100, ac415100",3,0.92892483646136725,0,3,3
fixed_test,5,2,impressed|3|10,"ac410500, ac411100, ac415100",4,0.92892483646136725,0,3,3
fixed_test,5,2,impressed|3|10,"ac410500, ac411100, ac415100",5,0.92892483646136725,0,3,3
fixed_test,5,2,impressed|3|10,"ac410500, ac411100, ac415100",6,0.92892483646136725,0,3,3
fixed_test,5,2,impressed|3|10,"ac410500, ac411100, ac415100",7,0.92892483646136725,0,3,3
fixed_test,5,2,impressed|3|10,"ac410500, ac411100, ac415100",8,0.92892483646136725,0,3,3
fixed_test,5,2,impressed|3|10,"ac410500, ac411100, ac415100",9,0.92892483646136725,0,3,3
fixed_train,5,2,apriori|1|01,ac370000,0,0.9944625691461485,0.072569258146830573,634,623
fixed_train,5,2,apriori|1|01,ac370000,1,0.9944625691461485,0.068106018775363042,634,623
fixed_train,5,2,apriori|1|01,ac370000,2,0.9944625691461485,0.061328367419001051,634,628
fixed_train,5,2,apriori|1|01,ac370000,3,0.9944625691461485,0.072472667131143198,634,623
fixed_train,5,2,apriori|1|01,ac370000,4,0.9944625691461485,0.073611243717012109,634,626
fixed_train,5,2,apriori|1|01,ac370000,5,0.9944625691461485,0.070290280489432755,634,621
fixed_train,5,2,apriori|1|01,ac370000,6,0.9944625691461485,0.061453730589381528,634,622
fixed_train,5,2,apriori|1|01,ac370000,7,0.9944625691461485,0.067843026139350004,634,624
fixed_train,5,2,apriori|1|01,ac370000,8,0.9944625691461485,0.069152163459498706,634,629
fixed_train,5,2,apriori|1|01,ac370000,9,0.9944625691461485,0.074956975696584993,634,632
fixed_train,5,2,apriori|1|02,ac419100,0,0.9944625691461485,0.039869502147730551,586,492
fixed_train,5,2,apriori|1|02,ac419100,1,0.9944625691461485,0.039766720578887305,586,494
fixed_train,5,2,apriori|1|02,ac419100,2,0.9944625691461485,0.050865792172503865,586,497
fixed_train,5,2,apriori|1|02,ac419100,3,0.9944625691461485,0.043135135517829881,586,494
fixed_train,5,2,apriori|1|02,ac419100,4,0.9944625691461485,0.046489707879465492,586,487
fixed_train,5,2,apriori|1|02,ac419100,5,0.9944625691461485,0.050891359751703558,586,497
fixed_train,5,2,apriori|1|02,ac419100,6,0.9944625691461485,0.046489707879465492,586,491
fixed_train,5,2,apriori|1|02,ac419100,7,0.9944625691461485,0.047584270362671655,586,496
fixed_train,5,2,apriori|1|02,ac419100,8,0.9944625691461485,0.042061866285140637,586,491
fixed_train,5,2,apriori|1|02,ac419100,9,0.9944625691461485,0.043203730433672205,586,491
fixed_train,5,2,apriori|1|03,370407,0,0.9944625691461485,0.029877036623830677,538,513
fixed_train,5,2,apriori|1|03,370407,1,0.9944625691461485,0.026627556188512869,538,510
fixed_train,5,2,apriori|1|03,370407,2,0.9944625691461485,0.023278314668959021,538,519
fixed_train,5,2,apriori|1|03,370407,3,0.9944625691461485,0.022136579110678789,538,513
fixed_train,5,2,apriori|1|03,370407,4,0.9944625691461485,0.018845123050064916,538,517
fixed_train,5,2,apriori|1|03,370407,5,0.9944625691461485,0.021061718859512024,538,519
fixed_train,5,2,apriori|1|03,370407,6,0.9944625691461485,0.027679221661956355,538,526
fixed_train,5,2,apriori|1|03,370407,7,0.9944625691461485,0.015515029733998875,538,525
fixed_train,5,2,apriori|1|03,370407,8,0.9944625691461485,0.027695179114914814,538,514
fixed_train,5,2,apriori|1|03,370407,9,0.9944625691461485,0.015504806390784109,538,523
fixed_train,5,2,apriori|1|04,ac370419,0,0.9944625691461485,0.01997273128319621,525,510
fixed_train,5,2,apriori|1|04,ac370419,1,0.9944625691461485,0.0099711204649060026,525,504
fixed_train,5,2,apriori|1|04,ac370419,2,0.9944625691461485,0.0099711204649060026,525,508
fixed_train,5,2,apriori|1|04,ac370419,3,0.9944625691461485,0.019947126699862094,525,508
fixed_train,5,2,apriori|1|04,ac370419,4,0.9944625691461485,0.015504806390784109,525,510
fixed_train,5,2,apriori|1|04,ac370419,5,0.9944625691461485,0.018845123050064916,525,498
fixed_train,5,2,apriori|1|04,ac370419,6,0.9944625691461485,0.013308338398286157,525,497
fixed_train,5,2,apriori|1|04,ac370419,7,0.9944625691461485,0.01775445631475725,525,498
fixed_train,5,2,apriori|1|04,ac370419,8,0.9944625691461485,0.023278314668959021,525,507
fixed_train,5,2,apriori|1|04,ac370419,9,0.9944625691461485,0.011082932768135767,525,504
fixed_train,5,2,apriori|1|05,ac370443,0,0.9944625691461485,0.012186627796157201,512,490
fixed_train,5,2,apriori|1|05,ac370443,1,0.9944625691461485,0.014392560655633102,512,494
fixed_train,5,2,apriori|1|05,ac370443,2,0.9944625691461485,0.011074861707702999,512,485
fixed_train,5,2,apriori|1|05,ac370443,3,0.9944625691461485,0.0099944990234690501,512,496
fixed_train,5,2,apriori|1|05,ac370443,4,0.9944625691461485,0.011082932768135767,512,487
fixed_train,5,2,apriori|1|05,ac370443,5,0.9944625691461485,0.0099787398122772597,512,497
fixed_train,5,2,apriori|1|05,ac370443,6,0.9944625691461485,0.0099711204649060026,512,496
fixed_train,5,2,apriori|1|05,ac370443,7,0.9944625691461485,0.0099636736535254622,512,487
fixed_train,5,2,apriori|1|05,ac370443,8,0.9944625691461485,0.007755613133654915,512,490
fixed_train,5,2,apriori|1|05,ac370443,9,0.9944625691461485,0.0088668842852041019,512,492
fixed_train,5,2,apriori|1|06,ac370442,0,0.9944625691461485,0.012178117154579282,509,487
fixed_train,5,2,apriori|1|06,ac370442,1,0.9944625691461485,0.012195335621724146,509,479
fixed_train,5,2,apriori|1|06,ac370442,2,0.9944625691461485,0.014402135127408289,509,481
fixed_train,5,2,apriori|1|06,ac370442,3,0.9944625691461485,0.014411931431171032,509,489
fixed_train,5,2,apriori|1|06,ac370442,4,0.9944625691461485,0.014402135127408289,509,482
fixed_train,5,2,apriori|1|06,ac370442,5,0.9944625691461485,0.011082932768135767,509,489
fixed_train,5,2,apriori|1|06,ac370442,6,0.9944625691461485,0.0099865324194072791,509,481
fixed_train,5,2,apriori|1|06,ac370442,7,0.9944625691461485,0.011082932768135767,509,487
fixed_train,5,2,apriori|1|06,ac370442,8,0.9944625691461485,0.011074861707702999,509,483
fixed_train,5,2,apriori|1|06,ac370442,9,0.9944625691461485,0.012178117154579282,509,484
fixed_train,5,2,apriori|1|07,370712b,0,0.9944625691461485,0.014411931431171032,489,471
fixed_train,5,2,apriori|1|07,370712b,1,0.9944625691461485,0.01221334614880043,489,465
fixed_train,5,2,apriori|1|07,370712b,2,0.9944625691461485,0.0088740397507244273,489,464
fixed_train,5,2,apriori|1|07,370712b,3,0.9944625691461485,0.0099787398122772597,489,467
fixed_train,5,2,apriori|1|07,370712b,4,0.9944625691461485,0.012178117154579282,489,471
fixed_train,5,2,apriori|1|07,370712b,5,0.9944625691461485,0.015515029733998875,489,475
fixed_train,5,2,apriori|1|07,370712b,6,0.9944625691461485,0.0099711204649060026,489,474
fixed_train,5,2,apriori|1|07,370712b,7,0.9944625691461485,0.015504806390784109,489,471
fixed_train,5,2,apriori|1|07,370712b,8,0.9944625691461485,0.0055455481933832651,489,472
fixed_train,5,2,apriori|1|07,370712b,9,0.9944625691461485,0.0088598893661624434,489,470
fixed_train,5,2,apriori|1|08,370715a,0,0.9944625691461485,0.0055347866514176003,487,466
fixed_train,5,2,apriori|1|08,370715a,1,0.9944625691461485,0.012204241458444121,487,465
fixed_train,5,2,apriori|1|08,370715a,2,0.9944625691461485,0.0044347873193407716,487,459
fixed_train,5,2,apriori|1|08,370715a,3,0.9944625691461485,0.0055401058024038274,487,468
fixed_train,5,2,apriori|1|08,370715a,4,0.9944625691461485,0.0066508358022723257,487,465
fixed_train,5,2,apriori|1|08,370715a,5,0.9944625691461485,0.0088740397507244273,487,462
fixed_train,5,2,apriori|1|08,370715a,6,0.9944625691461485,0.008853054327704224,487,461
fixed_train,5,2,apriori|1|08,370715a,7,0.9944625691461485,0.0099711204649060026,487,465
fixed_train,5,2,apriori|1|08,370715a,8,0.9944625691461485,0.011082932768135767,487,471
fixed_train,5,2,apriori|1|08,370715a,9,0.9944625691461485,0.0088598893661624434,487,462
fixed_train,5,2,apriori|1|09,ac370403,0,0.9944625691461485,0.014402135127408289,486,458
fixed_train,5,2,apriori|1|09,ac370403,1,0.9944625691461485,0.014411931431171032,486,467
fixed_train,5,2,apriori|1|09,ac370403,2,0.9944625691461485,0.016628527240618141,486,465
fixed_train,5,2,apriori|1|09,ac370403,3,0.9944625691461485,0.014432193274132032,486,458
fixed_train,5,2,apriori|1|09,ac370403,4,0.9944625691461485,0.014421950497481295,486,470
fixed_train,5,2,apriori|1|09,ac370403,5,0.9944625691461485,0.012204241458444121,486,470
fixed_train,5,2,apriori|1|09,ac370403,6,0.9944625691461485,0.018821447657740853,486,460
fixed_train,5,2,apriori|1|09,ac370403,7,0.9944625691461485,0.016651040399463635,486,468
fixed_train,5,2,apriori|1|09,ac370403,8,0.9944625691461485,0.016617642458659376,486,468
fixed_train,5,2,apriori|1|09,ac370403,9,0.9944625691461485,0.017731078216930651,486,462
fixed_train,5,2,apriori|1|10,370488e,0,0.9944625691461485,0.006644917024621777,483,455
fixed_train,5,2,apriori|1|10,370488e,1,0.9944625691461485,0.0099711204649060026,483,462
fixed_train,5,2,apriori|1|10,370488e,2,0.9944625691461485,0.007755613133654915,483,465
fixed_train,5,2,apriori|1|10,370488e,3,0.9944625691461485,0.011082932768135767,483,466
fixed_train,5,2,apriori|1|10,370488e,4,0.9944625691461485,0.0088598893661624434,483,460
fixed_train,5,2,apriori|1|10,370488e,5,0.9944625691461485,0.0088740397507244273,483,472
fixed_train,5,2,apriori|1|10,370488e,6,0.9944625691461485,0.011066975124866651,483,460
fixed_train,5,2,apriori|1|10,370488e,7,0.9944625691461485,0.0077492301524715312,483,461
fixed_train,5,2,apriori|1|10,370488e,8,0.9944625691461485,0.011074861707702999,483,466
fixed_train,5,2,apriori|1|10,370488e,9,0.9944625691461485,0.011066975124866651,483,458
fixed_train,5,2,apriori|2|01,"370407, ac370000",0,0.9944625691461485,0.043113344788074603,538,536
fixed_train,5,2,apriori|2|01,"370407, ac370000",1,0.9944625691461485,0.044208106017178617,538,534
fixed_train,5,2,apriori|2|01,"370407, ac370000",2,0.9944625691461485,0.037538626374728379,538,538
fixed_train,5,2,apriori|2|01,"370407, ac370000",3,0.9944625691461485,0.04858376925385155,538,537
fixed_train,5,2,apriori|2|01,"370407, ac370000",4,0.9944625691461485,0.044208106017178617,538,535
fixed_train,5,2,apriori|2|01,"370407, ac370000",5,0.9944625691461485,0.032073188615175052,538,535
fixed_train,5,2,apriori|2|01,"370407, ac370000",6,0.9944625691461485,0.043157461927961549,538,534
fixed_train,5,2,apriori|2|01,"370407, ac370000",7,0.9944625691461485,0.045419237764923293,538,534
fixed_train,5,2,apriori|2|01,"370407, ac370000",8,0.9944625691461485,0.042084474489271217,538,536
fixed_train,5,2,apriori|2|01,"370407, ac370000",9,0.9944625691461485,0.046489707879465492,538,535
fixed_train,5,2,apriori|2|02,"ac370000, ac370419",0,0.9944625691461485,0.027679221661956355,525,523
fixed_train,5,2,apriori|2|02,"ac370000, ac370419",1,0.9944625691461485,0.037675514563315193,525,521
fixed_train,5,2,apriori|2|02,"ac370000, ac370419",2,0.9944625691461485,0.032090440841185841,525,522
fixed_train,5,2,apriori|2|02,"ac370000, ac370419",3,0.9944625691461485,0.044275787082303175,525,520
fixed_train,5,2,apriori|2|02,"ac370000, ac370419",4,0.9944625691461485,0.036536995666171745,525,523
fixed_train,5,2,apriori|2|02,"ac370000, ac370419",5,0.9944625691461485,0.037634024690815782,525,524
fixed_train,5,2,apriori|2|02,"ac370000, ac370419",6,0.9944625691461485,0.039786280517531303,525,524
fixed_train,5,2,apriori|2|02,"ac370000, ac370419",7,0.9944625691461485,0.042084474489271217,525,522
fixed_train,5,2,apriori|2|02,"ac370000, ac370419",8,0.9944625691461485,0.038816749926887661,525,523
fixed_train,5,2,apriori|2|02,"ac370000, ac370419",9,0.9944625691461485,0.045324743680889457,525,524
fixed_train,5,2,apriori|2|03,"ac370000, ac370443",0,0.9944625691461485,0.033206183096490927,512,512
fixed_train,5,2,apriori|2|03,"ac370000, ac370443",1,0.9944625691461485,0.037594445578067237,512,506
fixed_train,5,2,apriori|2|03,"ac370000, ac370443",2,0.9944625691461485,0.032126193777416878,512,509
fixed_train,5,2,apriori|2|03,"ac370000, ac370443",3,0.9944625691461485,0.027633552538370743,512,512
fixed_train,5,2,apriori|2|03,"ac370000, ac370443",4,0.9944625691461485,0.023264164452412639,512,508
fixed_train,5,2,apriori|2|03,"ac370000, ac370443",5,0.9944625691461485,0.034322552165117814,512,511
fixed_train,5,2,apriori|2|03,"ac370000, ac370443",6,0.9944625691461485,0.029910686446165791,512,510
fixed_train,5,2,apriori|2|03,"ac370000, ac370443",7,0.9944625691461485,0.044275787082303175,512,510
fixed_train,5,2,apriori|2|03,"ac370000, ac370443",8,0.9944625691461485,0.038772715771170252,512,511
fixed_train,5,2,apriori|2|03,"ac370000, ac370443",9,0.9944625691461485,0.029928102097299902,512,512
fixed_train,5,2,apriori|2|04,"ac370419, ac370443",0,0.9944625691461485,0.028762422259329123,511,510
fixed_train,5,2,apriori|2|04,"ac370419, ac370443",1,0.9944625691461485,0.02432309898363072,511,510
fixed_train,5,2,apriori|2|04,"ac370419, ac370443",2,0.9944625691461485,0.022087051727086804,511,510
fixed_train,5,2,apriori|2|04,"ac370419, ac370443",3,0.9944625691461485,0.024336634760854015,511,511
fixed_train,5,2,apriori|2|04,"ac370419, ac370443",4,0.9944625691461485,0.01991084726237935,511,509
fixed_train,5,2,apriori|2|04,"ac370419, ac370443",5,0.9944625691461485,0.026534990082703547,511,508
fixed_train,5,2,apriori|2|04,"ac370419, ac370443",6,0.9944625691461485,0.016596611319699917,511,510
fixed_train,5,2,apriori|2|04,"ac370419, ac370443",7,0.9944625691461485,0.026564420705003644,511,508
fixed_train,5,2,apriori|2|04,"ac370419, ac370443",8,0.9944625691461485,0.01769795351314174,511,507
fixed_train,5,2,apriori|2|04,"ac370419, ac370443",9,0.9944625691461485,0.021048657121161551,511,511
fixed_train,5,2,apriori|2|05,"370407, ac370419",0,0.9944625691461485,0.028762422259329123,506,504
fixed_train,5,2,apriori|2|05,"370407, ac370419",1,0.9944625691461485,0.029910686446165791,506,506
fixed_train,5,2,apriori|2|05,"370407, ac370419",2,0.9944625691461485,0.029877036623830677,506,502
fixed_train,5,2,apriori|2|05,"370407, ac370419",3,0.9944625691461485,0.025464778160902313,506,505
fixed_train,5,2,apriori|2|05,"370407, ac370419",4,0.9944625691461485,0.030975316008566733,506,506
fixed_train,5,2,apriori|2|05,"370407, ac370419",5,0.9944625691461485,0.028778341502166072,506,504
fixed_train,5,2,apriori|2|05,"370407, ac370419",6,0.9944625691461485,0.024350499907841439,506,505
fixed_train,5,2,apriori|2|05,"370407, ac370419",7,0.9944625691461485,0.027663632406475513,506,506
fixed_train,5,2,apriori|2|05,"370407, ac370419",8,0.9944625691461485,0.027663632406475513,506,505
fixed_train,5,2,apriori|2|05,"370407, ac370419",9,0.9944625691461485,0.028778341502166072,506,503
fixed_train,5,2,apriori|2|06,"ac370000, ac370442",0,0.9944625691461485,0.032108108664063995,509,506
fixed_train,5,2,apriori|2|06,"ac370000, ac370442",1,0.9944625691461485,0.033206183096490927,509,507
fixed_train,5,2,apriori|2|06,"ac370000, ac370442",2,0.9944625691461485,0.038671222311731479,509,507
fixed_train,5,2,apriori|2|06,"ac370000, ac370442",3,0.9944625691461485,0.04201822777621278,509,505
fixed_train,5,2,apriori|2|06,"ac370000, ac370442",4,0.9944625691461485,0.036497967376237006,509,507
fixed_train,5,2,apriori|2|06,"ac370000, ac370442",5,0.9944625691461485,0.026564420705003644,509,507
fixed_train,5,2,apriori|2|06,"ac370000, ac370442",6,0.9944625691461485,0.027711506287852905,509,506
fixed_train,5,2,apriori|2|06,"ac370000, ac370442",7,0.9944625691461485,0.032108108664063995,509,506
fixed_train,5,2,apriori|2|06,"ac370000, ac370442",8,0.9944625691461485,0.033206183096490927,509,504
fixed_train,5,2,apriori|2|06,"ac370000, ac370442",9,0.9944625691461485,0.037675514563315193,509,506
fixed_train,5,2,apriori|2|07,"ac370419, ac370442",0,0.9944625691461485,0.026564420705003644,507,507
fixed_train,5,2,apriori|2|07,"ac370419, ac370442",1,0.9944625691461485,0.021023419754410133,507,505
fixed_train,5,2,apriori|2|07,"ac370419, ac370442",2,0.9944625691461485,0.023210754752741147,507,506
fixed_train,5,2,apriori|2|07,"ac370419, ac370442",3,0.9944625691461485,0.018833149789910464,507,505
fixed_train,5,2,apriori|2|07,"ac370419, ac370442",4,0.9944625691461485,0.020999355859926405,507,506
fixed_train,5,2,apriori|2|07,"ac370419, ac370442",5,0.9944625691461485,0.021035891158794673,507,505
fixed_train,5,2,apriori|2|07,"ac370419, ac370442",6,0.9944625691461485,0.023264164452412639,507,504
fixed_train,5,2,apriori|2|07,"ac370419, ac370442",7,0.9944625691461485,0.021023419754410133,507,505
fixed_train,5,2,apriori|2|07,"ac370419, ac370442",8,0.9944625691461485,0.028794640440027663,507,507
fixed_train,5,2,apriori|2|07,"ac370419, ac370442",9,0.9944625691461485,0.015504806390784109,507,505
fixed_train,5,2,apriori|2|08,"ac370442, ac370443",0,0.9944625691461485,0.02427222379341587,507,506
fixed_train,5,2,apriori|2|08,"ac370442, ac370443",1,0.9944625691461485,0.019922658313516362,507,507
fixed_train,5,2,apriori|2|08,"ac370442, ac370443",2,0.9944625691461485,0.017708737516353934,507,506
fixed_train,5,2,apriori|2|08,"ac370442, ac370443",3,0.9944625691461485,0.022136579110678789,507,504
fixed_train,5,2,apriori|2|08,"ac370442, ac370443",4,0.9944625691461485,0.024364695756946442,507,506
fixed_train,5,2,apriori|2|08,"ac370442, ac370443",5,0.9944625691461485,0.025408626362056652,507,503
fixed_train,5,2,apriori|2|08,"ac370442, ac370443",6,0.9944625691461485,0.023236823971765186,507,504
fixed_train,5,2,apriori|2|08,"ac370442, ac370443",7,0.9944625691461485,0.023236823971765186,507,506
fixed_train,5,2,apriori|2|08,"ac370442, ac370443",8,0.9944625691461485,0.017731078216930651,507,503
fixed_train,5,2,apriori|2|08,"ac370442, ac370443",9,0.9944625691461485,0.019922658313516362,507,505
fixed_train,5,2,apriori|2|09,"370407, ac370443",0,0.9944625691461485,0.02432309898363072,496,495
fixed_train,5,2,apriori|2|09,"370407, ac370443",1,0.9944625691461485,0.028778341502166072,496,496
fixed_train,5,2,apriori|2|09,"370407, ac370443",2,0.9944625691461485,0.026534990082703547,496,495
fixed_train,5,2,apriori|2|09,"370407, ac370443",3,0.9944625691461485,0.027633552538370743,496,496
fixed_train,5,2,apriori|2|09,"370407, ac370443",4,0.9944625691461485,0.027648409854113098,496,496
fixed_train,5,2,apriori|2|09,"370407, ac370443",5,0.9944625691461485,0.030975316008566733,496,494
fixed_train,5,2,apriori|2|09,"370407, ac370443",6,0.9944625691461485,0.032056350324000449,496,493
fixed_train,5,2,apriori|2|09,"370407, ac370443",7,0.9944625691461485,0.028762422259329123,496,496
fixed_train,5,2,apriori|2|09,"370407, ac370443",8,0.9944625691461485,0.026520804018590027,496,496
fixed_train,5,2,apriori|2|09,"370407, ac370443",9,0.9944625691461485,0.026579668098486997,496,496
fixed_train,5,2,apriori|2|10,"370407, ac370442",0,0.9944625691461485,0.029877036623830677,493,491
fixed_train,5,2,apriori|2|10,"370407, ac370442",1,0.9944625691461485,0.026534990082703547,493,491
fixed_train,5,2,apriori|2|10,"370407, ac370442",2,0.9944625691461485,0.02545022818912035,493,488
fixed_train,5,2,apriori|2|10,"370407, ac370442",3,0.9944625691461485,0.025422153645556,493,491
fixed_train,5,2,apriori|2|10,"370407, ac370442",4,0.9944625691461485,0.027695179114914814,493,493
fixed_train,5,2,apriori|2|10,"370407, ac370442",5,0.9944625691461485,0.028731716768413573,493,493
fixed_train,5,2,apriori|2|10,"370407, ac370442",6,0.9944625691461485,0.027679221661956355,493,493
fixed_train,5,2,apriori|2|10,"370407, ac370442",7,0.9944625691461485,0.022136579110678789,493,492
fixed_train,5,2,apriori|2|10,"370407, ac370442",8,0.9944625691461485,0.023264164452412639,493,491
fixed_train,5,2,apriori|2|10,"370407, ac370442",9,0.9944625691461485,0.030926886152986888,493,492
fixed_train,5,2,apriori|3|01,"ac370000, ac370419, ac370443",0,0.9944625691461485,0.043092087628289755,511,511
fixed_train,5,2,apriori|3|01,"ac370000, ac370419, ac370443",1,0.9944625691461485,0.043113344788074603,511,511
fixed_train,5,2,apriori|3|01,"ac370000, ac370419, ac370443",2,0.9944625691461485,0.03646078965345223,511,511
fixed_train,5,2,apriori|3|01,"ac370000, ac370419, ac370443",3,0.9944625691461485,0.039869502147730551,511,511
fixed_train,5,2,apriori|3|01,"ac370000, ac370419, ac370443",4,0.9944625691461485,0.039786280517531303,511,510
fixed_train,5,2,apriori|3|01,"ac370000, ac370419, ac370443",5,0.9944625691461485,0.039786280517531303,511,511
fixed_train,5,2,apriori|3|01,"ac370000, ac370419, ac370443",6,0.9944625691461485,0.03543955746464944,511,511
fixed_train,5,2,apriori|3|01,"ac370000, ac370419, ac370443",7,0.9944625691461485,0.035420103893653354,511,511
fixed_train,5,2,apriori|3|01,"ac370000, ac370419, ac370443",8,0.9944625691461485,0.039869502147730551,511,511
fixed_train,5,2,apriori|3|01,"ac370000, ac370419, ac370443",9,0.9944625691461485,0.041956683526377714,511,511
fixed_train,5,2,apriori|3|02,"370407, ac370000, ac370419",0,0.9944625691461485,0.048653901073431038,506,506
fixed_train,5,2,apriori|3|02,"370407, ac370000, ac370419",1,0.9944625691461485,0.045219162271586733,506,506
fixed_train,5,2,apriori|3|02,"370407, ac370000, ac370419",2,0.9944625691461485,0.038710356756767927,506,506
fixed_train,5,2,apriori|3|02,"370407, ac370000, ac370419",3,0.9944625691461485,0.047512952944848141,506,505
fixed_train,5,2,apriori|3|02,"370407, ac370000, ac370419",4,0.9944625691461485,0.041976679185362298,506,505
fixed_train,5,2,apriori|3|02,"370407, ac370000, ac370419",5,0.9944625691461485,0.04201822777621278,506,506
fixed_train,5,2,apriori|3|02,"370407, ac370000, ac370419",6,0.9944625691461485,0.04199719326735496,506,506
fixed_train,5,2,apriori|3|02,"370407, ac370000, ac370419",7,0.9944625691461485,0.047490343133767099,506,506
fixed_train,5,2,apriori|3|02,"370407, ac370000, ac370419",8,0.9944625691461485,0.046312552135200802,506,506
fixed_train,5,2,apriori|3|02,"370407, ac370000, ac370419",9,0.9944625691461485,0.033170663379921583,506,506
fixed_train,5,2,apriori|3|03,"ac370000, ac370419, ac370442",0,0.9944625691461485,0.032073188615175052,507,507
fixed_train,5,2,apriori|3|03,"ac370000, ac370419, ac370442",1,0.9944625691461485,0.038751439167225565,507,507
fixed_train,5,2,apriori|3|03,"ac370000, ac370419, ac370442",2,0.9944625691461485,0.04092274613729896,507,506
fixed_train,5,2,apriori|3|03,"ac370000, ac370419, ac370442",3,0.9944625691461485,0.037675514563315193,507,507
fixed_train,5,2,apriori|3|03,"ac370000, ac370419, ac370442",4,0.9944625691461485,0.033206183096490927,507,506
fixed_train,5,2,apriori|3|03,"ac370000, ac370419, ac370442",5,0.9944625691461485,0.036517249275896058,507,507
fixed_train,5,2,apriori|3|03,"ac370000, ac370419, ac370442",6,0.9944625691461485,0.043113344788074603,507,507
fixed_train,5,2,apriori|3|03,"ac370000, ac370419, ac370442",7,0.9944625691461485,0.032090440841185841,507,507
fixed_train,5,2,apriori|3|03,"ac370000, ac370419, ac370442",8,0.9944625691461485,0.028811320631588644,507,507
fixed_train,5,2,apriori|3|03,"ac370000, ac370419, ac370442",9,0.9944625691461485,0.044186637791837291,507,507
fixed_train,5,2,apriori|3|04,"ac370000, ac370442, ac370443",0,0.9944625691461485,0.043031497063315327,507,507
fixed_train,5,2,apriori|3|04,"ac370000, ac370442, ac370443",1,0.9944625691461485,0.043071361968131994,507,507
fixed_train,5,2,apriori|3|04,"ac370000, ac370442, ac370443",2,0.9944625691461485,0.037538626374728379,507,507
fixed_train,5,2,apriori|3|04,"ac370000, ac370442, ac370443",3,0.9944625691461485,0.03538255447899441,507,506
fixed_train,5,2,apriori|3|04,"ac370000, ac370442, ac370443",4,0.9944625691461485,0.050769694590986902,507,507
fixed_train,5,2,apriori|3|04,"ac370000, ac370442, ac370443",5,0.9944625691461485,0.045239175605004678,507,507
fixed_train,5,2,apriori|3|04,"ac370000, ac370442, ac370443",6,0.9944625691461485,0.04199719326735496,507,507
fixed_train,5,2,apriori|3|04,"ac370000, ac370442, ac370443",7,0.9944625691461485,0.045324743680889457,507,507
fixed_train,5,2,apriori|3|04,"ac370000, ac370442, ac370443",8,0.9944625691461485,0.049723385603127279,507,507
fixed_train,5,2,apriori|3|04,"ac370000, ac370442, ac370443",9,0.9944625691461485,0.043051165776932243,507,507
fixed_train,5,2,apriori|3|05,"ac370419, ac370442, ac370443",0,0.9944625691461485,0.036408461438247053,506,505
fixed_train,5,2,apriori|3|05,"ac370419, ac370442, ac370443",1,0.9944625691461485,0.027604927888409958,506,506
fixed_train,5,2,apriori|3|05,"ac370419, ac370442, ac370443",2,0.9944625691461485,0.029844951431185596,506,506
fixed_train,5,2,apriori|3|05,"ac370419, ac370442, ac370443",3,0.9944625691461485,0.029814418471227455,506,506
fixed_train,5,2,apriori|3|05,"ac370419, ac370442, ac370443",4,0.9944625691461485,0.023210754752741147,506,506
fixed_train,5,2,apriori|3|05,"ac370419, ac370442, ac370443",5,0.9944625691461485,0.02432309898363072,506,506
fixed_train,5,2,apriori|3|05,"ac370419, ac370442, ac370443",6,0.9944625691461485,0.026493483495605319,506,506
fixed_train,5,2,apriori|3|05,"ac370419, ac370442, ac370443",7,0.9944625691461485,0.032023909054044952,506,506
fixed_train,5,2,apriori|3|05,"ac370419, ac370442, ac370443",8,0.9944625691461485,0.022111207884558004,506,506
fixed_train,5,2,apriori|3|05,"ac370419, ac370442, ac370443",9,0.9944625691461485,0.03094262951823723,506,506
fixed_train,5,2,apriori|3|06,"370407, ac370000, ac370443",0,0.9944625691461485,0.051775420214727697,496,496
fixed_train,5,2,apriori|3|06,"370407, ac370000, ac370443",1,0.9944625691461485,0.039766720578887305,496,495
fixed_train,5,2,apriori|3|06,"370407, ac370000, ac370443",2,0.9944625691461485,0.040787772245240439,496,496
fixed_train,5,2,apriori|3|06,"370407, ac370000, ac370443",3,0.9944625691461485,0.048459338345551495,496,496
fixed_train,5,2,apriori|3|06,"370407, ac370000, ac370443",4,0.9944625691461485,0.044106169880347434,496,496
fixed_train,5,2,apriori|3|06,"370407, ac370000, ac370443",5,0.9944625691461485,0.037487023115787665,496,495
fixed_train,5,2,apriori|3|06,"370407, ac370000, ac370443",6,0.9944625691461485,0.046292941943442356,496,495
fixed_train,5,2,apriori|3|06,"370407, ac370000, ac370443",7,0.9944625691461485,0.048561572024522714,496,495
fixed_train,5,2,apriori|3|06,"370407, ac370000, ac370443",8,0.9944625691461485,0.055071187635274299,496,496
fixed_train,5,2,apriori|3|06,"370407, ac370000, ac370443",9,0.9944625691461485,0.043051165776932243,496,496
fixed_train,5,2,apriori|3|07,"370407, ac370419, ac370443",0,0.9944625691461485,0.027648409854113098,496,495
fixed_train,5,2,apriori|3|07,"370407, ac370419, ac370443",1,0.9944625691461485,0.030958772280848867,496,496
fixed_train,5,2,apriori|3|07,"370407, ac370419, ac370443",2,0.9944625691461485,0.032090440841185841,496,495
fixed_train,5,2,apriori|3|07,"370407, ac370419, ac370443",3,0.9944625691461485,0.029799730332173202,496,496
fixed_train,5,2,apriori|3|07,"370407, ac370419, ac370443",4,0.9944625691461485,0.034233399636862338,496,496
fixed_train,5,2,apriori|3|07,"370407, ac370419, ac370443",5,0.9944625691461485,0.027633552538370743,496,496
fixed_train,5,2,apriori|3|07,"370407, ac370419, ac370443",6,0.9944625691461485,0.026520804018590027,496,496
fixed_train,5,2,apriori|3|07,"370407, ac370419, ac370443",7,0.9944625691461485,0.03538255447899441,496,495
fixed_train,5,2,apriori|3|07,"370407, ac370419, ac370443",8,0.9944625691461485,0.03318820975780401,496,495
fixed_train,5,2,apriori|3|07,"370407, ac370419, ac370443",9,0.9944625691461485,0.035364455017884211,496,496
fixed_train,5,2,apriori|3|08,"370407, ac370000, ac370442",0,0.9944625691461485,0.052909585279267035,493,493
fixed_train,5,2,apriori|3|08,"370407, ac370000, ac370442",1,0.9944625691461485,0.050747201609621317,493,493
fixed_train,5,2,apriori|3|08,"370407, ac370000, ac370442",2,0.9944625691461485,0.045180775879040569,493,493
fixed_train,5,2,apriori|3|08,"370407, ac370000, ac370442",3,0.9944625691461485,0.055138081154613938,493,493
fixed_train,5,2,apriori|3|08,"370407, ac370000, ac370442",4,0.9944625691461485,0.045239175605004678,493,493
fixed_train,5,2,apriori|3|08,"370407, ac370000, ac370442",5,0.9944625691461485,0.046353449458058527,493,493
fixed_train,5,2,apriori|3|08,"370407, ac370000, ac370442",6,0.9944625691461485,0.036408461438247053,493,493
fixed_train,5,2,apriori|3|08,"370407, ac370000, ac370442",7,0.9944625691461485,0.047425970668344974,493,493
fixed_train,5,2,apriori|3|08,"370407, ac370000, ac370442",8,0.9944625691461485,0.044165712102202215,493,493
fixed_train,5,2,apriori|3|08,"370407, ac370000, ac370442",9,0.9944625691461485,0.047348128621525931,493,493
fixed_train,5,2,apriori|3|09,"370407, ac370419, ac370442",0,0.9944625691461485,0.026520804018590027,492,492
fixed_train,5,2,apriori|3|09,"370407, ac370419, ac370442",1,0.9944625691461485,0.030911540647254654,492,492
fixed_train,5,2,apriori|3|09,"370407, ac370419, ac370442",2,0.9944625691461485,0.0375567619724122,492,492
fixed_train,5,2,apriori|3|09,"370407, ac370419, ac370442",3,0.9944625691461485,0.033120569223079155,492,492
fixed_train,5,2,apriori|3|09,"370407, ac370419, ac370442",4,0.9944625691461485,0.023223631093051145,492,492
fixed_train,5,2,apriori|3|09,"370407, ac370419, ac370442",5,0.9944625691461485,0.028811320631588644,492,492
fixed_train,5,2,apriori|3|09,"370407, ac370419, ac370442",6,0.9944625691461485,0.035346803365937096,492,492
fixed_train,5,2,apriori|3|09,"370407, ac370419, ac370442",7,0.9944625691461485,0.030958772280848867,492,492
fixed_train,5,2,apriori|3|09,"370407, ac370419, ac370442",8,0.9944625691461485,0.025422153645556,492,492
fixed_train,5,2,apriori|3|09,"370407, ac370419, ac370442",9,0.9944625691461485,0.037538626374728379,492,491
fixed_train,5,2,apriori|3|10,"370407, ac370442, ac370443",0,0.9944625691461485,0.028731716768413573,491,490
fixed_train,5,2,apriori|3|10,"370407, ac370442, ac370443",1,0.9944625691461485,0.026534990082703547,491,491
fixed_train,5,2,apriori|3|10,"370407, ac370442, ac370443",2,0.9944625691461485,0.025408626362056652,491,490
fixed_train,5,2,apriori|3|10,"370407, ac370442, ac370443",3,0.9944625691461485,0.03318820975780401,491,491
fixed_train,5,2,apriori|3|10,"370407, ac370442, ac370443",4,0.9944625691461485,0.037575367767707868,491,491
fixed_train,5,2,apriori|3|10,"370407, ac370442, ac370443",5,0.9944625691461485,0.027663632406475513,491,491
fixed_train,5,2,apriori|3|10,"370407, ac370442, ac370443",6,0.9944625691461485,0.026520804018590027,491,491
fixed_train,5,2,apriori|3|10,"370407, ac370442, ac370443",7,0.9944625691461485,0.026534990082703547,491,491
fixed_train,5,2,apriori|3|10,"370407, ac370442, ac370443",8,0.9944625691461485,0.026506968940036901,491,491
fixed_train,5,2,apriori|3|10,"370407, ac370442, ac370443",9,0.9944625691461485,0.032056350324000449,491,491
fixed_train,5,2,impressed|1|01,376400,0,0.9944625691461485,0.0044397411031625866,262,247
fixed_train,5,2,impressed|1|01,376400,1,0.9944625691461485,0.0088888350468249167,262,241
fixed_train,5,2,impressed|1|01,376400,2,0.9944625691461485,0.0066630814725626708,262,249
fixed_train,5,2,impressed|1|01,376400,3,0.9944625691461485,0.0077688233803704376,262,246
fixed_train,5,2,impressed|1|01,376400,4,0.9944625691461485,0.0055511143413332631,262,244
fixed_train,5,2,impressed|1|01,376400,5,0.9944625691461485,0.0033289523839363788,262,250
fixed_train,5,2,impressed|1|01,376400,6,0.9944625691461485,0.0055511143413332631,262,241
fixed_train,5,2,impressed|1|01,376400,7,0.9944625691461485,0.0055511143413332631,262,241
fixed_train,5,2,impressed|1|01,376400,8,0.9944625691461485,0.0066630814725626708,262,248
fixed_train,5,2,impressed|1|01,376400,9,0.9944625691461485,0.0077688233803704376,262,242
fixed_train,5,2,impressed|1|02,ac419100,0,0.9944625691461485,0.039869502147730551,586,492
fixed_train,5,2,impressed|1|02,ac419100,1,0.9944625691461485,0.039766720578887305,586,494
fixed_train,5,2,impressed|1|02,ac419100,2,0.9944625691461485,0.050865792172503865,586,497
fixed_train,5,2,impressed|1|02,ac419100,3,0.9944625691461485,0.043135135517829881,586,494
fixed_train,5,2,impressed|1|02,ac419100,4,0.9944625691461485,0.046489707879465492,586,487
fixed_train,5,2,impressed|1|02,ac419100,5,0.9944625691461485,0.050891359751703558,586,497
fixed_train,5,2,impressed|1|02,ac419100,6,0.9944625691461485,0.046489707879465492,586,491
fixed_train,5,2,impressed|1|02,ac419100,7,0.9944625691461485,0.047584270362671655,586,496
fixed_train,5,2,impressed|1|02,ac419100,8,0.9944625691461485,0.042061866285140637,586,491
fixed_train,5,2,impressed|1|02,ac419100,9,0.9944625691461485,0.043203730433672205,586,491
fixed_train,5,2,impressed|1|03,ac370000,0,0.9944625691461485,0.072569258146830573,634,623
fixed_train,5,2,impressed|1|03,ac370000,1,0.9944625691461485,0.068106018775363042,634,623
fixed_train,5,2,impressed|1|03,ac370000,2,0.9944625691461485,0.061328367419001051,634,628
fixed_train,5,2,impressed|1|03,ac370000,3,0.9944625691461485,0.072472667131143198,634,623
fixed_train,5,2,impressed|1|03,ac370000,4,0.9944625691461485,0.073611243717012109,634,626
fixed_train,5,2,impressed|1|03,ac370000,5,0.9944625691461485,0.070290280489432755,634,621
fixed_train,5,2,impressed|1|03,ac370000,6,0.9944625691461485,0.061453730589381528,634,622
fixed_train,5,2,impressed|1|03,ac370000,7,0.9944625691461485,0.067843026139350004,634,624
fixed_train,5,2,impressed|1|03,ac370000,8,0.9944625691461485,0.069152163459498706,634,629
fixed_train,5,2,impressed|1|03,ac370000,9,0.9944625691461485,0.074956975696584993,634,632
fixed_train,5,2,impressed|1|04,ac415100,0,0.9944625691461485,0.015466240269472187,216,200
fixed_train,5,2,impressed|1|04,ac415100,1,0.9944625691461485,0.014402135127408289,216,196
fixed_train,5,2,impressed|1|04,ac415100,2,0.9944625691461485,0.012186627796157201,216,199
fixed_train,5,2,impressed|1|04,ac415100,3,0.9944625691461485,0.015494816719191506,216,198
fixed_train,5,2,impressed|1|04,ac415100,4,0.9944625691461485,0.023198193703777514,216,200
fixed_train,5,2,impressed|1|04,ac415100,5,0.9944625691461485,0.013289834049243554,216,202
fixed_train,5,2,impressed|1|04,ac415100,6,0.9944625691461485,0.01991084726237935,216,199
fixed_train,5,2,impressed|1|04,ac415100,7,0.9944625691461485,0.014392560655633102,216,202
fixed_train,5,2,impressed|1|04,ac415100,8,0.9944625691461485,0.017719778732324665,216,202
fixed_train,5,2,impressed|1|04,ac415100,9,0.9944625691461485,0.019922658313516362,216,207
fixed_train,5,2,impressed|1|05,ac10307,0,0.9944625691461485,0.0033245984711528509,108,88
fixed_train,5,2,impressed|1|05,ac10307,1,0.9944625691461485,0.0066508358022723257,108,88
fixed_train,5,2,impressed|1|05,ac10307,2,0.9944625691461485,0.011099631409440369,108,92
fixed_train,5,2,impressed|1|05,ac10307,3,0.9944625691461485,0.006656890426943618,108,87
fixed_train,5,2,impressed|1|05,ac10307,4,0.9944625691461485,0.0055401058024038274,108,93
fixed_train,5,2,impressed|1|05,ac10307,5,0.9944625691461485,0.006656890426943618,108,90
fixed_train,5,2,impressed|1|05,ac10307,6,0.9944625691461485,0.0055455481933832651,108,91
fixed_train,5,2,impressed|1|05,ac10307,7,0.9944625691461485,0.0088740397507244273,108,85
fixed_train,5,2,impressed|1|05,ac10307,8,0.9944625691461485,0.0055455481933832651,108,88
fixed_train,5,2,impressed|1|05,ac10307,9,0.9944625691461485,0.0077688233803704376,108,95
fixed_train,5,2,impressed|1|06,ac355427,0,0.9944625691461485,0,23,19
fixed_train,5,2,impressed|1|06,ac355427,1,0.9944625691461485,0.0022112919362169414,23,22
fixed_train,5,2,impressed|1|06,ac355427,2,0.9944625691461485,0.0011058996493100715,23,19
fixed_train,5,2,impressed|1|06,ac355427,3,0.9944625691461485,0.0011058996493100715,23,18
fixed_train,5,2,impressed|1|06,ac355427,4,0.9944625691461485,0.0011058996493100715,23,21
fixed_train,5,2,impressed|1|06,ac355427,5,0.9944625691461485,0.0011058996493100715,23,22
fixed_train,5,2,impressed|1|06,ac355427,6,0.9944625691461485,0,23,19
fixed_train,5,2,impressed|1|06,ac355427,7,0.9944625691461485,0,23,21
fixed_train,5,2,impressed|1|06,ac355427,8,0.9944625691461485,0,23,20
fixed_train,5,2,impressed|1|06,ac355427,9,0.9944625691461485,0.0011058996493100715,23,21
fixed_train,5,2,impressed|1|07,337419c,0,0.9944625691461485,0,3,1
fixed_train,5,2,impressed|1|07,337419c,1,0.9944625691461485,0,3,1
fixed_train,5,2,impressed|1|07,337419c,2,0.9944625691461485,0,3,2
fixed_train,5,2,impressed|1|07,337419c,3,0.9944625691461485,0,3,1
fixed_train,5,2,impressed|1|07,337419c,4,0.9944625691461485,0,3,2
fixed_train,5,2,impressed|1|07,337419c,5,0.9944625691461485,0,3,3
fixed_train,5,2,impressed|1|07,337419c,6,0.9944625691461485,0,3,2
fixed_train,5,2,impressed|1|07,337419c,7,0.9944625691461485,0,3,2
fixed_train,5,2,impressed|1|07,337419c,8,0.9944625691461485,0,3,2
fixed_train,5,2,impressed|1|07,337419c,9,0.9944625691461485,0,3,3
fixed_train,5,2,impressed|1|08,ac411100,0,0.9944625691461485,0.031027369114520198,416,376
fixed_train,5,2,impressed|1|08,ac411100,1,0.9944625691461485,0.032090440841185841,416,375
fixed_train,5,2,impressed|1|08,ac411100,2,0.9944625691461485,0.032126193777416878,416,377
fixed_train,5,2,impressed|1|08,ac411100,3,0.9944625691461485,0.034322552165117814,416,372
fixed_train,5,2,impressed|1|08,ac411100,4,0.9944625691461485,0.029893665163010175,416,369
fixed_train,5,2,impressed|1|08,ac411100,5,0.9944625691461485,0.03104553298853352,416,385
fixed_train,5,2,impressed|1|08,ac411100,6,0.9944625691461485,0.034285577995705974,416,372
fixed_train,5,2,impressed|1|08,ac411100,7,0.9944625691461485,0.035459466080383528,416,370
fixed_train,5,2,impressed|1|08,ac411100,8,0.9944625691461485,0.029860799234644131,416,371
fixed_train,5,2,impressed|1|08,ac411100,9,0.9944625691461485,0.03659904088785082,416,369
fixed_train,5,2,impressed|1|09,370407,0,0.9944625691461485,0.029877036623830677,538,513
fixed_train,5,2,impressed|1|09,370407,1,0.9944625691461485,0.026627556188512869,538,510
fixed_train,5,2,impressed|1|09,370407,2,0.9944625691461485,0.023278314668959021,538,519
fixed_train,5,2,impressed|1|09,370407,3,0.9944625691461485,0.022136579110678789,538,513
fixed_train,5,2,impressed|1|09,370407,4,0.9944625691461485,0.018845123050064916,538,517
fixed_train,5,2,impressed|1|09,370407,5,0.9944625691461485,0.021061718859512024,538,519
fixed_train,5,2,impressed|1|09,370407,6,0.9944625691461485,0.027679221661956355,538,526
fixed_train,5,2,impressed|1|09,370407,7,0.9944625691461485,0.015515029733998875,538,525
fixed_train,5,2,impressed|1|09,370407,8,0.9944625691461485,0.027695179114914814,538,514
fixed_train,5,2,impressed|1|09,370407,9,0.9944625691461485,0.015504806390784109,538,523
fixed_train,5,2,impressed|1|10,ac378449,0,0.9944625691461485,0,20,15
fixed_train,5,2,impressed|1|10,ac378449,1,0.9944625691461485,0,20,14
fixed_train,5,2,impressed|1|10,ac378449,2,0.9944625691461485,0.0011058996493100715,20,15
fixed_train,5,2,impressed|1|10,ac378449,3,0.9944625691461485,0.0011090911399017633,20,16
fixed_train,5,2,impressed|1|10,ac378449,4,0.9944625691461485,0,20,16
fixed_train,5,2,impressed|1|10,ac378449,5,0.9944625691461485,0,20,17
fixed_train,5,2,impressed|1|10,ac378449,6,0.9944625691461485,0,20,16
fixed_train,5,2,impressed|1|10,ac378449,7,0.9944625691461485,0.0011090911399017633,20,16
fixed_train,5,2,impressed|1|10,ac378449,8,0.9944625691461485,0,20,15
fixed_train,5,2,impressed|1|10,ac378449,9,0.9944625691461485,0.0011090911399017633,20,17
fixed_train,5,2,impressed|2|01,"370715a, 376400",0,0.9944625691461485,0,235,232
fixed_train,5,2,impressed|2|01,"370715a, 376400",1,0.9944625691461485,0.0022187388364092175,235,234
fixed_train,5,2,impressed|2|01,"370715a, 376400",2,0.9944625691461485,0.0011090911399017633,235,234
fixed_train,5,2,impressed|2|01,"370715a, 376400",3,0.9944625691461485,0.0022187388364092175,235,235
fixed_train,5,2,impressed|2|01,"370715a, 376400",4,0.9944625691461485,0.0022187388364092175,235,235
fixed_train,5,2,impressed|2|01,"370715a, 376400",5,0.9944625691461485,0,235,232
fixed_train,5,2,impressed|2|01,"370715a, 376400",6,0.9944625691461485,0.0011090911399017633,235,234
fixed_train,5,2,impressed|2|01,"370715a, 376400",7,0.9944625691461485,0.0011090911399017633,235,235
fixed_train,5,2,impressed|2|01,"370715a, 376400",8,0.9944625691461485,0,235,233
fixed_train,5,2,impressed|2|01,"370715a, 376400",9,0.9944625691461485,0.0011090911399017633,235,235
fixed_train,5,2,impressed|2|02,"370712b, 376400",0,0.9944625691461485,0.0011090911399017633,235,234
fixed_train,5,2,impressed|2|02,"370712b, 376400",1,0.9944625691461485,0,235,230
fixed_train,5,2,impressed|2|02,"370712b, 376400",2,0.9944625691461485,0.0022187388364092175,235,233
fixed_train,5,2,impressed|2|02,"370712b, 376400",3,0.9944625691461485,0.0011090911399017633,235,233
fixed_train,5,2,impressed|2|02,"370712b, 376400",4,0.9944625691461485,0,235,230
fixed_train,5,2,impressed|2|02,"370712b, 376400",5,0.9944625691461485,0.0011090911399017633,235,231
fixed_train,5,2,impressed|2|02,"370712b, 376400",6,0.9944625691461485,0,235,231
fixed_train,5,2,impressed|2|02,"370712b, 376400",7,0.9944625691461485,0.0011090911399017633,235,233
fixed_train,5,2,impressed|2|02,"370712b, 376400",8,0.9944625691461485,0.0011090911399017633,235,232
fixed_train,5,2,impressed|2|02,"370712b, 376400",9,0.9944625691461485,0.0011090911399017633,235,231
fixed_train,5,2,impressed|2|03,"ac411100, ac419100",0,0.9944625691461485,0.032056350324000449,358,322
fixed_train,5,2,impressed|2|03,"ac411100, ac419100",1,0.9944625691461485,0.039766720578887305,358,323
fixed_train,5,2,impressed|2|03,"ac411100, ac419100",2,0.9944625691461485,0.024350499907841439,358,326
fixed_train,5,2,impressed|2|03,"ac411100, ac419100",3,0.9944625691461485,0.033153542268060665,358,327
fixed_train,5,2,impressed|2|03,"ac411100, ac419100",4,0.9944625691461485,0.029844951431185596,358,329
fixed_train,5,2,impressed|2|03,"ac411100, ac419100",5,0.9944625691461485,0.032090440841185841,358,327
fixed_train,5,2,impressed|2|03,"ac411100, ac419100",6,0.9944625691461485,0.026611234340971679,358,325
fixed_train,5,2,impressed|2|03,"ac411100, ac419100",7,0.9944625691461485,0.029910686446165791,358,323
fixed_train,5,2,impressed|2|03,"ac411100, ac419100",8,0.9944625691461485,0.03538255447899441,358,331
fixed_train,5,2,impressed|2|03,"ac411100, ac419100",9,0.9944625691461485,0.030975316008566733,358,321
fixed_train,5,2,impressed|2|04,"370401c, ac370000",0,0.9944625691461485,0.022176935693409949,470,467
fixed_train,5,2,impressed|2|04,"370401c, ac370000",1,0.9944625691461485,0.025526428900789599,470,463
fixed_train,5,2,impressed|2|04,"370401c, ac370000",2,0.9944625691461485,0.037654529806190107,470,468
fixed_train,5,2,impressed|2|04,"370401c, ac370000",3,0.9944625691461485,0.029945913770739852,470,467
fixed_train,5,2,impressed|2|04,"370401c, ac370000",4,0.9944625691461485,0.033243417597451863,470,469
fixed_train,5,2,impressed|2|04,"370401c, ac370000",5,0.9944625691461485,0.029928102097299902,470,468
fixed_train,5,2,impressed|2|04,"370401c, ac370000",6,0.9944625691461485,0.029945913770739852,470,470
fixed_train,5,2,impressed|2|04,"370401c, ac370000",7,0.9944625691461485,0.029877036623830677,470,468
fixed_train,5,2,impressed|2|04,"370401c, ac370000",8,0.9944625691461485,0.029928102097299902,470,470
fixed_train,5,2,impressed|2|04,"370401c, ac370000",9,0.9944625691461485,0.02220538818591089,470,469
fixed_train,5,2,impressed|2|05,"ac370000, ac370403",0,0.9944625691461485,0.03991413028365709,486,482
fixed_train,5,2,impressed|2|05,"ac370000, ac370403",1,0.9944625691461485,0.028811320631588644,486,485
fixed_train,5,2,impressed|2|05,"ac370000, ac370403",2,0.9944625691461485,0.031122298809259652,486,485
fixed_train,5,2,impressed|2|05,"ac370000, ac370403",3,0.9944625691461485,0.032144697906746789,486,481
fixed_train,5,2,impressed|2|05,"ac370000, ac370403",4,0.9944625691461485,0.033243417597451863,486,483
fixed_train,5,2,impressed|2|05,"ac370000, ac370403",5,0.9944625691461485,0.029928102097299902,486,483
fixed_train,5,2,impressed|2|05,"ac370000, ac370403",6,0.9944625691461485,0.027728204731702899,486,485
fixed_train,5,2,impressed|2|05,"ac370000, ac370403",7,0.9944625691461485,0.039869502147730551,486,484
fixed_train,5,2,impressed|2|05,"ac370000, ac370403",8,0.9944625691461485,0.038671222311731479,486,486
fixed_train,5,2,impressed|2|05,"ac370000, ac370403",9,0.9944625691461485,0.035521941324996753,486,484
fixed_train,5,2,impressed|2|06,"ac411100, ac415100",0,0.9944625691461485,0.026520804018590027,182,173
fixed_train,5,2,impressed|2|06,"ac411100, ac415100",1,0.9944625691461485,0.03094262951823723,182,169
fixed_train,5,2,impressed|2|06,"ac411100, ac415100",2,0.9944625691461485,0.01991084726237935,182,176
fixed_train,5,2,impressed|2|06,"ac411100, ac415100",3,0.9944625691461485,0.025408626362056652,182,176
fixed_train,5,2,impressed|2|06,"ac411100, ac415100",4,0.9944625691461485,0.022123741011616738,182,173
fixed_train,5,2,impressed|2|06,"ac411100, ac415100",5,0.9944625691461485,0.022098978518942825,182,174
fixed_train,5,2,impressed|2|06,"ac411100, ac415100",6,0.9944625691461485,0.02432309898363072,182,179
fixed_train,5,2,impressed|2|06,"ac411100, ac415100",7,0.9944625691461485,0.023198193703777514,182,176
fixed_train,5,2,impressed|2|06,"ac411100, ac415100",8,0.9944625691461485,0.032039924336894066,182,175
fixed_train,5,2,impressed|2|06,"ac411100, ac415100",9,0.9944625691461485,0.020999355859926405,182,175
fixed_train,5,2,impressed|2|07,"ac415100, ac419100",0,0.9944625691461485,0.01769795351314174,203,190
fixed_train,5,2,impressed|2|07,"ac415100, ac419100",1,0.9944625691461485,0.027633552538370743,203,194
fixed_train,5,2,impressed|2|07,"ac415100, ac419100",2,0.9944625691461485,0.025422153645556,203,191
fixed_train,5,2,impressed|2|07,"ac415100, ac419100",3,0.9944625691461485,0.028746881181776152,203,190
fixed_train,5,2,impressed|2|07,"ac415100, ac419100",4,0.9944625691461485,0.02432309898363072,203,197
fixed_train,5,2,impressed|2|07,"ac415100, ac419100",5,0.9944625691461485,0.026520804018590027,203,192
fixed_train,5,2,impressed|2|07,"ac415100, ac419100",6,0.9944625691461485,0.019922658313516362,203,194
fixed_train,5,2,impressed|2|07,"ac415100, ac419100",7,0.9944625691461485,0.016617642458659376,203,191
fixed_train,5,2,impressed|2|07,"ac415100, ac419100",8,0.9944625691461485,0.027648409854113098,203,190
fixed_train,5,2,impressed|2|07,"ac415100, ac419100",9,0.9944625691461485,0.023236823971765186,203,195
fixed_train,5,2,impressed|2|08,"ac10307, ac419100",0,0.9944625691461485,0.0066508358022723257,92,89
fixed_train,5,2,impressed|2|08,"ac10307, ac419100",1,0.9944625691461485,0.0099787398122772597,92,88
fixed_train,5,2,impressed|2|08,"ac10307, ac419100",2,0.9944625691461485,0.0066508358022723257,92,90
fixed_train,5,2,impressed|2|08,"ac10307, ac419100",3,0.9944625691461485,0.0044347873193407716,92,89
fixed_train,5,2,impressed|2|08,"ac10307, ac419100",4,0.9944625691461485,0.0066508358022723257,92,88
fixed_train,5,2,impressed|2|08,"ac10307, ac419100",5,0.9944625691461485,0.0088668842852041019,92,86
fixed_train,5,2,impressed|2|08,"ac10307, ac419100",6,0.9944625691461485,0.00888135644100152,92,87
fixed_train,5,2,impressed|2|08,"ac10307, ac419100",7,0.9944625691461485,0.0088598893661624434,92,86
fixed_train,5,2,impressed|2|08,"ac10307, ac419100",8,0.9944625691461485,0.0077688233803704376,92,89
fixed_train,5,2,impressed|2|08,"ac10307, ac419100",9,0.9944625691461485,0.0099711204649060026,92,88
fixed_train,5,2,impressed|2|09,"ac10307, ac411100",0,0.9944625691461485,0.0077621440028301514,102,98
fixed_train,5,2,impressed|2|09,"ac10307, ac411100",1,0.9944625691461485,0.0099787398122772597,102,99
fixed_train,5,2,impressed|2|09,"ac10307, ac411100",2,0.9944625691461485,0.0099787398122772597,102,100
fixed_train,5,2,impressed|2|09,"ac10307, ac411100",3,0.9944625691461485,0.0077492301524715312,102,96
fixed_train,5,2,impressed|2|09,"ac10307, ac411100",4,0.9944625691461485,0.0077621440028301514,102,98
fixed_train,5,2,impressed|2|09,"ac10307, ac411100",5,0.9944625691461485,0.006644917024621777,102,96
fixed_train,5,2,impressed|2|09,"ac10307, ac411100",6,0.9944625691461485,0.007755613133654915,102,98
fixed_train,5,2,impressed|2|09,"ac10307, ac411100",7,0.9944625691461485,0.006656890426943618,102,99
fixed_train,5,2,impressed|2|09,"ac10307, ac411100",8,0.9944625691461485,0.0099787398122772597,102,94
fixed_train,5,2,impressed|2|09,"ac10307, ac411100",9,0.9944625691461485,0.0088598893661624434,102,100
fixed_train,5,2,impressed|2|10,"ac355201, ac415100",0,0.9944625691461485,0.0033203431503638914,30,30
fixed_train,5,2,impressed|2|10,"ac355201, ac415100",1,0.9944625691461485,0.0011090911399017633,30,30
fixed_train,5,2,impressed|2|10,"ac355201, ac415100",2,0.9944625691461485,0.0022112919362169414,30,30
fixed_train,5,2,impressed|2|10,"ac355201, ac415100",3,0.9944625691461485,0.0033203431503638914,30,29
fixed_train,5,2,impressed|2|10,"ac355201, ac415100",4,0.9944625691461485,0.0011058996493100715,30,30
fixed_train,5,2,impressed|2|10,"ac355201, ac415100",5,0.9944625691461485,0.0022112919362169414,30,30
fixed_train,5,2,impressed|2|10,"ac355201, ac415100",6,0.9944625691461485,0.0033203431503638914,30,29
fixed_train,5,2,impressed|2|10,"ac355201, ac415100",7,0.9944625691461485,0.0011058996493100715,30,30
fixed_train,5,2,impressed|2|10,"ac355201, ac415100",8,0.9944625691461485,0,30,29
fixed_train,5,2,impressed|2|10,"ac355201, ac415100",9,0.9944625691461485,0.0022149723415406664,30,28
fixed_train,5,2,impressed|3|01,"376400, 377498a, ac372417",0,0.9944625691461485,0.0022187388364092175,226,226
fixed_train,5,2,impressed|3|01,"376400, 377498a, ac372417",1,0.9944625691461485,0,226,224
fixed_train,5,2,impressed|3|01,"376400, 377498a, ac372417",2,0.9944625691461485,0.0011090911399017633,226,223
fixed_train,5,2,impressed|3|01,"376400, 377498a, ac372417",3,0.9944625691461485,0,226,225
fixed_train,5,2,impressed|3|01,"376400, 377498a, ac372417",4,0.9944625691461485,0,226,226
fixed_train,5,2,impressed|3|01,"376400, 377498a, ac372417",5,0.9944625691461485,0.0022187388364092175,226,223
fixed_train,5,2,impressed|3|01,"376400, 377498a, ac372417",6,0.9944625691461485,0,226,222
fixed_train,5,2,impressed|3|01,"376400, 377498a, ac372417",7,0.9944625691461485,0.0011090911399017633,226,225
fixed_train,5,2,impressed|3|01,"376400, 377498a, ac372417",8,0.9944625691461485,0,226,224
fixed_train,5,2,impressed|3|01,"376400, 377498a, ac372417",9,0.9944625691461485,0,226,223
fixed_train,5,2,impressed|3|02,"ac411100, ac415100, ac419100",0,0.9944625691461485,0.022098978518942825,167,162
fixed_train,5,2,impressed|3|02,"ac411100, ac415100, ac419100",1,0.9944625691461485,0.023198193703777514,167,163
fixed_train,5,2,impressed|3|02,"ac411100, ac415100, ac419100",2,0.9944625691461485,0.019922658313516362,167,163
fixed_train,5,2,impressed|3|02,"ac411100, ac415100, ac419100",3,0.9944625691461485,0.023210754752741147,167,159
fixed_train,5,2,impressed|3|02,"ac411100, ac415100, ac419100",4,0.9944625691461485,0.026506968940036901,167,162
fixed_train,5,2,impressed|3|02,"ac411100, ac415100, ac419100",5,0.9944625691461485,0.025408626362056652,167,164
fixed_train,5,2,impressed|3|02,"ac411100, ac415100, ac419100",6,0.9944625691461485,0.024309891268766592,167,163
fixed_train,5,2,impressed|3|02,"ac411100, ac415100, ac419100",7,0.9944625691461485,0.027633552538370743,167,160
fixed_train,5,2,impressed|3|02,"ac411100, ac415100, ac419100",8,0.9944625691461485,0.022123741011616738,167,164
fixed_train,5,2,impressed|3|02,"ac411100, ac415100, ac419100",9,0.9944625691461485,0.026506968940036901,167,163
fixed_train,5,2,impressed|3|03,"ac10307, ac411100, ac419100",0,0.9944625691461485,0.0077492301524715312,85,83
fixed_train,5,2,impressed|3|03,"ac10307, ac411100, ac419100",1,0.9944625691461485,0.0066508358022723257,85,84
fixed_train,5,2,impressed|3|03,"ac10307, ac411100, ac419100",2,0.9944625691461485,0.0088598893661624434,85,82
fixed_train,5,2,impressed|3|03,"ac10307, ac411100, ac419100",3,0.9944625691461485,0.0088668842852041019,85,85
fixed_train,5,2,impressed|3|03,"ac10307, ac411100, ac419100",4,0.9944625691461485,0.0099711204649060026,85,81
fixed_train,5,2,impressed|3|03,"ac10307, ac411100, ac419100",5,0.9944625691461485,0.0066391335305417964,85,83
fixed_train,5,2,impressed|3|03,"ac10307, ac411100, ac419100",6,0.9944625691461485,0.0066508358022723257,85,83
fixed_train,5,2,impressed|3|03,"ac10307, ac411100, ac419100",7,0.9944625691461485,0.0055347866514176003,85,83
fixed_train,5,2,impressed|3|03,"ac10307, ac411100, ac419100",8,0.9944625691461485,0.0088668842852041019,85,84
fixed_train,5,2,impressed|3|03,"ac10307, ac411100, ac419100",9,0.9944625691461485,0.0088598893661624434,85,85
fixed_train,5,2,impressed|3|04,"ac356134, ac411100, ac419100",0,0.9944625691461485,0.0033161860155691558,52,52
fixed_train,5,2,impressed|3|04,"ac356134, ac411100, ac419100",1,0.9944625691461485,0.0033203431503638914,52,52
fixed_train,5,2,impressed|3|04,"ac356134, ac411100, ac419100",2,0.9944625691461485,0.0022112919362169414,52,52
fixed_train,5,2,impressed|3|04,"ac356134, ac411100, ac419100",3,0.9944625691461485,0.0033161860155691558,52,52
fixed_train,5,2,impressed|3|04,"ac356134, ac411100, ac419100",4,0.9944625691461485,0.0022112919362169414,52,52
fixed_train,5,2,impressed|3|04,"ac356134, ac411100, ac419100",5,0.9944625691461485,0.0033161860155691558,52,52
fixed_train,5,2,impressed|3|04,"ac356134, ac411100, ac419100",6,0.9944625691461485,0.0044205910177170793,52,52
fixed_train,5,2,impressed|3|04,"ac356134, ac411100, ac419100",7,0.9944625691461485,0.0033161860155691558,52,51
fixed_train,5,2,impressed|3|04,"ac356134, ac411100, ac419100",8,0.9944625691461485,0.0033161860155691558,52,52
fixed_train,5,2,impressed|3|04,"ac356134, ac411100, ac419100",9,0.9944625691461485,0.0022112919362169414,52,52
fixed_train,5,2,impressed|3|05,"ac355201, ac415100, ac419100",0,0.9944625691461485,0.0022149723415406664,30,30
fixed_train,5,2,impressed|3|05,"ac355201, ac415100, ac419100",1,0.9944625691461485,0.0022112919362169414,30,30
fixed_train,5,2,impressed|3|05,"ac355201, ac415100, ac419100",2,0.9944625691461485,0.0022149723415406664,30,29
fixed_train,5,2,impressed|3|05,"ac355201, ac415100, ac419100",3,0.9944625691461485,0.0033203431503638914,30,29
fixed_train,5,2,impressed|3|05,"ac355201, ac415100, ac419100",4,0.9944625691461485,0.0044252127333793689,30,30
fixed_train,5,2,impressed|3|05,"ac355201, ac415100, ac419100",5,0.9944625691461485,0.0022149723415406664,30,30
fixed_train,5,2,impressed|3|05,"ac355201, ac415100, ac419100",6,0.9944625691461485,0.0022149723415406664,30,30
fixed_train,5,2,impressed|3|05,"ac355201, ac415100, ac419100",7,0.9944625691461485,0.0033203431503638914,30,30
fixed_train,5,2,impressed|3|05,"ac355201, ac415100, ac419100",8,0.9944625691461485,0.0044252127333793689,30,28
fixed_train,5,2,impressed|3|05,"ac355201, ac415100, ac419100",9,0.9944625691461485,0.0022149723415406664,30,29
fixed_train,5,2,impressed|3|06,"ac355201, ac411100, ac419100",0,0.9944625691461485,0.0044299446830811107,35,35
fixed_train,5,2,impressed|3|06,"ac355201, ac411100, ac419100",1,0.9944625691461485,0.0044252127333793689,35,35
fixed_train,5,2,impressed|3|06,"ac355201, ac411100, ac419100",2,0.9944625691461485,0.0055347866514176003,35,35
fixed_train,5,2,impressed|3|06,"ac355201, ac411100, ac419100",3,0.9944625691461485,0.0055347866514176003,35,35
fixed_train,5,2,impressed|3|06,"ac355201, ac411100, ac419100",4,0.9944625691461485,0.0066334847669543562,35,35
fixed_train,5,2,impressed|3|06,"ac355201, ac411100, ac419100",5,0.9944625691461485,0.0055347866514176003,35,35
fixed_train,5,2,impressed|3|06,"ac355201, ac411100, ac419100",6,0.9944625691461485,0.006644917024621777,35,35
fixed_train,5,2,impressed|3|06,"ac355201, ac411100, ac419100",7,0.9944625691461485,0.006644917024621777,35,35
fixed_train,5,2,impressed|3|06,"ac355201, ac411100, ac419100",8,0.9944625691461485,0.0055295902329240976,35,35
fixed_train,5,2,impressed|3|06,"ac355201, ac411100, ac419100",9,0.9944625691461485,0.0066391335305417964,35,35
fixed_train,5,2,impressed|3|07,"ac355427, ac411100, ac419100",0,0.9944625691461485,0.0011090911399017633,16,16
fixed_train,5,2,impressed|3|07,"ac355427, ac411100, ac419100",1,0.9944625691461485,0,16,16
fixed_train,5,2,impressed|3|07,"ac355427, ac411100, ac419100",2,0.9944625691461485,0.0011058996493100715,16,16
fixed_train,5,2,impressed|3|07,"ac355427, ac411100, ac419100",3,0.9944625691461485,0.0033203431503638914,16,16
fixed_train,5,2,impressed|3|07,"ac355427, ac411100, ac419100",4,0.9944625691461485,0.0011090911399017633,16,16
fixed_train,5,2,impressed|3|07,"ac355427, ac411100, ac419100",5,0.9944625691461485,0,16,15
fixed_train,5,2,impressed|3|07,"ac355427, ac411100, ac419100",6,0.9944625691461485,0.0011058996493100715,16,16
fixed_train,5,2,impressed|3|07,"ac355427, ac411100, ac419100",7,0.9944625691461485,0,16,16
fixed_train,5,2,impressed|3|07,"ac355427, ac411100, ac419100",8,0.9944625691461485,0.0011090911399017633,16,15
fixed_train,5,2,impressed|3|07,"ac355427, ac411100, ac419100",9,0.9944625691461485,0,16,16
fixed_train,5,2,impressed|3|08,"376400, ac370000, ac411100",0,0.9944625691461485,0.0044397411031625866,13,12
fixed_train,5,2,impressed|3|08,"376400, ac370000, ac411100",1,0.9944625691461485,0.0044397411031625866,13,13
fixed_train,5,2,impressed|3|08,"376400, ac370000, ac411100",2,0.9944625691461485,0.0033289523839363788,13,13
fixed_train,5,2,impressed|3|08,"376400, ac370000, ac411100",3,0.9944625691461485,0.0044397411031625866,13,13
fixed_train,5,2,impressed|3|08,"376400, ac370000, ac411100",4,0.9944625691461485,0.0033289523839363788,13,12
fixed_train,5,2,impressed|3|08,"376400, ac370000, ac411100",5,0.9944625691461485,0.0033289523839363788,13,13
fixed_train,5,2,impressed|3|08,"376400, ac370000, ac411100",6,0.9944625691461485,0.0044397411031625866,13,13
fixed_train,5,2,impressed|3|08,"376400, ac370000, ac411100",7,0.9944625691461485,0.0022187388364092175,13,13
fixed_train,5,2,impressed|3|08,"376400, ac370000, ac411100",8,0.9944625691461485,0.0066630814725626708,13,13
fixed_train,5,2,impressed|3|08,"376400, ac370000, ac411100",9,0.9944625691461485,0.0044397411031625866,13,13
fixed_train,5,2,impressed|3|09,"376400, ac370419, ac378452",0,0.9944625691461485,0,4,4
fixed_train,5,2,impressed|3|09,"376400, ac370419, ac378452",1,0.9944625691461485,0,4,4
fixed_train,5,2,impressed|3|09,"376400, ac370419, ac378452",2,0.9944625691461485,0,4,4
fixed_train,5,2,impressed|3|09,"376400, ac370419, ac378452",3,0.9944625691461485,0,4,4
fixed_train,5,2,impressed|3|09,"376400, ac370419, ac378452",4,0.9944625691461485,0,4,4
fixed_train,5,2,impressed|3|09,"376400, ac370419, ac378452",5,0.9944625691461485,0,4,4
fixed_train,5,2,impressed|3|09,"376400, ac370419, ac378452",6,0.9944625691461485,0,4,4
fixed_train,5,2,impressed|3|09,"376400, ac370419, ac378452",7,0.9944625691461485,0,4,4
fixed_train,5,2,impressed|3|09,"376400, ac370419, ac378452",8,0.9944625691461485,0,4,3
fixed_train,5,2,impressed|3|09,"376400, ac370419, ac378452",9,0.9944625691461485,0,4,4
fixed_train,5,2,impressed|3|10,"ac410500, ac411100, ac415100",0,0.9944625691461485,0.0011058996493100715,12,12
fixed_train,5,2,impressed|3|10,"ac410500, ac411100, ac415100",1,0.9944625691461485,0.0022112919362169414,12,12
fixed_train,5,2,impressed|3|10,"ac410500, ac411100, ac415100",2,0.9944625691461485,0.0022112919362169414,12,12
fixed_train,5,2,impressed|3|10,"ac410500, ac411100, ac415100",3,0.9944625691461485,0.0044252127333793689,12,12
fixed_train,5,2,impressed|3|10,"ac410500, ac411100, ac415100",4,0.9944625691461485,0.0011058996493100715,12,12
fixed_train,5,2,impressed|3|10,"ac410500, ac411100, ac415100",5,0.9944625691461485,0.0022112919362169414,12,12
fixed_train,5,2,impressed|3|10,"ac410500, ac411100, ac415100",6,0.9944625691461485,0.0033161860155691558,12,12
fixed_train,5,2,impressed|3|10,"ac410500, ac411100, ac415100",7,0.9944625691461485,0.0033203431503638914,12,12
fixed_train,5,2,impressed|3|10,"ac410500, ac411100, ac415100",8,0.9944625691461485,0.0011058996493100715,12,12
fixed_train,5,2,impressed|3|10,"ac410500, ac411100, ac415100",9,0.9944625691461485,0.0022149723415406664,12,12
fixed_test,5,3,apriori|1|01,ac370000,0,0.87218635234114594,-0.020963110739059765,163,161
fixed_test,5,3,apriori|1|01,ac370000,1,0.87218635234114594,-0.012058899329077,163,160
fixed_test,5,3,apriori|1|01,ac370000,2,0.87218635234114594,-0.030468514915491185,163,158
fixed_test,5,3,apriori|1|01,ac370000,3,0.87218635234114594,-0.01255322195464903,163,161
fixed_test,5,3,apriori|1|01,ac370000,4,0.87218635234114594,-0.025750091004898334,163,162
fixed_test,5,3,apriori|1|01,ac370000,5,0.87218635234114594,-0.021618957393367277,163,161
fixed_test,5,3,apriori|1|01,ac370000,6,0.87218635234114594,-0.0036870353620179763,163,160
fixed_test,5,3,apriori|1|01,ac370000,7,0.87218635234114594,-0.017629468642600621,163,159
fixed_test,5,3,apriori|1|01,ac370000,8,0.87218635234114594,-0.021200902350904882,163,160
fixed_test,5,3,apriori|1|01,ac370000,9,0.87218635234114594,-0.013297891338352796,163,161
fixed_test,5,3,apriori|1|02,ac419100,0,0.87218635234114594,0.0040256137434605543,149,128
fixed_test,5,3,apriori|1|02,ac419100,1,0.87218635234114594,-0.0046366245092079872,149,117
fixed_test,5,3,apriori|1|02,ac419100,2,0.87218635234114594,-0.01365202176748026,149,130
fixed_test,5,3,apriori|1|02,ac419100,3,0.87218635234114594,-0.026782777862795593,149,126
fixed_test,5,3,apriori|1|02,ac419100,4,0.87218635234114594,-0.017893164264356165,149,120
fixed_test,5,3,apriori|1|02,ac419100,5,0.87218635234114594,-0.017893164264356165,149,129
fixed_test,5,3,apriori|1|02,ac419100,6,0.87218635234114594,-0.00042689878556290139,149,127
fixed_test,5,3,apriori|1|02,ac419100,7,0.87218635234114594,-0.0048703582373744725,149,120
fixed_test,5,3,apriori|1|02,ac419100,8,0.87218635234114594,-0.013434983305611436,149,124
fixed_test,5,3,apriori|1|02,ac419100,9,0.87218635234114594,-0.0090995255927963647,149,126
fixed_test,5,3,apriori|1|03,370407,0,0.87218635234114594,-0.0043205014333130842,140,135
fixed_test,5,3,apriori|1|03,370407,1,0.87218635234114594,-0.0043205014333130842,140,133
fixed_test,5,3,apriori|1|03,370407,2,0.87218635234114594,0.0040256137434605543,140,138
fixed_test,5,3,apriori|1|03,370407,3,0.87218635234114594,-0.00030588692123656447,140,136
fixed_test,5,3,apriori|1|03,370407,4,0.87218635234114594,-0.00030588692123656447,140,137
fixed_test,5,3,apriori|1|03,370407,5,0.87218635234114594,0,140,136
fixed_test,5,3,apriori|1|03,370407,6,0.87218635234114594,-0.0046366245092079872,140,134
fixed_test,5,3,apriori|1|03,370407,7,0.87218635234114594,-0.0044889870060065284,140,135
fixed_test,5,3,apriori|1|03,370407,8,0.87218635234114594,-0.0088147343213001994,140,133
fixed_test,5,3,apriori|1|03,370407,9,0.87218635234114594,-0.0089671185024220446,140,135
fixed_test,5,3,apriori|1|04,ac370419,0,0.87218635234114594,0.0086397747059381302,133,125
fixed_test,5,3,apriori|1|04,ac370419,1,0.87218635234114594,0.0043199173263397395,133,129
fixed_test,5,3,apriori|1|04,ac370419,2,0.87218635234114594,0.0088147343213003104,133,132
fixed_test,5,3,apriori|1|04,ac370419,3,0.87218635234114594,0.0043199173263397395,133,129
fixed_test,5,3,apriori|1|04,ac370419,4,0.87218635234114594,-0.00016367189824195716,133,131
fixed_test,5,3,apriori|1|04,ac370419,5,0.87218635234114594,0.0088147343213003104,133,129
fixed_test,5,3,apriori|1|04,ac370419,6,0.87218635234114594,-0.0044889870060065284,133,128
fixed_test,5,3,apriori|1|04,ac370419,7,0.87218635234114594,-0.0088147343213001994,133,124
fixed_test,5,3,apriori|1|04,ac370419,8,0.87218635234114594,0.01762946864260051,133,127
fixed_test,5,3,apriori|1|04,ac370419,9,0.87218635234114594,0.0086397747059381302,133,131
fixed_test,5,3,apriori|1|05,ac370443,0,0.87218635234114594,-0.0044889870060065284,129,122
fixed_test,5,3,apriori|1|05,ac370443,1,0.87218635234114594,0.0041617342871953511,129,120
fixed_test,5,3,apriori|1|05,ac370443,2,0.87218635234114594,-0.0089671185024220446,129,125
fixed_test,5,3,apriori|1|05,ac370443,3,0.87218635234114594,-0.0089671185024220446,129,123
fixed_test,5,3,apriori|1|05,ac370443,4,0.87218635234114594,-0.017770565106602132,129,123
fixed_test,5,3,apriori|1|05,ac370443,5,0.87218635234114594,-0.00016367189824195716,129,125
fixed_test,5,3,apriori|1|05,ac370443,6,0.87218635234114594,-0.00016367189824195716,129,125
fixed_test,5,3,apriori|1|05,ac370443,7,0.87218635234114594,-0.0090995255927963647,129,122
fixed_test,5,3,apriori|1|05,ac370443,8,0.87218635234114594,-0.00016367189824195716,129,126
fixed_test,5,3,apriori|1|05,ac370443,9,0.87218635234114594,-0.00030588692123656447,129,120
fixed_test,5,3,apriori|1|06,ac370442,0,0.87218635234114594,0.0084877517503232358,126,122
fixed_test,5,3,apriori|1|06,ac370442,1,0.87218635234114594,-0.0047636703500272271,126,115
fixed_test,5,3,apriori|1|06,ac370442,2,0.87218635234114594,0.0041617342871953511,126,118
fixed_test,5,3,apriori|1|06,ac370442,3,0.87218635234114594,0,126,122
fixed_test,5,3,apriori|1|06,ac370442,4,0.87218635234114594,0.0043199173263397395,126,121
fixed_test,5,3,apriori|1|06,ac370442,5,0.87218635234114594,0.0041617342871953511,126,120
fixed_test,5,3,apriori|1|06,ac370442,6,0.87218635234114594,-0.00016367189824195716,126,121
fixed_test,5,3,apriori|1|06,ac370442,7,0.87218635234114594,-0.0044889870060065284,126,123
fixed_test,5,3,apriori|1|06,ac370442,8,0.87218635234114594,0.0043199173263397395,126,120
fixed_test,5,3,apriori|1|06,ac370442,9,0.87218635234114594,0.0043199173263397395,126,120
fixed_test,5,3,apriori|1|07,370712b,0,0.87218635234114594,0.0043199173263397395,123,117
fixed_test,5,3,apriori|1|07,370712b,1,0.87218635234114594,0.0041617342871953511,123,120
fixed_test,5,3,apriori|1|07,370712b,2,0.87218635234114594,0.0040256137434605543,123,115
fixed_test,5,3,apriori|1|07,370712b,3,0.87218635234114594,-0.00016367189824195716,123,116
fixed_test,5,3,apriori|1|07,370712b,4,0.87218635234114594,0.0086397747059381302,123,119
fixed_test,5,3,apriori|1|07,370712b,5,0.87218635234114594,-0.00016367189824195716,123,118
fixed_test,5,3,apriori|1|07,370712b,6,0.87218635234114594,0.0043199173263397395,123,118
fixed_test,5,3,apriori|1|07,370712b,7,0.87218635234114594,0.0086397747059381302,123,113
fixed_test,5,3,apriori|1|07,370712b,8,0.87218635234114594,0.0086397747059381302,123,111
fixed_test,5,3,apriori|1|07,370712b,9,0.87218635234114594,0.012814897836948003,123,119
fixed_test,5,3,apriori|1|08,370715a,0,0.87218635234114594,0.017281390421883036,122,117
fixed_test,5,3,apriori|1|08,370715a,1,0.87218635234114594,0.0084877517503232358,122,117
fixed_test,5,3,apriori|1|08,370715a,2,0.87218635234114594,0.0041617342871953511,122,117
fixed_test,5,3,apriori|1|08,370715a,3,0.87218635234114594,-0.00016367189824195716,122,121
fixed_test,5,3,apriori|1|08,370715a,4,0.87218635234114594,-0.00016367189824195716,122,119
fixed_test,5,3,apriori|1|08,370715a,5,0.87218635234114594,0.0084877517503232358,122,116
fixed_test,5,3,apriori|1|08,370715a,6,0.87218635234114594,0.0041617342871953511,122,114
fixed_test,5,3,apriori|1|08,370715a,7,0.87218635234114594,0.012960093083598578,122,118
fixed_test,5,3,apriori|1|08,370715a,8,0.87218635234114594,0.008358394240181255,122,116
fixed_test,5,3,apriori|1|08,370715a,9,0.87218635234114594,0.0043199173263397395,122,116
fixed_test,5,3,apriori|1|09,ac370403,0,0.87218635234114594,0.0043199173263397395,120,116
fixed_test,5,3,apriori|1|09,ac370403,1,0.87218635234114594,0.0088147343213003104,120,113
fixed_test,5,3,apriori|1|09,ac370403,2,0.87218635234114594,0.0045004375827970566,120,116
fixed_test,5,3,apriori|1|09,ac370403,3,0.87218635234114594,0.0043199173263397395,120,113
fixed_test,5,3,apriori|1|09,ac370403,4,0.87218635234114594,0.0043199173263397395,120,117
fixed_test,5,3,apriori|1|09,ac370403,5,0.87218635234114594,0,120,112
fixed_test,5,3,apriori|1|09,ac370403,6,0.87218635234114594,0.0041617342871953511,120,116
fixed_test,5,3,apriori|1|09,ac370403,7,0.87218635234114594,0.0043199173263397395,120,116
fixed_test,5,3,apriori|1|09,ac370403,8,0.87218635234114594,-0.0044889870060065284,120,117
fixed_test,5,3,apriori|1|09,ac370403,9,0.87218635234114594,0.017443221310118218,120,115
fixed_test,5,3,apriori|1|10,370488e,0,0.87218635234114594,-0.013297891338352796,120,114
fixed_test,5,3,apriori|1|10,370488e,1,0.87218635234114594,-0.0044889870060065284,120,116
fixed_test,5,3,apriori|1|10,370488e,2,0.87218635234114594,-0.0089671185024220446,120,116
fixed_test,5,3,apriori|1|10,370488e,3,0.87218635234114594,-0.0090995255927963647,120,117
fixed_test,5,3,apriori|1|10,370488e,4,0.87218635234114594,0.0086397747059381302,120,118
fixed_test,5,3,apriori|1|10,370488e,5,0.87218635234114594,-0.0044889870060065284,120,113
fixed_test,5,3,apriori|1|10,370488e,6,0.87218635234114594,-0.00016367189824195716,120,112
fixed_test,5,3,apriori|1|10,370488e,7,0.87218635234114594,-0.00016367189824195716,120,114
fixed_test,5,3,apriori|1|10,370488e,8,0.87218635234114594,-0.0089671185024220446,120,114
fixed_test,5,3,apriori|1|10,370488e,9,0.87218635234114594,-0.0044889870060065284,120,114
fixed_test,5,3,apriori|2|01,"370407, ac370000",0,0.87218635234114594,-0.013297891338352796,140,140
fixed_test,5,3,apriori|2|01,"370407, ac370000",1,0.87218635234114594,-0.026132632617644425,140,139
fixed_test,5,3,apriori|2|01,"370407, ac370000",2,0.87218635234114594,-0.00030588692123656447,140,140
fixed_test,5,3,apriori|2|01,"370407, ac370000",3,0.87218635234114594,-0.026132632617644425,140,138
fixed_test,5,3,apriori|2|01,"370407, ac370000",4,0.87218635234114594,-0.017469635554873686,140,140
fixed_test,5,3,apriori|2|01,"370407, ac370000",5,0.87218635234114594,-0.00016367189824195716,140,140
fixed_test,5,3,apriori|2|01,"370407, ac370000",6,0.87218635234114594,-0.021799853604883679,140,139
fixed_test,5,3,apriori|2|01,"370407, ac370000",7,0.87218635234114594,-0.017629468642600621,140,138
fixed_test,5,3,apriori|2|01,"370407, ac370000",8,0.87218635234114594,-0.0041308879292222267,140,137
fixed_test,5,3,apriori|2|01,"370407, ac370000",9,0.87218635234114594,-0.030783318481643174,140,140
fixed_test,5,3,apriori|2|02,"ac370000, ac370419",0,0.87218635234114594,-0.0041308879292222267,133,132
fixed_test,5,3,apriori|2|02,"ac370000, ac370419",1,0.87218635234114594,-0.0088147343213001994,133,132
fixed_test,5,3,apriori|2|02,"ac370000, ac370419",2,0.87218635234114594,-0.00016367189824195716,133,132
fixed_test,5,3,apriori|2|02,"ac370000, ac370419",3,0.87218635234114594,-0.0043205014333130842,133,133
fixed_test,5,3,apriori|2|02,"ac370000, ac370419",4,0.87218635234114594,-0.00016367189824195716,133,133
fixed_test,5,3,apriori|2|02,"ac370000, ac370419",5,0.87218635234114594,0.0088147343213003104,133,133
fixed_test,5,3,apriori|2|02,"ac370000, ac370419",6,0.87218635234114594,-0.0262971565231922,133,132
fixed_test,5,3,apriori|2|02,"ac370000, ac370419",7,0.87218635234114594,0.0043199173263397395,133,131
fixed_test,5,3,apriori|2|02,"ac370000, ac370419",8,0.87218635234114594,-0.0088147343213001994,133,132
fixed_test,5,3,apriori|2|02,"ac370000, ac370419",9,0.87218635234114594,-0.0041308879292222267,133,133
fixed_test,5,3,apriori|2|03,"ac370000, ac370443",0,0.87218635234114594,0.0043199173263397395,129,128
fixed_test,5,3,apriori|2|03,"ac370000, ac370443",1,0.87218635234114594,0.013128821658685896,129,128
fixed_test,5,3,apriori|2|03,"ac370000, ac370443",2,0.87218635234114594,0.0040256137434605543,129,129
fixed_test,5,3,apriori|2|03,"ac370000, ac370443",3,0.87218635234114594,-0.00030588692123656447,129,128
fixed_test,5,3,apriori|2|03,"ac370000, ac370443",4,0.87218635234114594,-0.013297891338352796,129,129
fixed_test,5,3,apriori|2|03,"ac370000, ac370443",5,0.87218635234114594,-0.0044889870060065284,129,129
fixed_test,5,3,apriori|2|03,"ac370000, ac370443",6,0.87218635234114594,-0.00052693806437265067,129,129
fixed_test,5,3,apriori|2|03,"ac370000, ac370443",7,0.87218635234114594,0.0041617342871953511,129,129
fixed_test,5,3,apriori|2|03,"ac370000, ac370443",8,0.87218635234114594,-0.00016367189824195716,129,128
fixed_test,5,3,apriori|2|03,"ac370000, ac370443",9,0.87218635234114594,-0.013141440449423003,129,128
fixed_test,5,3,apriori|2|04,"ac370419, ac370443",0,0.87218635234114594,-0.0044889870060065284,128,128
fixed_test,5,3,apriori|2|04,"ac370419, ac370443",1,0.87218635234114594,0.0084877517503232358,128,128
fixed_test,5,3,apriori|2|04,"ac370419, ac370443",2,0.87218635234114594,0.0040256137434605543,128,128
fixed_test,5,3,apriori|2|04,"ac370419, ac370443",3,0.87218635234114594,-0.00030588692123656447,128,128
fixed_test,5,3,apriori|2|04,"ac370419, ac370443",4,0.87218635234114594,0.0084877517503232358,128,128
fixed_test,5,3,apriori|2|04,"ac370419, ac370443",5,0.87218635234114594,-0.0046366245092079872,128,128
fixed_test,5,3,apriori|2|04,"ac370419, ac370443",6,0.87218635234114594,0.0084877517503232358,128,127
fixed_test,5,3,apriori|2|04,"ac370419, ac370443",7,0.87218635234114594,0.0086397747059381302,128,127
fixed_test,5,3,apriori|2|04,"ac370419, ac370443",8,0.87218635234114594,0.012814897836948003,128,128
fixed_test,5,3,apriori|2|04,"ac370419, ac370443",9,0.87218635234114594,0.012960093083598578,128,127
fixed_test,5,3,apriori|2|05,"370407, ac370419",0,0.87218635234114594,0.012692968822836881,131,130
fixed_test,5,3,apriori|2|05,"370407, ac370419",1,0.87218635234114594,-0.00016367189824195716,131,131
fixed_test,5,3,apriori|2|05,"370407, ac370419",2,0.87218635234114594,-0.0047636703500272271,131,131
fixed_test,5,3,apriori|2|05,"370407, ac370419",3,0.87218635234114594,-0.0046366245092079872,131,131
fixed_test,5,3,apriori|2|05,"370407, ac370419",4,0.87218635234114594,0.0040256137434605543,131,131
fixed_test,5,3,apriori|2|05,"370407, ac370419",5,0.87218635234114594,0.008358394240181255,131,131
fixed_test,5,3,apriori|2|05,"370407, ac370419",6,0.87218635234114594,-0.0046366245092079872,131,131
fixed_test,5,3,apriori|2|05,"370407, ac370419",7,0.87218635234114594,0.0084877517503232358,131,130
fixed_test,5,3,apriori|2|05,"370407, ac370419",8,0.87218635234114594,0.0086397747059381302,131,130
fixed_test,5,3,apriori|2|05,"370407, ac370419",9,0.87218635234114594,0.012692968822836881,131,131
fixed_test,5,3,apriori|2|06,"ac370000, ac370442",0,0.87218635234114594,-0.0043205014333130842,126,124
fixed_test,5,3,apriori|2|06,"ac370000, ac370442",1,0.87218635234114594,-0.0044889870060065284,126,124
fixed_test,5,3,apriori|2|06,"ac370000, ac370442",2,0.87218635234114594,0.008358394240181255,126,125
fixed_test,5,3,apriori|2|06,"ac370000, ac370442",3,0.87218635234114594,0.0041617342871953511,126,124
fixed_test,5,3,apriori|2|06,"ac370000, ac370442",4,0.87218635234114594,-0.013297891338352796,126,125
fixed_test,5,3,apriori|2|06,"ac370000, ac370442",5,0.87218635234114594,0.0041617342871953511,126,126
fixed_test,5,3,apriori|2|06,"ac370000, ac370442",6,0.87218635234114594,-0.0047636703500272271,126,124
fixed_test,5,3,apriori|2|06,"ac370000, ac370442",7,0.87218635234114594,-0.0046366245092079872,126,126
fixed_test,5,3,apriori|2|06,"ac370000, ac370442",8,0.87218635234114594,-0.0048703582373744725,126,126
fixed_test,5,3,apriori|2|06,"ac370000, ac370442",9,0.87218635234114594,-0.00016367189824195716,126,126
fixed_test,5,3,apriori|2|07,"ac370419, ac370442",0,0.87218635234114594,-0.0046366245092079872,125,125
fixed_test,5,3,apriori|2|07,"ac370419, ac370442",1,0.87218635234114594,0.0039113052927310932,125,124
fixed_test,5,3,apriori|2|07,"ac370419, ac370442",2,0.87218635234114594,-0.00030588692123656447,125,125
fixed_test,5,3,apriori|2|07,"ac370419, ac370442",3,0.87218635234114594,0.0043199173263397395,125,125
fixed_test,5,3,apriori|2|07,"ac370419, ac370442",4,0.87218635234114594,0,125,125
fixed_test,5,3,apriori|2|07,"ac370419, ac370442",5,0.87218635234114594,0.0086397747059381302,125,125
fixed_test,5,3,apriori|2|07,"ac370419, ac370442",6,0.87218635234114594,0.012960093083598578,125,125
fixed_test,5,3,apriori|2|07,"ac370419, ac370442",7,0.87218635234114594,-0.00030588692123656447,125,125
fixed_test,5,3,apriori|2|07,"ac370419, ac370442",8,0.87218635234114594,-0.00030588692123656447,125,124
fixed_test,5,3,apriori|2|07,"ac370419, ac370442",9,0.87218635234114594,0.0084877517503232358,125,125
fixed_test,5,3,apriori|2|08,"ac370442, ac370443",0,0.87218635234114594,0.0086397747059381302,126,126
fixed_test,5,3,apriori|2|08,"ac370442, ac370443",1,0.87218635234114594,0.0041617342871953511,126,125
fixed_test,5,3,apriori|2|08,"ac370442, ac370443",2,0.87218635234114594,0.0043199173263397395,126,125
fixed_test,5,3,apriori|2|08,"ac370442, ac370443",3,0.87218635234114594,0.013128821658685896,126,126
fixed_test,5,3,apriori|2|08,"ac370442, ac370443",4,0.87218635234114594,0.0041617342871953511,126,126
fixed_test,5,3,apriori|2|08,"ac370442, ac370443",5,0.87218635234114594,0.017281390421883036,126,126
fixed_test,5,3,apriori|2|08,"ac370442, ac370443",6,0.87218635234114594,0.0041617342871953511,126,126
fixed_test,5,3,apriori|2|08,"ac370442, ac370443",7,0.87218635234114594,0.0041617342871953511,126,126
fixed_test,5,3,apriori|2|08,"ac370442, ac370443",8,0.87218635234114594,0.012814897836948003,126,126
fixed_test,5,3,apriori|2|08,"ac370442, ac370443",9,0.87218635234114594,0.0041617342871953511,126,125
fixed_test,5,3,apriori|2|09,"370407, ac370443",0,0.87218635234114594,0.0039113052927310932,127,126
fixed_test,5,3,apriori|2|09,"370407, ac370443",1,0.87218635234114594,0.012692968822836881,127,127
fixed_test,5,3,apriori|2|09,"370407, ac370443",2,0.87218635234114594,0.0040256137434605543,127,127
fixed_test,5,3,apriori|2|09,"370407, ac370443",3,0.87218635234114594,0.0040256137434605543,127,127
fixed_test,5,3,apriori|2|09,"370407, ac370443",4,0.87218635234114594,0.017281390421883036,127,127
fixed_test,5,3,apriori|2|09,"370407, ac370443",5,0.87218635234114594,-0.0089671185024220446,127,126
fixed_test,5,3,apriori|2|09,"370407, ac370443",6,0.87218635234114594,0.0039113052927310932,127,127
fixed_test,5,3,apriori|2|09,"370407, ac370443",7,0.87218635234114594,-0.0047636703500272271,127,127
fixed_test,5,3,apriori|2|09,"370407, ac370443",8,0.87218635234114594,0.0040256137434605543,127,127
fixed_test,5,3,apriori|2|09,"370407, ac370443",9,0.87218635234114594,0.012814897836948003,127,125
fixed_test,5,3,apriori|2|10,"370407, ac370442",0,0.87218635234114594,0.0041617342871953511,124,124
fixed_test,5,3,apriori|2|10,"370407, ac370442",1,0.87218635234114594,-0.013434983305611436,124,124
fixed_test,5,3,apriori|2|10,"370407, ac370442",2,0.87218635234114594,-0.0047636703500272271,124,123
fixed_test,5,3,apriori|2|10,"370407, ac370442",3,0.87218635234114594,0.0086397747059381302,124,123
fixed_test,5,3,apriori|2|10,"370407, ac370442",4,0.87218635234114594,0.0086397747059381302,124,124
fixed_test,5,3,apriori|2|10,"370407, ac370442",5,0.87218635234114594,0.0040256137434605543,124,123
fixed_test,5,3,apriori|2|10,"370407, ac370442",6,0.87218635234114594,0.0086397747059381302,124,123
fixed_test,5,3,apriori|2|10,"370407, ac370442",7,0.87218635234114594,-0.00030588692123656447,124,124
fixed_test,5,3,apriori|2|10,"370407, ac370442",8,0.87218635234114594,0.0039113052927310932,124,124
fixed_test,5,3,apriori|2|10,"370407, ac370442",9,0.87218635234114594,0.0088147343213003104,124,124
fixed_test,5,3,apriori|3|01,"ac370000, ac370419, ac370443",0,0.87218635234114594,0.0043199173263397395,128,127
fixed_test,5,3,apriori|3|01,"ac370000, ac370419, ac370443",1,0.87218635234114594,-0.0044889870060065284,128,128
fixed_test,5,3,apriori|3|01,"ac370000, ac370419, ac370443",2,0.87218635234114594,0.0040256137434605543,128,128
fixed_test,5,3,apriori|3|01,"ac370000, ac370419, ac370443",3,0.87218635234114594,0.0084877517503232358,128,128
fixed_test,5,3,apriori|3|01,"ac370000, ac370419, ac370443",4,0.87218635234114594,-0.013434983305611436,128,128
fixed_test,5,3,apriori|3|01,"ac370000, ac370419, ac370443",5,0.87218635234114594,0.0086397747059381302,128,128
fixed_test,5,3,apriori|3|01,"ac370000, ac370419, ac370443",6,0.87218635234114594,0.017281390421883036,128,128
fixed_test,5,3,apriori|3|01,"ac370000, ac370419, ac370443",7,0.87218635234114594,-0.0046366245092079872,128,128
fixed_test,5,3,apriori|3|01,"ac370000, ac370419, ac370443",8,0.87218635234114594,0.017143687265925522,128,128
fixed_test,5,3,apriori|3|01,"ac370000, ac370419, ac370443",9,0.87218635234114594,-0.00030588692123656447,128,128
fixed_test,5,3,apriori|3|02,"370407, ac370000, ac370419",0,0.87218635234114594,-0.0090995255927963647,131,131
fixed_test,5,3,apriori|3|02,"370407, ac370000, ac370419",1,0.87218635234114594,-0.0047636703500272271,131,131
fixed_test,5,3,apriori|3|02,"370407, ac370000, ac370419",2,0.87218635234114594,0.0086397747059381302,131,131
fixed_test,5,3,apriori|3|02,"370407, ac370000, ac370419",3,0.87218635234114594,-0.013297891338352796,131,131
fixed_test,5,3,apriori|3|02,"370407, ac370000, ac370419",4,0.87218635234114594,-0.013297891338352796,131,131
fixed_test,5,3,apriori|3|02,"370407, ac370000, ac370419",5,0.87218635234114594,-0.0047636703500272271,131,131
fixed_test,5,3,apriori|3|02,"370407, ac370000, ac370419",6,0.87218635234114594,0.0043199173263397395,131,131
fixed_test,5,3,apriori|3|02,"370407, ac370000, ac370419",7,0.87218635234114594,0.017143687265925522,131,131
fixed_test,5,3,apriori|3|02,"370407, ac370000, ac370419",8,0.87218635234114594,-0.017629468642600621,131,131
fixed_test,5,3,apriori|3|02,"370407, ac370000, ac370419",9,0.87218635234114594,-0.0089671185024220446,131,131
fixed_test,5,3,apriori|3|03,"ac370000, ac370419, ac370442",0,0.87218635234114594,-0.0044889870060065284,125,125
fixed_test,5,3,apriori|3|03,"ac370000, ac370419, ac370442",1,0.87218635234114594,0.0040256137434605543,125,125
fixed_test,5,3,apriori|3|03,"ac370000, ac370419, ac370442",2,0.87218635234114594,-0.00030588692123656447,125,125
fixed_test,5,3,apriori|3|03,"ac370000, ac370419, ac370442",3,0.87218635234114594,-0.013434983305611436,125,125
fixed_test,5,3,apriori|3|03,"ac370000, ac370419, ac370442",4,0.87218635234114594,0.0041617342871953511,125,125
fixed_test,5,3,apriori|3|03,"ac370000, ac370419, ac370442",5,0.87218635234114594,-0.0090995255927963647,125,125
fixed_test,5,3,apriori|3|03,"ac370000, ac370419, ac370442",6,0.87218635234114594,-0.013552954443514897,125,125
fixed_test,5,3,apriori|3|03,"ac370000, ac370419, ac370442",7,0.87218635234114594,-0.0047636703500272271,125,124
fixed_test,5,3,apriori|3|03,"ac370000, ac370419, ac370442",8,0.87218635234114594,-0.017770565106602132,125,125
fixed_test,5,3,apriori|3|03,"ac370000, ac370419, ac370442",9,0.87218635234114594,-0.0046366245092079872,125,125
fixed_test,5,3,apriori|3|04,"ac370000, ac370442, ac370443",0,0.87218635234114594,0.017029849465900582,126,126
fixed_test,5,3,apriori|3|04,"ac370000, ac370442, ac370443",1,0.87218635234114594,0.021474632352942669,126,126
fixed_test,5,3,apriori|3|04,"ac370000, ac370442, ac370443",2,0.87218635234114594,0.0041617342871953511,126,126
fixed_test,5,3,apriori|3|04,"ac370000, ac370442, ac370443",3,0.87218635234114594,0.021604181930435784,126,126
fixed_test,5,3,apriori|3|04,"ac370000, ac370442, ac370443",4,0.87218635234114594,-0.013552954443514897,126,126
fixed_test,5,3,apriori|3|04,"ac370000, ac370442, ac370443",5,0.87218635234114594,0.0086397747059381302,126,126
fixed_test,5,3,apriori|3|04,"ac370000, ac370442, ac370443",6,0.87218635234114594,-0.00042689878556290139,126,126
fixed_test,5,3,apriori|3|04,"ac370000, ac370442, ac370443",7,0.87218635234114594,0.0040256137434605543,126,126
fixed_test,5,3,apriori|3|04,"ac370000, ac370442, ac370443",8,0.87218635234114594,0.025808243231037253,126,126
fixed_test,5,3,apriori|3|04,"ac370000, ac370442, ac370443",9,0.87218635234114594,-0.0088147343213001994,126,126
fixed_test,5,3,apriori|3|05,"ac370419, ac370442, ac370443",0,0.87218635234114594,0.017143687265925522,125,125
fixed_test,5,3,apriori|3|05,"ac370419, ac370442, ac370443",1,0.87218635234114594,0.021369546083244484,125,125
fixed_test,5,3,apriori|3|05,"ac370419, ac370442, ac370443",2,0.87218635234114594,0.026075029093443058,125,125
fixed_test,5,3,apriori|3|05,"ac370419, ac370442, ac370443",3,0.87218635234114594,0.0086397747059381302,125,125
fixed_test,5,3,apriori|3|05,"ac370419, ac370442, ac370443",4,0.87218635234114594,0.0040256137434605543,125,125
fixed_test,5,3,apriori|3|05,"ac370419, ac370442, ac370443",5,0.87218635234114594,0.008358394240181255,125,125
fixed_test,5,3,apriori|3|05,"ac370419, ac370442, ac370443",6,0.87218635234114594,-0.00042689878556290139,125,125
fixed_test,5,3,apriori|3|05,"ac370419, ac370442, ac370443",7,0.87218635234114594,0.012814897836948003,125,125
fixed_test,5,3,apriori|3|05,"ac370419, ac370442, ac370443",8,0.87218635234114594,0.0040256137434605543,125,125
fixed_test,5,3,apriori|3|05,"ac370419, ac370442, ac370443",9,0.87218635234114594,0.012814897836948003,125,125
fixed_test,5,3,apriori|3|06,"370407, ac370000, ac370443",0,0.87218635234114594,-0.00016367189824195716,127,127
fixed_test,5,3,apriori|3|06,"370407, ac370000, ac370443",1,0.87218635234114594,-0.013434983305611436,127,127
fixed_test,5,3,apriori|3|06,"370407, ac370000, ac370443",2,0.87218635234114594,0.013128821658685896,127,127
fixed_test,5,3,apriori|3|06,"370407, ac370000, ac370443",3,0.87218635234114594,-0.0086421145865552829,127,127
fixed_test,5,3,apriori|3|06,"370407, ac370000, ac370443",4,0.87218635234114594,0.0039113052927310932,127,127
fixed_test,5,3,apriori|3|06,"370407, ac370000, ac370443",5,0.87218635234114594,-0.00016367189824195716,127,127
fixed_test,5,3,apriori|3|06,"370407, ac370000, ac370443",6,0.87218635234114594,0.0041617342871953511,127,126
fixed_test,5,3,apriori|3|06,"370407, ac370000, ac370443",7,0.87218635234114594,-0.0046366245092079872,127,127
fixed_test,5,3,apriori|3|06,"370407, ac370000, ac370443",8,0.87218635234114594,0.0038185821135859888,127,126
fixed_test,5,3,apriori|3|06,"370407, ac370000, ac370443",9,0.87218635234114594,0.0040256137434605543,127,127
fixed_test,5,3,apriori|3|07,"370407, ac370419, ac370443",0,0.87218635234114594,-0.00030588692123656447,127,127
fixed_test,5,3,apriori|3|07,"370407, ac370419, ac370443",1,0.87218635234114594,-0.0047636703500272271,127,127
fixed_test,5,3,apriori|3|07,"370407, ac370419, ac370443",2,0.87218635234114594,0.0043199173263397395,127,127
fixed_test,5,3,apriori|3|07,"370407, ac370419, ac370443",3,0.87218635234114594,0.0039113052927310932,127,127
fixed_test,5,3,apriori|3|07,"370407, ac370419, ac370443",4,0.87218635234114594,-0.0044889870060065284,127,127
fixed_test,5,3,apriori|3|07,"370407, ac370419, ac370443",5,0.87218635234114594,0.0038185821135859888,127,127
fixed_test,5,3,apriori|3|07,"370407, ac370419, ac370443",6,0.87218635234114594,-0.00042689878556290139,127,127
fixed_test,5,3,apriori|3|07,"370407, ac370419, ac370443",7,0.87218635234114594,-0.00042689878556290139,127,127
fixed_test,5,3,apriori|3|07,"370407, ac370419, ac370443",8,0.87218635234114594,0.0039113052927310932,127,127
fixed_test,5,3,apriori|3|07,"370407, ac370419, ac370443",9,0.87218635234114594,-0.00030588692123656447,127,127
fixed_test,5,3,apriori|3|08,"370407, ac370000, ac370442",0,0.87218635234114594,0.0040256137434605543,124,124
fixed_test,5,3,apriori|3|08,"370407, ac370000, ac370442",1,0.87218635234114594,0.012960093083598578,124,124
fixed_test,5,3,apriori|3|08,"370407, ac370000, ac370442",2,0.87218635234114594,0.017143687265925522,124,124
fixed_test,5,3,apriori|3|08,"370407, ac370000, ac370442",3,0.87218635234114594,0.012814897836948003,124,124
fixed_test,5,3,apriori|3|08,"370407, ac370000, ac370442",4,0.87218635234114594,0.012814897836948003,124,124
fixed_test,5,3,apriori|3|08,"370407, ac370000, ac370442",5,0.87218635234114594,0.017143687265925522,124,124
fixed_test,5,3,apriori|3|08,"370407, ac370000, ac370442",6,0.87218635234114594,0.0041617342871953511,124,124
fixed_test,5,3,apriori|3|08,"370407, ac370000, ac370442",7,0.87218635234114594,0.0041617342871953511,124,124
fixed_test,5,3,apriori|3|08,"370407, ac370000, ac370442",8,0.87218635234114594,-0.0046366245092079872,124,124
fixed_test,5,3,apriori|3|08,"370407, ac370000, ac370442",9,0.87218635234114594,0.030145028068073954,124,124
fixed_test,5,3,apriori|3|09,"370407, ac370419, ac370442",0,0.87218635234114594,0.021474632352942669,124,124
fixed_test,5,3,apriori|3|09,"370407, ac370419, ac370442",1,0.87218635234114594,0.012814897836948003,124,124
fixed_test,5,3,apriori|3|09,"370407, ac370419, ac370442",2,0.87218635234114594,0.012692968822836881,124,124
fixed_test,5,3,apriori|3|09,"370407, ac370419, ac370442",3,0.87218635234114594,0.030393466023923232,124,124
fixed_test,5,3,apriori|3|09,"370407, ac370419, ac370442",4,0.87218635234114594,-0.0047636703500272271,124,124
fixed_test,5,3,apriori|3|09,"370407, ac370419, ac370442",5,0.87218635234114594,0.012814897836948003,124,124
fixed_test,5,3,apriori|3|09,"370407, ac370419, ac370442",6,0.87218635234114594,0.012692968822836881,124,124
fixed_test,5,3,apriori|3|09,"370407, ac370419, ac370442",7,0.87218635234114594,0.012594064098415125,124,124
fixed_test,5,3,apriori|3|09,"370407, ac370419, ac370442",8,0.87218635234114594,0.017029849465900582,124,124
fixed_test,5,3,apriori|3|09,"370407, ac370419, ac370442",9,0.87218635234114594,0.025808243231037253,124,124
fixed_test,5,3,apriori|3|10,"370407, ac370442, ac370443",0,0.87218635234114594,-0.0089671185024220446,124,124
fixed_test,5,3,apriori|3|10,"370407, ac370442, ac370443",1,0.87218635234114594,0.0084877517503232358,124,124
fixed_test,5,3,apriori|3|10,"370407, ac370442, ac370443",2,0.87218635234114594,0.017029849465900582,124,124
fixed_test,5,3,apriori|3|10,"370407, ac370442, ac370443",3,0.87218635234114594,-0.00042689878556290139,124,124
fixed_test,5,3,apriori|3|10,"370407, ac370442, ac370443",4,0.87218635234114594,0.0040256137434605543,124,124
fixed_test,5,3,apriori|3|10,"370407, ac370442, ac370443",5,0.87218635234114594,0.017281390421883036,124,124
fixed_test,5,3,apriori|3|10,"370407, ac370442, ac370443",6,0.87218635234114594,0.008251455700764021,124,124
fixed_test,5,3,apriori|3|10,"370407, ac370442, ac370443",7,0.87218635234114594,0.021604181930435784,124,124
fixed_test,5,3,apriori|3|10,"370407, ac370442, ac370443",8,0.87218635234114594,0.017281390421883036,124,124
fixed_test,5,3,apriori|3|10,"370407, ac370442, ac370443",9,0.87218635234114594,-0.00030588692123656447,124,124
fixed_test,5,3,impressed|1|01,376400,0,0.87218635234114594,-0.0044889870060065284,64,61
fixed_test,5,3,impressed|1|01,376400,1,0.87218635234114594,0.0090129273500814122,64,59
fixed_test,5,3,impressed|1|01,376400,2,0.87218635234114594,0.0045004375827970566,64,59
fixed_test,5,3,impressed|1|01,376400,3,0.87218635234114594,0,64,61
fixed_test,5,3,impressed|1|01,376400,4,0.87218635234114594,0.0045004375827970566,64,61
fixed_test,5,3,impressed|1|01,376400,5,0.87218635234114594,0.0045004375827970566,64,59
fixed_test,5,3,impressed|1|01,376400,6,0.87218635234114594,0.0045004375827970566,64,57
fixed_test,5,3,impressed|1|01,376400,7,0.87218635234114594,0.0045004375827970566,64,61
fixed_test,5,3,impressed|1|01,376400,8,0.87218635234114594,0,64,58
fixed_test,5,3,impressed|1|01,376400,9,0.87218635234114594,0.0045004375827970566,64,62
fixed_test,5,3,impressed|1|02,ac419100,0,0.87218635234114594,0.0040256137434605543,149,128
fixed_test,5,3,impressed|1|02,ac419100,1,0.87218635234114594,-0.0046366245092079872,149,117
fixed_test,5,3,impressed|1|02,ac419100,2,0.87218635234114594,-0.01365202176748026,149,130
fixed_test,5,3,impressed|1|02,ac419100,3,0.87218635234114594,-0.026782777862795593,149,126
fixed_test,5,3,impressed|1|02,ac419100,4,0.87218635234114594,-0.017893164264356165,149,120
fixed_test,5,3,impressed|1|02,ac419100,5,0.87218635234114594,-0.017893164264356165,149,129
fixed_test,5,3,impressed|1|02,ac419100,6,0.87218635234114594,-0.00042689878556290139,149,127
fixed_test,5,3,impressed|1|02,ac419100,7,0.87218635234114594,-0.0048703582373744725,149,120
fixed_test,5,3,impressed|1|02,ac419100,8,0.87218635234114594,-0.013434983305611436,149,124
fixed_test,5,3,impressed|1|02,ac419100,9,0.87218635234114594,-0.0090995255927963647,149,126
fixed_test,5,3,impressed|1|03,ac370000,0,0.87218635234114594,-0.020963110739059765,163,161
fixed_test,5,3,impressed|1|03,ac370000,1,0.87218635234114594,-0.012058899329077,163,160
fixed_test,5,3,impressed|1|03,ac370000,2,0.87218635234114594,-0.030468514915491185,163,158
fixed_test,5,3,impressed|1|03,ac370000,3,0.87218635234114594,-0.01255322195464903,163,161
fixed_test,5,3,impressed|1|03,ac370000,4,0.87218635234114594,-0.025750091004898334,163,162
fixed_test,5,3,impressed|1|03,ac370000,5,0.87218635234114594,-0.021618957393367277,163,161
fixed_test,5,3,impressed|1|03,ac370000,6,0.87218635234114594,-0.0036870353620179763,163,160
fixed_test,5,3,impressed|1|03,ac370000,7,0.87218635234114594,-0.017629468642600621,163,159
fixed_test,5,3,impressed|1|03,ac370000,8,0.87218635234114594,-0.021200902350904882,163,160
fixed_test,5,3,impressed|1|03,ac370000,9,0.87218635234114594,-0.013297891338352796,163,161
fixed_test,5,3,impressed|1|04,ac415100,0,0.87218635234114594,0,49,46
fixed_test,5,3,impressed|1|04,ac415100,1,0.87218635234114594,-0.0044889870060065284,49,44
fixed_test,5,3,impressed|1|04,ac415100,2,0.87218635234114594,0.0041617342871953511,49,47
fixed_test,5,3,impressed|1|04,ac415100,3,0.87218635234114594,0.0086397747059381302,49,47
fixed_test,5,3,impressed|1|04,ac415100,4,0.87218635234114594,-0.0044889870060065284,49,42
fixed_test,5,3,impressed|1|04,ac415100,5,0.87218635234114594,-0.012965370767052953,49,47
fixed_test,5,3,impressed|1|04,ac415100,6,0.87218635234114594,-0.00016367189824195716,49,46
fixed_test,5,3,impressed|1|04,ac415100,7,0.87218635234114594,-0.0044889870060065284,49,46
fixed_test,5,3,impressed|1|04,ac415100,8,0.87218635234114594,-0.0043205014333130842,49,46
fixed_test,5,3,impressed|1|04,ac415100,9,0.87218635234114594,0.0043199173263397395,49,47
fixed_test,5,3,impressed|1|05,ac10307,0,0.87218635234114594,0,29,24
fixed_test,5,3,impressed|1|05,ac10307,1,0.87218635234114594,0.0045004375827970566,29,26
fixed_test,5,3,impressed|1|05,ac10307,2,0.87218635234114594,-0.0044889870060065284,29,26
fixed_test,5,3,impressed|1|05,ac10307,3,0.87218635234114594,0,29,24
fixed_test,5,3,impressed|1|05,ac10307,4,0.87218635234114594,0,29,25
fixed_test,5,3,impressed|1|05,ac10307,5,0.87218635234114594,-0.0044889870060065284,29,25
fixed_test,5,3,impressed|1|05,ac10307,6,0.87218635234114594,0.0045004375827970566,29,26
fixed_test,5,3,impressed|1|05,ac10307,7,0.87218635234114594,0.0045004375827970566,29,23
fixed_test,5,3,impressed|1|05,ac10307,8,0.87218635234114594,-0.0044889870060065284,29,23
fixed_test,5,3,impressed|1|05,ac10307,9,0.87218635234114594,0.0045004375827970566,29,23
fixed_test,5,3,impressed|1|06,ac355427,0,0.87218635234114594,0,6,5
fixed_test,5,3,impressed|1|06,ac355427,1,0.87218635234114594,0,6,6
fixed_test,5,3,impressed|1|06,ac355427,2,0.87218635234114594,0,6,4
fixed_test,5,3,impressed|1|06,ac355427,3,0.87218635234114594,0,6,4
fixed_test,5,3,impressed|1|06,ac355427,4,0.87218635234114594,0,6,6
fixed_test,5,3,impressed|1|06,ac355427,5,0.87218635234114594,0,6,5
fixed_test,5,3,impressed|1|06,ac355427,6,0.87218635234114594,0,6,5
fixed_test,5,3,impressed|1|06,ac355427,7,0.87218635234114594,0,6,6
fixed_test,5,3,impressed|1|06,ac355427,8,0.87218635234114594,0,6,4
fixed_test,5,3,impressed|1|06,ac355427,9,0.87218635234114594,0,6,5
fixed_test,5,3,impressed|1|07,337419c,0,0.87218635234114594,0,0,0
fixed_test,5,3,impressed|1|07,337419c,1,0.87218635234114594,0,0,0
fixed_test,5,3,impressed|1|07,337419c,2,0.87218635234114594,0,0,0
fixed_test,5,3,impressed|1|07,337419c,3,0.87218635234114594,0,0,0
fixed_test,5,3,impressed|1|07,337419c,4,0.87218635234114594,0,0,0
fixed_test,5,3,impressed|1|07,337419c,5,0.87218635234114594,0,0,0
fixed_test,5,3,impressed|1|07,337419c,6,0.87218635234114594,0,0,0
fixed_test,5,3,impressed|1|07,337419c,7,0.87218635234114594,0,0,0
fixed_test,5,3,impressed|1|07,337419c,8,0.87218635234114594,0,0,0
fixed_test,5,3,impressed|1|07,337419c,9,0.87218635234114594,0,0,0
fixed_test,5,3,impressed|1|08,ac411100,0,0.87218635234114594,-0.00016367189824195716,102,93
fixed_test,5,3,impressed|1|08,ac411100,1,0.87218635234114594,0.0043199173263397395,102,90
fixed_test,5,3,impressed|1|08,ac411100,2,0.87218635234114594,-0.013434983305611436,102,90
fixed_test,5,3,impressed|1|08,ac411100,3,0.87218635234114594,-0.013297891338352796,102,92
fixed_test,5,3,impressed|1|08,ac411100,4,0.87218635234114594,0.0086397747059381302,102,88
fixed_test,5,3,impressed|1|08,ac411100,5,0.87218635234114594,-0.0089671185024220446,102,93
fixed_test,5,3,impressed|1|08,ac411100,6,0.87218635234114594,0.00018540638176312019,102,91
fixed_test,5,3,impressed|1|08,ac411100,7,0.87218635234114594,-0.0044889870060065284,102,91
fixed_test,5,3,impressed|1|08,ac411100,8,0.87218635234114594,-0.0089671185024220446,102,91
fixed_test,5,3,impressed|1|08,ac411100,9,0.87218635234114594,-0.0086421145865552829,102,97
fixed_test,5,3,impressed|1|09,370407,0,0.87218635234114594,-0.0043205014333130842,140,135
fixed_test,5,3,impressed|1|09,370407,1,0.87218635234114594,-0.0043205014333130842,140,133
fixed_test,5,3,impressed|1|09,370407,2,0.87218635234114594,0.0040256137434605543,140,138
fixed_test,5,3,impressed|1|09,370407,3,0.87218635234114594,-0.00030588692123656447,140,136
fixed_test,5,3,impressed|1|09,370407,4,0.87218635234114594,-0.00030588692123656447,140,137
fixed_test,5,3,impressed|1|09,370407,5,0.87218635234114594,0,140,136
fixed_test,5,3,impressed|1|09,370407,6,0.87218635234114594,-0.0046366245092079872,140,134
fixed_test,5,3,impressed|1|09,370407,7,0.87218635234114594,-0.0044889870060065284,140,135
fixed_test,5,3,impressed|1|09,370407,8,0.87218635234114594,-0.0088147343213001994,140,133
fixed_test,5,3,impressed|1|09,370407,9,0.87218635234114594,-0.0089671185024220446,140,135
fixed_test,5,3,impressed|1|10,ac378449,0,0.87218635234114594,0,3,1
fixed_test,5,3,impressed|1|10,ac378449,1,0.87218635234114594,0,3,2
fixed_test,5,3,impressed|1|10,ac378449,2,0.87218635234114594,0,3,2
fixed_test,5,3,impressed|1|10,ac378449,3,0.87218635234114594,0,3,1
fixed_test,5,3,impressed|1|10,ac378449,4,0.87218635234114594,0,3,2
fixed_test,5,3,impressed|1|10,ac378449,5,0.87218635234114594,0,3,2
fixed_test,5,3,impressed|1|10,ac378449,6,0.87218635234114594,0,3,2
fixed_test,5,3,impressed|1|10,ac378449,7,0.87218635234114594,0,3,1
fixed_test,5,3,impressed|1|10,ac378449,8,0.87218635234114594,0,3,1
fixed_test,5,3,impressed|1|10,ac378449,9,0.87218635234114594,0,3,2
fixed_test,5,3,impressed|2|01,"370715a, 376400",0,0.87218635234114594,0,53,53
fixed_test,5,3,impressed|2|01,"370715a, 376400",1,0.87218635234114594,0,53,53
fixed_test,5,3,impressed|2|01,"370715a, 376400",2,0.87218635234114594,0,53,53
fixed_test,5,3,impressed|2|01,"370715a, 376400",3,0.87218635234114594,0,53,53
fixed_test,5,3,impressed|2|01,"370715a, 376400",4,0.87218635234114594,0,53,53
fixed_test,5,3,impressed|2|01,"370715a, 376400",5,0.87218635234114594,0,53,53
fixed_test,5,3,impressed|2|01,"370715a, 376400",6,0.87218635234114594,0,53,53
fixed_test,5,3,impressed|2|01,"370715a, 376400",7,0.87218635234114594,-0.0044889870060065284,53,53
fixed_test,5,3,impressed|2|01,"370715a, 376400",8,0.87218635234114594,0,53,52
fixed_test,5,3,impressed|2|01,"370715a, 376400",9,0.87218635234114594,-0.0044889870060065284,53,53
fixed_test,5,3,impressed|2|02,"370712b, 376400",0,0.87218635234114594,0,54,53
fixed_test,5,3,impressed|2|02,"370712b, 376400",1,0.87218635234114594,0,54,53
fixed_test,5,3,impressed|2|02,"370712b, 376400",2,0.87218635234114594,0,54,53
fixed_test,5,3,impressed|2|02,"370712b, 376400",3,0.87218635234114594,0,54,53
fixed_test,5,3,impressed|2|02,"370712b, 376400",4,0.87218635234114594,0,54,53
fixed_test,5,3,impressed|2|02,"370712b, 376400",5,0.87218635234114594,0,54,52
fixed_test,5,3,impressed|2|02,"370712b, 376400",6,0.87218635234114594,0,54,53
fixed_test,5,3,impressed|2|02,"370712b, 376400",7,0.87218635234114594,0,54,52
fixed_test,5,3,impressed|2|02,"370712b, 376400",8,0.87218635234114594,0,54,52
fixed_test,5,3,impressed|2|02,"370712b, 376400",9,0.87218635234114594,0,54,51
fixed_test,5,3,impressed|2|03,"ac411100, ac419100",0,0.87218635234114594,-0.026574011710782552,88,77
fixed_test,5,3,impressed|2|03,"ac411100, ac419100",1,0.87218635234114594,-0.022233342102014664,88,80
fixed_test,5,3,impressed|2|03,"ac411100, ac419100",2,0.87218635234114594,-0.013552954443514897,88,76
fixed_test,5,3,impressed|2|03,"ac411100, ac419100",3,0.87218635234114594,-0.022233342102014664,88,82
fixed_test,5,3,impressed|2|03,"ac411100, ac419100",4,0.87218635234114594,-0.0048703582373744725,88,78
fixed_test,5,3,impressed|2|03,"ac411100, ac419100",5,0.87218635234114594,-0.0090995255927963647,88,76
fixed_test,5,3,impressed|2|03,"ac411100, ac419100",6,0.87218635234114594,-0.013552954443514897,88,74
fixed_test,5,3,impressed|2|03,"ac411100, ac419100",7,0.87218635234114594,-0.022233342102014664,88,84
fixed_test,5,3,impressed|2|03,"ac411100, ac419100",8,0.87218635234114594,-0.017893164264356165,88,81
fixed_test,5,3,impressed|2|03,"ac411100, ac419100",9,0.87218635234114594,-0.013552954443514897,88,83
fixed_test,5,3,impressed|2|04,"370401c, ac370000",0,0.87218635234114594,0.01762946864260051,114,112
fixed_test,5,3,impressed|2|04,"370401c, ac370000",1,0.87218635234114594,0.0043199173263397395,114,113
fixed_test,5,3,impressed|2|04,"370401c, ac370000",2,0.87218635234114594,0.0045004375827970566,114,113
fixed_test,5,3,impressed|2|04,"370401c, ac370000",3,0.87218635234114594,-0.0043205014333130842,114,114
fixed_test,5,3,impressed|2|04,"370401c, ac370000",4,0.87218635234114594,0.013128821658685896,114,114
fixed_test,5,3,impressed|2|04,"370401c, ac370000",5,0.87218635234114594,0.0088147343213003104,114,113
fixed_test,5,3,impressed|2|04,"370401c, ac370000",6,0.87218635234114594,0.0045004375827970566,114,114
fixed_test,5,3,impressed|2|04,"370401c, ac370000",7,0.87218635234114594,0.0088147343213003104,114,111
fixed_test,5,3,impressed|2|04,"370401c, ac370000",8,0.87218635234114594,0.00018540638176312019,114,114
fixed_test,5,3,impressed|2|04,"370401c, ac370000",9,0.87218635234114594,0,114,114
fixed_test,5,3,impressed|2|05,"ac370000, ac370403",0,0.87218635234114594,0.0088147343213003104,120,120
fixed_test,5,3,impressed|2|05,"ac370000, ac370403",1,0.87218635234114594,-0.0044889870060065284,120,120
fixed_test,5,3,impressed|2|05,"ac370000, ac370403",2,0.87218635234114594,0.017281390421883036,120,119
fixed_test,5,3,impressed|2|05,"ac370000, ac370403",3,0.87218635234114594,0.0045004375827970566,120,118
fixed_test,5,3,impressed|2|05,"ac370000, ac370403",4,0.87218635234114594,-0.017629468642600621,120,120
fixed_test,5,3,impressed|2|05,"ac370000, ac370403",5,0.87218635234114594,-0.0043205014333130842,120,118
fixed_test,5,3,impressed|2|05,"ac370000, ac370403",6,0.87218635234114594,0.00039284956701901574,120,118
fixed_test,5,3,impressed|2|05,"ac370000, ac370403",7,0.87218635234114594,0.013128821658685896,120,120
fixed_test,5,3,impressed|2|05,"ac370000, ac370403",8,0.87218635234114594,0,120,118
fixed_test,5,3,impressed|2|05,"ac370000, ac370403",9,0.87218635234114594,0.0086397747059381302,120,120
fixed_test,5,3,impressed|2|06,"ac411100, ac415100",0,0.87218635234114594,0,42,38
fixed_test,5,3,impressed|2|06,"ac411100, ac415100",1,0.87218635234114594,-0.0086421145865552829,42,38
fixed_test,5,3,impressed|2|06,"ac411100, ac415100",2,0.87218635234114594,-0.0043205014333130842,42,41
fixed_test,5,3,impressed|2|06,"ac411100, ac415100",3,0.87218635234114594,0.0084877517503232358,42,42
fixed_test,5,3,impressed|2|06,"ac411100, ac415100",4,0.87218635234114594,-0.013297891338352796,42,40
fixed_test,5,3,impressed|2|06,"ac411100, ac415100",5,0.87218635234114594,0.00018540638176312019,42,39
fixed_test,5,3,impressed|2|06,"ac411100, ac415100",6,0.87218635234114594,0.0041617342871953511,42,41
fixed_test,5,3,impressed|2|06,"ac411100, ac415100",7,0.87218635234114594,0.012960093083598578,42,40
fixed_test,5,3,impressed|2|06,"ac411100, ac415100",8,0.87218635234114594,0.0086397747059381302,42,41
fixed_test,5,3,impressed|2|06,"ac411100, ac415100",9,0.87218635234114594,0.0041617342871953511,42,39
fixed_test,5,3,impressed|2|07,"ac415100, ac419100",0,0.87218635234114594,-0.013434983305611436,44,41
fixed_test,5,3,impressed|2|07,"ac415100, ac419100",1,0.87218635234114594,-0.013297891338352796,44,41
fixed_test,5,3,impressed|2|07,"ac415100, ac419100",2,0.87218635234114594,-0.00030588692123656447,44,40
fixed_test,5,3,impressed|2|07,"ac415100, ac419100",3,0.87218635234114594,-0.0089671185024220446,44,41
fixed_test,5,3,impressed|2|07,"ac415100, ac419100",4,0.87218635234114594,-0.0046366245092079872,44,40
fixed_test,5,3,impressed|2|07,"ac415100, ac419100",5,0.87218635234114594,-0.0089671185024220446,44,41
fixed_test,5,3,impressed|2|07,"ac415100, ac419100",6,0.87218635234114594,-0.0090995255927963647,44,41
fixed_test,5,3,impressed|2|07,"ac415100, ac419100",7,0.87218635234114594,-0.0090995255927963647,44,42
fixed_test,5,3,impressed|2|07,"ac415100, ac419100",8,0.87218635234114594,-0.0047636703500272271,44,40
fixed_test,5,3,impressed|2|07,"ac415100, ac419100",9,0.87218635234114594,-0.0089671185024220446,44,41
fixed_test,5,3,impressed|2|08,"ac10307, ac419100",0,0.87218635234114594,-0.0089671185024220446,24,22
fixed_test,5,3,impressed|2|08,"ac10307, ac419100",1,0.87218635234114594,-0.0089671185024220446,24,23
fixed_test,5,3,impressed|2|08,"ac10307, ac419100",2,0.87218635234114594,-0.0044889870060065284,24,23
fixed_test,5,3,impressed|2|08,"ac10307, ac419100",3,0.87218635234114594,-0.0044889870060065284,24,23
fixed_test,5,3,impressed|2|08,"ac10307, ac419100",4,0.87218635234114594,-0.0089671185024220446,24,23
fixed_test,5,3,impressed|2|08,"ac10307, ac419100",5,0.87218635234114594,-0.0044889870060065284,24,24
fixed_test,5,3,impressed|2|08,"ac10307, ac419100",6,0.87218635234114594,0,24,23
fixed_test,5,3,impressed|2|08,"ac10307, ac419100",7,0.87218635234114594,-0.0089671185024220446,24,23
fixed_test,5,3,impressed|2|08,"ac10307, ac419100",8,0.87218635234114594,-0.0089671185024220446,24,23
fixed_test,5,3,impressed|2|08,"ac10307, ac419100",9,0.87218635234114594,-0.0044889870060065284,24,19
fixed_test,5,3,impressed|2|09,"ac10307, ac411100",0,0.87218635234114594,-0.0089671185024220446,27,26
fixed_test,5,3,impressed|2|09,"ac10307, ac411100",1,0.87218635234114594,0,27,27
fixed_test,5,3,impressed|2|09,"ac10307, ac411100",2,0.87218635234114594,-0.0044889870060065284,27,25
fixed_test,5,3,impressed|2|09,"ac10307, ac411100",3,0.87218635234114594,-0.0046366245092079872,27,26
fixed_test,5,3,impressed|2|09,"ac10307, ac411100",4,0.87218635234114594,-0.013434983305611436,27,27
fixed_test,5,3,impressed|2|09,"ac10307, ac411100",5,0.87218635234114594,-0.0044889870060065284,27,26
fixed_test,5,3,impressed|2|09,"ac10307, ac411100",6,0.87218635234114594,-0.0044889870060065284,27,25
fixed_test,5,3,impressed|2|09,"ac10307, ac411100",7,0.87218635234114594,0,27,27
fixed_test,5,3,impressed|2|09,"ac10307, ac411100",8,0.87218635234114594,-0.0044889870060065284,27,25
fixed_test,5,3,impressed|2|09,"ac10307, ac411100",9,0.87218635234114594,-0.0089671185024220446,27,27
fixed_test,5,3,impressed|2|10,"ac355201, ac415100",0,0.87218635234114594,-0.0086421145865552829,7,7
fixed_test,5,3,impressed|2|10,"ac355201, ac415100",1,0.87218635234114594,-0.00016367189824195716,7,7
fixed_test,5,3,impressed|2|10,"ac355201, ac415100",2,0.87218635234114594,0.0043199173263397395,7,7
fixed_test,5,3,impressed|2|10,"ac355201, ac415100",3,0.87218635234114594,-0.0086421145865552829,7,7
fixed_test,5,3,impressed|2|10,"ac355201, ac415100",4,0.87218635234114594,-0.0044889870060065284,7,7
fixed_test,5,3,impressed|2|10,"ac355201, ac415100",5,0.87218635234114594,-0.0043205014333130842,7,7
fixed_test,5,3,impressed|2|10,"ac355201, ac415100",6,0.87218635234114594,-0.0086421145865552829,7,7
fixed_test,5,3,impressed|2|10,"ac355201, ac415100",7,0.87218635234114594,-0.0088147343213001994,7,7
fixed_test,5,3,impressed|2|10,"ac355201, ac415100",8,0.87218635234114594,-0.0043205014333130842,7,7
fixed_test,5,3,impressed|2|10,"ac355201, ac415100",9,0.87218635234114594,-0.0043205014333130842,7,7
fixed_test,5,3,impressed|3|01,"376400, 377498a, ac372417",0,0.87218635234114594,0,51,51
fixed_test,5,3,impressed|3|01,"376400, 377498a, ac372417",1,0.87218635234114594,0,51,51
fixed_test,5,3,impressed|3|01,"376400, 377498a, ac372417",2,0.87218635234114594,0,51,51
fixed_test,5,3,impressed|3|01,"376400, 377498a, ac372417",3,0.87218635234114594,0,51,51
fixed_test,5,3,impressed|3|01,"376400, 377498a, ac372417",4,0.87218635234114594,0,51,51
fixed_test,5,3,impressed|3|01,"376400, 377498a, ac372417",5,0.87218635234114594,0,51,50
fixed_test,5,3,impressed|3|01,"376400, 377498a, ac372417",6,0.87218635234114594,0,51,51
fixed_test,5,3,impressed|3|01,"376400, 377498a, ac372417",7,0.87218635234114594,0,51,51
fixed_test,5,3,impressed|3|01,"376400, 377498a, ac372417",8,0.87218635234114594,0,51,51
fixed_test,5,3,impressed|3|01,"376400, 377498a, ac372417",9,0.87218635234114594,0,51,51
fixed_test,5,3,impressed|3|02,"ac411100, ac415100, ac419100",0,0.87218635234114594,-0.017629468642600621,34,34
fixed_test,5,3,impressed|3|02,"ac411100, ac415100, ac419100",1,0.87218635234114594,-0.0090995255927963647,34,34
fixed_test,5,3,impressed|3|02,"ac411100, ac415100, ac419100",2,0.87218635234114594,-0.017770565106602132,34,34
fixed_test,5,3,impressed|3|02,"ac411100, ac415100, ac419100",3,0.87218635234114594,-0.013434983305611436,34,34
fixed_test,5,3,impressed|3|02,"ac411100, ac415100, ac419100",4,0.87218635234114594,-0.013434983305611436,34,34
fixed_test,5,3,impressed|3|02,"ac411100, ac415100, ac419100",5,0.87218635234114594,-0.0090995255927963647,34,34
fixed_test,5,3,impressed|3|02,"ac411100, ac415100, ac419100",6,0.87218635234114594,-0.017629468642600621,34,33
fixed_test,5,3,impressed|3|02,"ac411100, ac415100, ac419100",7,0.87218635234114594,-0.0046366245092079872,34,34
fixed_test,5,3,impressed|3|02,"ac411100, ac415100, ac419100",8,0.87218635234114594,-0.0046366245092079872,34,34
fixed_test,5,3,impressed|3|02,"ac411100, ac415100, ac419100",9,0.87218635234114594,-0.017770565106602132,34,34
fixed_test,5,3,impressed|3|03,"ac10307, ac411100, ac419100",0,0.87218635234114594,-0.0089671185024220446,22,22
fixed_test,5,3,impressed|3|03,"ac10307, ac411100, ac419100",1,0.87218635234114594,-0.0044889870060065284,22,22
fixed_test,5,3,impressed|3|03,"ac10307, ac411100, ac419100",2,0.87218635234114594,-0.0044889870060065284,22,20
fixed_test,5,3,impressed|3|03,"ac10307, ac411100, ac419100",3,0.87218635234114594,0.0045004375827970566,22,21
fixed_test,5,3,impressed|3|03,"ac10307, ac411100, ac419100",4,0.87218635234114594,-0.0088147343213001994,22,22
fixed_test,5,3,impressed|3|03,"ac10307, ac411100, ac419100",5,0.87218635234114594,-0.0044889870060065284,22,22
fixed_test,5,3,impressed|3|03,"ac10307, ac411100, ac419100",6,0.87218635234114594,-0.0044889870060065284,22,22
fixed_test,5,3,impressed|3|03,"ac10307, ac411100, ac419100",7,0.87218635234114594,0,22,22
fixed_test,5,3,impressed|3|03,"ac10307, ac411100, ac419100",8,0.87218635234114594,-0.0089671185024220446,22,22
fixed_test,5,3,impressed|3|03,"ac10307, ac411100, ac419100",9,0.87218635234114594,-0.0044889870060065284,22,21
fixed_test,5,3,impressed|3|04,"ac356134, ac411100, ac419100",0,0.87218635234114594,0,10,10
fixed_test,5,3,impressed|3|04,"ac356134, ac411100, ac419100",1,0.87218635234114594,0,10,10
fixed_test,5,3,impressed|3|04,"ac356134, ac411100, ac419100",2,0.87218635234114594,-0.0043205014333130842,10,10
fixed_test,5,3,impressed|3|04,"ac356134, ac411100, ac419100",3,0.87218635234114594,0,10,10
fixed_test,5,3,impressed|3|04,"ac356134, ac411100, ac419100",4,0.87218635234114594,-0.0043205014333130842,10,10
fixed_test,5,3,impressed|3|04,"ac356134, ac411100, ac419100",5,0.87218635234114594,-0.0043205014333130842,10,10
fixed_test,5,3,impressed|3|04,"ac356134, ac411100, ac419100",6,0.87218635234114594,-0.0043205014333130842,10,10
fixed_test,5,3,impressed|3|04,"ac356134, ac411100, ac419100",7,0.87218635234114594,-0.0043205014333130842,10,10
fixed_test,5,3,impressed|3|04,"ac356134, ac411100, ac419100",8,0.87218635234114594,-0.0043205014333130842,10,10
fixed_test,5,3,impressed|3|04,"ac356134, ac411100, ac419100",9,0.87218635234114594,-0.0043205014333130842,10,10
fixed_test,5,3,impressed|3|05,"ac355201, ac415100, ac419100",0,0.87218635234114594,-0.0088147343213001994,7,7
fixed_test,5,3,impressed|3|05,"ac355201, ac415100, ac419100",1,0.87218635234114594,-0.0044889870060065284,7,7
fixed_test,5,3,impressed|3|05,"ac355201, ac415100, ac419100",2,0.87218635234114594,-0.0043205014333130842,7,7
fixed_test,5,3,impressed|3|05,"ac355201, ac415100, ac419100",3,0.87218635234114594,0.0043199173263397395,7,7
fixed_test,5,3,impressed|3|05,"ac355201, ac415100, ac419100",4,0.87218635234114594,-0.0088147343213001994,7,7
fixed_test,5,3,impressed|3|05,"ac355201, ac415100, ac419100",5,0.87218635234114594,-0.0044889870060065284,7,7
fixed_test,5,3,impressed|3|05,"ac355201, ac415100, ac419100",6,0.87218635234114594,-0.0044889870060065284,7,7
fixed_test,5,3,impressed|3|05,"ac355201, ac415100, ac419100",7,0.87218635234114594,-0.0043205014333130842,7,7
fixed_test,5,3,impressed|3|05,"ac355201, ac415100, ac419100",8,0.87218635234114594,-0.0043205014333130842,7,7
fixed_test,5,3,impressed|3|05,"ac355201, ac415100, ac419100",9,0.87218635234114594,-0.0044889870060065284,7,7
fixed_test,5,3,impressed|3|06,"ac355201, ac411100, ac419100",0,0.87218635234114594,-0.0044889870060065284,8,8
fixed_test,5,3,impressed|3|06,"ac355201, ac411100, ac419100",1,0.87218635234114594,0,8,8
fixed_test,5,3,impressed|3|06,"ac355201, ac411100, ac419100",2,0.87218635234114594,-0.0043205014333130842,8,8
fixed_test,5,3,impressed|3|06,"ac355201, ac411100, ac419100",3,0.87218635234114594,-0.0044889870060065284,8,8
fixed_test,5,3,impressed|3|06,"ac355201, ac411100, ac419100",4,0.87218635234114594,-0.0043205014333130842,8,8
fixed_test,5,3,impressed|3|06,"ac355201, ac411100, ac419100",5,0.87218635234114594,-0.0086421145865552829,8,8
fixed_test,5,3,impressed|3|06,"ac355201, ac411100, ac419100",6,0.87218635234114594,0.0043199173263397395,8,8
fixed_test,5,3,impressed|3|06,"ac355201, ac411100, ac419100",7,0.87218635234114594,-0.0088147343213001994,8,8
fixed_test,5,3,impressed|3|06,"ac355201, ac411100, ac419100",8,0.87218635234114594,-0.0043205014333130842,8,8
fixed_test,5,3,impressed|3|06,"ac355201, ac411100, ac419100",9,0.87218635234114594,0,8,8
fixed_test,5,3,impressed|3|07,"ac355427, ac411100, ac419100",0,0.87218635234114594,0,5,5
fixed_test,5,3,impressed|3|07,"ac355427, ac411100, ac419100",1,0.87218635234114594,0,5,5
fixed_test,5,3,impressed|3|07,"ac355427, ac411100, ac419100",2,0.87218635234114594,-0.0044889870060065284,5,5
fixed_test,5,3,impressed|3|07,"ac355427, ac411100, ac419100",3,0.87218635234114594,-0.0044889870060065284,5,5
fixed_test,5,3,impressed|3|07,"ac355427, ac411100, ac419100",4,0.87218635234114594,-0.0044889870060065284,5,5
fixed_test,5,3,impressed|3|07,"ac355427, ac411100, ac419100",5,0.87218635234114594,-0.0044889870060065284,5,5
fixed_test,5,3,impressed|3|07,"ac355427, ac411100, ac419100",6,0.87218635234114594,-0.0044889870060065284,5,5
fixed_test,5,3,impressed|3|07,"ac355427, ac411100, ac419100",7,0.87218635234114594,-0.0044889870060065284,5,5
fixed_test,5,3,impressed|3|07,"ac355427, ac411100, ac419100",8,0.87218635234114594,-0.0044889870060065284,5,5
fixed_test,5,3,impressed|3|07,"ac355427, ac411100, ac419100",9,0.87218635234114594,-0.0044889870060065284,5,5
fixed_test,5,3,impressed|3|08,"376400, ac370000, ac411100",0,0.87218635234114594,-0.0044889870060065284,5,5
fixed_test,5,3,impressed|3|08,"376400, ac370000, ac411100",1,0.87218635234114594,0,5,5
fixed_test,5,3,impressed|3|08,"376400, ac370000, ac411100",2,0.87218635234114594,0,5,5
fixed_test,5,3,impressed|3|08,"376400, ac370000, ac411100",3,0.87218635234114594,-0.0044889870060065284,5,5
fixed_test,5,3,impressed|3|08,"376400, ac370000, ac411100",4,0.87218635234114594,0,5,5
fixed_test,5,3,impressed|3|08,"376400, ac370000, ac411100",5,0.87218635234114594,-0.0044889870060065284,5,5
fixed_test,5,3,impressed|3|08,"376400, ac370000, ac411100",6,0.87218635234114594,0,5,5
fixed_test,5,3,impressed|3|08,"376400, ac370000, ac411100",7,0.87218635234114594,0,5,5
fixed_test,5,3,impressed|3|08,"376400, ac370000, ac411100",8,0.87218635234114594,0,5,5
fixed_test,5,3,impressed|3|08,"376400, ac370000, ac411100",9,0.87218635234114594,0,5,5
fixed_test,5,3,impressed|3|09,"376400, ac370419, ac378452",0,0.87218635234114594,0,2,2
fixed_test,5,3,impressed|3|09,"376400, ac370419, ac378452",1,0.87218635234114594,0,2,2
fixed_test,5,3,impressed|3|09,"376400, ac370419, ac378452",2,0.87218635234114594,0,2,2
fixed_test,5,3,impressed|3|09,"376400, ac370419, ac378452",3,0.87218635234114594,0,2,2
fixed_test,5,3,impressed|3|09,"376400, ac370419, ac378452",4,0.87218635234114594,0,2,2
fixed_test,5,3,impressed|3|09,"376400, ac370419, ac378452",5,0.87218635234114594,0,2,2
fixed_test,5,3,impressed|3|09,"376400, ac370419, ac378452",6,0.87218635234114594,0,2,2
fixed_test,5,3,impressed|3|09,"376400, ac370419, ac378452",7,0.87218635234114594,0,2,1
fixed_test,5,3,impressed|3|09,"376400, ac370419, ac378452",8,0.87218635234114594,0,2,2
fixed_test,5,3,impressed|3|09,"376400, ac370419, ac378452",9,0.87218635234114594,0,2,2
fixed_test,5,3,impressed|3|10,"ac410500, ac411100, ac415100",0,0.87218635234114594,0,1,1
fixed_test,5,3,impressed|3|10,"ac410500, ac411100, ac415100",1,0.87218635234114594,0,1,1
fixed_test,5,3,impressed|3|10,"ac410500, ac411100, ac415100",2,0.87218635234114594,0,1,1
fixed_test,5,3,impressed|3|10,"ac410500, ac411100, ac415100",3,0.87218635234114594,0,1,1
fixed_test,5,3,impressed|3|10,"ac410500, ac411100, ac415100",4,0.87218635234114594,0,1,1
fixed_test,5,3,impressed|3|10,"ac410500, ac411100, ac415100",5,0.87218635234114594,0,1,1
fixed_test,5,3,impressed|3|10,"ac410500, ac411100, ac415100",6,0.87218635234114594,0,1,1
fixed_test,5,3,impressed|3|10,"ac410500, ac411100, ac415100",7,0.87218635234114594,0,1,1
fixed_test,5,3,impressed|3|10,"ac410500, ac411100, ac415100",8,0.87218635234114594,0,1,1
fixed_test,5,3,impressed|3|10,"ac410500, ac411100, ac415100",9,0.87218635234114594,0,1,1
fixed_train,5,3,apriori|1|01,ac370000,0,0.99557319156528978,0.06661351718371733,624,610
fixed_train,5,3,apriori|1|01,ac370000,1,0.99557319156528978,0.057766743936466636,624,612
fixed_train,5,3,apriori|1|01,ac370000,2,0.99557319156528978,0.064430338833378564,624,620
fixed_train,5,3,apriori|1|01,ac370000,3,0.99557319156528978,0.068795146701229437,624,615
fixed_train,5,3,apriori|1|01,ac370000,4,0.99557319156528978,0.067630544588169417,624,613
fixed_train,5,3,apriori|1|01,ac370000,5,0.99557319156528978,0.057733476481413804,624,616
fixed_train,5,3,apriori|1|01,ac370000,6,0.99557319156528978,0.061227087815914683,624,618
fixed_train,5,3,apriori|1|01,ac370000,7,0.99557319156528978,0.063265670022309983,624,618
fixed_train,5,3,apriori|1|01,ac370000,8,0.99557319156528978,0.059987942235437242,624,620
fixed_train,5,3,apriori|1|01,ac370000,9,0.99557319156528978,0.062320618460249388,624,619
fixed_train,5,3,apriori|1|02,ac419100,0,0.99557319156528978,0.050834008022268562,580,481
fixed_train,5,3,apriori|1|02,ac419100,1,0.99557319156528978,0.038649248793869662,580,483
fixed_train,5,3,apriori|1|02,ac419100,2,0.99557319156528978,0.039781844730872762,580,477
fixed_train,5,3,apriori|1|02,ac419100,3,0.99557319156528978,0.055180512190903475,580,473
fixed_train,5,3,apriori|1|02,ac419100,4,0.99557319156528978,0.040916959096281236,580,477
fixed_train,5,3,apriori|1|02,ac419100,5,0.99557319156528978,0.042054680129747557,580,475
fixed_train,5,3,apriori|1|02,ac419100,6,0.99557319156528978,0.045236102562471681,580,478
fixed_train,5,3,apriori|1|02,ac419100,7,0.99557319156528978,0.04864676499284537,580,485
fixed_train,5,3,apriori|1|02,ac419100,8,0.99557319156528978,0.045297260210978574,580,487
fixed_train,5,3,apriori|1|02,ac419100,9,0.99557319156528978,0.045297260210978574,580,480
fixed_train,5,3,apriori|1|03,370407,0,0.99557319156528978,0.0088727664219714342,528,511
fixed_train,5,3,apriori|1|03,370407,1,0.99557319156528978,0.014400456468384837,528,508
fixed_train,5,3,apriori|1|03,370407,2,0.99557319156528978,0.012169894684570748,528,504
fixed_train,5,3,apriori|1|03,370407,3,0.99557319156528978,0.014409603670208604,528,506
fixed_train,5,3,apriori|1|03,370407,4,0.99557319156528978,0.014382788433808025,528,509
fixed_train,5,3,apriori|1|03,370407,5,0.99557319156528978,0.017728264877800659,528,506
fixed_train,5,3,apriori|1|03,370407,6,0.99557319156528978,0.021045373493006614,528,520
fixed_train,5,3,apriori|1|03,370407,7,0.99557319156528978,0.015503183074774385,528,506
fixed_train,5,3,apriori|1|03,370407,8,0.99557319156528978,0.015532572916622578,528,509
fixed_train,5,3,apriori|1|03,370407,9,0.99557319156528978,0.015512757546549572,528,508
fixed_train,5,3,apriori|1|04,ac370419,0,0.99557319156528978,0.016625652153140158,519,504
fixed_train,5,3,apriori|1|04,ac370419,1,0.99557319156528978,0.01441896081742744,519,507
fixed_train,5,3,apriori|1|04,ac370419,2,0.99557319156528978,0.012169894684570748,519,497
fixed_train,5,3,apriori|1|04,ac370419,3,0.99557319156528978,0.0099705117853037262,519,497
fixed_train,5,3,apriori|1|04,ac370419,4,0.99557319156528978,0.007744107186095639,519,501
fixed_train,5,3,apriori|1|04,ac370419,5,0.99557319156528978,0.016625652153140158,519,493
fixed_train,5,3,apriori|1|04,ac370419,6,0.99557319156528978,0.019943772209051747,519,482
fixed_train,5,3,apriori|1|04,ac370419,7,0.99557319156528978,0.014400456468384837,519,492
fixed_train,5,3,apriori|1|04,ac370419,8,0.99557319156528978,0.012162374808335374,519,499
fixed_train,5,3,apriori|1|04,ac370419,9,0.99557319156528978,0.017697085370599552,519,502
fixed_train,5,3,apriori|1|05,ac370443,0,0.99557319156528978,0.0099846621698657101,508,491
fixed_train,5,3,apriori|1|05,ac370443,1,0.99557319156528978,0.016615428809925392,508,490
fixed_train,5,3,apriori|1|05,ac370443,2,0.99557319156528978,0.012185484126844282,508,476
fixed_train,5,3,apriori|1|05,ac370443,3,0.99557319156528978,0.011052983814993644,508,491
fixed_train,5,3,apriori|1|05,ac370443,4,0.99557319156528978,0.008859852571612814,508,486
fixed_train,5,3,apriori|1|05,ac370443,5,0.99557319156528978,0.012177597544007934,508,481
fixed_train,5,3,apriori|1|05,ac370443,6,0.99557319156528978,0.0099636767468455067,508,480
fixed_train,5,3,apriori|1|05,ac370443,7,0.99557319156528978,0.015503183074774385,508,478
fixed_train,5,3,apriori|1|05,ac370443,8,0.99557319156528978,0.015512757546549572,508,483
fixed_train,5,3,apriori|1|05,ac370443,9,0.99557319156528978,0.018853259464989391,508,484
fixed_train,5,3,apriori|1|06,ac370442,0,0.99557319156528978,0.012185484126844282,506,486
fixed_train,5,3,apriori|1|06,ac370442,1,0.99557319156528978,0.015503183074774385,506,482
fixed_train,5,3,apriori|1|06,ac370442,2,0.99557319156528978,0.012185484126844282,506,486
fixed_train,5,3,apriori|1|06,ac370442,3,0.99557319156528978,0.0099705117853037262,506,488
fixed_train,5,3,apriori|1|06,ac370442,4,0.99557319156528978,0.0077497559496830792,506,485
fixed_train,5,3,apriori|1|06,ac370442,5,0.99557319156528978,0.015503183074774385,506,486
fixed_train,5,3,apriori|1|06,ac370442,6,0.99557319156528978,0.011074296072666745,506,480
fixed_train,5,3,apriori|1|06,ac370442,7,0.99557319156528978,0.016595682183045635,506,493
fixed_train,5,3,apriori|1|06,ac370442,8,0.99557319156528978,0.01219355518727705,506,486
fixed_train,5,3,apriori|1|06,ac370442,9,0.99557319156528978,0.013288739573720565,506,483
fixed_train,5,3,apriori|1|07,370712b,0,0.99557319156528978,0.012185484126844282,489,467
fixed_train,5,3,apriori|1|07,370712b,1,0.99557319156528978,0.011081742884047285,489,470
fixed_train,5,3,apriori|1|07,370712b,2,0.99557319156528978,0.01219355518727705,489,466
fixed_train,5,3,apriori|1|07,370712b,3,0.99557319156528978,0.011052983814993644,489,473
fixed_train,5,3,apriori|1|07,370712b,4,0.99557319156528978,0.011081742884047285,489,470
fixed_train,5,3,apriori|1|07,370712b,5,0.99557319156528978,0.012185484126844282,489,462
fixed_train,5,3,apriori|1|07,370712b,6,0.99557319156528978,0.013280425304130872,489,471
fixed_train,5,3,apriori|1|07,370712b,7,0.99557319156528978,0.013305958040865429,489,467
fixed_train,5,3,apriori|1|07,370712b,8,0.99557319156528978,0.0099504837092627696,489,464
fixed_train,5,3,apriori|1|07,370712b,9,0.99557319156528978,0.012169894684570748,489,474
fixed_train,5,3,apriori|1|08,370715a,0,0.99557319156528978,0.007744107186095639,487,460
fixed_train,5,3,apriori|1|08,370715a,1,0.99557319156528978,0.008859852571612814,487,470
fixed_train,5,3,apriori|1|08,370715a,2,0.99557319156528978,0.0099636767468455067,487,474
fixed_train,5,3,apriori|1|08,370715a,3,0.99557319156528978,0.0044187871365490849,487,462
fixed_train,5,3,apriori|1|08,370715a,4,0.99557319156528978,0.0066351384679446124,487,465
fixed_train,5,3,apriori|1|08,370715a,5,0.99557319156528978,0.011059917229006566,487,466
fixed_train,5,3,apriori|1|08,370715a,6,0.99557319156528978,0.0088475278484756448,487,462
fixed_train,5,3,apriori|1|08,370715a,7,0.99557319156528978,0.011067021086775819,487,463
fixed_train,5,3,apriori|1|08,370715a,8,0.99557319156528978,0.0055267015111171158,487,458
fixed_train,5,3,apriori|1|08,370715a,9,0.99557319156528978,0.0066301860293638271,487,463
fixed_train,5,3,apriori|1|09,ac370403,0,0.99557319156528978,0.016625652153140158,488,464
fixed_train,5,3,apriori|1|09,ac370403,1,0.99557319156528978,0.0099775067043453847,488,463
fixed_train,5,3,apriori|1|09,ac370403,2,0.99557319156528978,0.011081742884047285,488,467
fixed_train,5,3,apriori|1|09,ac370403,3,0.99557319156528978,0.011089362231418542,488,465
fixed_train,5,3,apriori|1|09,ac370403,4,0.99557319156528978,0.011081742884047285,488,473
fixed_train,5,3,apriori|1|09,ac370403,5,0.99557319156528978,0.011074296072666745,488,468
fixed_train,5,3,apriori|1|09,ac370403,6,0.99557319156528978,0.015542815693273315,488,458
fixed_train,5,3,apriori|1|09,ac370403,7,0.99557319156528978,0.01441896081742744,488,474
fixed_train,5,3,apriori|1|09,ac370403,8,0.99557319156528978,0.015522553850312315,488,463
fixed_train,5,3,apriori|1|09,ac370403,9,0.99557319156528978,0.0077614582214136085,488,461
fixed_train,5,3,apriori|1|10,370488e,0,0.99557319156528978,0.0077614582214136085,485,456
fixed_train,5,3,apriori|1|10,370488e,1,0.99557319156528978,0.011067021086775819,485,464
fixed_train,5,3,apriori|1|10,370488e,2,0.99557319156528978,0.008859852571612814,485,471
fixed_train,5,3,apriori|1|10,370488e,3,0.99557319156528978,0.015493829521486036,485,463
fixed_train,5,3,apriori|1|10,370488e,4,0.99557319156528978,0.0088662355527961978,485,458
fixed_train,5,3,apriori|1|10,370488e,5,0.99557319156528978,0.012185484126844282,485,457
fixed_train,5,3,apriori|1|10,370488e,6,0.99557319156528978,0.011074296072666745,485,470
fixed_train,5,3,apriori|1|10,370488e,7,0.99557319156528978,0.0088727664219714342,485,462
fixed_train,5,3,apriori|1|10,370488e,8,0.99557319156528978,0.011074296072666745,485,463
fixed_train,5,3,apriori|1|10,370488e,9,0.99557319156528978,0.01219355518727705,485,463
fixed_train,5,3,apriori|2|01,"370407, ac370000",0,0.99557319156528978,0.035396200414847256,528,527
fixed_train,5,3,apriori|2|01,"370407, ac370000",1,0.99557319156528978,0.027721856760112962,528,528
fixed_train,5,3,apriori|2|01,"370407, ac370000",2,0.99557319156528978,0.02662111811180734,528,527
fixed_train,5,3,apriori|2|01,"370407, ac370000",3,0.99557319156528978,0.028774254825616796,528,522
fixed_train,5,3,apriori|2|01,"370407, ac370000",4,0.99557319156528978,0.0431950969084125,528,527
fixed_train,5,3,apriori|2|01,"370407, ac370000",5,0.99557319156528978,0.03870506799720852,528,522
fixed_train,5,3,apriori|2|01,"370407, ac370000",6,0.99557319156528978,0.029905262859168946,528,527
fixed_train,5,3,apriori|2|01,"370407, ac370000",7,0.99557319156528978,0.034373304731455612,528,526
fixed_train,5,3,apriori|2|01,"370407, ac370000",8,0.99557319156528978,0.031021308865307073,528,524
fixed_train,5,3,apriori|2|01,"370407, ac370000",9,0.99557319156528978,0.033236816196558161,528,525
fixed_train,5,3,apriori|2|02,"ac370000, ac370419",0,0.99557319156528978,0.024403409072770499,519,515
fixed_train,5,3,apriori|2|02,"ac370000, ac370419",1,0.99557319156528978,0.024433323847775967,519,515
fixed_train,5,3,apriori|2|02,"ac370000, ac370419",2,0.99557319156528978,0.02769029051762828,519,517
fixed_train,5,3,apriori|2|02,"ac370000, ac370419",3,0.99557319156528978,0.028822128706994188,519,517
fixed_train,5,3,apriori|2|02,"ac370000, ac370419",4,0.99557319156528978,0.027705894567798262,519,517
fixed_train,5,3,apriori|2|02,"ac370000, ac370419",5,0.99557319156528978,0.030955573850326878,519,517
fixed_train,5,3,apriori|2|02,"ac370000, ac370419",6,0.99557319156528978,0.035491954267955261,519,516
fixed_train,5,3,apriori|2|02,"ac370000, ac370419",7,0.99557319156528978,0.035414467477682177,519,515
fixed_train,5,3,apriori|2|02,"ac370000, ac370419",8,0.99557319156528978,0.029939006083893993,519,515
fixed_train,5,3,apriori|2|02,"ac370000, ac370419",9,0.99557319156528978,0.031021308865307073,519,515
fixed_train,5,3,apriori|2|03,"ac370000, ac370443",0,0.99557319156528978,0.033274245228918198,508,505
fixed_train,5,3,apriori|2|03,"ac370000, ac370443",1,0.99557319156528978,0.027705894567798262,508,506
fixed_train,5,3,apriori|2|03,"ac370000, ac370443",2,0.99557319156528978,0.031056536189881134,508,505
fixed_train,5,3,apriori|2|03,"ac370000, ac370443",3,0.99557319156528978,0.034335207542250168,508,507
fixed_train,5,3,apriori|2|03,"ac370000, ac370443",4,0.99557319156528978,0.032120235200709613,508,504
fixed_train,5,3,apriori|2|03,"ac370000, ac370443",5,0.99557319156528978,0.031021308865307073,508,505
fixed_train,5,3,apriori|2|03,"ac370000, ac370443",6,0.99557319156528978,0.026590294202805009,508,505
fixed_train,5,3,apriori|2|03,"ac370000, ac370443",7,0.99557319156528978,0.029888963921307354,508,506
fixed_train,5,3,apriori|2|03,"ac370000, ac370443",8,0.99557319156528978,0.034281285799062866,508,507
fixed_train,5,3,apriori|2|03,"ac370000, ac370443",9,0.99557319156528978,0.024374786871553922,508,505
fixed_train,5,3,apriori|2|04,"ac370419, ac370443",0,0.99557319156528978,0.024308816122918797,507,507
fixed_train,5,3,apriori|2|04,"ac370419, ac370443",1,0.99557319156528978,0.018798048105553744,507,506
fixed_train,5,3,apriori|2|04,"ac370419, ac370443",2,0.99557319156528978,0.018819359935495217,507,502
fixed_train,5,3,apriori|2|04,"ac370419, ac370443",3,0.99557319156528978,0.019967990994696483,507,506
fixed_train,5,3,apriori|2|04,"ac370419, ac370443",4,0.99557319156528978,0.017697085370599552,507,507
fixed_train,5,3,apriori|2|04,"ac370419, ac370443",5,0.99557319156528978,0.013280425304130872,507,506
fixed_train,5,3,apriori|2|04,"ac370419, ac370443",6,0.99557319156528978,0.018777756933277989,507,505
fixed_train,5,3,apriori|2|04,"ac370419, ac370443",7,0.99557319156528978,0.016605439138332789,507,505
fixed_train,5,3,apriori|2|04,"ac370419, ac370443",8,0.99557319156528978,0.022134042173551416,507,506
fixed_train,5,3,apriori|2|04,"ac370419, ac370443",9,0.99557319156528978,0.019943772209051747,507,506
fixed_train,5,3,apriori|2|05,"370407, ac370419",0,0.99557319156528978,0.02100993920462646,501,501
fixed_train,5,3,apriori|2|05,"370407, ac370419",1,0.99557319156528978,0.024374786871553922,501,500
fixed_train,5,3,apriori|2|05,"370407, ac370419",2,0.99557319156528978,0.021045373493006614,501,499
fixed_train,5,3,apriori|2|05,"370407, ac370419",3,0.99557319156528978,0.025447257179995297,501,500
fixed_train,5,3,apriori|2|05,"370407, ac370419",4,0.99557319156528978,0.023209600938084107,501,500
fixed_train,5,3,apriori|2|05,"370407, ac370419",5,0.99557319156528978,0.018819359935495217,501,499
fixed_train,5,3,apriori|2|05,"370407, ac370419",6,0.99557319156528978,0.023273797601935042,501,500
fixed_train,5,3,apriori|2|05,"370407, ac370419",7,0.99557319156528978,0.02654664289272346,501,501
fixed_train,5,3,apriori|2|05,"370407, ac370419",8,0.99557319156528978,0.013288739573720565,501,498
fixed_train,5,3,apriori|2|05,"370407, ac370419",9,0.99557319156528978,0.019909474751130474,501,500
fixed_train,5,3,apriori|2|06,"ac370000, ac370442",0,0.99557319156528978,0.02764561250184483,506,503
fixed_train,5,3,apriori|2|06,"ac370000, ac370442",1,0.99557319156528978,0.021057749119003377,506,504
fixed_train,5,3,apriori|2|06,"ac370000, ac370442",2,0.99557319156528978,0.027675043124144927,506,504
fixed_train,5,3,apriori|2|06,"ac370000, ac370442",3,0.99557319156528978,0.03098765904297196,506,503
fixed_train,5,3,apriori|2|06,"ac370000, ac370442",4,0.99557319156528978,0.028822128706994188,506,504
fixed_train,5,3,apriori|2|06,"ac370000, ac370442",5,0.99557319156528978,0.034316805515632209,506,505
fixed_train,5,3,apriori|2|06,"ac370000, ac370442",6,0.99557319156528978,0.031021308865307073,506,502
fixed_train,5,3,apriori|2|06,"ac370000, ac370442",7,0.99557319156528978,0.03532749789956724,506,500
fixed_train,5,3,apriori|2|06,"ac370000, ac370442",8,0.99557319156528978,0.034281285799062866,506,504
fixed_train,5,3,apriori|2|06,"ac370000, ac370442",9,0.99557319156528978,0.028789844081097637,506,505
fixed_train,5,3,apriori|2|07,"ac370419, ac370442",0,0.99557319156528978,0.02323436343075802,504,504
fixed_train,5,3,apriori|2|07,"ac370419, ac370442",1,0.99557319156528978,0.017717626575828205,504,504
fixed_train,5,3,apriori|2|07,"ac370419, ac370442",2,0.99557319156528978,0.019909474751130474,504,501
fixed_train,5,3,apriori|2|07,"ac370419, ac370442",3,0.99557319156528978,0.016595682183045635,504,502
fixed_train,5,3,apriori|2|07,"ac370419, ac370442",4,0.99557319156528978,0.018798048105553744,504,502
fixed_train,5,3,apriori|2|07,"ac370419, ac370442",5,0.99557319156528978,0.02323436343075802,504,504
fixed_train,5,3,apriori|2|07,"ac370419, ac370442",6,0.99557319156528978,0.024334253512192427,504,501
fixed_train,5,3,apriori|2|07,"ac370419, ac370442",7,0.99557319156528978,0.017728264877800659,504,501
fixed_train,5,3,apriori|2|07,"ac370419, ac370442",8,0.99557319156528978,0.019909474751130474,504,502
fixed_train,5,3,apriori|2|07,"ac370419, ac370442",9,0.99557319156528978,0.016605439138332789,504,503
fixed_train,5,3,apriori|2|08,"ac370442, ac370443",0,0.99557319156528978,0.025489846084866707,503,501
fixed_train,5,3,apriori|2|08,"ac370442, ac370443",1,0.99557319156528978,0.015503183074774385,503,503
fixed_train,5,3,apriori|2|08,"ac370442, ac370443",2,0.99557319156528978,0.017707233738841199,503,501
fixed_train,5,3,apriori|2|08,"ac370442, ac370443",3,0.99557319156528978,0.012162374808335374,503,502
fixed_train,5,3,apriori|2|08,"ac370442, ac370443",4,0.99557319156528978,0.023197674146228087,503,502
fixed_train,5,3,apriori|2|08,"ac370442, ac370443",5,0.99557319156528978,0.024308816122918797,503,502
fixed_train,5,3,apriori|2|08,"ac370442, ac370443",6,0.99557319156528978,0.016595682183045635,503,501
fixed_train,5,3,apriori|2|08,"ac370442, ac370443",7,0.99557319156528978,0.016595682183045635,503,501
fixed_train,5,3,apriori|2|08,"ac370442, ac370443",8,0.99557319156528978,0.017697085370599552,503,502
fixed_train,5,3,apriori|2|08,"ac370442, ac370443",9,0.99557319156528978,0.019909474751130474,503,503
fixed_train,5,3,apriori|2|09,"370407, ac370443",0,0.99557319156528978,0.017687180493437871,493,493
fixed_train,5,3,apriori|2|09,"370407, ac370443",1,0.99557319156528978,0.017697085370599552,493,492
fixed_train,5,3,apriori|2|09,"370407, ac370443",2,0.99557319156528978,0.027660150929233018,493,492
fixed_train,5,3,apriori|2|09,"370407, ac370443",3,0.99557319156528978,0.02432137717188243,493,492
fixed_train,5,3,apriori|2|09,"370407, ac370443",4,0.99557319156528978,0.017717626575828205,493,490
fixed_train,5,3,apriori|2|09,"370407, ac370443",5,0.99557319156528978,0.021033280732657644,493,493
fixed_train,5,3,apriori|2|09,"370407, ac370443",6,0.99557319156528978,0.013280425304130872,493,492
fixed_train,5,3,apriori|2|09,"370407, ac370443",7,0.99557319156528978,0.027660150929233018,493,493
fixed_train,5,3,apriori|2|09,"370407, ac370443",8,0.99557319156528978,0.018808575932283023,493,493
fixed_train,5,3,apriori|2|09,"370407, ac370443",9,0.99557319156528978,0.023247201529820072,493,492
fixed_train,5,3,apriori|2|10,"370407, ac370442",0,0.99557319156528978,0.022109978279067688,491,491
fixed_train,5,3,apriori|2|10,"370407, ac370442",1,0.99557319156528978,0.012155037188966489,491,491
fixed_train,5,3,apriori|2|10,"370407, ac370442",2,0.99557319156528978,0.027617591359178184,491,489
fixed_train,5,3,apriori|2|10,"370407, ac370442",3,0.99557319156528978,0.017728264877800659,491,490
fixed_train,5,3,apriori|2|10,"370407, ac370442",4,0.99557319156528978,0.012162374808335374,491,491
fixed_train,5,3,apriori|2|10,"370407, ac370442",5,0.99557319156528978,0.025433721402772003,491,489
fixed_train,5,3,apriori|2|10,"370407, ac370442",6,0.99557319156528978,0.019943772209051747,491,489
fixed_train,5,3,apriori|2|10,"370407, ac370442",7,0.99557319156528978,0.026519248781197935,491,491
fixed_train,5,3,apriori|2|10,"370407, ac370442",8,0.99557319156528978,0.015522553850312315,491,490
fixed_train,5,3,apriori|2|10,"370407, ac370442",9,0.99557319156528978,0.023221830303699287,491,491
fixed_train,5,3,apriori|3|01,"ac370000, ac370419, ac370443",0,0.99557319156528978,0.036493176898135693,507,507
fixed_train,5,3,apriori|3|01,"ac370000, ac370419, ac370443",1,0.99557319156528978,0.036511725926182903,507,507
fixed_train,5,3,apriori|3|01,"ac370000, ac370419, ac370443",2,0.99557319156528978,0.033255320325888071,507,507
fixed_train,5,3,apriori|3|01,"ac370000, ac370419, ac370443",3,0.99557319156528978,0.033183811034316335,507,507
fixed_train,5,3,apriori|3|01,"ac370000, ac370419, ac370443",4,0.99557319156528978,0.034354040016593146,507,506
fixed_train,5,3,apriori|3|01,"ac370000, ac370419, ac370443",5,0.99557319156528978,0.033201063260327124,507,506
fixed_train,5,3,apriori|3|01,"ac370000, ac370419, ac370443",6,0.99557319156528978,0.036475077437025494,507,507
fixed_train,5,3,apriori|3|01,"ac370000, ac370419, ac370443",7,0.99557319156528978,0.040877342998028587,507,506
fixed_train,5,3,apriori|3|01,"ac370000, ac370419, ac370443",8,0.99557319156528978,0.034316805515632209,507,507
fixed_train,5,3,apriori|3|01,"ac370000, ac370419, ac370443",9,0.99557319156528978,0.036511725926182903,507,507
fixed_train,5,3,apriori|3|02,"370407, ac370000, ac370419",0,0.99557319156528978,0.032102884718469782,501,500
fixed_train,5,3,apriori|3|02,"370407, ac370000, ac370419",1,0.99557319156528978,0.040858277369694163,501,501
fixed_train,5,3,apriori|3|02,"370407, ac370000, ac370419",2,0.99557319156528978,0.03098765904297196,501,501
fixed_train,5,3,apriori|3|02,"370407, ac370000, ac370419",3,0.99557319156528978,0.035433174584259097,501,501
fixed_train,5,3,apriori|3|02,"370407, ac370000, ac370419",4,0.99557319156528978,0.034335207542250168,501,501
fixed_train,5,3,apriori|3|02,"370407, ac370000, ac370419",5,0.99557319156528978,0.042054680129747557,501,501
fixed_train,5,3,apriori|3|02,"370407, ac370000, ac370419",6,0.99557319156528978,0.035414467477682177,501,501
fixed_train,5,3,apriori|3|02,"370407, ac370000, ac370419",7,0.99557319156528978,0.036511725926182903,501,501
fixed_train,5,3,apriori|3|02,"370407, ac370000, ac370419",8,0.99557319156528978,0.038744647109957064,501,501
fixed_train,5,3,apriori|3|02,"370407, ac370000, ac370419",9,0.99557319156528978,0.034281285799062866,501,500
fixed_train,5,3,apriori|3|03,"ac370000, ac370419, ac370442",0,0.99557319156528978,0.033088934310179119,504,504
fixed_train,5,3,apriori|3|03,"ac370000, ac370419, ac370442",1,0.99557319156528978,0.037536070473694005,504,504
fixed_train,5,3,apriori|3|03,"ac370000, ac370419, ac370442",2,0.99557319156528978,0.039883338190311535,504,504
fixed_train,5,3,apriori|3|03,"ac370000, ac370419, ac370442",3,0.99557319156528978,0.035360979414314486,504,504
fixed_train,5,3,apriori|3|03,"ac370000, ac370419, ac370442",4,0.99557319156528978,0.043128850195354063,504,504
fixed_train,5,3,apriori|3|03,"ac370000, ac370419, ac370442",5,0.99557319156528978,0.040877342998028587,504,504
fixed_train,5,3,apriori|3|03,"ac370000, ac370419, ac370442",6,0.99557319156528978,0.036457425785078379,504,504
fixed_train,5,3,apriori|3|03,"ac370000, ac370419, ac370442",7,0.99557319156528978,0.044122976293969884,504,504
fixed_train,5,3,apriori|3|03,"ac370000, ac370419, ac370442",8,0.99557319156528978,0.04197249380445589,504,504
fixed_train,5,3,apriori|3|03,"ac370000, ac370419, ac370442",9,0.99557319156528978,0.034281285799062866,504,504
fixed_train,5,3,apriori|3|04,"ac370000, ac370442, ac370443",0,0.99557319156528978,0.040877342998028587,503,502
fixed_train,5,3,apriori|3|04,"ac370000, ac370442, ac370443",1,0.99557319156528978,0.033166972743141732,503,503
fixed_train,5,3,apriori|3|04,"ac370000, ac370442, ac370443",2,0.99557319156528978,0.034264164687201948,503,503
fixed_train,5,3,apriori|3|04,"ac370000, ac370442, ac370443",3,0.99557319156528978,0.039841275912392504,503,503
fixed_train,5,3,apriori|3|04,"ac370000, ac370442, ac370443",4,0.99557319156528978,0.039862061586366848,503,503
fixed_train,5,3,apriori|3|04,"ac370000, ac370442, ac370443",5,0.99557319156528978,0.037536070473694005,503,503
fixed_train,5,3,apriori|3|04,"ac370000, ac370442, ac370443",6,0.99557319156528978,0.039781844730872762,503,503
fixed_train,5,3,apriori|3|04,"ac370000, ac370442, ac370443",7,0.99557319156528978,0.034316805515632209,503,503
fixed_train,5,3,apriori|3|04,"ac370000, ac370442, ac370443",8,0.99557319156528978,0.044202710047431037,503,502
fixed_train,5,3,apriori|3|04,"ac370000, ac370442, ac370443",9,0.99557319156528978,0.035378371635956585,503,503
fixed_train,5,3,apriori|3|05,"ac370419, ac370442, ac370443",0,0.99557319156528978,0.025395077338922101,502,501
fixed_train,5,3,apriori|3|05,"ac370419, ac370442, ac370443",1,0.99557319156528978,0.03203750857212817,502,502
fixed_train,5,3,apriori|3|05,"ac370419, ac370442, ac370443",2,0.99557319156528978,0.028675317516662524,502,502
fixed_train,5,3,apriori|3|05,"ac370419, ac370442, ac370443",3,0.99557319156528978,0.027578178652362562,502,502
fixed_train,5,3,apriori|3|05,"ac370419, ac370442, ac370443",4,0.99557319156528978,0.023197674146228087,502,502
fixed_train,5,3,apriori|3|05,"ac370419, ac370442, ac370443",5,0.99557319156528978,0.027578178652362562,502,502
fixed_train,5,3,apriori|3|05,"ac370419, ac370442, ac370443",6,0.99557319156528978,0.028715550307551241,502,502
fixed_train,5,3,apriori|3|05,"ac370419, ac370442, ac370443",7,0.99557319156528978,0.026506059724733855,502,502
fixed_train,5,3,apriori|3|05,"ac370419, ac370442, ac370443",8,0.99557319156528978,0.03203750857212817,502,502
fixed_train,5,3,apriori|3|05,"ac370419, ac370442, ac370443",9,0.99557319156528978,0.027617591359178184,502,502
fixed_train,5,3,apriori|3|06,"370407, ac370000, ac370443",0,0.99557319156528978,0.031021308865307073,493,493
fixed_train,5,3,apriori|3|06,"370407, ac370000, ac370443",1,0.99557319156528978,0.035344022056003621,493,493
fixed_train,5,3,apriori|3|06,"370407, ac370000, ac370443",2,0.99557319156528978,0.032085938427708016,493,493
fixed_train,5,3,apriori|3|06,"370407, ac370000, ac370443",3,0.99557319156528978,0.035414467477682177,493,493
fixed_train,5,3,apriori|3|06,"370407, ac370000, ac370443",4,0.99557319156528978,0.029857503600917434,493,492
fixed_train,5,3,apriori|3|06,"370407, ac370000, ac370443",5,0.99557319156528978,0.036511725926182903,493,492
fixed_train,5,3,apriori|3|06,"370407, ac370000, ac370443",6,0.99557319156528978,0.036457425785078379,493,492
fixed_train,5,3,apriori|3|06,"370407, ac370000, ac370443",7,0.99557319156528978,0.036457425785078379,493,493
fixed_train,5,3,apriori|3|06,"370407, ac370000, ac370443",8,0.99557319156528978,0.034281285799062866,493,493
fixed_train,5,3,apriori|3|06,"370407, ac370000, ac370443",9,0.99557319156528978,0.034316805515632209,493,493
fixed_train,5,3,apriori|3|07,"370407, ac370419, ac370443",0,0.99557319156528978,0.027604105914746602,493,492
fixed_train,5,3,apriori|3|07,"370407, ac370419, ac370443",1,0.99557319156528978,0.02654664289272346,493,493
fixed_train,5,3,apriori|3|07,"370407, ac370419, ac370443",2,0.99557319156528978,0.027660150929233018,493,493
fixed_train,5,3,apriori|3|07,"370407, ac370419, ac370443",3,0.99557319156528978,0.023209600938084107,493,493
fixed_train,5,3,apriori|3|07,"370407, ac370419, ac370443",4,0.99557319156528978,0.028729681439477184,493,493
fixed_train,5,3,apriori|3|07,"370407, ac370419, ac370443",5,0.99557319156528978,0.030925040890368738,493,493
fixed_train,5,3,apriori|3|07,"370407, ac370419, ac370443",6,0.99557319156528978,0.029827549965653177,493,493
fixed_train,5,3,apriori|3|07,"370407, ac370419, ac370443",7,0.99557319156528978,0.02870178017718783,493,493
fixed_train,5,3,apriori|3|07,"370407, ac370419, ac370443",8,0.99557319156528978,0.03861438109618065,493,493
fixed_train,5,3,apriori|3|07,"370407, ac370419, ac370443",9,0.99557319156528978,0.025420513687907875,493,493
fixed_train,5,3,apriori|3|08,"370407, ac370000, ac370442",0,0.99557319156528978,0.03203750857212817,491,491
fixed_train,5,3,apriori|3|08,"370407, ac370000, ac370442",1,0.99557319156528978,0.033201063260327124,491,491
fixed_train,5,3,apriori|3|08,"370407, ac370000, ac370442",2,0.99557319156528978,0.035344022056003621,491,491
fixed_train,5,3,apriori|3|08,"370407, ac370000, ac370442",3,0.99557319156528978,0.035360979414314486,491,491
fixed_train,5,3,apriori|3|08,"370407, ac370000, ac370442",4,0.99557319156528978,0.03419990011865337,491,491
fixed_train,5,3,apriori|3|08,"370407, ac370000, ac370442",5,0.99557319156528978,0.037536070473694005,491,491
fixed_train,5,3,apriori|3|08,"370407, ac370000, ac370442",6,0.99557319156528978,0.03762787169503734,491,491
fixed_train,5,3,apriori|3|08,"370407, ac370000, ac370442",7,0.99557319156528978,0.035378371635956585,491,491
fixed_train,5,3,apriori|3|08,"370407, ac370000, ac370442",8,0.99557319156528978,0.030925040890368738,491,490
fixed_train,5,3,apriori|3|08,"370407, ac370000, ac370442",9,0.99557319156528978,0.035433174584259097,491,491
fixed_train,5,3,apriori|3|09,"370407, ac370419, ac370442",0,0.99557319156528978,0.033150546756035348,490,489
fixed_train,5,3,apriori|3|09,"370407, ac370419, ac370442",1,0.99557319156528978,0.035378371635956585,490,489
fixed_train,5,3,apriori|3|09,"370407, ac370419, ac370442",2,0.99557319156528978,0.030910352751314485,490,490
fixed_train,5,3,apriori|3|09,"370407, ac370419, ac370442",3,0.99557319156528978,0.029813134490571214,490,490
fixed_train,5,3,apriori|3|09,"370407, ac370419, ac370442",4,0.99557319156528978,0.02870178017718783,490,490
fixed_train,5,3,apriori|3|09,"370407, ac370419, ac370442",5,0.99557319156528978,0.029813134490571214,490,490
fixed_train,5,3,apriori|3|09,"370407, ac370419, ac370442",6,0.99557319156528978,0.02764561250184483,490,490
fixed_train,5,3,apriori|3|09,"370407, ac370419, ac370442",7,0.99557319156528978,0.026480691148941249,490,490
fixed_train,5,3,apriori|3|09,"370407, ac370419, ac370442",8,0.99557319156528978,0.038597645534928948,490,490
fixed_train,5,3,apriori|3|09,"370407, ac370419, ac370442",9,0.99557319156528978,0.036475077437025494,490,490
fixed_train,5,3,apriori|3|10,"370407, ac370442, ac370443",0,0.99557319156528978,0.03532749789956724,488,488
fixed_train,5,3,apriori|3|10,"370407, ac370442, ac370443",1,0.99557319156528978,0.034215336478414238,488,488
fixed_train,5,3,apriori|3|10,"370407, ac370442, ac370443",2,0.99557319156528978,0.030910352751314485,488,488
fixed_train,5,3,apriori|3|10,"370407, ac370442, ac370443",3,0.99557319156528978,0.028729681439477184,488,487
fixed_train,5,3,apriori|3|10,"370407, ac370442, ac370443",4,0.99557319156528978,0.02540763275270308,488,488
fixed_train,5,3,apriori|3|10,"370407, ac370442, ac370443",5,0.99557319156528978,0.035280508507368413,488,488
fixed_train,5,3,apriori|3|10,"370407, ac370442, ac370443",6,0.99557319156528978,0.032007213911949939,488,488
fixed_train,5,3,apriori|3|10,"370407, ac370442, ac370443",7,0.99557319156528978,0.035344022056003621,488,488
fixed_train,5,3,apriori|3|10,"370407, ac370442, ac370443",8,0.99557319156528978,0.023221830303699287,488,488
fixed_train,5,3,apriori|3|10,"370407, ac370442, ac370443",9,0.99557319156528978,0.033166972743141732,488,488
fixed_train,5,3,impressed|1|01,376400,0,0.99557319156528978,0.0066561706125245479,270,255
fixed_train,5,3,impressed|1|01,376400,1,0.99557319156528978,0.0088794457995117204,270,253
fixed_train,5,3,impressed|1|01,376400,2,0.99557319156528978,0.0066561706125245479,270,248
fixed_train,5,3,impressed|1|01,376400,3,0.99557319156528978,0.0066507282215451102,270,251
fixed_train,5,3,impressed|1|01,376400,4,0.99557319156528978,0.0044352208902941337,270,252
fixed_train,5,3,impressed|1|01,376400,5,0.99557319156528978,0.0044352208902941337,270,256
fixed_train,5,3,impressed|1|01,376400,6,0.99557319156528978,0.0066507282215451102,270,251
fixed_train,5,3,impressed|1|01,376400,7,0.99557319156528978,0.0055454097384820544,270,255
fixed_train,5,3,impressed|1|01,376400,8,0.99557319156528978,0.0088727664219714342,270,253
fixed_train,5,3,impressed|1|01,376400,9,0.99557319156528978,0.0033255947606819491,270,254
fixed_train,5,3,impressed|1|02,ac419100,0,0.99557319156528978,0.050834008022268562,580,481
fixed_train,5,3,impressed|1|02,ac419100,1,0.99557319156528978,0.038649248793869662,580,483
fixed_train,5,3,impressed|1|02,ac419100,2,0.99557319156528978,0.039781844730872762,580,477
fixed_train,5,3,impressed|1|02,ac419100,3,0.99557319156528978,0.055180512190903475,580,473
fixed_train,5,3,impressed|1|02,ac419100,4,0.99557319156528978,0.040916959096281236,580,477
fixed_train,5,3,impressed|1|02,ac419100,5,0.99557319156528978,0.042054680129747557,580,475
fixed_train,5,3,impressed|1|02,ac419100,6,0.99557319156528978,0.045236102562471681,580,478
fixed_train,5,3,impressed|1|02,ac419100,7,0.99557319156528978,0.04864676499284537,580,485
fixed_train,5,3,impressed|1|02,ac419100,8,0.99557319156528978,0.045297260210978574,580,487
fixed_train,5,3,impressed|1|02,ac419100,9,0.99557319156528978,0.045297260210978574,580,480
fixed_train,5,3,impressed|1|03,ac370000,0,0.99557319156528978,0.06661351718371733,624,610
fixed_train,5,3,impressed|1|03,ac370000,1,0.99557319156528978,0.057766743936466636,624,612
fixed_train,5,3,impressed|1|03,ac370000,2,0.99557319156528978,0.064430338833378564,624,620
fixed_train,5,3,impressed|1|03,ac370000,3,0.99557319156528978,0.068795146701229437,624,615
fixed_train,5,3,impressed|1|03,ac370000,4,0.99557319156528978,0.067630544588169417,624,613
fixed_train,5,3,impressed|1|03,ac370000,5,0.99557319156528978,0.057733476481413804,624,616
fixed_train,5,3,impressed|1|03,ac370000,6,0.99557319156528978,0.061227087815914683,624,618
fixed_train,5,3,impressed|1|03,ac370000,7,0.99557319156528978,0.063265670022309983,624,618
fixed_train,5,3,impressed|1|03,ac370000,8,0.99557319156528978,0.059987942235437242,624,620
fixed_train,5,3,impressed|1|03,ac370000,9,0.99557319156528978,0.062320618460249388,624,619
fixed_train,5,3,impressed|1|04,ac415100,0,0.99557319156528978,0.02100993920462646,209,197
fixed_train,5,3,impressed|1|04,ac415100,1,0.99557319156528978,0.025447257179995297,209,195
fixed_train,5,3,impressed|1|04,ac415100,2,0.99557319156528978,0.017697085370599552,209,200
fixed_train,5,3,impressed|1|04,ac415100,3,0.99557319156528978,0.02432137717188243,209,193
fixed_train,5,3,impressed|1|04,ac415100,4,0.99557319156528978,0.018808575932283023,209,195
fixed_train,5,3,impressed|1|04,ac415100,5,0.99557319156528978,0.02432137717188243,209,191
fixed_train,5,3,impressed|1|04,ac415100,6,0.99557319156528978,0.019920637956196141,209,193
fixed_train,5,3,impressed|1|04,ac415100,7,0.99557319156528978,0.023247201529820072,209,190
fixed_train,5,3,impressed|1|04,ac415100,8,0.99557319156528978,0.018798048105553744,209,194
fixed_train,5,3,impressed|1|04,ac415100,9,0.99557319156528978,0.012169894684570748,209,197
fixed_train,5,3,impressed|1|05,ac10307,0,0.99557319156528978,0.0088662355527961978,112,94
fixed_train,5,3,impressed|1|05,ac10307,1,0.99557319156528978,0.011089362231418542,112,98
fixed_train,5,3,impressed|1|05,ac10307,2,0.99557319156528978,0.0066507282215451102,112,96
fixed_train,5,3,impressed|1|05,ac10307,3,0.99557319156528978,0.01219355518727705,112,97
fixed_train,5,3,impressed|1|05,ac10307,4,0.99557319156528978,0.0099775067043453847,112,96
fixed_train,5,3,impressed|1|05,ac10307,5,0.99557319156528978,0.013314863877585403,112,96
fixed_train,5,3,impressed|1|05,ac10307,6,0.99557319156528978,0.0099846621698657101,112,91
fixed_train,5,3,impressed|1|05,ac10307,7,0.99557319156528978,0.011097154838548562,112,95
fixed_train,5,3,impressed|1|05,ac10307,8,0.99557319156528978,0.0099846621698657101,112,99
fixed_train,5,3,impressed|1|05,ac10307,9,0.99557319156528978,0.011089362231418542,112,89
fixed_train,5,3,impressed|1|06,ac355427,0,0.99557319156528978,0.0011079935581957967,30,26
fixed_train,5,3,impressed|1|06,ac355427,1,0.99557319156528978,0.0011054259383834752,30,28
fixed_train,5,3,impressed|1|06,ac355427,2,0.99557319156528978,0.0011079935581957967,30,24
fixed_train,5,3,impressed|1|06,ac355427,3,0.99557319156528978,0,30,27
fixed_train,5,3,impressed|1|06,ac355427,4,0.99557319156528978,0,30,23
fixed_train,5,3,impressed|1|06,ac355427,5,0.99557319156528978,0.0011079935581957967,30,28
fixed_train,5,3,impressed|1|06,ac355427,6,0.99557319156528978,0,30,28
fixed_train,5,3,impressed|1|06,ac355427,7,0.99557319156528978,0,30,26
fixed_train,5,3,impressed|1|06,ac355427,8,0.99557319156528978,0,30,24
fixed_train,5,3,impressed|1|06,ac355427,9,0.99557319156528978,0,30,25
fixed_train,5,3,impressed|1|07,337419c,0,0.99557319156528978,0,3,2
fixed_train,5,3,impressed|1|07,337419c,1,0.99557319156528978,0,3,1
fixed_train,5,3,impressed|1|07,337419c,2,0.99557319156528978,0,3,1
fixed_train,5,3,impressed|1|07,337419c,3,0.99557319156528978,0,3,1
fixed_train,5,3,impressed|1|07,337419c,4,0.99557319156528978,0,3,3
fixed_train,5,3,impressed|1|07,337419c,5,0.99557319156528978,0,3,1
fixed_train,5,3,impressed|1|07,337419c,6,0.99557319156528978,0,3,3
fixed_train,5,3,impressed|1|07,337419c,7,0.99557319156528978,0,3,1
fixed_train,5,3,impressed|1|07,337419c,8,0.99557319156528978,0,3,2
fixed_train,5,3,impressed|1|07,337419c,9,0.99557319156528978,0,3,3
fixed_train,5,3,impressed|1|08,ac411100,0,0.99557319156528978,0.033183811034316335,414,374
fixed_train,5,3,impressed|1|08,ac411100,1,0.99557319156528978,0.034354040016593146,414,372
fixed_train,5,3,impressed|1|08,ac411100,2,0.99557319156528978,0.037553512638821118,414,368
fixed_train,5,3,impressed|1|08,ac411100,3,0.99557319156528978,0.028759032273254381,414,371
fixed_train,5,3,impressed|1|08,ac411100,4,0.99557319156528978,0.028822128706994188,414,369
fixed_train,5,3,impressed|1|08,ac411100,5,0.99557319156528978,0.036493176898135693,414,378
fixed_train,5,3,impressed|1|08,ac411100,6,0.99557319156528978,0.028774254825616796,414,374
fixed_train,5,3,impressed|1|08,ac411100,7,0.99557319156528978,0.033218731083205277,414,375
fixed_train,5,3,impressed|1|08,ac411100,8,0.99557319156528978,0.034335207542250168,414,373
fixed_train,5,3,impressed|1|08,ac411100,9,0.99557319156528978,0.035433174584259097,414,362
fixed_train,5,3,impressed|1|09,370407,0,0.99557319156528978,0.0088727664219714342,528,511
fixed_train,5,3,impressed|1|09,370407,1,0.99557319156528978,0.014400456468384837,528,508
fixed_train,5,3,impressed|1|09,370407,2,0.99557319156528978,0.012169894684570748,528,504
fixed_train,5,3,impressed|1|09,370407,3,0.99557319156528978,0.014409603670208604,528,506
fixed_train,5,3,impressed|1|09,370407,4,0.99557319156528978,0.014382788433808025,528,509
fixed_train,5,3,impressed|1|09,370407,5,0.99557319156528978,0.017728264877800659,528,506
fixed_train,5,3,impressed|1|09,370407,6,0.99557319156528978,0.021045373493006614,528,520
fixed_train,5,3,impressed|1|09,370407,7,0.99557319156528978,0.015503183074774385,528,506
fixed_train,5,3,impressed|1|09,370407,8,0.99557319156528978,0.015532572916622578,528,509
fixed_train,5,3,impressed|1|09,370407,9,0.99557319156528978,0.015512757546549572,528,508
fixed_train,5,3,impressed|1|10,ac378449,0,0.99557319156528978,0,21,18
fixed_train,5,3,impressed|1|10,ac378449,1,0.99557319156528978,0,21,16
fixed_train,5,3,impressed|1|10,ac378449,2,0.99557319156528978,0,21,17
fixed_train,5,3,impressed|1|10,ac378449,3,0.99557319156528978,0.0011054259383834752,21,18
fixed_train,5,3,impressed|1|10,ac378449,4,0.99557319156528978,0.0011054259383834752,21,20
fixed_train,5,3,impressed|1|10,ac378449,5,0.99557319156528978,0.0011054259383834752,21,19
fixed_train,5,3,impressed|1|10,ac378449,6,0.99557319156528978,0,21,17
fixed_train,5,3,impressed|1|10,ac378449,7,0.99557319156528978,0.0011054259383834752,21,17
fixed_train,5,3,impressed|1|10,ac378449,8,0.99557319156528978,0,21,16
fixed_train,5,3,impressed|1|10,ac378449,9,0.99557319156528978,0,21,17
fixed_train,5,3,impressed|2|01,"370715a, 376400",0,0.99557319156528978,0.0022165220684513542,246,242
fixed_train,5,3,impressed|2|01,"370715a, 376400",1,0.99557319156528978,0.0011079935581957967,246,243
fixed_train,5,3,impressed|2|01,"370715a, 376400",2,0.99557319156528978,0,246,242
fixed_train,5,3,impressed|2|01,"370715a, 376400",3,0.99557319156528978,0.0033255947606819491,246,244
fixed_train,5,3,impressed|2|01,"370715a, 376400",4,0.99557319156528978,0.0011079935581957967,246,244
fixed_train,5,3,impressed|2|01,"370715a, 376400",5,0.99557319156528978,0.0011079935581957967,246,244
fixed_train,5,3,impressed|2|01,"370715a, 376400",6,0.99557319156528978,0,246,246
fixed_train,5,3,impressed|2|01,"370715a, 376400",7,0.99557319156528978,0.0044352208902941337,246,243
fixed_train,5,3,impressed|2|01,"370715a, 376400",8,0.99557319156528978,0.0022165220684513542,246,245
fixed_train,5,3,impressed|2|01,"370715a, 376400",9,0.99557319156528978,0.0022165220684513542,246,243
fixed_train,5,3,impressed|2|02,"370712b, 376400",0,0.99557319156528978,0.0011079935581957967,245,244
fixed_train,5,3,impressed|2|02,"370712b, 376400",1,0.99557319156528978,0.0022165220684513542,245,243
fixed_train,5,3,impressed|2|02,"370712b, 376400",2,0.99557319156528978,0,245,245
fixed_train,5,3,impressed|2|02,"370712b, 376400",3,0.99557319156528978,0.0011079935581957967,245,242
fixed_train,5,3,impressed|2|02,"370712b, 376400",4,0.99557319156528978,0.0011079935581957967,245,243
fixed_train,5,3,impressed|2|02,"370712b, 376400",5,0.99557319156528978,0.0011079935581957967,245,243
fixed_train,5,3,impressed|2|02,"370712b, 376400",6,0.99557319156528978,0.0033255947606819491,245,243
fixed_train,5,3,impressed|2|02,"370712b, 376400",7,0.99557319156528978,0.0022165220684513542,245,242
fixed_train,5,3,impressed|2|02,"370712b, 376400",8,0.99557319156528978,0.0022165220684513542,245,243
fixed_train,5,3,impressed|2|02,"370712b, 376400",9,0.99557319156528978,0.0011079935581957967,245,242
fixed_train,5,3,impressed|2|03,"ac411100, ac419100",0,0.99557319156528978,0.030955573850326878,352,319
fixed_train,5,3,impressed|2|03,"ac411100, ac419100",1,0.99557319156528978,0.033166972743141732,352,319
fixed_train,5,3,impressed|2|03,"ac411100, ac419100",2,0.99557319156528978,0.027660150929233018,352,325
fixed_train,5,3,impressed|2|03,"ac411100, ac419100",3,0.99557319156528978,0.034231191642220438,352,328
fixed_train,5,3,impressed|2|03,"ac411100, ac419100",4,0.99557319156528978,0.037553512638821118,352,326
fixed_train,5,3,impressed|2|03,"ac411100, ac419100",5,0.99557319156528978,0.033166972743141732,352,320
fixed_train,5,3,impressed|2|03,"ac411100, ac419100",6,0.99557319156528978,0.02764561250184483,352,320
fixed_train,5,3,impressed|2|03,"ac411100, ac419100",7,0.99557319156528978,0.034247467178603275,352,321
fixed_train,5,3,impressed|2|03,"ac411100, ac419100",8,0.99557319156528978,0.034247467178603275,352,322
fixed_train,5,3,impressed|2|03,"ac411100, ac419100",9,0.99557319156528978,0.027660150929233018,352,328
fixed_train,5,3,impressed|2|04,"370401c, ac370000",0,0.99557319156528978,0.027705894567798262,477,477
fixed_train,5,3,impressed|2|04,"370401c, ac370000",1,0.99557319156528978,0.023273797601935042,477,476
fixed_train,5,3,impressed|2|04,"370401c, ac370000",2,0.99557319156528978,0.024374786871553922,477,473
fixed_train,5,3,impressed|2|04,"370401c, ac370000",3,0.99557319156528978,0.018830401151465948,477,470
fixed_train,5,3,impressed|2|04,"370401c, ac370000",4,0.99557319156528978,0.024388937088100304,477,473
fixed_train,5,3,impressed|2|04,"370401c, ac370000",5,0.99557319156528978,0.022159279540302834,477,474
fixed_train,5,3,impressed|2|04,"370401c, ac370000",6,0.99557319156528978,0.022172341278653307,477,476
fixed_train,5,3,impressed|2|04,"370401c, ac370000",7,0.99557319156528978,0.022159279540302834,477,473
fixed_train,5,3,impressed|2|04,"370401c, ac370000",8,0.99557319156528978,0.025461122326982721,477,474
fixed_train,5,3,impressed|2|04,"370401c, ac370000",9,0.99557319156528978,0.026590294202805009,477,476
fixed_train,5,3,impressed|2|05,"ac370000, ac370403",0,0.99557319156528978,0.028822128706994188,488,484
fixed_train,5,3,impressed|2|05,"ac370000, ac370403",1,0.99557319156528978,0.028855898445262151,488,486
fixed_train,5,3,impressed|2|05,"ac370000, ac370403",2,0.99557319156528978,0.02769029051762828,488,482
fixed_train,5,3,impressed|2|05,"ac370000, ac370403",3,0.99557319156528978,0.026575400580043596,488,485
fixed_train,5,3,impressed|2|05,"ac370000, ac370403",4,0.99557319156528978,0.024403409072770499,488,484
fixed_train,5,3,impressed|2|05,"ac370000, ac370403",5,0.99557319156528978,0.032120235200709613,488,485
fixed_train,5,3,impressed|2|05,"ac370000, ac370403",6,0.99557319156528978,0.022159279540302834,488,486
fixed_train,5,3,impressed|2|05,"ac370000, ac370403",7,0.99557319156528978,0.028855898445262151,488,485
fixed_train,5,3,impressed|2|05,"ac370000, ac370403",8,0.99557319156528978,0.031021308865307073,488,484
fixed_train,5,3,impressed|2|05,"ac370000, ac370403",9,0.99557319156528978,0.028774254825616796,488,486
fixed_train,5,3,impressed|2|06,"ac411100, ac415100",0,0.99557319156528978,0.02540763275270308,173,167
fixed_train,5,3,impressed|2|06,"ac411100, ac415100",1,0.99557319156528978,0.027604105914746602,173,165
fixed_train,5,3,impressed|2|06,"ac411100, ac415100",2,0.99557319156528978,0.037502551103695381,173,170
fixed_train,5,3,impressed|2|06,"ac411100, ac415100",3,0.99557319156528978,0.026519248781197935,173,169
fixed_train,5,3,impressed|2|06,"ac411100, ac415100",4,0.99557319156528978,0.025447257179995297,173,167
fixed_train,5,3,impressed|2|06,"ac411100, ac415100",5,0.99557319156528978,0.030896048232320061,173,169
fixed_train,5,3,impressed|2|06,"ac411100, ac415100",6,0.99557319156528978,0.033150546756035348,173,166
fixed_train,5,3,impressed|2|06,"ac411100, ac415100",7,0.99557319156528978,0.03203750857212817,173,166
fixed_train,5,3,impressed|2|06,"ac411100, ac415100",8,0.99557319156528978,0.028715550307551241,173,172
fixed_train,5,3,impressed|2|06,"ac411100, ac415100",9,0.99557319156528978,0.02323436343075802,173,172
fixed_train,5,3,impressed|2|07,"ac415100, ac419100",0,0.99557319156528978,0.02763142643773131,197,182
fixed_train,5,3,impressed|2|07,"ac415100, ac419100",1,0.99557319156528978,0.030925040890368738,197,183
fixed_train,5,3,impressed|2|07,"ac415100, ac419100",2,0.99557319156528978,0.030925040890368738,197,186
fixed_train,5,3,impressed|2|07,"ac415100, ac419100",3,0.99557319156528978,0.026506059724733855,197,183
fixed_train,5,3,impressed|2|07,"ac415100, ac419100",4,0.99557319156528978,0.02432137717188243,197,183
fixed_train,5,3,impressed|2|07,"ac415100, ac419100",5,0.99557319156528978,0.032007213911949939,197,186
fixed_train,5,3,impressed|2|07,"ac415100, ac419100",6,0.99557319156528978,0.03203750857212817,197,184
fixed_train,5,3,impressed|2|07,"ac415100, ac419100",7,0.99557319156528978,0.033088934310179119,197,183
fixed_train,5,3,impressed|2|07,"ac415100, ac419100",8,0.99557319156528978,0.034215336478414238,197,190
fixed_train,5,3,impressed|2|07,"ac415100, ac419100",9,0.99557319156528978,0.025420513687907875,197,185
fixed_train,5,3,impressed|2|08,"ac10307, ac419100",0,0.99557319156528978,0.0077497559496830792,95,93
fixed_train,5,3,impressed|2|08,"ac10307, ac419100",1,0.99557319156528978,0.0099705117853037262,95,91
fixed_train,5,3,impressed|2|08,"ac10307, ac419100",2,0.99557319156528978,0.011067021086775819,95,93
fixed_train,5,3,impressed|2|08,"ac10307, ac419100",3,0.99557319156528978,0.0088727664219714342,95,95
fixed_train,5,3,impressed|2|08,"ac10307, ac419100",4,0.99557319156528978,0.008859852571612814,95,90
fixed_train,5,3,impressed|2|08,"ac10307, ac419100",5,0.99557319156528978,0.008859852571612814,95,94
fixed_train,5,3,impressed|2|08,"ac10307, ac419100",6,0.99557319156528978,0.0099775067043453847,95,91
fixed_train,5,3,impressed|2|08,"ac10307, ac419100",7,0.99557319156528978,0.01219355518727705,95,90
fixed_train,5,3,impressed|2|08,"ac10307, ac419100",8,0.99557319156528978,0.0077555394437630598,95,90
fixed_train,5,3,impressed|2|08,"ac10307, ac419100",9,0.99557319156528978,0.0066454090705588831,95,91
fixed_train,5,3,impressed|2|09,"ac10307, ac411100",0,0.99557319156528978,0.011089362231418542,105,102
fixed_train,5,3,impressed|2|09,"ac10307, ac411100",1,0.99557319156528978,0.0088662355527961978,105,99
fixed_train,5,3,impressed|2|09,"ac10307, ac411100",2,0.99557319156528978,0.0088662355527961978,105,96
fixed_train,5,3,impressed|2|09,"ac10307, ac411100",3,0.99557319156528978,0.0099775067043453847,105,101
fixed_train,5,3,impressed|2|09,"ac10307, ac411100",4,0.99557319156528978,0.011074296072666745,105,104
fixed_train,5,3,impressed|2|09,"ac10307, ac411100",5,0.99557319156528978,0.013297250215298484,105,102
fixed_train,5,3,impressed|2|09,"ac10307, ac411100",6,0.99557319156528978,0.011067021086775819,105,102
fixed_train,5,3,impressed|2|09,"ac10307, ac411100",7,0.99557319156528978,0.01219355518727705,105,101
fixed_train,5,3,impressed|2|09,"ac10307, ac411100",8,0.99557319156528978,0.012169894684570748,105,101
fixed_train,5,3,impressed|2|09,"ac10307, ac411100",9,0.99557319156528978,0.0077555394437630598,105,98
fixed_train,5,3,impressed|2|10,"ac355201, ac415100",0,0.99557319156528978,0.0011054259383834752,26,25
fixed_train,5,3,impressed|2|10,"ac355201, ac415100",1,0.99557319156528978,0.0011054259383834752,26,26
fixed_train,5,3,impressed|2|10,"ac355201, ac415100",2,0.99557319156528978,0.0022134042173551638,26,25
fixed_train,5,3,impressed|2|10,"ac355201, ac415100",3,0.99557319156528978,0.004422749087413691,26,25
fixed_train,5,3,impressed|2|10,"ac355201, ac415100",4,0.99557319156528978,0.003314810412044511,26,26
fixed_train,5,3,impressed|2|10,"ac355201, ac415100",5,0.99557319156528978,0.0011054259383834752,26,25
fixed_train,5,3,impressed|2|10,"ac355201, ac415100",6,0.99557319156528978,0,26,25
fixed_train,5,3,impressed|2|10,"ac355201, ac415100",7,0.99557319156528978,0.0011054259383834752,26,25
fixed_train,5,3,impressed|2|10,"ac355201, ac415100",8,0.99557319156528978,0.0022134042173551638,26,25
fixed_train,5,3,impressed|2|10,"ac355201, ac415100",9,0.99557319156528978,0.0011054259383834752,26,23
fixed_train,5,3,impressed|3|01,"376400, 377498a, ac372417",0,0.99557319156528978,0.0022165220684513542,237,235
fixed_train,5,3,impressed|3|01,"376400, 377498a, ac372417",1,0.99557319156528978,0,237,233
fixed_train,5,3,impressed|3|01,"376400, 377498a, ac372417",2,0.99557319156528978,0.0011079935581957967,237,237
fixed_train,5,3,impressed|3|01,"376400, 377498a, ac372417",3,0.99557319156528978,0,237,237
fixed_train,5,3,impressed|3|01,"376400, 377498a, ac372417",4,0.99557319156528978,0.0022165220684513542,237,237
fixed_train,5,3,impressed|3|01,"376400, 377498a, ac372417",5,0.99557319156528978,0.0011079935581957967,237,235
fixed_train,5,3,impressed|3|01,"376400, 377498a, ac372417",6,0.99557319156528978,0.0011079935581957967,237,235
fixed_train,5,3,impressed|3|01,"376400, 377498a, ac372417",7,0.99557319156528978,0,237,233
fixed_train,5,3,impressed|3|01,"376400, 377498a, ac372417",8,0.99557319156528978,0.0011079935581957967,237,237
fixed_train,5,3,impressed|3|01,"376400, 377498a, ac372417",9,0.99557319156528978,0,237,236
fixed_train,5,3,impressed|3|02,"ac411100, ac415100, ac419100",0,0.99557319156528978,0.026506059724733855,162,154
fixed_train,5,3,impressed|3|02,"ac411100, ac415100, ac419100",1,0.99557319156528978,0.030910352751314485,162,159
fixed_train,5,3,impressed|3|02,"ac411100, ac415100, ac419100",2,0.99557319156528978,0.029799091345485751,162,156
fixed_train,5,3,impressed|3|02,"ac411100, ac415100, ac419100",3,0.99557319156528978,0.025420513687907875,162,158
fixed_train,5,3,impressed|3|02,"ac411100, ac415100, ac419100",4,0.99557319156528978,0.024308816122918797,162,159
fixed_train,5,3,impressed|3|02,"ac411100, ac415100, ac419100",5,0.99557319156528978,0.027604105914746602,162,156
fixed_train,5,3,impressed|3|02,"ac411100, ac415100, ac419100",6,0.99557319156528978,0.029813134490571214,162,156
fixed_train,5,3,impressed|3|02,"ac411100, ac415100, ac419100",7,0.99557319156528978,0.02870178017718783,162,156
fixed_train,5,3,impressed|3|02,"ac411100, ac415100, ac419100",8,0.99557319156528978,0.030896048232320061,162,156
fixed_train,5,3,impressed|3|02,"ac411100, ac415100, ac419100",9,0.99557319156528978,0.027604105914746602,162,156
fixed_train,5,3,impressed|3|03,"ac10307, ac411100, ac419100",0,0.99557319156528978,0.0077555394437630598,90,84
fixed_train,5,3,impressed|3|03,"ac10307, ac411100, ac419100",1,0.99557319156528978,0.0099705117853037262,90,85
fixed_train,5,3,impressed|3|03,"ac10307, ac411100, ac419100",2,0.99557319156528978,0.0099705117853037262,90,89
fixed_train,5,3,impressed|3|03,"ac10307, ac411100, ac419100",3,0.99557319156528978,0.0055405671022223935,90,86
fixed_train,5,3,impressed|3|03,"ac10307, ac411100, ac419100",4,0.99557319156528978,0.008859852571612814,90,87
fixed_train,5,3,impressed|3|03,"ac10307, ac411100, ac419100",5,0.99557319156528978,0.0077675128460849008,90,86
fixed_train,5,3,impressed|3|03,"ac10307, ac411100, ac419100",6,0.99557319156528978,0.0077497559496830792,90,89
fixed_train,5,3,impressed|3|03,"ac10307, ac411100, ac419100",7,0.99557319156528978,0.0066454090705588831,90,88
fixed_train,5,3,impressed|3|03,"ac10307, ac411100, ac419100",8,0.99557319156528978,0.0088727664219714342,90,90
fixed_train,5,3,impressed|3|03,"ac10307, ac411100, ac419100",9,0.99557319156528978,0.011074296072666745,90,87
fixed_train,5,3,impressed|3|04,"ac356134, ac411100, ac419100",0,0.99557319156528978,0.0055267015111171158,53,53
fixed_train,5,3,impressed|3|04,"ac356134, ac411100, ac419100",1,0.99557319156528978,0.0011054259383834752,53,53
fixed_train,5,3,impressed|3|04,"ac356134, ac411100, ac419100",2,0.99557319156528978,0.0022103597068826586,53,53
fixed_train,5,3,impressed|3|04,"ac356134, ac411100, ac419100",3,0.99557319156528978,0.0033183196876209742,53,53
fixed_train,5,3,impressed|3|04,"ac356134, ac411100, ac419100",4,0.99557319156528978,0.003314810412044511,53,53
fixed_train,5,3,impressed|3|04,"ac356134, ac411100, ac419100",5,0.99557319156528978,0.0044187871365490849,53,53
fixed_train,5,3,impressed|3|04,"ac356134, ac411100, ac419100",6,0.99557319156528978,0.0055267015111171158,53,53
fixed_train,5,3,impressed|3|04,"ac356134, ac411100, ac419100",7,0.99557319156528978,0.004422749087413691,53,53
fixed_train,5,3,impressed|3|04,"ac356134, ac411100, ac419100",8,0.99557319156528978,0.0077279639009026901,53,53
fixed_train,5,3,impressed|3|04,"ac356134, ac411100, ac419100",9,0.99557319156528978,0.0022103597068826586,53,53
fixed_train,5,3,impressed|3|05,"ac355201, ac415100, ac419100",0,0.99557319156528978,0.0011079935581957967,26,26
fixed_train,5,3,impressed|3|05,"ac355201, ac415100, ac419100",1,0.99557319156528978,0,26,25
fixed_train,5,3,impressed|3|05,"ac355201, ac415100, ac419100",2,0.99557319156528978,2.0785673974232921e-06,26,26
fixed_train,5,3,impressed|3|05,"ac355201, ac415100, ac419100",3,0.99557319156528978,-0.0011059272389666308,26,25
fixed_train,5,3,impressed|3|05,"ac355201, ac415100, ac419100",4,0.99557319156528978,0.0022103597068826586,26,26
fixed_train,5,3,impressed|3|05,"ac355201, ac415100, ac419100",5,0.99557319156528978,0,26,25
fixed_train,5,3,impressed|3|05,"ac355201, ac415100, ac419100",6,0.99557319156528978,0.0022103597068826586,26,26
fixed_train,5,3,impressed|3|05,"ac355201, ac415100, ac419100",7,0.99557319156528978,0,26,26
fixed_train,5,3,impressed|3|05,"ac355201, ac415100, ac419100",8,0.99557319156528978,0.0022134042173551638,26,26
fixed_train,5,3,impressed|3|05,"ac355201, ac415100, ac419100",9,0.99557319156528978,0,26,26
fixed_train,5,3,impressed|3|06,"ac355201, ac411100, ac419100",0,0.99557319156528978,0.0044268084347104386,31,31
fixed_train,5,3,impressed|3|06,"ac355201, ac411100, ac419100",1,0.99557319156528978,0.0011079935581957967,31,31
fixed_train,5,3,impressed|3|06,"ac355201, ac411100, ac419100",2,0.99557319156528978,0.0022165220684513542,31,31
fixed_train,5,3,impressed|3|06,"ac355201, ac411100, ac419100",3,0.99557319156528978,0.0011054259383834752,31,30
fixed_train,5,3,impressed|3|06,"ac355201, ac411100, ac419100",4,0.99557319156528978,0,31,31
fixed_train,5,3,impressed|3|06,"ac355201, ac411100, ac419100",5,0.99557319156528978,0.0011079935581957967,31,31
fixed_train,5,3,impressed|3|06,"ac355201, ac411100, ac419100",6,0.99557319156528978,0.0011054259383834752,31,31
fixed_train,5,3,impressed|3|06,"ac355201, ac411100, ac419100",7,0.99557319156528978,0.0011079935581957967,31,31
fixed_train,5,3,impressed|3|06,"ac355201, ac411100, ac419100",8,0.99557319156528978,0.0033183196876209742,31,31
fixed_train,5,3,impressed|3|06,"ac355201, ac411100, ac419100",9,0.99557319156528978,0.0044309655695051742,31,30
fixed_train,5,3,impressed|3|07,"ac355427, ac411100, ac419100",0,0.99557319156528978,0.0011079935581957967,19,18
fixed_train,5,3,impressed|3|07,"ac355427, ac411100, ac419100",1,0.99557319156528978,0.0033183196876209742,19,19
fixed_train,5,3,impressed|3|07,"ac355427, ac411100, ac419100",2,0.99557319156528978,0.0011079935581957967,19,19
fixed_train,5,3,impressed|3|07,"ac355427, ac411100, ac419100",3,0.99557319156528978,0.0011079935581957967,19,17
fixed_train,5,3,impressed|3|07,"ac355427, ac411100, ac419100",4,0.99557319156528978,0.0022134042173551638,19,18
fixed_train,5,3,impressed|3|07,"ac355427, ac411100, ac419100",5,0.99557319156528978,0.0011079935581957967,19,19
fixed_train,5,3,impressed|3|07,"ac355427, ac411100, ac419100",6,0.99557319156528978,0.0011079935581957967,19,18
fixed_train,5,3,impressed|3|07,"ac355427, ac411100, ac419100",7,0.99557319156528978,0.0022134042173551638,19,19
fixed_train,5,3,impressed|3|07,"ac355427, ac411100, ac419100",8,0.99557319156528978,0.0011079935581957967,19,19
fixed_train,5,3,impressed|3|07,"ac355427, ac411100, ac419100",9,0.99557319156528978,0.0022134042173551638,19,18
fixed_train,5,3,impressed|3|08,"376400, ac370000, ac411100",0,0.99557319156528978,0.0066561706125245479,14,14
fixed_train,5,3,impressed|3|08,"376400, ac370000, ac411100",1,0.99557319156528978,0.0044352208902941337,14,14
fixed_train,5,3,impressed|3|08,"376400, ac370000, ac411100",2,0.99557319156528978,0.0066561706125245479,14,13
fixed_train,5,3,impressed|3|08,"376400, ac370000, ac411100",3,0.99557319156528978,0.0077675128460849008,14,14
fixed_train,5,3,impressed|3|08,"376400, ac370000, ac411100",4,0.99557319156528978,0.0033255947606819491,14,13
fixed_train,5,3,impressed|3|08,"376400, ac370000, ac411100",5,0.99557319156528978,0.0066561706125245479,14,14
fixed_train,5,3,impressed|3|08,"376400, ac370000, ac411100",6,0.99557319156528978,0.0044352208902941337,14,14
fixed_train,5,3,impressed|3|08,"376400, ac370000, ac411100",7,0.99557319156528978,0.0077675128460849008,14,13
fixed_train,5,3,impressed|3|08,"376400, ac370000, ac411100",8,0.99557319156528978,0.0044352208902941337,14,14
fixed_train,5,3,impressed|3|08,"376400, ac370000, ac411100",9,0.99557319156528978,0.0066561706125245479,14,14
fixed_train,5,3,impressed|3|09,"376400, ac370419, ac378452",0,0.99557319156528978,0.0011079935581957967,3,3
fixed_train,5,3,impressed|3|09,"376400, ac370419, ac378452",1,0.99557319156528978,0,3,3
fixed_train,5,3,impressed|3|09,"376400, ac370419, ac378452",2,0.99557319156528978,0,3,3
fixed_train,5,3,impressed|3|09,"376400, ac370419, ac378452",3,0.99557319156528978,0,3,3
fixed_train,5,3,impressed|3|09,"376400, ac370419, ac378452",4,0.99557319156528978,0,3,3
fixed_train,5,3,impressed|3|09,"376400, ac370419, ac378452",5,0.99557319156528978,0,3,3
fixed_train,5,3,impressed|3|09,"376400, ac370419, ac378452",6,0.99557319156528978,0.0011079935581957967,3,3
fixed_train,5,3,impressed|3|09,"376400, ac370419, ac378452",7,0.99557319156528978,0,3,3
fixed_train,5,3,impressed|3|09,"376400, ac370419, ac378452",8,0.99557319156528978,0.0011079935581957967,3,3
fixed_train,5,3,impressed|3|09,"376400, ac370419, ac378452",9,0.99557319156528978,0,3,3
fixed_train,5,3,impressed|3|10,"ac410500, ac411100, ac415100",0,0.99557319156528978,0.004422749087413691,14,14
fixed_train,5,3,impressed|3|10,"ac410500, ac411100, ac415100",1,0.99557319156528978,0.0022103597068826586,14,14
fixed_train,5,3,impressed|3|10,"ac410500, ac411100, ac415100",2,0.99557319156528978,0.0033183196876209742,14,14
fixed_train,5,3,impressed|3|10,"ac410500, ac411100, ac415100",3,0.99557319156528978,0.0022134042173551638,14,14
fixed_train,5,3,impressed|3|10,"ac410500, ac411100, ac415100",4,0.99557319156528978,0.0022103597068826586,14,14
fixed_train,5,3,impressed|3|10,"ac410500, ac411100, ac415100",5,0.99557319156528978,0.0033183196876209742,14,13
fixed_train,5,3,impressed|3|10,"ac410500, ac411100, ac415100",6,0.99557319156528978,0.0011054259383834752,14,14
fixed_train,5,3,impressed|3|10,"ac410500, ac411100, ac415100",7,0.99557319156528978,0.0033183196876209742,14,13
fixed_train,5,3,impressed|3|10,"ac410500, ac411100, ac415100",8,0.99557319156528978,0.0055267015111171158,14,14
fixed_train,5,3,impressed|3|10,"ac410500, ac411100, ac415100",9,0.99557319156528978,0.0022103597068826586,14,14
fixed_test,5,4,apriori|1|01,ac370000,0,0.92061154885500929,-0.013074745683332223,149,149
fixed_test,5,4,apriori|1|01,ac370000,1,0.92061154885500929,-0.0043545229142840647,149,148
fixed_test,5,4,apriori|1|01,ac370000,2,0.92061154885500929,-0.017325144996572672,149,146
fixed_test,5,4,apriori|1|01,ac370000,3,0.92061154885500929,-0.0037885947741729264,149,148
fixed_test,5,4,apriori|1|01,ac370000,4,0.92061154885500929,-0.013182043882602579,149,146
fixed_test,5,4,apriori|1|01,ac370000,5,0.92061154885500929,-0.0040982033028945652,149,147
fixed_test,5,4,apriori|1|01,ac370000,6,0.92061154885500929,-0.017547071280174742,149,148
fixed_test,5,4,apriori|1|01,ac370000,7,0.92061154885500929,-0.0084589584039413968,149,147
fixed_test,5,4,apriori|1|01,ac370000,8,0.92061154885500929,-0.0040982033028945652,149,147
fixed_test,5,4,apriori|1|01,ac370000,9,0.92061154885500929,-0.0083132876063579664,149,146
fixed_test,5,4,apriori|1|02,ac419100,0,0.92061154885500929,-0.00020322197736122316,137,113
fixed_test,5,4,apriori|1|02,ac419100,1,0.92061154885500929,0.0042442915947206172,137,111
fixed_test,5,4,apriori|1|02,ac419100,2,0.92061154885500929,0.0043515249073620144,137,107
fixed_test,5,4,apriori|1|02,ac419100,3,0.92061154885500929,0.0042442915947206172,137,111
fixed_test,5,4,apriori|1|02,ac419100,4,0.92061154885500929,-0.0088209390161101409,137,111
fixed_test,5,4,apriori|1|02,ac419100,5,0.92061154885500929,-0.013277943735238606,137,114
fixed_test,5,4,apriori|1|02,ac419100,6,0.92061154885500929,-0.013362601613639558,137,117
fixed_test,5,4,apriori|1|02,ac419100,7,0.92061154885500929,-0.017726120818566948,137,113
fixed_test,5,4,apriori|1|02,ac419100,8,0.92061154885500929,-0.013362601613639558,137,113
fixed_test,5,4,apriori|1|02,ac419100,9,0.92061154885500929,0.0085951368190423372,137,112
fixed_test,5,4,apriori|1|03,370407,0,0.92061154885500929,-0.017547071280174742,129,126
fixed_test,5,4,apriori|1|03,370407,1,0.92061154885500929,0.0089563772333178804,129,123
fixed_test,5,4,apriori|1|03,370407,2,0.92061154885500929,0.013047738198900705,129,129
fixed_test,5,4,apriori|1|03,370407,3,0.92061154885500929,0.013047738198900705,129,123
fixed_test,5,4,apriori|1|03,370407,4,0.92061154885500929,0,129,124
fixed_test,5,4,apriori|1|03,370407,5,0.92061154885500929,0.0044729980540342273,129,121
fixed_test,5,4,apriori|1|03,370407,6,0.92061154885500929,-0.012955879519611857,129,127
fixed_test,5,4,apriori|1|03,370407,7,0.92061154885500929,0.00025756655412434437,129,122
fixed_test,5,4,apriori|1|03,370407,8,0.92061154885500929,0.00012189439548693226,129,122
fixed_test,5,4,apriori|1|03,370407,9,0.92061154885500929,-0.0040982033028945652,129,123
fixed_test,5,4,apriori|1|04,ac370419,0,0.92061154885500929,0.00012189439548693226,126,117
fixed_test,5,4,apriori|1|04,ac370419,1,0.92061154885500929,-0.0043545229142840647,126,122
fixed_test,5,4,apriori|1|04,ac370419,2,0.92061154885500929,-0.0087125884423439048,126,120
fixed_test,5,4,apriori|1|04,ac370419,3,0.92061154885500929,-0.0085919909679995632,126,119
fixed_test,5,4,apriori|1|04,ac370419,4,0.92061154885500929,-0.0042329182884445204,126,123
fixed_test,5,4,apriori|1|04,ac370419,5,0.92061154885500929,-0.0043545229142840647,126,119
fixed_test,5,4,apriori|1|04,ac370419,6,0.92061154885500929,0.004608909106443404,126,120
fixed_test,5,4,apriori|1|04,ac370419,7,0.92061154885500929,-0.0043545229142840647,126,118
fixed_test,5,4,apriori|1|04,ac370419,8,0.92061154885500929,0.0089563772333178804,126,124
fixed_test,5,4,apriori|1|04,ac370419,9,0.92061154885500929,-0.017547071280174742,126,122
fixed_test,5,4,apriori|1|05,ac370443,0,0.92061154885500929,-0.0043545229142840647,123,121
fixed_test,5,4,apriori|1|05,ac370443,1,0.92061154885500929,0,123,119
fixed_test,5,4,apriori|1|05,ac370443,2,0.92061154885500929,-0.0087125884423439048,123,118
fixed_test,5,4,apriori|1|05,ac370443,3,0.92061154885500929,-0.017441548490123471,123,118
fixed_test,5,4,apriori|1|05,ac370443,4,0.92061154885500929,-0.0087125884423439048,123,114
fixed_test,5,4,apriori|1|05,ac370443,5,0.92061154885500929,0.0088209390161100298,123,119
fixed_test,5,4,apriori|1|05,ac370443,6,0.92061154885500929,0.0043515249073620144,123,115
fixed_test,5,4,apriori|1|05,ac370443,7,0.92061154885500929,-0.0087125884423439048,123,118
fixed_test,5,4,apriori|1|05,ac370443,8,0.92061154885500929,0,123,112
fixed_test,5,4,apriori|1|05,ac370443,9,0.92061154885500929,0,123,115
fixed_test,5,4,apriori|1|06,ac370442,0,0.92061154885500929,-0.0043545229142840647,123,118
fixed_test,5,4,apriori|1|06,ac370442,1,0.92061154885500929,0.0044729980540342273,123,117
fixed_test,5,4,apriori|1|06,ac370442,2,0.92061154885500929,-0.0043545229142840647,123,117
fixed_test,5,4,apriori|1|06,ac370442,3,0.92061154885500929,0.0089563772333178804,123,114
fixed_test,5,4,apriori|1|06,ac370442,4,0.92061154885500929,0.0043515249073620144,123,115
fixed_test,5,4,apriori|1|06,ac370442,5,0.92061154885500929,0.0044729980540342273,123,115
fixed_test,5,4,apriori|1|06,ac370442,6,0.92061154885500929,0.00012189439548693226,123,117
fixed_test,5,4,apriori|1|06,ac370442,7,0.92061154885500929,0.0087005921784717444,123,120
fixed_test,5,4,apriori|1|06,ac370442,8,0.92061154885500929,-0.0087125884423439048,123,117
fixed_test,5,4,apriori|1|06,ac370442,9,0.92061154885500929,0.0043515249073620144,123,114
fixed_test,5,4,apriori|1|07,370712b,0,0.92061154885500929,-0.0042329182884445204,120,115
fixed_test,5,4,apriori|1|07,370712b,1,0.92061154885500929,-0.0043545229142840647,120,115
fixed_test,5,4,apriori|1|07,370712b,2,0.92061154885500929,-0.0043545229142840647,120,115
fixed_test,5,4,apriori|1|07,370712b,3,0.92061154885500929,-0.0087125884423439048,120,114
fixed_test,5,4,apriori|1|07,370712b,4,0.92061154885500929,0.0087005921784717444,120,115
fixed_test,5,4,apriori|1|07,370712b,5,0.92061154885500929,-0.0087125884423439048,120,115
fixed_test,5,4,apriori|1|07,370712b,6,0.92061154885500929,-0.0043545229142840647,120,113
fixed_test,5,4,apriori|1|07,370712b,7,0.92061154885500929,-0.0087125884423439048,120,114
fixed_test,5,4,apriori|1|07,370712b,8,0.92061154885500929,0.0087005921784717444,120,114
fixed_test,5,4,apriori|1|07,370712b,9,0.92061154885500929,-0.0043545229142840647,120,113
fixed_test,5,4,apriori|1|08,370715a,0,0.92061154885500929,-0.0043545229142840647,118,111
fixed_test,5,4,apriori|1|08,370715a,1,0.92061154885500929,0.00012189439548693226,118,114
fixed_test,5,4,apriori|1|08,370715a,2,0.92061154885500929,-0.0042329182884445204,118,117
fixed_test,5,4,apriori|1|08,370715a,3,0.92061154885500929,-0.013182043882602579,118,108
fixed_test,5,4,apriori|1|08,370715a,4,0.92061154885500929,0,118,113
fixed_test,5,4,apriori|1|08,370715a,5,0.92061154885500929,0.0044729980540342273,118,116
fixed_test,5,4,apriori|1|08,370715a,6,0.92061154885500929,-0.0043545229142840647,118,114
fixed_test,5,4,apriori|1|08,370715a,7,0.92061154885500929,-0.0044632094139382961,118,113
fixed_test,5,4,apriori|1|08,370715a,8,0.92061154885500929,-0.0087125884423439048,118,112
fixed_test,5,4,apriori|1|08,370715a,9,0.92061154885500929,0.00012189439548693226,118,116
fixed_test,5,4,apriori|1|09,ac370403,0,0.92061154885500929,-0.013074745683332223,118,111
fixed_test,5,4,apriori|1|09,ac370403,1,0.92061154885500929,0.0089563772333178804,118,112
fixed_test,5,4,apriori|1|09,ac370403,2,0.92061154885500929,-0.013074745683332223,118,115
fixed_test,5,4,apriori|1|09,ac370403,3,0.92061154885500929,-0.0042329182884445204,118,112
fixed_test,5,4,apriori|1|09,ac370403,4,0.92061154885500929,0.013300519022352741,118,114
fixed_test,5,4,apriori|1|09,ac370403,5,0.92061154885500929,0,118,113
fixed_test,5,4,apriori|1|09,ac370403,6,0.92061154885500929,0.0044729980540342273,118,110
fixed_test,5,4,apriori|1|09,ac370403,7,0.92061154885500929,0,118,111
fixed_test,5,4,apriori|1|09,ac370403,8,0.92061154885500929,-0.0042329182884445204,118,115
fixed_test,5,4,apriori|1|09,ac370403,9,0.92061154885500929,-0.013074745683332223,118,111
fixed_test,5,4,apriori|1|10,370488e,0,0.92061154885500929,-0.0087125884423439048,118,115
fixed_test,5,4,apriori|1|10,370488e,1,0.92061154885500929,-0.013074745683332223,118,115
fixed_test,5,4,apriori|1|10,370488e,2,0.92061154885500929,-0.0042329182884445204,118,111
fixed_test,5,4,apriori|1|10,370488e,3,0.92061154885500929,-0.0043545229142840647,118,115
fixed_test,5,4,apriori|1|10,370488e,4,0.92061154885500929,0.00012189439548693226,118,112
fixed_test,5,4,apriori|1|10,370488e,5,0.92061154885500929,-0.013182043882602579,118,113
fixed_test,5,4,apriori|1|10,370488e,6,0.92061154885500929,0.0044729980540342273,118,111
fixed_test,5,4,apriori|1|10,370488e,7,0.92061154885500929,0,118,113
fixed_test,5,4,apriori|1|10,370488e,8,0.92061154885500929,-0.0088209390161101409,118,110
fixed_test,5,4,apriori|1|10,370488e,9,0.92061154885500929,-0.0043545229142840647,118,113
fixed_test,5,4,apriori|2|01,"370407, ac370000",0,0.92061154885500929,0.030532032249507179,129,129
fixed_test,5,4,apriori|2|01,"370407, ac370000",1,0.92061154885500929,-0.0088209390161101409,129,129
fixed_test,5,4,apriori|2|01,"370407, ac370000",2,0.92061154885500929,-0.0042329182884445204,129,129
fixed_test,5,4,apriori|2|01,"370407, ac370000",3,0.92061154885500929,-0.0044632094139382961,129,127
fixed_test,5,4,apriori|2|01,"370407, ac370000",4,0.92061154885500929,0.013300519022352741,129,128
fixed_test,5,4,apriori|2|01,"370407, ac370000",5,0.92061154885500929,0,129,127
fixed_test,5,4,apriori|2|01,"370407, ac370000",6,0.92061154885500929,-0.0042329182884445204,129,128
fixed_test,5,4,apriori|2|01,"370407, ac370000",7,0.92061154885500929,0.017509496510818012,129,128
fixed_test,5,4,apriori|2|01,"370407, ac370000",8,0.92061154885500929,-0.01764187803222006,129,128
fixed_test,5,4,apriori|2|01,"370407, ac370000",9,0.92061154885500929,0.00012189439548693226,129,128
fixed_test,5,4,apriori|2|02,"ac370000, ac370419",0,0.92061154885500929,-0.017441548490123471,126,125
fixed_test,5,4,apriori|2|02,"ac370000, ac370419",1,0.92061154885500929,0.0088209390161100298,126,126
fixed_test,5,4,apriori|2|02,"ac370000, ac370419",2,0.92061154885500929,-0.0085919909679995632,126,126
fixed_test,5,4,apriori|2|02,"ac370000, ac370419",3,0.92061154885500929,-0.0085919909679995632,126,125
fixed_test,5,4,apriori|2|02,"ac370000, ac370419",4,0.92061154885500929,0.0044729980540342273,126,124
fixed_test,5,4,apriori|2|02,"ac370000, ac370419",5,0.92061154885500929,-0.0087125884423439048,126,126
fixed_test,5,4,apriori|2|02,"ac370000, ac370419",6,0.92061154885500929,-0.013182043882602579,126,125
fixed_test,5,4,apriori|2|02,"ac370000, ac370419",7,0.92061154885500929,-0.0042329182884445204,126,126
fixed_test,5,4,apriori|2|02,"ac370000, ac370419",8,0.92061154885500929,-0.0043545229142840647,126,125
fixed_test,5,4,apriori|2|02,"ac370000, ac370419",9,0.92061154885500929,-0.0043545229142840647,126,126
fixed_test,5,4,apriori|2|03,"ac370000, ac370443",0,0.92061154885500929,0,123,121
fixed_test,5,4,apriori|2|03,"ac370000, ac370443",1,0.92061154885500929,0.004608909106443404,123,123
fixed_test,5,4,apriori|2|03,"ac370000, ac370443",2,0.92061154885500929,-0.0085919909679995632,123,123
fixed_test,5,4,apriori|2|03,"ac370000, ac370443",3,0.92061154885500929,-0.0043545229142840647,123,123
fixed_test,5,4,apriori|2|03,"ac370000, ac370443",4,0.92061154885500929,-0.012955879519611857,123,123
fixed_test,5,4,apriori|2|03,"ac370000, ac370443",5,0.92061154885500929,-0.013182043882602579,123,121
fixed_test,5,4,apriori|2|03,"ac370000, ac370443",6,0.92061154885500929,0.0044729980540342273,123,121
fixed_test,5,4,apriori|2|03,"ac370000, ac370443",7,0.92061154885500929,-0.0084589584039413968,123,122
fixed_test,5,4,apriori|2|03,"ac370000, ac370443",8,0.92061154885500929,0.0089563772333178804,123,123
fixed_test,5,4,apriori|2|03,"ac370000, ac370443",9,0.92061154885500929,0.0047594729138226155,123,123
fixed_test,5,4,apriori|2|04,"ac370419, ac370443",0,0.92061154885500929,-0.0044632094139382961,123,123
fixed_test,5,4,apriori|2|04,"ac370419, ac370443",1,0.92061154885500929,-0.013074745683332223,123,122
fixed_test,5,4,apriori|2|04,"ac370419, ac370443",2,0.92061154885500929,-0.013074745683332223,123,123
fixed_test,5,4,apriori|2|04,"ac370419, ac370443",3,0.92061154885500929,-0.0087125884423439048,123,123
fixed_test,5,4,apriori|2|04,"ac370419, ac370443",4,0.92061154885500929,-0.0043545229142840647,123,122
fixed_test,5,4,apriori|2|04,"ac370419, ac370443",5,0.92061154885500929,-0.0085919909679995632,123,123
fixed_test,5,4,apriori|2|04,"ac370419, ac370443",6,0.92061154885500929,-0.013074745683332223,123,123
fixed_test,5,4,apriori|2|04,"ac370419, ac370443",7,0.92061154885500929,-0.0043545229142840647,123,123
fixed_test,5,4,apriori|2|04,"ac370419, ac370443",8,0.92061154885500929,-0.0042329182884445204,123,123
fixed_test,5,4,apriori|2|04,"ac370419, ac370443",9,0.92061154885500929,-0.0087125884423439048,123,123
fixed_test,5,4,apriori|2|05,"370407, ac370419",0,0.92061154885500929,-0.0088209390161101409,122,122
fixed_test,5,4,apriori|2|05,"370407, ac370419",1,0.92061154885500929,0.00012189439548693226,122,122
fixed_test,5,4,apriori|2|05,"370407, ac370419",2,0.92061154885500929,-0.0087125884423439048,122,122
fixed_test,5,4,apriori|2|05,"370407, ac370419",3,0.92061154885500929,-0.0085919909679995632,122,121
fixed_test,5,4,apriori|2|05,"370407, ac370419",4,0.92061154885500929,-0.0042329182884445204,122,120
fixed_test,5,4,apriori|2|05,"370407, ac370419",5,0.92061154885500929,-0.0043545229142840647,122,122
fixed_test,5,4,apriori|2|05,"370407, ac370419",6,0.92061154885500929,-0.013074745683332223,122,121
fixed_test,5,4,apriori|2|05,"370407, ac370419",7,0.92061154885500929,-0.0043545229142840647,122,122
fixed_test,5,4,apriori|2|05,"370407, ac370419",8,0.92061154885500929,0.0089563772333178804,122,122
fixed_test,5,4,apriori|2|05,"370407, ac370419",9,0.92061154885500929,-0.0087125884423439048,122,122
fixed_test,5,4,apriori|2|06,"ac370000, ac370442",0,0.92061154885500929,-0.0042329182884445204,123,123
fixed_test,5,4,apriori|2|06,"ac370000, ac370442",1,0.92061154885500929,0.00012189439548693226,123,123
fixed_test,5,4,apriori|2|06,"ac370000, ac370442",2,0.92061154885500929,0.0047594729138226155,123,123
fixed_test,5,4,apriori|2|06,"ac370000, ac370442",3,0.92061154885500929,0.0044729980540342273,123,122
fixed_test,5,4,apriori|2|06,"ac370000, ac370442",4,0.92061154885500929,-0.012955879519611857,123,122
fixed_test,5,4,apriori|2|06,"ac370000, ac370442",5,0.92061154885500929,-0.0087125884423439048,123,122
fixed_test,5,4,apriori|2|06,"ac370000, ac370442",6,0.92061154885500929,-0.0043545229142840647,123,123
fixed_test,5,4,apriori|2|06,"ac370000, ac370442",7,0.92061154885500929,-0.0087125884423439048,123,123
fixed_test,5,4,apriori|2|06,"ac370000, ac370442",8,0.92061154885500929,-0.0088209390161101409,123,121
fixed_test,5,4,apriori|2|06,"ac370000, ac370442",9,0.92061154885500929,0.00012189439548693226,123,123
fixed_test,5,4,apriori|2|07,"ac370419, ac370442",0,0.92061154885500929,-0.013074745683332223,123,120
fixed_test,5,4,apriori|2|07,"ac370419, ac370442",1,0.92061154885500929,-0.0042329182884445204,123,123
fixed_test,5,4,apriori|2|07,"ac370419, ac370442",2,0.92061154885500929,-0.017547071280174742,123,123
fixed_test,5,4,apriori|2|07,"ac370419, ac370442",3,0.92061154885500929,-0.0087125884423439048,123,123
fixed_test,5,4,apriori|2|07,"ac370419, ac370442",4,0.92061154885500929,-0.0043545229142840647,123,123
fixed_test,5,4,apriori|2|07,"ac370419, ac370442",5,0.92061154885500929,-0.0087125884423439048,123,123
fixed_test,5,4,apriori|2|07,"ac370419, ac370442",6,0.92061154885500929,-0.0085919909679995632,123,123
fixed_test,5,4,apriori|2|07,"ac370419, ac370442",7,0.92061154885500929,-0.0042329182884445204,123,123
fixed_test,5,4,apriori|2|07,"ac370419, ac370442",8,0.92061154885500929,-0.0043545229142840647,123,123
fixed_test,5,4,apriori|2|07,"ac370419, ac370442",9,0.92061154885500929,-0.013074745683332223,123,123
fixed_test,5,4,apriori|2|08,"ac370442, ac370443",0,0.92061154885500929,-0.0087125884423439048,123,123
fixed_test,5,4,apriori|2|08,"ac370442, ac370443",1,0.92061154885500929,-0.013074745683332223,123,123
fixed_test,5,4,apriori|2|08,"ac370442, ac370443",2,0.92061154885500929,-0.013074745683332223,123,122
fixed_test,5,4,apriori|2|08,"ac370442, ac370443",3,0.92061154885500929,-0.0087125884423439048,123,122
fixed_test,5,4,apriori|2|08,"ac370442, ac370443",4,0.92061154885500929,-0.0042329182884445204,123,123
fixed_test,5,4,apriori|2|08,"ac370442, ac370443",5,0.92061154885500929,0.0044729980540342273,123,123
fixed_test,5,4,apriori|2|08,"ac370442, ac370443",6,0.92061154885500929,-0.0087125884423439048,123,123
fixed_test,5,4,apriori|2|08,"ac370442, ac370443",7,0.92061154885500929,-0.013182043882602579,123,123
fixed_test,5,4,apriori|2|08,"ac370442, ac370443",8,0.92061154885500929,-0.017441548490123471,123,122
fixed_test,5,4,apriori|2|08,"ac370442, ac370443",9,0.92061154885500929,-0.0087125884423439048,123,123
fixed_test,5,4,apriori|2|09,"370407, ac370443",0,0.92061154885500929,-0.0085919909679995632,120,120
fixed_test,5,4,apriori|2|09,"370407, ac370443",1,0.92061154885500929,-0.0042329182884445204,120,119
fixed_test,5,4,apriori|2|09,"370407, ac370443",2,0.92061154885500929,-0.013074745683332223,120,120
fixed_test,5,4,apriori|2|09,"370407, ac370443",3,0.92061154885500929,-0.013074745683332223,120,120
fixed_test,5,4,apriori|2|09,"370407, ac370443",4,0.92061154885500929,-0.0085919909679995632,120,120
fixed_test,5,4,apriori|2|09,"370407, ac370443",5,0.92061154885500929,-0.017547071280174742,120,118
fixed_test,5,4,apriori|2|09,"370407, ac370443",6,0.92061154885500929,-0.01764187803222006,120,119
fixed_test,5,4,apriori|2|09,"370407, ac370443",7,0.92061154885500929,-0.013074745683332223,120,120
fixed_test,5,4,apriori|2|09,"370407, ac370443",8,0.92061154885500929,0.00025756655412434437,120,120
fixed_test,5,4,apriori|2|09,"370407, ac370443",9,0.92061154885500929,-0.0087125884423439048,120,120
fixed_test,5,4,apriori|2|10,"370407, ac370442",0,0.92061154885500929,-0.0043545229142840647,120,120
fixed_test,5,4,apriori|2|10,"370407, ac370442",1,0.92061154885500929,-0.0085919909679995632,120,119
fixed_test,5,4,apriori|2|10,"370407, ac370442",2,0.92061154885500929,0.0043515249073620144,120,119
fixed_test,5,4,apriori|2|10,"370407, ac370442",3,0.92061154885500929,-0.017547071280174742,120,120
fixed_test,5,4,apriori|2|10,"370407, ac370442",4,0.92061154885500929,-0.0085919909679995632,120,119
fixed_test,5,4,apriori|2|10,"370407, ac370442",5,0.92061154885500929,-0.013074745683332223,120,120
fixed_test,5,4,apriori|2|10,"370407, ac370442",6,0.92061154885500929,-0.0085919909679995632,120,120
fixed_test,5,4,apriori|2|10,"370407, ac370442",7,0.92061154885500929,-0.0042329182884445204,120,120
fixed_test,5,4,apriori|2|10,"370407, ac370442",8,0.92061154885500929,-0.013074745683332223,120,119
fixed_test,5,4,apriori|2|10,"370407, ac370442",9,0.92061154885500929,-0.0088209390161101409,120,120
fixed_test,5,4,apriori|3|01,"ac370000, ac370419, ac370443",0,0.92061154885500929,-0.012955879519611857,123,123
fixed_test,5,4,apriori|3|01,"ac370000, ac370419, ac370443",1,0.92061154885500929,-0.0043545229142840647,123,123
fixed_test,5,4,apriori|3|01,"ac370000, ac370419, ac370443",2,0.92061154885500929,0.021980993549962524,123,123
fixed_test,5,4,apriori|3|01,"ac370000, ac370419, ac370443",3,0.92061154885500929,0.013300519022352741,123,123
fixed_test,5,4,apriori|3|01,"ac370000, ac370419, ac370443",4,0.92061154885500929,-0.0085919909679995632,123,123
fixed_test,5,4,apriori|3|01,"ac370000, ac370419, ac370443",5,0.92061154885500929,-0.0087125884423439048,123,123
fixed_test,5,4,apriori|3|01,"ac370000, ac370419, ac370443",6,0.92061154885500929,-0.0040982033028945652,123,123
fixed_test,5,4,apriori|3|01,"ac370000, ac370419, ac370443",7,0.92061154885500929,0.004608909106443404,123,123
fixed_test,5,4,apriori|3|01,"ac370000, ac370419, ac370443",8,0.92061154885500929,-0.0085919909679995632,123,123
fixed_test,5,4,apriori|3|01,"ac370000, ac370419, ac370443",9,0.92061154885500929,0.013300519022352741,123,123
fixed_test,5,4,apriori|3|02,"370407, ac370000, ac370419",0,0.92061154885500929,-0.0043545229142840647,122,122
fixed_test,5,4,apriori|3|02,"370407, ac370000, ac370419",1,0.92061154885500929,0.00012189439548693226,122,122
fixed_test,5,4,apriori|3|02,"370407, ac370000, ac370419",2,0.92061154885500929,-0.013182043882602579,122,122
fixed_test,5,4,apriori|3|02,"370407, ac370000, ac370419",3,0.92061154885500929,-0.0087125884423439048,122,122
fixed_test,5,4,apriori|3|02,"370407, ac370000, ac370419",4,0.92061154885500929,-0.0043545229142840647,122,122
fixed_test,5,4,apriori|3|02,"370407, ac370000, ac370419",5,0.92061154885500929,-0.0044632094139382961,122,122
fixed_test,5,4,apriori|3|02,"370407, ac370000, ac370419",6,0.92061154885500929,-0.0087125884423439048,122,122
fixed_test,5,4,apriori|3|02,"370407, ac370000, ac370419",7,0.92061154885500929,0.0044729980540342273,122,122
fixed_test,5,4,apriori|3|02,"370407, ac370000, ac370419",8,0.92061154885500929,0,122,122
fixed_test,5,4,apriori|3|02,"370407, ac370000, ac370419",9,0.92061154885500929,0.00012189439548693226,122,122
fixed_test,5,4,apriori|3|03,"ac370000, ac370419, ac370442",0,0.92061154885500929,-0.0042329182884445204,123,123
fixed_test,5,4,apriori|3|03,"ac370000, ac370419, ac370442",1,0.92061154885500929,-0.0044632094139382961,123,123
fixed_test,5,4,apriori|3|03,"ac370000, ac370419, ac370442",2,0.92061154885500929,0.0044729980540342273,123,123
fixed_test,5,4,apriori|3|03,"ac370000, ac370419, ac370442",3,0.92061154885500929,-0.0087125884423439048,123,123
fixed_test,5,4,apriori|3|03,"ac370000, ac370419, ac370442",4,0.92061154885500929,0.004608909106443404,123,123
fixed_test,5,4,apriori|3|03,"ac370000, ac370419, ac370442",5,0.92061154885500929,-0.013074745683332223,123,123
fixed_test,5,4,apriori|3|03,"ac370000, ac370419, ac370442",6,0.92061154885500929,-0.0087125884423439048,123,123
fixed_test,5,4,apriori|3|03,"ac370000, ac370419, ac370442",7,0.92061154885500929,0,123,123
fixed_test,5,4,apriori|3|03,"ac370000, ac370419, ac370442",8,0.92061154885500929,0.0044729980540342273,123,123
fixed_test,5,4,apriori|3|03,"ac370000, ac370419, ac370442",9,0.92061154885500929,-0.013277943735238606,123,123
fixed_test,5,4,apriori|3|04,"ac370000, ac370442, ac370443",0,0.92061154885500929,-0.0042329182884445204,123,123
fixed_test,5,4,apriori|3|04,"ac370000, ac370442, ac370443",1,0.92061154885500929,-0.013182043882602579,123,123
fixed_test,5,4,apriori|3|04,"ac370000, ac370442, ac370443",2,0.92061154885500929,0.0087005921784717444,123,123
fixed_test,5,4,apriori|3|04,"ac370000, ac370442, ac370443",3,0.92061154885500929,0.00012189439548693226,123,123
fixed_test,5,4,apriori|3|04,"ac370000, ac370442, ac370443",4,0.92061154885500929,-0.0085919909679995632,123,123
fixed_test,5,4,apriori|3|04,"ac370000, ac370442, ac370443",5,0.92061154885500929,-0.017441548490123471,123,123
fixed_test,5,4,apriori|3|04,"ac370000, ac370442, ac370443",6,0.92061154885500929,0.0089563772333178804,123,123
fixed_test,5,4,apriori|3|04,"ac370000, ac370442, ac370443",7,0.92061154885500929,0.00012189439548693226,123,123
fixed_test,5,4,apriori|3|04,"ac370000, ac370442, ac370443",8,0.92061154885500929,0,123,123
fixed_test,5,4,apriori|3|04,"ac370000, ac370442, ac370443",9,0.92061154885500929,0.004608909106443404,123,122
fixed_test,5,4,apriori|3|05,"ac370419, ac370442, ac370443",0,0.92061154885500929,-0.00010831215387441251,123,123
fixed_test,5,4,apriori|3|05,"ac370419, ac370442, ac370443",1,0.92061154885500929,-0.0042329182884445204,123,123
fixed_test,5,4,apriori|3|05,"ac370419, ac370442, ac370443",2,0.92061154885500929,-0.013182043882602579,123,123
fixed_test,5,4,apriori|3|05,"ac370419, ac370442, ac370443",3,0.92061154885500929,0,123,122
fixed_test,5,4,apriori|3|05,"ac370419, ac370442, ac370443",4,0.92061154885500929,-0.013074745683332223,123,123
fixed_test,5,4,apriori|3|05,"ac370419, ac370442, ac370443",5,0.92061154885500929,-0.017547071280174742,123,123
fixed_test,5,4,apriori|3|05,"ac370419, ac370442, ac370443",6,0.92061154885500929,-0.00010831215387441251,123,123
fixed_test,5,4,apriori|3|05,"ac370419, ac370442, ac370443",7,0.92061154885500929,-0.0043545229142840647,123,123
fixed_test,5,4,apriori|3|05,"ac370419, ac370442, ac370443",8,0.92061154885500929,-0.017441548490123471,123,123
fixed_test,5,4,apriori|3|05,"ac370419, ac370442, ac370443",9,0.92061154885500929,0,123,123
fixed_test,5,4,apriori|3|06,"370407, ac370000, ac370443",0,0.92061154885500929,0.017509496510818012,120,120
fixed_test,5,4,apriori|3|06,"370407, ac370000, ac370443",1,0.92061154885500929,-0.0044632094139382961,120,120
fixed_test,5,4,apriori|3|06,"370407, ac370000, ac370443",2,0.92061154885500929,0.0044729980540342273,120,120
fixed_test,5,4,apriori|3|06,"370407, ac370000, ac370443",3,0.92061154885500929,-0.021916573078220036,120,120
fixed_test,5,4,apriori|3|06,"370407, ac370000, ac370443",4,0.92061154885500929,-0.017547071280174742,120,120
fixed_test,5,4,apriori|3|06,"370407, ac370000, ac370443",5,0.92061154885500929,-0.0088209390161101409,120,120
fixed_test,5,4,apriori|3|06,"370407, ac370000, ac370443",6,0.92061154885500929,0.0043515249073620144,120,119
fixed_test,5,4,apriori|3|06,"370407, ac370000, ac370443",7,0.92061154885500929,0,120,120
fixed_test,5,4,apriori|3|06,"370407, ac370000, ac370443",8,0.92061154885500929,0.00012189439548693226,120,120
fixed_test,5,4,apriori|3|06,"370407, ac370000, ac370443",9,0.92061154885500929,0.0087005921784717444,120,120
fixed_test,5,4,apriori|3|07,"370407, ac370419, ac370443",0,0.92061154885500929,-0.0044632094139382961,120,120
fixed_test,5,4,apriori|3|07,"370407, ac370419, ac370443",1,0.92061154885500929,-0.00010831215387441251,120,120
fixed_test,5,4,apriori|3|07,"370407, ac370419, ac370443",2,0.92061154885500929,0.00012189439548693226,120,120
fixed_test,5,4,apriori|3|07,"370407, ac370419, ac370443",3,0.92061154885500929,-0.0088209390161101409,120,120
fixed_test,5,4,apriori|3|07,"370407, ac370419, ac370443",4,0.92061154885500929,-0.00010831215387441251,120,120
fixed_test,5,4,apriori|3|07,"370407, ac370419, ac370443",5,0.92061154885500929,-0.013277943735238606,120,120
fixed_test,5,4,apriori|3|07,"370407, ac370419, ac370443",6,0.92061154885500929,-0.013182043882602579,120,120
fixed_test,5,4,apriori|3|07,"370407, ac370419, ac370443",7,0.92061154885500929,0,120,120
fixed_test,5,4,apriori|3|07,"370407, ac370419, ac370443",8,0.92061154885500929,-0.0087125884423439048,120,120
fixed_test,5,4,apriori|3|07,"370407, ac370419, ac370443",9,0.92061154885500929,0,120,120
fixed_test,5,4,apriori|3|08,"370407, ac370000, ac370442",0,0.92061154885500929,-0.013074745683332223,120,120
fixed_test,5,4,apriori|3|08,"370407, ac370000, ac370442",1,0.92061154885500929,0.00012189439548693226,120,120
fixed_test,5,4,apriori|3|08,"370407, ac370000, ac370442",2,0.92061154885500929,-0.0044632094139382961,120,120
fixed_test,5,4,apriori|3|08,"370407, ac370000, ac370442",3,0.92061154885500929,-0.00010831215387441251,120,120
fixed_test,5,4,apriori|3|08,"370407, ac370000, ac370442",4,0.92061154885500929,-0.0088209390161101409,120,120
fixed_test,5,4,apriori|3|08,"370407, ac370000, ac370442",5,0.92061154885500929,-0.0042329182884445204,120,120
fixed_test,5,4,apriori|3|08,"370407, ac370000, ac370442",6,0.92061154885500929,0.0043515249073620144,120,120
fixed_test,5,4,apriori|3|08,"370407, ac370000, ac370442",7,0.92061154885500929,0.00012189439548693226,120,120
fixed_test,5,4,apriori|3|08,"370407, ac370000, ac370442",8,0.92061154885500929,-0.0044632094139382961,120,119
fixed_test,5,4,apriori|3|08,"370407, ac370000, ac370442",9,0.92061154885500929,0.0043515249073620144,120,120
fixed_test,5,4,apriori|3|09,"370407, ac370419, ac370442",0,0.92061154885500929,-0.0087125884423439048,120,120
fixed_test,5,4,apriori|3|09,"370407, ac370419, ac370442",1,0.92061154885500929,0.0044729980540342273,120,120
fixed_test,5,4,apriori|3|09,"370407, ac370419, ac370442",2,0.92061154885500929,-0.013182043882602579,120,120
fixed_test,5,4,apriori|3|09,"370407, ac370419, ac370442",3,0.92061154885500929,0.0044729980540342273,120,120
fixed_test,5,4,apriori|3|09,"370407, ac370419, ac370442",4,0.92061154885500929,-0.013182043882602579,120,120
fixed_test,5,4,apriori|3|09,"370407, ac370419, ac370442",5,0.92061154885500929,0.0043515249073620144,120,120
fixed_test,5,4,apriori|3|09,"370407, ac370419, ac370442",6,0.92061154885500929,0.013166259228662103,120,120
fixed_test,5,4,apriori|3|09,"370407, ac370419, ac370442",7,0.92061154885500929,-0.017547071280174742,120,120
fixed_test,5,4,apriori|3|09,"370407, ac370419, ac370442",8,0.92061154885500929,-0.00010831215387441251,120,120
fixed_test,5,4,apriori|3|09,"370407, ac370419, ac370442",9,0.92061154885500929,-0.0085919909679995632,120,120
fixed_test,5,4,apriori|3|10,"370407, ac370442, ac370443",0,0.92061154885500929,0.0088209390161100298,120,120
fixed_test,5,4,apriori|3|10,"370407, ac370442, ac370443",1,0.92061154885500929,-0.0043545229142840647,120,120
fixed_test,5,4,apriori|3|10,"370407, ac370442, ac370443",2,0.92061154885500929,-0.0043545229142840647,120,120
fixed_test,5,4,apriori|3|10,"370407, ac370442, ac370443",3,0.92061154885500929,-0.0088209390161101409,120,120
fixed_test,5,4,apriori|3|10,"370407, ac370442, ac370443",4,0.92061154885500929,-0.013182043882602579,120,120
fixed_test,5,4,apriori|3|10,"370407, ac370442, ac370443",5,0.92061154885500929,-0.0088209390161101409,120,120
fixed_test,5,4,apriori|3|10,"370407, ac370442, ac370443",6,0.92061154885500929,0.004608909106443404,120,120
fixed_test,5,4,apriori|3|10,"370407, ac370442, ac370443",7,0.92061154885500929,0.013047738198900705,120,120
fixed_test,5,4,apriori|3|10,"370407, ac370442, ac370443",8,0.92061154885500929,-0.0087125884423439048,120,120
fixed_test,5,4,apriori|3|10,"370407, ac370442, ac370443",9,0.92061154885500929,-0.0043545229142840647,120,120
fixed_test,5,4,impressed|1|01,376400,0,0.92061154885500929,0.0044729980540342273,72,63
fixed_test,5,4,impressed|1|01,376400,1,0.92061154885500929,-0.0044632094139382961,72,68
fixed_test,5,4,impressed|1|01,376400,2,0.92061154885500929,0,72,66
fixed_test,5,4,impressed|1|01,376400,3,0.92061154885500929,-0.0044632094139382961,72,65
fixed_test,5,4,impressed|1|01,376400,4,0.92061154885500929,-0.0044632094139382961,72,68
fixed_test,5,4,impressed|1|01,376400,5,0.92061154885500929,0,72,65
fixed_test,5,4,impressed|1|01,376400,6,0.92061154885500929,-0.0044632094139382961,72,67
fixed_test,5,4,impressed|1|01,376400,7,0.92061154885500929,0,72,63
fixed_test,5,4,impressed|1|01,376400,8,0.92061154885500929,0.0044729980540342273,72,68
fixed_test,5,4,impressed|1|01,376400,9,0.92061154885500929,-0.0044632094139382961,72,68
fixed_test,5,4,impressed|1|02,ac419100,0,0.92061154885500929,-0.00020322197736122316,137,113
fixed_test,5,4,impressed|1|02,ac419100,1,0.92061154885500929,0.0042442915947206172,137,111
fixed_test,5,4,impressed|1|02,ac419100,2,0.92061154885500929,0.0043515249073620144,137,107
fixed_test,5,4,impressed|1|02,ac419100,3,0.92061154885500929,0.0042442915947206172,137,111
fixed_test,5,4,impressed|1|02,ac419100,4,0.92061154885500929,-0.0088209390161101409,137,111
fixed_test,5,4,impressed|1|02,ac419100,5,0.92061154885500929,-0.013277943735238606,137,114
fixed_test,5,4,impressed|1|02,ac419100,6,0.92061154885500929,-0.013362601613639558,137,117
fixed_test,5,4,impressed|1|02,ac419100,7,0.92061154885500929,-0.017726120818566948,137,113
fixed_test,5,4,impressed|1|02,ac419100,8,0.92061154885500929,-0.013362601613639558,137,113
fixed_test,5,4,impressed|1|02,ac419100,9,0.92061154885500929,0.0085951368190423372,137,112
fixed_test,5,4,impressed|1|03,ac370000,0,0.92061154885500929,-0.013074745683332223,149,149
fixed_test,5,4,impressed|1|03,ac370000,1,0.92061154885500929,-0.0043545229142840647,149,148
fixed_test,5,4,impressed|1|03,ac370000,2,0.92061154885500929,-0.017325144996572672,149,146
fixed_test,5,4,impressed|1|03,ac370000,3,0.92061154885500929,-0.0037885947741729264,149,148
fixed_test,5,4,impressed|1|03,ac370000,4,0.92061154885500929,-0.013182043882602579,149,146
fixed_test,5,4,impressed|1|03,ac370000,5,0.92061154885500929,-0.0040982033028945652,149,147
fixed_test,5,4,impressed|1|03,ac370000,6,0.92061154885500929,-0.017547071280174742,149,148
fixed_test,5,4,impressed|1|03,ac370000,7,0.92061154885500929,-0.0084589584039413968,149,147
fixed_test,5,4,impressed|1|03,ac370000,8,0.92061154885500929,-0.0040982033028945652,149,147
fixed_test,5,4,impressed|1|03,ac370000,9,0.92061154885500929,-0.0083132876063579664,149,146
fixed_test,5,4,impressed|1|04,ac415100,0,0.92061154885500929,0.0087005921784717444,43,40
fixed_test,5,4,impressed|1|04,ac415100,1,0.92061154885500929,-0.0043545229142840647,43,42
fixed_test,5,4,impressed|1|04,ac415100,2,0.92061154885500929,0.013047738198900705,43,41
fixed_test,5,4,impressed|1|04,ac415100,3,0.92061154885500929,0.0087005921784717444,43,39
fixed_test,5,4,impressed|1|04,ac415100,4,0.92061154885500929,0.013047738198900705,43,41
fixed_test,5,4,impressed|1|04,ac415100,5,0.92061154885500929,0.0043515249073620144,43,41
fixed_test,5,4,impressed|1|04,ac415100,6,0.92061154885500929,0.0087005921784717444,43,43
fixed_test,5,4,impressed|1|04,ac415100,7,0.92061154885500929,0.013047738198900705,43,42
fixed_test,5,4,impressed|1|04,ac415100,8,0.92061154885500929,0.021738393577947379,43,42
fixed_test,5,4,impressed|1|04,ac415100,9,0.92061154885500929,0.017393495615445564,43,36
fixed_test,5,4,impressed|1|05,ac10307,0,0.92061154885500929,0.0043515249073620144,31,27
fixed_test,5,4,impressed|1|05,ac10307,1,0.92061154885500929,0.0043515249073620144,31,24
fixed_test,5,4,impressed|1|05,ac10307,2,0.92061154885500929,0,31,25
fixed_test,5,4,impressed|1|05,ac10307,3,0.92061154885500929,0,31,25
fixed_test,5,4,impressed|1|05,ac10307,4,0.92061154885500929,0.0043515249073620144,31,26
fixed_test,5,4,impressed|1|05,ac10307,5,0.92061154885500929,0.0043515249073620144,31,20
fixed_test,5,4,impressed|1|05,ac10307,6,0.92061154885500929,0.0043515249073620144,31,26
fixed_test,5,4,impressed|1|05,ac10307,7,0.92061154885500929,0.0043515249073620144,31,22
fixed_test,5,4,impressed|1|05,ac10307,8,0.92061154885500929,0,31,27
fixed_test,5,4,impressed|1|05,ac10307,9,0.92061154885500929,0.0043515249073620144,31,27
fixed_test,5,4,impressed|1|06,ac355427,0,0.92061154885500929,0,4,3
fixed_test,5,4,impressed|1|06,ac355427,1,0.92061154885500929,0,4,2
fixed_test,5,4,impressed|1|06,ac355427,2,0.92061154885500929,0,4,4
fixed_test,5,4,impressed|1|06,ac355427,3,0.92061154885500929,0,4,2
fixed_test,5,4,impressed|1|06,ac355427,4,0.92061154885500929,0,4,3
fixed_test,5,4,impressed|1|06,ac355427,5,0.92061154885500929,0,4,3
fixed_test,5,4,impressed|1|06,ac355427,6,0.92061154885500929,0,4,3
fixed_test,5,4,impressed|1|06,ac355427,7,0.92061154885500929,0,4,2
fixed_test,5,4,impressed|1|06,ac355427,8,0.92061154885500929,0,4,4
fixed_test,5,4,impressed|1|06,ac355427,9,0.92061154885500929,0,4,2
fixed_test,5,4,impressed|1|07,337419c,0,0.92061154885500929,0,0,0
fixed_test,5,4,impressed|1|07,337419c,1,0.92061154885500929,0,0,0
fixed_test,5,4,impressed|1|07,337419c,2,0.92061154885500929,0,0,0
fixed_test,5,4,impressed|1|07,337419c,3,0.92061154885500929,0,0,0
fixed_test,5,4,impressed|1|07,337419c,4,0.92061154885500929,0,0,0
fixed_test,5,4,impressed|1|07,337419c,5,0.92061154885500929,0,0,0
fixed_test,5,4,impressed|1|07,337419c,6,0.92061154885500929,0,0,0
fixed_test,5,4,impressed|1|07,337419c,7,0.92061154885500929,0,0,0
fixed_test,5,4,impressed|1|07,337419c,8,0.92061154885500929,0,0,0
fixed_test,5,4,impressed|1|07,337419c,9,0.92061154885500929,0,0,0
fixed_test,5,4,impressed|1|08,ac411100,0,0.92061154885500929,0.013047738198900705,107,98
fixed_test,5,4,impressed|1|08,ac411100,1,0.92061154885500929,0.013047738198900705,107,94
fixed_test,5,4,impressed|1|08,ac411100,2,0.92061154885500929,0.013047738198900705,107,95
fixed_test,5,4,impressed|1|08,ac411100,3,0.92061154885500929,0.017509496510818012,107,95
fixed_test,5,4,impressed|1|08,ac411100,4,0.92061154885500929,0.0085951368190423372,107,94
fixed_test,5,4,impressed|1|08,ac411100,5,0.92061154885500929,0.0085951368190423372,107,97
fixed_test,5,4,impressed|1|08,ac411100,6,0.92061154885500929,0.013047738198900705,107,95
fixed_test,5,4,impressed|1|08,ac411100,7,0.92061154885500929,0.017393495615445564,107,90
fixed_test,5,4,impressed|1|08,ac411100,8,0.92061154885500929,0.0085951368190423372,107,96
fixed_test,5,4,impressed|1|08,ac411100,9,0.92061154885500929,0.0087005921784717444,107,87
fixed_test,5,4,impressed|1|09,370407,0,0.92061154885500929,-0.017547071280174742,129,126
fixed_test,5,4,impressed|1|09,370407,1,0.92061154885500929,0.0089563772333178804,129,123
fixed_test,5,4,impressed|1|09,370407,2,0.92061154885500929,0.013047738198900705,129,129
fixed_test,5,4,impressed|1|09,370407,3,0.92061154885500929,0.013047738198900705,129,123
fixed_test,5,4,impressed|1|09,370407,4,0.92061154885500929,0,129,124
fixed_test,5,4,impressed|1|09,370407,5,0.92061154885500929,0.0044729980540342273,129,121
fixed_test,5,4,impressed|1|09,370407,6,0.92061154885500929,-0.012955879519611857,129,127
fixed_test,5,4,impressed|1|09,370407,7,0.92061154885500929,0.00025756655412434437,129,122
fixed_test,5,4,impressed|1|09,370407,8,0.92061154885500929,0.00012189439548693226,129,122
fixed_test,5,4,impressed|1|09,370407,9,0.92061154885500929,-0.0040982033028945652,129,123
fixed_test,5,4,impressed|1|10,ac378449,0,0.92061154885500929,0.0044729980540342273,5,4
fixed_test,5,4,impressed|1|10,ac378449,1,0.92061154885500929,0.0044729980540342273,5,4
fixed_test,5,4,impressed|1|10,ac378449,2,0.92061154885500929,0.0044729980540342273,5,4
fixed_test,5,4,impressed|1|10,ac378449,3,0.92061154885500929,0.0044729980540342273,5,5
fixed_test,5,4,impressed|1|10,ac378449,4,0.92061154885500929,0,5,2
fixed_test,5,4,impressed|1|10,ac378449,5,0.92061154885500929,0,5,4
fixed_test,5,4,impressed|1|10,ac378449,6,0.92061154885500929,0,5,4
fixed_test,5,4,impressed|1|10,ac378449,7,0.92061154885500929,0,5,5
fixed_test,5,4,impressed|1|10,ac378449,8,0.92061154885500929,0,5,4
fixed_test,5,4,impressed|1|10,ac378449,9,0.92061154885500929,0.0044729980540342273,5,5
fixed_test,5,4,impressed|2|01,"370715a, 376400",0,0.92061154885500929,0.0044729980540342273,67,67
fixed_test,5,4,impressed|2|01,"370715a, 376400",1,0.92061154885500929,0.0044729980540342273,67,67
fixed_test,5,4,impressed|2|01,"370715a, 376400",2,0.92061154885500929,0,67,67
fixed_test,5,4,impressed|2|01,"370715a, 376400",3,0.92061154885500929,0.0044729980540342273,67,66
fixed_test,5,4,impressed|2|01,"370715a, 376400",4,0.92061154885500929,0.0044729980540342273,67,65
fixed_test,5,4,impressed|2|01,"370715a, 376400",5,0.92061154885500929,0.0044729980540342273,67,66
fixed_test,5,4,impressed|2|01,"370715a, 376400",6,0.92061154885500929,0,67,67
fixed_test,5,4,impressed|2|01,"370715a, 376400",7,0.92061154885500929,0,67,66
fixed_test,5,4,impressed|2|01,"370715a, 376400",8,0.92061154885500929,0,67,66
fixed_test,5,4,impressed|2|01,"370715a, 376400",9,0.92061154885500929,0,67,64
fixed_test,5,4,impressed|2|02,"370712b, 376400",0,0.92061154885500929,0.0044729980540342273,67,66
fixed_test,5,4,impressed|2|02,"370712b, 376400",1,0.92061154885500929,0,67,67
fixed_test,5,4,impressed|2|02,"370712b, 376400",2,0.92061154885500929,0,67,67
fixed_test,5,4,impressed|2|02,"370712b, 376400",3,0.92061154885500929,0.0044729980540342273,67,67
fixed_test,5,4,impressed|2|02,"370712b, 376400",4,0.92061154885500929,0,67,66
fixed_test,5,4,impressed|2|02,"370712b, 376400",5,0.92061154885500929,0,67,66
fixed_test,5,4,impressed|2|02,"370712b, 376400",6,0.92061154885500929,0,67,66
fixed_test,5,4,impressed|2|02,"370712b, 376400",7,0.92061154885500929,0,67,66
fixed_test,5,4,impressed|2|02,"370712b, 376400",8,0.92061154885500929,0.0044729980540342273,67,67
fixed_test,5,4,impressed|2|02,"370712b, 376400",9,0.92061154885500929,0,67,67
fixed_test,5,4,impressed|2|03,"ac411100, ac419100",0,0.92061154885500929,-0.00020322197736122316,89,85
fixed_test,5,4,impressed|2|03,"ac411100, ac419100",1,0.92061154885500929,0.0084281841560661652,89,78
fixed_test,5,4,impressed|2|03,"ac411100, ac419100",2,0.92061154885500929,0.012857125625323595,89,83
fixed_test,5,4,impressed|2|03,"ac411100, ac419100",3,0.92061154885500929,-0.00020322197736122316,89,83
fixed_test,5,4,impressed|2|03,"ac411100, ac419100",4,0.92061154885500929,0,89,83
fixed_test,5,4,impressed|2|03,"ac411100, ac419100",5,0.92061154885500929,0.0085043897898855469,89,80
fixed_test,5,4,impressed|2|03,"ac411100, ac419100",6,0.92061154885500929,0.0041511162348277786,89,87
fixed_test,5,4,impressed|2|03,"ac411100, ac419100",7,0.92061154885500929,0.0085043897898855469,89,82
fixed_test,5,4,impressed|2|03,"ac411100, ac419100",8,0.92061154885500929,-0.00020322197736122316,89,80
fixed_test,5,4,impressed|2|03,"ac411100, ac419100",9,0.92061154885500929,-0.0046425224367321327,89,79
fixed_test,5,4,impressed|2|04,"370401c, ac370000",0,0.92061154885500929,-0.0084589584039413968,117,116
fixed_test,5,4,impressed|2|04,"370401c, ac370000",1,0.92061154885500929,0.004608909106443404,117,116
fixed_test,5,4,impressed|2|04,"370401c, ac370000",2,0.92061154885500929,-0.013074745683332223,117,117
fixed_test,5,4,impressed|2|04,"370401c, ac370000",3,0.92061154885500929,0.00025756655412434437,117,117
fixed_test,5,4,impressed|2|04,"370401c, ac370000",4,0.92061154885500929,-0.0042329182884445204,117,115
fixed_test,5,4,impressed|2|04,"370401c, ac370000",5,0.92061154885500929,-0.0087125884423439048,117,117
fixed_test,5,4,impressed|2|04,"370401c, ac370000",6,0.92061154885500929,0.004608909106443404,117,116
fixed_test,5,4,impressed|2|04,"370401c, ac370000",7,0.92061154885500929,0.00025756655412434437,117,117
fixed_test,5,4,impressed|2|04,"370401c, ac370000",8,0.92061154885500929,-0.0043545229142840647,117,116
fixed_test,5,4,impressed|2|04,"370401c, ac370000",9,0.92061154885500929,-0.0042329182884445204,117,115
fixed_test,5,4,impressed|2|05,"ac370000, ac370403",0,0.92061154885500929,-0.013074745683332223,118,118
fixed_test,5,4,impressed|2|05,"ac370000, ac370403",1,0.92061154885500929,-0.0042329182884445204,118,118
fixed_test,5,4,impressed|2|05,"ac370000, ac370403",2,0.92061154885500929,0.00012189439548693226,118,117
fixed_test,5,4,impressed|2|05,"ac370000, ac370403",3,0.92061154885500929,-0.0088209390161101409,118,117
fixed_test,5,4,impressed|2|05,"ac370000, ac370403",4,0.92061154885500929,0,118,118
fixed_test,5,4,impressed|2|05,"ac370000, ac370403",5,0.92061154885500929,-0.0085919909679995632,118,118
fixed_test,5,4,impressed|2|05,"ac370000, ac370403",6,0.92061154885500929,-0.0040982033028945652,118,118
fixed_test,5,4,impressed|2|05,"ac370000, ac370403",7,0.92061154885500929,-0.0085919909679995632,118,117
fixed_test,5,4,impressed|2|05,"ac370000, ac370403",8,0.92061154885500929,-0.0087125884423439048,118,118
fixed_test,5,4,impressed|2|05,"ac370000, ac370403",9,0.92061154885500929,-0.0085919909679995632,118,116
fixed_test,5,4,impressed|2|06,"ac411100, ac415100",0,0.92061154885500929,0.0043515249073620144,40,39
fixed_test,5,4,impressed|2|06,"ac411100, ac415100",1,0.92061154885500929,0.0043515249073620144,40,38
fixed_test,5,4,impressed|2|06,"ac411100, ac415100",2,0.92061154885500929,0.0043515249073620144,40,40
fixed_test,5,4,impressed|2|06,"ac411100, ac415100",3,0.92061154885500929,0.017393495615445564,40,38
fixed_test,5,4,impressed|2|06,"ac411100, ac415100",4,0.92061154885500929,0.0087005921784717444,40,40
fixed_test,5,4,impressed|2|06,"ac411100, ac415100",5,0.92061154885500929,0.013047738198900705,40,39
fixed_test,5,4,impressed|2|06,"ac411100, ac415100",6,0.92061154885500929,0.017393495615445564,40,39
fixed_test,5,4,impressed|2|06,"ac411100, ac415100",7,0.92061154885500929,0.0087005921784717444,40,39
fixed_test,5,4,impressed|2|06,"ac411100, ac415100",8,0.92061154885500929,0.021738393577947379,40,39
fixed_test,5,4,impressed|2|06,"ac411100, ac415100",9,0.92061154885500929,0.0043515249073620144,40,38
fixed_test,5,4,impressed|2|07,"ac415100, ac419100",0,0.92061154885500929,0,41,39
fixed_test,5,4,impressed|2|07,"ac415100, ac419100",1,0.92061154885500929,0.0043515249073620144,41,40
fixed_test,5,4,impressed|2|07,"ac415100, ac419100",2,0.92061154885500929,0.0087005921784717444,41,40
fixed_test,5,4,impressed|2|07,"ac415100, ac419100",3,0.92061154885500929,0.017393495615445564,41,39
fixed_test,5,4,impressed|2|07,"ac415100, ac419100",4,0.92061154885500929,0.0043515249073620144,41,39
fixed_test,5,4,impressed|2|07,"ac415100, ac419100",5,0.92061154885500929,0,41,40
fixed_test,5,4,impressed|2|07,"ac415100, ac419100",6,0.92061154885500929,0.017393495615445564,41,40
fixed_test,5,4,impressed|2|07,"ac415100, ac419100",7,0.92061154885500929,0.0087005921784717444,41,41
fixed_test,5,4,impressed|2|07,"ac415100, ac419100",8,0.92061154885500929,0.013047738198900705,41,40
fixed_test,5,4,impressed|2|07,"ac415100, ac419100",9,0.92061154885500929,0.0087005921784717444,41,40
fixed_test,5,4,impressed|2|08,"ac10307, ac419100",0,0.92061154885500929,0.0085951368190423372,27,26
fixed_test,5,4,impressed|2|08,"ac10307, ac419100",1,0.92061154885500929,0.0043515249073620144,27,25
fixed_test,5,4,impressed|2|08,"ac10307, ac419100",2,0.92061154885500929,-0.00010831215387441251,27,24
fixed_test,5,4,impressed|2|08,"ac10307, ac419100",3,0.92061154885500929,0.0042442915947206172,27,27
fixed_test,5,4,impressed|2|08,"ac10307, ac419100",4,0.92061154885500929,0.013047738198900705,27,24
fixed_test,5,4,impressed|2|08,"ac10307, ac419100",5,0.92061154885500929,-0.0044632094139382961,27,27
fixed_test,5,4,impressed|2|08,"ac10307, ac419100",6,0.92061154885500929,-0.00010831215387441251,27,26
fixed_test,5,4,impressed|2|08,"ac10307, ac419100",7,0.92061154885500929,0.0042442915947206172,27,26
fixed_test,5,4,impressed|2|08,"ac10307, ac419100",8,0.92061154885500929,0.0085951368190423372,27,26
fixed_test,5,4,impressed|2|08,"ac10307, ac419100",9,0.92061154885500929,0.0043515249073620144,27,26
fixed_test,5,4,impressed|2|09,"ac10307, ac411100",0,0.92061154885500929,-0.00010831215387441251,30,30
fixed_test,5,4,impressed|2|09,"ac10307, ac411100",1,0.92061154885500929,-0.00010831215387441251,30,30
fixed_test,5,4,impressed|2|09,"ac10307, ac411100",2,0.92061154885500929,0.0087005921784717444,30,29
fixed_test,5,4,impressed|2|09,"ac10307, ac411100",3,0.92061154885500929,0.0043515249073620144,30,28
fixed_test,5,4,impressed|2|09,"ac10307, ac411100",4,0.92061154885500929,0.0043515249073620144,30,30
fixed_test,5,4,impressed|2|09,"ac10307, ac411100",5,0.92061154885500929,-0.00010831215387441251,30,29
fixed_test,5,4,impressed|2|09,"ac10307, ac411100",6,0.92061154885500929,0.0043515249073620144,30,29
fixed_test,5,4,impressed|2|09,"ac10307, ac411100",7,0.92061154885500929,0.0042442915947206172,30,30
fixed_test,5,4,impressed|2|09,"ac10307, ac411100",8,0.92061154885500929,0.0042442915947206172,30,28
fixed_test,5,4,impressed|2|09,"ac10307, ac411100",9,0.92061154885500929,-0.00010831215387441251,30,30
fixed_test,5,4,impressed|2|10,"ac355201, ac415100",0,0.92061154885500929,0,4,3
fixed_test,5,4,impressed|2|10,"ac355201, ac415100",1,0.92061154885500929,0,4,4
fixed_test,5,4,impressed|2|10,"ac355201, ac415100",2,0.92061154885500929,0,4,4
fixed_test,5,4,impressed|2|10,"ac355201, ac415100",3,0.92061154885500929,0,4,4
fixed_test,5,4,impressed|2|10,"ac355201, ac415100",4,0.92061154885500929,0,4,4
fixed_test,5,4,impressed|2|10,"ac355201, ac415100",5,0.92061154885500929,0,4,4
fixed_test,5,4,impressed|2|10,"ac355201, ac415100",6,0.92061154885500929,0,4,4
fixed_test,5,4,impressed|2|10,"ac355201, ac415100",7,0.92061154885500929,0,4,4
fixed_test,5,4,impressed|2|10,"ac355201, ac415100",8,0.92061154885500929,0,4,4
fixed_test,5,4,impressed|2|10,"ac355201, ac415100",9,0.92061154885500929,0,4,4
fixed_test,5,4,impressed|3|01,"376400, 377498a, ac372417",0,0.92061154885500929,0.0044729980540342273,65,65
fixed_test,5,4,impressed|3|01,"376400, 377498a, ac372417",1,0.92061154885500929,0,65,65
fixed_test,5,4,impressed|3|01,"376400, 377498a, ac372417",2,0.92061154885500929,0.0044729980540342273,65,65
fixed_test,5,4,impressed|3|01,"376400, 377498a, ac372417",3,0.92061154885500929,0,65,64
fixed_test,5,4,impressed|3|01,"376400, 377498a, ac372417",4,0.92061154885500929,0.0044729980540342273,65,63
fixed_test,5,4,impressed|3|01,"376400, 377498a, ac372417",5,0.92061154885500929,0,65,65
fixed_test,5,4,impressed|3|01,"376400, 377498a, ac372417",6,0.92061154885500929,0.0044729980540342273,65,63
fixed_test,5,4,impressed|3|01,"376400, 377498a, ac372417",7,0.92061154885500929,-0.0044632094139382961,65,64
fixed_test,5,4,impressed|3|01,"376400, 377498a, ac372417",8,0.92061154885500929,0,65,64
fixed_test,5,4,impressed|3|01,"376400, 377498a, ac372417",9,0.92061154885500929,0,65,64
fixed_test,5,4,impressed|3|02,"ac411100, ac415100, ac419100",0,0.92061154885500929,0.017393495615445564,38,36
fixed_test,5,4,impressed|3|02,"ac411100, ac415100, ac419100",1,0.92061154885500929,0.017393495615445564,38,37
fixed_test,5,4,impressed|3|02,"ac411100, ac415100, ac419100",2,0.92061154885500929,0.0042442915947206172,38,36
fixed_test,5,4,impressed|3|02,"ac411100, ac415100, ac419100",3,0.92061154885500929,0.017393495615445564,38,37
fixed_test,5,4,impressed|3|02,"ac411100, ac415100, ac419100",4,0.92061154885500929,0,38,35
fixed_test,5,4,impressed|3|02,"ac411100, ac415100, ac419100",5,0.92061154885500929,0.0087005921784717444,38,35
fixed_test,5,4,impressed|3|02,"ac411100, ac415100, ac419100",6,0.92061154885500929,0.0085951368190423372,38,37
fixed_test,5,4,impressed|3|02,"ac411100, ac415100, ac419100",7,0.92061154885500929,0.013047738198900705,38,37
fixed_test,5,4,impressed|3|02,"ac411100, ac415100, ac419100",8,0.92061154885500929,0.017393495615445564,38,36
fixed_test,5,4,impressed|3|02,"ac411100, ac415100, ac419100",9,0.92061154885500929,0.0043515249073620144,38,35
fixed_test,5,4,impressed|3|03,"ac10307, ac411100, ac419100",0,0.92061154885500929,0.0042442915947206172,25,25
fixed_test,5,4,impressed|3|03,"ac10307, ac411100, ac419100",1,0.92061154885500929,0.0085951368190423372,25,25
fixed_test,5,4,impressed|3|03,"ac10307, ac411100, ac419100",2,0.92061154885500929,-0.00010831215387441251,25,24
fixed_test,5,4,impressed|3|03,"ac10307, ac411100, ac419100",3,0.92061154885500929,0.0042442915947206172,25,24
fixed_test,5,4,impressed|3|03,"ac10307, ac411100, ac419100",4,0.92061154885500929,0.0042442915947206172,25,24
fixed_test,5,4,impressed|3|03,"ac10307, ac411100, ac419100",5,0.92061154885500929,0.0042442915947206172,25,25
fixed_test,5,4,impressed|3|03,"ac10307, ac411100, ac419100",6,0.92061154885500929,-0.00010831215387441251,25,25
fixed_test,5,4,impressed|3|03,"ac10307, ac411100, ac419100",7,0.92061154885500929,0.0042442915947206172,25,25
fixed_test,5,4,impressed|3|03,"ac10307, ac411100, ac419100",8,0.92061154885500929,0.0042442915947206172,25,24
fixed_test,5,4,impressed|3|03,"ac10307, ac411100, ac419100",9,0.92061154885500929,0.0085951368190423372,25,24
fixed_test,5,4,impressed|3|04,"ac356134, ac411100, ac419100",0,0.92061154885500929,-0.0044632094139382961,14,14
fixed_test,5,4,impressed|3|04,"ac356134, ac411100, ac419100",1,0.92061154885500929,0,14,14
fixed_test,5,4,impressed|3|04,"ac356134, ac411100, ac419100",2,0.92061154885500929,-0.00010831215387441251,14,14
fixed_test,5,4,impressed|3|04,"ac356134, ac411100, ac419100",3,0.92061154885500929,0,14,14
fixed_test,5,4,impressed|3|04,"ac356134, ac411100, ac419100",4,0.92061154885500929,0,14,14
fixed_test,5,4,impressed|3|04,"ac356134, ac411100, ac419100",5,0.92061154885500929,0,14,14
fixed_test,5,4,impressed|3|04,"ac356134, ac411100, ac419100",6,0.92061154885500929,0.0087005921784717444,14,14
fixed_test,5,4,impressed|3|04,"ac356134, ac411100, ac419100",7,0.92061154885500929,0,14,14
fixed_test,5,4,impressed|3|04,"ac356134, ac411100, ac419100",8,0.92061154885500929,0,14,14
fixed_test,5,4,impressed|3|04,"ac356134, ac411100, ac419100",9,0.92061154885500929,0,14,14
fixed_test,5,4,impressed|3|05,"ac355201, ac415100, ac419100",0,0.92061154885500929,0,4,4
fixed_test,5,4,impressed|3|05,"ac355201, ac415100, ac419100",1,0.92061154885500929,-0.0044632094139382961,4,4
fixed_test,5,4,impressed|3|05,"ac355201, ac415100, ac419100",2,0.92061154885500929,0,4,4
fixed_test,5,4,impressed|3|05,"ac355201, ac415100, ac419100",3,0.92061154885500929,-0.0044632094139382961,4,4
fixed_test,5,4,impressed|3|05,"ac355201, ac415100, ac419100",4,0.92061154885500929,0,4,4
fixed_test,5,4,impressed|3|05,"ac355201, ac415100, ac419100",5,0.92061154885500929,-0.0044632094139382961,4,4
fixed_test,5,4,impressed|3|05,"ac355201, ac415100, ac419100",6,0.92061154885500929,0,4,4
fixed_test,5,4,impressed|3|05,"ac355201, ac415100, ac419100",7,0.92061154885500929,0,4,4
fixed_test,5,4,impressed|3|05,"ac355201, ac415100, ac419100",8,0.92061154885500929,-0.0044632094139382961,4,4
fixed_test,5,4,impressed|3|05,"ac355201, ac415100, ac419100",9,0.92061154885500929,0,4,4
fixed_test,5,4,impressed|3|06,"ac355201, ac411100, ac419100",0,0.92061154885500929,0,6,6
fixed_test,5,4,impressed|3|06,"ac355201, ac411100, ac419100",1,0.92061154885500929,0,6,6
fixed_test,5,4,impressed|3|06,"ac355201, ac411100, ac419100",2,0.92061154885500929,0,6,6
fixed_test,5,4,impressed|3|06,"ac355201, ac411100, ac419100",3,0.92061154885500929,-0.0044632094139382961,6,6
fixed_test,5,4,impressed|3|06,"ac355201, ac411100, ac419100",4,0.92061154885500929,-0.0044632094139382961,6,6
fixed_test,5,4,impressed|3|06,"ac355201, ac411100, ac419100",5,0.92061154885500929,0,6,6
fixed_test,5,4,impressed|3|06,"ac355201, ac411100, ac419100",6,0.92061154885500929,-0.0044632094139382961,6,6
fixed_test,5,4,impressed|3|06,"ac355201, ac411100, ac419100",7,0.92061154885500929,-0.0044632094139382961,6,6
fixed_test,5,4,impressed|3|06,"ac355201, ac411100, ac419100",8,0.92061154885500929,0,6,6
fixed_test,5,4,impressed|3|06,"ac355201, ac411100, ac419100",9,0.92061154885500929,0,6,6
fixed_test,5,4,impressed|3|07,"ac355427, ac411100, ac419100",0,0.92061154885500929,0,2,1
fixed_test,5,4,impressed|3|07,"ac355427, ac411100, ac419100",1,0.92061154885500929,0,2,2
fixed_test,5,4,impressed|3|07,"ac355427, ac411100, ac419100",2,0.92061154885500929,0,2,2
fixed_test,5,4,impressed|3|07,"ac355427, ac411100, ac419100",3,0.92061154885500929,0,2,2
fixed_test,5,4,impressed|3|07,"ac355427, ac411100, ac419100",4,0.92061154885500929,0,2,2
fixed_test,5,4,impressed|3|07,"ac355427, ac411100, ac419100",5,0.92061154885500929,0,2,2
fixed_test,5,4,impressed|3|07,"ac355427, ac411100, ac419100",6,0.92061154885500929,0,2,2
fixed_test,5,4,impressed|3|07,"ac355427, ac411100, ac419100",7,0.92061154885500929,0.0043515249073620144,2,2
fixed_test,5,4,impressed|3|07,"ac355427, ac411100, ac419100",8,0.92061154885500929,0,2,2
fixed_test,5,4,impressed|3|07,"ac355427, ac411100, ac419100",9,0.92061154885500929,0,2,2
fixed_test,5,4,impressed|3|08,"376400, ac370000, ac411100",0,0.92061154885500929,-0.0044632094139382961,2,2
fixed_test,5,4,impressed|3|08,"376400, ac370000, ac411100",1,0.92061154885500929,0,2,1
fixed_test,5,4,impressed|3|08,"376400, ac370000, ac411100",2,0.92061154885500929,0,2,2
fixed_test,5,4,impressed|3|08,"376400, ac370000, ac411100",3,0.92061154885500929,0,2,2
fixed_test,5,4,impressed|3|08,"376400, ac370000, ac411100",4,0.92061154885500929,-0.0089172164862206804,2,2
fixed_test,5,4,impressed|3|08,"376400, ac370000, ac411100",5,0.92061154885500929,0,2,2
fixed_test,5,4,impressed|3|08,"376400, ac370000, ac411100",6,0.92061154885500929,-0.0044632094139382961,2,2
fixed_test,5,4,impressed|3|08,"376400, ac370000, ac411100",7,0.92061154885500929,-0.0044632094139382961,2,2
fixed_test,5,4,impressed|3|08,"376400, ac370000, ac411100",8,0.92061154885500929,-0.0044632094139382961,2,2
fixed_test,5,4,impressed|3|08,"376400, ac370000, ac411100",9,0.92061154885500929,-0.0044632094139382961,2,2
fixed_test,5,4,impressed|3|09,"376400, ac370419, ac378452",0,0.92061154885500929,0,0,0
fixed_test,5,4,impressed|3|09,"376400, ac370419, ac378452",1,0.92061154885500929,0,0,0
fixed_test,5,4,impressed|3|09,"376400, ac370419, ac378452",2,0.92061154885500929,0,0,0
fixed_test,5,4,impressed|3|09,"376400, ac370419, ac378452",3,0.92061154885500929,0,0,0
fixed_test,5,4,impressed|3|09,"376400, ac370419, ac378452",4,0.92061154885500929,0,0,0
fixed_test,5,4,impressed|3|09,"376400, ac370419, ac378452",5,0.92061154885500929,0,0,0
fixed_test,5,4,impressed|3|09,"376400, ac370419, ac378452",6,0.92061154885500929,0,0,0
fixed_test,5,4,impressed|3|09,"376400, ac370419, ac378452",7,0.92061154885500929,0,0,0
fixed_test,5,4,impressed|3|09,"376400, ac370419, ac378452",8,0.92061154885500929,0,0,0
fixed_test,5,4,impressed|3|09,"376400, ac370419, ac378452",9,0.92061154885500929,0,0,0
fixed_test,5,4,impressed|3|10,"ac410500, ac411100, ac415100",0,0.92061154885500929,0.0043515249073620144,5,5
fixed_test,5,4,impressed|3|10,"ac410500, ac411100, ac415100",1,0.92061154885500929,0.0087005921784717444,5,5
fixed_test,5,4,impressed|3|10,"ac410500, ac411100, ac415100",2,0.92061154885500929,0.0043515249073620144,5,5
fixed_test,5,4,impressed|3|10,"ac410500, ac411100, ac415100",3,0.92061154885500929,0.0087005921784717444,5,5
fixed_test,5,4,impressed|3|10,"ac410500, ac411100, ac415100",4,0.92061154885500929,0.0043515249073620144,5,5
fixed_test,5,4,impressed|3|10,"ac410500, ac411100, ac415100",5,0.92061154885500929,0.0043515249073620144,5,5
fixed_test,5,4,impressed|3|10,"ac410500, ac411100, ac415100",6,0.92061154885500929,0.0043515249073620144,5,5
fixed_test,5,4,impressed|3|10,"ac410500, ac411100, ac415100",7,0.92061154885500929,0.0087005921784717444,5,5
fixed_test,5,4,impressed|3|10,"ac410500, ac411100, ac415100",8,0.92061154885500929,0.0087005921784717444,5,5
fixed_test,5,4,impressed|3|10,"ac410500, ac411100, ac415100",9,0.92061154885500929,0.0043515249073620144,5,5
fixed_train,5,4,apriori|1|01,ac370000,0,0.99336283185840712,0.071234829902526609,638,623
fixed_train,5,4,apriori|1|01,ac370000,1,0.99336283185840712,0.074643154790445254,638,628
fixed_train,5,4,apriori|1|01,ac370000,2,0.99336283185840712,0.077022331279836931,638,627
fixed_train,5,4,apriori|1|01,ac370000,3,0.99336283185840712,0.072194170774481758,638,629
fixed_train,5,4,apriori|1|01,ac370000,4,0.99336283185840712,0.071325995974569567,638,635
fixed_train,5,4,apriori|1|01,ac370000,5,0.99336283185840712,0.071372929843401822,638,627
fixed_train,5,4,apriori|1|01,ac370000,6,0.99336283185840712,0.063388205667278874,638,626
fixed_train,5,4,apriori|1|01,ac370000,7,0.99336283185840712,0.065693395524349718,638,632
fixed_train,5,4,apriori|1|01,ac370000,8,0.99336283185840712,0.06787617959816894,638,629
fixed_train,5,4,apriori|1|01,ac370000,9,0.99336283185840712,0.070281966300513976,638,633
fixed_train,5,4,apriori|1|02,ac419100,0,0.99336283185840712,0.042057724640220173,592,498
fixed_train,5,4,apriori|1|02,ac419100,1,0.99336283185840712,0.042013607500333228,592,494
fixed_train,5,4,apriori|1|02,ac419100,2,0.99336283185840712,0.046460176991150459,592,484
fixed_train,5,4,apriori|1|02,ac419100,3,0.99336283185840712,0.044295032382645649,592,502
fixed_train,5,4,apriori|1|02,ac419100,4,0.99336283185840712,0.039866145380538009,592,491
fixed_train,5,4,apriori|1|02,ac419100,5,0.99336283185840712,0.034282817191253034,592,494
fixed_train,5,4,apriori|1|02,ac419100,6,0.99336283185840712,0.035457471152177789,592,498
fixed_train,5,4,apriori|1|02,ac419100,7,0.99336283185840712,0.039888485814679964,592,497
fixed_train,5,4,apriori|1|02,ac419100,8,0.99336283185840712,0.043199709543070508,592,500
fixed_train,5,4,apriori|1|02,ac419100,9,0.99336283185840712,0.043176049794561799,592,506
fixed_train,5,4,apriori|1|03,370407,0,0.99336283185840712,0.024379934495922351,539,517
fixed_train,5,4,apriori|1|03,370407,1,0.99336283185840712,0.023279486377984049,539,518
fixed_train,5,4,apriori|1|03,370407,2,0.99336283185840712,0.029909875493826954,539,516
fixed_train,5,4,apriori|1|03,370407,3,0.99336283185840712,0.021049986127664511,539,527
fixed_train,5,4,apriori|1|03,370407,4,0.99336283185840712,0.023236897473112639,539,519
fixed_train,5,4,apriori|1|03,370407,5,0.99336283185840712,0.019936153871053297,539,519
fixed_train,5,4,apriori|1|03,370407,6,0.99336283185840712,0.028828364809558527,539,520
fixed_train,5,4,apriori|1|03,370407,7,0.99336283185840712,0.024395173190664643,539,523
fixed_train,5,4,apriori|1|03,370407,8,0.99336283185840712,0.025464683417262268,539,507
fixed_train,5,4,apriori|1|03,370407,9,0.99336283185840712,0.017733412502169088,539,520
fixed_train,5,4,apriori|1|04,ac370419,0,0.99336283185840712,0.018822921025774986,526,507
fixed_train,5,4,apriori|1|04,ac370419,1,0.99336283185840712,0.015507266868945546,526,504
fixed_train,5,4,apriori|1|04,ac370419,2,0.99336283185840712,0.02219304936588784,526,506
fixed_train,5,4,apriori|1|04,ac370419,3,0.99336283185840712,0.017721710369999477,526,502
fixed_train,5,4,apriori|1|04,ac370419,4,0.99336283185840712,0.015517905170918,526,504
fixed_train,5,4,apriori|1|04,ac370419,5,0.99336283185840712,0.024410758404924682,526,509
fixed_train,5,4,apriori|1|04,ac370419,6,0.99336283185840712,0.021063437895052384,526,508
fixed_train,5,4,apriori|1|04,ac370419,7,0.99336283185840712,0.017721710369999477,526,511
fixed_train,5,4,apriori|1|04,ac370419,8,0.99336283185840712,0.021077198405668573,526,512
fixed_train,5,4,apriori|1|04,ac370419,9,0.99336283185840712,0.017733412502169088,526,497
fixed_train,5,4,apriori|1|05,ac370443,0,0.99336283185840712,0.018860049081887764,514,487
fixed_train,5,4,apriori|1|05,ac370443,1,0.99336283185840712,0.015528789952876765,514,485
fixed_train,5,4,apriori|1|05,ac370443,2,0.99336283185840712,0.019948919833420176,514,499
fixed_train,5,4,apriori|1|05,ac370443,3,0.99336283185840712,0.015517905170918,514,489
fixed_train,5,4,apriori|1|05,ac370443,4,0.99336283185840712,0.014405069103042734,514,486
fixed_train,5,4,apriori|1|05,ac370443,5,0.99336283185840712,0.015517905170918,514,491
fixed_train,5,4,apriori|1|05,ac370443,6,0.99336283185840712,0.02219304936588784,514,496
fixed_train,5,4,apriori|1|05,ac370443,7,0.99336283185840712,0.023210153981025217,514,498
fixed_train,5,4,apriori|1|05,ac370443,8,0.99336283185840712,0.016631340929189276,514,493
fixed_train,5,4,apriori|1|05,ac370443,9,0.99336283185840712,0.013292823367891726,514,498
fixed_train,5,4,apriori|1|06,ac370442,0,0.99336283185840712,0.016598216225400364,509,481
fixed_train,5,4,apriori|1|06,ac370442,1,0.99336283185840712,0.014415292446257499,509,482
fixed_train,5,4,apriori|1|06,ac370442,2,0.99336283185840712,0.015528789952876765,509,485
fixed_train,5,4,apriori|1|06,ac370442,3,0.99336283185840712,0.018811109974637974,509,496
fixed_train,5,4,apriori|1|06,ac370442,4,0.99336283185840712,0.013283469814603377,509,487
fixed_train,5,4,apriori|1|06,ac370442,5,0.99336283185840712,0.017757631287813824,509,485
fixed_train,5,4,apriori|1|06,ac370442,6,0.99336283185840712,0.024365040873160937,509,480
fixed_train,5,4,apriori|1|06,ac370442,7,0.99336283185840712,0.015517905170918,509,491
fixed_train,5,4,apriori|1|06,ac370442,8,0.99336283185840712,0.017721710369999477,509,477
fixed_train,5,4,apriori|1|06,ac370442,9,0.99336283185840712,0.023279486377984049,509,488
fixed_train,5,4,apriori|1|07,370712b,0,0.99336283185840712,0.013292823367891726,492,472
fixed_train,5,4,apriori|1|07,370712b,1,0.99336283185840712,0.012199243963325945,492,469
fixed_train,5,4,apriori|1|07,370712b,2,0.99336283185840712,0.016620041444583289,492,473
fixed_train,5,4,apriori|1|07,370712b,3,0.99336283185840712,0.015507266868945546,492,473
fixed_train,5,4,apriori|1|07,370712b,4,0.99336283185840712,0.014415292446257499,492,472
fixed_train,5,4,apriori|1|07,370712b,5,0.99336283185840712,0.019936153871053297,492,471
fixed_train,5,4,apriori|1|07,370712b,6,0.99336283185840712,0.012208601110544781,492,474
fixed_train,5,4,apriori|1|07,370712b,7,0.99336283185840712,0.015507266868945546,492,473
fixed_train,5,4,apriori|1|07,370712b,8,0.99336283185840712,0.016631340929189276,492,475
fixed_train,5,4,apriori|1|07,370712b,9,0.99336283185840712,0.014425750434325812,492,475
fixed_train,5,4,apriori|1|08,370715a,0,0.99336283185840712,0.022164427164671263,491,472
fixed_train,5,4,apriori|1|08,370715a,1,0.99336283185840712,0.015517905170918,491,469
fixed_train,5,4,apriori|1|08,370715a,2,0.99336283185840712,0.015517905170918,491,471
fixed_train,5,4,apriori|1|08,370715a,3,0.99336283185840712,0.01109559833398277,491,467
fixed_train,5,4,apriori|1|08,370715a,4,0.99336283185840712,0.01774538576232354,491,466
fixed_train,5,4,apriori|1|08,370715a,5,0.99336283185840712,0.014405069103042734,491,456
fixed_train,5,4,apriori|1|08,370715a,6,0.99336283185840712,0.015517905170918,491,475
fixed_train,5,4,apriori|1|08,370715a,7,0.99336283185840712,0.014415292446257499,491,475
fixed_train,5,4,apriori|1|08,370715a,8,0.99336283185840712,0.018847389412120719,491,470
fixed_train,5,4,apriori|1|08,370715a,9,0.99336283185840712,0.01774538576232354,491,463
fixed_train,5,4,apriori|1|09,ac370403,0,0.99336283185840712,0.021077198405668573,490,465
fixed_train,5,4,apriori|1|09,ac370403,1,0.99336283185840712,0.016631340929189276,490,472
fixed_train,5,4,apriori|1|09,ac370403,2,0.99336283185840712,0.014415292446257499,490,466
fixed_train,5,4,apriori|1|09,ac370403,3,0.99336283185840712,0.018847389412120719,490,464
fixed_train,5,4,apriori|1|09,ac370403,4,0.99336283185840712,0.017733412502169088,490,463
fixed_train,5,4,apriori|1|09,ac370403,5,0.99336283185840712,0.017733412502169088,490,463
fixed_train,5,4,apriori|1|09,ac370403,6,0.99336283185840712,0.022178577381217646,490,465
fixed_train,5,4,apriori|1|09,ac370403,7,0.99336283185840712,0.017757631287813824,490,466
fixed_train,5,4,apriori|1|09,ac370403,8,0.99336283185840712,0.012208601110544781,490,468
fixed_train,5,4,apriori|1|09,ac370403,9,0.99336283185840712,0.018872993995454834,490,467
fixed_train,5,4,apriori|1|10,370488e,0,0.99336283185840712,0.014436444058576914,487,464
fixed_train,5,4,apriori|1|10,370488e,1,0.99336283185840712,0.016609000228612558,487,473
fixed_train,5,4,apriori|1|10,370488e,2,0.99336283185840712,0.014415292446257499,487,477
fixed_train,5,4,apriori|1|10,370488e,3,0.99336283185840712,0.011078379866837906,487,466
fixed_train,5,4,apriori|1|10,370488e,4,0.99336283185840712,0.0088713831771646268,487,454
fixed_train,5,4,apriori|1|10,370488e,5,0.99336283185840712,0.0099751244199616229,487,455
fixed_train,5,4,apriori|1|10,370488e,6,0.99336283185840712,0.0077601520784210676,487,466
fixed_train,5,4,apriori|1|10,370488e,7,0.99336283185840712,0.01109559833398277,487,468
fixed_train,5,4,apriori|1|10,370488e,8,0.99336283185840712,0.016642899758106733,487,465
fixed_train,5,4,apriori|1|10,370488e,9,0.99336283185840712,0.016609000228612558,487,471
fixed_train,5,4,apriori|2|01,"370407, ac370000",0,0.99336283185840712,0.03993472167818346,539,536
fixed_train,5,4,apriori|2|01,"370407, ac370000",1,0.99336283185840712,0.047682990291039284,539,537
fixed_train,5,4,apriori|2|01,"370407, ac370000",2,0.99336283185840712,0.032143680309710487,539,538
fixed_train,5,4,apriori|2|01,"370407, ac370000",3,0.99336283185840712,0.035457471152177789,539,537
fixed_train,5,4,apriori|2|01,"370407, ac370000",4,0.99336283185840712,0.036554792518448731,539,537
fixed_train,5,4,apriori|2|01,"370407, ac370000",5,0.99336283185840712,0.04094004746701263,539,538
fixed_train,5,4,apriori|2|01,"370407, ac370000",6,0.99336283185840712,0.035478152237899407,539,537
fixed_train,5,4,apriori|2|01,"370407, ac370000",7,0.99336283185840712,0.038748208200236833,539,533
fixed_train,5,4,apriori|2|01,"370407, ac370000",8,0.99336283185840712,0.052088116656095029,539,535
fixed_train,5,4,apriori|2|01,"370407, ac370000",9,0.99336283185840712,0.041007874241437037,539,538
fixed_train,5,4,apriori|2|02,"ac370000, ac370419",0,0.99336283185840712,0.036575777275573818,526,523
fixed_train,5,4,apriori|2|02,"ac370000, ac370419",1,0.99336283185840712,0.041007874241437037,526,520
fixed_train,5,4,apriori|2|02,"ac370000, ac370419",2,0.99336283185840712,0.038837468711405032,526,523
fixed_train,5,4,apriori|2|02,"ac370000, ac370419",3,0.99336283185840712,0.034380094348354096,526,524
fixed_train,5,4,apriori|2|02,"ac370000, ac370419",4,0.99336283185840712,0.036641629560436262,526,523
fixed_train,5,4,apriori|2|02,"ac370000, ac370419",5,0.99336283185840712,0.043274018648282953,526,521
fixed_train,5,4,apriori|2|02,"ac370000, ac370419",6,0.99336283185840712,0.041031542319696745,526,520
fixed_train,5,4,apriori|2|02,"ac370000, ac370419",7,0.99336283185840712,0.036534287403074406,526,522
fixed_train,5,4,apriori|2|02,"ac370000, ac370419",8,0.99336283185840712,0.035543025194348377,526,522
fixed_train,5,4,apriori|2|02,"ac370000, ac370419",9,0.99336283185840712,0.039911343856793291,526,522
fixed_train,5,4,apriori|2|03,"ac370000, ac370443",0,0.99336283185840712,0.049844626567692063,514,508
fixed_train,5,4,apriori|2|03,"ac370000, ac370443",1,0.99336283185840712,0.037610619469026552,514,510
fixed_train,5,4,apriori|2|03,"ac370000, ac370443",2,0.99336283185840712,0.03543725837843037,514,512
fixed_train,5,4,apriori|2|03,"ac370000, ac370443",3,0.99336283185840712,0.047682990291039284,514,508
fixed_train,5,4,apriori|2|03,"ac370000, ac370443",4,0.99336283185840712,0.039781917682269241,514,512
fixed_train,5,4,apriori|2|03,"ac370000, ac370443",5,0.99336283185840712,0.040876941897620922,514,513
fixed_train,5,4,apriori|2|03,"ac370000, ac370443",6,0.99336283185840712,0.047656019690231921,514,511
fixed_train,5,4,apriori|2|03,"ac370000, ac370443",7,0.99336283185840712,0.037694748047346405,514,513
fixed_train,5,4,apriori|2|03,"ac370000, ac370443",8,0.99336283185840712,0.037717012639146286,514,513
fixed_train,5,4,apriori|2|03,"ac370000, ac370443",9,0.99336283185840712,0.050834080973665041,514,514
fixed_train,5,4,apriori|2|04,"ac370419, ac370443",0,0.99336283185840712,0.019948919833420176,512,511
fixed_train,5,4,apriori|2|04,"ac370419, ac370443",1,0.99336283185840712,0.019936153871053297,512,509
fixed_train,5,4,apriori|2|04,"ac370419, ac370443",2,0.99336283185840712,0.034359728792642152,512,512
fixed_train,5,4,apriori|2|04,"ac370419, ac370443",3,0.99336283185840712,0.027662684971587748,512,510
fixed_train,5,4,apriori|2|04,"ac370419, ac370443",4,0.99336283185840712,0.037672978483428876,512,511
fixed_train,5,4,apriori|2|04,"ac370419, ac370443",5,0.99336283185840712,0.031008371376322619,512,506
fixed_train,5,4,apriori|2|04,"ac370419, ac370443",6,0.99336283185840712,0.029983352990893497,512,510
fixed_train,5,4,apriori|2|04,"ac370419, ac370443",7,0.99336283185840712,0.028761061946902755,512,512
fixed_train,5,4,apriori|2|04,"ac370419, ac370443",8,0.99336283185840712,0.032106445808749551,512,511
fixed_train,5,4,apriori|2|04,"ac370419, ac370443",9,0.99336283185840712,0.032143680309710487,512,507
fixed_train,5,4,apriori|2|05,"370407, ac370419",0,0.99336283185840712,0.026579484374214979,510,509
fixed_train,5,4,apriori|2|05,"370407, ac370419",1,0.99336283185840712,0.025511497053230303,510,508
fixed_train,5,4,apriori|2|05,"370407, ac370419",2,0.99336283185840712,0.028777299336089301,510,509
fixed_train,5,4,apriori|2|05,"370407, ac370419",3,0.99336283185840712,0.033222814877376439,510,509
fixed_train,5,4,apriori|2|05,"370407, ac370419",4,0.99336283185840712,0.026579484374214979,510,507
fixed_train,5,4,apriori|2|05,"370407, ac370419",5,0.99336283185840712,0.024379934495922351,510,507
fixed_train,5,4,apriori|2|05,"370407, ac370419",6,0.99336283185840712,0.03543725837843037,510,507
fixed_train,5,4,apriori|2|05,"370407, ac370419",7,0.99336283185840712,0.031044960619005413,510,510
fixed_train,5,4,apriori|2|05,"370407, ac370419",8,0.99336283185840712,0.027782148849932686,510,506
fixed_train,5,4,apriori|2|05,"370407, ac370419",9,0.99336283185840712,0.027728646377011335,510,509
fixed_train,5,4,apriori|2|06,"ac370000, ac370442",0,0.99336283185840712,0.039911343856793291,509,508
fixed_train,5,4,apriori|2|06,"ac370000, ac370442",1,0.99336283185840712,0.039958621490368662,509,508
fixed_train,5,4,apriori|2|06,"ac370000, ac370442",2,0.99336283185840712,0.034264717730142835,509,507
fixed_train,5,4,apriori|2|06,"ac370000, ac370442",3,0.99336283185840712,0.040962128997399261,509,504
fixed_train,5,4,apriori|2|06,"ac370000, ac370442",4,0.99336283185840712,0.038666983291145929,509,504
fixed_train,5,4,apriori|2|06,"ac370000, ac370442",5,0.99336283185840712,0.041031542319696745,509,504
fixed_train,5,4,apriori|2|06,"ac370000, ac370442",6,0.99336283185840712,0.041007874241437037,509,505
fixed_train,5,4,apriori|2|06,"ac370000, ac370442",7,0.99336283185840712,0.040962128997399261,509,505
fixed_train,5,4,apriori|2|06,"ac370000, ac370442",8,0.99336283185840712,0.045439971207300256,509,505
fixed_train,5,4,apriori|2|06,"ac370000, ac370442",9,0.99336283185840712,0.044295032382645649,509,507
fixed_train,5,4,apriori|2|07,"ac370419, ac370442",0,0.99336283185840712,0.029842892230495854,506,505
fixed_train,5,4,apriori|2|07,"ac370419, ac370442",1,0.99336283185840712,0.026579484374214979,506,506
fixed_train,5,4,apriori|2|07,"ac370419, ac370442",2,0.99336283185840712,0.032143680309710487,506,506
fixed_train,5,4,apriori|2|07,"ac370419, ac370442",3,0.99336283185840712,0.024395173190664643,506,504
fixed_train,5,4,apriori|2|07,"ac370419, ac370442",4,0.99336283185840712,0.032088472470062634,506,506
fixed_train,5,4,apriori|2|07,"ac370419, ac370442",5,0.99336283185840712,0.033241963820926701,506,506
fixed_train,5,4,apriori|2|07,"ac370419, ac370442",6,0.99336283185840712,0.024365040873160937,506,505
fixed_train,5,4,apriori|2|07,"ac370419, ac370442",7,0.99336283185840712,0.024336283185840801,506,504
fixed_train,5,4,apriori|2|07,"ac370419, ac370442",8,0.99336283185840712,0.021024003723875362,506,503
fixed_train,5,4,apriori|2|07,"ac370419, ac370442",9,0.99336283185840712,0.027694903152286288,506,506
fixed_train,5,4,apriori|2|08,"ac370442, ac370443",0,0.99336283185840712,0.029842892230495854,506,504
fixed_train,5,4,apriori|2|08,"ac370442, ac370443",1,0.99336283185840712,0.028761061946902755,506,503
fixed_train,5,4,apriori|2|08,"ac370442, ac370443",2,0.99336283185840712,0.03094018704915269,506,506
fixed_train,5,4,apriori|2|08,"ac370442, ac370443",3,0.99336283185840712,0.03543725837843037,506,503
fixed_train,5,4,apriori|2|08,"ac370442, ac370443",4,0.99336283185840712,0.022164427164671263,506,505
fixed_train,5,4,apriori|2|08,"ac370442, ac370443",5,0.99336283185840712,0.032088472470062634,506,503
fixed_train,5,4,apriori|2|08,"ac370442, ac370443",6,0.99336283185840712,0.029875578720825358,506,505
fixed_train,5,4,apriori|2|08,"ac370442, ac370443",7,0.99336283185840712,0.027694903152286288,506,506
fixed_train,5,4,apriori|2|08,"ac370442, ac370443",8,0.99336283185840712,0.016620041444583289,506,504
fixed_train,5,4,apriori|2|08,"ac370442, ac370443",9,0.99336283185840712,0.027678604214424696,506,504
fixed_train,5,4,apriori|2|09,"370407, ac370443",0,0.99336283185840712,0.029945795700792144,500,499
fixed_train,5,4,apriori|2|09,"370407, ac370443",1,0.99336283185840712,0.032106445808749551,500,499
fixed_train,5,4,apriori|2|09,"370407, ac370443",2,0.99336283185840712,0.029909875493826954,500,500
fixed_train,5,4,apriori|2|09,"370407, ac370443",3,0.99336283185840712,0.033222814877376439,500,499
fixed_train,5,4,apriori|2|09,"370407, ac370443",4,0.99336283185840712,0.032106445808749551,500,500
fixed_train,5,4,apriori|2|09,"370407, ac370443",5,0.99336283185840712,0.030973451327433676,500,499
fixed_train,5,4,apriori|2|09,"370407, ac370443",6,0.99336283185840712,0.026579484374214979,500,498
fixed_train,5,4,apriori|2|09,"370407, ac370443",7,0.99336283185840712,0.031008371376322619,500,499
fixed_train,5,4,apriori|2|09,"370407, ac370443",8,0.99336283185840712,0.032124847835367509,500,499
fixed_train,5,4,apriori|2|09,"370407, ac370443",9,0.99336283185840712,0.031008371376322619,500,500
fixed_train,5,4,apriori|2|10,"370407, ac370442",0,0.99336283185840712,0.033222814877376439,495,495
fixed_train,5,4,apriori|2|10,"370407, ac370442",1,0.99336283185840712,0.026533815250629367,495,495
fixed_train,5,4,apriori|2|10,"370407, ac370442",2,0.99336283185840712,0.037571485023990103,495,493
fixed_train,5,4,apriori|2|10,"370407, ac370442",3,0.99336283185840712,0.028864385863711095,495,495
fixed_train,5,4,apriori|2|10,"370407, ac370442",4,0.99336283185840712,0.030973451327433676,495,495
fixed_train,5,4,apriori|2|10,"370407, ac370442",5,0.99336283185840712,0.032124847835367509,495,494
fixed_train,5,4,apriori|2|10,"370407, ac370442",6,0.99336283185840712,0.026548672566371723,495,495
fixed_train,5,4,apriori|2|10,"370407, ac370442",7,0.99336283185840712,0.036514259968537521,495,493
fixed_train,5,4,apriori|2|10,"370407, ac370442",8,0.99336283185840712,0.038748208200236833,495,495
fixed_train,5,4,apriori|2|10,"370407, ac370442",9,0.99336283185840712,0.034301366219300244,495,494
fixed_train,5,4,apriori|3|01,"ac370000, ac370419, ac370443",0,0.99336283185840712,0.049844626567692063,512,512
fixed_train,5,4,apriori|3|01,"ac370000, ac370419, ac370443",1,0.99336283185840712,0.057522123893805399,512,512
fixed_train,5,4,apriori|3|01,"ac370000, ac370419, ac370443",2,0.99336283185840712,0.046460176991150459,512,512
fixed_train,5,4,apriori|3|01,"ac370000, ac370419, ac370443",3,0.99336283185840712,0.043176049794561799,512,512
fixed_train,5,4,apriori|3|01,"ac370000, ac370419, ac370443",4,0.99336283185840712,0.045439971207300256,512,512
fixed_train,5,4,apriori|3|01,"ac370000, ac370419, ac370443",5,0.99336283185840712,0.044295032382645649,512,512
fixed_train,5,4,apriori|3|01,"ac370000, ac370419, ac370443",6,0.99336283185840712,0.056346652142946207,512,511
fixed_train,5,4,apriori|3|01,"ac370000, ac370419, ac370443",7,0.99336283185840712,0.045365834965487517,512,512
fixed_train,5,4,apriori|3|01,"ac370000, ac370419, ac370443",8,0.99336283185840712,0.048623648315385903,512,512
fixed_train,5,4,apriori|3|01,"ac370000, ac370419, ac370443",9,0.99336283185840712,0.050859203071592529,512,512
fixed_train,5,4,apriori|3|02,"370407, ac370000, ac370419",0,0.99336283185840712,0.047554163785689663,510,510
fixed_train,5,4,apriori|3|02,"370407, ac370000, ac370419",1,0.99336283185840712,0.050884955752212413,510,509
fixed_train,5,4,apriori|3|02,"370407, ac370000, ac370419",2,0.99336283185840712,0.047530194229084222,510,510
fixed_train,5,4,apriori|3|02,"370407, ac370000, ac370419",3,0.99336283185840712,0.048672566371681492,510,510
fixed_train,5,4,apriori|3|02,"370407, ac370000, ac370419",4,0.99336283185840712,0.044181115263208226,510,510
fixed_train,5,4,apriori|3|02,"370407, ac370000, ac370419",5,0.99336283185840712,0.04313038158754412,510,510
fixed_train,5,4,apriori|3|02,"370407, ac370000, ac370419",6,0.99336283185840712,0.044271128857575226,510,510
fixed_train,5,4,apriori|3|02,"370407, ac370000, ac370419",7,0.99336283185840712,0.054217409962437291,510,510
fixed_train,5,4,apriori|3|02,"370407, ac370000, ac370419",8,0.99336283185840712,0.05970479864285172,510,510
fixed_train,5,4,apriori|3|02,"370407, ac370000, ac370419",9,0.99336283185840712,0.046368573637443844,510,510
fixed_train,5,4,apriori|3|03,"ac370000, ac370419, ac370442",0,0.99336283185840712,0.049791622463962182,506,506
fixed_train,5,4,apriori|3|03,"ac370000, ac370419, ac370442",1,0.99336283185840712,0.046509475883699691,506,506
fixed_train,5,4,apriori|3|03,"ac370000, ac370419, ac370442",2,0.99336283185840712,0.05096602247093529,506,506
fixed_train,5,4,apriori|3|03,"ac370000, ac370419, ac370442",3,0.99336283185840712,0.052031732983211398,506,506
fixed_train,5,4,apriori|3|03,"ac370000, ac370419, ac370442",4,0.99336283185840712,0.044370139756257476,506,506
fixed_train,5,4,apriori|3|03,"ac370000, ac370419, ac370442",5,0.99336283185840712,0.043176049794561799,506,506
fixed_train,5,4,apriori|3|03,"ac370000, ac370419, ac370442",6,0.99336283185840712,0.038791825758505372,506,505
fixed_train,5,4,apriori|3|03,"ac370000, ac370419, ac370442",7,0.99336283185840712,0.046509475883699691,506,506
fixed_train,5,4,apriori|3|03,"ac370000, ac370419, ac370442",8,0.99336283185840712,0.043108368729437241,506,506
fixed_train,5,4,apriori|3|03,"ac370000, ac370419, ac370442",9,0.99336283185840712,0.040918490488471404,506,506
fixed_train,5,4,apriori|3|04,"ac370000, ac370442, ac370443",0,0.99336283185840712,0.053097345132743445,506,506
fixed_train,5,4,apriori|3|04,"ac370000, ac370442, ac370443",1,0.99336283185840712,0.048723919384753511,506,506
fixed_train,5,4,apriori|3|04,"ac370000, ac370442, ac370443",2,0.99336283185840712,0.045296859110570908,506,506
fixed_train,5,4,apriori|3|04,"ac370000, ac370442, ac370443",3,0.99336283185840712,0.050785718785696932,506,506
fixed_train,5,4,apriori|3|04,"ac370000, ac370442, ac370443",4,0.99336283185840712,0.05192673492999611,506,506
fixed_train,5,4,apriori|3|04,"ac370000, ac370442, ac370443",5,0.99336283185840712,0.056373845228378405,506,506
fixed_train,5,4,apriori|3|04,"ac370000, ac370442, ac370443",6,0.99336283185840712,0.049817812186048971,506,505
fixed_train,5,4,apriori|3|04,"ac370000, ac370442, ac370443",7,0.99336283185840712,0.052970152484020816,506,505
fixed_train,5,4,apriori|3|04,"ac370000, ac370442, ac370443",8,0.99336283185840712,0.055202863933950019,506,506
fixed_train,5,4,apriori|3|04,"ac370000, ac370442, ac370443",9,0.99336283185840712,0.047484031966110174,506,506
fixed_train,5,4,apriori|3|05,"ac370419, ac370442, ac370443",0,0.99336283185840712,0.040984737201529842,504,504
fixed_train,5,4,apriori|3|05,"ac370419, ac370442, ac370443",1,0.99336283185840712,0.04094004746701263,504,504
fixed_train,5,4,apriori|3|05,"ac370419, ac370442, ac370443",2,0.99336283185840712,0.043086900504095915,504,504
fixed_train,5,4,apriori|3|05,"ac370419, ac370442, ac370443",3,0.99336283185840712,0.037610619469026552,504,504
fixed_train,5,4,apriori|3|05,"ac370419, ac370442, ac370443",4,0.99336283185840712,0.038748208200236833,504,504
fixed_train,5,4,apriori|3|05,"ac370419, ac370442, ac370443",5,0.99336283185840712,0.038686543229789927,504,504
fixed_train,5,4,apriori|3|05,"ac370419, ac370442, ac370443",6,0.99336283185840712,0.037630916205509846,504,504
fixed_train,5,4,apriori|3|05,"ac370419, ac370442, ac370443",7,0.99336283185840712,0.038706599389398577,504,504
fixed_train,5,4,apriori|3|05,"ac370419, ac370442, ac370443",8,0.99336283185840712,0.034339820176908065,504,504
fixed_train,5,4,apriori|3|05,"ac370419, ac370442, ac370443",9,0.99336283185840712,0.04744022383311608,504,504
fixed_train,5,4,apriori|3|06,"370407, ac370000, ac370443",0,0.99336283185840712,0.039742855915064323,500,500
fixed_train,5,4,apriori|3|06,"370407, ac370000, ac370443",1,0.99336283185840712,0.047578728714724905,500,500
fixed_train,5,4,apriori|3|06,"370407, ac370000, ac370443",2,0.99336283185840712,0.045342272686616947,500,500
fixed_train,5,4,apriori|3|06,"370407, ac370000, ac370443",3,0.99336283185840712,0.049817812186048971,500,500
fixed_train,5,4,apriori|3|06,"370407, ac370000, ac370443",4,0.99336283185840712,0.05315280638686104,500,500
fixed_train,5,4,apriori|3|06,"370407, ac370000, ac370443",5,0.99336283185840712,0.047484031966110174,500,500
fixed_train,5,4,apriori|3|06,"370407, ac370000, ac370443",6,0.99336283185840712,0.056346652142946207,500,500
fixed_train,5,4,apriori|3|06,"370407, ac370000, ac370443",7,0.99336283185840712,0.058529174845233123,500,500
fixed_train,5,4,apriori|3|06,"370407, ac370000, ac370443",8,0.99336283185840712,0.045319281479260565,500,500
fixed_train,5,4,apriori|3|06,"370407, ac370000, ac370443",9,0.99336283185840712,0.055177831025710389,500,500
fixed_train,5,4,apriori|3|07,"370407, ac370419, ac370443",0,0.99336283185840712,0.039802208607518486,500,500
fixed_train,5,4,apriori|3|07,"370407, ac370419, ac370443",1,0.99336283185840712,0.042013607500333228,500,500
fixed_train,5,4,apriori|3|07,"370407, ac370419, ac370443",2,0.99336283185840712,0.046368573637443844,500,500
fixed_train,5,4,apriori|3|07,"370407, ac370419, ac370443",3,0.99336283185840712,0.044319500477181917,500,500
fixed_train,5,4,apriori|3|07,"370407, ac370419, ac370443",4,0.99336283185840712,0.040962128997399261,500,500
fixed_train,5,4,apriori|3|07,"370407, ac370419, ac370443",5,0.99336283185840712,0.037630916205509846,500,500
fixed_train,5,4,apriori|3|07,"370407, ac370419, ac370443",6,0.99336283185840712,0.041951428489190867,500,500
fixed_train,5,4,apriori|3|07,"370407, ac370419, ac370443",7,0.99336283185840712,0.03424706607819572,500,500
fixed_train,5,4,apriori|3|07,"370407, ac370419, ac370443",8,0.99336283185840712,0.033185840707964598,500,500
fixed_train,5,4,apriori|3|07,"370407, ac370419, ac370443",9,0.99336283185840712,0.036475630479966492,500,500
fixed_train,5,4,apriori|3|08,"370407, ac370000, ac370442",0,0.99336283185840712,0.050911341509640717,495,495
fixed_train,5,4,apriori|3|08,"370407, ac370000, ac370442",1,0.99336283185840712,0.049693060541934675,495,494
fixed_train,5,4,apriori|3|08,"370407, ac370000, ac370442",2,0.99336283185840712,0.054136693536471103,495,494
fixed_train,5,4,apriori|3|08,"370407, ac370000, ac370442",3,0.99336283185840712,0.033222814877376439,495,495
fixed_train,5,4,apriori|3|08,"370407, ac370000, ac370442",4,0.99336283185840712,0.044202782998827628,495,495
fixed_train,5,4,apriori|3|08,"370407, ac370000, ac370442",5,0.99336283185840712,0.048647804178777676,495,495
fixed_train,5,4,apriori|3|08,"370407, ac370000, ac370442",6,0.99336283185840712,0.049716776323521117,495,494
fixed_train,5,4,apriori|3|08,"370407, ac370000, ac370442",7,0.99336283185840712,0.045296859110570908,495,495
fixed_train,5,4,apriori|3|08,"370407, ac370000, ac370442",8,0.99336283185840712,0.051902089117759398,495,495
fixed_train,5,4,apriori|3|08,"370407, ac370000, ac370442",9,0.99336283185840712,0.054189837082907921,495,495
fixed_train,5,4,apriori|3|09,"370407, ac370419, ac370442",0,0.99336283185840712,0.042013607500333228,494,493
fixed_train,5,4,apriori|3|09,"370407, ac370419, ac370442",1,0.99336283185840712,0.032106445808749551,494,493
fixed_train,5,4,apriori|3|09,"370407, ac370419, ac370442",2,0.99336283185840712,0.038686543229789927,494,494
fixed_train,5,4,apriori|3|09,"370407, ac370419, ac370442",3,0.99336283185840712,0.040962128997399261,494,494
fixed_train,5,4,apriori|3|09,"370407, ac370419, ac370442",4,0.99336283185840712,0.040856946238636338,494,494
fixed_train,5,4,apriori|3|09,"370407, ac370419, ac370442",5,0.99336283185840712,0.042013607500333228,494,494
fixed_train,5,4,apriori|3|09,"370407, ac370419, ac370442",6,0.99336283185840712,0.038748208200236833,494,494
fixed_train,5,4,apriori|3|09,"370407, ac370419, ac370442",7,0.99336283185840712,0.036514259968537521,494,494
fixed_train,5,4,apriori|3|09,"370407, ac370419, ac370442",8,0.99336283185840712,0.043108368729437241,494,494
fixed_train,5,4,apriori|3|09,"370407, ac370419, ac370442",9,0.99336283185840712,0.037552643514755846,494,493
fixed_train,5,4,apriori|3|10,"370407, ac370442, ac370443",0,0.99336283185840712,0.03424706607819572,492,492
fixed_train,5,4,apriori|3|10,"370407, ac370442, ac370443",1,0.99336283185840712,0.042035398230088505,492,492
fixed_train,5,4,apriori|3|10,"370407, ac370442, ac370443",2,0.99336283185840712,0.047554163785689663,492,491
fixed_train,5,4,apriori|3|10,"370407, ac370442, ac370443",3,0.99336283185840712,0.034282817191253034,492,492
fixed_train,5,4,apriori|3|10,"370407, ac370442, ac370443",4,0.99336283185840712,0.03539823008849563,492,492
fixed_train,5,4,apriori|3|10,"370407, ac370442, ac370443",5,0.99336283185840712,0.038686543229789927,492,492
fixed_train,5,4,apriori|3|10,"370407, ac370442, ac370443",6,0.99336283185840712,0.040897455979613584,492,492
fixed_train,5,4,apriori|3|10,"370407, ac370442, ac370443",7,0.99336283185840712,0.038706599389398577,492,492
fixed_train,5,4,apriori|3|10,"370407, ac370442, ac370443",8,0.99336283185840712,0.047506817717046124,492,492
fixed_train,5,4,apriori|3|10,"370407, ac370442, ac370443",9,0.99336283185840712,0.039781917682269241,492,492
fixed_train,5,4,impressed|1|01,376400,0,0.99336283185840712,0.0066558758459135392,262,246
fixed_train,5,4,impressed|1|01,376400,1,0.99336283185840712,0.0055451797368804012,262,241
fixed_train,5,4,impressed|1|01,376400,2,0.99336283185840712,0.0055451797368804012,262,249
fixed_train,5,4,impressed|1|01,376400,3,0.99336283185840712,0.0077671469974627261,262,244
fixed_train,5,4,impressed|1|01,376400,4,0.99336283185840712,0.0066558758459135392,262,251
fixed_train,5,4,impressed|1|01,376400,5,0.99336283185840712,0.0066558758459135392,262,243
fixed_train,5,4,impressed|1|01,376400,6,0.99336283185840712,0.0066558758459135392,262,248
fixed_train,5,4,impressed|1|01,376400,7,0.99336283185840712,0.0033254754456379931,262,241
fixed_train,5,4,impressed|1|01,376400,8,0.99336283185840712,0.0099914517867638608,262,246
fixed_train,5,4,impressed|1|01,376400,9,0.99336283185840712,0.0088790025245358839,262,245
fixed_train,5,4,impressed|1|02,ac419100,0,0.99336283185840712,0.042057724640220173,592,498
fixed_train,5,4,impressed|1|02,ac419100,1,0.99336283185840712,0.042013607500333228,592,494
fixed_train,5,4,impressed|1|02,ac419100,2,0.99336283185840712,0.046460176991150459,592,484
fixed_train,5,4,impressed|1|02,ac419100,3,0.99336283185840712,0.044295032382645649,592,502
fixed_train,5,4,impressed|1|02,ac419100,4,0.99336283185840712,0.039866145380538009,592,491
fixed_train,5,4,impressed|1|02,ac419100,5,0.99336283185840712,0.034282817191253034,592,494
fixed_train,5,4,impressed|1|02,ac419100,6,0.99336283185840712,0.035457471152177789,592,498
fixed_train,5,4,impressed|1|02,ac419100,7,0.99336283185840712,0.039888485814679964,592,497
fixed_train,5,4,impressed|1|02,ac419100,8,0.99336283185840712,0.043199709543070508,592,500
fixed_train,5,4,impressed|1|02,ac419100,9,0.99336283185840712,0.043176049794561799,592,506
fixed_train,5,4,impressed|1|03,ac370000,0,0.99336283185840712,0.071234829902526609,638,623
fixed_train,5,4,impressed|1|03,ac370000,1,0.99336283185840712,0.074643154790445254,638,628
fixed_train,5,4,impressed|1|03,ac370000,2,0.99336283185840712,0.077022331279836931,638,627
fixed_train,5,4,impressed|1|03,ac370000,3,0.99336283185840712,0.072194170774481758,638,629
fixed_train,5,4,impressed|1|03,ac370000,4,0.99336283185840712,0.071325995974569567,638,635
fixed_train,5,4,impressed|1|03,ac370000,5,0.99336283185840712,0.071372929843401822,638,627
fixed_train,5,4,impressed|1|03,ac370000,6,0.99336283185840712,0.063388205667278874,638,626
fixed_train,5,4,impressed|1|03,ac370000,7,0.99336283185840712,0.065693395524349718,638,632
fixed_train,5,4,impressed|1|03,ac370000,8,0.99336283185840712,0.06787617959816894,638,629
fixed_train,5,4,impressed|1|03,ac370000,9,0.99336283185840712,0.070281966300513976,638,633
fixed_train,5,4,impressed|1|04,ac415100,0,0.99336283185840712,0.018799579497743801,215,199
fixed_train,5,4,impressed|1|04,ac415100,1,0.99336283185840712,0.017667228269398816,215,198
fixed_train,5,4,impressed|1|04,ac415100,2,0.99336283185840712,0.018799579497743801,215,201
fixed_train,5,4,impressed|1|04,ac415100,3,0.99336283185840712,0.012181158634287703,215,198
fixed_train,5,4,impressed|1|04,ac415100,4,0.99336283185840712,0.018777355832870324,215,197
fixed_train,5,4,impressed|1|04,ac415100,5,0.99336283185840712,0.020975689056214719,215,196
fixed_train,5,4,impressed|1|04,ac415100,6,0.99336283185840712,0.013265421893740581,215,201
fixed_train,5,4,impressed|1|04,ac415100,7,0.99336283185840712,0.018788328481377903,215,205
fixed_train,5,4,impressed|1|04,ac415100,8,0.99336283185840712,0.019876718852216424,215,201
fixed_train,5,4,impressed|1|04,ac415100,9,0.99336283185840712,0.022098456416036139,215,200
fixed_train,5,4,impressed|1|05,ac10307,0,0.99336283185840712,0.0099751244199616229,110,96
fixed_train,5,4,impressed|1|05,ac10307,1,0.99336283185840712,0.0077601520784210676,110,86
fixed_train,5,4,impressed|1|05,ac10307,2,0.99336283185840712,0.0077533170399628482,110,88
fixed_train,5,4,impressed|1|05,ac10307,3,0.99336283185840712,0.0088713831771646268,110,90
fixed_train,5,4,impressed|1|05,ac10307,4,0.99336283185840712,0.0066371681415929862,110,87
fixed_train,5,4,impressed|1|05,ac10307,5,0.99336283185840712,0.0077601520784210676,110,92
fixed_train,5,4,impressed|1|05,ac10307,6,0.99336283185840712,0.0077601520784210676,110,92
fixed_train,5,4,impressed|1|05,ac10307,7,0.99336283185840712,0.0055393962428004206,110,99
fixed_train,5,4,impressed|1|05,ac10307,8,0.99336283185840712,0.0099751244199616229,110,93
fixed_train,5,4,impressed|1|05,ac10307,9,0.99336283185840712,0.012199243963325945,110,90
fixed_train,5,4,impressed|1|06,ac355427,0,0.99336283185840712,0.0044198263224811685,32,29
fixed_train,5,4,impressed|1|06,ac355427,1,0.99336283185840712,0.0011079599807383156,32,29
fixed_train,5,4,impressed|1|06,ac355427,2,0.99336283185840712,0.0033163418042344572,32,29
fixed_train,5,4,impressed|1|06,ac355427,3,0.99336283185840712,0.0044247787610619538,32,30
fixed_train,5,4,impressed|1|06,ac355427,4,0.99336283185840712,0.0011079599807383156,32,31
fixed_train,5,4,impressed|1|06,ac355427,5,0.99336283185840712,0.0044198263224811685,32,30
fixed_train,5,4,impressed|1|06,ac355427,6,0.99336283185840712,0.0022123893805310324,32,28
fixed_train,5,4,impressed|1|06,ac355427,7,0.99336283185840712,0.0044198263224811685,32,30
fixed_train,5,4,impressed|1|06,ac355427,8,0.99336283185840712,0.0033208537299757035,32,28
fixed_train,5,4,impressed|1|06,ac355427,9,0.99336283185840712,0.0011079599807383156,32,28
fixed_train,5,4,impressed|1|07,337419c,0,0.99336283185840712,0,3,2
fixed_train,5,4,impressed|1|07,337419c,1,0.99336283185840712,0,3,1
fixed_train,5,4,impressed|1|07,337419c,2,0.99336283185840712,0,3,3
fixed_train,5,4,impressed|1|07,337419c,3,0.99336283185840712,0,3,1
fixed_train,5,4,impressed|1|07,337419c,4,0.99336283185840712,0,3,2
fixed_train,5,4,impressed|1|07,337419c,5,0.99336283185840712,0,3,3
fixed_train,5,4,impressed|1|07,337419c,6,0.99336283185840712,0,3,2
fixed_train,5,4,impressed|1|07,337419c,7,0.99336283185840712,0,3,2
fixed_train,5,4,impressed|1|07,337419c,8,0.99336283185840712,0,3,2
fixed_train,5,4,impressed|1|07,337419c,9,0.99336283185840712,0,3,3
fixed_train,5,4,impressed|1|08,ac411100,0,0.99336283185840712,0.034320366605911978,409,358
fixed_train,5,4,impressed|1|08,ac411100,1,0.99336283185840712,0.029927631826778822,409,369
fixed_train,5,4,impressed|1|08,ac411100,2,0.99336283185840712,0.037571485023990103,409,368
fixed_train,5,4,impressed|1|08,ac411100,3,0.99336283185840712,0.038706599389398577,409,359
fixed_train,5,4,impressed|1|08,ac411100,4,0.99336283185840712,0.036554792518448731,409,377
fixed_train,5,4,impressed|1|08,ac411100,5,0.99336283185840712,0.030973451327433676,409,374
fixed_train,5,4,impressed|1|08,ac411100,6,0.99336283185840712,0.034380094348354096,409,364
fixed_train,5,4,impressed|1|08,ac411100,7,0.99336283185840712,0.042013607500333228,409,366
fixed_train,5,4,impressed|1|08,ac411100,8,0.99336283185840712,0.027694903152286288,409,363
fixed_train,5,4,impressed|1|08,ac411100,9,0.99336283185840712,0.030956613036259073,409,368
fixed_train,5,4,impressed|1|09,370407,0,0.99336283185840712,0.024379934495922351,539,517
fixed_train,5,4,impressed|1|09,370407,1,0.99336283185840712,0.023279486377984049,539,518
fixed_train,5,4,impressed|1|09,370407,2,0.99336283185840712,0.029909875493826954,539,516
fixed_train,5,4,impressed|1|09,370407,3,0.99336283185840712,0.021049986127664511,539,527
fixed_train,5,4,impressed|1|09,370407,4,0.99336283185840712,0.023236897473112639,539,519
fixed_train,5,4,impressed|1|09,370407,5,0.99336283185840712,0.019936153871053297,539,519
fixed_train,5,4,impressed|1|09,370407,6,0.99336283185840712,0.028828364809558527,539,520
fixed_train,5,4,impressed|1|09,370407,7,0.99336283185840712,0.024395173190664643,539,523
fixed_train,5,4,impressed|1|09,370407,8,0.99336283185840712,0.025464683417262268,539,507
fixed_train,5,4,impressed|1|09,370407,9,0.99336283185840712,0.017733412502169088,539,520
fixed_train,5,4,impressed|1|10,ac378449,0,0.99336283185840712,0.0022084274296664264,19,14
fixed_train,5,4,impressed|1|10,ac378449,1,0.99336283185840712,0.0011044507051618524,19,16
fixed_train,5,4,impressed|1|10,ac378449,2,0.99336283185840712,0.0011044507051618524,19,16
fixed_train,5,4,impressed|1|10,ac378449,3,0.99336283185840712,0.0022084274296664264,19,16
fixed_train,5,4,impressed|1|10,ac378449,4,0.99336283185840712,0.0011044507051618524,19,14
fixed_train,5,4,impressed|1|10,ac378449,5,0.99336283185840712,0.0022084274296664264,19,17
fixed_train,5,4,impressed|1|10,ac378449,6,0.99336283185840712,0.0022084274296664264,19,15
fixed_train,5,4,impressed|1|10,ac378449,7,0.99336283185840712,0,19,16
fixed_train,5,4,impressed|1|10,ac378449,8,0.99336283185840712,0,19,15
fixed_train,5,4,impressed|1|10,ac378449,9,0.99336283185840712,0.0011044507051618524,19,13
fixed_train,5,4,impressed|2|01,"370715a, 376400",0,0.99336283185840712,0.0033254754456379931,232,230
fixed_train,5,4,impressed|2|01,"370715a, 376400",1,0.99336283185840712,0.0011079599807383156,232,228
fixed_train,5,4,impressed|2|01,"370715a, 376400",2,0.99336283185840712,0.0011079599807383156,232,231
fixed_train,5,4,impressed|2|01,"370715a, 376400",3,0.99336283185840712,0.0033254754456379931,232,231
fixed_train,5,4,impressed|2|01,"370715a, 376400",4,0.99336283185840712,0.00221644872782778,232,226
fixed_train,5,4,impressed|2|01,"370715a, 376400",5,0.99336283185840712,0.0044350493636762245,232,227
fixed_train,5,4,impressed|2|01,"370715a, 376400",6,0.99336283185840712,0.0044350493636762245,232,229
fixed_train,5,4,impressed|2|01,"370715a, 376400",7,0.99336283185840712,0.0011079599807383156,232,232
fixed_train,5,4,impressed|2|01,"370715a, 376400",8,0.99336283185840712,0.00221644872782778,232,231
fixed_train,5,4,impressed|2|01,"370715a, 376400",9,0.99336283185840712,0.0011079599807383156,232,229
fixed_train,5,4,impressed|2|02,"370712b, 376400",0,0.99336283185840712,0.0033254754456379931,232,229
fixed_train,5,4,impressed|2|02,"370712b, 376400",1,0.99336283185840712,0.0033254754456379931,232,228
fixed_train,5,4,impressed|2|02,"370712b, 376400",2,0.99336283185840712,0.00221644872782778,232,228
fixed_train,5,4,impressed|2|02,"370712b, 376400",3,0.99336283185840712,0.00221644872782778,232,231
fixed_train,5,4,impressed|2|02,"370712b, 376400",4,0.99336283185840712,0.0011079599807383156,232,227
fixed_train,5,4,impressed|2|02,"370712b, 376400",5,0.99336283185840712,0.00221644872782778,232,227
fixed_train,5,4,impressed|2|02,"370712b, 376400",6,0.99336283185840712,0,232,229
fixed_train,5,4,impressed|2|02,"370712b, 376400",7,0.99336283185840712,0.0033254754456379931,232,228
fixed_train,5,4,impressed|2|02,"370712b, 376400",8,0.99336283185840712,0.0011079599807383156,232,230
fixed_train,5,4,impressed|2|02,"370712b, 376400",9,0.99336283185840712,0.00221644872782778,232,231
fixed_train,5,4,impressed|2|03,"ac411100, ac419100",0,0.99336283185840712,0.038706599389398577,351,326
fixed_train,5,4,impressed|2|03,"ac411100, ac419100",1,0.99336283185840712,0.03539823008849563,351,313
fixed_train,5,4,impressed|2|03,"ac411100, ac419100",2,0.99336283185840712,0.033117138192684581,351,323
fixed_train,5,4,impressed|2|03,"ac411100, ac419100",3,0.99336283185840712,0.033133662349120963,351,327
fixed_train,5,4,impressed|2|03,"ac411100, ac419100",4,0.99336283185840712,0.032070926092180208,351,325
fixed_train,5,4,impressed|2|03,"ac411100, ac419100",5,0.99336283185840712,0.032020831935337779,351,317
fixed_train,5,4,impressed|2|03,"ac411100, ac419100",6,0.99336283185840712,0.037516402692195139,351,323
fixed_train,5,4,impressed|2|03,"ac411100, ac419100",7,0.99336283185840712,0.033133662349120963,351,324
fixed_train,5,4,impressed|2|03,"ac411100, ac419100",8,0.99336283185840712,0.028761061946902755,351,318
fixed_train,5,4,impressed|2|03,"ac411100, ac419100",9,0.99336283185840712,0.02979685420506728,351,320
fixed_train,5,4,impressed|2|04,"370401c, ac370000",0,0.99336283185840712,0.028864385863711095,474,472
fixed_train,5,4,impressed|2|04,"370401c, ac370000",1,0.99336283185840712,0.031103004843196724,474,471
fixed_train,5,4,impressed|2|04,"370401c, ac370000",2,0.99336283185840712,0.028882994667620787,474,471
fixed_train,5,4,impressed|2|04,"370401c, ac370000",3,0.99336283185840712,0.025544501944531395,474,470
fixed_train,5,4,impressed|2|04,"370401c, ac370000",4,0.99336283185840712,0.025527818900771493,474,470
fixed_train,5,4,impressed|2|04,"370401c, ac370000",5,0.99336283185840712,0.026662984492044961,474,468
fixed_train,5,4,impressed|2|04,"370401c, ac370000",6,0.99336283185840712,0.036619193742966183,474,471
fixed_train,5,4,impressed|2|04,"370401c, ac370000",7,0.99336283185840712,0.024410758404924682,474,472
fixed_train,5,4,impressed|2|04,"370401c, ac370000",8,0.99336283185840712,0.032265817307780442,474,472
fixed_train,5,4,impressed|2|04,"370401c, ac370000",9,0.99336283185840712,0.033302080114374411,474,470
fixed_train,5,4,impressed|2|05,"ac370000, ac370403",0,0.99336283185840712,0.027728646377011335,490,490
fixed_train,5,4,impressed|2|05,"ac370000, ac370403",1,0.99336283185840712,0.042127939666240177,490,488
fixed_train,5,4,impressed|2|05,"ac370000, ac370403",2,0.99336283185840712,0.031103004843196724,490,487
fixed_train,5,4,impressed|2|05,"ac370000, ac370403",3,0.99336283185840712,0.034339820176908065,490,487
fixed_train,5,4,impressed|2|05,"ac370000, ac370403",4,0.99336283185840712,0.037717012639146286,490,485
fixed_train,5,4,impressed|2|05,"ac370000, ac370403",5,0.99336283185840712,0.036597243672134905,490,488
fixed_train,5,4,impressed|2|05,"ac370000, ac370403",6,0.99336283185840712,0.035457471152177789,490,489
fixed_train,5,4,impressed|2|05,"ac370000, ac370403",7,0.99336283185840712,0.033302080114374411,490,486
fixed_train,5,4,impressed|2|05,"ac370000, ac370403",8,0.99336283185840712,0.041131570510339777,490,489
fixed_train,5,4,impressed|2|05,"ac370000, ac370403",9,0.99336283185840712,0.035478152237899407,490,489
fixed_train,5,4,impressed|2|06,"ac411100, ac415100",0,0.99336283185840712,0.028729754390873552,175,170
fixed_train,5,4,impressed|2|06,"ac411100, ac415100",1,0.99336283185840712,0.022123893805309769,175,167
fixed_train,5,4,impressed|2|06,"ac411100, ac415100",2,0.99336283185840712,0.020999241231201449,175,169
fixed_train,5,4,impressed|2|06,"ac411100, ac415100",3,0.99336283185840712,0.023197273045820421,175,174
fixed_train,5,4,impressed|2|06,"ac411100, ac415100",4,0.99336283185840712,0.026519321732594525,175,168
fixed_train,5,4,impressed|2|06,"ac411100, ac415100",5,0.99336283185840712,0.023210153981025217,175,171
fixed_train,5,4,impressed|2|06,"ac411100, ac415100",6,0.99336283185840712,0.025435252794962171,175,165
fixed_train,5,4,impressed|2|06,"ac411100, ac415100",7,0.99336283185840712,0.032053804980319289,175,168
fixed_train,5,4,impressed|2|06,"ac411100, ac415100",8,0.99336283185840712,0.023184717632039442,175,167
fixed_train,5,4,impressed|2|06,"ac411100, ac415100",9,0.99336283185840712,0.028729754390873552,175,167
fixed_train,5,4,impressed|2|07,"ac415100, ac419100",0,0.99336283185840712,0.022074275322051973,200,186
fixed_train,5,4,impressed|2|07,"ac415100, ac419100",1,0.99336283185840712,0.024295700017851196,200,187
fixed_train,5,4,impressed|2|07,"ac415100, ac419100",2,0.99336283185840712,0.027588731638603092,200,189
fixed_train,5,4,impressed|2|07,"ac415100, ac419100",3,0.99336283185840712,0.026505190600668582,200,186
fixed_train,5,4,impressed|2|07,"ac415100, ac419100",4,0.99336283185840712,0.031974521318339666,200,183
fixed_train,5,4,impressed|2|07,"ac415100, ac419100",5,0.99336283185840712,0.020964363939210306,200,184
fixed_train,5,4,impressed|2|07,"ac415100, ac419100",6,0.99336283185840712,0.027575059434243543,200,191
fixed_train,5,4,impressed|2|07,"ac415100, ac419100",7,0.99336283185840712,0.019888023757757001,200,188
fixed_train,5,4,impressed|2|07,"ac415100, ac419100",8,0.99336283185840712,0.029754370205443137,200,190
fixed_train,5,4,impressed|2|07,"ac415100, ac419100",9,0.99336283185840712,0.025407231652295525,200,190
fixed_train,5,4,impressed|2|08,"ac10307, ac419100",0,0.99336283185840712,0.007740124002380111,92,89
fixed_train,5,4,impressed|2|08,"ac10307, ac419100",1,0.99336283185840712,0.007740124002380111,92,87
fixed_train,5,4,impressed|2|08,"ac10307, ac419100",2,0.99336283185840712,0.0066432571625378856,92,86
fixed_train,5,4,impressed|2|08,"ac10307, ac419100",3,0.99336283185840712,0.0033208537299757035,92,88
fixed_train,5,4,impressed|2|08,"ac10307, ac419100",4,0.99336283185840712,0.007740124002380111,92,90
fixed_train,5,4,impressed|2|08,"ac10307, ac419100",5,0.99336283185840712,0.0088426241081109858,92,90
fixed_train,5,4,impressed|2|08,"ac10307, ac419100",6,0.99336283185840712,0.0066432571625378856,92,88
fixed_train,5,4,impressed|2|08,"ac10307, ac419100",7,0.99336283185840712,0.0088426241081109858,92,86
fixed_train,5,4,impressed|2|08,"ac10307, ac419100",8,0.99336283185840712,0.0044298529451827218,92,91
fixed_train,5,4,impressed|2|08,"ac10307, ac419100",9,0.99336283185840712,0.0077466412284505903,92,89
fixed_train,5,4,impressed|2|09,"ac10307, ac411100",0,0.99336283185840712,0.012172428726925366,102,98
fixed_train,5,4,impressed|2|09,"ac10307, ac411100",1,0.99336283185840712,0.014395079431450131,102,100
fixed_train,5,4,impressed|2|09,"ac10307, ac411100",2,0.99336283185840712,0.013292823367891726,102,97
fixed_train,5,4,impressed|2|09,"ac10307, ac411100",3,0.99336283185840712,0.0088639363657840864,102,98
fixed_train,5,4,impressed|2|09,"ac10307, ac411100",4,0.99336283185840712,0.0066371681415929862,102,95
fixed_train,5,4,impressed|2|09,"ac10307, ac411100",5,0.99336283185840712,0.011086890508415825,102,99
fixed_train,5,4,impressed|2|09,"ac10307, ac411100",6,0.99336283185840712,0.0077671469974627261,102,98
fixed_train,5,4,impressed|2|09,"ac10307, ac411100",7,0.99336283185840712,0.0099595349776880893,102,97
fixed_train,5,4,impressed|2|09,"ac10307, ac411100",8,0.99336283185840712,0.0099595349776880893,102,99
fixed_train,5,4,impressed|2|09,"ac10307, ac411100",9,0.99336283185840712,0.0088566613798931604,102,93
fixed_train,5,4,impressed|2|10,"ac355201, ac415100",0,0.99336283185840712,0.0033119392326131925,29,29
fixed_train,5,4,impressed|2|10,"ac355201, ac415100",1,0.99336283185840712,0.0011044507051618524,29,29
fixed_train,5,4,impressed|2|10,"ac355201, ac415100",2,0.99336283185840712,0.0033119392326131925,29,28
fixed_train,5,4,impressed|2|10,"ac355201, ac415100",3,0.99336283185840712,0.0011044507051618524,29,29
fixed_train,5,4,impressed|2|10,"ac355201, ac415100",4,0.99336283185840712,0.0033119392326131925,29,28
fixed_train,5,4,impressed|2|10,"ac355201, ac415100",5,0.99336283185840712,0.0033119392326131925,29,28
fixed_train,5,4,impressed|2|10,"ac355201, ac415100",6,0.99336283185840712,0.0055176041940200315,29,29
fixed_train,5,4,impressed|2|10,"ac355201, ac415100",7,0.99336283185840712,0.0022084274296664264,29,28
fixed_train,5,4,impressed|2|10,"ac355201, ac415100",8,0.99336283185840712,0.0022084274296664264,29,27
fixed_train,5,4,impressed|2|10,"ac355201, ac415100",9,0.99336283185840712,0.0011044507051618524,29,28
fixed_train,5,4,impressed|3|01,"376400, 377498a, ac372417",0,0.99336283185840712,0.0033254754456379931,223,220
fixed_train,5,4,impressed|3|01,"376400, 377498a, ac372417",1,0.99336283185840712,0.00221644872782778,223,222
fixed_train,5,4,impressed|3|01,"376400, 377498a, ac372417",2,0.99336283185840712,0,223,221
fixed_train,5,4,impressed|3|01,"376400, 377498a, ac372417",3,0.99336283185840712,0.0033254754456379931,223,222
fixed_train,5,4,impressed|3|01,"376400, 377498a, ac372417",4,0.99336283185840712,0,223,220
fixed_train,5,4,impressed|3|01,"376400, 377498a, ac372417",5,0.99336283185840712,0.0055451797368804012,223,223
fixed_train,5,4,impressed|3|01,"376400, 377498a, ac372417",6,0.99336283185840712,0.0011079599807383156,223,223
fixed_train,5,4,impressed|3|01,"376400, 377498a, ac372417",7,0.99336283185840712,0.0055451797368804012,223,220
fixed_train,5,4,impressed|3|01,"376400, 377498a, ac372417",8,0.99336283185840712,0.00221644872782778,223,222
fixed_train,5,4,impressed|3|01,"376400, 377498a, ac372417",9,0.99336283185840712,0.00221644872782778,223,223
fixed_train,5,4,impressed|3|02,"ac411100, ac415100, ac419100",0,0.99336283185840712,0.026505190600668582,158,154
fixed_train,5,4,impressed|3|02,"ac411100, ac415100, ac419100",1,0.99336283185840712,0.025380609072138682,158,153
fixed_train,5,4,impressed|3|02,"ac411100, ac415100, ac419100",2,0.99336283185840712,0.026478009983748052,158,153
fixed_train,5,4,impressed|3|02,"ac411100, ac415100, ac419100",3,0.99336283185840712,0.024308889074315276,158,153
fixed_train,5,4,impressed|3|02,"ac411100, ac415100, ac419100",4,0.99336283185840712,0.027575059434243543,158,152
fixed_train,5,4,impressed|3|02,"ac411100, ac415100, ac419100",5,0.99336283185840712,0.026491420470305171,158,154
fixed_train,5,4,impressed|3|02,"ac411100, ac415100, ac419100",6,0.99336283185840712,0.023197273045820421,158,153
fixed_train,5,4,impressed|3|02,"ac411100, ac415100, ac419100",7,0.99336283185840712,0.026478009983748052,158,153
fixed_train,5,4,impressed|3|02,"ac411100, ac415100, ac419100",8,0.99336283185840712,0.027575059434243543,158,152
fixed_train,5,4,impressed|3|02,"ac411100, ac415100, ac419100",9,0.99336283185840712,0.022074275322051973,158,152
fixed_train,5,4,impressed|3|03,"ac10307, ac411100, ac419100",0,0.99336283185840712,0.0066432571625378856,87,87
fixed_train,5,4,impressed|3|03,"ac10307, ac411100, ac419100",1,0.99336283185840712,0.0044298529451827218,87,85
fixed_train,5,4,impressed|3|03,"ac10307, ac411100, ac419100",2,0.99336283185840712,0.0055282329033071731,87,85
fixed_train,5,4,impressed|3|03,"ac10307, ac411100, ac419100",3,0.99336283185840712,0.0088639363657840864,87,81
fixed_train,5,4,impressed|3|03,"ac10307, ac411100, ac419100",4,0.99336283185840712,0.0055337474792129804,87,85
fixed_train,5,4,impressed|3|03,"ac10307, ac411100, ac419100",5,0.99336283185840712,0.0044298529451827218,87,85
fixed_train,5,4,impressed|3|03,"ac10307, ac411100, ac419100",6,0.99336283185840712,0.0044298529451827218,87,86
fixed_train,5,4,impressed|3|03,"ac10307, ac411100, ac419100",7,0.99336283185840712,0.0088495575221239076,87,86
fixed_train,5,4,impressed|3|03,"ac10307, ac411100, ac419100",8,0.99336283185840712,0.0033208537299757035,87,82
fixed_train,5,4,impressed|3|03,"ac10307, ac411100, ac419100",9,0.99336283185840712,0.0055393962428004206,87,86
fixed_train,5,4,impressed|3|04,"ac356134, ac411100, ac419100",0,0.99336283185840712,0.0055176041940200315,49,49
fixed_train,5,4,impressed|3|04,"ac356134, ac411100, ac419100",1,0.99336283185840712,0.0022084274296664264,49,48
fixed_train,5,4,impressed|3|04,"ac356134, ac411100, ac419100",2,0.99336283185840712,0.0066197753553118854,49,49
fixed_train,5,4,impressed|3|04,"ac356134, ac411100, ac419100",3,0.99336283185840712,0.0033119392326131925,49,49
fixed_train,5,4,impressed|3|04,"ac356134, ac411100, ac419100",4,0.99336283185840712,0.004414995149802925,49,49
fixed_train,5,4,impressed|3|04,"ac356134, ac411100, ac419100",5,0.99336283185840712,0,49,48
fixed_train,5,4,impressed|3|04,"ac356134, ac411100, ac419100",6,0.99336283185840712,0.0033119392326131925,49,49
fixed_train,5,4,impressed|3|04,"ac356134, ac411100, ac419100",7,0.99336283185840712,0.004414995149802925,49,49
fixed_train,5,4,impressed|3|04,"ac356134, ac411100, ac419100",8,0.99336283185840712,0.0011044507051618524,49,49
fixed_train,5,4,impressed|3|04,"ac356134, ac411100, ac419100",9,0.99336283185840712,0.004414995149802925,49,48
fixed_train,5,4,impressed|3|05,"ac355201, ac415100, ac419100",0,0.99336283185840712,0.0033119392326131925,29,29
fixed_train,5,4,impressed|3|05,"ac355201, ac415100, ac419100",1,0.99336283185840712,0.0033119392326131925,29,28
fixed_train,5,4,impressed|3|05,"ac355201, ac415100, ac419100",2,0.99336283185840712,0.0033163418042344572,29,29
fixed_train,5,4,impressed|3|05,"ac355201, ac415100, ac419100",3,0.99336283185840712,0.0033119392326131925,29,28
fixed_train,5,4,impressed|3|05,"ac355201, ac415100, ac419100",4,0.99336283185840712,0.0033119392326131925,29,29
fixed_train,5,4,impressed|3|05,"ac355201, ac415100, ac419100",5,0.99336283185840712,0.0055176041940200315,29,29
fixed_train,5,4,impressed|3|05,"ac355201, ac415100, ac419100",6,0.99336283185840712,0.0022084274296664264,29,29
fixed_train,5,4,impressed|3|05,"ac355201, ac415100, ac419100",7,0.99336283185840712,0.0055228519824366273,29,28
fixed_train,5,4,impressed|3|05,"ac355201, ac415100, ac419100",8,0.99336283185840712,0.0055176041940200315,29,27
fixed_train,5,4,impressed|3|05,"ac355201, ac415100, ac419100",9,0.99336283185840712,0.0033119392326131925,29,29
fixed_train,5,4,impressed|3|06,"ac355201, ac411100, ac419100",0,0.99336283185840712,0.0066312252152960216,33,32
fixed_train,5,4,impressed|3|06,"ac355201, ac411100, ac419100",1,0.99336283185840712,0.0055176041940200315,33,33
fixed_train,5,4,impressed|3|06,"ac355201, ac411100, ac419100",2,0.99336283185840712,0.0033163418042344572,33,33
fixed_train,5,4,impressed|3|06,"ac355201, ac411100, ac419100",3,0.99336283185840712,0.0077275628004949137,33,32
fixed_train,5,4,impressed|3|06,"ac355201, ac411100, ac419100",4,0.99336283185840712,0.0044198263224811685,33,33
fixed_train,5,4,impressed|3|06,"ac355201, ac411100, ac419100",5,0.99336283185840712,0.0066254278080820628,33,33
fixed_train,5,4,impressed|3|06,"ac355201, ac411100, ac419100",6,0.99336283185840712,0.0055228519824366273,33,32
fixed_train,5,4,impressed|3|06,"ac355201, ac411100, ac419100",7,0.99336283185840712,0.0033163418042344572,33,32
fixed_train,5,4,impressed|3|06,"ac355201, ac411100, ac419100",8,0.99336283185840712,0.0066254278080820628,33,33
fixed_train,5,4,impressed|3|06,"ac355201, ac411100, ac419100",9,0.99336283185840712,0.0055228519824366273,33,33
fixed_train,5,4,impressed|3|07,"ac355427, ac411100, ac419100",0,0.99336283185840712,0.0011079599807383156,22,22
fixed_train,5,4,impressed|3|07,"ac355427, ac411100, ac419100",1,0.99336283185840712,0.0022123893805310324,22,22
fixed_train,5,4,impressed|3|07,"ac355427, ac411100, ac419100",2,0.99336283185840712,0.0011079599807383156,22,21
fixed_train,5,4,impressed|3|07,"ac355427, ac411100, ac419100",3,0.99336283185840712,0.0033163418042344572,22,22
fixed_train,5,4,impressed|3|07,"ac355427, ac411100, ac419100",4,0.99336283185840712,0.0022123893805310324,22,21
fixed_train,5,4,impressed|3|07,"ac355427, ac411100, ac419100",5,0.99336283185840712,0.0011079599807383156,22,22
fixed_train,5,4,impressed|3|07,"ac355427, ac411100, ac419100",6,0.99336283185840712,0.0011079599807383156,22,22
fixed_train,5,4,impressed|3|07,"ac355427, ac411100, ac419100",7,0.99336283185840712,0.0011079599807383156,22,22
fixed_train,5,4,impressed|3|07,"ac355427, ac411100, ac419100",8,0.99336283185840712,0.0011079599807383156,22,22
fixed_train,5,4,impressed|3|07,"ac355427, ac411100, ac419100",9,0.99336283185840712,0.0022123893805310324,22,22
fixed_train,5,4,impressed|3|08,"376400, ac370000, ac411100",0,0.99336283185840712,0.0066558758459135392,17,17
fixed_train,5,4,impressed|3|08,"376400, ac370000, ac411100",1,0.99336283185840712,0.0088790025245358839,17,17
fixed_train,5,4,impressed|3|08,"376400, ac370000, ac411100",2,0.99336283185840712,0.0033254754456379931,17,17
fixed_train,5,4,impressed|3|08,"376400, ac370000, ac411100",3,0.99336283185840712,0.0066558758459135392,17,17
fixed_train,5,4,impressed|3|08,"376400, ac370000, ac411100",4,0.99336283185840712,0.0077671469974627261,17,17
fixed_train,5,4,impressed|3|08,"376400, ac370000, ac411100",5,0.99336283185840712,0.0077671469974627261,17,17
fixed_train,5,4,impressed|3|08,"376400, ac370000, ac411100",6,0.99336283185840712,0.0088790025245358839,17,16
fixed_train,5,4,impressed|3|08,"376400, ac370000, ac411100",7,0.99336283185840712,0.0077671469974627261,17,17
fixed_train,5,4,impressed|3|08,"376400, ac370000, ac411100",8,0.99336283185840712,0.0088790025245358839,17,17
fixed_train,5,4,impressed|3|08,"376400, ac370000, ac411100",9,0.99336283185840712,0.0088790025245358839,17,17
fixed_train,5,4,impressed|3|09,"376400, ac370419, ac378452",0,0.99336283185840712,0,5,5
fixed_train,5,4,impressed|3|09,"376400, ac370419, ac378452",1,0.99336283185840712,0,5,5
fixed_train,5,4,impressed|3|09,"376400, ac370419, ac378452",2,0.99336283185840712,0.0011079599807383156,5,5
fixed_train,5,4,impressed|3|09,"376400, ac370419, ac378452",3,0.99336283185840712,0,5,5
fixed_train,5,4,impressed|3|09,"376400, ac370419, ac378452",4,0.99336283185840712,0,5,5
fixed_train,5,4,impressed|3|09,"376400, ac370419, ac378452",5,0.99336283185840712,0,5,5
fixed_train,5,4,impressed|3|09,"376400, ac370419, ac378452",6,0.99336283185840712,0,5,5
fixed_train,5,4,impressed|3|09,"376400, ac370419, ac378452",7,0.99336283185840712,0,5,5
fixed_train,5,4,impressed|3|09,"376400, ac370419, ac378452",8,0.99336283185840712,0,5,4
fixed_train,5,4,impressed|3|09,"376400, ac370419, ac378452",9,0.99336283185840712,0,5,5
fixed_train,5,4,impressed|3|10,"ac410500, ac411100, ac415100",0,0.99336283185840712,0,10,9
fixed_train,5,4,impressed|3|10,"ac410500, ac411100, ac415100",1,0.99336283185840712,0,10,9
fixed_train,5,4,impressed|3|10,"ac410500, ac411100, ac415100",2,0.99336283185840712,0,10,10
fixed_train,5,4,impressed|3|10,"ac410500, ac411100, ac415100",3,0.99336283185840712,0.0011044507051618524,10,10
fixed_train,5,4,impressed|3|10,"ac410500, ac411100, ac415100",4,0.99336283185840712,0.0011044507051618524,10,10
fixed_train,5,4,impressed|3|10,"ac410500, ac411100, ac415100",5,0.99336283185840712,0,10,10
fixed_train,5,4,impressed|3|10,"ac410500, ac411100, ac415100",6,0.99336283185840712,0,10,10
fixed_train,5,4,impressed|3|10,"ac410500, ac411100, ac415100",7,0.99336283185840712,0,10,9
fixed_train,5,4,impressed|3|10,"ac410500, ac411100, ac415100",8,0.99336283185840712,0,10,10
fixed_train,5,4,impressed|3|10,"ac410500, ac411100, ac415100",9,0.99336283185840712,0,10,10
