setting,seed,fold,itemset_id,itemset,repeat,baseline,importance,n_traces_with_itemset,n_traces_changed
fixed_test,3,0,0,"370407, ac370000",0,0.92980544517473152,0,110,110
fixed_test,3,0,0,"370407, ac370000",1,0.92980544517473152,0.0050175161172948402,110,109
fixed_test,3,0,0,"370407, ac370000",2,0.92980544517473152,0.019533048462620273,110,110
fixed_test,3,0,0,"370407, ac370000",3,0.92980544517473152,0.010088037590211041,110,109
fixed_test,3,0,0,"370407, ac370000",4,0.92980544517473152,0.015213819236302495,110,110
fixed_test,3,0,0,"370407, ac370000",5,0.92980544517473152,0.020397211684328287,110,109
fixed_test,3,0,0,"370407, ac370000",6,0.92980544517473152,0.010861236262265428,110,108
fixed_test,3,0,0,"370407, ac370000",7,0.92980544517473152,0.0064736225518798873,110,108
fixed_test,3,0,0,"370407, ac370000",8,0.92980544517473152,0.024703638576477172,110,110
fixed_test,3,0,0,"370407, ac370000",9,0.92980544517473152,0.016057144724023753,110,109
fixed_test,3,0,1,"ac370000, ac370419",0,0.92980544517473152,0.010861236262265428,106,105
fixed_test,3,0,1,"ac370000, ac370419",1,0.92980544517473152,0.016057144724023753,106,104
fixed_test,3,0,1,"ac370000, ac370419",2,0.92980544517473152,0.010861236262265428,106,105
fixed_test,3,0,1,"ac370000, ac370419",3,0.92980544517473152,0.010861236262265428,106,106
fixed_test,3,0,1,"ac370000, ac370419",4,0.92980544517473152,0.010861236262265428,106,103
fixed_test,3,0,1,"ac370000, ac370419",5,0.92980544517473152,0.015213819236302495,106,105
fixed_test,3,0,1,"ac370000, ac370419",6,0.92980544517473152,0.025640666896167064,106,106
fixed_test,3,0,1,"ac370000, ac370419",7,0.92980544517473152,0.010861236262265428,106,106
fixed_test,3,0,1,"ac370000, ac370419",8,0.92980544517473152,0.015213819236302495,106,106
fixed_test,3,0,1,"ac370000, ac370419",9,0.92980544517473152,0.010088037590211041,106,105
fixed_test,3,0,2,"370407, ac370000, ac370419",0,0.92980544517473152,0.0057239998961279293,104,104
fixed_test,3,0,2,"370407, ac370000, ac370419",1,0.92980544517473152,0.010861236262265428,104,104
fixed_test,3,0,2,"370407, ac370000, ac370419",2,0.92980544517473152,0.016057144724023753,104,104
fixed_test,3,0,2,"370407, ac370000, ac370419",3,0.92980544517473152,0.021314239411711289,104,104
fixed_test,3,0,2,"370407, ac370000, ac370419",4,0.92980544517473152,0.010861236262265428,104,104
fixed_test,3,0,2,"370407, ac370000, ac370419",5,0.92980544517473152,0.024703638576477172,104,104
fixed_test,3,0,2,"370407, ac370000, ac370419",6,0.92980544517473152,0.020397211684328287,104,104
fixed_test,3,0,2,"370407, ac370000, ac370419",7,0.92980544517473152,0.010861236262265428,104,104
fixed_test,3,0,2,"370407, ac370000, ac370419",8,0.92980544517473152,0.020397211684328287,104,104
fixed_test,3,0,2,"370407, ac370000, ac370419",9,0.92980544517473152,0.010861236262265428,104,104
fixed_test,3,0,3,"370407, ac370419",0,0.92980544517473152,-0.0043839927505255893,104,103
fixed_test,3,0,3,"370407, ac370419",1,0.92980544517473152,-0.0043839927505255893,104,104
fixed_test,3,0,3,"370407, ac370419",2,0.92980544517473152,0,104,104
fixed_test,3,0,3,"370407, ac370419",3,0.92980544517473152,0.0050175161172948402,104,104
fixed_test,3,0,3,"370407, ac370419",4,0.92980544517473152,0,104,104
fixed_test,3,0,3,"370407, ac370419",5,0.92980544517473152,0.010088037590211041,104,104
fixed_test,3,0,3,"370407, ac370419",6,0.92980544517473152,0.0093592739767025535,104,104
fixed_test,3,0,3,"370407, ac370419",7,0.92980544517473152,0.010088037590211041,104,104
fixed_test,3,0,3,"370407, ac370419",8,0.92980544517473152,0.00064302671780169796,104,102
fixed_test,3,0,3,"370407, ac370419",9,0.92980544517473152,0.0050175161172948402,104,104
fixed_test,3,0,4,"ac370000, ac370443",0,0.92980544517473152,0.010861236262265428,104,103
fixed_test,3,0,4,"ac370000, ac370443",1,0.92980544517473152,0.0093592739767025535,104,104
fixed_test,3,0,4,"ac370000, ac370443",2,0.92980544517473152,0.020397211684328287,104,104
fixed_test,3,0,4,"ac370000, ac370443",3,0.92980544517473152,0.015213819236302495,104,104
fixed_test,3,0,4,"ac370000, ac370443",4,0.92980544517473152,0.021314239411711289,104,103
fixed_test,3,0,4,"ac370000, ac370443",5,0.92980544517473152,0.023820533852935477,104,104
fixed_test,3,0,4,"ac370000, ac370443",6,0.92980544517473152,0.010088037590211041,104,103
fixed_test,3,0,4,"ac370000, ac370443",7,0.92980544517473152,0.035224189068310707,104,104
fixed_test,3,0,4,"ac370000, ac370443",8,0.92980544517473152,0.015213819236302495,104,104
fixed_test,3,0,4,"ac370000, ac370443",9,0.92980544517473152,0.018718547953405107,104,103
fixed_test,3,0,5,"ac370000, ac370419, ac370443",0,0.92980544517473152,0.015213819236302495,104,104
fixed_test,3,0,5,"ac370000, ac370419, ac370443",1,0.92980544517473152,0.02663514587344884,104,104
fixed_test,3,0,5,"ac370000, ac370419, ac370443",2,0.92980544517473152,0.016057144724023753,104,104
fixed_test,3,0,5,"ac370000, ac370419, ac370443",3,0.92980544517473152,0.035224189068310707,104,103
fixed_test,3,0,5,"ac370000, ac370419, ac370443",4,0.92980544517473152,0.019533048462620273,104,104
fixed_test,3,0,5,"ac370000, ac370419, ac370443",5,0.92980544517473152,0.025640666896167064,104,104
fixed_test,3,0,5,"ac370000, ac370419, ac370443",6,0.92980544517473152,0.020397211684328287,104,104
fixed_test,3,0,5,"ac370000, ac370419, ac370443",7,0.92980544517473152,0.020397211684328287,104,104
fixed_test,3,0,5,"ac370000, ac370419, ac370443",8,0.92980544517473152,0.020397211684328287,104,104
fixed_test,3,0,5,"ac370000, ac370419, ac370443",9,0.92980544517473152,0.015213819236302495,104,104
fixed_test,3,0,6,"ac370419, ac370443",0,0.92980544517473152,0.0050175161172948402,104,104
fixed_test,3,0,6,"ac370419, ac370443",1,0.92980544517473152,-0.0049666749387204945,104,104
fixed_test,3,0,6,"ac370419, ac370443",2,0.92980544517473152,0.0050175161172948402,104,103
fixed_test,3,0,6,"ac370419, ac370443",3,0.92980544517473152,-0.0049666749387204945,104,103
fixed_test,3,0,6,"ac370419, ac370443",4,0.92980544517473152,0,104,104
fixed_test,3,0,6,"ac370419, ac370443",5,0.92980544517473152,0.0050175161172948402,104,102
fixed_test,3,0,6,"ac370419, ac370443",6,0.92980544517473152,-0.0049666749387204945,104,104
fixed_test,3,0,6,"ac370419, ac370443",7,0.92980544517473152,0,104,102
fixed_test,3,0,6,"ac370419, ac370443",8,0.92980544517473152,0.0050175161172948402,104,103
fixed_test,3,0,6,"ac370419, ac370443",9,0.92980544517473152,0.0050175161172948402,104,104
fixed_test,3,0,7,"ac370000, ac370442",0,0.92980544517473152,0.018718547953405107,102,99
fixed_test,3,0,7,"ac370000, ac370442",1,0.92980544517473152,0.010088037590211041,102,102
fixed_test,3,0,7,"ac370000, ac370442",2,0.92980544517473152,0.015213819236302495,102,101
fixed_test,3,0,7,"ac370000, ac370442",3,0.92980544517473152,0.020397211684328287,102,102
fixed_test,3,0,7,"ac370000, ac370442",4,0.92980544517473152,0.019533048462620273,102,102
fixed_test,3,0,7,"ac370000, ac370442",5,0.92980544517473152,0.015213819236302495,102,101
fixed_test,3,0,7,"ac370000, ac370442",6,0.92980544517473152,0.015213819236302495,102,102
fixed_test,3,0,7,"ac370000, ac370442",7,0.92980544517473152,0.019533048462620273,102,101
fixed_test,3,0,7,"ac370000, ac370442",8,0.92980544517473152,0.015213819236302495,102,102
fixed_test,3,0,7,"ac370000, ac370442",9,0.92980544517473152,0.019533048462620273,102,102
fixed_test,3,0,8,"ac370000, ac370442, ac370443",0,0.92980544517473152,0.010088037590211041,102,102
fixed_test,3,0,8,"ac370000, ac370442, ac370443",1,0.92980544517473152,0.020397211684328287,102,102
fixed_test,3,0,8,"ac370000, ac370442, ac370443",2,0.92980544517473152,0.010861236262265428,102,101
fixed_test,3,0,8,"ac370000, ac370442, ac370443",3,0.92980544517473152,0.010861236262265428,102,102
fixed_test,3,0,8,"ac370000, ac370442, ac370443",4,0.92980544517473152,0.010088037590211041,102,102
fixed_test,3,0,8,"ac370000, ac370442, ac370443",5,0.92980544517473152,0.030946744068235499,102,102
fixed_test,3,0,8,"ac370000, ac370442, ac370443",6,0.92980544517473152,0.015213819236302495,102,102
fixed_test,3,0,8,"ac370000, ac370442, ac370443",7,0.92980544517473152,0.014419024985115048,102,102
fixed_test,3,0,8,"ac370000, ac370442, ac370443",8,0.92980544517473152,0.025640666896167064,102,102
fixed_test,3,0,8,"ac370000, ac370442, ac370443",9,0.92980544517473152,0.010088037590211041,102,101
fixed_test,3,0,9,"ac370442, ac370443",0,0.92980544517473152,0,102,101
fixed_test,3,0,9,"ac370442, ac370443",1,0.92980544517473152,-0.0049666749387204945,102,102
fixed_test,3,0,9,"ac370442, ac370443",2,0.92980544517473152,0,102,102
fixed_test,3,0,9,"ac370442, ac370443",3,0.92980544517473152,0,102,102
fixed_test,3,0,9,"ac370442, ac370443",4,0.92980544517473152,-0.0049666749387204945,102,102
fixed_test,3,0,9,"ac370442, ac370443",5,0.92980544517473152,0,102,100
fixed_test,3,0,9,"ac370442, ac370443",6,0.92980544517473152,0,102,101
fixed_test,3,0,9,"ac370442, ac370443",7,0.92980544517473152,0,102,102
fixed_test,3,0,9,"ac370442, ac370443",8,0.92980544517473152,0,102,102
fixed_test,3,0,9,"ac370442, ac370443",9,0.92980544517473152,-0.0049666749387204945,102,102
fixed_train,3,0,0,"370407, ac370000",0,0.99548011747776066,0.038369405394404588,476,476
fixed_train,3,0,0,"370407, ac370000",1,0.99548011747776066,0.028959588711513939,476,469
fixed_train,3,0,0,"370407, ac370000",2,0.99548011747776066,0.047860892777323527,476,474
fixed_train,3,0,0,"370407, ac370000",3,0.99548011747776066,0.041991792778457215,476,474
fixed_train,3,0,0,"370407, ac370000",4,0.99548011747776066,0.041894849681250901,476,475
fixed_train,3,0,0,"370407, ac370000",5,0.99548011747776066,0.043006085169176922,476,472
fixed_train,3,0,0,"370407, ac370000",6,0.99548011747776066,0.038369405394404588,476,475
fixed_train,3,0,0,"370407, ac370000",7,0.99548011747776066,0.044317376543492104,476,476
fixed_train,3,0,0,"370407, ac370000",8,0.99548011747776066,0.030219530921376747,476,476
fixed_train,3,0,0,"370407, ac370000",9,0.99548011747776066,0.039574113071076389,476,473
fixed_train,3,0,1,"ac370000, ac370419",0,0.99548011747776066,0.038369405394404588,464,462
fixed_train,3,0,1,"ac370000, ac370419",1,0.99548011747776066,0.035015041483352771,464,459
fixed_train,3,0,1,"ac370000, ac370419",2,0.99548011747776066,0.040595307920053947,464,459
fixed_train,3,0,1,"ac370000, ac370419",3,0.99548011747776066,0.037167413610099898,464,462
fixed_train,3,0,1,"ac370000, ac370419",4,0.99548011747776066,0.036220720488531755,464,461
fixed_train,3,0,1,"ac370000, ac370419",5,0.99548011747776066,0.033732725619632475,464,463
fixed_train,3,0,1,"ac370000, ac370419",6,0.99548011747776066,0.039574113071076389,464,461
fixed_train,3,0,1,"ac370000, ac370419",7,0.99548011747776066,0.037340625248387549,464,461
fixed_train,3,0,1,"ac370000, ac370419",8,0.99548011747776066,0.027837695915780447,464,460
fixed_train,3,0,1,"ac370000, ac370419",9,0.99548011747776066,0.032386033167953965,464,462
fixed_train,3,0,2,"370407, ac370000, ac370419",0,0.99548011747776066,0.048200467418830661,454,454
fixed_train,3,0,2,"370407, ac370000, ac370419",1,0.99548011747776066,0.027837695915780447,454,453
fixed_train,3,0,2,"370407, ac370000, ac370419",2,0.99548011747776066,0.040973436830486931,454,454
fixed_train,3,0,2,"370407, ac370000, ac370419",3,0.99548011747776066,0.036135263352616964,454,454
fixed_train,3,0,2,"370407, ac370000, ac370419",4,0.99548011747776066,0.041799335402582072,454,453
fixed_train,3,0,2,"370407, ac370000, ac370419",5,0.99548011747776066,0.040973436830486931,454,453
fixed_train,3,0,2,"370407, ac370000, ac370419",6,0.99548011747776066,0.045427868124012782,454,454
fixed_train,3,0,2,"370407, ac370000, ac370419",7,0.99548011747776066,0.033732725619632475,454,453
fixed_train,3,0,2,"370407, ac370000, ac370419",8,0.99548011747776066,0.040973436830486931,454,453
fixed_train,3,0,2,"370407, ac370000, ac370419",9,0.99548011747776066,0.03596810890033153,454,454
fixed_train,3,0,3,"370407, ac370419",0,0.99548011747776066,0.021678417795761629,454,451
fixed_train,3,0,3,"370407, ac370419",1,0.99548011747776066,0.019489329799699195,454,454
fixed_train,3,0,3,"370407, ac370419",2,0.99548011747776066,0.018324599173100364,454,453
fixed_train,3,0,3,"370407, ac370419",3,0.99548011747776066,0.021726804973158154,454,452
fixed_train,3,0,3,"370407, ac370419",4,0.99548011747776066,0.019444484321384348,454,454
fixed_train,3,0,3,"370407, ac370419",5,0.99548011747776066,0.018282207358338964,454,453
fixed_train,3,0,3,"370407, ac370419",6,0.99548011747776066,0.020562416346396772,454,453
fixed_train,3,0,3,"370407, ac370419",7,0.99548011747776066,0.012565965511239674,454,453
fixed_train,3,0,3,"370407, ac370419",8,0.99548011747776066,0.020562416346396772,454,452
fixed_train,3,0,3,"370407, ac370419",9,0.99548011747776066,0.017162163669610764,454,452
fixed_train,3,0,4,"ac370000, ac370443",0,0.99548011747776066,0.029943402870030389,453,449
fixed_train,3,0,4,"ac370000, ac370443",1,0.99548011747776066,0.026588539014285262,453,451
fixed_train,3,0,4,"ac370000, ac370443",2,0.99548011747776066,0.034692652898591025,453,449
fixed_train,3,0,4,"ac370000, ac370443",3,0.99548011747776066,0.038195304913928529,453,452
fixed_train,3,0,4,"ac370000, ac370443",4,0.99548011747776066,0.030010902008545171,453,450
fixed_train,3,0,4,"ac370000, ac370443",5,0.99548011747776066,0.033577446812721234,453,450
fixed_train,3,0,4,"ac370000, ac370443",6,0.99548011747776066,0.03014895151849617,453,452
fixed_train,3,0,4,"ac370000, ac370443",7,0.99548011747776066,0.033654509390470322,453,448
fixed_train,3,0,4,"ac370000, ac370443",8,0.99548011747776066,0.031340909880609114,453,452
fixed_train,3,0,4,"ac370000, ac370443",9,0.99548011747776066,0.031268517762117587,453,451
fixed_train,3,0,5,"ac370000, ac370419, ac370443",0,0.99548011747776066,0.038369405394404588,451,449
fixed_train,3,0,5,"ac370000, ac370419, ac370443",1,0.99548011747776066,0.03975968214359149,451,450
fixed_train,3,0,5,"ac370000, ac370419, ac370443",2,0.99548011747776066,0.033654509390470322,451,451
fixed_train,3,0,5,"ac370000, ac370419, ac370443",3,0.99548011747776066,0.028959588711513939,451,451
fixed_train,3,0,5,"ac370000, ac370419, ac370443",4,0.99548011747776066,0.039574113071076389,451,451
fixed_train,3,0,5,"ac370000, ac370419, ac370443",5,0.99548011747776066,0.036135263352616964,451,451
fixed_train,3,0,5,"ac370000, ac370419, ac370443",6,0.99548011747776066,0.034851452713858921,451,451
fixed_train,3,0,5,"ac370000, ac370419, ac370443",7,0.99548011747776066,0.038369405394404588,451,450
fixed_train,3,0,5,"ac370000, ac370419, ac370443",8,0.99548011747776066,0.03975968214359149,451,451
fixed_train,3,0,5,"ac370000, ac370419, ac370443",9,0.99548011747776066,0.025466173976042672,451,451
fixed_train,3,0,6,"ac370419, ac370443",0,0.99548011747776066,0.014879843017837069,451,448
fixed_train,3,0,6,"ac370419, ac370443",1,0.99548011747776066,0.014808845937659298,451,450
fixed_train,3,0,6,"ac370419, ac370443",2,0.99548011747776066,0.010234368446453646,451,451
fixed_train,3,0,6,"ac370419, ac370443",3,0.99548011747776066,0.012597522366063374,451,449
fixed_train,3,0,6,"ac370419, ac370443",4,0.99548011747776066,0.015927386182252978,451,449
fixed_train,3,0,6,"ac370419, ac370443",5,0.99548011747776066,0.01135517955216836,451,450
fixed_train,3,0,6,"ac370419, ac370443",6,0.99548011747776066,0.012534877883553674,451,450
fixed_train,3,0,6,"ac370419, ac370443",7,0.99548011747776066,0.014774137975282264,451,446
fixed_train,3,0,6,"ac370419, ac370443",8,0.99548011747776066,0.014844078582370246,451,451
fixed_train,3,0,6,"ac370419, ac370443",9,0.99548011747776066,0.0091116299474222062,451,451
fixed_train,3,0,7,"ac370000, ac370442",0,0.99548011747776066,0.034932639850727476,449,448
fixed_train,3,0,7,"ac370000, ac370442",1,0.99548011747776066,0.026527335857746026,449,447
fixed_train,3,0,7,"ac370000, ac370442",2,0.99548011747776066,0.03014895151849617,449,448
fixed_train,3,0,7,"ac370000, ac370442",3,0.99548011747776066,0.034463139889860273,449,449
fixed_train,3,0,7,"ac370000, ac370442",4,0.99548011747776066,0.028959588711513939,449,445
fixed_train,3,0,7,"ac370000, ac370442",5,0.99548011747776066,0.025348298151060988,449,447
fixed_train,3,0,7,"ac370000, ac370442",6,0.99548011747776066,0.033501521577957383,449,443
fixed_train,3,0,7,"ac370000, ac370442",7,0.99548011747776066,0.025348298151060988,449,442
fixed_train,3,0,7,"ac370000, ac370442",8,0.99548011747776066,0.031268517762117587,449,445
fixed_train,3,0,7,"ac370000, ac370442",9,0.99548011747776066,0.031197194056733379,449,446
fixed_train,3,0,8,"ac370000, ac370442, ac370443",0,0.99548011747776066,0.031414385732246197,447,447
fixed_train,3,0,8,"ac370000, ac370442, ac370443",1,0.99548011747776066,0.036135263352616964,447,447
fixed_train,3,0,8,"ac370000, ac370442, ac370443",2,0.99548011747776066,0.033732725619632475,447,446
fixed_train,3,0,8,"ac370000, ac370442, ac370443",3,0.99548011747776066,0.032535491817617834,447,447
fixed_train,3,0,8,"ac370000, ac370442, ac370443",4,0.99548011747776066,0.031268517762117587,447,447
fixed_train,3,0,8,"ac370000, ac370442, ac370443",5,0.99548011747776066,0.031197194056733379,447,446
fixed_train,3,0,8,"ac370000, ac370442, ac370443",6,0.99548011747776066,0.027772793706679844,447,447
fixed_train,3,0,8,"ac370000, ac370442, ac370443",7,0.99548011747776066,0.027772793706679844,447,447
fixed_train,3,0,8,"ac370000, ac370442, ac370443",8,0.99548011747776066,0.036135263352616964,447,446
fixed_train,3,0,8,"ac370000, ac370442, ac370443",9,0.99548011747776066,0.034932639850727476,447,447
fixed_train,3,0,9,"ac370442, ac370443",0,0.99548011747776066,0.010234368446453646,447,446
fixed_train,3,0,9,"ac370442, ac370443",1,0.99548011747776066,0.0091363142467775216,447,441
fixed_train,3,0,9,"ac370442, ac370443",2,0.99548011747776066,0.011441580394165429,447,446
fixed_train,3,0,9,"ac370442, ac370443",3,0.99548011747776066,0.0067994863822689044,447,446
fixed_train,3,0,9,"ac370442, ac370443",4,0.99548011747776066,0.0068194475309090175,447,443
fixed_train,3,0,9,"ac370442, ac370443",5,0.99548011747776066,0.0091363142467775216,447,445
fixed_train,3,0,9,"ac370442, ac370443",6,0.99548011747776066,0.0079869417753423155,447,446
fixed_train,3,0,9,"ac370442, ac370443",7,0.99548011747776066,0.011383548692365908,447,445
fixed_train,3,0,9,"ac370442, ac370443",8,0.99548011747776066,0.0091116299474222062,447,444
fixed_train,3,0,9,"ac370442, ac370443",9,0.99548011747776066,0.011383548692365908,447,445
faithful_train,3,0,0,"370407, ac370000",0,0.99548011747776066,0.046972534624285411,476,474
faithful_train,3,0,0,"370407, ac370000",1,0.99548011747776066,0.15004308365210128,476,474
faithful_train,3,0,0,"370407, ac370000",2,0.99548011747776066,0.19072336072100393,476,469
faithful_train,3,0,0,"370407, ac370000",3,0.99548011747776066,0.22267458919729832,476,462
faithful_train,3,0,0,"370407, ac370000",4,0.99548011747776066,0.22267458919729832,476,462
faithful_train,3,0,0,"370407, ac370000",5,0.99548011747776066,0.26073732449601583,476,459
faithful_train,3,0,0,"370407, ac370000",6,0.99548011747776066,0.24467895763786351,476,450
faithful_train,3,0,0,"370407, ac370000",7,0.99548011747776066,0.26527728620385949,476,446
faithful_train,3,0,0,"370407, ac370000",8,0.99548011747776066,0.2637010921721975,476,451
faithful_train,3,0,0,"370407, ac370000",9,0.99548011747776066,0.25592725581395903,476,456
faithful_train,3,0,1,"ac370000, ac370419",0,0.99548011747776066,0.26652354915595711,464,464
faithful_train,3,0,1,"ac370000, ac370419",1,0.99548011747776066,0.26652354915595711,464,459
faithful_train,3,0,1,"ac370000, ac370419",2,0.99548011747776066,0.2650991635330805,464,451
faithful_train,3,0,1,"ac370000, ac370419",3,0.99548011747776066,0.26666485984837907,464,442
faithful_train,3,0,1,"ac370000, ac370419",4,0.99548011747776066,0.26652354915595711,464,441
faithful_train,3,0,1,"ac370000, ac370419",5,0.99548011747776066,0.25135796798451748,464,437
faithful_train,3,0,1,"ac370000, ac370419",6,0.99548011747776066,0.24924644750140601,464,437
faithful_train,3,0,1,"ac370000, ac370419",7,0.99548011747776066,0.2637010921721975,464,433
faithful_train,3,0,1,"ac370000, ac370419",8,0.99548011747776066,0.25857749434014943,464,437
faithful_train,3,0,1,"ac370000, ac370419",9,0.99548011747776066,0.2637010921721975,464,439
faithful_train,3,0,2,"370407, ac370000, ac370419",0,0.99548011747776066,0.25562134403832482,454,453
faithful_train,3,0,2,"370407, ac370000, ac370419",1,0.99548011747776066,0.2687472876316559,454,437
faithful_train,3,0,2,"370407, ac370000, ac370419",2,0.99548011747776066,0.2530008834731029,454,429
faithful_train,3,0,2,"370407, ac370000, ac370419",3,0.99548011747776066,0.25429909270298579,454,425
faithful_train,3,0,2,"370407, ac370000, ac370419",4,0.99548011747776066,0.25562134403832482,454,431
faithful_train,3,0,2,"370407, ac370000, ac370419",5,0.99548011747776066,0.26291115185794767,454,432
faithful_train,3,0,2,"370407, ac370000, ac370419",6,0.99548011747776066,0.2530008834731029,454,436
faithful_train,3,0,2,"370407, ac370000, ac370419",7,0.99548011747776066,0.2593800803300651,454,430
faithful_train,3,0,2,"370407, ac370000, ac370419",8,0.99548011747776066,0.25724021742145431,454,429
faithful_train,3,0,2,"370407, ac370000, ac370419",9,0.99548011747776066,0.25724021742145431,454,432
faithful_train,3,0,3,"370407, ac370419",0,0.99548011747776066,0.2599396959203899,454,409
faithful_train,3,0,3,"370407, ac370419",1,0.99548011747776066,0.25562134403832482,454,426
faithful_train,3,0,3,"370407, ac370419",2,0.99548011747776066,0.25777355681983416,454,428
faithful_train,3,0,3,"370407, ac370419",3,0.99548011747776066,0.26073732449601583,454,432
faithful_train,3,0,3,"370407, ac370419",4,0.99548011747776066,0.2593800803300651,454,421
faithful_train,3,0,3,"370407, ac370419",5,0.99548011747776066,0.25135796798451748,454,423
faithful_train,3,0,3,"370407, ac370419",6,0.99548011747776066,0.25429909270298579,454,429
faithful_train,3,0,3,"370407, ac370419",7,0.99548011747776066,0.25724021742145431,454,426
faithful_train,3,0,3,"370407, ac370419",8,0.99548011747776066,0.24924644750140601,454,424
faithful_train,3,0,3,"370407, ac370419",9,0.99548011747776066,0.25857749434014943,454,425
faithful_train,3,0,4,"ac370000, ac370443",0,0.99548011747776066,0.2687472876316559,453,452
faithful_train,3,0,4,"ac370000, ac370443",1,0.99548011747776066,0.27550865559774507,453,449
faithful_train,3,0,4,"ac370000, ac370443",2,0.99548011747776066,0.27399690813047362,453,439
faithful_train,3,0,4,"ac370000, ac370443",3,0.99548011747776066,0.2593800803300651,453,440
faithful_train,3,0,4,"ac370000, ac370443",4,0.99548011747776066,0.27175022356741296,453,432
faithful_train,3,0,4,"ac370000, ac370443",5,0.99548011747776066,0.26232868326696235,453,428
faithful_train,3,0,4,"ac370000, ac370443",6,0.99548011747776066,0.2687472876316559,453,423
faithful_train,3,0,4,"ac370000, ac370443",7,0.99548011747776066,0.26153364464197404,453,423
faithful_train,3,0,4,"ac370000, ac370443",8,0.99548011747776066,0.26211994755456869,453,423
faithful_train,3,0,4,"ac370000, ac370443",9,0.99548011747776066,0.26431450109813659,453,420
faithful_train,3,0,5,"ac370000, ac370419, ac370443",0,0.99548011747776066,0.26431450109813659,451,448
faithful_train,3,0,5,"ac370000, ac370419, ac370443",1,0.99548011747776066,0.26073732449601583,451,441
faithful_train,3,0,5,"ac370000, ac370419, ac370443",2,0.99548011747776066,0.26211994755456869,451,431
faithful_train,3,0,5,"ac370000, ac370419, ac370443",3,0.99548011747776066,0.2637010921721975,451,426
faithful_train,3,0,5,"ac370000, ac370419, ac370443",4,0.99548011747776066,0.26730154980502951,451,429
faithful_train,3,0,5,"ac370000, ac370419, ac370443",5,0.99548011747776066,0.25857749434014943,451,427
faithful_train,3,0,5,"ac370000, ac370419, ac370443",6,0.99548011747776066,0.2593800803300651,451,419
faithful_train,3,0,5,"ac370000, ac370419, ac370443",7,0.99548011747776066,0.25857749434014943,451,419
faithful_train,3,0,5,"ac370000, ac370419, ac370443",8,0.99548011747776066,0.25643147739316785,451,424
faithful_train,3,0,5,"ac370000, ac370419, ac370443",9,0.99548011747776066,0.26291115185794767,451,428
faithful_train,3,0,6,"ac370419, ac370443",0,0.99548011747776066,0.26291115185794767,451,405
faithful_train,3,0,6,"ac370419, ac370443",1,0.99548011747776066,0.2650991635330805,451,422
faithful_train,3,0,6,"ac370419, ac370443",2,0.99548011747776066,0.26431450109813659,451,422
faithful_train,3,0,6,"ac370419, ac370443",3,0.99548011747776066,0.25857749434014943,451,425
faithful_train,3,0,6,"ac370419, ac370443",4,0.99548011747776066,0.25857749434014943,451,425
faithful_train,3,0,6,"ac370419, ac370443",5,0.99548011747776066,0.2650991635330805,451,421
faithful_train,3,0,6,"ac370419, ac370443",6,0.99548011747776066,0.2637010921721975,451,427
faithful_train,3,0,6,"ac370419, ac370443",7,0.99548011747776066,0.25777355681983416,451,428
faithful_train,3,0,6,"ac370419, ac370443",8,0.99548011747776066,0.26153364464197404,451,430
faithful_train,3,0,6,"ac370419, ac370443",9,0.99548011747776066,0.25857749434014943,451,418
faithful_train,3,0,7,"ac370000, ac370442",0,0.99548011747776066,0.26431450109813659,449,448
faithful_train,3,0,7,"ac370000, ac370442",1,0.99548011747776066,0.26211994755456869,449,441
faithful_train,3,0,7,"ac370000, ac370442",2,0.99548011747776066,0.26291115185794767,449,435
faithful_train,3,0,7,"ac370000, ac370442",3,0.99548011747776066,0.26431450109813659,449,434
faithful_train,3,0,7,"ac370000, ac370442",4,0.99548011747776066,0.26951850420212498,449,433
faithful_train,3,0,7,"ac370000, ac370442",5,0.99548011747776066,0.2650991635330805,449,420
faithful_train,3,0,7,"ac370000, ac370442",6,0.99548011747776066,0.26153364464197404,449,422
faithful_train,3,0,7,"ac370000, ac370442",7,0.99548011747776066,0.26291115185794767,449,420
faithful_train,3,0,7,"ac370000, ac370442",8,0.99548011747776066,0.25885362815481539,449,413
faithful_train,3,0,7,"ac370000, ac370442",9,0.99548011747776066,0.26588260779550521,449,419
faithful_train,3,0,8,"ac370000, ac370442, ac370443",0,0.99548011747776066,0.2687472876316559,447,443
faithful_train,3,0,8,"ac370000, ac370442, ac370443",1,0.99548011747776066,0.26211994755456869,447,437
faithful_train,3,0,8,"ac370000, ac370442, ac370443",2,0.99548011747776066,0.26153364464197404,447,434
faithful_train,3,0,8,"ac370000, ac370442, ac370443",3,0.99548011747776066,0.2599396959203899,447,424
faithful_train,3,0,8,"ac370000, ac370442, ac370443",4,0.99548011747776066,0.2687472876316559,447,423
faithful_train,3,0,8,"ac370000, ac370442, ac370443",5,0.99548011747776066,0.25857749434014943,447,422
faithful_train,3,0,8,"ac370000, ac370442, ac370443",6,0.99548011747776066,0.27251345924829284,447,432
faithful_train,3,0,8,"ac370000, ac370442, ac370443",7,0.99548011747776066,0.2637010921721975,447,430
faithful_train,3,0,8,"ac370000, ac370442, ac370443",8,0.99548011747776066,0.26211994755456869,447,424
faithful_train,3,0,8,"ac370000, ac370442, ac370443",9,0.99548011747776066,0.25172613364330765,447,433
faithful_train,3,0,9,"ac370442, ac370443",0,0.99548011747776066,0.25218016229936735,447,397
faithful_train,3,0,9,"ac370442, ac370443",1,0.99548011747776066,0.25643147739316785,447,413
faithful_train,3,0,9,"ac370442, ac370443",2,0.99548011747776066,0.25218016229936735,447,417
faithful_train,3,0,9,"ac370442, ac370443",3,0.99548011747776066,0.25007451113224677,447,410
faithful_train,3,0,9,"ac370442, ac370443",4,0.99548011747776066,0.25382016006437869,447,396
faithful_train,3,0,9,"ac370442, ac370443",5,0.99548011747776066,0.25090106353797614,447,417
faithful_train,3,0,9,"ac370442, ac370443",6,0.99548011747776066,0.24881424709597189,447,419
faithful_train,3,0,9,"ac370442, ac370443",7,0.99548011747776066,0.25254974992763013,447,415
faithful_train,3,0,9,"ac370442, ac370443",8,0.99548011747776066,0.2530008834731029,447,414
faithful_train,3,0,9,"ac370442, ac370443",9,0.99548011747776066,0.2530008834731029,447,415
fixed_test,3,1,0,"370407, ac370000",0,0.95959681459211688,0.017577930980312906,111,111
fixed_test,3,1,0,"370407, ac370000",1,0.95959681459211688,0.00027895388003507104,111,111
fixed_test,3,1,0,"370407, ac370000",2,0.95959681459211688,0.018788021609410843,111,111
fixed_test,3,1,0,"370407, ac370000",3,0.95959681459211688,0.018359904674665417,111,110
fixed_test,3,1,0,"370407, ac370000",4,0.95959681459211688,0.018788021609410843,111,110
fixed_test,3,1,0,"370407, ac370000",5,0.95959681459211688,0.022238981646048539,111,111
fixed_test,3,1,0,"370407, ac370000",6,0.95959681459211688,0.028419016276257314,111,111
fixed_test,3,1,0,"370407, ac370000",7,0.95959681459211688,0.00089013560260120528,111,110
fixed_test,3,1,0,"370407, ac370000",8,0.95959681459211688,0.014034275308647315,111,109
fixed_test,3,1,0,"370407, ac370000",9,0.95959681459211688,0.027400380071980535,111,111
fixed_test,3,1,1,"ac370000, ac370419",0,0.95959681459211688,-0.0043671493718471233,108,108
fixed_test,3,1,1,"ac370000, ac370419",1,0.95959681459211688,0.01444156142695463,108,108
fixed_test,3,1,1,"ac370000, ac370419",2,0.95959681459211688,0.00057534252716662238,108,108
fixed_test,3,1,1,"ac370000, ac370419",3,0.95959681459211688,0.0089784856461962992,108,107
fixed_test,3,1,1,"ac370000, ac370419",4,0.95959681459211688,0.0046418596371619048,108,107
fixed_test,3,1,1,"ac370000, ac370419",5,0.95959681459211688,0.0049613651892256305,108,108
fixed_test,3,1,1,"ac370000, ac370419",6,0.95959681459211688,0.0046418596371619048,108,107
fixed_test,3,1,1,"ac370000, ac370419",7,0.95959681459211688,0.0096816820682886773,108,108
fixed_test,3,1,1,"ac370000, ac370419",8,0.95959681459211688,0.0093194292773502996,108,108
fixed_test,3,1,1,"ac370000, ac370419",9,0.95959681459211688,0.0096816820682886773,108,108
fixed_test,3,1,2,"370407, ac370000, ac370419",0,0.95959681459211688,0.018788021609410843,107,107
fixed_test,3,1,2,"370407, ac370000, ac370419",1,0.95959681459211688,0.0049613651892256305,107,107
fixed_test,3,1,2,"370407, ac370000, ac370419",2,0.95959681459211688,0.01444156142695463,107,107
fixed_test,3,1,2,"370407, ac370000, ac370419",3,0.95959681459211688,0.010066429160486723,107,107
fixed_test,3,1,2,"370407, ac370000, ac370419",4,0.95959681459211688,0.01444156142695463,107,107
fixed_test,3,1,2,"370407, ac370000, ac370419",5,0.95959681459211688,0.018359904674665417,107,107
fixed_test,3,1,2,"370407, ac370000, ac370419",6,0.95959681459211688,0.0096816820682886773,107,107
fixed_test,3,1,2,"370407, ac370000, ac370419",7,0.95959681459211688,0.0049613651892256305,107,107
fixed_test,3,1,2,"370407, ac370000, ac370419",8,0.95959681459211688,0.019242722718372018,107,107
fixed_test,3,1,2,"370407, ac370000, ac370419",9,0.95959681459211688,0.0049613651892256305,107,107
fixed_test,3,1,3,"370407, ac370419",0,0.95959681459211688,0.0046418596371619048,107,106
fixed_test,3,1,3,"370407, ac370419",1,0.95959681459211688,0.014034275308647315,107,104
fixed_test,3,1,3,"370407, ac370419",2,0.95959681459211688,0.0093194292773502996,107,106
fixed_test,3,1,3,"370407, ac370419",3,0.95959681459211688,0.0089784856461962992,107,107
fixed_test,3,1,3,"370407, ac370419",4,0.95959681459211688,0.0093194292773502996,107,107
fixed_test,3,1,3,"370407, ac370419",5,0.95959681459211688,0.0043412196306396034,107,107
fixed_test,3,1,3,"370407, ac370419",6,0.95959681459211688,0.0089784856461962992,107,106
fixed_test,3,1,3,"370407, ac370419",7,0.95959681459211688,0.0093194292773502996,107,107
fixed_test,3,1,3,"370407, ac370419",8,0.95959681459211688,-0.0043671493718471233,107,106
fixed_test,3,1,3,"370407, ac370419",9,0.95959681459211688,0.0093194292773502996,107,107
fixed_test,3,1,4,"ac370000, ac370443",0,0.95959681459211688,0.022659877655179961,107,107
fixed_test,3,1,4,"ac370000, ac370443",1,0.95959681459211688,0.02310718542806911,107,106
fixed_test,3,1,4,"ac370000, ac370443",2,0.95959681459211688,0.0046418596371619048,107,106
fixed_test,3,1,4,"ac370000, ac370443",3,0.95959681459211688,0.018359904674665417,107,107
fixed_test,3,1,4,"ac370000, ac370443",4,0.95959681459211688,-0.0041115449301961648,107,107
fixed_test,3,1,4,"ac370000, ac370443",5,0.95959681459211688,0.018359904674665417,107,107
fixed_test,3,1,4,"ac370000, ac370443",6,0.95959681459211688,0.0096816820682886773,107,107
fixed_test,3,1,4,"ac370000, ac370443",7,0.95959681459211688,0.0046418596371619048,107,106
fixed_test,3,1,4,"ac370000, ac370443",8,0.95959681459211688,0.0096816820682886773,107,106
fixed_test,3,1,4,"ac370000, ac370443",9,0.95959681459211688,0.0049613651892256305,107,106
fixed_test,3,1,5,"ac370000, ac370419, ac370443",0,0.95959681459211688,0.014034275308647315,106,106
fixed_test,3,1,5,"ac370000, ac370419, ac370443",1,0.95959681459211688,0.010066429160486723,106,106
fixed_test,3,1,5,"ac370000, ac370419, ac370443",2,0.95959681459211688,0.00057534252716662238,106,106
fixed_test,3,1,5,"ac370000, ac370419, ac370443",3,0.95959681459211688,0.013650868646170933,106,106
fixed_test,3,1,5,"ac370000, ac370419, ac370443",4,0.95959681459211688,0.00057534252716662238,106,106
fixed_test,3,1,5,"ac370000, ac370419, ac370443",5,0.95959681459211688,0.0096816820682886773,106,106
fixed_test,3,1,5,"ac370000, ac370419, ac370443",6,0.95959681459211688,0.0049613651892256305,106,106
fixed_test,3,1,5,"ac370000, ac370419, ac370443",7,0.95959681459211688,0.0053007702878150598,106,106
fixed_test,3,1,5,"ac370000, ac370419, ac370443",8,0.95959681459211688,0.01444156142695463,106,106
fixed_test,3,1,5,"ac370000, ac370419, ac370443",9,0.95959681459211688,0.0096816820682886773,106,106
fixed_test,3,1,6,"ac370419, ac370443",0,0.95959681459211688,-0.0043671493718471233,106,106
fixed_test,3,1,6,"ac370419, ac370443",1,0.95959681459211688,0.0046418596371619048,106,106
fixed_test,3,1,6,"ac370419, ac370443",2,0.95959681459211688,0.0046418596371619048,106,106
fixed_test,3,1,6,"ac370419, ac370443",3,0.95959681459211688,0.0089784856461962992,106,105
fixed_test,3,1,6,"ac370419, ac370443",4,0.95959681459211688,0.00027895388003507104,106,105
fixed_test,3,1,6,"ac370419, ac370443",5,0.95959681459211688,0,106,106
fixed_test,3,1,6,"ac370419, ac370443",6,0.95959681459211688,0.02310718542806911,106,106
fixed_test,3,1,6,"ac370419, ac370443",7,0.95959681459211688,0.0089784856461962992,106,106
fixed_test,3,1,6,"ac370419, ac370443",8,0.95959681459211688,0,106,106
fixed_test,3,1,6,"ac370419, ac370443",9,0.95959681459211688,0.0089784856461962992,106,106
fixed_test,3,1,7,"ac370000, ac370442",0,0.95959681459211688,0.00057534252716662238,105,104
fixed_test,3,1,7,"ac370000, ac370442",1,0.95959681459211688,0.0046418596371619048,105,105
fixed_test,3,1,7,"ac370000, ac370442",2,0.95959681459211688,0.00057534252716662238,105,104
fixed_test,3,1,7,"ac370000, ac370442",3,0.95959681459211688,0.0049613651892256305,105,105
fixed_test,3,1,7,"ac370000, ac370442",4,0.95959681459211688,0.0049613651892256305,105,104
fixed_test,3,1,7,"ac370000, ac370442",5,0.95959681459211688,-0.00460766137706492,105,104
fixed_test,3,1,7,"ac370000, ac370442",6,0.95959681459211688,0.024086951280529401,105,104
fixed_test,3,1,7,"ac370000, ac370442",7,0.95959681459211688,0.0046418596371619048,105,105
fixed_test,3,1,7,"ac370000, ac370442",8,0.95959681459211688,0.0049613651892256305,105,105
fixed_test,3,1,7,"ac370000, ac370442",9,0.95959681459211688,0.0049613651892256305,105,104
fixed_test,3,1,8,"ac370000, ac370442, ac370443",0,0.95959681459211688,0.0049613651892256305,104,104
fixed_test,3,1,8,"ac370000, ac370442, ac370443",1,0.95959681459211688,0.022659877655179961,104,104
fixed_test,3,1,8,"ac370000, ac370442, ac370443",2,0.95959681459211688,0.0093194292773502996,104,104
fixed_test,3,1,8,"ac370000, ac370442, ac370443",3,0.95959681459211688,0.0096816820682886773,104,104
fixed_test,3,1,8,"ac370000, ac370442, ac370443",4,0.95959681459211688,0.0093194292773502996,104,104
fixed_test,3,1,8,"ac370000, ac370442, ac370443",5,0.95959681459211688,-0.0038400208513247325,104,104
fixed_test,3,1,8,"ac370000, ac370442, ac370443",6,0.95959681459211688,0.023582352566094089,104,104
fixed_test,3,1,8,"ac370000, ac370442, ac370443",7,0.95959681459211688,0.0043412196306396034,104,103
fixed_test,3,1,8,"ac370000, ac370442, ac370443",8,0.95959681459211688,0.0096816820682886773,104,104
fixed_test,3,1,8,"ac370000, ac370442, ac370443",9,0.95959681459211688,0.013650868646170933,104,104
fixed_test,3,1,9,"ac370442, ac370443",0,0.95959681459211688,0.0043412196306396034,104,104
fixed_test,3,1,9,"ac370442, ac370443",1,0.95959681459211688,0,104,104
fixed_test,3,1,9,"ac370442, ac370443",2,0.95959681459211688,0.013650868646170933,104,104
fixed_test,3,1,9,"ac370442, ac370443",3,0.95959681459211688,0.0043412196306396034,104,103
fixed_test,3,1,9,"ac370442, ac370443",4,0.95959681459211688,-0.0043671493718471233,104,103
fixed_test,3,1,9,"ac370442, ac370443",5,0.95959681459211688,0.0043412196306396034,104,104
fixed_test,3,1,9,"ac370442, ac370443",6,0.95959681459211688,0,104,104
fixed_test,3,1,9,"ac370442, ac370443",7,0.95959681459211688,0,104,104
fixed_test,3,1,9,"ac370442, ac370443",8,0.95959681459211688,0,104,104
fixed_test,3,1,9,"ac370442, ac370443",9,0.95959681459211688,0.0043412196306396034,104,102
fixed_train,3,1,0,"370407, ac370000",0,0.99321626035513222,0.037161368543212281,475,471
fixed_train,3,1,0,"370407, ac370000",1,0.99321626035513222,0.036226363691356234,475,474
fixed_train,3,1,0,"370407, ac370000",2,0.99321626035513222,0.046632400399088891,475,473
fixed_train,3,1,0,"370407, ac370000",3,0.99321626035513222,0.031418035743402517,475,473
fixed_train,3,1,0,"370407, ac370000",4,0.99321626035513222,0.03381677149523199,475,474
fixed_train,3,1,0,"370407, ac370000",5,0.99321626035513222,0.03613680070323777,475,471
fixed_train,3,1,0,"370407, ac370000",6,0.99321626035513222,0.042299385746927043,475,472
fixed_train,3,1,0,"370407, ac370000",7,0.99321626035513222,0.034681754401805875,475,472
fixed_train,3,1,0,"370407, ac370000",8,0.99321626035513222,0.039762621865680914,475,471
fixed_train,3,1,0,"370407, ac370000",9,0.99321626035513222,0.040876104592569629,475,471
fixed_train,3,1,1,"ac370000, ac370419",0,0.99321626035513222,0.035107985714625922,462,459
fixed_train,3,1,1,"ac370000, ac370419",1,0.99321626035513222,0.04452615614196842,462,458
fixed_train,3,1,1,"ac370000, ac370419",2,0.99321626035513222,0.027839787861794529,462,458
fixed_train,3,1,1,"ac370000, ac370419",3,0.99321626035513222,0.040679072201164956,462,461
fixed_train,3,1,1,"ac370000, ac370419",4,0.99321626035513222,0.042193888151657699,462,461
fixed_train,3,1,1,"ac370000, ac370419",5,0.99321626035513222,0.033901493240749536,462,461
fixed_train,3,1,1,"ac370000, ac370419",6,0.99321626035513222,0.039861620161346978,462,459
fixed_train,3,1,1,"ac370000, ac370419",7,0.99321626035513222,0.044417258016735794,462,459
fixed_train,3,1,1,"ac370000, ac370419",8,0.99321626035513222,0.029029927277750001,462,460
fixed_train,3,1,1,"ac370000, ac370419",9,0.99321626035513222,0.03237811584365724,462,459
fixed_train,3,1,2,"370407, ac370000, ac370419",0,0.99321626035513222,0.043200975043176326,451,451
fixed_train,3,1,2,"370407, ac370000, ac370419",1,0.99321626035513222,0.040876104592569629,451,451
fixed_train,3,1,2,"370407, ac370000, ac370419",2,0.99321626035513222,0.04762484954448698,451,451
fixed_train,3,1,2,"370407, ac370000, ac370419",3,0.99321626035513222,0.044204237647066935,451,451
fixed_train,3,1,2,"370407, ac370000, ac370419",4,0.99321626035513222,0.041987518656136147,451,451
fixed_train,3,1,2,"370407, ac370000, ac370419",5,0.99321626035513222,0.034848468112260611,451,449
fixed_train,3,1,2,"370407, ac370000, ac370419",6,0.99321626035513222,0.039380963697348559,451,450
fixed_train,3,1,2,"370407, ac370000, ac370419",7,0.99321626035513222,0.043096888327254779,451,451
fixed_train,3,1,2,"370407, ac370000, ac370419",8,0.99321626035513222,0.038647045971747618,451,450
fixed_train,3,1,2,"370407, ac370000, ac370419",9,0.99321626035513222,0.038272163902941858,451,449
fixed_train,3,1,3,"370407, ac370419",0,0.99321626035513222,0.026331042995012655,451,450
fixed_train,3,1,3,"370407, ac370419",1,0.99321626035513222,0.028749098055178224,451,449
fixed_train,3,1,3,"370407, ac370419",2,0.99321626035513222,0.025279776425621958,451,450
fixed_train,3,1,3,"370407, ac370419",3,0.99321626035513222,0.022877741349253133,451,448
fixed_train,3,1,3,"370407, ac370419",4,0.99321626035513222,0.025341325074731413,451,450
fixed_train,3,1,3,"370407, ac370419",5,0.99321626035513222,0.025403795354815739,451,450
fixed_train,3,1,3,"370407, ac370419",6,0.99321626035513222,0.028749098055178224,451,450
fixed_train,3,1,3,"370407, ac370419",7,0.99321626035513222,0.033570006328271784,451,449
fixed_train,3,1,3,"370407, ac370419",8,0.99321626035513222,0.027570027573514233,451,449
fixed_train,3,1,3,"370407, ac370419",9,0.99321626035513222,0.022823086987919017,451,451
fixed_train,3,1,4,"ac370000, ac370443",0,0.99321626035513222,0.03237811584365724,450,446
fixed_train,3,1,4,"ac370000, ac370443",1,0.99321626035513222,0.039962094061603448,450,447
fixed_train,3,1,4,"ac370000, ac370443",2,0.99321626035513222,0.03381677149523199,450,449
fixed_train,3,1,4,"ac370000, ac370443",3,0.99321626035513222,0.03365104559034604,450,448
fixed_train,3,1,4,"ac370000, ac370443",4,0.99321626035513222,0.03836381308672443,450,447
fixed_train,3,1,4,"ac370000, ac370443",5,0.99321626035513222,0.039474268974163951,450,450
fixed_train,3,1,4,"ac370000, ac370443",6,0.99321626035513222,0.033733294857843155,450,448
fixed_train,3,1,4,"ac370000, ac370443",7,0.99321626035513222,0.038551234141963042,450,446
fixed_train,3,1,4,"ac370000, ac370443",8,0.99321626035513222,0.033733294857843155,450,448
fixed_train,3,1,4,"ac370000, ac370443",9,0.99321626035513222,0.026652221304305002,450,447
fixed_train,3,1,5,"ac370000, ac370419, ac370443",0,0.99321626035513222,0.040876104592569629,449,449
fixed_train,3,1,5,"ac370000, ac370419, ac370443",1,0.99321626035513222,0.034764493363127036,449,449
fixed_train,3,1,5,"ac370000, ac370419, ac370443",2,0.99321626035513222,0.042193888151657699,449,449
fixed_train,3,1,5,"ac370000, ac370419, ac370443",3,0.99321626035513222,0.035961604746643894,449,449
fixed_train,3,1,5,"ac370000, ac370419, ac370443",4,0.99321626035513222,0.034848468112260611,449,449
fixed_train,3,1,5,"ac370000, ac370419, ac370443",5,0.99321626035513222,0.037342636913183291,449,449
fixed_train,3,1,5,"ac370000, ac370419, ac370443",6,0.99321626035513222,0.032535567681309163,449,449
fixed_train,3,1,5,"ac370000, ac370419, ac370443",7,0.99321626035513222,0.03237811584365724,449,448
fixed_train,3,1,5,"ac370000, ac370419, ac370443",8,0.99321626035513222,0.039380963697348559,449,449
fixed_train,3,1,5,"ac370000, ac370419, ac370443",9,0.99321626035513222,0.03836381308672443,449,448
fixed_train,3,1,6,"ac370419, ac370443",0,0.99321626035513222,0.020699274129837852,449,448
fixed_train,3,1,6,"ac370419, ac370443",1,0.99321626035513222,0.017151456074854465,449,445
fixed_train,3,1,6,"ac370419, ac370443",2,0.99321626035513222,0.018314436580926796,449,446
fixed_train,3,1,6,"ac370419, ac370443",3,0.99321626035513222,0.021763486768822227,449,447
fixed_train,3,1,6,"ac370419, ac370443",4,0.99321626035513222,0.016075457794866632,449,448
fixed_train,3,1,6,"ac370419, ac370443",5,0.99321626035513222,0.011469479428437457,449,447
fixed_train,3,1,6,"ac370419, ac370443",6,0.99321626035513222,0.019430998524351928,449,448
fixed_train,3,1,6,"ac370419, ac370443",7,0.99321626035513222,0.020545638785396947,449,447
fixed_train,3,1,6,"ac370419, ac370443",8,0.99321626035513222,0.018268190582874988,449,448
fixed_train,3,1,6,"ac370419, ac370443",9,0.99321626035513222,0.02064729728281367,449,447
fixed_train,3,1,7,"ac370000, ac370442",0,0.99321626035513222,0.032535567681309163,446,444
fixed_train,3,1,7,"ac370000, ac370442",1,0.99321626035513222,0.031418035743402517,446,439
fixed_train,3,1,7,"ac370000, ac370442",2,0.99321626035513222,0.035020196041706919,446,440
fixed_train,3,1,7,"ac370000, ac370442",3,0.99321626035513222,0.033733294857843155,446,445
fixed_train,3,1,7,"ac370000, ac370442",4,0.99321626035513222,0.026652221304305002,446,441
fixed_train,3,1,7,"ac370000, ac370442",5,0.99321626035513222,0.027839787861794529,446,444
fixed_train,3,1,7,"ac370000, ac370442",6,0.99321626035513222,0.026652221304305002,446,442
fixed_train,3,1,7,"ac370000, ac370442",7,0.99321626035513222,0.033733294857843155,446,443
fixed_train,3,1,7,"ac370000, ac370442",8,0.99321626035513222,0.026652221304305002,446,444
fixed_train,3,1,7,"ac370000, ac370442",9,0.99321626035513222,0.030222667250357493,446,440
fixed_train,3,1,8,"ac370000, ac370442, ac370443",0,0.99321626035513222,0.035875934669594045,445,445
fixed_train,3,1,8,"ac370000, ac370442, ac370443",1,0.99321626035513222,0.037161368543212281,445,445
fixed_train,3,1,8,"ac370000, ac370442, ac370443",2,0.99321626035513222,0.030148023028905513,445,445
fixed_train,3,1,8,"ac370000, ac370442, ac370443",3,0.99321626035513222,0.033733294857843155,445,445
fixed_train,3,1,8,"ac370000, ac370442, ac370443",4,0.99321626035513222,0.030148023028905513,445,445
fixed_train,3,1,8,"ac370000, ac370442, ac370443",5,0.99321626035513222,0.03237811584365724,445,444
fixed_train,3,1,8,"ac370000, ac370442, ac370443",6,0.99321626035513222,0.033733294857843155,445,445
fixed_train,3,1,8,"ac370000, ac370442, ac370443",7,0.99321626035513222,0.028887428675277715,445,445
fixed_train,3,1,8,"ac370000, ac370442, ac370443",8,0.99321626035513222,0.037251331652712105,445,445
fixed_train,3,1,8,"ac370000, ac370442, ac370443",9,0.99321626035513222,0.038272163902941858,445,444
fixed_train,3,1,9,"ac370442, ac370443",0,0.99321626035513222,0.016032784196763683,445,443
fixed_train,3,1,9,"ac370442, ac370443",1,0.99321626035513222,0.013789538050893224,445,442
fixed_train,3,1,9,"ac370442, ac370443",2,0.99321626035513222,0.014912152429536585,445,444
fixed_train,3,1,9,"ac370442, ac370443",3,0.99321626035513222,0.014912152429536585,445,444
fixed_train,3,1,9,"ac370442, ac370443",4,0.99321626035513222,0.013713294177830848,445,442
fixed_train,3,1,9,"ac370442, ac370443",5,0.99321626035513222,0.013713294177830848,445,444
fixed_train,3,1,9,"ac370442, ac370443",6,0.99321626035513222,0.013789538050893224,445,442
fixed_train,3,1,9,"ac370442, ac370443",7,0.99321626035513222,0.012628374316441482,445,444
fixed_train,3,1,9,"ac370442, ac370443",8,0.99321626035513222,0.010312828726362522,445,444
fixed_train,3,1,9,"ac370442, ac370443",9,0.99321626035513222,0.012556901426024836,445,440
faithful_train,3,1,0,"370407, ac370000",0,0.99321626035513222,0.045748597674740932,475,473
faithful_train,3,1,0,"370407, ac370000",1,0.99321626035513222,0.13713744859534915,475,470
faithful_train,3,1,0,"370407, ac370000",2,0.99321626035513222,0.22868773518770613,475,464
faithful_train,3,1,0,"370407, ac370000",3,0.99321626035513222,0.25069383942626944,475,462
faithful_train,3,1,0,"370407, ac370000",4,0.99321626035513222,0.25540074997273365,475,460
faithful_train,3,1,0,"370407, ac370000",5,0.99321626035513222,0.25196981011725716,475,455
faithful_train,3,1,0,"370407, ac370000",6,0.99321626035513222,0.26484630190957581,475,443
faithful_train,3,1,0,"370407, ac370000",7,0.99321626035513222,0.25408206945208389,475,443
faithful_train,3,1,0,"370407, ac370000",8,0.99321626035513222,0.25701314595879132,475,446
faithful_train,3,1,0,"370407, ac370000",9,0.99321626035513222,0.25620762229609473,475,450
faithful_train,3,1,1,"ac370000, ac370419",0,0.99321626035513222,0.26925007944099355,462,460
faithful_train,3,1,1,"ac370000, ac370419",1,0.99321626035513222,0.26484630190957581,462,458
faithful_train,3,1,1,"ac370000, ac370419",2,0.99321626035513222,0.26771225899324569,462,446
faithful_train,3,1,1,"ac370000, ac370419",3,0.99321626035513222,0.26406464232097215,462,446
faithful_train,3,1,1,"ac370000, ac370419",4,0.99321626035513222,0.2722020356024043,462,441
faithful_train,3,1,1,"ac370000, ac370419",5,0.99321626035513222,0.27371217153178373,462,439
faithful_train,3,1,1,"ac370000, ac370419",6,0.99321626035513222,0.27446966535797002,462,437
faithful_train,3,1,1,"ac370000, ac370419",7,0.99321626035513222,0.27446966535797002,462,439
faithful_train,3,1,1,"ac370000, ac370419",8,0.99321626035513222,0.26771225899324569,462,441
faithful_train,3,1,1,"ac370000, ac370419",9,0.99321626035513222,0.26771225899324569,462,440
faithful_train,3,1,2,"370407, ac370000, ac370419",0,0.99321626035513222,0.26548970674428185,451,447
faithful_train,3,1,2,"370407, ac370000, ac370419",1,0.99321626035513222,0.25115099294537657,451,439
faithful_train,3,1,2,"370407, ac370000, ac370419",2,0.99321626035513222,0.25540074997273365,451,435
faithful_train,3,1,2,"370407, ac370000, ac370419",3,0.99321626035513222,0.25674383315948657,451,425
faithful_train,3,1,2,"370407, ac370000, ac370419",4,0.99321626035513222,0.25754590541537359,451,426
faithful_train,3,1,2,"370407, ac370000, ac370419",5,0.99321626035513222,0.26406464232097215,451,424
faithful_train,3,1,2,"370407, ac370000, ac370419",6,0.99321626035513222,0.26108828647519378,451,427
faithful_train,3,1,2,"370407, ac370000, ac370419",7,0.99321626035513222,0.2583466431145045,451,426
faithful_train,3,1,2,"370407, ac370000, ac370419",8,0.99321626035513222,0.25326917132468718,451,423
faithful_train,3,1,2,"370407, ac370000, ac370419",9,0.99321626035513222,0.24821991643866925,451,431
faithful_train,3,1,3,"370407, ac370419",0,0.99321626035513222,0.25033072035327975,451,407
faithful_train,3,1,3,"370407, ac370419",1,0.99321626035513222,0.24821991643866925,451,422
faithful_train,3,1,3,"370407, ac370419",2,0.99321626035513222,0.25459250155995183,451,423
faithful_train,3,1,3,"370407, ac370419",3,0.99321626035513222,0.25540074997273365,451,417
faithful_train,3,1,3,"370407, ac370419",4,0.99321626035513222,0.25115099294537657,451,419
faithful_train,3,1,3,"370407, ac370419",5,0.99321626035513222,0.25459250155995183,451,414
faithful_train,3,1,3,"370407, ac370419",6,0.99321626035513222,0.25970481712358051,451,427
faithful_train,3,1,3,"370407, ac370419",7,0.99321626035513222,0.25245485683096291,451,414
faithful_train,3,1,3,"370407, ac370419",8,0.99321626035513222,0.25033072035327975,451,420
faithful_train,3,1,3,"370407, ac370419",9,0.99321626035513222,0.25674383315948657,451,431
faithful_train,3,1,4,"ac370000, ac370443",0,0.99321626035513222,0.26994963495890112,450,448
faithful_train,3,1,4,"ac370000, ac370443",1,0.99321626035513222,0.26548970674428185,450,441
faithful_train,3,1,4,"ac370000, ac370443",2,0.99321626035513222,0.2722020356024043,450,438
faithful_train,3,1,4,"ac370000, ac370443",3,0.99321626035513222,0.2722020356024043,450,439
faithful_train,3,1,4,"ac370000, ac370443",4,0.99321626035513222,0.25890903324171899,450,429
faithful_train,3,1,4,"ac370000, ac370443",5,0.99321626035513222,0.27596557788507003,450,421
faithful_train,3,1,4,"ac370000, ac370443",6,0.99321626035513222,0.26187766757564745,450,421
faithful_train,3,1,4,"ac370000, ac370443",7,0.99321626035513222,0.2722020356024043,450,427
faithful_train,3,1,4,"ac370000, ac370443",8,0.99321626035513222,0.26994963495890112,450,426
faithful_train,3,1,4,"ac370000, ac370443",9,0.99321626035513222,0.26994963495890112,450,423
faithful_train,3,1,5,"ac370000, ac370419, ac370443",0,0.99321626035513222,0.26848172263866799,449,446
faithful_train,3,1,5,"ac370000, ac370419, ac370443",1,0.99321626035513222,0.26328178064994801,449,436
faithful_train,3,1,5,"ac370000, ac370419, ac370443",2,0.99321626035513222,0.26406464232097215,449,425
faithful_train,3,1,5,"ac370000, ac370419, ac370443",3,0.99321626035513222,0.25540074997273365,449,428
faithful_train,3,1,5,"ac370000, ac370419, ac370443",4,0.99321626035513222,0.26548970674428185,449,429
faithful_train,3,1,5,"ac370000, ac370419, ac370443",5,0.99321626035513222,0.25970481712358051,449,424
faithful_train,3,1,5,"ac370000, ac370419, ac370443",6,0.99321626035513222,0.26108828647519378,449,422
faithful_train,3,1,5,"ac370000, ac370419, ac370443",7,0.99321626035513222,0.26548970674428185,449,427
faithful_train,3,1,5,"ac370000, ac370419, ac370443",8,0.99321626035513222,0.25540074997273365,449,424
faithful_train,3,1,5,"ac370000, ac370419, ac370443",9,0.99321626035513222,0.25459250155995183,449,431
faithful_train,3,1,6,"ac370419, ac370443",0,0.99321626035513222,0.25326917132468718,449,406
faithful_train,3,1,6,"ac370419, ac370443",1,0.99321626035513222,0.24403761783997679,449,419
faithful_train,3,1,6,"ac370419, ac370443",2,0.99321626035513222,0.25674383315948657,449,427
faithful_train,3,1,6,"ac370419, ac370443",3,0.99321626035513222,0.25245485683096291,449,421
faithful_train,3,1,6,"ac370419, ac370443",4,0.99321626035513222,0.26187766757564745,449,418
faithful_train,3,1,6,"ac370419, ac370443",5,0.99321626035513222,0.24904604119339124,449,413
faithful_train,3,1,6,"ac370419, ac370443",6,0.99321626035513222,0.25115099294537657,449,422
faithful_train,3,1,6,"ac370419, ac370443",7,0.99321626035513222,0.25033072035327975,449,423
faithful_train,3,1,6,"ac370419, ac370443",8,0.99321626035513222,0.25754590541537359,449,420
faithful_train,3,1,6,"ac370419, ac370443",9,0.99321626035513222,0.25115099294537657,449,425
faithful_train,3,1,7,"ac370000, ac370442",0,0.99321626035513222,0.26406464232097215,446,446
faithful_train,3,1,7,"ac370000, ac370442",1,0.99321626035513222,0.26994963495890112,446,439
faithful_train,3,1,7,"ac370000, ac370442",2,0.99321626035513222,0.26548970674428185,446,435
faithful_train,3,1,7,"ac370000, ac370442",3,0.99321626035513222,0.26328178064994801,446,431
faithful_train,3,1,7,"ac370000, ac370442",4,0.99321626035513222,0.26548970674428185,446,430
faithful_train,3,1,7,"ac370000, ac370442",5,0.99321626035513222,0.26626593004547083,446,430
faithful_train,3,1,7,"ac370000, ac370442",6,0.99321626035513222,0.27071221526251465,446,415
faithful_train,3,1,7,"ac370000, ac370442",7,0.99321626035513222,0.26771225899324569,446,421
faithful_train,3,1,7,"ac370000, ac370442",8,0.99321626035513222,0.27071221526251465,446,420
faithful_train,3,1,7,"ac370000, ac370442",9,0.99321626035513222,0.27071221526251465,446,415
faithful_train,3,1,8,"ac370000, ac370442, ac370443",0,0.99321626035513222,0.26848172263866799,445,444
faithful_train,3,1,8,"ac370000, ac370442, ac370443",1,0.99321626035513222,0.26626593004547083,445,428
faithful_train,3,1,8,"ac370000, ac370442, ac370443",2,0.99321626035513222,0.25674383315948657,445,428
faithful_train,3,1,8,"ac370000, ac370442, ac370443",3,0.99321626035513222,0.25754590541537359,445,427
faithful_train,3,1,8,"ac370000, ac370442, ac370443",4,0.99321626035513222,0.25674383315948657,445,430
faithful_train,3,1,8,"ac370000, ac370442, ac370443",5,0.99321626035513222,0.25674383315948657,445,429
faithful_train,3,1,8,"ac370000, ac370442, ac370443",6,0.99321626035513222,0.26925007944099355,445,415
faithful_train,3,1,8,"ac370000, ac370442, ac370443",7,0.99321626035513222,0.25245485683096291,445,414
faithful_train,3,1,8,"ac370000, ac370442, ac370443",8,0.99321626035513222,0.25408206945208389,445,419
faithful_train,3,1,8,"ac370000, ac370442, ac370443",9,0.99321626035513222,0.25970481712358051,445,419
faithful_train,3,1,9,"ac370442, ac370443",0,0.99321626035513222,0.26328178064994801,445,403
faithful_train,3,1,9,"ac370442, ac370443",1,0.99321626035513222,0.25970481712358051,445,411
faithful_train,3,1,9,"ac370442, ac370443",2,0.99321626035513222,0.26108828647519378,445,419
faithful_train,3,1,9,"ac370442, ac370443",3,0.99321626035513222,0.25970481712358051,445,414
faithful_train,3,1,9,"ac370442, ac370443",4,0.99321626035513222,0.25970481712358051,445,404
faithful_train,3,1,9,"ac370442, ac370443",5,0.99321626035513222,0.26108828647519378,445,407
faithful_train,3,1,9,"ac370442, ac370443",6,0.99321626035513222,0.26626593004547083,445,410
faithful_train,3,1,9,"ac370442, ac370443",7,0.99321626035513222,0.26406464232097215,445,411
faithful_train,3,1,9,"ac370442, ac370443",8,0.99321626035513222,0.26187766757564745,445,409
faithful_train,3,1,9,"ac370442, ac370443",9,0.99321626035513222,0.25754590541537359,445,409
fixed_test,3,2,0,"370407, ac370000",0,0.90214430989578032,0.0069915299972377332,119,118
fixed_test,3,2,0,"370407, ac370000",1,0.90214430989578032,0.0069915299972377332,119,117
fixed_test,3,2,0,"370407, ac370000",2,0.90214430989578032,0.0069915299972377332,119,118
fixed_test,3,2,0,"370407, ac370000",3,0.90214430989578032,0.0069915299972377332,119,119
fixed_test,3,2,0,"370407, ac370000",4,0.90214430989578032,-0.003425785891706723,119,118
fixed_test,3,2,0,"370407, ac370000",5,0.90214430989578032,0.0027118817404528928,119,118
fixed_test,3,2,0,"370407, ac370000",6,0.90214430989578032,0.0017538344344834034,119,119
fixed_test,3,2,0,"370407, ac370000",7,0.90214430989578032,0.012289745725659995,119,117
fixed_test,3,2,0,"370407, ac370000",8,0.90214430989578032,0.0017538344344834034,119,117
fixed_test,3,2,0,"370407, ac370000",9,0.90214430989578032,0.011240455819121697,119,119
fixed_test,3,2,1,"ac370000, ac370419",0,0.90214430989578032,0.0080254719567176558,115,114
fixed_test,3,2,1,"ac370000, ac370419",1,0.90214430989578032,0.0069915299972377332,115,115
fixed_test,3,2,1,"ac370000, ac370419",2,0.90214430989578032,0.0069915299972377332,115,114
fixed_test,3,2,1,"ac370000, ac370419",3,0.90214430989578032,0.017651032144075596,115,114
fixed_test,3,2,1,"ac370000, ac370419",4,0.90214430989578032,0.0091229268133345975,115,114
fixed_test,3,2,1,"ac370000, ac370419",5,0.90214430989578032,-0.0068659822447539876,115,114
fixed_test,3,2,1,"ac370000, ac370419",6,0.90214430989578032,0.0037286528594336898,115,114
fixed_test,3,2,1,"ac370000, ac370419",7,0.90214430989578032,0.0027118817404528928,115,114
fixed_test,3,2,1,"ac370000, ac370419",8,0.90214430989578032,-0.017219408334793518,115,114
fixed_test,3,2,1,"ac370000, ac370419",9,0.90214430989578032,0.016523095461006609,115,114
fixed_test,3,2,2,"370407, ac370000, ac370419",0,0.90214430989578032,0.0069915299972377332,113,113
fixed_test,3,2,2,"370407, ac370000, ac370419",1,0.90214430989578032,0.013403352189305551,113,113
fixed_test,3,2,2,"370407, ac370000, ac370419",2,0.90214430989578032,-0.003425785891706723,113,113
fixed_test,3,2,2,"370407, ac370000, ac370419",3,0.90214430989578032,-0.0077327869501551127,113,113
fixed_test,3,2,2,"370407, ac370000, ac370419",4,0.90214430989578032,0.016523095461006609,113,113
fixed_test,3,2,2,"370407, ac370000, ac370419",5,0.90214430989578032,0.0080254719567176558,113,113
fixed_test,3,2,2,"370407, ac370000, ac370419",6,0.90214430989578032,0.021867609710866764,113,113
fixed_test,3,2,2,"370407, ac370000, ac370419",7,0.90214430989578032,0.012289745725659995,113,113
fixed_test,3,2,2,"370407, ac370000, ac370419",8,0.90214430989578032,0.0027118817404528928,113,113
fixed_test,3,2,2,"370407, ac370000, ac370419",9,0.90214430989578032,0.012289745725659995,113,113
fixed_test,3,2,3,"370407, ac370419",0,0.90214430989578032,-0.0085496760670228378,113,113
fixed_test,3,2,3,"370407, ac370419",1,0.90214430989578032,-0.0077327869501551127,113,113
fixed_test,3,2,3,"370407, ac370419",2,0.90214430989578032,-0.0085496760670228378,113,111
fixed_test,3,2,3,"370407, ac370419",3,0.90214430989578032,0.0050989362546619565,113,113
fixed_test,3,2,3,"370407, ac370419",4,0.90214430989578032,0,113,113
fixed_test,3,2,3,"370407, ac370419",5,0.90214430989578032,-0.0077327869501551127,113,113
fixed_test,3,2,3,"370407, ac370419",6,0.90214430989578032,-0.0042605752325090007,113,113
fixed_test,3,2,3,"370407, ac370419",7,0.90214430989578032,-0.01286877631295813,113,113
fixed_test,3,2,3,"370407, ac370419",8,0.90214430989578032,-0.01286877631295813,113,113
fixed_test,3,2,3,"370407, ac370419",9,0.90214430989578032,0.00085095698952430965,113,112
fixed_test,3,2,4,"ac370000, ac370443",0,0.90214430989578032,0.00085095698952430965,113,113
fixed_test,3,2,4,"ac370000, ac370443",1,0.90214430989578032,0.0027118817404528928,113,112
fixed_test,3,2,4,"ac370000, ac370443",2,0.90214430989578032,-0.0077327869501551127,113,112
fixed_test,3,2,4,"ac370000, ac370443",3,0.90214430989578032,0.0027118817404528928,113,111
fixed_test,3,2,4,"ac370000, ac370443",4,0.90214430989578032,0.0017538344344834034,113,112
fixed_test,3,2,4,"ac370000, ac370443",5,0.90214430989578032,-0.0068659822447539876,113,113
fixed_test,3,2,4,"ac370000, ac370443",6,0.90214430989578032,-0.0077327869501551127,113,111
fixed_test,3,2,4,"ac370000, ac370443",7,0.90214430989578032,0.0027118817404528928,113,112
fixed_test,3,2,4,"ac370000, ac370443",8,0.90214430989578032,-0.0068659822447539876,113,113
fixed_test,3,2,4,"ac370000, ac370443",9,0.90214430989578032,-0.0025400354665312541,113,112
fixed_test,3,2,5,"ac370000, ac370419, ac370443",0,0.90214430989578032,0.012289745725659995,112,112
fixed_test,3,2,5,"ac370000, ac370419, ac370443",1,0.90214430989578032,0.0027118817404528928,112,112
fixed_test,3,2,5,"ac370000, ac370419, ac370443",2,0.90214430989578032,0.0069915299972377332,112,112
fixed_test,3,2,5,"ac370000, ac370419, ac370443",3,0.90214430989578032,0.017651032144075596,112,112
fixed_test,3,2,5,"ac370000, ac370419, ac370443",4,0.90214430989578032,-0.0025400354665312541,112,111
fixed_test,3,2,5,"ac370000, ac370419, ac370443",5,0.90214430989578032,0.0060172045295445731,112,112
fixed_test,3,2,5,"ac370000, ac370419, ac370443",6,0.90214430989578032,0.011240455819121697,112,112
fixed_test,3,2,5,"ac370000, ac370419, ac370443",7,0.90214430989578032,0.017651032144075596,112,112
fixed_test,3,2,5,"ac370000, ac370419, ac370443",8,0.90214430989578032,0.0080254719567176558,112,112
fixed_test,3,2,5,"ac370000, ac370419, ac370443",9,0.90214430989578032,0.0069915299972377332,112,112
fixed_test,3,2,6,"ac370419, ac370443",0,0.90214430989578032,-0.0085496760670228378,112,111
fixed_test,3,2,6,"ac370419, ac370443",1,0.90214430989578032,-0.003425785891706723,112,112
fixed_test,3,2,6,"ac370419, ac370443",2,0.90214430989578032,-0.017950309123569985,112,110
fixed_test,3,2,6,"ac370419, ac370443",3,0.90214430989578032,-0.0085496760670228378,112,112
fixed_test,3,2,6,"ac370419, ac370443",4,0.90214430989578032,-0.0042605752325090007,112,110
fixed_test,3,2,6,"ac370419, ac370443",5,0.90214430989578032,-0.0042605752325090007,112,111
fixed_test,3,2,6,"ac370419, ac370443",6,0.90214430989578032,0.00085095698952430965,112,112
fixed_test,3,2,6,"ac370419, ac370443",7,0.90214430989578032,-0.0042605752325090007,112,112
fixed_test,3,2,6,"ac370419, ac370443",8,0.90214430989578032,-0.0085496760670228378,112,112
fixed_test,3,2,6,"ac370419, ac370443",9,0.90214430989578032,-0.01362008671968018,112,112
fixed_test,3,2,7,"ac370000, ac370442",0,0.90214430989578032,0.0080254719567176558,111,111
fixed_test,3,2,7,"ac370000, ac370442",1,0.90214430989578032,0.013403352189305551,111,111
fixed_test,3,2,7,"ac370000, ac370442",2,0.90214430989578032,0.0091229268133345975,111,111
fixed_test,3,2,7,"ac370000, ac370442",3,0.90214430989578032,0.0037286528594336898,111,111
fixed_test,3,2,7,"ac370000, ac370442",4,0.90214430989578032,0.0080254719567176558,111,109
fixed_test,3,2,7,"ac370000, ac370442",5,0.90214430989578032,0.017651032144075596,111,111
fixed_test,3,2,7,"ac370000, ac370442",6,0.90214430989578032,0.0027118817404528928,111,111
fixed_test,3,2,7,"ac370000, ac370442",7,0.90214430989578032,0.017651032144075596,111,110
fixed_test,3,2,7,"ac370000, ac370442",8,0.90214430989578032,0.0027118817404528928,111,110
fixed_test,3,2,7,"ac370000, ac370442",9,0.90214430989578032,0.0027118817404528928,111,111
fixed_test,3,2,8,"ac370000, ac370442, ac370443",0,0.90214430989578032,0.0037286528594336898,111,111
fixed_test,3,2,8,"ac370000, ac370442, ac370443",1,0.90214430989578032,0.0017538344344834034,111,111
fixed_test,3,2,8,"ac370000, ac370442, ac370443",2,0.90214430989578032,0.0069915299972377332,111,111
fixed_test,3,2,8,"ac370000, ac370442, ac370443",3,0.90214430989578032,-0.0025400354665312541,111,111
fixed_test,3,2,8,"ac370000, ac370442, ac370443",4,0.90214430989578032,0.0080254719567176558,111,111
fixed_test,3,2,8,"ac370000, ac370442, ac370443",5,0.90214430989578032,0.032752750849048939,111,111
fixed_test,3,2,8,"ac370000, ac370442, ac370443",6,0.90214430989578032,0.01884825562402126,111,111
fixed_test,3,2,8,"ac370000, ac370442, ac370443",7,0.90214430989578032,-0.0016000882306402842,111,111
fixed_test,3,2,8,"ac370000, ac370442, ac370443",8,0.90214430989578032,0.0069915299972377332,111,111
fixed_test,3,2,8,"ac370000, ac370442, ac370443",9,0.90214430989578032,0.013403352189305551,111,111
fixed_test,3,2,9,"ac370442, ac370443",0,0.90214430989578032,-0.0085496760670228378,111,110
fixed_test,3,2,9,"ac370442, ac370443",1,0.90214430989578032,-0.0042605752325090007,111,109
fixed_test,3,2,9,"ac370442, ac370443",2,0.90214430989578032,-0.0085496760670228378,111,111
fixed_test,3,2,9,"ac370442, ac370443",3,0.90214430989578032,-0.017950309123569985,111,111
fixed_test,3,2,9,"ac370442, ac370443",4,0.90214430989578032,-0.01286877631295813,111,109
fixed_test,3,2,9,"ac370442, ac370443",5,0.90214430989578032,-0.0042605752325090007,111,109
fixed_test,3,2,9,"ac370442, ac370443",6,0.90214430989578032,-0.0085496760670228378,111,111
fixed_test,3,2,9,"ac370442, ac370443",7,0.90214430989578032,-0.0085496760670228378,111,111
fixed_test,3,2,9,"ac370442, ac370443",8,0.90214430989578032,-0.0042605752325090007,111,110
fixed_test,3,2,9,"ac370442, ac370443",9,0.90214430989578032,-0.0085496760670228378,111,111
fixed_train,3,2,0,"370407, ac370000",0,0.99321599666937299,0.020755921525704601,467,464
fixed_train,3,2,0,"370407, ac370000",1,0.99321599666937299,0.024351900795914205,467,464
fixed_train,3,2,0,"370407, ac370000",2,0.99321599666937299,0.028823122817494995,467,463
fixed_train,3,2,0,"370407, ac370000",3,0.99321599666937299,0.025408869035609793,467,466
fixed_train,3,2,0,"370407, ac370000",4,0.99321599666937299,0.02875393392951664,467,462
fixed_train,3,2,0,"370407, ac370000",5,0.99321599666937299,0.02875393392951664,467,466
fixed_train,3,2,0,"370407, ac370000",6,0.99321599666937299,0.029036972613913914,467,466
fixed_train,3,2,0,"370407, ac370000",7,0.99321599666937299,0.030080883478050269,467,465
fixed_train,3,2,0,"370407, ac370000",8,0.99321599666937299,0.025283879413747434,467,460
fixed_train,3,2,0,"370407, ac370000",9,0.99321599666937299,0.031120356762535217,467,466
fixed_train,3,2,1,"ac370000, ac370419",0,0.99321599666937299,0.0336590340261127,455,450
fixed_train,3,2,1,"ac370000, ac370419",1,0.99321599666937299,0.025408869035609793,455,453
fixed_train,3,2,1,"ac370000, ac370419",2,0.99321599666937299,0.035970064732211982,455,450
fixed_train,3,2,1,"ac370000, ac370419",3,0.99321599666937299,0.026658264064546966,455,455
fixed_train,3,2,1,"ac370000, ac370419",4,0.99321599666937299,0.025472772626965456,455,452
fixed_train,3,2,1,"ac370000, ac370419",5,0.99321599666937299,0.026591584391547851,455,450
fixed_train,3,2,1,"ac370000, ac370419",6,0.99321599666937299,0.030080883478050269,455,450
fixed_train,3,2,1,"ac370000, ac370419",7,0.99321599666937299,0.032543635973606322,455,455
fixed_train,3,2,1,"ac370000, ac370419",8,0.99321599666937299,0.027846321487847048,455,451
fixed_train,3,2,1,"ac370000, ac370419",9,0.99321599666937299,0.025472772626965456,455,453
fixed_train,3,2,2,"370407, ac370000, ac370419",0,0.99321599666937299,0.031348003320013307,445,445
fixed_train,3,2,2,"370407, ac370000, ac370419",1,0.99321599666937299,0.030155009809078592,445,445
fixed_train,3,2,2,"370407, ac370000, ac370419",2,0.99321599666937299,0.028964627333179505,445,444
fixed_train,3,2,2,"370407, ac370000, ac370419",3,0.99321599666937299,0.026658264064546966,445,445
fixed_train,3,2,2,"370407, ac370000, ac370419",4,0.99321599666937299,0.025408869035609793,445,444
fixed_train,3,2,2,"370407, ac370000, ac370419",5,0.99321599666937299,0.032624769398146736,445,444
fixed_train,3,2,2,"370407, ac370000, ac370419",6,0.99321599666937299,0.021875623492069507,445,444
fixed_train,3,2,2,"370407, ac370000, ac370419",7,0.99321599666937299,0.030080883478050269,445,445
fixed_train,3,2,2,"370407, ac370000, ac370419",8,0.99321599666937299,0.02065037160879013,445,445
fixed_train,3,2,2,"370407, ac370000, ac370419",9,0.99321599666937299,0.030007850802215019,445,445
fixed_train,3,2,3,"370407, ac370419",0,0.99321599666937299,0.013603917667536214,445,441
fixed_train,3,2,3,"370407, ac370419",1,0.99321599666937299,0.014873822436076156,445,445
fixed_train,3,2,3,"370407, ac370419",2,0.99321599666937299,0.014833873298093714,445,444
fixed_train,3,2,3,"370407, ac370419",3,0.99321599666937299,0.010221063315721812,445,445
fixed_train,3,2,3,"370407, ac370419",4,0.99321599666937299,0.01364037247794625,445,445
fixed_train,3,2,3,"370407, ac370419",5,0.99321599666937299,0.012558307337175667,445,444
fixed_train,3,2,3,"370407, ac370419",6,0.99321599666937299,0.0170659409846462,445,444
fixed_train,3,2,3,"370407, ac370419",7,0.99321599666937299,0.011370997388104653,445,444
fixed_train,3,2,3,"370407, ac370419",8,0.99321599666937299,0.011370997388104653,445,444
fixed_train,3,2,3,"370407, ac370419",9,0.99321599666937299,0.013714942827953824,445,441
fixed_train,3,2,4,"ac370000, ac370443",0,0.99321599666937299,0.023109378152307181,444,440
fixed_train,3,2,4,"ac370000, ac370443",1,0.99321599666937299,0.025472772626965456,444,441
fixed_train,3,2,4,"ac370000, ac370443",2,0.99321599666937299,0.022993316360577665,444,439
fixed_train,3,2,4,"ac370000, ac370443",3,0.99321599666937299,0.023109378152307181,444,444
fixed_train,3,2,4,"ac370000, ac370443",4,0.99321599666937299,0.020702753307408117,444,442
fixed_train,3,2,4,"ac370000, ac370443",5,0.99321599666937299,0.019532278648994206,444,442
fixed_train,3,2,4,"ac370000, ac370443",6,0.99321599666937299,0.025408869035609793,444,442
fixed_train,3,2,4,"ac370000, ac370443",7,0.99321599666937299,0.023050915263732374,444,441
fixed_train,3,2,4,"ac370000, ac370443",8,0.99321599666937299,0.021931420982374661,444,442
fixed_train,3,2,4,"ac370000, ac370443",9,0.99321599666937299,0.021988055050558231,444,441
fixed_train,3,2,5,"ac370000, ac370419, ac370443",0,0.99321599666937299,0.030230245426298485,443,443
fixed_train,3,2,5,"ac370000, ac370419, ac370443",1,0.99321599666937299,0.030155009809078592,443,443
fixed_train,3,2,5,"ac370000, ac370419, ac370443",2,0.99321599666937299,0.024289819721053041,443,442
fixed_train,3,2,5,"ac370000, ac370419, ac370443",3,0.99321599666937299,0.026725941907814521,443,442
fixed_train,3,2,5,"ac370000, ac370419, ac370443",4,0.99321599666937299,0.036057704119127121,443,443
fixed_train,3,2,5,"ac370000, ac370419, ac370443",5,0.99321599666937299,0.030155009809078592,443,443
fixed_train,3,2,5,"ac370000, ac370419, ac370443",6,0.99321599666937299,0.026591584391547851,443,443
fixed_train,3,2,5,"ac370000, ac370419, ac370443",7,0.99321599666937299,0.0336590340261127,443,443
fixed_train,3,2,5,"ac370000, ac370419, ac370443",8,0.99321599666937299,0.027776828052507807,443,443
fixed_train,3,2,5,"ac370000, ac370419, ac370443",9,0.99321599666937299,0.0336590340261127,443,443
fixed_train,3,2,6,"ac370419, ac370443",0,0.99321599666937299,0.0068079440014816583,443,443
fixed_train,3,2,6,"ac370419, ac370443",1,0.99321599666937299,0.0091304046696573105,443,441
fixed_train,3,2,6,"ac370419, ac370443",2,0.99321599666937299,0.01364037247794625,443,442
fixed_train,3,2,6,"ac370419, ac370443",3,0.99321599666937299,0.0079802479121611203,443,442
fixed_train,3,2,6,"ac370419, ac370443",4,0.99321599666937299,0.0091304046696573105,443,440
fixed_train,3,2,6,"ac370419, ac370443",5,0.99321599666937299,0.0091016222982632788,443,440
fixed_train,3,2,6,"ac370419, ac370443",6,0.99321599666937299,0.0091304046696573105,443,443
fixed_train,3,2,6,"ac370419, ac370443",7,0.99321599666937299,0.012523094448403715,443,443
fixed_train,3,2,6,"ac370419, ac370443",8,0.99321599666937299,0.0080071754153397956,443,442
fixed_train,3,2,6,"ac370419, ac370443",9,0.99321599666937299,0.011403891526840737,443,442
fixed_train,3,2,7,"ac370000, ac370442",0,0.99321599666937299,0.026725941907814521,440,436
fixed_train,3,2,7,"ac370000, ac370442",1,0.99321599666937299,0.023109378152307181,440,438
fixed_train,3,2,7,"ac370000, ac370442",2,0.99321599666937299,0.027846321487847048,440,438
fixed_train,3,2,7,"ac370000, ac370442",3,0.99321599666937299,0.030080883478050269,440,437
fixed_train,3,2,7,"ac370000, ac370442",4,0.99321599666937299,0.023168717201423217,440,437
fixed_train,3,2,7,"ac370000, ac370442",5,0.99321599666937299,0.023168717201423217,440,439
fixed_train,3,2,7,"ac370000, ac370442",6,0.99321599666937299,0.018364173697172137,440,438
fixed_train,3,2,7,"ac370000, ac370442",7,0.99321599666937299,0.030155009809078592,440,438
fixed_train,3,2,7,"ac370000, ac370442",8,0.99321599666937299,0.029110400208356202,440,437
fixed_train,3,2,7,"ac370000, ac370442",9,0.99321599666937299,0.033741936148870222,440,438
fixed_train,3,2,8,"ac370000, ac370442, ac370443",0,0.99321599666937299,0.025472772626965456,438,437
fixed_train,3,2,8,"ac370000, ac370442, ac370443",1,0.99321599666937299,0.027846321487847048,438,437
fixed_train,3,2,8,"ac370000, ac370442, ac370443",2,0.99321599666937299,0.030155009809078592,438,438
fixed_train,3,2,8,"ac370000, ac370442, ac370443",3,0.99321599666937299,0.030007850802215019,438,438
fixed_train,3,2,8,"ac370000, ac370442, ac370443",4,0.99321599666937299,0.023109378152307181,438,438
fixed_train,3,2,8,"ac370000, ac370442, ac370443",5,0.99321599666937299,0.033577353870445026,438,438
fixed_train,3,2,8,"ac370000, ac370442, ac370443",6,0.99321599666937299,0.024289819721053041,438,438
fixed_train,3,2,8,"ac370000, ac370442, ac370443",7,0.99321599666937299,0.026658264064546966,438,437
fixed_train,3,2,8,"ac370000, ac370442, ac370443",8,0.99321599666937299,0.027776828052507807,438,438
fixed_train,3,2,8,"ac370000, ac370442, ac370443",9,0.99321599666937299,0.019482452508450598,438,438
fixed_train,3,2,9,"ac370442, ac370443",0,0.99321599666937299,0.0045628721185804189,438,435
fixed_train,3,2,9,"ac370442, ac370443",1,0.99321599666937299,0.010314280169401613,438,437
fixed_train,3,2,9,"ac370442, ac370443",2,0.99321599666937299,0.0068569178124737729,438,438
fixed_train,3,2,9,"ac370442, ac370443",3,0.99321599666937299,0.0056863788766953194,438,438
fixed_train,3,2,9,"ac370442, ac370443",4,0.99321599666937299,0.0045426194461302138,438,436
fixed_train,3,2,9,"ac370442, ac370443",5,0.99321599666937299,0.0091304046696573105,438,434
fixed_train,3,2,9,"ac370442, ac370443",6,0.99321599666937299,0.0091016222982632788,438,438
fixed_train,3,2,9,"ac370442, ac370443",7,0.99321599666937299,0.0091304046696573105,438,437
fixed_train,3,2,9,"ac370442, ac370443",8,0.99321599666937299,0.0045628721185804189,438,433
fixed_train,3,2,9,"ac370442, ac370443",9,0.99321599666937299,0.0068569178124737729,438,437
faithful_train,3,2,0,"370407, ac370000",0,0.99321599666937299,0.033741936148870222,467,466
faithful_train,3,2,0,"370407, ac370000",1,0.99321599666937299,0.14041305822220496,467,465
faithful_train,3,2,0,"370407, ac370000",2,0.99321599666937299,0.19897649562054864,467,463
faithful_train,3,2,0,"370407, ac370000",3,0.99321599666937299,0.23403522410887501,467,459
faithful_train,3,2,0,"370407, ac370000",4,0.99321599666937299,0.24918809317460089,467,453
faithful_train,3,2,0,"370407, ac370000",5,0.99321599666937299,0.24836393488176545,467,451
faithful_train,3,2,0,"370407, ac370000",6,0.99321599666937299,0.24836393488176545,467,449
faithful_train,3,2,0,"370407, ac370000",7,0.99321599666937299,0.24793751571021316,467,435
faithful_train,3,2,0,"370407, ac370000",8,0.99321599666937299,0.25388855280392286,467,428
faithful_train,3,2,0,"370407, ac370000",9,0.99321599666937299,0.25469640085812117,467,429
faithful_train,3,2,1,"ac370000, ac370419",0,0.99321599666937299,0.25763438292765772,455,454
faithful_train,3,2,1,"ac370000, ac370419",1,0.99321599666937299,0.25898529651529578,455,452
faithful_train,3,2,1,"ac370000, ac370419",2,0.99321599666937299,0.26272491063899239,455,444
faithful_train,3,2,1,"ac370000, ac370419",3,0.99321599666937299,0.25711186419190446,455,436
faithful_train,3,2,1,"ac370000, ac370419",4,0.99321599666937299,0.26474714594928805,455,431
faithful_train,3,2,1,"ac370000, ac370419",5,0.99321599666937299,0.25739310362814749,455,424
faithful_train,3,2,1,"ac370000, ac370419",6,0.99321599666937299,0.27219084818135986,455,434
faithful_train,3,2,1,"ac370000, ac370419",7,0.99321599666937299,0.26629794993012867,455,432
faithful_train,3,2,1,"ac370000, ac370419",8,0.99321599666937299,0.26176328716599229,455,428
faithful_train,3,2,1,"ac370000, ac370419",9,0.99321599666937299,0.27596971167336914,455,423
faithful_train,3,2,2,"370407, ac370000, ac370419",0,0.99321599666937299,0.25977945802730251,445,442
faithful_train,3,2,2,"370407, ac370000, ac370419",1,0.99321599666937299,0.25603230429478541,445,439
faithful_train,3,2,2,"370407, ac370000, ac370419",2,0.99321599666937299,0.25522925224921911,445,432
faithful_train,3,2,2,"370407, ac370000, ac370419",3,0.99321599666937299,0.24836393488176545,445,421
faithful_train,3,2,2,"370407, ac370000, ac370419",4,0.99321599666937299,0.24964172448126509,445,427
faithful_train,3,2,2,"370407, ac370000, ac370419",5,0.99321599666937299,0.25898529651529578,445,418
faithful_train,3,2,2,"370407, ac370000, ac370419",6,0.99321599666937299,0.2475382950313546,445,427
faithful_train,3,2,2,"370407, ac370000, ac370419",7,0.99321599666937299,0.24627931935067793,445,419
faithful_train,3,2,2,"370407, ac370000, ac370419",8,0.99321599666937299,0.25603230429478541,445,417
faithful_train,3,2,2,"370407, ac370000, ac370419",9,0.99321599666937299,0.25209686699852396,445,427
faithful_train,3,2,3,"370407, ac370419",0,0.99321599666937299,0.25257230422768673,445,398
faithful_train,3,2,3,"370407, ac370419",1,0.99321599666937299,0.24964172448126509,445,427
faithful_train,3,2,3,"370407, ac370419",2,0.99321599666937299,0.24337054552675486,445,418
faithful_train,3,2,3,"370407, ac370419",3,0.99321599666937299,0.25683400541561263,445,419
faithful_train,3,2,3,"370407, ac370419",4,0.99321599666937299,0.25522925224921911,445,418
faithful_train,3,2,3,"370407, ac370419",5,0.99321599666937299,0.25338478464887138,445,418
faithful_train,3,2,3,"370407, ac370419",6,0.99321599666937299,0.25603230429478541,445,423
faithful_train,3,2,3,"370407, ac370419",7,0.99321599666937299,0.25338478464887138,445,425
faithful_train,3,2,3,"370407, ac370419",8,0.99321599666937299,0.24544795844505218,445,421
faithful_train,3,2,3,"370407, ac370419",9,0.99321599666937299,0.25338478464887138,445,421
faithful_train,3,2,4,"ac370000, ac370443",0,0.99321599666937299,0.26397000087086653,444,441
faithful_train,3,2,4,"ac370000, ac370443",1,0.99321599666937299,0.26254708635381785,444,440
faithful_train,3,2,4,"ac370000, ac370443",2,0.99321599666937299,0.26619138900905892,444,437
faithful_train,3,2,4,"ac370000, ac370443",3,0.99321599666937299,0.26919111859520939,444,428
faithful_train,3,2,4,"ac370000, ac370443",4,0.99321599666937299,0.27219084818135986,444,424
faithful_train,3,2,4,"ac370000, ac370443",5,0.99321599666937299,0.26474714594928805,444,417
faithful_train,3,2,4,"ac370000, ac370443",6,0.99321599666937299,0.27067898821403458,444,415
faithful_train,3,2,4,"ac370000, ac370443",7,0.99321599666937299,0.27369489029604177,444,418
faithful_train,3,2,4,"ac370000, ac370443",8,0.99321599666937299,0.27219084818135986,444,415
faithful_train,3,2,4,"ac370000, ac370443",9,0.99321599666937299,0.26552312049397742,444,422
faithful_train,3,2,5,"ac370000, ac370419, ac370443",0,0.99321599666937299,0.26773100473258393,443,440
faithful_train,3,2,5,"ac370000, ac370419, ac370443",1,0.99321599666937299,0.27219084818135986,443,426
faithful_train,3,2,5,"ac370000, ac370419, ac370443",2,0.99321599666937299,0.25957105221365828,443,424
faithful_train,3,2,5,"ac370000, ac370419, ac370443",3,0.99321599666937299,0.26552312049397742,443,428
faithful_train,3,2,5,"ac370000, ac370419, ac370443",4,0.99321599666937299,0.26036138572880785,443,423
faithful_train,3,2,5,"ac370000, ac370419, ac370443",5,0.99321599666937299,0.26411105752311204,443,421
faithful_train,3,2,5,"ac370000, ac370419, ac370443",6,0.99321599666937299,0.26332966782946832,443,420
faithful_train,3,2,5,"ac370000, ac370419, ac370443",7,0.99321599666937299,0.26552312049397742,443,414
faithful_train,3,2,5,"ac370000, ac370419, ac370443",8,0.99321599666937299,0.26332966782946832,443,417
faithful_train,3,2,5,"ac370000, ac370419, ac370443",9,0.99321599666937299,0.26552312049397742,443,424
faithful_train,3,2,6,"ac370419, ac370443",0,0.99321599666937299,0.26842765062780127,443,400
faithful_train,3,2,6,"ac370419, ac370443",1,0.99321599666937299,0.27143542826669109,443,416
faithful_train,3,2,6,"ac370419, ac370443",2,0.99321599666937299,0.27067898821403458,443,410
faithful_train,3,2,6,"ac370419, ac370443",3,0.99321599666937299,0.26696175782336928,443,420
faithful_train,3,2,6,"ac370419, ac370443",4,0.99321599666937299,0.27219084818135986,443,412
faithful_train,3,2,6,"ac370419, ac370443",5,0.99321599666937299,0.26842765062780127,443,414
faithful_train,3,2,6,"ac370419, ac370443",6,0.99321599666937299,0.27143542826669109,443,421
faithful_train,3,2,6,"ac370419, ac370443",7,0.99321599666937299,0.27444320590558102,443,416
faithful_train,3,2,6,"ac370419, ac370443",8,0.99321599666937299,0.2729456077695831,443,410
faithful_train,3,2,6,"ac370419, ac370443",9,0.99321599666937299,0.27067898821403458,443,412
faithful_train,3,2,7,"ac370000, ac370442",0,0.99321599666937299,0.27143542826669109,440,439
faithful_train,3,2,7,"ac370000, ac370442",1,0.99321599666937299,0.27596971167336914,440,435
faithful_train,3,2,7,"ac370000, ac370442",2,0.99321599666937299,0.26919111859520939,440,432
faithful_train,3,2,7,"ac370000, ac370442",3,0.99321599666937299,0.27143542826669109,440,420
faithful_train,3,2,7,"ac370000, ac370442",4,0.99321599666937299,0.27444320590558102,440,422
faithful_train,3,2,7,"ac370000, ac370442",5,0.99321599666937299,0.27593702868087733,440,414
faithful_train,3,2,7,"ac370000, ac370442",6,0.99321599666937299,0.27752553483528952,440,420
faithful_train,3,2,7,"ac370000, ac370442",7,0.99321599666937299,0.28360702228268886,440,424
faithful_train,3,2,7,"ac370000, ac370442",8,0.99321599666937299,0.26254708635381785,440,417
faithful_train,3,2,7,"ac370000, ac370442",9,0.99321599666937299,0.27826010299818726,440,413
faithful_train,3,2,8,"ac370000, ac370442, ac370443",0,0.99321599666937299,0.27596971167336914,438,436
faithful_train,3,2,8,"ac370000, ac370442, ac370443",1,0.99321599666937299,0.27596971167336914,438,424
faithful_train,3,2,8,"ac370000, ac370442, ac370443",2,0.99321599666937299,0.26842765062780127,438,417
faithful_train,3,2,8,"ac370000, ac370442, ac370443",3,0.99321599666937299,0.26842765062780127,438,420
faithful_train,3,2,8,"ac370000, ac370442, ac370443",4,0.99321599666937299,0.27143542826669109,438,417
faithful_train,3,2,8,"ac370000, ac370442, ac370443",5,0.99321599666937299,0.27219084818135986,438,416
faithful_train,3,2,8,"ac370000, ac370442, ac370443",6,0.99321599666937299,0.27519057776751021,438,411
faithful_train,3,2,8,"ac370000, ac370442, ac370443",7,0.99321599666937299,0.26919111859520939,438,416
faithful_train,3,2,8,"ac370000, ac370442, ac370443",8,0.99321599666937299,0.26619138900905892,438,423
faithful_train,3,2,8,"ac370000, ac370442, ac370443",9,0.99321599666937299,0.26036138572880785,438,411
faithful_train,3,2,9,"ac370442, ac370443",0,0.99321599666937299,0.26397000087086653,438,382
faithful_train,3,2,9,"ac370442, ac370443",1,0.99321599666937299,0.26115045576514762,438,410
faithful_train,3,2,9,"ac370442, ac370443",2,0.99321599666937299,0.26474714594928805,438,416
faithful_train,3,2,9,"ac370442, ac370443",3,0.99321599666937299,0.26036138572880785,438,409
faithful_train,3,2,9,"ac370442, ac370443",4,0.99321599666937299,0.26849915463413709,438,402
faithful_train,3,2,9,"ac370442, ac370443",5,0.99321599666937299,0.26036138572880785,438,407
faithful_train,3,2,9,"ac370442, ac370443",6,0.99321599666937299,0.26254708635381785,438,406
faithful_train,3,2,9,"ac370442, ac370443",7,0.99321599666937299,0.26176328716599229,438,404
faithful_train,3,2,9,"ac370442, ac370443",8,0.99321599666937299,0.26397000087086653,438,402
faithful_train,3,2,9,"ac370442, ac370443",9,0.99321599666937299,0.25957105221365828,438,408
fixed_test,3,3,0,"370407, ac370000",0,0.91713986016215587,0.011569764374668834,115,113
fixed_test,3,3,0,"370407, ac370000",1,0.91713986016215587,0.023021022223093213,115,114
fixed_test,3,3,0,"370407, ac370000",2,0.91713986016215587,0.0072627633162204441,115,114
fixed_test,3,3,0,"370407, ac370000",3,0.91713986016215587,0.01674938470085896,115,115
fixed_test,3,3,0,"370407, ac370000",4,0.91713986016215587,0.0072627633162204441,115,114
fixed_test,3,3,0,"370407, ac370000",5,0.91713986016215587,0.015846507255899867,115,115
fixed_test,3,3,0,"370407, ac370000",6,0.91713986016215587,0.011569764374668834,115,115
fixed_test,3,3,0,"370407, ac370000",7,0.91713986016215587,0.0013754635466953768,115,114
fixed_test,3,3,0,"370407, ac370000",8,0.91713986016215587,0.0081295680216215693,115,112
fixed_test,3,3,0,"370407, ac370000",9,0.91713986016215587,0.01674938470085896,115,112
fixed_test,3,3,1,"ac370000, ac370419",0,0.91713986016215587,0.038073601785552635,110,110
fixed_test,3,3,1,"ac370000, ac370419",1,0.91713986016215587,0.015846507255899867,110,110
fixed_test,3,3,1,"ac370000, ac370419",2,0.91713986016215587,0.02198708026361329,110,110
fixed_test,3,3,1,"ac370000, ac370419",3,0.91713986016215587,0.0072627633162204441,110,110
fixed_test,3,3,1,"ac370000, ac370419",4,0.91713986016215587,0.027285295992035552,110,109
fixed_test,3,3,1,"ac370000, ac370419",5,0.91713986016215587,0.01770743200682845,110,110
fixed_test,3,3,1,"ac370000, ac370419",6,0.91713986016215587,0.02101275479592013,110,108
fixed_test,3,3,1,"ac370000, ac370419",7,0.91713986016215587,0.01674938470085896,110,110
fixed_test,3,3,1,"ac370000, ac370419",8,0.91713986016215587,0.01770743200682845,110,110
fixed_test,3,3,1,"ac370000, ac370419",9,0.91713986016215587,0.011569764374668834,110,109
fixed_test,3,3,2,"370407, ac370000, ac370419",0,0.91713986016215587,0.023021022223093213,108,108
fixed_test,3,3,2,"370407, ac370000, ac370419",1,0.91713986016215587,0.032646582410451153,108,108
fixed_test,3,3,2,"370407, ac370000, ac370419",2,0.91713986016215587,0.033843805890396816,108,108
fixed_test,3,3,2,"370407, ac370000, ac370419",3,0.91713986016215587,0.027285295992035552,108,108
fixed_test,3,3,2,"370407, ac370000, ac370419",4,0.91713986016215587,0.026236006085497254,108,108
fixed_test,3,3,2,"370407, ac370000, ac370419",5,0.91713986016215587,0.028398902455681108,108,108
fixed_test,3,3,2,"370407, ac370000, ac370419",6,0.91713986016215587,0.027285295992035552,108,108
fixed_test,3,3,2,"370407, ac370000, ac370419",7,0.91713986016215587,0.01770743200682845,108,108
fixed_test,3,3,2,"370407, ac370000, ac370419",8,0.91713986016215587,0.023021022223093213,108,108
fixed_test,3,3,2,"370407, ac370000, ac370419",9,0.91713986016215587,0.032646582410451153,108,108
fixed_test,3,3,3,"370407, ac370419",0,0.91713986016215587,0.010734975033866556,108,108
fixed_test,3,3,3,"370407, ac370419",1,0.91713986016215587,-0.0036436288010948115,108,107
fixed_test,3,3,3,"370407, ac370419",2,0.91713986016215587,0.00066735317240751435,108,108
fixed_test,3,3,3,"370407, ac370419",3,0.91713986016215587,0.0013754635466953768,108,107
fixed_test,3,3,3,"370407, ac370419",4,0.91713986016215587,0.0013754635466953768,108,106
fixed_test,3,3,3,"370407, ac370419",5,0.91713986016215587,0.010734975033866556,108,108
fixed_test,3,3,3,"370407, ac370419",6,0.91713986016215587,0.00066735317240751435,108,107
fixed_test,3,3,3,"370407, ac370419",7,0.91713986016215587,0.00066735317240751435,108,108
fixed_test,3,3,3,"370407, ac370419",8,0.91713986016215587,-0.0079840479404755804,108,107
fixed_test,3,3,3,"370407, ac370419",9,0.91713986016215587,0.0013754635466953768,108,108
fixed_test,3,3,4,"ac370000, ac370443",0,0.91713986016215587,0.015846507255899867,104,102
fixed_test,3,3,4,"ac370000, ac370443",1,0.91713986016215587,0.0064458741993527191,104,103
fixed_test,3,3,4,"ac370000, ac370443",2,0.91713986016215587,0.012455514799844303,104,103
fixed_test,3,3,4,"ac370000, ac370443",3,0.91713986016215587,0.011569764374668834,104,103
fixed_test,3,3,4,"ac370000, ac370443",4,0.91713986016215587,0.0064458741993527191,104,102
fixed_test,3,3,4,"ac370000, ac370443",5,0.91713986016215587,0.0072627633162204441,104,104
fixed_test,3,3,4,"ac370000, ac370443",6,0.91713986016215587,-0.0029547588571944283,104,104
fixed_test,3,3,4,"ac370000, ac370443",7,0.91713986016215587,0.0064458741993527191,104,104
fixed_test,3,3,4,"ac370000, ac370443",8,0.91713986016215587,0.0064458741993527191,104,103
fixed_test,3,3,4,"ac370000, ac370443",9,0.91713986016215587,0.015846507255899867,104,103
fixed_test,3,3,5,"ac370000, ac370419, ac370443",0,0.91713986016215587,0.0072627633162204441,104,104
fixed_test,3,3,5,"ac370000, ac370419, ac370443",1,0.91713986016215587,0.02101275479592013,104,104
fixed_test,3,3,5,"ac370000, ac370419, ac370443",2,0.91713986016215587,0.032646582410451153,104,104
fixed_test,3,3,5,"ac370000, ac370419, ac370443",3,0.91713986016215587,0.011569764374668834,104,104
fixed_test,3,3,5,"ac370000, ac370419, ac370443",4,0.91713986016215587,0.0072627633162204441,104,104
fixed_test,3,3,5,"ac370000, ac370419, ac370443",5,0.91713986016215587,0.010734975033866556,104,104
fixed_test,3,3,5,"ac370000, ac370419, ac370443",6,0.91713986016215587,0.012455514799844303,104,104
fixed_test,3,3,5,"ac370000, ac370419, ac370443",7,0.91713986016215587,0.012455514799844303,104,104
fixed_test,3,3,5,"ac370000, ac370419, ac370443",8,0.91713986016215587,0.012455514799844303,104,104
fixed_test,3,3,5,"ac370000, ac370419, ac370443",9,0.91713986016215587,0.028398902455681108,104,103
fixed_test,3,3,6,"ac370419, ac370443",0,0.91713986016215587,0.0021267739534174268,104,104
fixed_test,3,3,6,"ac370419, ac370443",1,0.91713986016215587,-0.0036436288010948115,104,103
fixed_test,3,3,6,"ac370419, ac370443",2,0.91713986016215587,-0.0042928771296384394,104,104
fixed_test,3,3,6,"ac370419, ac370443",3,0.91713986016215587,0.004950330247797563,104,104
fixed_test,3,3,6,"ac370419, ac370443",4,0.91713986016215587,0.0056759607326404282,104,103
fixed_test,3,3,6,"ac370419, ac370443",5,0.91713986016215587,-0.0036436288010948115,104,104
fixed_test,3,3,6,"ac370419, ac370443",6,0.91713986016215587,0.0013754635466953768,104,103
fixed_test,3,3,6,"ac370419, ac370443",7,0.91713986016215587,0.0056759607326404282,104,104
fixed_test,3,3,6,"ac370419, ac370443",8,0.91713986016215587,0.004950330247797563,104,104
fixed_test,3,3,6,"ac370419, ac370443",9,0.91713986016215587,-0.0042928771296384394,104,104
fixed_test,3,3,7,"ac370000, ac370442",0,0.91713986016215587,0.0072627633162204441,104,104
fixed_test,3,3,7,"ac370000, ac370442",1,0.91713986016215587,-0.0036436288010948115,104,104
fixed_test,3,3,7,"ac370000, ac370442",2,0.91713986016215587,0.012455514799844303,104,104
fixed_test,3,3,7,"ac370000, ac370442",3,0.91713986016215587,0.0021267739534174268,104,104
fixed_test,3,3,7,"ac370000, ac370442",4,0.91713986016215587,0.020094486521037513,104,104
fixed_test,3,3,7,"ac370000, ac370442",5,0.91713986016215587,0.0072627633162204441,104,104
fixed_test,3,3,7,"ac370000, ac370442",6,0.91713986016215587,-0.0079840479404755804,104,104
fixed_test,3,3,7,"ac370000, ac370442",7,0.91713986016215587,0.0021267739534174268,104,103
fixed_test,3,3,7,"ac370000, ac370442",8,0.91713986016215587,0.00066735317240751435,104,103
fixed_test,3,3,7,"ac370000, ac370442",9,0.91713986016215587,0.0072627633162204441,104,102
fixed_test,3,3,8,"ac370000, ac370442, ac370443",0,0.91713986016215587,0.0072627633162204441,103,103
fixed_test,3,3,8,"ac370000, ac370442, ac370443",1,0.91713986016215587,0.012455514799844303,103,103
fixed_test,3,3,8,"ac370000, ac370442, ac370443",2,0.91713986016215587,0.0072627633162204441,103,103
fixed_test,3,3,8,"ac370000, ac370442, ac370443",3,0.91713986016215587,0.032646582410451153,103,103
fixed_test,3,3,8,"ac370000, ac370442, ac370443",4,0.91713986016215587,-0.0029547588571944283,103,103
fixed_test,3,3,8,"ac370000, ac370442, ac370443",5,0.91713986016215587,0.0013754635466953768,103,102
fixed_test,3,3,8,"ac370000, ac370442, ac370443",6,0.91713986016215587,0.0064458741993527191,103,103
fixed_test,3,3,8,"ac370000, ac370442, ac370443",7,0.91713986016215587,0.0021267739534174268,103,103
fixed_test,3,3,8,"ac370000, ac370442, ac370443",8,0.91713986016215587,-0.0036436288010948115,103,103
fixed_test,3,3,8,"ac370000, ac370442, ac370443",9,0.91713986016215587,0.01674938470085896,103,103
fixed_test,3,3,9,"ac370442, ac370443",0,0.91713986016215587,-0.0042928771296384394,103,103
fixed_test,3,3,9,"ac370442, ac370443",1,0.91713986016215587,-0.0036436288010948115,103,103
fixed_test,3,3,9,"ac370442, ac370443",2,0.91713986016215587,0.0013754635466953768,103,103
fixed_test,3,3,9,"ac370442, ac370443",3,0.91713986016215587,0.004950330247797563,103,103
fixed_test,3,3,9,"ac370442, ac370443",4,0.91713986016215587,-0.0036436288010948115,103,103
fixed_test,3,3,9,"ac370442, ac370443",5,0.91713986016215587,0.00066735317240751435,103,102
fixed_test,3,3,9,"ac370442, ac370443",6,0.91713986016215587,-0.0086134793842871371,103,103
fixed_test,3,3,9,"ac370442, ac370443",7,0.91713986016215587,-0.0036436288010948115,103,102
fixed_test,3,3,9,"ac370442, ac370443",8,0.91713986016215587,-0.0042928771296384394,103,102
fixed_test,3,3,9,"ac370442, ac370443",9,0.91713986016215587,-0.0042928771296384394,103,103
fixed_train,3,3,0,"370407, ac370000",0,0.99548519207884645,0.044690654643398831,471,468
fixed_train,3,3,0,"370407, ac370000",1,0.99548519207884645,0.047033771908377653,471,470
fixed_train,3,3,0,"370407, ac370000",2,0.99548519207884645,0.043361625913783119,471,470
fixed_train,3,3,0,"370407, ac370000",3,0.99548519207884645,0.049258670585997977,471,469
fixed_train,3,3,0,"370407, ac370000",4,0.99548519207884645,0.044371581280196359,471,467
fixed_train,3,3,0,"370407, ac370000",5,0.99548519207884645,0.053214679479185123,471,468
fixed_train,3,3,0,"370407, ac370000",6,0.99548519207884645,0.060432476774445743,471,466
fixed_train,3,3,0,"370407, ac370000",7,0.99548519207884645,0.051720006438334964,471,470
fixed_train,3,3,0,"370407, ac370000",8,0.99548519207884645,0.051972280129010451,471,467
fixed_train,3,3,0,"370407, ac370000",9,0.99548519207884645,0.046920693259600132,471,470
fixed_train,3,3,1,"ac370000, ac370419",0,0.99548519207884645,0.051475105046406067,460,457
fixed_train,3,3,1,"ac370000, ac370419",1,0.99548519207884645,0.04092816599345428,460,454
fixed_train,3,3,1,"ac370000, ac370419",2,0.99548519207884645,0.042861321553884446,460,459
fixed_train,3,3,1,"ac370000, ac370419",3,0.99548519207884645,0.028995137317287978,460,456
fixed_train,3,3,1,"ac370000, ac370419",4,0.99548519207884645,0.0434662163374121,460,455
fixed_train,3,3,1,"ac370000, ac370419",5,0.99548519207884645,0.0434662163374121,460,460
fixed_train,3,3,1,"ac370000, ac370419",6,0.99548519207884645,0.039810539844830961,460,457
fixed_train,3,3,1,"ac370000, ac370419",7,0.99548519207884645,0.043258574912152126,460,459
fixed_train,3,3,1,"ac370000, ac370419",8,0.99548519207884645,0.0518452078876811,460,459
fixed_train,3,3,1,"ac370000, ac370419",9,0.99548519207884645,0.039810539844830961,460,459
fixed_train,3,3,2,"370407, ac370000, ac370419",0,0.99548519207884645,0.060136908689362278,450,450
fixed_train,3,3,2,"370407, ac370000, ac370419",1,0.99548519207884645,0.063109743318525258,450,450
fixed_train,3,3,2,"370407, ac370000, ac370419",2,0.99548519207884645,0.056961064879046286,450,450
fixed_train,3,3,2,"370407, ac370000, ac370419",3,0.99548519207884645,0.050487829643543702,450,449
fixed_train,3,3,2,"370407, ac370000, ac370419",4,0.99548519207884645,0.054063123703313565,450,449
fixed_train,3,3,2,"370407, ac370000, ac370419",5,0.99548519207884645,0.059474986921304485,450,450
fixed_train,3,3,2,"370407, ac370000, ac370419",6,0.99548519207884645,0.049496873895646387,450,448
fixed_train,3,3,2,"370407, ac370000, ac370419",7,0.99548519207884645,0.057104994519732055,450,450
fixed_train,3,3,2,"370407, ac370000, ac370419",8,0.99548519207884645,0.056961064879046286,450,449
fixed_train,3,3,2,"370407, ac370000, ac370419",9,0.99548519207884645,0.052955233049154504,450,450
fixed_train,3,3,3,"370407, ac370419",0,0.99548519207884645,0.017143017845549613,450,448
fixed_train,3,3,3,"370407, ac370419",1,0.99548519207884645,0.020539459606000565,450,448
fixed_train,3,3,3,"370407, ac370419",2,0.99548519207884645,0.019422788978886607,450,447
fixed_train,3,3,3,"370407, ac370419",3,0.99548519207884645,0.020586063646216957,450,446
fixed_train,3,3,3,"370407, ac370419",4,0.99548519207884645,0.01364019279757811,450,447
fixed_train,3,3,3,"370407, ac370419",5,0.99548519207884645,0.018304166231001284,450,449
fixed_train,3,3,3,"370407, ac370419",6,0.99548519207884645,0.017143017845549613,450,448
fixed_train,3,3,3,"370407, ac370419",7,0.99548519207884645,0.020586063646216957,450,448
fixed_train,3,3,3,"370407, ac370419",8,0.99548519207884645,0.025205764929881802,450,449
fixed_train,3,3,3,"370407, ac370419",9,0.99548519207884645,0.019335136394119656,450,448
fixed_train,3,3,4,"ac370000, ac370443",0,0.99548519207884645,0.028860779801021308,453,451
fixed_train,3,3,4,"ac370000, ac370443",1,0.99548519207884645,0.032499440835771942,453,451
fixed_train,3,3,4,"ac370000, ac370443",2,0.99548519207884645,0.024200616391848118,453,450
fixed_train,3,3,4,"ac370000, ac370443",3,0.99548519207884645,0.031023129338990096,453,450
fixed_train,3,3,4,"ac370000, ac370443",4,0.99548519207884645,0.032277046211688476,453,453
fixed_train,3,3,4,"ac370000, ac370443",5,0.99548519207884645,0.033540186011285833,453,449
fixed_train,3,3,4,"ac370000, ac370443",6,0.99548519207884645,0.028927459474020423,453,451
fixed_train,3,3,4,"ac370000, ac370443",7,0.99548519207884645,0.036011131558343679,453,452
fixed_train,3,3,4,"ac370000, ac370443",8,0.99548519207884645,0.027615104411233493,453,451
fixed_train,3,3,4,"ac370000, ac370443",9,0.99548519207884645,0.024200616391848118,453,448
fixed_train,3,3,5,"ac370000, ac370419, ac370443",0,0.99548519207884645,0.032424205218552049,451,451
fixed_train,3,3,5,"ac370000, ac370419, ac370443",1,0.99548519207884645,0.035928229435586156,451,451
fixed_train,3,3,5,"ac370000, ac370419, ac370443",2,0.99548519207884645,0.042958435469114598,451,450
fixed_train,3,3,5,"ac370000, ac370419, ac370443",3,0.99548519207884645,0.034893964807620192,451,451
fixed_train,3,3,5,"ac370000, ac370419, ac370443",4,0.99548519207884645,0.034976311144124805,451,451
fixed_train,3,3,5,"ac370000, ac370419, ac370443",5,0.99548519207884645,0.040831584759994044,451,451
fixed_train,3,3,5,"ac370000, ac370419, ac370443",6,0.99548519207884645,0.032575801705927554,451,451
fixed_train,3,3,5,"ac370000, ac370419, ac370443",7,0.99548519207884645,0.04092816599345428,451,451
fixed_train,3,3,5,"ac370000, ac370419, ac370443",8,0.99548519207884645,0.036180672690132698,451,451
fixed_train,3,3,5,"ac370000, ac370419, ac370443",9,0.99548519207884645,0.034976311144124805,451,451
fixed_train,3,3,6,"ac370419, ac370443",0,0.99548519207884645,0.010249443321634577,451,450
fixed_train,3,3,6,"ac370419, ac370443",1,0.99548519207884645,0.019422788978886607,451,451
fixed_train,3,3,6,"ac370419, ac370443",2,0.99548519207884645,0.012551936785731188,451,451
fixed_train,3,3,6,"ac370419, ac370443",3,0.99548519207884645,0.010249443321634577,451,450
fixed_train,3,3,6,"ac370419, ac370443",4,0.99548519207884645,0.015984138237427281,451,448
fixed_train,3,3,6,"ac370419, ac370443",5,0.99548519207884645,0.01258347557887507,451,450
fixed_train,3,3,6,"ac370419, ac370443",6,0.99548519207884645,0.015984138237427281,451,447
fixed_train,3,3,6,"ac370419, ac370443",7,0.99548519207884645,0.014792289857877172,451,449
fixed_train,3,3,6,"ac370419, ac370443",8,0.99548519207884645,0.014792289857877172,451,451
fixed_train,3,3,6,"ac370419, ac370443",9,0.99548519207884645,0.014827502746649124,451,449
fixed_train,3,3,7,"ac370000, ac370442",0,0.99548519207884645,0.031233822742652961,447,442
fixed_train,3,3,7,"ac370000, ac370442",1,0.99548519207884645,0.027615104411233493,447,441
fixed_train,3,3,7,"ac370000, ac370442",2,0.99548519207884645,0.030115516897320505,447,443
fixed_train,3,3,7,"ac370000, ac370442",3,0.99548519207884645,0.030046023461981264,447,443
fixed_train,3,3,7,"ac370000, ac370442",4,0.99548519207884645,0.038239260141685438,447,444
fixed_train,3,3,7,"ac370000, ac370442",5,0.99548519207884645,0.031306168023387371,447,442
fixed_train,3,3,7,"ac370000, ac370442",6,0.99548519207884645,0.025320110673205831,447,441
fixed_train,3,3,7,"ac370000, ac370442",7,0.99548519207884645,0.029977555328385974,447,441
fixed_train,3,3,7,"ac370000, ac370442",8,0.99548519207884645,0.030046023461981264,447,443
fixed_train,3,3,7,"ac370000, ac370442",9,0.99548519207884645,0.028860779801021308,447,446
fixed_train,3,3,8,"ac370000, ac370442, ac370443",0,0.99548519207884645,0.037126221930387615,446,446
fixed_train,3,3,8,"ac370000, ac370442, ac370443",1,0.99548519207884645,0.027741968036438913,446,446
fixed_train,3,3,8,"ac370000, ac370442, ac370443",2,0.99548519207884645,0.032277046211688476,446,446
fixed_train,3,3,8,"ac370000, ac370442, ac370443",3,0.99548519207884645,0.028860779801021308,446,446
fixed_train,3,3,8,"ac370000, ac370442, ac370443",4,0.99548519207884645,0.026559015130526498,446,446
fixed_train,3,3,8,"ac370000, ac370442, ac370443",5,0.99548519207884645,0.031306168023387371,446,445
fixed_train,3,3,8,"ac370000, ac370442, ac370443",6,0.99548519207884645,0.030046023461981264,446,446
fixed_train,3,3,8,"ac370000, ac370442, ac370443",7,0.99548519207884645,0.025437912610896674,446,445
fixed_train,3,3,8,"ac370000, ac370442, ac370443",8,0.99548519207884645,0.034893964807620192,446,446
fixed_train,3,3,8,"ac370000, ac370442, ac370443",9,0.99548519207884645,0.039715734689591664,446,446
fixed_train,3,3,9,"ac370442, ac370443",0,0.99548519207884645,0.0068320675280538756,446,444
fixed_train,3,3,9,"ac370442, ac370443",1,0.99548519207884645,0.014863246712212397,446,444
fixed_train,3,3,9,"ac370442, ac370443",2,0.99548519207884645,0.0068320675280538756,446,444
fixed_train,3,3,9,"ac370442, ac370443",3,0.99548519207884645,0.014863246712212397,446,442
fixed_train,3,3,9,"ac370442, ac370443",4,0.99548519207884645,0.0068320675280538756,446,442
fixed_train,3,3,9,"ac370442, ac370443",5,0.99548519207884645,0.012520866589755819,446,443
fixed_train,3,3,9,"ac370442, ac370443",6,0.99548519207884645,0.010276370824813252,446,445
fixed_train,3,3,9,"ac370442, ac370443",7,0.99548519207884645,0.007978020053513446,446,445
fixed_train,3,3,9,"ac370442, ac370443",8,0.99548519207884645,0.0091261132219472296,446,445
fixed_train,3,3,9,"ac370442, ac370443",9,0.99548519207884645,0.012551936785731188,446,444
faithful_train,3,3,0,"370407, ac370000",0,0.99548519207884645,0.058070757330969336,471,470
faithful_train,3,3,0,"370407, ac370000",1,0.99548519207884645,0.17850672124447897,471,463
faithful_train,3,3,0,"370407, ac370000",2,0.99548519207884645,0.19662094043270906,471,461
faithful_train,3,3,0,"370407, ac370000",3,0.99548519207884645,0.24647672140857768,471,463
faithful_train,3,3,0,"370407, ac370000",4,0.99548519207884645,0.24980749044082806,471,458
faithful_train,3,3,0,"370407, ac370000",5,0.99548519207884645,0.26559886323894177,471,458
faithful_train,3,3,0,"370407, ac370000",6,0.99548519207884645,0.26623919628033998,471,449
faithful_train,3,3,0,"370407, ac370000",7,0.99548519207884645,0.26125449192476924,471,447
faithful_train,3,3,0,"370407, ac370000",8,0.99548519207884645,0.25966229903762095,471,442
faithful_train,3,3,0,"370407, ac370000",9,0.99548519207884645,0.26204865343677597,471,429
faithful_train,3,3,1,"ac370000, ac370419",0,0.99548519207884645,0.26403248257546574,460,458
faithful_train,3,3,1,"ac370000, ac370419",1,0.99548519207884645,0.26638025293258549,460,454
faithful_train,3,3,1,"ac370000, ac370419",2,0.99548519207884645,0.26341965117462107,460,443
faithful_train,3,3,1,"ac370000, ac370419",3,0.99548519207884645,0.25830149970425886,460,442
faithful_train,3,3,1,"ac370000, ac370419",4,0.99548519207884645,0.26481628176329131,460,440
faithful_train,3,3,1,"ac370000, ac370419",5,0.99548519207884645,0.26923095323284274,460,435
faithful_train,3,3,1,"ac370000, ac370419",6,0.99548519207884645,0.26846058441853238,460,438
faithful_train,3,3,1,"ac370000, ac370419",7,0.99548519207884645,0.26846058441853238,460,437
faithful_train,3,3,1,"ac370000, ac370419",8,0.99548519207884645,0.25910320082508609,460,431
faithful_train,3,3,1,"ac370000, ac370419",9,0.99548519207884645,0.27521480317905656,460,428
faithful_train,3,3,2,"370407, ac370000, ac370419",0,0.99548519207884645,0.2553485074837486,450,446
faithful_train,3,3,2,"370407, ac370000, ac370419",1,0.99548519207884645,0.25749844765869256,450,436
faithful_train,3,3,2,"370407, ac370000, ac370419",2,0.99548519207884645,0.24980749044082806,450,436
faithful_train,3,3,2,"370407, ac370000, ac370419",3,0.99548519207884645,0.25696559626759463,450,434
faithful_train,3,3,2,"370407, ac370000, ac370419",4,0.99548519207884645,0.25910320082508609,450,432
faithful_train,3,3,2,"370407, ac370000, ac370419",5,0.99548519207884645,0.24273096711230524,450,424
faithful_train,3,3,2,"370407, ac370000, ac370419",6,0.99548519207884645,0.25966229903762095,450,420
faithful_train,3,3,2,"370407, ac370000, ac370419",7,0.99548519207884645,0.23862846025419382,450,429
faithful_train,3,3,2,"370407, ac370000, ac370419",8,0.99548519207884645,0.25830149970425886,450,422
faithful_train,3,3,2,"370407, ac370000, ac370419",9,0.99548519207884645,0.24273096711230524,450,421
faithful_train,3,3,3,"370407, ac370419",0,0.99548519207884645,0.25108963212852164,450,401
faithful_train,3,3,3,"370407, ac370419",1,0.99548519207884645,0.24980749044082806,450,419
faithful_train,3,3,3,"370407, ac370419",2,0.99548519207884645,0.25402761419805819,450,415
faithful_train,3,3,3,"370407, ac370419",3,0.99548519207884645,0.25191091989073855,450,423
faithful_train,3,3,3,"370407, ac370419",4,0.99548519207884645,0.2448011774178126,450,426
faithful_train,3,3,3,"370407, ac370419",5,0.99548519207884645,0.24688424563206957,450,428
faithful_train,3,3,3,"370407, ac370419",6,0.99548519207884645,0.25615774821339632,450,418
faithful_train,3,3,3,"370407, ac370419",7,0.99548519207884645,0.24980749044082806,450,423
faithful_train,3,3,3,"370407, ac370419",8,0.99548519207884645,0.25191091989073855,450,424
faithful_train,3,3,3,"370407, ac370419",9,0.99548519207884645,0.2448011774178126,450,421
faithful_train,3,3,4,"ac370000, ac370443",0,0.99548519207884645,0.26846058441853238,453,452
faithful_train,3,3,4,"ac370000, ac370443",1,0.99548519207884645,0.26623919628033998,453,449
faithful_train,3,3,4,"ac370000, ac370443",2,0.99548519207884645,0.26403248257546574,453,445
faithful_train,3,3,4,"ac370000, ac370443",3,0.99548519207884645,0.2553485074837486,453,430
faithful_train,3,3,4,"ac370000, ac370443",4,0.99548519207884645,0.25966229903762095,453,430
faithful_train,3,3,4,"ac370000, ac370443",5,0.99548519207884645,0.26623919628033998,453,433
faithful_train,3,3,4,"ac370000, ac370443",6,0.99548519207884645,0.26481628176329131,453,432
faithful_train,3,3,4,"ac370000, ac370443",7,0.99548519207884645,0.25966229903762095,453,424
faithful_train,3,3,4,"ac370000, ac370443",8,0.99548519207884645,0.25966229903762095,453,424
faithful_train,3,3,4,"ac370000, ac370443",9,0.99548519207884645,0.26623919628033998,453,427
faithful_train,3,3,5,"ac370000, ac370419, ac370443",0,0.99548519207884645,0.25749844765869256,451,450
faithful_train,3,3,5,"ac370000, ac370419, ac370443",1,0.99548519207884645,0.25966229903762095,451,438
faithful_train,3,3,5,"ac370000, ac370419, ac370443",2,0.99548519207884645,0.26403248257546574,451,436
faithful_train,3,3,5,"ac370000, ac370419, ac370443",3,0.99548519207884645,0.25321229560170655,451,432
faithful_train,3,3,5,"ac370000, ac370419, ac370443",4,0.99548519207884645,0.25321229560170655,451,431
faithful_train,3,3,5,"ac370000, ac370419, ac370443",5,0.99548519207884645,0.25749844765869256,451,418
faithful_train,3,3,5,"ac370000, ac370419, ac370443",6,0.99548519207884645,0.26184024762313174,451,434
faithful_train,3,3,5,"ac370000, ac370419, ac370443",7,0.99548519207884645,0.25108963212852164,451,433
faithful_train,3,3,5,"ac370000, ac370419, ac370443",8,0.99548519207884645,0.25191091989073855,451,427
faithful_train,3,3,5,"ac370000, ac370419, ac370443",9,0.99548519207884645,0.25749844765869256,451,425
faithful_train,3,3,6,"ac370419, ac370443",0,0.99548519207884645,0.25966229903762095,451,412
faithful_train,3,3,6,"ac370419, ac370443",1,0.99548519207884645,0.25749844765869256,451,421
faithful_train,3,3,6,"ac370419, ac370443",2,0.99548519207884645,0.2553485074837486,451,429
faithful_train,3,3,6,"ac370419, ac370443",3,0.99548519207884645,0.26184024762313174,451,426
faithful_train,3,3,6,"ac370419, ac370443",4,0.99548519207884645,0.25749844765869256,451,420
faithful_train,3,3,6,"ac370419, ac370443",5,0.99548519207884645,0.25749844765869256,451,425
faithful_train,3,3,6,"ac370419, ac370443",6,0.99548519207884645,0.25966229903762095,451,428
faithful_train,3,3,6,"ac370419, ac370443",7,0.99548519207884645,0.26184024762313174,451,425
faithful_train,3,3,6,"ac370419, ac370443",8,0.99548519207884645,0.2553485074837486,451,417
faithful_train,3,3,6,"ac370419, ac370443",9,0.99548519207884645,0.25749844765869256,451,413
faithful_train,3,3,7,"ac370000, ac370442",0,0.99548519207884645,0.25830149970425886,447,447
faithful_train,3,3,7,"ac370000, ac370442",1,0.99548519207884645,0.25910320082508609,447,443
faithful_train,3,3,7,"ac370000, ac370442",2,0.99548519207884645,0.24771715385452564,447,439
faithful_train,3,3,7,"ac370000, ac370442",3,0.99548519207884645,0.2553485074837486,447,433
faithful_train,3,3,7,"ac370000, ac370442",4,0.99548519207884645,0.25749844765869256,447,432
faithful_train,3,3,7,"ac370000, ac370442",5,0.99548519207884645,0.26481628176329131,447,431
faithful_train,3,3,7,"ac370000, ac370442",6,0.99548519207884645,0.26184024762313174,447,420
faithful_train,3,3,7,"ac370000, ac370442",7,0.99548519207884645,0.26184024762313174,447,413
faithful_train,3,3,7,"ac370000, ac370442",8,0.99548519207884645,0.24980749044082806,447,420
faithful_train,3,3,7,"ac370000, ac370442",9,0.99548519207884645,0.26045904941665676,447,418
faithful_train,3,3,8,"ac370000, ac370442, ac370443",0,0.99548519207884645,0.26923095323284274,446,443
faithful_train,3,3,8,"ac370000, ac370442, ac370443",1,0.99548519207884645,0.25966229903762095,446,430
faithful_train,3,3,8,"ac370000, ac370442, ac370443",2,0.99548519207884645,0.26403248257546574,446,427
faithful_train,3,3,8,"ac370000, ac370442, ac370443",3,0.99548519207884645,0.24273096711230524,446,430
faithful_train,3,3,8,"ac370000, ac370442, ac370443",4,0.99548519207884645,0.25749844765869256,446,424
faithful_train,3,3,8,"ac370000, ac370442, ac370443",5,0.99548519207884645,0.25321229560170655,446,420
faithful_train,3,3,8,"ac370000, ac370442, ac370443",6,0.99548519207884645,0.2553485074837486,446,424
faithful_train,3,3,8,"ac370000, ac370442, ac370443",7,0.99548519207884645,0.2448011774178126,446,432
faithful_train,3,3,8,"ac370000, ac370442, ac370443",8,0.99548519207884645,0.25830149970425886,446,422
faithful_train,3,3,8,"ac370000, ac370442, ac370443",9,0.99548519207884645,0.24067344905413302,446,424
faithful_train,3,3,9,"ac370442, ac370443",0,0.99548519207884645,0.24688424563206957,446,405
faithful_train,3,3,9,"ac370442, ac370443",1,0.99548519207884645,0.24688424563206957,446,421
faithful_train,3,3,9,"ac370442, ac370443",2,0.99548519207884645,0.2448011774178126,446,410
faithful_train,3,3,9,"ac370442, ac370443",3,0.99548519207884645,0.24688424563206957,446,413
faithful_train,3,3,9,"ac370442, ac370443",4,0.99548519207884645,0.24898034014431691,446,403
faithful_train,3,3,9,"ac370442, ac370443",5,0.99548519207884645,0.24898034014431691,446,396
faithful_train,3,3,9,"ac370442, ac370443",6,0.99548519207884645,0.24563974093622831,446,407
faithful_train,3,3,9,"ac370442, ac370443",7,0.99548519207884645,0.25191091989073855,446,417
faithful_train,3,3,9,"ac370442, ac370443",8,0.99548519207884645,0.24273096711230524,446,423
faithful_train,3,3,9,"ac370442, ac370443",9,0.99548519207884645,0.2448011774178126,446,416
fixed_test,3,4,0,"370407, ac370000",0,0.93220350721133682,-0.012975625409656244,131,131
fixed_test,3,4,0,"370407, ac370000",1,0.93220350721133682,0.0058569648449761091,131,130
fixed_test,3,4,0,"370407, ac370000",2,0.93220350721133682,-0.0086243396581345833,131,131
fixed_test,3,4,0,"370407, ac370000",3,0.93220350721133682,0.0064501676648938133,131,131
fixed_test,3,4,0,"370407, ac370000",4,0.93220350721133682,0.014434808279847111,131,131
fixed_test,3,4,0,"370407, ac370000",5,0.93220350721133682,0.022913412162727798,131,129
fixed_test,3,4,0,"370407, ac370000",6,0.93220350721133682,0.0015275625421065087,131,130
fixed_test,3,4,0,"370407, ac370000",7,0.93220350721133682,0.00098770643031864669,131,131
fixed_test,3,4,0,"370407, ac370000",8,0.93220350721133682,0.014434808279847111,131,127
fixed_test,3,4,0,"370407, ac370000",9,0.93220350721133682,0.01868588486364775,131,130
fixed_test,3,4,1,"ac370000, ac370419",0,0.93220350721133682,0.0064501676648938133,131,129
fixed_test,3,4,1,"ac370000, ac370419",1,0.93220350721133682,-0.0033497173592288432,131,129
fixed_test,3,4,1,"ac370000, ac370419",2,0.93220350721133682,-0.0028306648918007271,131,129
fixed_test,3,4,1,"ac370000, ac370419",3,0.93220350721133682,-0.0033497173592288432,131,131
fixed_test,3,4,1,"ac370000, ac370419",4,0.93220350721133682,0.015731000221588465,131,130
fixed_test,3,4,1,"ac370000, ac370419",5,0.93220350721133682,0.01506364704918095,131,130
fixed_test,3,4,1,"ac370000, ac370419",6,0.93220350721133682,0.00098770643031864669,131,131
fixed_test,3,4,1,"ac370000, ac370419",7,0.93220350721133682,-0.0028306648918007271,131,131
fixed_test,3,4,1,"ac370000, ac370419",8,0.93220350721133682,0.010770769919542511,131,131
fixed_test,3,4,1,"ac370000, ac370419",9,0.93220350721133682,0.010770769919542511,131,131
fixed_test,3,4,2,"370407, ac370000, ac370419",0,0.93220350721133682,0.014434808279847111,126,126
fixed_test,3,4,2,"370407, ac370000, ac370419",1,0.93220350721133682,0.01868588486364775,126,126
fixed_test,3,4,2,"370407, ac370000, ac370419",2,0.93220350721133682,0.023571619509681674,126,125
fixed_test,3,4,2,"370407, ac370000, ac370419",3,0.93220350721133682,-0.0038388141798217923,126,126
fixed_test,3,4,2,"370407, ac370000, ac370419",4,0.93220350721133682,0.0052979970500126594,126,125
fixed_test,3,4,2,"370407, ac370000, ac370419",5,0.93220350721133682,0.0064501676648938133,126,126
fixed_test,3,4,2,"370407, ac370000, ac370419",6,0.93220350721133682,-0.0033497173592288432,126,125
fixed_test,3,4,2,"370407, ac370000, ac370419",7,0.93220350721133682,0.0052979970500126594,126,126
fixed_test,3,4,2,"370407, ac370000, ac370419",8,0.93220350721133682,0.0015275625421065087,126,126
fixed_test,3,4,2,"370407, ac370000, ac370419",9,0.93220350721133682,0.01506364704918095,126,125
fixed_test,3,4,3,"370407, ac370419",0,0.93220350721133682,0.0052979970500126594,126,125
fixed_test,3,4,3,"370407, ac370419",1,0.93220350721133682,0.0095824766897203428,126,125
fixed_test,3,4,3,"370407, ac370419",2,0.93220350721133682,-0.0038388141798217923,126,125
fixed_test,3,4,3,"370407, ac370419",3,0.93220350721133682,0.0004790685157929353,126,125
fixed_test,3,4,3,"370407, ac370419",4,0.93220350721133682,0.010158932992849534,126,126
fixed_test,3,4,3,"370407, ac370419",5,0.93220350721133682,0.0090395323718217568,126,126
fixed_test,3,4,3,"370407, ac370419",6,0.93220350721133682,0.0095824766897203428,126,124
fixed_test,3,4,3,"370407, ac370419",7,0.93220350721133682,0.0058569648449761091,126,126
fixed_test,3,4,3,"370407, ac370419",8,0.93220350721133682,0.0090395323718217568,126,124
fixed_test,3,4,3,"370407, ac370419",9,0.93220350721133682,0.0052979970500126594,126,125
fixed_test,3,4,4,"ac370000, ac370443",0,0.93220350721133682,-0.0047334297256000912,129,128
fixed_test,3,4,4,"ac370000, ac370443",1,0.93220350721133682,0.022913412162727798,129,129
fixed_test,3,4,4,"ac370000, ac370443",2,0.93220350721133682,0.014434808279847111,129,129
fixed_test,3,4,4,"ac370000, ac370443",3,0.93220350721133682,0.013842421667588756,129,128
fixed_test,3,4,4,"ac370000, ac370443",4,0.93220350721133682,0.0058569648449761091,129,129
fixed_test,3,4,4,"ac370000, ac370443",5,0.93220350721133682,0.01868588486364775,129,129
fixed_test,3,4,4,"ac370000, ac370443",6,0.93220350721133682,0.010770769919542511,129,127
fixed_test,3,4,4,"ac370000, ac370443",7,0.93220350721133682,0.023571619509681674,129,129
fixed_test,3,4,4,"ac370000, ac370443",8,0.93220350721133682,0.013842421667588756,129,129
fixed_test,3,4,4,"ac370000, ac370443",9,0.93220350721133682,0.023571619509681674,129,129
fixed_test,3,4,5,"ac370000, ac370419, ac370443",0,0.93220350721133682,0.01868588486364775,129,129
fixed_test,3,4,5,"ac370000, ac370419, ac370443",1,0.93220350721133682,0.01506364704918095,129,129
fixed_test,3,4,5,"ac370000, ac370419, ac370443",2,0.93220350721133682,-0.0042995593226895501,129,129
fixed_test,3,4,5,"ac370000, ac370419, ac370443",3,0.93220350721133682,0.00098770643031864669,129,129
fixed_test,3,4,5,"ac370000, ac370419, ac370443",4,0.93220350721133682,0.0047714311724496028,129,128
fixed_test,3,4,5,"ac370000, ac370419, ac370443",5,0.93220350721133682,0.01506364704918095,129,129
fixed_test,3,4,5,"ac370000, ac370419, ac370443",6,0.93220350721133682,0.01868588486364775,129,129
fixed_test,3,4,5,"ac370000, ac370419, ac370443",7,0.93220350721133682,0.0015275625421065087,129,129
fixed_test,3,4,5,"ac370000, ac370419, ac370443",8,0.93220350721133682,0.010158932992849534,129,129
fixed_test,3,4,5,"ac370000, ac370419, ac370443",9,0.93220350721133682,0.0052979970500126594,129,129
fixed_test,3,4,6,"ac370419, ac370443",0,0.93220350721133682,-0.0086243396581345833,129,129
fixed_test,3,4,6,"ac370419, ac370443",1,0.93220350721133682,-0.0042995593226895501,129,128
fixed_test,3,4,6,"ac370419, ac370443",2,0.93220350721133682,-0.0042995593226895501,129,126
fixed_test,3,4,6,"ac370419, ac370443",3,0.93220350721133682,-0.0042995593226895501,129,128
fixed_test,3,4,6,"ac370419, ac370443",4,0.93220350721133682,-0.013370549817828592,129,129
fixed_test,3,4,6,"ac370419, ac370443",5,0.93220350721133682,-0.0086243396581345833,129,129
fixed_test,3,4,6,"ac370419, ac370443",6,0.93220350721133682,-0.013742438734609119,129,129
fixed_test,3,4,6,"ac370419, ac370443",7,0.93220350721133682,-0.0042995593226895501,129,128
fixed_test,3,4,6,"ac370419, ac370443",8,0.93220350721133682,-0.0090395323718218679,129,129
fixed_test,3,4,6,"ac370419, ac370443",9,0.93220350721133682,-0.0086243396581345833,129,126
fixed_test,3,4,7,"ac370000, ac370442",0,0.93220350721133682,0.01868588486364775,129,129
fixed_test,3,4,7,"ac370000, ac370442",1,0.93220350721133682,0.0052979970500126594,129,127
fixed_test,3,4,7,"ac370000, ac370442",2,0.93220350721133682,-0.0081835201322122408,129,129
fixed_test,3,4,7,"ac370000, ac370442",3,0.93220350721133682,0.018079064743643514,129,128
fixed_test,3,4,7,"ac370000, ac370442",4,0.93220350721133682,0.0052979970500126594,129,126
fixed_test,3,4,7,"ac370000, ac370442",5,0.93220350721133682,-0.0033497173592288432,129,128
fixed_test,3,4,7,"ac370000, ac370442",6,0.93220350721133682,0.013842421667588756,129,129
fixed_test,3,4,7,"ac370000, ac370442",7,0.93220350721133682,0.0085283782264734542,129,129
fixed_test,3,4,7,"ac370000, ac370442",8,0.93220350721133682,0.0095824766897203428,129,127
fixed_test,3,4,7,"ac370000, ac370442",9,0.93220350721133682,0.014434808279847111,129,129
fixed_test,3,4,8,"ac370000, ac370442, ac370443",0,0.93220350721133682,0.014434808279847111,129,129
fixed_test,3,4,8,"ac370000, ac370442, ac370443",1,0.93220350721133682,-0.0081835201322122408,129,129
fixed_test,3,4,8,"ac370000, ac370442, ac370443",2,0.93220350721133682,-0.013742438734609119,129,129
fixed_test,3,4,8,"ac370000, ac370442, ac370443",3,0.93220350721133682,-0.0038388141798217923,129,129
fixed_test,3,4,8,"ac370000, ac370442, ac370443",4,0.93220350721133682,0.010158932992849534,129,129
fixed_test,3,4,8,"ac370000, ac370442, ac370443",5,0.93220350721133682,0.0042755792834089368,129,129
fixed_test,3,4,8,"ac370000, ac370442, ac370443",6,0.93220350721133682,0.0052979970500126594,129,129
fixed_test,3,4,8,"ac370000, ac370442, ac370443",7,0.93220350721133682,-0.0090395323718218679,129,129
fixed_test,3,4,8,"ac370000, ac370442, ac370443",8,0.93220350721133682,-0.0086243396581345833,129,129
fixed_test,3,4,8,"ac370000, ac370442, ac370443",9,0.93220350721133682,0.013842421667588756,129,129
fixed_test,3,4,9,"ac370442, ac370443",0,0.93220350721133682,0.0042755792834089368,129,129
fixed_test,3,4,9,"ac370442, ac370443",1,0.93220350721133682,-0.00045101836354266567,129,129
fixed_test,3,4,9,"ac370442, ac370443",2,0.93220350721133682,0.0038088850576435407,129,129
fixed_test,3,4,9,"ac370442, ac370443",3,0.93220350721133682,0,129,127
fixed_test,3,4,9,"ac370442, ac370443",4,0.93220350721133682,-0.0047334297256000912,129,128
fixed_test,3,4,9,"ac370442, ac370443",5,0.93220350721133682,0.012759557288431922,129,128
fixed_test,3,4,9,"ac370442, ac370443",6,0.93220350721133682,-0.00045101836354266567,129,129
fixed_test,3,4,9,"ac370442, ac370443",7,0.93220350721133682,-0.00045101836354266567,129,128
fixed_test,3,4,9,"ac370442, ac370443",8,0.93220350721133682,0.0042755792834089368,129,129
fixed_test,3,4,9,"ac370442, ac370443",9,0.93220350721133682,-0.0090395323718218679,129,128
fixed_train,3,4,0,"370407, ac370000",0,0.99435159550639574,0.035907985288564537,455,452
fixed_train,3,4,0,"370407, ac370000",1,0.99435159550639574,0.042023444222473949,455,452
fixed_train,3,4,0,"370407, ac370000",2,0.99435159550639574,0.038306015905244739,455,451
fixed_train,3,4,0,"370407, ac370000",3,0.99435159550639574,0.040525361931027848,455,452
fixed_train,3,4,0,"370407, ac370000",4,0.99435159550639574,0.043938405781998369,455,454
fixed_train,3,4,0,"370407, ac370000",5,0.99435159550639574,0.031290608646101337,455,453
fixed_train,3,4,0,"370407, ac370000",6,0.99435159550639574,0.034794632863135444,455,453
fixed_train,3,4,0,"370407, ac370000",7,0.99435159550639574,0.045938923787249397,455,453
fixed_train,3,4,0,"370407, ac370000",8,0.99435159550639574,0.036934241910549948,455,455
fixed_train,3,4,0,"370407, ac370000",9,0.99435159550639574,0.045351183743632451,455,454
fixed_train,3,4,1,"ac370000, ac370419",0,0.99435159550639574,0.040714857540247285,439,436
fixed_train,3,4,1,"ac370000, ac370419",1,0.99435159550639574,0.040525361931027848,439,433
fixed_train,3,4,1,"ac370000, ac370419",2,0.99435159550639574,0.043742125324758629,439,437
fixed_train,3,4,1,"ac370000, ac370419",3,0.99435159550639574,0.034877534985892966,439,435
fixed_train,3,4,1,"ac370000, ac370419",4,0.99435159550639574,0.039325679244733069,439,435
fixed_train,3,4,1,"ac370000, ac370419",5,0.99435159550639574,0.038306015905244739,439,437
fixed_train,3,4,1,"ac370000, ac370419",6,0.99435159550639574,0.039236006581044758,439,438
fixed_train,3,4,1,"ac370000, ac370419",7,0.99435159550639574,0.03821667360979597,439,437
fixed_train,3,4,1,"ac370000, ac370419",8,0.99435159550639574,0.04192340493572877,439,438
fixed_train,3,4,1,"ac370000, ac370419",9,0.99435159550639574,0.041727724981433734,439,435
fixed_train,3,4,2,"370407, ac370000, ac370419",0,0.99435159550639574,0.051569772528637148,432,431
fixed_train,3,4,2,"370407, ac370000, ac370419",1,0.99435159550639574,0.052674421514270264,432,432
fixed_train,3,4,2,"370407, ac370000, ac370419",2,0.99435159550639574,0.041537771251539679,432,432
fixed_train,3,4,2,"370407, ac370000, ac370419",3,0.99435159550639574,0.042023444222473949,432,432
fixed_train,3,4,2,"370407, ac370000, ac370419",4,0.99435159550639574,0.037105663569234726,432,431
fixed_train,3,4,2,"370407, ac370000, ac370419",5,0.99435159550639574,0.04590017533592694,432,432
fixed_train,3,4,2,"370407, ac370000, ac370419",6,0.99435159550639574,0.037105663569234726,432,432
fixed_train,3,4,2,"370407, ac370000, ac370419",7,0.99435159550639574,0.040910061412443244,432,431
fixed_train,3,4,2,"370407, ac370000, ac370419",8,0.99435159550639574,0.037105663569234726,432,432
fixed_train,3,4,2,"370407, ac370000, ac370419",9,0.99435159550639574,0.037193302956149865,432,432
fixed_train,3,4,3,"370407, ac370419",0,0.99435159550639574,0.014812977221046908,432,429
fixed_train,3,4,3,"370407, ac370419",1,0.99435159550639574,0.027727183228570595,432,432
fixed_train,3,4,3,"370407, ac370419",2,0.99435159550639574,0.017170569658550572,432,432
fixed_train,3,4,3,"370407, ac370419",3,0.99435159550639574,0.012572880980689649,432,429
fixed_train,3,4,3,"370407, ac370419",4,0.99435159550639574,0.021838352144430861,432,431
fixed_train,3,4,3,"370407, ac370419",5,0.99435159550639574,0.016049972069111851,432,431
fixed_train,3,4,3,"370407, ac370419",6,0.99435159550639574,0.02066787748601695,432,431
fixed_train,3,4,3,"370407, ac370419",7,0.99435159550639574,0.023011222329092251,432,430
fixed_train,3,4,3,"370407, ac370419",8,0.99435159550639574,0.024304316038445961,432,431
fixed_train,3,4,3,"370407, ac370419",9,0.99435159550639574,0.018379505139962893,432,430
fixed_train,3,4,4,"ac370000, ac370443",0,0.99435159550639574,0.03821667360979597,428,424
fixed_train,3,4,4,"ac370000, ac370443",1,0.99435159550639574,0.033599296967332881,428,427
fixed_train,3,4,4,"ac370000, ac370443",2,0.99435159550639574,0.034794632863135444,428,424
fixed_train,3,4,4,"ac370000, ac370443",3,0.99435159550639574,0.045142738573490826,428,427
fixed_train,3,4,4,"ac370000, ac370443",4,0.99435159550639574,0.037872293516618138,428,427
fixed_train,3,4,4,"ac370000, ac370443",5,0.99435159550639574,0.033442940522540487,428,425
fixed_train,3,4,4,"ac370000, ac370443",6,0.99435159550639574,0.034553189544597962,428,425
fixed_train,3,4,4,"ac370000, ac370443",7,0.99435159550639574,0.033599296967332881,428,423
fixed_train,3,4,4,"ac370000, ac370443",8,0.99435159550639574,0.038041922289145824,428,427
fixed_train,3,4,4,"ac370000, ac370443",9,0.99435159550639574,0.029821366870232957,428,426
fixed_train,3,4,5,"ac370000, ac370419, ac370443",0,0.99435159550639574,0.041537771251539679,426,426
fixed_train,3,4,5,"ac370000, ac370419, ac370443",1,0.99435159550639574,0.030028947899065406,426,426
fixed_train,3,4,5,"ac370000, ac370419, ac370443",2,0.99435159550639574,0.030100226170202249,426,426
fixed_train,3,4,5,"ac370000, ac370419, ac370443",3,0.99435159550639574,0.038396694438554646,426,426
fixed_train,3,4,5,"ac370000, ac370419, ac370443",4,0.99435159550639574,0.039509070926406875,426,426
fixed_train,3,4,5,"ac370000, ac370419, ac370443",5,0.99435159550639574,0.034794632863135444,426,425
fixed_train,3,4,5,"ac370000, ac370419, ac370443",6,0.99435159550639574,0.037282252796281723,426,426
fixed_train,3,4,5,"ac370000, ac370419, ac370443",7,0.99435159550639574,0.034632477240055137,426,426
fixed_train,3,4,5,"ac370000, ac370419, ac370443",8,0.99435159550639574,0.031290608646101337,426,426
fixed_train,3,4,5,"ac370000, ac370419, ac370443",9,0.99435159550639574,0.02779386290156971,426,423
fixed_train,3,4,6,"ac370419, ac370443",0,0.99435159550639574,0.019405863033549853,426,424
fixed_train,3,4,6,"ac370419, ac370443",1,0.99435159550639574,0.017213574622576777,426,425
fixed_train,3,4,6,"ac370419, ac370443",2,0.99435159550639574,0.011449879006424357,426,424
fixed_train,3,4,6,"ac370419, ac370443",3,0.99435159550639574,0.01365869328542646,426,424
fixed_train,3,4,6,"ac370419, ac370443",4,0.99435159550639574,0.017213574622576777,426,425
fixed_train,3,4,6,"ac370419, ac370443",5,0.99435159550639574,0.014812977221046908,426,424
fixed_train,3,4,6,"ac370419, ac370443",6,0.99435159550639574,0.014850541664976569,426,426
fixed_train,3,4,6,"ac370419, ac370443",7,0.99435159550639574,0.014812977221046908,426,425
fixed_train,3,4,6,"ac370419, ac370443",8,0.99435159550639574,0.019405863033549853,426,425
fixed_train,3,4,6,"ac370419, ac370443",9,0.99435159550639574,0.011449879006424357,426,424
fixed_train,3,4,7,"ac370000, ac370442",0,0.99435159550639574,0.040341413172448326,422,419
fixed_train,3,4,7,"ac370000, ac370442",1,0.99435159550639574,0.028710041303939837,422,420
fixed_train,3,4,7,"ac370000, ac370442",2,0.99435159550639574,0.036767843203986406,422,419
fixed_train,3,4,7,"ac370000, ac370442",3,0.99435159550639574,0.033520537740615253,422,419
fixed_train,3,4,7,"ac370000, ac370442",4,0.99435159550639574,0.036767843203986406,422,420
fixed_train,3,4,7,"ac370000, ac370442",5,0.99435159550639574,0.044743982676126892,422,418
fixed_train,3,4,7,"ac370000, ac370442",6,0.99435159550639574,0.038396694438554646,422,418
fixed_train,3,4,7,"ac370000, ac370442",7,0.99435159550639574,0.035661482790893317,422,419
fixed_train,3,4,7,"ac370000, ac370442",8,0.99435159550639574,0.031071495314837994,422,419
fixed_train,3,4,7,"ac370000, ac370442",9,0.99435159550639574,0.034475073058170769,422,421
fixed_train,3,4,8,"ac370000, ac370442, ac370443",0,0.99435159550639574,0.042640904055750939,420,420
fixed_train,3,4,8,"ac370000, ac370442, ac370443",1,0.99435159550639574,0.03795647652892109,420,420
fixed_train,3,4,8,"ac370000, ac370442, ac370443",2,0.99435159550639574,0.032109739216287014,420,420
fixed_train,3,4,8,"ac370000, ac370442, ac370443",3,0.99435159550639574,0.038041922289145824,420,419
fixed_train,3,4,8,"ac370000, ac370442, ac370443",4,0.99435159550639574,0.03550315791552161,420,420
fixed_train,3,4,8,"ac370000, ac370442, ac370443",5,0.99435159550639574,0.036767843203986406,420,420
fixed_train,3,4,8,"ac370000, ac370442, ac370443",6,0.99435159550639574,0.029958721654517739,420,419
fixed_train,3,4,8,"ac370000, ac370442, ac370443",7,0.99435159550639574,0.031967819206458747,420,420
fixed_train,3,4,8,"ac370000, ac370442, ac370443",8,0.99435159550639574,0.03701931597610042,420,420
fixed_train,3,4,8,"ac370000, ac370442, ac370443",9,0.99435159550639574,0.039147657434678296,420,419
fixed_train,3,4,9,"ac370442, ac370443",0,0.99435159550639574,0.010237221135286023,420,420
fixed_train,3,4,9,"ac370442, ac370443",1,0.99435159550639574,0.011326510480931695,420,420
fixed_train,3,4,9,"ac370442, ac370443",2,0.99435159550639574,0.0067998664877221282,420,418
fixed_train,3,4,9,"ac370442, ac370443",3,0.99435159550639574,0.0079678460454446487,420,419
fixed_train,3,4,9,"ac370442, ac370443",4,0.99435159550639574,0.012442271054734499,420,419
fixed_train,3,4,9,"ac370442, ac370443",5,0.99435159550639574,0.014739516504558958,420,419
fixed_train,3,4,9,"ac370442, ac370443",6,0.99435159550639574,0.0045546354942048728,420,419
fixed_train,3,4,9,"ac370442, ac370443",7,0.99435159550639574,0.0079435428385044027,420,415
fixed_train,3,4,9,"ac370442, ac370443",8,0.99435159550639574,0.0091158467491838646,420,418
fixed_train,3,4,9,"ac370442, ac370443",9,0.99435159550639574,0.0067998664877221282,420,418
faithful_train,3,4,0,"370407, ac370000",0,0.99435159550639574,0.035824593166157603,455,454
faithful_train,3,4,0,"370407, ac370000",1,0.99435159550639574,0.12894945440539507,455,449
faithful_train,3,4,0,"370407, ac370000",2,0.99435159550639574,0.19305064827504836,455,446
faithful_train,3,4,0,"370407, ac370000",3,0.99435159550639574,0.23834906131024225,455,441
faithful_train,3,4,0,"370407, ac370000",4,0.99435159550639574,0.24867580090687136,455,437
faithful_train,3,4,0,"370407, ac370000",5,0.99435159550639574,0.2582474630289272,455,433
faithful_train,3,4,0,"370407, ac370000",6,0.99435159550639574,0.25905001348339296,455,428
faithful_train,3,4,0,"370407, ac370000",7,0.99435159550639574,0.26195878730731581,455,428
faithful_train,3,4,0,"370407, ac370000",8,0.99435159550639574,0.24907311454723591,455,418
faithful_train,3,4,0,"370407, ac370000",9,0.99435159550639574,0.25452038348589412,455,425
faithful_train,3,4,1,"ac370000, ac370419",0,0.99435159550639574,0.25775680269635548,439,437
faithful_train,3,4,1,"ac370000, ac370419",1,0.99435159550639574,0.256638482811131,439,435
faithful_train,3,4,1,"ac370000, ac370419",2,0.99435159550639574,0.2658827447863108,439,423
faithful_train,3,4,1,"ac370000, ac370419",3,0.99435159550639574,0.25716790313180815,439,419
faithful_train,3,4,1,"ac370000, ac370419",4,0.99435159550639574,0.25452038348589412,439,421
faithful_train,3,4,1,"ac370000, ac370419",5,0.99435159550639574,0.26289888600301503,439,416
faithful_train,3,4,1,"ac370000, ac370419",6,0.99435159550639574,0.25323246583554671,439,407
faithful_train,3,4,1,"ac370000, ac370419",7,0.99435159550639574,0.25796960425263538,439,415
faithful_train,3,4,1,"ac370000, ac370419",8,0.99435159550639574,0.25077732331828784,439,412
faithful_train,3,4,1,"ac370000, ac370419",9,0.99435159550639574,0.26307388757282857,439,406
faithful_train,3,4,2,"370407, ac370000, ac370419",0,0.99435159550639574,0.24867389386837735,432,432
faithful_train,3,4,2,"370407, ac370000, ac370419",1,0.99435159550639574,0.25159713867713573,432,420
faithful_train,3,4,2,"370407, ac370000, ac370419",2,0.99435159550639574,0.25289401762560748,432,415
faithful_train,3,4,2,"370407, ac370000, ac370419",3,0.99435159550639574,0.25796960425263538,432,407
faithful_train,3,4,2,"370407, ac370000, ac370419",4,0.99435159550639574,0.25421491091129789,432,410
faithful_train,3,4,2,"370407, ac370000, ac370419",5,0.99435159550639574,0.25077732331828784,432,412
faithful_train,3,4,2,"370407, ac370000, ac370419",6,0.99435159550639574,0.25289401762560748,432,410
faithful_train,3,4,2,"370407, ac370000, ac370419",7,0.99435159550639574,0.24949953371878819,432,409
faithful_train,3,4,2,"370407, ac370000, ac370419",8,0.99435159550639574,0.25370790306470947,432,414
faithful_train,3,4,2,"370407, ac370000, ac370419",9,0.99435159550639574,0.25421491091129789,432,408
faithful_train,3,4,3,"370407, ac370419",0,0.99435159550639574,0.26012089535231853,432,393
faithful_train,3,4,3,"370407, ac370419",1,0.99435159550639574,0.25502415164094561,432,405
faithful_train,3,4,3,"370407, ac370419",2,0.99435159550639574,0.24867389386837735,432,406
faithful_train,3,4,3,"370407, ac370419",3,0.99435159550639574,0.25614123965946978,432,402
faithful_train,3,4,3,"370407, ac370419",4,0.99435159550639574,0.26091505686432526,432,403
faithful_train,3,4,3,"370407, ac370419",5,0.99435159550639574,0.25716790313180815,432,402
faithful_train,3,4,3,"370407, ac370419",6,0.99435159550639574,0.25289401762560748,432,405
faithful_train,3,4,3,"370407, ac370419",7,0.99435159550639574,0.25159713867713573,432,403
faithful_train,3,4,3,"370407, ac370419",8,0.99435159550639574,0.25502415164094561,432,409
faithful_train,3,4,3,"370407, ac370419",9,0.99435159550639574,0.25289401762560748,432,402
faithful_train,3,4,4,"ac370000, ac370443",0,0.99435159550639574,0.26368268519084059,428,426
faithful_train,3,4,4,"ac370000, ac370443",1,0.99435159550639574,0.25636485108624185,428,425
faithful_train,3,4,4,"ac370000, ac370443",2,0.99435159550639574,0.256638482811131,428,420
faithful_train,3,4,4,"ac370000, ac370443",3,0.99435159550639574,0.25956906255755274,428,414
faithful_train,3,4,4,"ac370000, ac370443",4,0.99435159550639574,0.26524665636013478,428,405
faithful_train,3,4,4,"ac370000, ac370443",5,0.99435159550639574,0.25502415164094561,428,408
faithful_train,3,4,4,"ac370000, ac370443",6,0.99435159550639574,0.25452038348589412,428,405
faithful_train,3,4,4,"ac370000, ac370443",7,0.99435159550639574,0.26149698456583059,428,405
faithful_train,3,4,4,"ac370000, ac370443",8,0.99435159550639574,0.26368268519084059,428,394
faithful_train,3,4,4,"ac370000, ac370443",9,0.99435159550639574,0.25583199969514392,428,403
faithful_train,3,4,5,"ac370000, ac370419, ac370443",0,0.99435159550639574,0.26070665105068103,426,425
faithful_train,3,4,5,"ac370000, ac370419, ac370443",1,0.99435159550639574,0.25583199969514392,426,411
faithful_train,3,4,5,"ac370000, ac370419, ac370443",2,0.99435159550639574,0.24949953371878819,426,411
faithful_train,3,4,5,"ac370000, ac370419, ac370443",3,0.99435159550639574,0.25032369201162363,426,412
faithful_train,3,4,5,"ac370000, ac370419, ac370443",4,0.99435159550639574,0.24575064905961885,426,410
faithful_train,3,4,5,"ac370000, ac370419, ac370443",5,0.99435159550639574,0.24867389386837735,426,401
faithful_train,3,4,5,"ac370000, ac370419, ac370443",6,0.99435159550639574,0.2395398524816823,426,398
faithful_train,3,4,5,"ac370000, ac370419, ac370443",7,0.99435159550639574,0.25502415164094561,426,401
faithful_train,3,4,5,"ac370000, ac370419, ac370443",8,0.99435159550639574,0.24867389386837735,426,404
faithful_train,3,4,5,"ac370000, ac370419, ac370443",9,0.99435159550639574,0.24867389386837735,426,405
faithful_train,3,4,6,"ac370419, ac370443",0,0.99435159550639574,0.24575064905961885,426,386
faithful_train,3,4,6,"ac370419, ac370443",1,0.99435159550639574,0.24949953371878819,426,394
faithful_train,3,4,6,"ac370419, ac370443",2,0.99435159550639574,0.25207869902925584,426,397
faithful_train,3,4,6,"ac370419, ac370443",3,0.99435159550639574,0.2445061443637776,426,398
faithful_train,3,4,6,"ac370419, ac370443",4,0.99435159550639574,0.24575064905961885,426,401
faithful_train,3,4,6,"ac370419, ac370443",5,0.99435159550639574,0.24534312483612697,426,401
faithful_train,3,4,6,"ac370419, ac370443",6,0.99435159550639574,0.24244148865890458,426,396
faithful_train,3,4,6,"ac370419, ac370443",7,0.99435159550639574,0.25370790306470947,426,391
faithful_train,3,4,6,"ac370419, ac370443",8,0.99435159550639574,0.25077732331828784,426,399
faithful_train,3,4,6,"ac370419, ac370443",9,0.99435159550639574,0.24658355728207493,426,398
faithful_train,3,4,7,"ac370000, ac370442",0,0.99435159550639574,0.26070665105068103,422,421
faithful_train,3,4,7,"ac370000, ac370442",1,0.99435159550639574,0.26149698456583059,422,415
faithful_train,3,4,7,"ac370000, ac370442",2,0.99435159550639574,0.26665871933100016,422,407
faithful_train,3,4,7,"ac370000, ac370442",3,0.99435159550639574,0.25716790313180815,422,405
faithful_train,3,4,7,"ac370000, ac370442",4,0.99435159550639574,0.25636485108624185,422,405
faithful_train,3,4,7,"ac370000, ac370442",5,0.99435159550639574,0.26012089535231853,422,407
faithful_train,3,4,7,"ac370000, ac370442",6,0.99435159550639574,0.26012089535231853,422,391
faithful_train,3,4,7,"ac370000, ac370442",7,0.99435159550639574,0.25370790306470947,422,403
faithful_train,3,4,7,"ac370000, ac370442",8,0.99435159550639574,0.25852870246517023,422,405
faithful_train,3,4,7,"ac370000, ac370442",9,0.99435159550639574,0.25932545284420605,422,402
faithful_train,3,4,8,"ac370000, ac370442, ac370443",0,0.99435159550639574,0.25583199969514392,420,418
faithful_train,3,4,8,"ac370000, ac370442, ac370443",1,0.99435159550639574,0.25421491091129789,420,402
faithful_train,3,4,8,"ac370000, ac370442, ac370443",2,0.99435159550639574,0.26289888600301503,420,403
faithful_train,3,4,8,"ac370000, ac370442, ac370443",3,0.99435159550639574,0.2354622437690832,420,408
faithful_train,3,4,8,"ac370000, ac370442, ac370443",4,0.99435159550639574,0.25636485108624185,420,402
faithful_train,3,4,8,"ac370000, ac370442, ac370443",5,0.99435159550639574,0.25796960425263538,420,395
faithful_train,3,4,8,"ac370000, ac370442, ac370443",6,0.99435159550639574,0.25583199969514392,420,405
faithful_train,3,4,8,"ac370000, ac370442, ac370443",7,0.99435159550639574,0.25876998176468047,420,405
faithful_train,3,4,8,"ac370000, ac370442, ac370443",8,0.99435159550639574,0.24995603555607093,420,400
faithful_train,3,4,8,"ac370000, ac370442, ac370443",9,0.99435159550639574,0.25716790313180815,420,395
faithful_train,3,4,9,"ac370442, ac370443",0,0.99435159550639574,0.26368268519084059,420,364
faithful_train,3,4,9,"ac370442, ac370443",1,0.99435159550639574,0.25852870246517023,420,385
faithful_train,3,4,9,"ac370442, ac370443",2,0.99435159550639574,0.25636485108624185,420,389
faithful_train,3,4,9,"ac370442, ac370443",3,0.99435159550639574,0.26070665105068103,420,393
faithful_train,3,4,9,"ac370442, ac370443",4,0.99435159550639574,0.26070665105068103,420,390
faithful_train,3,4,9,"ac370442, ac370443",5,0.99435159550639574,0.25636485108624185,420,394
faithful_train,3,4,9,"ac370442, ac370443",6,0.99435159550639574,0.25636485108624185,420,397
faithful_train,3,4,9,"ac370442, ac370443",7,0.99435159550639574,0.25852870246517023,420,394
faithful_train,3,4,9,"ac370442, ac370443",8,0.99435159550639574,0.25852870246517023,420,399
faithful_train,3,4,9,"ac370442, ac370443",9,0.99435159550639574,0.2658827447863108,420,390
