setting,seed,fold,itemset_id,itemset,repeat,baseline,importance,n_traces_with_itemset,n_traces_changed
fixed_test,6,0,0,"370407, ac370000",0,0.95451929806371338,0.048534386741917346,122,121
fixed_test,6,0,0,"370407, ac370000",1,0.95451929806371338,0.029731369006276709,122,120
fixed_test,6,0,0,"370407, ac370000",2,0.95451929806371338,0.065293101613741578,122,122
fixed_test,6,0,0,"370407, ac370000",3,0.95451929806371338,0.039132877874096916,122,122
fixed_test,6,0,0,"370407, ac370000",4,0.95451929806371338,0.04941749146545904,122,122
fixed_test,6,0,0,"370407, ac370000",5,0.95451929806371338,0.034073126865684422,122,122
fixed_test,6,0,0,"370407, ac370000",6,0.95451929806371338,0.029731369006276709,122,122
fixed_test,6,0,0,"370407, ac370000",7,0.95451929806371338,0.044246901351602141,122,122
fixed_test,6,0,0,"370407, ac370000",8,0.95451929806371338,0.058907310805633495,122,122
fixed_test,6,0,0,"370407, ac370000",9,0.95451929806371338,0.048534386741917346,122,121
fixed_test,6,0,1,"ac370000, ac370419",0,0.95451929806371338,0.029065446505482373,114,114
fixed_test,6,0,1,"ac370000, ac370419",1,0.95451929806371338,0.034073126865684422,114,114
fixed_test,6,0,1,"ac370000, ac370419",2,0.95451929806371338,0.033386178960332247,114,113
fixed_test,6,0,1,"ac370000, ac370419",3,0.95451929806371338,0.024713852888981869,114,112
fixed_test,6,0,1,"ac370000, ac370419",4,0.95451929806371338,0.0241077223842594,114,114
fixed_test,6,0,1,"ac370000, ac370419",5,0.95451929806371338,0.0241077223842594,114,113
fixed_test,6,0,1,"ac370000, ac370419",6,0.95451929806371338,0.028437726421603582,114,113
fixed_test,6,0,1,"ac370000, ac370419",7,0.95451929806371338,0.045111064573310156,114,112
fixed_test,6,0,1,"ac370000, ac370419",8,0.95451929806371338,0.044246901351602141,114,113
fixed_test,6,0,1,"ac370000, ac370419",9,0.95451929806371338,0.048534386741917346,114,114
fixed_test,6,0,2,"370407, ac370000, ac370419",0,0.95451929806371338,0.029065446505482373,113,112
fixed_test,6,0,2,"370407, ac370000, ac370419",1,0.95451929806371338,0.04941749146545904,113,113
fixed_test,6,0,2,"370407, ac370000, ac370419",2,0.95451929806371338,0.03480189047919291,113,113
fixed_test,6,0,2,"370407, ac370000, ac370419",3,0.95451929806371338,0.04941749146545904,113,113
fixed_test,6,0,2,"370407, ac370000, ac370419",4,0.95451929806371338,0.050354519785148932,113,113
fixed_test,6,0,2,"370407, ac370000, ac370419",5,0.95451929806371338,0.03480189047919291,113,113
fixed_test,6,0,2,"370407, ac370000, ac370419",6,0.95451929806371338,0.043432400842386976,113,113
fixed_test,6,0,2,"370407, ac370000, ac370419",7,0.95451929806371338,0.03480189047919291,113,113
fixed_test,6,0,2,"370407, ac370000, ac370419",8,0.95451929806371338,0.029065446505482373,113,113
fixed_test,6,0,2,"370407, ac370000, ac370419",9,0.95451929806371338,0.039132877874096916,113,113
fixed_test,6,0,3,"370407, ac370419",0,0.95451929806371338,0.0095143593323835374,113,112
fixed_test,6,0,3,"370407, ac370419",1,0.95451929806371338,0.013867382753936397,113,112
fixed_test,6,0,3,"370407, ac370419",2,0.95451929806371338,0.013867382753936397,113,113
fixed_test,6,0,3,"370407, ac370419",3,0.95451929806371338,0.004736908186209754,113,113
fixed_test,6,0,3,"370407, ac370419",4,0.95451929806371338,0.004364770035359733,113,113
fixed_test,6,0,3,"370407, ac370419",5,0.95451929806371338,0.004364770035359733,113,112
fixed_test,6,0,3,"370407, ac370419",6,0.95451929806371338,0.0095143593323835374,113,112
fixed_test,6,0,3,"370407, ac370419",7,0.95451929806371338,0.013867382753936397,113,113
fixed_test,6,0,3,"370407, ac370419",8,0.95451929806371338,0.018680202877161878,113,113
fixed_test,6,0,3,"370407, ac370419",9,0.95451929806371338,0.018192280774514624,113,113
fixed_test,6,0,4,"ac370000, ac370443",0,0.95451929806371338,0.014829265808186665,114,114
fixed_test,6,0,4,"ac370000, ac370443",1,0.95451929806371338,0.0099581193321310879,114,114
fixed_test,6,0,4,"ac370000, ac370443",2,0.95451929806371338,0.019747177950261374,114,114
fixed_test,6,0,4,"ac370000, ac370443",3,0.95451929806371338,0.029065446505482373,114,114
fixed_test,6,0,4,"ac370000, ac370443",4,0.95451929806371338,0.039132877874096916,114,114
fixed_test,6,0,4,"ac370000, ac370443",5,0.95451929806371338,0.019747177950261374,114,113
fixed_test,6,0,4,"ac370000, ac370443",6,0.95451929806371338,0.038383715060703594,114,112
fixed_test,6,0,4,"ac370000, ac370443",7,0.95451929806371338,0.0241077223842594,114,114
fixed_test,6,0,4,"ac370000, ac370443",8,0.95451929806371338,0.048534386741917346,114,113
fixed_test,6,0,4,"ac370000, ac370443",9,0.95451929806371338,0.019747177950261374,114,114
fixed_test,6,0,5,"ac370000, ac370419, ac370443",0,0.95451929806371338,0.034073126865684422,113,113
fixed_test,6,0,5,"ac370000, ac370419, ac370443",1,0.95451929806371338,0.03480189047919291,113,113
fixed_test,6,0,5,"ac370000, ac370419, ac370443",2,0.95451929806371338,0.03480189047919291,113,113
fixed_test,6,0,5,"ac370000, ac370419, ac370443",3,0.95451929806371338,0.034073126865684422,113,113
fixed_test,6,0,5,"ac370000, ac370419, ac370443",4,0.95451929806371338,0.03480189047919291,113,113
fixed_test,6,0,5,"ac370000, ac370419, ac370443",5,0.95451929806371338,0.03480189047919291,113,113
fixed_test,6,0,5,"ac370000, ac370419, ac370443",6,0.95451929806371338,0.024713852888981869,113,113
fixed_test,6,0,5,"ac370000, ac370419, ac370443",7,0.95451929806371338,0.03480189047919291,113,113
fixed_test,6,0,5,"ac370000, ac370419, ac370443",8,0.95451929806371338,0.024713852888981869,113,113
fixed_test,6,0,5,"ac370000, ac370419, ac370443",9,0.95451929806371338,0.045111064573310156,113,113
fixed_test,6,0,6,"ac370419, ac370443",0,0.95451929806371338,0.008702093300902991,113,112
fixed_test,6,0,6,"ac370419, ac370443",1,0.95451929806371338,0.013427583121113695,113,113
fixed_test,6,0,6,"ac370419, ac370443",2,0.95451929806371338,0.0090961403872573676,113,113
fixed_test,6,0,6,"ac370419, ac370443",3,0.95451929806371338,0,113,112
fixed_test,6,0,6,"ac370419, ac370443",4,0.95451929806371338,0.0095143593323835374,113,112
fixed_test,6,0,6,"ac370419, ac370443",5,0.95451929806371338,0.017732559173767815,113,113
fixed_test,6,0,6,"ac370419, ac370443",6,0.95451929806371338,0.004364770035359733,113,112
fixed_test,6,0,6,"ac370419, ac370443",7,0.95451929806371338,0.0090961403872573676,113,113
fixed_test,6,0,6,"ac370419, ac370443",8,0.95451929806371338,0.0095143593323835374,113,113
fixed_test,6,0,6,"ac370419, ac370443",9,0.95451929806371338,0.004364770035359733,113,113
fixed_test,6,0,7,"ac370000, ac370442",0,0.95451929806371338,0.045111064573310156,113,112
fixed_test,6,0,7,"ac370000, ac370442",1,0.95451929806371338,0.04941749146545904,113,112
fixed_test,6,0,7,"ac370000, ac370442",2,0.95451929806371338,0.0051318183787287808,113,112
fixed_test,6,0,7,"ac370000, ac370442",3,0.95451929806371338,0.029731369006276709,113,112
fixed_test,6,0,7,"ac370000, ac370442",4,0.95451929806371338,0.039927672125284364,113,113
fixed_test,6,0,7,"ac370000, ac370442",5,0.95451929806371338,0.014829265808186665,113,110
fixed_test,6,0,7,"ac370000, ac370442",6,0.95451929806371338,0.03480189047919291,113,113
fixed_test,6,0,7,"ac370000, ac370442",7,0.95451929806371338,0.039927672125284364,113,113
fixed_test,6,0,7,"ac370000, ac370442",8,0.95451929806371338,0.029065446505482373,113,111
fixed_test,6,0,7,"ac370000, ac370442",9,0.95451929806371338,0.024713852888981869,113,112
fixed_test,6,0,8,"ac370000, ac370442, ac370443",0,0.95451929806371338,0.04941749146545904,112,112
fixed_test,6,0,8,"ac370000, ac370442, ac370443",1,0.95451929806371338,0.044246901351602141,112,112
fixed_test,6,0,8,"ac370000, ac370442, ac370443",2,0.95451929806371338,0.039927672125284364,112,112
fixed_test,6,0,8,"ac370000, ac370442, ac370443",3,0.95451929806371338,0.029731369006276709,112,112
fixed_test,6,0,8,"ac370000, ac370442, ac370443",4,0.95451929806371338,0.019747177950261374,112,112
fixed_test,6,0,8,"ac370000, ac370442, ac370443",5,0.95451929806371338,0.054647039995372904,112,112
fixed_test,6,0,8,"ac370000, ac370442, ac370443",6,0.95451929806371338,0.024713852888981869,112,112
fixed_test,6,0,8,"ac370000, ac370442, ac370443",7,0.95451929806371338,0.024713852888981869,112,112
fixed_test,6,0,8,"ac370000, ac370442, ac370443",8,0.95451929806371338,0.034073126865684422,112,112
fixed_test,6,0,8,"ac370000, ac370442, ac370443",9,0.95451929806371338,0.034073126865684422,112,112
fixed_test,6,0,9,"ac370442, ac370443",0,0.95451929806371338,0,112,111
fixed_test,6,0,9,"ac370442, ac370443",1,0.95451929806371338,0.004736908186209754,112,111
fixed_test,6,0,9,"ac370442, ac370443",2,0.95451929806371338,0,112,112
fixed_test,6,0,9,"ac370442, ac370443",3,0.95451929806371338,0.004736908186209754,112,111
fixed_test,6,0,9,"ac370442, ac370443",4,0.95451929806371338,0.008702093300902991,112,112
fixed_test,6,0,9,"ac370442, ac370443",5,0.95451929806371338,0.004364770035359733,112,111
fixed_test,6,0,9,"ac370442, ac370443",6,0.95451929806371338,0.004364770035359733,112,112
fixed_test,6,0,9,"ac370442, ac370443",7,0.95451929806371338,0.0090961403872573676,112,112
fixed_test,6,0,9,"ac370442, ac370443",8,0.95451929806371338,0.004364770035359733,112,112
fixed_test,6,0,9,"ac370442, ac370443",9,0.95451929806371338,0,112,110
fixed_train,6,0,0,"370407, ac370000",0,0.99206948166042397,0.055544549900783835,464,459
fixed_train,6,0,0,"370407, ac370000",1,0.99206948166042397,0.064519297548177312,464,461
fixed_train,6,0,0,"370407, ac370000",2,0.99206948166042397,0.068540698881759843,464,461
fixed_train,6,0,0,"370407, ac370000",3,0.99206948166042397,0.057239602563028846,464,463
fixed_train,6,0,0,"370407, ac370000",4,0.99206948166042397,0.07183528086222013,464,463
fixed_train,6,0,0,"370407, ac370000",5,0.99206948166042397,0.064519297548177312,464,461
fixed_train,6,0,0,"370407, ac370000",6,0.99206948166042397,0.067438095955701605,464,459
fixed_train,6,0,0,"370407, ac370000",7,0.99206948166042397,0.061817030341110524,464,460
fixed_train,6,0,0,"370407, ac370000",8,0.99206948166042397,0.063416252159736786,464,461
fixed_train,6,0,0,"370407, ac370000",9,0.99206948166042397,0.065045441533629345,464,460
fixed_train,6,0,1,"ac370000, ac370419",0,0.99206948166042397,0.058659800793115946,456,450
fixed_train,6,0,1,"ac370000, ac370419",1,0.99206948166042397,0.053613117566666091,456,452
fixed_train,6,0,1,"ac370000, ac370419",2,0.99206948166042397,0.053613117566666091,456,454
fixed_train,6,0,1,"ac370000, ac370419",3,0.99206948166042397,0.061038026476426532,456,455
fixed_train,6,0,1,"ac370000, ac370419",4,0.99206948166042397,0.054580486969575848,456,450
fixed_train,6,0,1,"ac370000, ac370419",5,0.99206948166042397,0.054580486969575848,456,452
fixed_train,6,0,1,"ac370000, ac370419",6,0.99206948166042397,0.054724059288837279,456,453
fixed_train,6,0,1,"ac370000, ac370419",7,0.99206948166042397,0.054580486969575848,456,454
fixed_train,6,0,1,"ac370000, ac370419",8,0.99206948166042397,0.054869779984752509,456,454
fixed_train,6,0,1,"ac370000, ac370419",9,0.99206948166042397,0.04836647344128675,456,453
fixed_train,6,0,2,"370407, ac370000, ac370419",0,0.99206948166042397,0.074820426023710196,445,445
fixed_train,6,0,2,"370407, ac370000, ac370419",1,0.99206948166042397,0.068172703526357625,445,445
fixed_train,6,0,2,"370407, ac370000, ac370419",2,0.99206948166042397,0.064692074963551893,445,444
fixed_train,6,0,2,"370407, ac370000, ac370419",3,0.99206948166042397,0.076770244106851071,445,445
fixed_train,6,0,2,"370407, ac370000, ac370419",4,0.99206948166042397,0.058502360576208723,445,445
fixed_train,6,0,2,"370407, ac370000, ac370419",5,0.99206948166042397,0.070930424419926585,445,444
fixed_train,6,0,2,"370407, ac370000, ac370419",6,0.99206948166042397,0.071124453817734579,445,444
fixed_train,6,0,2,"370407, ac370000, ac370419",7,0.99206948166042397,0.079617582218683314,445,445
fixed_train,6,0,2,"370407, ac370000, ac370419",8,0.99206948166042397,0.063081369244549435,445,445
fixed_train,6,0,2,"370407, ac370000, ac370419",9,0.99206948166042397,0.065620169031471276,445,444
fixed_train,6,0,3,"370407, ac370419",0,0.99206948166042397,0.010345067016695686,445,444
fixed_train,6,0,3,"370407, ac370419",1,0.99206948166042397,0.013792102332654044,445,441
fixed_train,6,0,3,"370407, ac370419",2,0.99206948166042397,0.016033848504047654,445,441
fixed_train,6,0,3,"370407, ac370419",3,0.99206948166042397,0.020706068365828889,445,444
fixed_train,6,0,3,"370407, ac370419",4,0.99206948166042397,0.021657907993294034,445,442
fixed_train,6,0,3,"370407, ac370419",5,0.99206948166042397,0.020598489807595155,445,443
fixed_train,6,0,3,"370407, ac370419",6,0.99206948166042397,0.021823247283754843,445,442
fixed_train,6,0,3,"370407, ac370419",7,0.99206948166042397,0.020651877281779307,445,445
fixed_train,6,0,3,"370407, ac370419",8,0.99206948166042397,0.024173147176270615,445,440
fixed_train,6,0,3,"370407, ac370419",9,0.99206948166042397,0.020651877281779307,445,444
fixed_train,6,0,4,"ac370000, ac370443",0,0.99206948166042397,0.040906740726155411,443,441
fixed_train,6,0,4,"ac370000, ac370443",1,0.99206948166042397,0.032557473082994837,443,440
fixed_train,6,0,4,"ac370000, ac370443",2,0.99206948166042397,0.033756777792763204,443,440
fixed_train,6,0,4,"ac370000, ac370443",3,0.99206948166042397,0.032557473082994837,443,439
fixed_train,6,0,4,"ac370000, ac370443",4,0.99206948166042397,0.034871072592856045,443,443
fixed_train,6,0,4,"ac370000, ac370443",5,0.99206948166042397,0.038581156961120522,443,442
fixed_train,6,0,4,"ac370000, ac370443",6,0.99206948166042397,0.032640429689681727,443,441
fixed_train,6,0,4,"ac370000, ac370443",7,0.99206948166042397,0.034958769577067894,443,440
fixed_train,6,0,4,"ac370000, ac370443",8,0.99206948166042397,0.04222878248522477,443,440
fixed_train,6,0,4,"ac370000, ac370443",9,0.99206948166042397,0.037093598147195705,443,442
fixed_train,6,0,5,"ac370000, ac370419, ac370443",0,0.99206948166042397,0.048491764540743776,442,442
fixed_train,6,0,5,"ac370000, ac370419, ac370443",1,0.99206948166042397,0.037660893200443635,442,442
fixed_train,6,0,5,"ac370000, ac370419, ac370443",2,0.99206948166042397,0.057088382972928509,442,441
fixed_train,6,0,5,"ac370000, ac370419, ac370443",3,0.99206948166042397,0.055832808991941096,442,442
fixed_train,6,0,5,"ac370000, ac370419, ac370443",4,0.99206948166042397,0.047254732330130444,442,442
fixed_train,6,0,5,"ac370000, ac370419, ac370443",5,0.99206948166042397,0.050975155800473071,442,442
fixed_train,6,0,5,"ac370000, ac370419, ac370443",6,0.99206948166042397,0.050842692994090388,442,442
fixed_train,6,0,5,"ac370000, ac370419, ac370443",7,0.99206948166042397,0.057088382972928509,442,442
fixed_train,6,0,5,"ac370000, ac370419, ac370443",8,0.99206948166042397,0.04367505745954825,442,442
fixed_train,6,0,5,"ac370000, ac370419, ac370443",9,0.99206948166042397,0.048243027638451119,442,442
fixed_train,6,0,6,"ac370419, ac370443",0,0.99206948166042397,0.01375152785227407,442,439
fixed_train,6,0,6,"ac370419, ac370443",1,0.99206948166042397,0.01375152785227407,442,441
fixed_train,6,0,6,"ac370419, ac370443",2,0.99206948166042397,0.017245744880165503,442,436
fixed_train,6,0,6,"ac370419, ac370443",3,0.99206948166042397,0.020651877281779307,442,440
fixed_train,6,0,6,"ac370419, ac370443",4,0.99206948166042397,0.016078693982362502,442,440
fixed_train,6,0,6,"ac370419, ac370443",5,0.99206948166042397,0.013792102332654044,442,440
fixed_train,6,0,6,"ac370419, ac370443",6,0.99206948166042397,0.017151780529060079,442,441
fixed_train,6,0,6,"ac370419, ac370443",7,0.99206948166042397,0.010345067016695686,442,440
fixed_train,6,0,6,"ac370419, ac370443",8,0.99206948166042397,0.012591362552944574,442,440
fixed_train,6,0,6,"ac370419, ac370443",9,0.99206948166042397,0.011433442765033552,442,440
fixed_train,6,0,7,"ac370000, ac370442",0,0.99206948166042397,0.043789907634050551,438,435
fixed_train,6,0,7,"ac370000, ac370442",1,0.99206948166042397,0.048243027638451119,438,436
fixed_train,6,0,7,"ac370000, ac370442",2,0.99206948166042397,0.04836647344128675,438,435
fixed_train,6,0,7,"ac370000, ac370442",3,0.99206948166042397,0.050975155800473071,438,437
fixed_train,6,0,7,"ac370000, ac370442",4,0.99206948166042397,0.041221334391197573,438,434
fixed_train,6,0,7,"ac370000, ac370442",5,0.99206948166042397,0.037466153586711792,438,434
fixed_train,6,0,7,"ac370000, ac370442",6,0.99206948166042397,0.039794188044469991,438,433
fixed_train,6,0,7,"ac370000, ac370442",7,0.99206948166042397,0.048618928834871178,438,436
fixed_train,6,0,7,"ac370000, ac370442",8,0.99206948166042397,0.047132958265541536,438,434
fixed_train,6,0,7,"ac370000, ac370442",9,0.99206948166042397,0.037562801013150238,438,434
fixed_train,6,0,8,"ac370000, ac370442, ac370443",0,0.99206948166042397,0.052359735604746271,437,437
fixed_train,6,0,8,"ac370000, ac370442, ac370443",1,0.99206948166042397,0.055832808991941096,437,437
fixed_train,6,0,8,"ac370000, ac370442, ac370443",2,0.99206948166042397,0.052359735604746271,437,437
fixed_train,6,0,8,"ac370000, ac370442, ac370443",3,0.99206948166042397,0.054724059288837279,437,437
fixed_train,6,0,8,"ac370000, ac370442, ac370443",4,0.99206948166042397,0.044906423790993966,437,437
fixed_train,6,0,8,"ac370000, ac370442, ac370443",5,0.99206948166042397,0.044674956514292985,437,435
fixed_train,6,0,8,"ac370000, ac370442, ac370443",6,0.99206948166042397,0.049995411920655153,437,437
fixed_train,6,0,8,"ac370000, ac370442, ac370443",7,0.99206948166042397,0.041221334391197573,437,436
fixed_train,6,0,8,"ac370000, ac370442, ac370443",8,0.99206948166042397,0.049862675248130484,437,437
fixed_train,6,0,8,"ac370000, ac370442, ac370443",9,0.99206948166042397,0.053193621447437223,437,436
fixed_train,6,0,9,"ac370442, ac370443",0,0.99206948166042397,0.011329311913680029,437,434
fixed_train,6,0,9,"ac370442, ac370443",1,0.99206948166042397,0.011329311913680029,437,437
fixed_train,6,0,9,"ac370442, ac370443",2,0.99206948166042397,0.012553776813949424,437,436
fixed_train,6,0,9,"ac370442, ac370443",3,0.99206948166042397,0.0080017112242770638,437,435
fixed_train,6,0,9,"ac370442, ac370443",4,0.99206948166042397,0.01375152785227407,437,436
fixed_train,6,0,9,"ac370442, ac370443",5,0.99206948166042397,0.013792102332654044,437,436
fixed_train,6,0,9,"ac370442, ac370443",6,0.99206948166042397,0.012553776813949424,437,435
fixed_train,6,0,9,"ac370442, ac370443",7,0.99206948166042397,0.011329311913680029,437,436
fixed_train,6,0,9,"ac370442, ac370443",8,0.99206948166042397,0.012480275756090897,437,433
fixed_train,6,0,9,"ac370442, ac370443",9,0.99206948166042397,0.009124242066216981,437,436
faithful_train,6,0,0,"370407, ac370000",0,0.99206948166042397,0.068540698881759843,464,462
faithful_train,6,0,0,"370407, ac370000",1,0.99206948166042397,0.18556962365510987,464,461
faithful_train,6,0,0,"370407, ac370000",2,0.99206948166042397,0.22828306772379126,464,456
faithful_train,6,0,0,"370407, ac370000",3,0.99206948166042397,0.24540361127863519,464,451
faithful_train,6,0,0,"370407, ac370000",4,0.99206948166042397,0.25971183104105466,464,446
faithful_train,6,0,0,"370407, ac370000",5,0.99206948166042397,0.25996304401531412,464,445
faithful_train,6,0,0,"370407, ac370000",6,0.99206948166042397,0.26247197197816852,464,440
faithful_train,6,0,0,"370407, ac370000",7,0.99206948166042397,0.25757067087591445,464,425
faithful_train,6,0,0,"370407, ac370000",8,0.99206948166042397,0.26466774369425561,464,432
faithful_train,6,0,0,"370407, ac370000",9,0.99206948166042397,0.26389091398769282,464,433
faithful_train,6,0,1,"ac370000, ac370419",0,0.99206948166042397,0.26610786838478828,456,456
faithful_train,6,0,1,"ac370000, ac370419",1,0.99206948166042397,0.26910282343095615,456,449
faithful_train,6,0,1,"ac370000, ac370419",2,0.99206948166042397,0.26982900055836467,456,444
faithful_train,6,0,1,"ac370000, ac370419",3,0.99206948166042397,0.2616885277157438,456,445
faithful_train,6,0,1,"ac370000, ac370419",4,0.99206948166042397,0.27134252368583345,456,432
faithful_train,6,0,1,"ac370000, ac370419",5,0.99206948166042397,0.2758672509691894,456,427
faithful_train,6,0,1,"ac370000, ac370419",6,0.99206948166042397,0.26833958775007627,456,433
faithful_train,6,0,1,"ac370000, ac370419",7,0.99206948166042397,0.27972678984468846,456,429
faithful_train,6,0,1,"ac370000, ac370419",8,0.99206948166042397,0.27359726464451761,456,427
faithful_train,6,0,1,"ac370000, ac370419",9,0.99206948166042397,0.27741817184387563,456,430
faithful_train,6,0,2,"370407, ac370000, ac370419",0,0.99206948166042397,0.2616885277157438,445,444
faithful_train,6,0,2,"370407, ac370000, ac370419",1,0.99206948166042397,0.25950051604061097,445,434
faithful_train,6,0,2,"370407, ac370000, ac370419",2,0.99206948166042397,0.26764695967276741,445,429
faithful_train,6,0,2,"370407, ac370000, ac370419",3,0.99206948166042397,0.25812300882463735,445,425
faithful_train,6,0,2,"370407, ac370000, ac370419",4,0.99206948166042397,0.258709311737232,445,426
faithful_train,6,0,2,"370407, ac370000, ac370419",5,0.99206948166042397,0.25596944451272841,445,423
faithful_train,6,0,2,"370407, ac370000, ac370419",6,0.99206948166042397,0.26687796269458586,445,420
faithful_train,6,0,2,"370407, ac370000, ac370419",7,0.99206948166042397,0.25652906010305321,445,425
faithful_train,6,0,2,"370407, ac370000, ac370419",8,0.99206948166042397,0.26389091398769282,445,423
faithful_train,6,0,2,"370407, ac370000, ac370419",9,0.99206948166042397,0.24457133119423691,445,413
faithful_train,6,0,3,"370407, ac370419",0,0.99206948166042397,0.24876952648203066,445,388
faithful_train,6,0,3,"370407, ac370419",1,0.99206948166042397,0.25812300882463735,445,419
faithful_train,6,0,3,"370407, ac370419",2,0.99206948166042397,0.25516685852281273,445,419
faithful_train,6,0,3,"370407, ac370419",3,0.99206948166042397,0.25463695607795311,445,415
faithful_train,6,0,3,"370407, ac370419",4,0.99206948166042397,0.24583581168406932,445,415
faithful_train,6,0,3,"370407, ac370419",5,0.99206948166042397,0.25382958160411762,445,411
faithful_train,6,0,3,"370407, ac370419",6,0.99206948166042397,0.24583581168406932,445,416
faithful_train,6,0,3,"370407, ac370419",7,0.99206948166042397,0.25088845688564909,445,415
faithful_train,6,0,3,"370407, ac370419",8,0.99206948166042397,0.25436292100249747,445,418
faithful_train,6,0,3,"370407, ac370419",9,0.99206948166042397,0.25812300882463735,445,418
faithful_train,6,0,4,"ac370000, ac370443",0,0.99206948166042397,0.26389091398769282,443,440
faithful_train,6,0,4,"ac370000, ac370443",1,0.99206948166042397,0.26466774369425561,443,436
faithful_train,6,0,4,"ac370000, ac370443",2,0.99206948166042397,0.26610786838478828,443,431
faithful_train,6,0,4,"ac370000, ac370443",3,0.99206948166042397,0.25436292100249747,443,424
faithful_train,6,0,4,"ac370000, ac370443",4,0.99206948166042397,0.25950051604061097,443,418
faithful_train,6,0,4,"ac370000, ac370443",5,0.99206948166042397,0.2609038652807999,443,421
faithful_train,6,0,4,"ac370000, ac370443",6,0.99206948166042397,0.25732668867867914,443,424
faithful_train,6,0,4,"ac370000, ac370443",7,0.99206948166042397,0.2609038652807999,443,417
faithful_train,6,0,4,"ac370000, ac370443",8,0.99206948166042397,0.26610786838478828,443,416
faithful_train,6,0,4,"ac370000, ac370443",9,0.99206948166042397,0.26833958775007627,443,417
faithful_train,6,0,5,"ac370000, ac370419, ac370443",0,0.99206948166042397,0.2609038652807999,442,440
faithful_train,6,0,5,"ac370000, ac370419, ac370443",1,0.99206948166042397,0.26910282343095615,442,431
faithful_train,6,0,5,"ac370000, ac370419, ac370443",2,0.99206948166042397,0.2609038652807999,442,424
faithful_train,6,0,5,"ac370000, ac370419, ac370443",3,0.99206948166042397,0.26757527998175634,442,417
faithful_train,6,0,5,"ac370000, ac370419, ac370443",4,0.99206948166042397,0.25732668867867914,442,416
faithful_train,6,0,5,"ac370000, ac370419, ac370443",5,0.99206948166042397,0.26610786838478828,442,413
faithful_train,6,0,5,"ac370000, ac370419, ac370443",6,0.99206948166042397,0.26764695967276741,442,406
faithful_train,6,0,5,"ac370000, ac370419, ac370443",7,0.99206948166042397,0.26982900055836467,442,412
faithful_train,6,0,5,"ac370000, ac370419, ac370443",8,0.99206948166042397,0.25732668867867914,442,418
faithful_train,6,0,5,"ac370000, ac370419, ac370443",9,0.99206948166042397,0.26389091398769282,442,414
faithful_train,6,0,6,"ac370419, ac370443",0,0.99206948166042397,0.26247197197816852,442,399
faithful_train,6,0,6,"ac370419, ac370443",1,0.99206948166042397,0.26389091398769282,442,412
faithful_train,6,0,6,"ac370419, ac370443",2,0.99206948166042397,0.26544342791572617,442,416
faithful_train,6,0,6,"ac370419, ac370443",3,0.99206948166042397,0.26466774369425561,442,417
faithful_train,6,0,6,"ac370419, ac370443",4,0.99206948166042397,0.26466774369425561,442,408
faithful_train,6,0,6,"ac370419, ac370443",5,0.99206948166042397,0.25950051604061097,442,418
faithful_train,6,0,6,"ac370419, ac370443",6,0.99206948166042397,0.26466774369425561,442,414
faithful_train,6,0,6,"ac370419, ac370443",7,0.99206948166042397,0.26389091398769282,442,417
faithful_train,6,0,6,"ac370419, ac370443",8,0.99206948166042397,0.25950051604061097,442,410
faithful_train,6,0,6,"ac370419, ac370443",9,0.99206948166042397,0.26466774369425561,442,410
faithful_train,6,0,7,"ac370000, ac370442",0,0.99206948166042397,0.26757527998175634,438,438
faithful_train,6,0,7,"ac370000, ac370442",1,0.99206948166042397,0.2653366518143192,438,431
faithful_train,6,0,7,"ac370000, ac370442",2,0.99206948166042397,0.26833958775007627,438,431
faithful_train,6,0,7,"ac370000, ac370442",3,0.99206948166042397,0.2616885277157438,438,428
faithful_train,6,0,7,"ac370000, ac370442",4,0.99206948166042397,0.2616885277157438,438,420
faithful_train,6,0,7,"ac370000, ac370442",5,0.99206948166042397,0.2653366518143192,438,426
faithful_train,6,0,7,"ac370000, ac370442",6,0.99206948166042397,0.258709311737232,438,420
faithful_train,6,0,7,"ac370000, ac370442",7,0.99206948166042397,0.26247197197816852,438,413
faithful_train,6,0,7,"ac370000, ac370442",8,0.99206948166042397,0.26311291333862041,438,408
faithful_train,6,0,7,"ac370000, ac370442",9,0.99206948166042397,0.258709311737232,438,417
faithful_train,6,0,8,"ac370000, ac370442, ac370443",0,0.99206948166042397,0.27058627231313692,437,433
faithful_train,6,0,8,"ac370000, ac370442, ac370443",1,0.99206948166042397,0.26910282343095615,437,427
faithful_train,6,0,8,"ac370000, ac370442, ac370443",2,0.99206948166042397,0.26833958775007627,437,425
faithful_train,6,0,8,"ac370000, ac370442, ac370443",3,0.99206948166042397,0.26247197197816852,437,425
faithful_train,6,0,8,"ac370000, ac370442, ac370443",4,0.99206948166042397,0.25652906010305321,437,415
faithful_train,6,0,8,"ac370000, ac370442, ac370443",5,0.99206948166042397,0.26757527998175634,437,410
faithful_train,6,0,8,"ac370000, ac370442, ac370443",6,0.99206948166042397,0.25950051604061097,437,412
faithful_train,6,0,8,"ac370000, ac370442, ac370443",7,0.99206948166042397,0.2616885277157438,437,412
faithful_train,6,0,8,"ac370000, ac370442, ac370443",8,0.99206948166042397,0.258709311737232,437,412
faithful_train,6,0,8,"ac370000, ac370442, ac370443",9,0.99206948166042397,0.26389091398769282,437,423
faithful_train,6,0,9,"ac370442, ac370443",0,0.99206948166042397,0.26687796269458586,437,395
faithful_train,6,0,9,"ac370442, ac370443",1,0.99206948166042397,0.2653366518143192,437,409
faithful_train,6,0,9,"ac370442, ac370443",2,0.99206948166042397,0.2609038652807999,437,409
faithful_train,6,0,9,"ac370442, ac370443",3,0.99206948166042397,0.26610786838478828,437,409
faithful_train,6,0,9,"ac370442, ac370443",4,0.99206948166042397,0.26311291333862041,437,412
faithful_train,6,0,9,"ac370442, ac370443",5,0.99206948166042397,0.2616885277157438,437,405
faithful_train,6,0,9,"ac370442, ac370443",6,0.99206948166042397,0.26389091398769282,437,402
faithful_train,6,0,9,"ac370442, ac370443",7,0.99206948166042397,0.26389091398769282,437,402
faithful_train,6,0,9,"ac370442, ac370443",8,0.99206948166042397,0.26247197197816852,437,405
faithful_train,6,0,9,"ac370442, ac370443",9,0.99206948166042397,0.25950051604061097,437,404
fixed_test,6,1,0,"370407, ac370000",0,0.94912185598356602,0.01471647728470904,118,116
fixed_test,6,1,0,"370407, ac370000",1,0.94912185598356602,0.019092571115571388,118,117
fixed_test,6,1,0,"370407, ac370000",2,0.94912185598356602,0.019092571115571388,118,118
fixed_test,6,1,0,"370407, ac370000",3,0.94912185598356602,0.017944057667706459,118,116
fixed_test,6,1,0,"370407, ac370000",4,0.94912185598356602,0.014147732924336576,118,114
fixed_test,6,1,0,"370407, ac370000",5,0.94912185598356602,0.019092571115571388,118,117
fixed_test,6,1,0,"370407, ac370000",6,0.94912185598356602,0.01471647728470904,118,117
fixed_test,6,1,0,"370407, ac370000",7,0.94912185598356602,0.028421999799838726,118,115
fixed_test,6,1,0,"370407, ac370000",8,0.94912185598356602,0.019092571115571388,118,118
fixed_test,6,1,0,"370407, ac370000",9,0.94912185598356602,0.018501143278703225,118,117
fixed_test,6,1,1,"ac370000, ac370419",0,0.94912185598356602,0.023437143915875258,112,112
fixed_test,6,1,1,"ac370000, ac370419",1,0.94912185598356602,0.0048583219327978933,112,112
fixed_test,6,1,1,"ac370000, ac370419",2,0.94912185598356602,0.0097631424313041615,112,111
fixed_test,6,1,1,"ac370000, ac370419",3,0.94912185598356602,0.0092505716393515014,112,112
fixed_test,6,1,1,"ac370000, ac370419",4,0.94912185598356602,0.0087677641098211634,112,111
fixed_test,6,1,1,"ac370000, ac370419",5,0.94912185598356602,0.013611992671978546,112,109
fixed_test,6,1,1,"ac370000, ac370419",6,0.94912185598356602,0.019092571115571388,112,112
fixed_test,6,1,1,"ac370000, ac370419",7,0.94912185598356602,0.0043991160022053277,112,112
fixed_test,6,1,1,"ac370000, ac370419",8,0.94912185598356602,0.0097631424313041615,112,111
fixed_test,6,1,1,"ac370000, ac370419",9,0.94912185598356602,0.03272655490741383,112,111
fixed_test,6,1,2,"370407, ac370000, ac370419",0,0.94912185598356602,0.01471647728470904,109,109
fixed_test,6,1,2,"370407, ac370000, ac370419",1,0.94912185598356602,0.014147732924336576,109,108
fixed_test,6,1,2,"370407, ac370000, ac370419",2,0.94912185598356602,0.019092571115571388,109,109
fixed_test,6,1,2,"370407, ac370000, ac370419",3,0.94912185598356602,0.019092571115571388,109,109
fixed_test,6,1,2,"370407, ac370000, ac370419",4,0.94912185598356602,0.0097631424313041615,109,109
fixed_test,6,1,2,"370407, ac370000, ac370419",5,0.94912185598356602,0.0043991160022053277,109,108
fixed_test,6,1,2,"370407, ac370000, ac370419",6,0.94912185598356602,0.0097631424313041615,109,109
fixed_test,6,1,2,"370407, ac370000, ac370419",7,0.94912185598356602,0.01471647728470904,109,109
fixed_test,6,1,2,"370407, ac370000, ac370419",8,0.94912185598356602,0.01471647728470904,109,109
fixed_test,6,1,2,"370407, ac370000, ac370419",9,0.94912185598356602,0.0092505716393515014,109,109
fixed_test,6,1,3,"370407, ac370419",0,0.94912185598356602,0.0043991160022053277,109,107
fixed_test,6,1,3,"370407, ac370419",1,0.94912185598356602,0.01471647728470904,109,109
fixed_test,6,1,3,"370407, ac370419",2,0.94912185598356602,0,109,108
fixed_test,6,1,3,"370407, ac370419",3,0.94912185598356602,0.013611992671978546,109,109
fixed_test,6,1,3,"370407, ac370419",4,0.94912185598356602,0.017944057667706459,109,108
fixed_test,6,1,3,"370407, ac370419",5,0.94912185598356602,0.0097631424313041615,109,109
fixed_test,6,1,3,"370407, ac370419",6,0.94912185598356602,0.013611992671978546,109,108
fixed_test,6,1,3,"370407, ac370419",7,0.94912185598356602,0.0043991160022053277,109,108
fixed_test,6,1,3,"370407, ac370419",8,0.94912185598356602,0.0048583219327978933,109,109
fixed_test,6,1,3,"370407, ac370419",9,0.94912185598356602,0.0097631424313041615,109,109
fixed_test,6,1,4,"ac370000, ac370443",0,0.94912185598356602,0.0043991160022053277,109,109
fixed_test,6,1,4,"ac370000, ac370443",1,0.94912185598356602,0.0043991160022053277,109,108
fixed_test,6,1,4,"ac370000, ac370443",2,0.94912185598356602,0.0087677641098211634,109,106
fixed_test,6,1,4,"ac370000, ac370443",3,0.94912185598356602,0.0092505716393515014,109,109
fixed_test,6,1,4,"ac370000, ac370443",4,0.94912185598356602,0.0048583219327978933,109,108
fixed_test,6,1,4,"ac370000, ac370443",5,0.94912185598356602,0.0092505716393515014,109,108
fixed_test,6,1,4,"ac370000, ac370443",6,0.94912185598356602,0.013611992671978546,109,109
fixed_test,6,1,4,"ac370000, ac370443",7,0.94912185598356602,0.0097631424313041615,109,109
fixed_test,6,1,4,"ac370000, ac370443",8,0.94912185598356602,0.0097631424313041615,109,108
fixed_test,6,1,4,"ac370000, ac370443",9,0.94912185598356602,0.013611992671978546,109,108
fixed_test,6,1,5,"ac370000, ac370419, ac370443",0,0.94912185598356602,0.019092571115571388,109,109
fixed_test,6,1,5,"ac370000, ac370419, ac370443",1,0.94912185598356602,0.0048583219327978933,109,108
fixed_test,6,1,5,"ac370000, ac370419, ac370443",2,0.94912185598356602,0.013611992671978546,109,109
fixed_test,6,1,5,"ac370000, ac370419, ac370443",3,0.94912185598356602,0.0048583219327978933,109,109
fixed_test,6,1,5,"ac370000, ac370419, ac370443",4,0.94912185598356602,-0.0048137606675677791,109,109
fixed_test,6,1,5,"ac370000, ac370419, ac370443",5,0.94912185598356602,0.0048583219327978933,109,109
fixed_test,6,1,5,"ac370000, ac370419, ac370443",6,0.94912185598356602,0.0043991160022053277,109,109
fixed_test,6,1,5,"ac370000, ac370419, ac370443",7,0.94912185598356602,0.0097631424313041615,109,109
fixed_test,6,1,5,"ac370000, ac370419, ac370443",8,0.94912185598356602,0.018501143278703225,109,109
fixed_test,6,1,5,"ac370000, ac370419, ac370443",9,0.94912185598356602,0.0048583219327978933,109,109
fixed_test,6,1,6,"ac370419, ac370443",0,0.94912185598356602,0,109,109
fixed_test,6,1,6,"ac370419, ac370443",1,0.94912185598356602,0.0048583219327978933,109,109
fixed_test,6,1,6,"ac370419, ac370443",2,0.94912185598356602,0,109,108
fixed_test,6,1,6,"ac370419, ac370443",3,0.94912185598356602,0.0043991160022053277,109,109
fixed_test,6,1,6,"ac370419, ac370443",4,0.94912185598356602,0,109,109
fixed_test,6,1,6,"ac370419, ac370443",5,0.94912185598356602,0.0043991160022053277,109,109
fixed_test,6,1,6,"ac370419, ac370443",6,0.94912185598356602,0,109,109
fixed_test,6,1,6,"ac370419, ac370443",7,0.94912185598356602,0,109,109
fixed_test,6,1,6,"ac370419, ac370443",8,0.94912185598356602,0,109,109
fixed_test,6,1,6,"ac370419, ac370443",9,0.94912185598356602,0,109,109
fixed_test,6,1,7,"ac370000, ac370442",0,0.94912185598356602,0.014147732924336576,108,108
fixed_test,6,1,7,"ac370000, ac370442",1,0.94912185598356602,0.014147732924336576,108,108
fixed_test,6,1,7,"ac370000, ac370442",2,0.94912185598356602,0.0097631424313041615,108,108
fixed_test,6,1,7,"ac370000, ac370442",3,0.94912185598356602,0,108,108
fixed_test,6,1,7,"ac370000, ac370442",4,0.94912185598356602,0.0048583219327978933,108,106
fixed_test,6,1,7,"ac370000, ac370442",5,0.94912185598356602,0.0092505716393515014,108,107
fixed_test,6,1,7,"ac370000, ac370442",6,0.94912185598356602,0.028421999799838726,108,106
fixed_test,6,1,7,"ac370000, ac370442",7,0.94912185598356602,0.0039666028184037749,108,108
fixed_test,6,1,7,"ac370000, ac370442",8,0.94912185598356602,0.014147732924336576,108,107
fixed_test,6,1,7,"ac370000, ac370442",9,0.94912185598356602,0.0097631424313041615,108,107
fixed_test,6,1,8,"ac370000, ac370442, ac370443",0,0.94912185598356602,0.0092505716393515014,107,107
fixed_test,6,1,8,"ac370000, ac370442, ac370443",1,0.94912185598356602,0,107,107
fixed_test,6,1,8,"ac370000, ac370442, ac370443",2,0.94912185598356602,0.014147732924336576,107,107
fixed_test,6,1,8,"ac370000, ac370442, ac370443",3,0.94912185598356602,0,107,107
fixed_test,6,1,8,"ac370000, ac370442, ac370443",4,0.94912185598356602,0.019092571115571388,107,107
fixed_test,6,1,8,"ac370000, ac370442, ac370443",5,0.94912185598356602,0.0092505716393515014,107,107
fixed_test,6,1,8,"ac370000, ac370442, ac370443",6,0.94912185598356602,0.0097631424313041615,107,107
fixed_test,6,1,8,"ac370000, ac370442, ac370443",7,0.94912185598356602,0.0097631424313041615,107,107
fixed_test,6,1,8,"ac370000, ac370442, ac370443",8,0.94912185598356602,0.019092571115571388,107,107
fixed_test,6,1,8,"ac370000, ac370442, ac370443",9,0.94912185598356602,0.019092571115571388,107,107
fixed_test,6,1,9,"ac370442, ac370443",0,0.94912185598356602,0,107,107
fixed_test,6,1,9,"ac370442, ac370443",1,0.94912185598356602,0,107,107
fixed_test,6,1,9,"ac370442, ac370443",2,0.94912185598356602,0,107,107
fixed_test,6,1,9,"ac370442, ac370443",3,0.94912185598356602,0,107,107
fixed_test,6,1,9,"ac370442, ac370443",4,0.94912185598356602,0,107,106
fixed_test,6,1,9,"ac370442, ac370443",5,0.94912185598356602,0,107,107
fixed_test,6,1,9,"ac370442, ac370443",6,0.94912185598356602,0,107,106
fixed_test,6,1,9,"ac370442, ac370443",7,0.94912185598356602,0,107,107
fixed_test,6,1,9,"ac370442, ac370443",8,0.94912185598356602,0,107,107
fixed_test,6,1,9,"ac370442, ac370443",9,0.94912185598356602,0.0043991160022053277,107,107
fixed_train,6,1,0,"370407, ac370000",0,0.99548530825606885,0.040274278626422411,468,465
fixed_train,6,1,0,"370407, ac370000",1,0.99548530825606885,0.037895469381930114,468,465
fixed_train,6,1,0,"370407, ac370000",2,0.99548530825606885,0.042663305066583668,468,466
fixed_train,6,1,0,"370407, ac370000",3,0.99548530825606885,0.042663305066583668,468,462
fixed_train,6,1,0,"370407, ac370000",4,0.99548530825606885,0.039000080066019405,468,466
fixed_train,6,1,0,"370407, ac370000",5,0.99548530825606885,0.034345943903617449,468,465
fixed_train,6,1,0,"370407, ac370000",6,0.99548530825606885,0.034494315415582233,468,463
fixed_train,6,1,0,"370407, ac370000",7,0.99548530825606885,0.034494315415582233,468,465
fixed_train,6,1,0,"370407, ac370000",8,0.99548530825606885,0.034201927698944035,468,468
fixed_train,6,1,0,"370407, ac370000",9,0.99548530825606885,0.036869281827090483,468,467
fixed_train,6,1,1,"ac370000, ac370419",0,0.99548530825606885,0.03560302823999173,458,456
fixed_train,6,1,1,"ac370000, ac370419",1,0.99548530825606885,0.037977408351019815,458,456
fixed_train,6,1,1,"ac370000, ac370419",2,0.99548530825606885,0.034570172184255843,458,457
fixed_train,6,1,1,"ac370000, ac370419",3,0.99548530825606885,0.035526662503995499,458,453
fixed_train,6,1,1,"ac370000, ac370419",4,0.99548530825606885,0.036788962895553556,458,456
fixed_train,6,1,1,"ac370000, ac370419",5,0.99548530825606885,0.028725704814176245,458,452
fixed_train,6,1,1,"ac370000, ac370419",6,0.99548530825606885,0.038678128920877297,458,455
fixed_train,6,1,1,"ac370000, ac370419",7,0.99548530825606885,0.036788962895553556,458,455
fixed_train,6,1,1,"ac370000, ac370419",8,0.99548530825606885,0.033310587098053235,458,454
fixed_train,6,1,1,"ac370000, ac370419",9,0.99548530825606885,0.038756824103988063,458,455
fixed_train,6,1,2,"370407, ac370000, ac370419",0,0.99548530825606885,0.031156476576214343,449,449
fixed_train,6,1,2,"370407, ac370000, ac370419",1,0.99548530825606885,0.040450910911853044,449,449
fixed_train,6,1,2,"370407, ac370000, ac370419",2,0.99548530825606885,0.036869281827090483,449,449
fixed_train,6,1,2,"370407, ac370000, ac370419",3,0.99548530825606885,0.030950507732803945,449,449
fixed_train,6,1,2,"370407, ac370000, ac370419",4,0.99548530825606885,0.035920093491282667,449,449
fixed_train,6,1,2,"370407, ac370000, ac370419",5,0.99548530825606885,0.03241707092984214,449,449
fixed_train,6,1,2,"370407, ac370000, ac370419",6,0.99548530825606885,0.033383667800214178,449,449
fixed_train,6,1,2,"370407, ac370000, ac370419",7,0.99548530825606885,0.03560302823999173,449,449
fixed_train,6,1,2,"370407, ac370000, ac370419",8,0.99548530825606885,0.032199667935610798,449,448
fixed_train,6,1,2,"370407, ac370000, ac370419",9,0.99548530825606885,0.029774104415670632,449,449
fixed_train,6,1,3,"370407, ac370419",0,0.99548530825606885,0.013606958893448873,449,446
fixed_train,6,1,3,"370407, ac370419",1,0.99548530825606885,0.019376688402465536,449,447
fixed_train,6,1,3,"370407, ac370419",2,0.99548530825606885,0.02174875655666364,449,449
fixed_train,6,1,3,"370407, ac370419",3,0.99548530825606885,0.019376688402465536,449,449
fixed_train,6,1,3,"370407, ac370419",4,0.99548530825606885,0.027428441634352985,449,447
fixed_train,6,1,3,"370407, ac370419",5,0.99548530825606885,0.017062264369540059,449,444
fixed_train,6,1,3,"370407, ac370419",6,0.99548530825606885,0.020491678114642142,449,446
fixed_train,6,1,3,"370407, ac370419",7,0.99548530825606885,0.016985888778466851,449,449
fixed_train,6,1,3,"370407, ac370419",8,0.99548530825606885,0.018177568235082542,449,448
fixed_train,6,1,3,"370407, ac370419",9,0.99548530825606885,0.019290998854777919,449,448
fixed_train,6,1,4,"ac370000, ac370443",0,0.99548530825606885,0.026493056974006057,448,446
fixed_train,6,1,4,"ac370000, ac370443",1,0.99548530825606885,0.028538673773780721,448,446
fixed_train,6,1,4,"ac370000, ac370443",2,0.99548530825606885,0.018218371763862762,448,448
fixed_train,6,1,4,"ac370000, ac370443",3,0.99548530825606885,0.031086797524811471,448,445
fixed_train,6,1,4,"ac370000, ac370443",4,0.99548530825606885,0.021604781446060151,448,447
fixed_train,6,1,4,"ac370000, ac370443",5,0.99548530825606885,0.027488184671697002,448,447
fixed_train,6,1,4,"ac370000, ac370443",6,0.99548530825606885,0.025202264927723705,448,444
fixed_train,6,1,4,"ac370000, ac370443",7,0.99548530825606885,0.020491678114642142,448,445
fixed_train,6,1,4,"ac370000, ac370443",8,0.99548530825606885,0.034273398786842546,448,445
fixed_train,6,1,4,"ac370000, ac370443",9,0.99548530825606885,0.030883869009044607,448,443
fixed_train,6,1,5,"ac370000, ac370419, ac370443",0,0.99548530825606885,0.034345943903617449,446,446
fixed_train,6,1,5,"ac370000, ac370419, ac370443",1,0.99548530825606885,0.02971009401851632,446,446
fixed_train,6,1,5,"ac370000, ac370419, ac370443",2,0.99548530825606885,0.034419577770235188,446,446
fixed_train,6,1,5,"ac370000, ac370419, ac370443",3,0.99548530825606885,0.033310587098053235,446,446
fixed_train,6,1,5,"ac370000, ac370419, ac370443",4,0.99548530825606885,0.027428441634352985,446,446
fixed_train,6,1,5,"ac370000, ac370419, ac370443",5,0.99548530825606885,0.034273398786842546,446,445
fixed_train,6,1,5,"ac370000, ac370419, ac370443",6,0.99548530825606885,0.030950507732803945,446,445
fixed_train,6,1,5,"ac370000, ac370419, ac370443",7,0.99548530825606885,0.027254472226687865,446,446
fixed_train,6,1,5,"ac370000, ac370419, ac370443",8,0.99548530825606885,0.031018145956114851,446,446
fixed_train,6,1,5,"ac370000, ac370419, ac370443",9,0.99548530825606885,0.034419577770235188,446,444
fixed_train,6,1,6,"ac370419, ac370443",0,0.99548530825606885,0.011341752563776453,446,444
fixed_train,6,1,6,"ac370419, ac370443",1,0.99548530825606885,0.012489372969432422,446,445
fixed_train,6,1,6,"ac370419, ac370443",2,0.99548530825606885,0.015908342237181072,446,443
fixed_train,6,1,6,"ac370419, ac370443",3,0.99548530825606885,0.011341752563776453,446,445
fixed_train,6,1,6,"ac370419, ac370443",4,0.99548530825606885,0.013606958893448873,446,444
fixed_train,6,1,6,"ac370419, ac370443",5,0.99548530825606885,0.012519747293019856,446,445
fixed_train,6,1,6,"ac370419, ac370443",6,0.99548530825606885,0.010222164340984108,446,443
fixed_train,6,1,6,"ac370419, ac370443",7,0.99548530825606885,0.012459450773751546,446,443
fixed_train,6,1,6,"ac370419, ac370443",8,0.99548530825606885,0.013704893876245405,446,443
fixed_train,6,1,6,"ac370419, ac370443",9,0.99548530825606885,0.014756581597880958,446,446
fixed_train,6,1,7,"ac370000, ac370442",0,0.99548530825606885,0.033238585118399722,443,442
fixed_train,6,1,7,"ac370000, ac370442",1,0.99548530825606885,0.02637435296161228,443,442
fixed_train,6,1,7,"ac370000, ac370442",2,0.99548530825606885,0.027548824326558585,443,442
fixed_train,6,1,7,"ac370000, ac370442",3,0.99548530825606885,0.026259131324283369,443,442
fixed_train,6,1,7,"ac370000, ac370442",4,0.99548530825606885,0.030818216223278072,443,440
fixed_train,6,1,7,"ac370000, ac370442",5,0.99548530825606885,0.033238585118399722,443,440
fixed_train,6,1,7,"ac370000, ac370442",6,0.99548530825606885,0.023979588874785907,443,440
fixed_train,6,1,7,"ac370000, ac370442",7,0.99548530825606885,0.022764984465421745,443,440
fixed_train,6,1,7,"ac370000, ac370442",8,0.99548530825606885,0.031018145956114851,443,442
fixed_train,6,1,7,"ac370000, ac370442",9,0.99548530825606885,0.021798198190420615,443,440
fixed_train,6,1,8,"ac370000, ac370442, ac370443",0,0.99548530825606885,0.033238585118399722,442,442
fixed_train,6,1,8,"ac370000, ac370442, ac370443",1,0.99548530825606885,0.03316764712213971,442,442
fixed_train,6,1,8,"ac370000, ac370442, ac370443",2,0.99548530825606885,0.035680538075616886,442,442
fixed_train,6,1,8,"ac370000, ac370442, ac370443",3,0.99548530825606885,0.025202264927723705,442,442
fixed_train,6,1,8,"ac370000, ac370442, ac370443",4,0.99548530825606885,0.024086275576016503,442,441
fixed_train,6,1,8,"ac370000, ac370442, ac370443",5,0.99548530825606885,0.042663305066583668,442,442
fixed_train,6,1,8,"ac370000, ac370442, ac370443",6,0.99548530825606885,0.028662430347208057,442,442
fixed_train,6,1,8,"ac370000, ac370442, ac370443",7,0.99548530825606885,0.034345943903617449,442,442
fixed_train,6,1,8,"ac370000, ac370442, ac370443",8,0.99548530825606885,0.028662430347208057,442,442
fixed_train,6,1,8,"ac370000, ac370442, ac370443",9,0.99548530825606885,0.029971952898586895,442,442
fixed_train,6,1,9,"ac370442, ac370443",0,0.99548530825606885,0.011314034094093928,442,439
fixed_train,6,1,9,"ac370442, ac370443",1,0.99548530825606885,0.015908342237181072,442,439
fixed_train,6,1,9,"ac370442, ac370443",2,0.99548530825606885,0.012459450773751546,442,441
fixed_train,6,1,9,"ac370442, ac370443",3,0.99548530825606885,0.012459450773751546,442,442
fixed_train,6,1,9,"ac370442, ac370443",4,0.99548530825606885,0.010222164340984108,442,435
fixed_train,6,1,9,"ac370442, ac370443",5,0.99548530825606885,0.01014552173422667,442,438
fixed_train,6,1,9,"ac370442, ac370443",6,0.99548530825606885,0.0079113970423971836,442,442
fixed_train,6,1,9,"ac370442, ac370443",7,0.99548530825606885,0.015801421103759039,442,437
fixed_train,6,1,9,"ac370442, ac370443",8,0.99548530825606885,0.0068113399044313905,442,441
fixed_train,6,1,9,"ac370442, ac370443",9,0.99548530825606885,0.013575280642383225,442,440
faithful_train,6,1,0,"370407, ac370000",0,0.99548530825606885,0.04726603646273142,468,466
faithful_train,6,1,0,"370407, ac370000",1,0.99548530825606885,0.1118599408594394,468,465
faithful_train,6,1,0,"370407, ac370000",2,0.99548530825606885,0.18527935508455262,468,462
faithful_train,6,1,0,"370407, ac370000",3,0.99548530825606885,0.24464119337738921,468,454
faithful_train,6,1,0,"370407, ac370000",4,0.99548530825606885,0.25259694223450091,468,445
faithful_train,6,1,0,"370407, ac370000",5,0.99548530825606885,0.25213743196293814,468,447
faithful_train,6,1,0,"370407, ac370000",6,0.99548530825606885,0.25170974742245944,468,442
faithful_train,6,1,0,"370407, ac370000",7,0.99548530825606885,0.25500505345686975,468,434
faithful_train,6,1,0,"370407, ac370000",8,0.99548530825606885,0.25336018008508621,468,452
faithful_train,6,1,0,"370407, ac370000",9,0.99548530825606885,0.25542387855337756,468,449
faithful_train,6,1,1,"ac370000, ac370419",0,0.99548530825606885,0.25336018008508621,458,457
faithful_train,6,1,1,"ac370000, ac370419",1,0.99548530825606885,0.25928219385972795,458,454
faithful_train,6,1,1,"ac370000, ac370419",2,0.99548530825606885,0.27228640191346576,458,446
faithful_train,6,1,1,"ac370000, ac370419",3,0.99548530825606885,0.27393757639326455,458,440
faithful_train,6,1,1,"ac370000, ac370419",4,0.99548530825606885,0.25928219385972795,458,437
faithful_train,6,1,1,"ac370000, ac370419",5,0.99548530825606885,0.27239926358252431,458,437
faithful_train,6,1,1,"ac370000, ac370419",6,0.99548530825606885,0.26221327036643527,458,433
faithful_train,6,1,1,"ac370000, ac370419",7,0.99548530825606885,0.26514434687314259,458,429
faithful_train,6,1,1,"ac370000, ac370419",8,0.99548530825606885,0.26276835717173186,458,433
faithful_train,6,1,1,"ac370000, ac370419",9,0.99548530825606885,0.27526275775924414,458,428
faithful_train,6,1,2,"370407, ac370000, ac370419",0,0.99548530825606885,0.2600863958659253,449,448
faithful_train,6,1,2,"370407, ac370000, ac370419",1,0.99548530825606885,0.26867516488257537,449,435
faithful_train,6,1,2,"370407, ac370000, ac370419",2,0.99548530825606885,0.25668685694167837,449,426
faithful_train,6,1,2,"370407, ac370000, ac370419",3,0.99548530825606885,0.25668685694167837,449,423
faithful_train,6,1,2,"370407, ac370000, ac370419",4,0.99548530825606885,0.26221327036643527,449,426
faithful_train,6,1,2,"370407, ac370000, ac370419",5,0.99548530825606885,0.26650747729898272,449,422
faithful_train,6,1,2,"370407, ac370000, ac370419",6,0.99548530825606885,0.25750013022847951,449,418
faithful_train,6,1,2,"370407, ac370000, ac370419",7,0.99548530825606885,0.25336018008508621,449,424
faithful_train,6,1,2,"370407, ac370000, ac370419",8,0.99548530825606885,0.25716262694205949,449,420
faithful_train,6,1,2,"370407, ac370000, ac370419",9,0.99548530825606885,0.25716262694205949,449,424
faithful_train,6,1,3,"370407, ac370419",0,0.99548530825606885,0.25635111735302052,449,398
faithful_train,6,1,3,"370407, ac370419",1,0.99548530825606885,0.26061569101544113,449,410
faithful_train,6,1,3,"370407, ac370419",2,0.99548530825606885,0.2534200408463132,449,419
faithful_train,6,1,3,"370407, ac370419",3,0.99548530825606885,0.25505624797875681,449,423
faithful_train,6,1,3,"370407, ac370419",4,0.99548530825606885,0.25253567221674078,449,422
faithful_train,6,1,3,"370407, ac370419",5,0.99548530825606885,0.25505624797875681,449,418
faithful_train,6,1,3,"370407, ac370419",6,0.99548530825606885,0.24881455601944935,449,425
faithful_train,6,1,3,"370407, ac370419",7,0.99548530825606885,0.26593393371365703,449,414
faithful_train,6,1,3,"370407, ac370419",8,0.99548530825606885,0.25587223850315111,449,410
faithful_train,6,1,3,"370407, ac370419",9,0.99548530825606885,0.26221327036643527,449,412
faithful_train,6,1,4,"ac370000, ac370443",0,0.99548530825606885,0.26221327036643527,448,448
faithful_train,6,1,4,"ac370000, ac370443",1,0.99548530825606885,0.2657217610271535,448,444
faithful_train,6,1,4,"ac370000, ac370443",2,0.99548530825606885,0.25928219385972795,448,442
faithful_train,6,1,4,"ac370000, ac370443",3,0.99548530825606885,0.25505624797875681,448,433
faithful_train,6,1,4,"ac370000, ac370443",4,0.99548530825606885,0.25981495331631022,448,425
faithful_train,6,1,4,"ac370000, ac370443",5,0.99548530825606885,0.2680754233798498,448,428
faithful_train,6,1,4,"ac370000, ac370443",6,0.99548530825606885,0.25635111735302052,448,420
faithful_train,6,1,4,"ac370000, ac370443",7,0.99548530825606885,0.2600863958659253,448,416
faithful_train,6,1,4,"ac370000, ac370443",8,0.99548530825606885,0.26221327036643527,448,417
faithful_train,6,1,4,"ac370000, ac370443",9,0.99548530825606885,0.26276835717173186,448,425
faithful_train,6,1,5,"ac370000, ac370419, ac370443",0,0.99548530825606885,0.25928219385972795,446,443
faithful_train,6,1,5,"ac370000, ac370419, ac370443",1,0.99548530825606885,0.25587223850315111,446,435
faithful_train,6,1,5,"ac370000, ac370419, ac370443",2,0.99548530825606885,0.25005353615126102,446,426
faithful_train,6,1,5,"ac370000, ac370419, ac370443",3,0.99548530825606885,0.26356158415721187,446,424
faithful_train,6,1,5,"ac370000, ac370419, ac370443",4,0.99548530825606885,0.24798013865215784,446,427
faithful_train,6,1,5,"ac370000, ac370419, ac370443",5,0.99548530825606885,0.249647465880104,446,419
faithful_train,6,1,5,"ac370000, ac370419, ac370443",6,0.99548530825606885,0.25981495331631022,446,414
faithful_train,6,1,5,"ac370000, ac370419, ac370443",7,0.99548530825606885,0.25750013022847951,446,426
faithful_train,6,1,5,"ac370000, ac370419, ac370443",8,0.99548530825606885,0.25797277539137131,446,418
faithful_train,6,1,5,"ac370000, ac370419, ac370443",9,0.99548530825606885,0.23951938217346358,446,421
faithful_train,6,1,6,"ac370419, ac370443",0,0.99548530825606885,0.24387105320683056,446,404
faithful_train,6,1,6,"ac370419, ac370443",1,0.99548530825606885,0.24066694598721206,446,420
faithful_train,6,1,6,"ac370419, ac370443",2,0.99548530825606885,0.24066694598721206,446,424
faithful_train,6,1,6,"ac370419, ac370443",3,0.99548530825606885,0.24268560978905784,446,416
faithful_train,6,1,6,"ac370419, ac370443",4,0.99548530825606885,0.24556003189990661,446,418
faithful_train,6,1,6,"ac370419, ac370443",5,0.99548530825606885,0.23666518247852331,446,415
faithful_train,6,1,6,"ac370419, ac370443",6,0.99548530825606885,0.24438194846962003,446,409
faithful_train,6,1,6,"ac370419, ac370443",7,0.99548530825606885,0.24759761311683992,446,413
faithful_train,6,1,6,"ac370419, ac370443",8,0.99548530825606885,0.24268560978905784,446,417
faithful_train,6,1,6,"ac370419, ac370443",9,0.99548530825606885,0.24152106754762526,446,418
faithful_train,6,1,7,"ac370000, ac370442",0,0.99548530825606885,0.25716262694205949,443,442
faithful_train,6,1,7,"ac370000, ac370442",1,0.99548530825606885,0.26867516488257537,443,436
faithful_train,6,1,7,"ac370000, ac370442",2,0.99548530825606885,0.25505624797875681,443,433
faithful_train,6,1,7,"ac370000, ac370442",3,0.99548530825606885,0.25797277539137131,443,426
faithful_train,6,1,7,"ac370000, ac370442",4,0.99548530825606885,0.24675925954346722,443,413
faithful_train,6,1,7,"ac370000, ac370442",5,0.99548530825606885,0.2657217610271535,443,417
faithful_train,6,1,7,"ac370000, ac370442",6,0.99548530825606885,0.26460029203098634,443,415
faithful_train,6,1,7,"ac370000, ac370442",7,0.99548530825606885,0.26711534981051244,443,409
faithful_train,6,1,7,"ac370000, ac370442",8,0.99548530825606885,0.26276835717173186,443,403
faithful_train,6,1,7,"ac370000, ac370442",9,0.99548530825606885,0.25668685694167837,443,409
faithful_train,6,1,8,"ac370000, ac370442, ac370443",0,0.99548530825606885,0.2657217610271535,442,441
faithful_train,6,1,8,"ac370000, ac370442, ac370443",1,0.99548530825606885,0.25088237808199798,442,430
faithful_train,6,1,8,"ac370000, ac370442, ac370443",2,0.99548530825606885,0.25635111735302052,442,430
faithful_train,6,1,8,"ac370000, ac370442, ac370443",3,0.99548530825606885,0.25296288732720607,442,418
faithful_train,6,1,8,"ac370000, ac370442, ac370443",4,0.99548530825606885,0.25505624797875681,442,418
faithful_train,6,1,8,"ac370000, ac370442, ac370443",5,0.99548530825606885,0.26276835717173186,442,420
faithful_train,6,1,8,"ac370000, ac370442, ac370443",6,0.99548530825606885,0.25505624797875681,442,418
faithful_train,6,1,8,"ac370000, ac370442, ac370443",7,0.99548530825606885,0.26356158415721187,442,429
faithful_train,6,1,8,"ac370000, ac370442, ac370443",8,0.99548530825606885,0.25505624797875681,442,423
faithful_train,6,1,8,"ac370000, ac370442, ac370443",9,0.99548530825606885,0.25624146356920918,442,422
faithful_train,6,1,9,"ac370442, ac370443",0,0.99548530825606885,0.2616909408550413,442,398
faithful_train,6,1,9,"ac370442, ac370443",1,0.99548530825606885,0.26356158415721187,442,418
faithful_train,6,1,9,"ac370442, ac370443",2,0.99548530825606885,0.26039532163148971,442,406
faithful_train,6,1,9,"ac370442, ac370443",3,0.99548530825606885,0.26460029203098634,442,406
faithful_train,6,1,9,"ac370442, ac370443",4,0.99548530825606885,0.26514434687314259,442,407
faithful_train,6,1,9,"ac370442, ac370443",5,0.99548530825606885,0.25750013022847951,442,404
faithful_train,6,1,9,"ac370442, ac370443",6,0.99548530825606885,0.25668685694167837,442,409
faithful_train,6,1,9,"ac370442, ac370443",7,0.99548530825606885,0.26088930280398559,442,417
faithful_train,6,1,9,"ac370442, ac370443",8,0.99548530825606885,0.25378461751183801,442,416
faithful_train,6,1,9,"ac370442, ac370443",9,0.99548530825606885,0.25418329823245267,442,416
fixed_test,6,2,0,"370407, ac370000",0,0.94629596661527005,0.022620837630406676,116,116
fixed_test,6,2,0,"370407, ac370000",1,0.94629596661527005,0.0046620444503743252,116,116
fixed_test,6,2,0,"370407, ac370000",2,0.94629596661527005,0.017901344461576763,116,115
fixed_test,6,2,0,"370407, ac370000",3,0.94629596661527005,0.013641441040390556,116,116
fixed_test,6,2,0,"370407, ac370000",4,0.94629596661527005,0.00035002066932410258,116,115
fixed_test,6,2,0,"370407, ac370000",5,0.94629596661527005,0.014092459403933222,116,115
fixed_test,6,2,0,"370407, ac370000",6,0.94629596661527005,0.0046620444503743252,116,116
fixed_test,6,2,0,"370407, ac370000",7,0.94629596661527005,0.004294257204591978,116,114
fixed_test,6,2,0,"370407, ac370000",8,0.94629596661527005,0.004294257204591978,116,114
fixed_test,6,2,0,"370407, ac370000",9,0.94629596661527005,0.013641441040390556,116,116
fixed_test,6,2,1,"ac370000, ac370419",0,0.94629596661527005,0.0046620444503743252,115,113
fixed_test,6,2,1,"ac370000, ac370419",1,0.94629596661527005,-0.0039866053397102919,115,115
fixed_test,6,2,1,"ac370000, ac370419",2,0.94629596661527005,0.014092459403933222,115,115
fixed_test,6,2,1,"ac370000, ac370419",3,0.94629596661527005,0,115,114
fixed_test,6,2,1,"ac370000, ac370419",4,0.94629596661527005,0.005052927032111354,115,114
fixed_test,6,2,1,"ac370000, ac370419",5,0.94629596661527005,-0.0043173521396415726,115,114
fixed_test,6,2,1,"ac370000, ac370419",6,0.94629596661527005,-0.012738696602056288,115,114
fixed_test,6,2,1,"ac370000, ac370419",7,0.94629596661527005,0.0089506722307883813,115,115
fixed_test,6,2,1,"ac370000, ac370419",8,0.94629596661527005,0.005052927032111354,115,115
fixed_test,6,2,1,"ac370000, ac370419",9,0.94629596661527005,0.005052927032111354,115,114
fixed_test,6,2,2,"370407, ac370000, ac370419",0,0.94629596661527005,0,113,113
fixed_test,6,2,2,"370407, ac370000, ac370419",1,0.94629596661527005,0,113,113
fixed_test,6,2,2,"370407, ac370000, ac370419",2,0.94629596661527005,-0.0043173521396415726,113,112
fixed_test,6,2,2,"370407, ac370000, ac370419",3,0.94629596661527005,0,113,113
fixed_test,6,2,2,"370407, ac370000, ac370419",4,0.94629596661527005,0.0093590296783331306,113,112
fixed_test,6,2,2,"370407, ac370000, ac370419",5,0.94629596661527005,0,113,113
fixed_test,6,2,2,"370407, ac370000, ac370419",6,0.94629596661527005,-0.0043173521396415726,113,113
fixed_test,6,2,2,"370407, ac370000, ac370419",7,0.94629596661527005,0.026852016692365144,113,113
fixed_test,6,2,2,"370407, ac370000, ac370419",8,0.94629596661527005,0.0089506722307883813,113,113
fixed_test,6,2,2,"370407, ac370000, ac370419",9,0.94629596661527005,-0.0086589883396849254,113,113
fixed_test,6,2,3,"370407, ac370419",0,0.94629596661527005,-0.013296748729657693,113,113
fixed_test,6,2,3,"370407, ac370419",1,0.94629596661527005,-0.00032923000992668428,113,113
fixed_test,6,2,3,"370407, ac370419",2,0.94629596661527005,-0.0046285567322267296,113,113
fixed_test,6,2,3,"370407, ac370419",3,0.94629596661527005,-0.0043173521396415726,113,113
fixed_test,6,2,3,"370407, ac370419",4,0.94629596661527005,-0.0043173521396415726,113,113
fixed_test,6,2,3,"370407, ac370419",5,0.94629596661527005,-0.0092250305723937664,113,113
fixed_test,6,2,3,"370407, ac370419",6,0.94629596661527005,0.004294257204591978,113,112
fixed_test,6,2,3,"370407, ac370419",7,0.94629596661527005,-0.00032923000992668428,113,113
fixed_test,6,2,3,"370407, ac370419",8,0.94629596661527005,0.0085665705525405089,113,113
fixed_test,6,2,3,"370407, ac370419",9,0.94629596661527005,-0.008349080909034412,113,113
fixed_test,6,2,4,"ac370000, ac370443",0,0.94629596661527005,0.004294257204591978,113,113
fixed_test,6,2,4,"ac370000, ac370443",1,0.94629596661527005,0.0093590296783331306,113,113
fixed_test,6,2,4,"ac370000, ac370443",2,0.94629596661527005,-0.008349080909034412,113,111
fixed_test,6,2,4,"ac370000, ac370443",3,0.94629596661527005,-0.0043173521396415726,113,110
fixed_test,6,2,4,"ac370000, ac370443",4,0.94629596661527005,0.005052927032111354,113,113
fixed_test,6,2,4,"ac370000, ac370443",5,0.94629596661527005,0.00035002066932410258,113,112
fixed_test,6,2,4,"ac370000, ac370443",6,0.94629596661527005,0.00035002066932410258,113,112
fixed_test,6,2,4,"ac370000, ac370443",7,0.94629596661527005,0.017901344461576763,113,113
fixed_test,6,2,4,"ac370000, ac370443",8,0.94629596661527005,0.0093590296783331306,113,112
fixed_test,6,2,4,"ac370000, ac370443",9,0.94629596661527005,0.00035002066932410258,113,112
fixed_test,6,2,5,"ac370000, ac370419, ac370443",0,0.94629596661527005,0.004294257204591978,113,113
fixed_test,6,2,5,"ac370000, ac370419, ac370443",1,0.94629596661527005,0.0089506722307883813,113,113
fixed_test,6,2,5,"ac370000, ac370419, ac370443",2,0.94629596661527005,0.0093590296783331306,113,113
fixed_test,6,2,5,"ac370000, ac370419, ac370443",3,0.94629596661527005,-0.008349080909034412,113,113
fixed_test,6,2,5,"ac370000, ac370419, ac370443",4,0.94629596661527005,0,113,113
fixed_test,6,2,5,"ac370000, ac370419, ac370443",5,0.94629596661527005,0.004294257204591978,113,113
fixed_test,6,2,5,"ac370000, ac370419, ac370443",6,0.94629596661527005,0.0097929000812436717,113,113
fixed_test,6,2,5,"ac370000, ac370419, ac370443",7,0.94629596661527005,-0.0086589883396849254,113,113
fixed_test,6,2,5,"ac370000, ac370419, ac370443",8,0.94629596661527005,0.0093590296783331306,113,113
fixed_test,6,2,5,"ac370000, ac370419, ac370443",9,0.94629596661527005,0.012818054909233045,113,113
fixed_test,6,2,6,"ac370419, ac370443",0,0.94629596661527005,0.0046620444503743252,113,113
fixed_test,6,2,6,"ac370419, ac370443",1,0.94629596661527005,0,113,113
fixed_test,6,2,6,"ac370419, ac370443",2,0.94629596661527005,0,113,112
fixed_test,6,2,6,"ac370419, ac370443",3,0.94629596661527005,0.0039484431367043937,113,113
fixed_test,6,2,6,"ac370419, ac370443",4,0.94629596661527005,0.0046620444503743252,113,113
fixed_test,6,2,6,"ac370419, ac370443",5,0.94629596661527005,0.004294257204591978,113,113
fixed_test,6,2,6,"ac370419, ac370443",6,0.94629596661527005,0,113,113
fixed_test,6,2,6,"ac370419, ac370443",7,0.94629596661527005,0,113,112
fixed_test,6,2,6,"ac370419, ac370443",8,0.94629596661527005,0,113,113
fixed_test,6,2,6,"ac370419, ac370443",9,0.94629596661527005,0,113,113
fixed_test,6,2,7,"ac370000, ac370442",0,0.94629596661527005,0.005052927032111354,113,112
fixed_test,6,2,7,"ac370000, ac370442",1,0.94629596661527005,0.0046620444503743252,113,113
fixed_test,6,2,7,"ac370000, ac370442",2,0.94629596661527005,-0.0043173521396415726,113,113
fixed_test,6,2,7,"ac370000, ac370442",3,0.94629596661527005,0.017462371115007924,113,112
fixed_test,6,2,7,"ac370000, ac370442",4,0.94629596661527005,0.0046620444503743252,113,112
fixed_test,6,2,7,"ac370000, ac370442",5,0.94629596661527005,0,113,112
fixed_test,6,2,7,"ac370000, ac370442",6,0.94629596661527005,0.00035002066932410258,113,112
fixed_test,6,2,7,"ac370000, ac370442",7,0.94629596661527005,0.017049790662507225,113,113
fixed_test,6,2,7,"ac370000, ac370442",8,0.94629596661527005,0.0089506722307883813,113,112
fixed_test,6,2,7,"ac370000, ac370442",9,0.94629596661527005,0.0089506722307883813,113,112
fixed_test,6,2,8,"ac370000, ac370442, ac370443",0,0.94629596661527005,0.0046620444503743252,113,113
fixed_test,6,2,8,"ac370000, ac370442, ac370443",1,0.94629596661527005,0.0046620444503743252,113,113
fixed_test,6,2,8,"ac370000, ac370442, ac370443",2,0.94629596661527005,0.012818054909233045,113,113
fixed_test,6,2,8,"ac370000, ac370442, ac370443",3,0.94629596661527005,0.013217071141410686,113,113
fixed_test,6,2,8,"ac370000, ac370442, ac370443",4,0.94629596661527005,0,113,113
fixed_test,6,2,8,"ac370000, ac370442, ac370443",5,0.94629596661527005,0.00035002066932410258,113,112
fixed_test,6,2,8,"ac370000, ac370442, ac370443",6,0.94629596661527005,0.00072190958610462985,113,113
fixed_test,6,2,8,"ac370000, ac370442, ac370443",7,0.94629596661527005,0.0046620444503743252,113,113
fixed_test,6,2,8,"ac370000, ac370442, ac370443",8,0.94629596661527005,0.0093590296783331306,113,113
fixed_test,6,2,8,"ac370000, ac370442, ac370443",9,0.94629596661527005,0.0046620444503743252,113,113
fixed_test,6,2,9,"ac370442, ac370443",0,0.94629596661527005,0.004294257204591978,113,112
fixed_test,6,2,9,"ac370442, ac370443",1,0.94629596661527005,0,113,113
fixed_test,6,2,9,"ac370442, ac370443",2,0.94629596661527005,0.0085665705525405089,113,113
fixed_test,6,2,9,"ac370442, ac370443",3,0.94629596661527005,-0.0046285567322267296,113,112
fixed_test,6,2,9,"ac370442, ac370443",4,0.94629596661527005,0.0085665705525405089,113,113
fixed_test,6,2,9,"ac370442, ac370443",5,0.94629596661527005,0.004294257204591978,113,112
fixed_test,6,2,9,"ac370442, ac370443",6,0.94629596661527005,0.012818054909233045,113,113
fixed_test,6,2,9,"ac370442, ac370443",7,0.94629596661527005,-0.0043173521396415726,113,113
fixed_test,6,2,9,"ac370442, ac370443",8,0.94629596661527005,0.004294257204591978,113,113
fixed_test,6,2,9,"ac370442, ac370443",9,0.94629596661527005,0.004294257204591978,113,113
fixed_train,6,2,0,"370407, ac370000",0,0.99321599666937299,0.025345909001760036,470,465
fixed_train,6,2,0,"370407, ac370000",1,0.99321599666937299,0.028823122817494995,470,468
fixed_train,6,2,0,"370407, ac370000",2,0.99321599666937299,0.022936569520408345,470,469
fixed_train,6,2,0,"370407, ac370000",3,0.99321599666937299,0.029865005520086529,470,468
fixed_train,6,2,0,"370407, ac370000",4,0.99321599666937299,0.0336590340261127,470,468
fixed_train,6,2,0,"370407, ac370000",5,0.99321599666937299,0.025283879413747434,470,469
fixed_train,6,2,0,"370407, ac370000",6,0.99321599666937299,0.026334571422992448,470,469
fixed_train,6,2,0,"370407, ac370000",7,0.99321599666937299,0.026525888872454995,470,465
fixed_train,6,2,0,"370407, ac370000",8,0.99321599666937299,0.025283879413747434,470,467
fixed_train,6,2,0,"370407, ac370000",9,0.99321599666937299,0.028893349062042661,470,469
fixed_train,6,2,1,"ac370000, ac370419",0,0.99321599666937299,0.028685768033210213,455,451
fixed_train,6,2,1,"ac370000, ac370419",1,0.99321599666937299,0.030230245426298485,455,450
fixed_train,6,2,1,"ac370000, ac370419",2,0.99321599666937299,0.027640902739787698,455,450
fixed_train,6,2,1,"ac370000, ac370419",3,0.99321599666937299,0.0336590340261127,455,453
fixed_train,6,2,1,"ac370000, ac370419",4,0.99321599666937299,0.032155568573256077,455,454
fixed_train,6,2,1,"ac370000, ac370419",5,0.99321599666937299,0.033496878403032393,455,452
fixed_train,6,2,1,"ac370000, ac370419",6,0.99321599666937299,0.033339474221148024,455,453
fixed_train,6,2,1,"ac370000, ac370419",7,0.99321599666937299,0.037353129742331181,455,452
fixed_train,6,2,1,"ac370000, ac370419",8,0.99321599666937299,0.03957925870322454,455,455
fixed_train,6,2,1,"ac370000, ac370419",9,0.99321599666937299,0.026461163783700892,455,453
fixed_train,6,2,2,"370407, ac370000, ac370419",0,0.99321599666937299,0.031195113732537583,445,445
fixed_train,6,2,2,"370407, ac370000, ac370419",1,0.99321599666937299,0.031270990601812376,445,445
fixed_train,6,2,2,"370407, ac370000, ac370419",2,0.99321599666937299,0.025283879413747434,445,444
fixed_train,6,2,2,"370407, ac370000, ac370419",3,0.99321599666937299,0.025408869035609793,445,444
fixed_train,6,2,2,"370407, ac370000, ac370419",4,0.99321599666937299,0.032543635973606322,445,445
fixed_train,6,2,2,"370407, ac370000, ac370419",5,0.99321599666937299,0.024050531784811868,445,445
fixed_train,6,2,2,"370407, ac370000, ac370419",6,0.99321599666937299,0.033417590707575218,445,445
fixed_train,6,2,2,"370407, ac370000, ac370419",7,0.99321599666937299,0.028893349062042661,445,445
fixed_train,6,2,2,"370407, ac370000, ac370419",8,0.99321599666937299,0.026525888872454995,445,445
fixed_train,6,2,2,"370407, ac370000, ac370419",9,0.99321599666937299,0.027708359918912517,445,445
fixed_train,6,2,3,"370407, ac370419",0,0.99321599666937299,0.02059876565195895,445,443
fixed_train,6,2,3,"370407, ac370419",1,0.99321599666937299,0.016077975785554033,445,443
fixed_train,6,2,3,"370407, ac370419",2,0.99321599666937299,0.016077975785554033,445,444
fixed_train,6,2,3,"370407, ac370419",3,0.99321599666937299,0.019532278648994206,445,443
fixed_train,6,2,3,"370407, ac370419",4,0.99321599666937299,0.01841219025423857,445,443
fixed_train,6,2,3,"370407, ac370419",5,0.99321599666937299,0.016034970821527827,445,444
fixed_train,6,2,3,"370407, ac370419",6,0.99321599666937299,0.014914373232089106,445,443
fixed_train,6,2,3,"370407, ac370419",7,0.99321599666937299,0.02065037160879013,445,445
fixed_train,6,2,3,"370407, ac370419",8,0.99321599666937299,0.019532278648994206,445,444
fixed_train,6,2,3,"370407, ac370419",9,0.99321599666937299,0.020702753307408117,445,443
fixed_train,6,2,4,"ac370000, ac370443",0,0.99321599666937299,0.021875623492069507,444,442
fixed_train,6,2,4,"ac370000, ac370443",1,0.99321599666937299,0.024168393637885144,444,441
fixed_train,6,2,4,"ac370000, ac370443",2,0.99321599666937299,0.031195113732537583,444,437
fixed_train,6,2,4,"ac370000, ac370443",3,0.99321599666937299,0.020702753307408117,444,442
fixed_train,6,2,4,"ac370000, ac370443",4,0.99321599666937299,0.021820650995048152,444,440
fixed_train,6,2,4,"ac370000, ac370443",5,0.99321599666937299,0.024228654927414772,444,437
fixed_train,6,2,4,"ac370000, ac370443",6,0.99321599666937299,0.028823122817494995,444,442
fixed_train,6,2,4,"ac370000, ac370443",7,0.99321599666937299,0.021820650995048152,444,439
fixed_train,6,2,4,"ac370000, ac370443",8,0.99321599666937299,0.024228654927414772,444,443
fixed_train,6,2,4,"ac370000, ac370443",9,0.99321599666937299,0.024228654927414772,444,441
fixed_train,6,2,5,"ac370000, ac370419, ac370443",0,0.99321599666937299,0.032384938903592508,442,442
fixed_train,6,2,5,"ac370000, ac370419, ac370443",1,0.99321599666937299,0.026461163783700892,442,441
fixed_train,6,2,5,"ac370000, ac370419, ac370443",2,0.99321599666937299,0.030007850802215019,442,441
fixed_train,6,2,5,"ac370000, ac370419, ac370443",3,0.99321599666937299,0.035632244366963661,442,442
fixed_train,6,2,5,"ac370000, ac370419, ac370443",4,0.99321599666937299,0.035470729975715098,442,442
fixed_train,6,2,5,"ac370000, ac370419, ac370443",5,0.99321599666937299,0.035883717139077675,442,442
fixed_train,6,2,5,"ac370000, ac370419, ac370443",6,0.99321599666937299,0.024168393637885144,442,442
fixed_train,6,2,5,"ac370000, ac370419, ac370443",7,0.99321599666937299,0.028893349062042661,442,442
fixed_train,6,2,5,"ac370000, ac370419, ac370443",8,0.99321599666937299,0.032230890215842911,442,442
fixed_train,6,2,5,"ac370000, ac370419, ac370443",9,0.99321599666937299,0.025408869035609793,442,442
fixed_train,6,2,6,"ac370419, ac370443",0,0.99321599666937299,0.01259405130273894,442,438
fixed_train,6,2,6,"ac370419, ac370443",1,0.99321599666937299,0.015992603512240411,442,442
fixed_train,6,2,6,"ac370419, ac370443",2,0.99321599666937299,0.016034970821527827,442,439
fixed_train,6,2,6,"ac370419, ac370443",3,0.99321599666937299,0.015992603512240411,442,440
fixed_train,6,2,6,"ac370419, ac370443",4,0.99321599666937299,0.013677378384024164,442,441
fixed_train,6,2,6,"ac370419, ac370443",5,0.99321599666937299,0.0183168682367435,442,437
fixed_train,6,2,6,"ac370419, ac370443",6,0.99321599666937299,0.010314280169401613,442,441
fixed_train,6,2,6,"ac370419, ac370443",7,0.99321599666937299,0.016034970821527827,442,441
fixed_train,6,2,6,"ac370419, ac370443",8,0.99321599666937299,0.011403891526840737,442,441
fixed_train,6,2,6,"ac370419, ac370443",9,0.99321599666937299,0.013714942827953824,442,442
fixed_train,6,2,7,"ac370000, ac370442",0,0.99321599666937299,0.031120356762535217,438,437
fixed_train,6,2,7,"ac370000, ac370442",1,0.99321599666937299,0.025162560482389962,438,434
fixed_train,6,2,7,"ac370000, ac370442",2,0.99321599666937299,0.025408869035609793,438,436
fixed_train,6,2,7,"ac370000, ac370442",3,0.99321599666937299,0.02059876565195895,438,436
fixed_train,6,2,7,"ac370000, ac370442",4,0.99321599666937299,0.032155568573256077,438,436
fixed_train,6,2,7,"ac370000, ac370442",5,0.99321599666937299,0.021820650995048152,438,436
fixed_train,6,2,7,"ac370000, ac370442",6,0.99321599666937299,0.02875393392951664,438,435
fixed_train,6,2,7,"ac370000, ac370442",7,0.99321599666937299,0.023050915263732374,438,434
fixed_train,6,2,7,"ac370000, ac370442",8,0.99321599666937299,0.025222767432026449,438,436
fixed_train,6,2,7,"ac370000, ac370442",9,0.99321599666937299,0.034606832568820467,438,438
fixed_train,6,2,8,"ac370000, ac370442, ac370443",0,0.99321599666937299,0.027574442466917093,436,436
fixed_train,6,2,8,"ac370000, ac370442, ac370443",1,0.99321599666937299,0.028685768033210213,436,436
fixed_train,6,2,8,"ac370000, ac370442, ac370443",2,0.99321599666937299,0.032307341685517743,436,436
fixed_train,6,2,8,"ac370000, ac370442, ac370443",3,0.99321599666937299,0.024109023341102209,436,436
fixed_train,6,2,8,"ac370000, ac370442, ac370443",4,0.99321599666937299,0.025345909001760036,436,436
fixed_train,6,2,8,"ac370000, ac370442, ac370443",5,0.99321599666937299,0.027574442466917093,436,436
fixed_train,6,2,8,"ac370000, ac370442, ac370443",6,0.99321599666937299,0.02875393392951664,436,436
fixed_train,6,2,8,"ac370000, ac370442, ac370443",7,0.99321599666937299,0.030230245426298485,436,436
fixed_train,6,2,8,"ac370000, ac370442, ac370443",8,0.99321599666937299,0.026334571422992448,436,435
fixed_train,6,2,8,"ac370000, ac370442, ac370443",9,0.99321599666937299,0.021875623492069507,436,436
fixed_train,6,2,9,"ac370442, ac370443",0,0.99321599666937299,0.010282741376257731,436,434
fixed_train,6,2,9,"ac370442, ac370443",1,0.99321599666937299,0.0080071754153397956,436,433
fixed_train,6,2,9,"ac370442, ac370443",2,0.99321599666937299,0.0091304046696573105,436,434
fixed_train,6,2,9,"ac370442, ac370443",3,0.99321599666937299,0.016077975785554033,436,434
fixed_train,6,2,9,"ac370442, ac370443",4,0.99321599666937299,0.013753073406312377,436,431
fixed_train,6,2,9,"ac370442, ac370443",5,0.99321599666937299,0.012523094448403715,436,433
fixed_train,6,2,9,"ac370442, ac370443",6,0.99321599666937299,0.010282741376257731,436,430
fixed_train,6,2,9,"ac370442, ac370443",7,0.99321599666937299,0.011403891526840737,436,434
fixed_train,6,2,9,"ac370442, ac370443",8,0.99321599666937299,0.0080071754153397956,436,435
fixed_train,6,2,9,"ac370442, ac370443",9,0.99321599666937299,0.012558307337175667,436,434
faithful_train,6,2,0,"370407, ac370000",0,0.99321599666937299,0.027640902739787698,470,467
faithful_train,6,2,0,"370407, ac370000",1,0.99321599666937299,0.04532077600015505,470,464
faithful_train,6,2,0,"370407, ac370000",2,0.99321599666937299,0.11817069251674517,470,463
faithful_train,6,2,0,"370407, ac370000",3,0.99321599666937299,0.16699471520181497,470,455
faithful_train,6,2,0,"370407, ac370000",4,0.99321599666937299,0.177130061468317,470,448
faithful_train,6,2,0,"370407, ac370000",5,0.99321599666937299,0.1722034443602648,470,453
faithful_train,6,2,0,"370407, ac370000",6,0.99321599666937299,0.18692491439942205,470,449
faithful_train,6,2,0,"370407, ac370000",7,0.99321599666937299,0.1832827420808899,470,433
faithful_train,6,2,0,"370407, ac370000",8,0.99321599666937299,0.20343552968101208,470,439
faithful_train,6,2,0,"370407, ac370000",9,0.99321599666937299,0.19920760068536469,470,447
faithful_train,6,2,1,"ac370000, ac370419",0,0.99321599666937299,0.20618349743279807,455,454
faithful_train,6,2,1,"ac370000, ac370419",1,0.99321599666937299,0.18086402778079402,455,450
faithful_train,6,2,1,"ac370000, ac370419",2,0.99321599666937299,0.1893978574481241,455,440
faithful_train,6,2,1,"ac370000, ac370419",3,0.99321599666937299,0.18352570198095597,455,433
faithful_train,6,2,1,"ac370000, ac370419",4,0.99321599666937299,0.18449477341182996,455,435
faithful_train,6,2,1,"ac370000, ac370419",5,0.99321599666937299,0.19793959417743978,455,431
faithful_train,6,2,1,"ac370000, ac370419",6,0.99321599666937299,0.19286965866665939,455,435
faithful_train,6,2,1,"ac370000, ac370419",7,0.99321599666937299,0.16889695280307182,455,437
faithful_train,6,2,1,"ac370000, ac370419",8,0.99321599666937299,0.18843679786099921,455,428
faithful_train,6,2,1,"ac370000, ac370419",9,0.99321599666937299,0.1794642283599861,455,430
faithful_train,6,2,2,"370407, ac370000, ac370419",0,0.99321599666937299,0.17646802278066431,445,445
faithful_train,6,2,2,"370407, ac370000, ac370419",1,0.99321599666937299,0.167255017653819,445,424
faithful_train,6,2,2,"370407, ac370000, ac370419",2,0.99321599666937299,0.17682240947075745,445,425
faithful_train,6,2,2,"370407, ac370000, ac370419",3,0.99321599666937299,0.17024122346482895,445,427
faithful_train,6,2,2,"370407, ac370000, ac370419",4,0.99321599666937299,0.14966592406120549,445,427
faithful_train,6,2,2,"370407, ac370000, ac370419",5,0.99321599666937299,0.16438150138929708,445,420
faithful_train,6,2,2,"370407, ac370000, ac370419",6,0.99321599666937299,0.15539682798182652,445,411
faithful_train,6,2,2,"370407, ac370000, ac370419",7,0.99321599666937299,0.1657764011858236,445,422
faithful_train,6,2,2,"370407, ac370000, ac370419",8,0.99321599666937299,0.16337859234414354,445,419
faithful_train,6,2,2,"370407, ac370000, ac370419",9,0.99321599666937299,0.17485511025198164,445,417
faithful_train,6,2,3,"370407, ac370419",0,0.99321599666937299,0.16625513391384328,445,400
faithful_train,6,2,3,"370407, ac370419",1,0.99321599666937299,0.167255017653819,445,415
faithful_train,6,2,3,"370407, ac370419",2,0.99321599666937299,0.17351689879897891,445,421
faithful_train,6,2,3,"370407, ac370419",3,0.99321599666937299,0.18671043469773019,445,418
faithful_train,6,2,3,"370407, ac370419",4,0.99321599666937299,0.18158122011721367,445,419
faithful_train,6,2,3,"370407, ac370419",5,0.99321599666937299,0.17820235358063219,445,421
faithful_train,6,2,3,"370407, ac370419",6,0.99321599666937299,0.18402301194733639,445,419
faithful_train,6,2,3,"370407, ac370419",7,0.99321599666937299,0.17652482438089434,445,424
faithful_train,6,2,3,"370407, ac370419",8,0.99321599666937299,0.17722104838815422,445,419
faithful_train,6,2,3,"370407, ac370419",9,0.99321599666937299,0.1731931220119266,445,424
faithful_train,6,2,4,"ac370000, ac370443",0,0.99321599666937299,0.17918147405787288,444,444
faithful_train,6,2,4,"ac370000, ac370443",1,0.99321599666937299,0.17864816644654868,444,435
faithful_train,6,2,4,"ac370000, ac370443",2,0.99321599666937299,0.16562050892468949,444,437
faithful_train,6,2,4,"ac370000, ac370443",3,0.99321599666937299,0.17088476884088233,444,424
faithful_train,6,2,4,"ac370000, ac370443",4,0.99321599666937299,0.16799077349553815,444,423
faithful_train,6,2,4,"ac370000, ac370443",5,0.99321599666937299,0.1652529547174022,444,419
faithful_train,6,2,4,"ac370000, ac370443",6,0.99321599666937299,0.16761862751230372,444,417
faithful_train,6,2,4,"ac370000, ac370443",7,0.99321599666937299,0.15020704137982799,444,419
faithful_train,6,2,4,"ac370000, ac370443",8,0.99321599666937299,0.17516588224402097,444,407
faithful_train,6,2,4,"ac370000, ac370443",9,0.99321599666937299,0.15075682060925699,444,403
faithful_train,6,2,5,"ac370000, ac370419, ac370443",0,0.99321599666937299,0.16337859234414354,442,440
faithful_train,6,2,5,"ac370000, ac370419, ac370443",1,0.99321599666937299,0.14501093383011476,442,437
faithful_train,6,2,5,"ac370000, ac370419, ac370443",2,0.99321599666937299,0.14706784894742908,442,431
faithful_train,6,2,5,"ac370000, ac370419, ac370443",3,0.99321599666937299,0.1229566509743053,442,417
faithful_train,6,2,5,"ac370000, ac370419, ac370443",4,0.99321599666937299,0.13737861487831782,442,421
faithful_train,6,2,5,"ac370000, ac370419, ac370443",5,0.99321599666937299,0.13138126561973473,442,420
faithful_train,6,2,5,"ac370000, ac370419, ac370443",6,0.99321599666937299,0.13889280098349055,442,414
faithful_train,6,2,5,"ac370000, ac370419, ac370443",7,0.99321599666937299,0.12946699374544757,442,411
faithful_train,6,2,5,"ac370000, ac370419, ac370443",8,0.99321599666937299,0.14347205606958058,442,415
faithful_train,6,2,5,"ac370000, ac370419, ac370443",9,0.99321599666937299,0.13242757480861489,442,420
faithful_train,6,2,6,"ac370419, ac370443",0,0.99321599666937299,0.15552493408223111,442,399
faithful_train,6,2,6,"ac370419, ac370443",1,0.99321599666937299,0.14758372937521214,442,418
faithful_train,6,2,6,"ac370419, ac370443",2,0.99321599666937299,0.15437996599272508,442,410
faithful_train,6,2,6,"ac370419, ac370443",3,0.99321599666937299,0.16117274285321603,442,417
faithful_train,6,2,6,"ac370419, ac370443",4,0.99321599666937299,0.15552493408223111,442,415
faithful_train,6,2,6,"ac370419, ac370443",5,0.99321599666937299,0.16176828757677908,442,421
faithful_train,6,2,6,"ac370419, ac370443",6,0.99321599666937299,0.15123061223079048,442,417
faithful_train,6,2,6,"ac370419, ac370443",7,0.99321599666937299,0.14864020869699668,442,419
faithful_train,6,2,6,"ac370419, ac370443",8,0.99321599666937299,0.14297300711877603,442,409
faithful_train,6,2,6,"ac370419, ac370443",9,0.99321599666937299,0.15020704137982799,442,415
faithful_train,6,2,7,"ac370000, ac370442",0,0.99321599666937299,0.17021733098014613,438,437
faithful_train,6,2,7,"ac370000, ac370442",1,0.99321599666937299,0.17623752583500552,438,437
faithful_train,6,2,7,"ac370000, ac370442",2,0.99321599666937299,0.17554067938047013,438,431
faithful_train,6,2,7,"ac370000, ac370442",3,0.99321599666937299,0.16461806279041824,438,422
faithful_train,6,2,7,"ac370000, ac370442",4,0.99321599666937299,0.15712824370220257,438,425
faithful_train,6,2,7,"ac370000, ac370442",5,0.99321599666937299,0.15856876229222638,438,418
faithful_train,6,2,7,"ac370000, ac370442",6,0.99321599666937299,0.14041305822220496,438,409
faithful_train,6,2,7,"ac370000, ac370442",7,0.99321599666937299,0.15494787970254076,438,404
faithful_train,6,2,7,"ac370000, ac370442",8,0.99321599666937299,0.1731931220119266,438,406
faithful_train,6,2,7,"ac370000, ac370442",9,0.99321599666937299,0.15539682798182652,438,411
faithful_train,6,2,8,"ac370000, ac370442, ac370443",0,0.99321599666937299,0.14553295601534677,436,434
faithful_train,6,2,8,"ac370000, ac370442, ac370443",1,0.99321599666937299,0.12884612307018684,436,421
faithful_train,6,2,8,"ac370000, ac370442, ac370443",2,0.99321599666937299,0.13937525633352632,436,420
faithful_train,6,2,8,"ac370000, ac370442, ac370443",3,0.99321599666937299,0.11821754180590127,436,413
faithful_train,6,2,8,"ac370000, ac370442, ac370443",4,0.99321599666937299,0.11859721830679171,436,421
faithful_train,6,2,8,"ac370000, ac370442, ac370443",5,0.99321599666937299,0.13529316042906292,436,411
faithful_train,6,2,8,"ac370000, ac370442, ac370443",6,0.99321599666937299,0.12884612307018684,436,412
faithful_train,6,2,8,"ac370000, ac370442, ac370443",7,0.99321599666937299,0.12255645381330704,436,413
faithful_train,6,2,8,"ac370000, ac370442, ac370443",8,0.99321599666937299,0.12547588698022616,436,410
faithful_train,6,2,8,"ac370000, ac370442, ac370443",9,0.99321599666937299,0.12972396258403773,436,414
faithful_train,6,2,9,"ac370442, ac370443",0,0.99321599666937299,0.14966592406120549,436,399
faithful_train,6,2,9,"ac370442, ac370443",1,0.99321599666937299,0.15068932655579426,436,415
faithful_train,6,2,9,"ac370442, ac370443",2,0.99321599666937299,0.14294473656138007,436,417
faithful_train,6,2,9,"ac370442, ac370443",3,0.99321599666937299,0.15280193468082737,436,415
faithful_train,6,2,9,"ac370442, ac370443",4,0.99321599666937299,0.14090357642171358,436,407
faithful_train,6,2,9,"ac370442, ac370443",5,0.99321599666937299,0.14090357642171358,436,400
faithful_train,6,2,9,"ac370442, ac370443",6,0.99321599666937299,0.14604053571744724,436,398
faithful_train,6,2,9,"ac370442, ac370443",7,0.99321599666937299,0.14090357642171358,436,390
faithful_train,6,2,9,"ac370442, ac370443",8,0.99321599666937299,0.15020704137982799,436,406
faithful_train,6,2,9,"ac370442, ac370443",9,0.99321599666937299,0.15552493408223111,436,412
fixed_test,6,3,0,"370407, ac370000",0,0.91776869893148971,0.0055791690171314023,116,116
fixed_test,6,3,0,"370407, ac370000",1,0.91776869893148971,-0.008577843434871002,116,115
fixed_test,6,3,0,"370407, ac370000",2,0.91776869893148971,-0.031789554974590239,116,115
fixed_test,6,3,0,"370407, ac370000",3,0.91776869893148971,-0.0036640383603046001,116,115
fixed_test,6,3,0,"370407, ac370000",4,0.91776869893148971,-0.008577843434871002,116,115
fixed_test,6,3,0,"370407, ac370000",5,0.91776869893148971,0.019857857055130546,116,116
fixed_test,6,3,0,"370407, ac370000",6,0.91776869893148971,-0.012907245737740602,116,116
fixed_test,6,3,0,"370407, ac370000",7,0.91776869893148971,0.015624389035709396,116,116
fixed_test,6,3,0,"370407, ac370000",8,0.91776869893148971,0.0098355209735387916,116,115
fixed_test,6,3,0,"370407, ac370000",9,0.91776869893148971,0.0055791690171314023,116,115
fixed_test,6,3,1,"ac370000, ac370419",0,0.91776869893148971,0.014822376394567294,115,114
fixed_test,6,3,1,"ac370000, ac370419",1,0.91776869893148971,0.025875979081780742,115,115
fixed_test,6,3,1,"ac370000, ac370419",2,0.91776869893148971,-0.008577843434871002,115,113
fixed_test,6,3,1,"ac370000, ac370419",3,0.91776869893148971,-0.0030147900317609722,115,114
fixed_test,6,3,1,"ac370000, ac370419",4,0.91776869893148971,0.0020043023160292162,115,115
fixed_test,6,3,1,"ac370000, ac370419",5,0.91776869893148971,0.0012961919417413537,115,113
fixed_test,6,3,1,"ac370000, ac370419",6,0.91776869893148971,-0.0048523315901267683,115,112
fixed_test,6,3,1,"ac370000, ac370419",7,0.91776869893148971,-0.0079846406149532978,115,115
fixed_test,6,3,1,"ac370000, ac370419",8,0.91776869893148971,0.0063047995019742675,115,115
fixed_test,6,3,1,"ac370000, ac370419",9,0.91776869893148971,0.0012961919417413537,115,114
fixed_test,6,3,2,"370407, ac370000, ac370419",0,0.91776869893148971,-0.0030147900317609722,111,111
fixed_test,6,3,2,"370407, ac370000, ac370419",1,0.91776869893148971,-0.022150453115176494,111,111
fixed_test,6,3,2,"370407, ac370000, ac370419",2,0.91776869893148971,-0.002325920087860589,111,110
fixed_test,6,3,2,"370407, ac370000, ac370419",3,0.91776869893148971,-0.012907245737740602,111,111
fixed_test,6,3,2,"370407, ac370000, ac370419",4,0.91776869893148971,0.0020043023160292162,111,111
fixed_test,6,3,2,"370407, ac370000, ac370419",5,0.91776869893148971,0.015624389035709396,111,111
fixed_test,6,3,2,"370407, ac370000, ac370419",6,0.91776869893148971,0.0055791690171314023,111,111
fixed_test,6,3,2,"370407, ac370000, ac370419",7,0.91776869893148971,-0.008577843434871002,111,111
fixed_test,6,3,2,"370407, ac370000, ac370419",8,0.91776869893148971,0.014822376394567294,111,110
fixed_test,6,3,2,"370407, ac370000, ac370419",9,0.91776869893148971,0.0055791690171314023,111,111
fixed_test,6,3,3,"370407, ac370419",0,0.91776869893148971,0.0084786038828806864,111,111
fixed_test,6,3,3,"370407, ac370419",1,0.91776869893148971,0.0084786038828806864,111,111
fixed_test,6,3,3,"370407, ac370419",2,0.91776869893148971,-0.00059238661225835543,111,110
fixed_test,6,3,3,"370407, ac370419",3,0.91776869893148971,0.018273622459669014,111,109
fixed_test,6,3,3,"370407, ac370419",4,0.91776869893148971,0.0048953512755334216,111,111
fixed_test,6,3,3,"370407, ac370419",5,0.91776869893148971,0.0042510765838006392,111,110
fixed_test,6,3,3,"370407, ac370419",6,0.91776869893148971,-0.00059238661225835543,111,110
fixed_test,6,3,3,"370407, ac370419",7,0.91776869893148971,0.0084786038828806864,111,111
fixed_test,6,3,3,"370407, ac370419",8,0.91776869893148971,-0.00059238661225835543,111,111
fixed_test,6,3,3,"370407, ac370419",9,0.91776869893148971,0.0084786038828806864,111,111
fixed_test,6,3,4,"ac370000, ac370443",0,0.91776869893148971,0.024065583772003296,114,114
fixed_test,6,3,4,"ac370000, ac370443",1,0.91776869893148971,-0.0042758752869975769,114,113
fixed_test,6,3,4,"ac370000, ac370443",2,0.91776869893148971,-0.0036640383603046001,114,114
fixed_test,6,3,4,"ac370000, ac370443",3,0.91776869893148971,0.013354484757728047,114,112
fixed_test,6,3,4,"ac370000, ac370443",4,0.91776869893148971,-0.022618328412059352,114,114
fixed_test,6,3,4,"ac370000, ac370443",5,0.91776869893148971,0.0063047995019742675,114,112
fixed_test,6,3,4,"ac370000, ac370443",6,0.91776869893148971,-0.012907245737740602,114,113
fixed_test,6,3,4,"ac370000, ac370443",7,0.91776869893148971,-0.017265473171647838,114,113
fixed_test,6,3,4,"ac370000, ac370443",8,0.91776869893148971,-0.010159228996438174,114,113
fixed_test,6,3,4,"ac370000, ac370443",9,0.91776869893148971,-0.0091368112298344517,114,112
fixed_test,6,3,5,"ac370000, ac370419, ac370443",0,0.91776869893148971,0.0042510765838006392,113,113
fixed_test,6,3,5,"ac370000, ac370419, ac370443",1,0.91776869893148971,-0.0042758752869975769,113,113
fixed_test,6,3,5,"ac370000, ac370419, ac370443",2,0.91776869893148971,-0.008577843434871002,113,113
fixed_test,6,3,5,"ac370000, ac370419, ac370443",3,0.91776869893148971,-0.013447101849528464,113,113
fixed_test,6,3,5,"ac370000, ac370419, ac370443",4,0.91776869893148971,0.0012961919417413537,113,113
fixed_test,6,3,5,"ac370000, ac370419, ac370443",5,0.91776869893148971,-0.018734367602536661,113,113
fixed_test,6,3,5,"ac370000, ac370419, ac370443",6,0.91776869893148971,-0.002325920087860589,113,113
fixed_test,6,3,5,"ac370000, ac370419, ac370443",7,0.91776869893148971,0.0063047995019742675,113,113
fixed_test,6,3,5,"ac370000, ac370419, ac370443",8,0.91776869893148971,0,113,113
fixed_test,6,3,5,"ac370000, ac370419, ac370443",9,0.91776869893148971,0.0098355209735387916,113,113
fixed_test,6,3,6,"ac370419, ac370443",0,0.91776869893148971,0.0084786038828806864,113,113
fixed_test,6,3,6,"ac370419, ac370443",1,0.91776869893148971,0,113,112
fixed_test,6,3,6,"ac370419, ac370443",2,0.91776869893148971,-0.00059238661225835543,113,113
fixed_test,6,3,6,"ac370419, ac370443",3,0.91776869893148971,0,113,112
fixed_test,6,3,6,"ac370419, ac370443",4,0.91776869893148971,-0.0048523315901267683,113,113
fixed_test,6,3,6,"ac370419, ac370443",5,0.91776869893148971,0.0084786038828806864,113,112
fixed_test,6,3,6,"ac370419, ac370443",6,0.91776869893148971,0,113,112
fixed_test,6,3,6,"ac370419, ac370443",7,0.91776869893148971,0.0042510765838006392,113,112
fixed_test,6,3,6,"ac370419, ac370443",8,0.91776869893148971,0.013354484757728047,113,113
fixed_test,6,3,6,"ac370419, ac370443",9,0.91776869893148971,0.0084786038828806864,113,112
fixed_test,6,3,7,"ac370000, ac370442",0,0.91776869893148971,-0.008577843434871002,113,112
fixed_test,6,3,7,"ac370000, ac370442",1,0.91776869893148971,0.0012961919417413537,113,113
fixed_test,6,3,7,"ac370000, ac370442",2,0.91776869893148971,-0.017265473171647838,113,111
fixed_test,6,3,7,"ac370000, ac370442",3,0.91776869893148971,0.0048953512755334216,113,113
fixed_test,6,3,7,"ac370000, ac370442",4,0.91776869893148971,0.0012961919417413537,113,112
fixed_test,6,3,7,"ac370000, ac370442",5,0.91776869893148971,-0.0036640383603046001,113,113
fixed_test,6,3,7,"ac370000, ac370442",6,0.91776869893148971,-0.0079846406149532978,113,112
fixed_test,6,3,7,"ac370000, ac370442",7,0.91776869893148971,-0.0036640383603046001,113,112
fixed_test,6,3,7,"ac370000, ac370442",8,0.91776869893148971,-0.012907245737740602,113,111
fixed_test,6,3,7,"ac370000, ac370442",9,0.91776869893148971,0.010577024498436116,113,112
fixed_test,6,3,8,"ac370000, ac370442, ac370443",0,0.91776869893148971,0,113,113
fixed_test,6,3,8,"ac370000, ac370442, ac370443",1,0.91776869893148971,-0.0036640383603046001,113,113
fixed_test,6,3,8,"ac370000, ac370442, ac370443",2,0.91776869893148971,-0.013447101849528464,113,113
fixed_test,6,3,8,"ac370000, ac370442, ac370443",3,0.91776869893148971,0.015624389035709396,113,113
fixed_test,6,3,8,"ac370000, ac370442, ac370443",4,0.91776869893148971,-0.0030147900317609722,113,113
fixed_test,6,3,8,"ac370000, ac370442, ac370443",5,0.91776869893148971,0.016475346025233706,113,113
fixed_test,6,3,8,"ac370000, ac370442, ac370443",6,0.91776869893148971,-0.0079846406149532978,113,112
fixed_test,6,3,8,"ac370000, ac370442, ac370443",7,0.91776869893148971,-0.018273622459668903,113,113
fixed_test,6,3,8,"ac370000, ac370442, ac370443",8,0.91776869893148971,-0.0036640383603046001,113,113
fixed_test,6,3,8,"ac370000, ac370442, ac370443",9,0.91776869893148971,0.00062883876933383931,113,113
fixed_test,6,3,9,"ac370442, ac370443",0,0.91776869893148971,-0.014434808279847111,113,113
fixed_test,6,3,9,"ac370442, ac370443",1,0.91776869893148971,0.0042510765838006392,113,112
fixed_test,6,3,9,"ac370442, ac370443",2,0.91776869893148971,-0.0048523315901267683,113,113
fixed_test,6,3,9,"ac370442, ac370443",3,0.91776869893148971,-0.0048523315901267683,113,112
fixed_test,6,3,9,"ac370442, ac370443",4,0.91776869893148971,-0.0048523315901267683,113,113
fixed_test,6,3,9,"ac370442, ac370443",5,0.91776869893148971,0.013354484757728047,113,113
fixed_test,6,3,9,"ac370442, ac370443",6,0.91776869893148971,0.0042510765838006392,113,113
fixed_test,6,3,9,"ac370442, ac370443",7,0.91776869893148971,0.0042510765838006392,113,111
fixed_test,6,3,9,"ac370442, ac370443",8,0.91776869893148971,-0.0096633771073975083,113,112
fixed_test,6,3,9,"ac370442, ac370443",9,0.91776869893148971,-0.00059238661225835543,113,112
fixed_train,6,3,0,"370407, ac370000",0,0.99435159550639574,0.03471295270746777,470,466
fixed_train,6,3,0,"370407, ac370000",1,0.99435159550639574,0.035907985288564537,470,469
fixed_train,6,3,0,"370407, ac370000",2,0.99435159550639574,0.032406589438835121,470,465
fixed_train,6,3,0,"370407, ac370000",3,0.99435159550639574,0.041727724981433734,470,470
fixed_train,6,3,0,"370407, ac370000",4,0.99435159550639574,0.033599296967332881,470,466
fixed_train,6,3,0,"370407, ac370000",5,0.99435159550639574,0.040714857540247285,470,467
fixed_train,6,3,0,"370407, ac370000",6,0.99435159550639574,0.03821667360979597,470,467
fixed_train,6,3,0,"370407, ac370000",7,0.99435159550639574,0.031143449639237764,470,470
fixed_train,6,3,0,"370407, ac370000",8,0.99435159550639574,0.039509070926406875,470,469
fixed_train,6,3,0,"370407, ac370000",9,0.99435159550639574,0.033679234810629066,470,467
fixed_train,6,3,1,"ac370000, ac370419",0,0.99435159550639574,0.033679234810629066,455,453
fixed_train,6,3,1,"ac370000, ac370419",1,0.99435159550639574,0.026608371463988201,455,452
fixed_train,6,3,1,"ac370000, ac370419",2,0.99435159550639574,0.038488728579353926,455,448
fixed_train,6,3,1,"ac370000, ac370419",3,0.99435159550639574,0.026608371463988201,455,450
fixed_train,6,3,1,"ac370000, ac370419",4,0.99435159550639574,0.030245999045378946,455,454
fixed_train,6,3,1,"ac370000, ac370419",5,0.99435159550639574,0.03701931597610042,455,449
fixed_train,6,3,1,"ac370000, ac370419",6,0.99435159550639574,0.038488728579353926,455,455
fixed_train,6,3,1,"ac370000, ac370419",7,0.99435159550639574,0.03701931597610042,455,452
fixed_train,6,3,1,"ac370000, ac370419",8,0.99435159550639574,0.033520537740615253,455,453
fixed_train,6,3,1,"ac370000, ac370419",9,0.99435159550639574,0.033599296967332881,455,453
fixed_train,6,3,2,"370407, ac370000, ac370419",0,0.99435159550639574,0.034961676726558144,447,446
fixed_train,6,3,2,"370407, ac370000, ac370419",1,0.99435159550639574,0.038582138117140952,447,447
fixed_train,6,3,2,"370407, ac370000, ac370419",2,0.99435159550639574,0.034877534985892966,447,446
fixed_train,6,3,2,"370407, ac370000, ac370419",3,0.99435159550639574,0.037282252796281723,447,446
fixed_train,6,3,2,"370407, ac370000, ac370419",4,0.99435159550639574,0.030172571450936658,447,446
fixed_train,6,3,2,"370407, ac370000, ac370419",5,0.99435159550639574,0.033679234810629066,447,446
fixed_train,6,3,2,"370407, ac370000, ac370419",6,0.99435159550639574,0.041632042513365719,447,446
fixed_train,6,3,2,"370407, ac370000, ac370419",7,0.99435159550639574,0.034632477240055137,447,447
fixed_train,6,3,2,"370407, ac370000, ac370419",8,0.99435159550639574,0.038488728579353926,447,447
fixed_train,6,3,2,"370407, ac370000, ac370419",9,0.99435159550639574,0.039509070926406875,447,447
fixed_train,6,3,3,"370407, ac370419",0,0.99435159550639574,0.014850541664976569,447,447
fixed_train,6,3,3,"370407, ac370419",1,0.99435159550639574,0.024016261904197145,447,446
fixed_train,6,3,3,"370407, ac370419",2,0.99435159550639574,0.019547789091261314,447,447
fixed_train,6,3,3,"370407, ac370419",3,0.99435159550639574,0.017086464078230335,447,446
fixed_train,6,3,3,"370407, ac370419",4,0.99435159550639574,0.019499772534194881,447,446
fixed_train,6,3,3,"370407, ac370419",5,0.99435159550639574,0.02407216835743109,447,446
fixed_train,6,3,3,"370407, ac370419",6,0.99435159550639574,0.025186130621834613,447,446
fixed_train,6,3,3,"370407, ac370419",7,0.99435159550639574,0.014850541664976569,447,445
fixed_train,6,3,3,"370407, ac370419",8,0.99435159550639574,0.020520604056952441,447,447
fixed_train,6,3,3,"370407, ac370419",9,0.99435159550639574,0.021838352144430861,447,444
fixed_train,6,3,4,"ac370000, ac370443",0,0.99435159550639574,0.030028947899065406,443,440
fixed_train,6,3,4,"ac370000, ac370443",1,0.99435159550639574,0.029754209898195771,443,439
fixed_train,6,3,4,"ac370000, ac370443",2,0.99435159550639574,0.025244622178124954,443,435
fixed_train,6,3,4,"ac370000, ac370443",3,0.99435159550639574,0.028912426889530551,443,439
fixed_train,6,3,4,"ac370000, ac370443",4,0.99435159550639574,0.026481507838782781,443,441
fixed_train,6,3,4,"ac370000, ac370443",5,0.99435159550639574,0.033442940522540487,443,441
fixed_train,6,3,4,"ac370000, ac370443",6,0.99435159550639574,0.03136584426332123,443,440
fixed_train,6,3,4,"ac370000, ac370443",7,0.99435159550639574,0.030100226170202249,443,440
fixed_train,6,3,4,"ac370000, ac370443",8,0.99435159550639574,0.021891520362727346,443,437
fixed_train,6,3,4,"ac370000, ac370443",9,0.99435159550639574,0.030100226170202249,443,442
fixed_train,6,3,5,"ac370000, ac370419, ac370443",0,0.99435159550639574,0.024244976989329925,442,442
fixed_train,6,3,5,"ac370000, ac370419, ac370443",1,0.99435159550639574,0.033679234810629066,442,442
fixed_train,6,3,5,"ac370000, ac370419, ac370443",2,0.99435159550639574,0.03136584426332123,442,441
fixed_train,6,3,5,"ac370000, ac370419, ac370443",3,0.99435159550639574,0.032561767015635956,442,442
fixed_train,6,3,5,"ac370000, ac370419, ac370443",4,0.99435159550639574,0.030028947899065406,442,442
fixed_train,6,3,5,"ac370000, ac370419, ac370443",5,0.99435159550639574,0.038128648591699954,442,442
fixed_train,6,3,5,"ac370000, ac370419, ac370443",6,0.99435159550639574,0.028912426889530551,442,442
fixed_train,6,3,5,"ac370000, ac370419, ac370443",7,0.99435159550639574,0.030028947899065406,442,442
fixed_train,6,3,5,"ac370000, ac370419, ac370443",8,0.99435159550639574,0.031216482315073013,442,442
fixed_train,6,3,5,"ac370000, ac370419, ac370443",9,0.99435159550639574,0.033679234810629066,442,442
fixed_train,6,3,6,"ac370419, ac370443",0,0.99435159550639574,0.013729650139761684,442,441
fixed_train,6,3,6,"ac370419, ac370443",1,0.99435159550639574,0.017128202349263155,442,439
fixed_train,6,3,6,"ac370419, ac370443",2,0.99435159550639574,0.019314721494651965,442,440
fixed_train,6,3,6,"ac370419, ac370443",3,0.99435159550639574,0.014812977221046908,442,441
fixed_train,6,3,6,"ac370419, ac370443",4,0.99435159550639574,0.014739516504558958,442,441
fixed_train,6,3,6,"ac370419, ac370443",5,0.99435159550639574,0.012539490363863481,442,440
fixed_train,6,3,6,"ac370419, ac370443",6,0.99435159550639574,0.013693906174198411,442,437
fixed_train,6,3,6,"ac370419, ac370443",7,0.99435159550639574,0.011449879006424357,442,441
fixed_train,6,3,6,"ac370419, ac370443",8,0.99435159550639574,0.010208867393855958,442,439
fixed_train,6,3,6,"ac370419, ac370443",9,0.99435159550639574,0.015891346591770827,442,439
fixed_train,6,3,7,"ac370000, ac370442",0,0.99435159550639574,0.029821366870232957,438,434
fixed_train,6,3,7,"ac370000, ac370442",1,0.99435159550639574,0.028776501576810443,438,435
fixed_train,6,3,7,"ac370000, ac370442",2,0.99435159550639574,0.028912426889530551,438,437
fixed_train,6,3,7,"ac370000, ac370442",3,0.99435159550639574,0.027661487709477739,438,436
fixed_train,6,3,7,"ac370000, ac370442",4,0.99435159550639574,0.025128505806447432,438,435
fixed_train,6,3,7,"ac370000, ac370442",5,0.99435159550639574,0.028843958755935262,438,437
fixed_train,6,3,7,"ac370000, ac370442",6,0.99435159550639574,0.023011222329092251,438,434
fixed_train,6,3,7,"ac370000, ac370442",7,0.99435159550639574,0.032406589438835121,438,436
fixed_train,6,3,7,"ac370000, ac370442",8,0.99435159550639574,0.028843958755935262,438,433
fixed_train,6,3,7,"ac370000, ac370442",9,0.99435159550639574,0.030028947899065406,438,432
fixed_train,6,3,8,"ac370000, ac370442, ac370443",0,0.99435159550639574,0.028843958755935262,436,435
fixed_train,6,3,8,"ac370000, ac370442, ac370443",1,0.99435159550639574,0.024186514100755119,436,436
fixed_train,6,3,8,"ac370000, ac370442, ac370443",2,0.99435159550639574,0.028843958755935262,436,436
fixed_train,6,3,8,"ac370000, ac370442, ac370443",3,0.99435159550639574,0.029958721654517739,436,436
fixed_train,6,3,8,"ac370000, ac370442, ac370443",4,0.99435159550639574,0.025425418558075785,436,435
fixed_train,6,3,8,"ac370000, ac370442, ac370443",5,0.99435159550639574,0.03550315791552161,436,436
fixed_train,6,3,8,"ac370000, ac370442, ac370443",6,0.99435159550639574,0.027861540744837265,436,436
fixed_train,6,3,8,"ac370000, ac370442, ac370443",7,0.99435159550639574,0.027661487709477739,436,436
fixed_train,6,3,8,"ac370000, ac370442, ac370443",8,0.99435159550639574,0.032255955599557962,436,436
fixed_train,6,3,8,"ac370000, ac370442, ac370443",9,0.99435159550639574,0.027661487709477739,436,435
fixed_train,6,3,9,"ac370442, ac370443",0,0.99435159550639574,0.012539490363863481,436,434
fixed_train,6,3,9,"ac370442, ac370443",1,0.99435159550639574,0.0091158467491838646,436,435
fixed_train,6,3,9,"ac370442, ac370443",2,0.99435159550639574,0.0079925166494965172,436,434
fixed_train,6,3,9,"ac370442, ac370443",3,0.99435159550639574,0.0091158467491838646,436,435
fixed_train,6,3,9,"ac370442, ac370443",4,0.99435159550639574,0.010295220296402841,436,435
fixed_train,6,3,9,"ac370442, ac370443",5,0.99435159550639574,0.0090893199332312546,436,433
fixed_train,6,3,9,"ac370442, ac370443",6,0.99435159550639574,0.011418340213280476,436,436
fixed_train,6,3,9,"ac370442, ac370443",7,0.99435159550639574,0.012539490363863481,436,435
fixed_train,6,3,9,"ac370442, ac370443",8,0.99435159550639574,0.0079925166494965172,436,434
fixed_train,6,3,9,"ac370442, ac370443",9,0.99435159550639574,0.012539490363863481,436,433
faithful_train,6,3,0,"370407, ac370000",0,0.99435159550639574,0.043342769353010291,470,467
faithful_train,6,3,0,"370407, ac370000",1,0.99435159550639574,0.12263371221906183,470,464
faithful_train,6,3,0,"370407, ac370000",2,0.99435159550639574,0.19289384219597427,470,462
faithful_train,6,3,0,"370407, ac370000",3,0.99435159550639574,0.23517082294589775,470,455
faithful_train,6,3,0,"370407, ac370000",4,0.99435159550639574,0.24617855183086257,470,450
faithful_train,6,3,0,"370407, ac370000",5,0.99435159550639574,0.25932545284420605,470,450
faithful_train,6,3,0,"370407, ac370000",6,0.99435159550639574,0.24867389386837735,470,446
faithful_train,6,3,0,"370407, ac370000",7,0.99435159550639574,0.24328398911448956,470,440
faithful_train,6,3,0,"370407, ac370000",8,0.99435159550639574,0.24658355728207493,470,445
faithful_train,6,3,0,"370407, ac370000",9,0.99435159550639574,0.25852870246517023,470,448
faithful_train,6,3,1,"ac370000, ac370419",0,0.99435159550639574,0.2733264470183826,455,454
faithful_train,6,3,1,"ac370000, ac370419",1,0.99435159550639574,0.26149698456583059,455,450
faithful_train,6,3,1,"ac370000, ac370419",2,0.99435159550639574,0.25502415164094561,455,444
faithful_train,6,3,1,"ac370000, ac370419",3,0.99435159550639574,0.25716790313180815,455,435
faithful_train,6,3,1,"ac370000, ac370419",4,0.99435159550639574,0.26289888600301503,455,428
faithful_train,6,3,1,"ac370000, ac370419",5,0.99435159550639574,0.25077732331828784,455,420
faithful_train,6,3,1,"ac370000, ac370419",6,0.99435159550639574,0.26070665105068103,455,429
faithful_train,6,3,1,"ac370000, ac370419",7,0.99435159550639574,0.25421491091129789,455,430
faithful_train,6,3,1,"ac370000, ac370419",8,0.99435159550639574,0.26228605460217036,455,430
faithful_train,6,3,1,"ac370000, ac370419",9,0.99435159550639574,0.26070665105068103,455,425
faithful_train,6,3,2,"370407, ac370000, ac370419",0,0.99435159550639574,0.25159713867713573,447,446
faithful_train,6,3,2,"370407, ac370000, ac370419",1,0.99435159550639574,0.26070665105068103,447,436
faithful_train,6,3,2,"370407, ac370000, ac370419",2,0.99435159550639574,0.25077732331828784,447,429
faithful_train,6,3,2,"370407, ac370000, ac370419",3,0.99435159550639574,0.2478467435718662,447,427
faithful_train,6,3,2,"370407, ac370000, ac370419",4,0.99435159550639574,0.25421491091129789,447,419
faithful_train,6,3,2,"370407, ac370000, ac370419",5,0.99435159550639574,0.24244148865890458,447,421
faithful_train,6,3,2,"370407, ac370000, ac370419",6,0.99435159550639574,0.24366758084536189,447,418
faithful_train,6,3,2,"370407, ac370000, ac370419",7,0.99435159550639574,0.24328398911448956,447,431
faithful_train,6,3,2,"370407, ac370000, ac370419",8,0.99435159550639574,0.25502415164094561,447,420
faithful_train,6,3,2,"370407, ac370000, ac370419",9,0.99435159550639574,0.2395398524816823,447,418
faithful_train,6,3,3,"370407, ac370419",0,0.99435159550639574,0.2478467435718662,447,400
faithful_train,6,3,3,"370407, ac370419",1,0.99435159550639574,0.2445061443637776,447,425
faithful_train,6,3,3,"370407, ac370419",2,0.99435159550639574,0.25421491091129789,447,428
faithful_train,6,3,3,"370407, ac370419",3,0.99435159550639574,0.24995603555607093,447,424
faithful_train,6,3,3,"370407, ac370419",4,0.99435159550639574,0.25636485108624185,447,424
faithful_train,6,3,3,"370407, ac370419",5,0.99435159550639574,0.2478467435718662,447,431
faithful_train,6,3,3,"370407, ac370419",6,0.99435159550639574,0.26149698456583059,447,423
faithful_train,6,3,3,"370407, ac370419",7,0.99435159550639574,0.24575064905961885,447,417
faithful_train,6,3,3,"370407, ac370419",8,0.99435159550639574,0.24867389386837735,447,413
faithful_train,6,3,3,"370407, ac370419",9,0.99435159550639574,0.25716790313180815,447,418
faithful_train,6,3,4,"ac370000, ac370443",0,0.99435159550639574,0.25370790306470947,443,442
faithful_train,6,3,4,"ac370000, ac370443",1,0.99435159550639574,0.24159737053985453,443,434
faithful_train,6,3,4,"ac370000, ac370443",2,0.99435159550639574,0.25207869902925584,443,422
faithful_train,6,3,4,"ac370000, ac370443",3,0.99435159550639574,0.25421491091129789,443,423
faithful_train,6,3,4,"ac370000, ac370443",4,0.99435159550639574,0.25207869902925584,443,424
faithful_train,6,3,4,"ac370000, ac370443",5,0.99435159550639574,0.23749486368174311,443,424
faithful_train,6,3,4,"ac370000, ac370443",6,0.99435159550639574,0.25077732331828784,443,420
faithful_train,6,3,4,"ac370000, ac370443",7,0.99435159550639574,0.25159713867713573,443,411
faithful_train,6,3,4,"ac370000, ac370443",8,0.99435159550639574,0.25852870246517023,443,415
faithful_train,6,3,4,"ac370000, ac370443",9,0.99435159550639574,0.2395398524816823,443,417
faithful_train,6,3,5,"ac370000, ac370419, ac370443",0,0.99435159550639574,0.23143348189666957,442,437
faithful_train,6,3,5,"ac370000, ac370419, ac370443",1,0.99435159550639574,0.24366758084536189,442,428
faithful_train,6,3,5,"ac370000, ac370419, ac370443",2,0.99435159550639574,0.24575064905961885,442,426
faithful_train,6,3,5,"ac370000, ac370419, ac370443",3,0.99435159550639574,0.24244148865890458,442,421
faithful_train,6,3,5,"ac370000, ac370419, ac370443",4,0.99435159550639574,0.2363224402323989,442,417
faithful_train,6,3,5,"ac370000, ac370419, ac370443",5,0.99435159550639574,0.2334418349380416,442,412
faithful_train,6,3,5,"ac370000, ac370419, ac370443",6,0.99435159550639574,0.2334418349380416,442,410
faithful_train,6,3,5,"ac370000, ac370419, ac370443",7,0.99435159550639574,0.2334418349380416,442,419
faithful_train,6,3,5,"ac370000, ac370419, ac370443",8,0.99435159550639574,0.23749486368174311,442,419
faithful_train,6,3,5,"ac370000, ac370419, ac370443",9,0.99435159550639574,0.23031246604696476,442,420
faithful_train,6,3,6,"ac370419, ac370443",0,0.99435159550639574,0.23031246604696476,442,404
faithful_train,6,3,6,"ac370419, ac370443",1,0.99435159550639574,0.22052722877562736,442,413
faithful_train,6,3,6,"ac370419, ac370443",2,0.99435159550639574,0.22833266897312965,442,413
faithful_train,6,3,6,"ac370419, ac370443",3,0.99435159550639574,0.23031246604696476,442,406
faithful_train,6,3,6,"ac370419, ac370443",4,0.99435159550639574,0.23031246604696476,442,417
faithful_train,6,3,6,"ac370419, ac370443",5,0.99435159550639574,0.22921117248550282,442,416
faithful_train,6,3,6,"ac370419, ac370443",6,0.99435159550639574,0.23031246604696476,442,415
faithful_train,6,3,6,"ac370419, ac370443",7,0.99435159550639574,0.23230392738114181,442,417
faithful_train,6,3,6,"ac370419, ac370443",8,0.99435159550639574,0.23430720173170327,442,405
faithful_train,6,3,6,"ac370419, ac370443",9,0.99435159550639574,0.2311860966983339,442,415
faithful_train,6,3,7,"ac370000, ac370442",0,0.99435159550639574,0.25421491091129789,438,436
faithful_train,6,3,7,"ac370000, ac370442",1,0.99435159550639574,0.24575064905961885,438,434
faithful_train,6,3,7,"ac370000, ac370442",2,0.99435159550639574,0.25502415164094561,438,423
faithful_train,6,3,7,"ac370000, ac370442",3,0.99435159550639574,0.24159737053985453,438,421
faithful_train,6,3,7,"ac370000, ac370442",4,0.99435159550639574,0.25159713867713573,438,417
faithful_train,6,3,7,"ac370000, ac370442",5,0.99435159550639574,0.25852870246517023,438,421
faithful_train,6,3,7,"ac370000, ac370442",6,0.99435159550639574,0.25636485108624185,438,410
faithful_train,6,3,7,"ac370000, ac370442",7,0.99435159550639574,0.25636485108624185,438,398
faithful_train,6,3,7,"ac370000, ac370442",8,0.99435159550639574,0.25502415164094561,438,415
faithful_train,6,3,7,"ac370000, ac370442",9,0.99435159550639574,0.25421491091129789,438,404
faithful_train,6,3,8,"ac370000, ac370442, ac370443",0,0.99435159550639574,0.24995603555607093,436,432
faithful_train,6,3,8,"ac370000, ac370442, ac370443",1,0.99435159550639574,0.2478467435718662,436,417
faithful_train,6,3,8,"ac370000, ac370442, ac370443",2,0.99435159550639574,0.22943703181638586,436,417
faithful_train,6,3,8,"ac370000, ac370442, ac370443",3,0.99435159550639574,0.21962814317211155,436,418
faithful_train,6,3,8,"ac370000, ac370442, ac370443",4,0.99435159550639574,0.2354622437690832,436,415
faithful_train,6,3,8,"ac370000, ac370442, ac370443",5,0.99435159550639574,0.2383497964428879,436,407
faithful_train,6,3,8,"ac370000, ac370442, ac370443",6,0.99435159550639574,0.23143348189666957,436,410
faithful_train,6,3,8,"ac370000, ac370442, ac370443",7,0.99435159550639574,0.24244148865890458,436,416
faithful_train,6,3,8,"ac370000, ac370442, ac370443",8,0.99435159550639574,0.2395398524816823,436,422
faithful_train,6,3,8,"ac370000, ac370442, ac370443",9,0.99435159550639574,0.22745233428283684,436,417
faithful_train,6,3,9,"ac370442, ac370443",0,0.99435159550639574,0.24366758084536189,436,388
faithful_train,6,3,9,"ac370442, ac370443",1,0.99435159550639574,0.24244148865890458,436,411
faithful_train,6,3,9,"ac370442, ac370443",2,0.99435159550639574,0.22943703181638586,436,414
faithful_train,6,3,9,"ac370442, ac370443",3,0.99435159550639574,0.24159737053985453,436,407
faithful_train,6,3,9,"ac370442, ac370443",4,0.99435159550639574,0.2334418349380416,436,419
faithful_train,6,3,9,"ac370442, ac370443",5,0.99435159550639574,0.23143348189666957,436,400
faithful_train,6,3,9,"ac370442, ac370443",6,0.99435159550639574,0.22943703181638586,436,399
faithful_train,6,3,9,"ac370442, ac370443",7,0.99435159550639574,0.23749486368174311,436,403
faithful_train,6,3,9,"ac370442, ac370443",8,0.99435159550639574,0.2354622437690832,436,408
faithful_train,6,3,9,"ac370442, ac370443",9,0.99435159550639574,0.2383497964428879,436,415
fixed_test,6,4,0,"370407, ac370000",0,0.91336995831377843,0.011682556626376739,114,112
fixed_test,6,4,0,"370407, ac370000",1,0.91336995831377843,0.0062561920815458194,114,113
fixed_test,6,4,0,"370407, ac370000",2,0.91336995831377843,0.034130279074099157,114,114
fixed_test,6,4,0,"370407, ac370000",3,0.91336995831377843,0.01717997264677118,114,114
fixed_test,6,4,0,"370407, ac370000",4,0.91336995831377843,0.011682556626376739,114,113
fixed_test,6,4,0,"370407, ac370000",5,0.91336995831377843,0.0062561920815458194,114,114
fixed_test,6,4,0,"370407, ac370000",6,0.91336995831377843,0.011682556626376739,114,114
fixed_test,6,4,0,"370407, ac370000",7,0.91336995831377843,0.01717997264677118,114,113
fixed_test,6,4,0,"370407, ac370000",8,0.91336995831377843,0.011682556626376739,114,113
fixed_test,6,4,0,"370407, ac370000",9,0.91336995831377843,0.022751540407932924,114,113
fixed_test,6,4,1,"ac370000, ac370419",0,0.91336995831377843,0.010623246420645938,114,112
fixed_test,6,4,1,"ac370000, ac370419",1,0.91336995831377843,0.027066640678484633,114,114
fixed_test,6,4,1,"ac370000, ac370419",2,0.91336995831377843,0.020348575231332711,114,113
fixed_test,6,4,1,"ac370000, ac370419",3,0.91336995831377843,0.010623246420645938,114,114
fixed_test,6,4,1,"ac370000, ac370419",4,0.91336995831377843,0.03134507628889649,114,113
fixed_test,6,4,1,"ac370000, ac370419",5,0.91336995831377843,0.020348575231332711,114,113
fixed_test,6,4,1,"ac370000, ac370419",6,0.91336995831377843,0.027066640678484633,114,113
fixed_test,6,4,1,"ac370000, ac370419",7,0.91336995831377843,0.032695320598310706,114,114
fixed_test,6,4,1,"ac370000, ac370419",8,0.91336995831377843,0.010623246420645938,114,113
fixed_test,6,4,1,"ac370000, ac370419",9,0.91336995831377843,0.010623246420645938,114,113
fixed_test,6,4,2,"370407, ac370000, ac370419",0,0.91336995831377843,0.041176336120156254,112,112
fixed_test,6,4,2,"370407, ac370000, ac370419",1,0.91336995831377843,0.021513816457636614,112,112
fixed_test,6,4,2,"370407, ac370000, ac370419",2,0.91336995831377843,0.014954301277431803,112,111
fixed_test,6,4,2,"370407, ac370000, ac370419",3,0.91336995831377843,0.014954301277431803,112,112
fixed_test,6,4,2,"370407, ac370000, ac370419",4,0.91336995831377843,0.044193639137459217,112,112
fixed_test,6,4,2,"370407, ac370000, ac370419",5,0.91336995831377843,0.010623246420645938,112,112
fixed_test,6,4,2,"370407, ac370000, ac370419",6,0.91336995831377843,0.020348575231332711,112,112
fixed_test,6,4,2,"370407, ac370000, ac370419",7,0.91336995831377843,0.03134507628889649,112,112
fixed_test,6,4,2,"370407, ac370000, ac370419",8,0.91336995831377843,0.027066640678484633,112,112
fixed_test,6,4,2,"370407, ac370000, ac370419",9,0.91336995831377843,0.030073904042019373,112,112
fixed_test,6,4,3,"370407, ac370419",0,0.91336995831377843,-0.0059937599167954048,112,112
fixed_test,6,4,3,"370407, ac370419",1,0.91336995831377843,-0.00084595251230190627,112,111
fixed_test,6,4,3,"370407, ac370419",2,0.91336995831377843,-0.00084595251230190627,112,111
fixed_test,6,4,3,"370407, ac370419",3,0.91336995831377843,-0.0059937599167954048,112,112
fixed_test,6,4,3,"370407, ac370419",4,0.91336995831377843,0.0052796019475600531,112,112
fixed_test,6,4,3,"370407, ac370419",5,0.91336995831377843,0,112,112
fixed_test,6,4,3,"370407, ac370419",6,0.91336995831377843,-0.010377517976070672,112,112
fixed_test,6,4,3,"370407, ac370419",7,0.91336995831377843,-0.00084595251230190627,112,111
fixed_test,6,4,3,"370407, ac370419",8,0.91336995831377843,0.0052796019475600531,112,112
fixed_test,6,4,3,"370407, ac370419",9,0.91336995831377843,-0.010377517976070672,112,110
fixed_test,6,4,4,"ac370000, ac370443",0,0.91336995831377843,0.020348575231332711,107,107
fixed_test,6,4,4,"ac370000, ac370443",1,0.91336995831377843,0.010623246420645938,107,106
fixed_test,6,4,4,"ac370000, ac370443",2,0.91336995831377843,0.016033690372889708,107,106
fixed_test,6,4,4,"ac370000, ac370443",3,0.91336995831377843,0.03134507628889649,107,106
fixed_test,6,4,4,"ac370000, ac370443",4,0.91336995831377843,0.020348575231332711,107,107
fixed_test,6,4,4,"ac370000, ac370443",5,0.91336995831377843,0.036953308710198307,107,107
fixed_test,6,4,4,"ac370000, ac370443",6,0.91336995831377843,0.016033690372889708,107,105
fixed_test,6,4,4,"ac370000, ac370443",7,0.91336995831377843,0.02581118866423382,107,106
fixed_test,6,4,4,"ac370000, ac370443",8,0.91336995831377843,0.016033690372889708,107,107
fixed_test,6,4,4,"ac370000, ac370443",9,0.91336995831377843,0.027066640678484633,107,107
fixed_test,6,4,5,"ac370000, ac370419, ac370443",0,0.91336995831377843,0.0052796019475600531,107,107
fixed_test,6,4,5,"ac370000, ac370419, ac370443",1,0.91336995831377843,0.0052796019475600531,107,107
fixed_test,6,4,5,"ac370000, ac370419, ac370443",2,0.91336995831377843,0.016033690372889708,107,107
fixed_test,6,4,5,"ac370000, ac370419, ac370443",3,0.91336995831377843,0.014954301277431803,107,107
fixed_test,6,4,5,"ac370000, ac370419, ac370443",4,0.91336995831377843,0.020348575231332711,107,107
fixed_test,6,4,5,"ac370000, ac370419, ac370443",5,0.91336995831377843,0.020348575231332711,107,107
fixed_test,6,4,5,"ac370000, ac370419, ac370443",6,0.91336995831377843,0.014954301277431803,107,107
fixed_test,6,4,5,"ac370000, ac370419, ac370443",7,0.91336995831377843,0.016033690372889708,107,107
fixed_test,6,4,5,"ac370000, ac370419, ac370443",8,0.91336995831377843,0.010623246420645938,107,107
fixed_test,6,4,5,"ac370000, ac370419, ac370443",9,0.91336995831377843,0.016033690372889708,107,107
fixed_test,6,4,6,"ac370419, ac370443",0,0.91336995831377843,-0.0052181978119626438,107,107
fixed_test,6,4,6,"ac370419, ac370443",1,0.91336995831377843,0.0052796019475600531,107,107
fixed_test,6,4,6,"ac370419, ac370443",2,0.91336995831377843,0,107,106
fixed_test,6,4,6,"ac370419, ac370443",3,0.91336995831377843,0.0043596661732441255,107,106
fixed_test,6,4,6,"ac370419, ac370443",4,0.91336995831377843,-0.0052181978119626438,107,107
fixed_test,6,4,6,"ac370419, ac370443",5,0.91336995831377843,0,107,107
fixed_test,6,4,6,"ac370419, ac370443",6,0.91336995831377843,-0.00084595251230190627,107,106
fixed_test,6,4,6,"ac370419, ac370443",7,0.91336995831377843,0,107,106
fixed_test,6,4,6,"ac370419, ac370443",8,0.91336995831377843,-0.0052181978119626438,107,107
fixed_test,6,4,6,"ac370419, ac370443",9,0.91336995831377843,-0.0052181978119626438,107,106
fixed_test,6,4,7,"ac370000, ac370442",0,0.91336995831377843,0.03134507628889649,104,104
fixed_test,6,4,7,"ac370000, ac370442",1,0.91336995831377843,0.021513816457636614,104,104
fixed_test,6,4,7,"ac370000, ac370442",2,0.91336995831377843,0.016033690372889708,104,102
fixed_test,6,4,7,"ac370000, ac370442",3,0.91336995831377843,0.027066640678484633,104,103
fixed_test,6,4,7,"ac370000, ac370442",4,0.91336995831377843,0.02581118866423382,104,102
fixed_test,6,4,7,"ac370000, ac370442",5,0.91336995831377843,0.032695320598310706,104,104
fixed_test,6,4,7,"ac370000, ac370442",6,0.91336995831377843,0.021513816457636614,104,104
fixed_test,6,4,7,"ac370000, ac370442",7,0.91336995831377843,0.028876680562073709,104,102
fixed_test,6,4,7,"ac370000, ac370442",8,0.91336995831377843,0.021513816457636614,104,102
fixed_test,6,4,7,"ac370000, ac370442",9,0.91336995831377843,0.027066640678484633,104,104
fixed_test,6,4,8,"ac370000, ac370442, ac370443",0,0.91336995831377843,0.016033690372889708,104,104
fixed_test,6,4,8,"ac370000, ac370442, ac370443",1,0.91336995831377843,0.010623246420645938,104,104
fixed_test,6,4,8,"ac370000, ac370442, ac370443",2,0.91336995831377843,0.014954301277431803,104,104
fixed_test,6,4,8,"ac370000, ac370442, ac370443",3,0.91336995831377843,0.020348575231332711,104,104
fixed_test,6,4,8,"ac370000, ac370442, ac370443",4,0.91336995831377843,0.020348575231332711,104,104
fixed_test,6,4,8,"ac370000, ac370442, ac370443",5,0.91336995831377843,0.021513816457636614,104,104
fixed_test,6,4,8,"ac370000, ac370442, ac370443",6,0.91336995831377843,0.027066640678484633,104,104
fixed_test,6,4,8,"ac370000, ac370442, ac370443",7,0.91336995831377843,0.027066640678484633,104,104
fixed_test,6,4,8,"ac370000, ac370442, ac370443",8,0.91336995831377843,0.027066640678484633,104,104
fixed_test,6,4,8,"ac370000, ac370442, ac370443",9,0.91336995831377843,0.03134507628889649,104,103
fixed_test,6,4,9,"ac370442, ac370443",0,0.91336995831377843,0.0043596661732441255,104,104
fixed_test,6,4,9,"ac370442, ac370443",1,0.91336995831377843,-0.0052181978119626438,104,103
fixed_test,6,4,9,"ac370442, ac370443",2,0.91336995831377843,-0.00084595251230190627,104,104
fixed_test,6,4,9,"ac370442, ac370443",3,0.91336995831377843,-0.0052181978119626438,104,104
fixed_test,6,4,9,"ac370442, ac370443",4,0.91336995831377843,0,104,104
fixed_test,6,4,9,"ac370442, ac370443",5,0.91336995831377843,-0.0052181978119626438,104,104
fixed_test,6,4,9,"ac370442, ac370443",6,0.91336995831377843,0.0043596661732441255,104,104
fixed_test,6,4,9,"ac370442, ac370443",7,0.91336995831377843,-0.0052181978119626438,104,102
fixed_test,6,4,9,"ac370442, ac370443",8,0.91336995831377843,-0.0052181978119626438,104,104
fixed_test,6,4,9,"ac370442, ac370443",9,0.91336995831377843,0.0043596661732441255,104,104
fixed_train,6,4,0,"370407, ac370000",0,0.99548519207884645,0.037041581861015249,472,465
fixed_train,6,4,0,"370407, ac370000",1,0.99548519207884645,0.0345765370949912,472,469
fixed_train,6,4,0,"370407, ac370000",2,0.99548519207884645,0.039530291011005358,472,470
fixed_train,6,4,0,"370407, ac370000",3,0.99548519207884645,0.028860779801021308,472,467
fixed_train,6,4,0,"370407, ac370000",4,0.99548519207884645,0.038326899528600578,472,467
fixed_train,6,4,0,"370407, ac370000",5,0.99548519207884645,0.036876027978293924,472,468
fixed_train,6,4,0,"370407, ac370000",6,0.99548519207884645,0.030115516897320505,472,468
fixed_train,6,4,0,"370407, ac370000",7,0.99548519207884645,0.034976311144124805,472,466
fixed_train,6,4,0,"370407, ac370000",8,0.99548519207884645,0.032424205218552049,472,468
fixed_train,6,4,0,"370407, ac370000",9,0.99548519207884645,0.036011131558343679,472,467
fixed_train,6,4,1,"ac370000, ac370419",0,0.99548519207884645,0.031306168023387371,456,454
fixed_train,6,4,1,"ac370000, ac370419",1,0.99548519207884645,0.032575801705927554,456,451
fixed_train,6,4,1,"ac370000, ac370419",2,0.99548519207884645,0.032424205218552049,456,454
fixed_train,6,4,1,"ac370000, ac370419",3,0.99548519207884645,0.028995137317287978,456,454
fixed_train,6,4,1,"ac370000, ac370419",4,0.99548519207884645,0.031306168023387371,456,452
fixed_train,6,4,1,"ac370000, ac370419",5,0.99548519207884645,0.036095273299008857,456,456
fixed_train,6,4,1,"ac370000, ac370419",6,0.99548519207884645,0.03576607381250585,456,453
fixed_train,6,4,1,"ac370000, ac370419",7,0.99548519207884645,0.032350078887523726,456,455
fixed_train,6,4,1,"ac370000, ac370419",8,0.99548519207884645,0.025378573561780637,456,454
fixed_train,6,4,1,"ac370000, ac370419",9,0.99548519207884645,0.031162544471516118,456,452
fixed_train,6,4,2,"370407, ac370000, ac370419",0,0.99548519207884645,0.039350270182246683,446,446
fixed_train,6,4,2,"370407, ac370000, ac370419",1,0.99548519207884645,0.033617198729486764,446,446
fixed_train,6,4,2,"370407, ac370000, ac370419",2,0.99548519207884645,0.028927459474020423,446,445
fixed_train,6,4,2,"370407, ac370000, ac370419",3,0.99548519207884645,0.034893964807620192,446,445
fixed_train,6,4,2,"370407, ac370000, ac370419",4,0.99548519207884645,0.030046023461981264,446,445
fixed_train,6,4,2,"370407, ac370000, ac370419",5,0.99548519207884645,0.034812831383079779,446,446
fixed_train,6,4,2,"370407, ac370000, ac370419",6,0.99548519207884645,0.036095273299008857,446,446
fixed_train,6,4,2,"370407, ac370000, ac370419",7,0.99548519207884645,0.027741968036438913,446,445
fixed_train,6,4,2,"370407, ac370000, ac370419",8,0.99548519207884645,0.035928229435586156,446,444
fixed_train,6,4,2,"370407, ac370000, ac370419",9,0.99548519207884645,0.031379595617829659,446,445
fixed_train,6,4,3,"370407, ac370419",0,0.99548519207884645,0.013607788521658004,446,446
fixed_train,6,4,3,"370407, ac370419",1,0.99548519207884645,0.015909567887419707,446,444
fixed_train,6,4,3,"370407, ac370419",2,0.99548519207884645,0.017063713125998414,446,445
fixed_train,6,4,3,"370407, ac370419",3,0.99548519207884645,0.018261798921713868,446,445
fixed_train,6,4,3,"370407, ac370419",4,0.99548519207884645,0.011370817707736736,446,445
fixed_train,6,4,3,"370407, ac370419",5,0.99548519207884645,0.017103068707567171,446,446
fixed_train,6,4,3,"370407, ac370419",6,0.99548519207884645,0.014792289857877172,446,445
fixed_train,6,4,3,"370407, ac370419",7,0.99548519207884645,0.028303361029615837,446,446
fixed_train,6,4,3,"370407, ac370419",8,0.99548519207884645,0.020493547507864585,446,445
fixed_train,6,4,3,"370407, ac370419",9,0.99548519207884645,0.014827502746649124,446,446
fixed_train,6,4,4,"ac370000, ac370443",0,0.99548519207884645,0.031379595617829659,450,446
fixed_train,6,4,4,"ac370000, ac370443",1,0.99548519207884645,0.025320110673205831,450,448
fixed_train,6,4,4,"ac370000, ac370443",2,0.99548519207884645,0.031379595617829659,450,449
fixed_train,6,4,4,"ac370000, ac370443",3,0.99548519207884645,0.031306168023387371,450,446
fixed_train,6,4,4,"ac370000, ac370443",4,0.99548519207884645,0.036876027978293924,450,448
fixed_train,6,4,4,"ac370000, ac370443",5,0.99548519207884645,0.031233822742652961,450,450
fixed_train,6,4,4,"ac370000, ac370443",6,0.99548519207884645,0.026559015130526498,450,448
fixed_train,6,4,4,"ac370000, ac370443",7,0.99548519207884645,0.027806828576088738,450,448
fixed_train,6,4,4,"ac370000, ac370443",8,0.99548519207884645,0.024200616391848118,450,447
fixed_train,6,4,4,"ac370000, ac370443",9,0.99548519207884645,0.026497850336888229,450,446
fixed_train,6,4,5,"ac370000, ac370419, ac370443",0,0.99548519207884645,0.031306168023387371,448,448
fixed_train,6,4,5,"ac370000, ac370419, ac370443",1,0.99548519207884645,0.026559015130526498,448,448
fixed_train,6,4,5,"ac370000, ac370419, ac370443",2,0.99548519207884645,0.028927459474020423,448,448
fixed_train,6,4,5,"ac370000, ac370419, ac370443",3,0.99548519207884645,0.029977555328385974,448,448
fixed_train,6,4,5,"ac370000, ac370419, ac370443",4,0.99548519207884645,0.02767806444508325,448,448
fixed_train,6,4,5,"ac370000, ac370419, ac370443",5,0.99548519207884645,0.030046023461981264,448,448
fixed_train,6,4,5,"ac370000, ac370419, ac370443",6,0.99548519207884645,0.028860779801021308,448,448
fixed_train,6,4,5,"ac370000, ac370419, ac370443",7,0.99548519207884645,0.028927459474020423,448,447
fixed_train,6,4,5,"ac370000, ac370419, ac370443",8,0.99548519207884645,0.034654134313065965,448,447
fixed_train,6,4,5,"ac370000, ac370419, ac370443",9,0.99548519207884645,0.027741968036438913,448,448
fixed_train,6,4,6,"ac370419, ac370443",0,0.99548519207884645,0.0045464903002522261,448,447
fixed_train,6,4,6,"ac370419, ac370443",1,0.99548519207884645,0.018261798921713868,448,445
fixed_train,6,4,6,"ac370419, ac370443",2,0.99548519207884645,0.010249443321634577,448,445
fixed_train,6,4,6,"ac370419, ac370443",3,0.99548519207884645,0.011399600079130767,448,447
fixed_train,6,4,6,"ac370419, ac370443",4,0.99548519207884645,0.013673086936314194,448,448
fixed_train,6,4,6,"ac370419, ac370443",5,0.99548519207884645,0.014863246712212397,448,446
fixed_train,6,4,6,"ac370419, ac370443",6,0.99548519207884645,0.0068320675280538756,448,447
fixed_train,6,4,6,"ac370419, ac370443",7,0.99548519207884645,0.012551936785731188,448,447
fixed_train,6,4,6,"ac370419, ac370443",8,0.99548519207884645,0.01364019279757811,448,444
fixed_train,6,4,6,"ac370419, ac370443",9,0.99548519207884645,0.0091261132219472296,448,447
fixed_train,6,4,7,"ac370000, ac370442",0,0.99548519207884645,0.027806828576088738,447,446
fixed_train,6,4,7,"ac370000, ac370442",1,0.99548519207884645,0.026621096205387662,447,444
fixed_train,6,4,7,"ac370000, ac370442",2,0.99548519207884645,0.026437589047358601,447,444
fixed_train,6,4,7,"ac370000, ac370442",3,0.99548519207884645,0.023079082678478025,447,443
fixed_train,6,4,7,"ac370000, ac370442",4,0.99548519207884645,0.026437589047358601,447,445
fixed_train,6,4,7,"ac370000, ac370442",5,0.99548519207884645,0.030186050288463995,447,443
fixed_train,6,4,7,"ac370000, ac370442",6,0.99548519207884645,0.026559015130526498,447,440
fixed_train,6,4,7,"ac370000, ac370442",7,0.99548519207884645,0.027553074823220891,447,443
fixed_train,6,4,7,"ac370000, ac370442",8,0.99548519207884645,0.031306168023387371,447,442
fixed_train,6,4,7,"ac370000, ac370442",9,0.99548519207884645,0.026437589047358601,447,446
fixed_train,6,4,8,"ac370000, ac370442, ac370443",0,0.99548519207884645,0.036011131558343679,445,445
fixed_train,6,4,8,"ac370000, ac370442, ac370443",1,0.99548519207884645,0.028927459474020423,445,445
fixed_train,6,4,8,"ac370000, ac370442, ac370443",2,0.99548519207884645,0.034812831383079779,445,445
fixed_train,6,4,8,"ac370000, ac370442, ac370443",3,0.99548519207884645,0.030115516897320505,445,444
fixed_train,6,4,8,"ac370000, ac370442, ac370443",4,0.99548519207884645,0.034732893539783594,445,445
fixed_train,6,4,8,"ac370000, ac370442, ac370443",5,0.99548519207884645,0.02767806444508325,445,445
fixed_train,6,4,8,"ac370000, ac370442, ac370443",6,0.99548519207884645,0.033464309142011039,445,445
fixed_train,6,4,8,"ac370000, ac370442, ac370443",7,0.99548519207884645,0.032424205218552049,445,445
fixed_train,6,4,8,"ac370000, ac370442, ac370443",8,0.99548519207884645,0.028795084281928451,445,445
fixed_train,6,4,8,"ac370000, ac370442, ac370443",9,0.99548519207884645,0.02767806444508325,445,444
fixed_train,6,4,9,"ac370442, ac370443",0,0.99548519207884645,0.007978020053513446,445,442
fixed_train,6,4,9,"ac370442, ac370443",1,0.99548519207884645,0.011342463966306671,445,442
fixed_train,6,4,9,"ac370442, ac370443",2,0.99548519207884645,0.0091014426178953611,445,443
fixed_train,6,4,9,"ac370442, ac370443",3,0.99548519207884645,0.0091261132219472296,445,442
fixed_train,6,4,9,"ac370442, ac370443",4,0.99548519207884645,0.01364019279757811,445,443
fixed_train,6,4,9,"ac370442, ac370443",5,0.99548519207884645,0.0068320675280538756,445,442
fixed_train,6,4,9,"ac370442, ac370443",6,0.99548519207884645,0.0091014426178953611,445,444
fixed_train,6,4,9,"ac370442, ac370443",7,0.99548519207884645,0.010249443321634577,445,445
fixed_train,6,4,9,"ac370442, ac370443",8,0.99548519207884645,0.007978020053513446,445,440
fixed_train,6,4,9,"ac370442, ac370443",9,0.99548519207884645,0.010222916505681967,445,444
faithful_train,6,4,0,"370407, ac370000",0,0.99548519207884645,0.041848454112697997,472,469
faithful_train,6,4,0,"370407, ac370000",1,0.99548519207884645,0.17316302696227071,472,465
faithful_train,6,4,0,"370407, ac370000",2,0.99548519207884645,0.22448802076394347,472,463
faithful_train,6,4,0,"370407, ac370000",3,0.99548519207884645,0.26363323887642509,472,459
faithful_train,6,4,0,"370407, ac370000",4,0.99548519207884645,0.26923095323284274,472,454
faithful_train,6,4,0,"370407, ac370000",5,0.99548519207884645,0.26856714533960213,472,447
faithful_train,6,4,0,"370407, ac370000",6,0.99548519207884645,0.27745977317698367,472,442
faithful_train,6,4,0,"370407, ac370000",7,0.99548519207884645,0.27146031400468285,472,437
faithful_train,6,4,0,"370407, ac370000",8,0.99548519207884645,0.27596408570551523,472,442
faithful_train,6,4,0,"370407, ac370000",9,0.99548519207884645,0.27979473024476298,472,450
faithful_train,6,4,1,"ac370000, ac370419",0,0.99548519207884645,0.27294818362350803,456,456
faithful_train,6,4,1,"ac370000, ac370419",1,0.99548519207884645,0.26701634135876151,456,451
faithful_train,6,4,1,"ac370000, ac370419",2,0.99548519207884645,0.27596408570551523,456,447
faithful_train,6,4,1,"ac370000, ac370419",3,0.99548519207884645,0.27979473024476298,456,436
faithful_train,6,4,1,"ac370000, ac370419",4,0.99548519207884645,0.27979473024476298,456,436
faithful_train,6,4,1,"ac370000, ac370419",5,0.99548519207884645,0.27521480317905656,456,437
faithful_train,6,4,1,"ac370000, ac370419",6,0.99548519207884645,0.27749691429777967,456,435
faithful_train,6,4,1,"ac370000, ac370419",7,0.99548519207884645,0.28210846803761191,456,437
faithful_train,6,4,1,"ac370000, ac370419",8,0.99548519207884645,0.27979473024476298,456,432
faithful_train,6,4,1,"ac370000, ac370419",9,0.99548519207884645,0.27749691429777967,456,432
faithful_train,6,4,2,"370407, ac370000, ac370419",0,0.99548519207884645,0.26846058441853238,446,445
faithful_train,6,4,2,"370407, ac370000, ac370419",1,0.99548519207884645,0.26623919628033998,446,432
faithful_train,6,4,2,"370407, ac370000, ac370419",2,0.99548519207884645,0.26701634135876151,446,425
faithful_train,6,4,2,"370407, ac370000, ac370419",3,0.99548519207884645,0.26846058441853238,446,427
faithful_train,6,4,2,"370407, ac370000, ac370419",4,0.99548519207884645,0.26481628176329131,446,424
faithful_train,6,4,2,"370407, ac370000, ac370419",5,0.99548519207884645,0.26701634135876151,446,419
faithful_train,6,4,2,"370407, ac370000, ac370419",6,0.99548519207884645,0.26846058441853238,446,426
faithful_train,6,4,2,"370407, ac370000, ac370419",7,0.99548519207884645,0.25966229903762095,446,433
faithful_train,6,4,2,"370407, ac370000, ac370419",8,0.99548519207884645,0.25966229903762095,446,422
faithful_train,6,4,2,"370407, ac370000, ac370419",9,0.99548519207884645,0.26701634135876151,446,418
faithful_train,6,4,3,"370407, ac370419",0,0.99548519207884645,0.26184024762313174,446,401
faithful_train,6,4,3,"370407, ac370419",1,0.99548519207884645,0.26184024762313174,446,422
faithful_train,6,4,3,"370407, ac370419",2,0.99548519207884645,0.26623919628033998,446,424
faithful_train,6,4,3,"370407, ac370419",3,0.99548519207884645,0.26623919628033998,446,416
faithful_train,6,4,3,"370407, ac370419",4,0.99548519207884645,0.26701634135876151,446,420
faithful_train,6,4,3,"370407, ac370419",5,0.99548519207884645,0.26623919628033998,446,418
faithful_train,6,4,3,"370407, ac370419",6,0.99548519207884645,0.26846058441853238,446,425
faithful_train,6,4,3,"370407, ac370419",7,0.99548519207884645,0.26623919628033998,446,427
faithful_train,6,4,3,"370407, ac370419",8,0.99548519207884645,0.26846058441853238,446,423
faithful_train,6,4,3,"370407, ac370419",9,0.99548519207884645,0.26846058441853238,446,423
faithful_train,6,4,4,"ac370000, ac370443",0,0.99548519207884645,0.28210846803761191,450,450
faithful_train,6,4,4,"ac370000, ac370443",1,0.99548519207884645,0.27979473024476298,450,441
faithful_train,6,4,4,"ac370000, ac370443",2,0.99548519207884645,0.2782389070828426,450,439
faithful_train,6,4,4,"ac370000, ac370443",3,0.99548519207884645,0.28210846803761191,450,433
faithful_train,6,4,4,"ac370000, ac370443",4,0.99548519207884645,0.28210846803761191,450,432
faithful_train,6,4,4,"ac370000, ac370443",5,0.99548519207884645,0.28210846803761191,450,430
faithful_train,6,4,4,"ac370000, ac370443",6,0.99548519207884645,0.28443834852991146,450,426
faithful_train,6,4,4,"ac370000, ac370443",7,0.99548519207884645,0.28443834852991146,450,422
faithful_train,6,4,4,"ac370000, ac370443",8,0.99548519207884645,0.28210846803761191,450,428
faithful_train,6,4,4,"ac370000, ac370443",9,0.99548519207884645,0.28443834852991146,450,426
faithful_train,6,4,5,"ac370000, ac370419, ac370443",0,0.99548519207884645,0.27979473024476298,448,446
faithful_train,6,4,5,"ac370000, ac370419, ac370443",1,0.99548519207884645,0.2782389070828426,448,436
faithful_train,6,4,5,"ac370000, ac370419, ac370443",2,0.99548519207884645,0.28052929840766072,448,437
faithful_train,6,4,5,"ac370000, ac370419, ac370443",3,0.99548519207884645,0.28052929840766072,448,423
faithful_train,6,4,5,"ac370000, ac370419, ac370443",4,0.99548519207884645,0.27521480317905656,448,419
faithful_train,6,4,5,"ac370000, ac370419, ac370443",5,0.99548519207884645,0.28052929840766072,448,424
faithful_train,6,4,5,"ac370000, ac370419, ac370443",6,0.99548519207884645,0.27749691429777967,448,425
faithful_train,6,4,5,"ac370000, ac370419, ac370443",7,0.99548519207884645,0.27979473024476298,448,419
faithful_train,6,4,5,"ac370000, ac370419, ac370443",8,0.99548519207884645,0.27749691429777967,448,425
faithful_train,6,4,5,"ac370000, ac370419, ac370443",9,0.99548519207884645,0.27521480317905656,448,422
faithful_train,6,4,6,"ac370419, ac370443",0,0.99548519207884645,0.27521480317905656,448,408
faithful_train,6,4,6,"ac370419, ac370443",1,0.99548519207884645,0.27146031400468285,448,418
faithful_train,6,4,6,"ac370419, ac370443",2,0.99548519207884645,0.27521480317905656,448,418
faithful_train,6,4,6,"ac370419, ac370443",3,0.99548519207884645,0.27294818362350803,448,419
faithful_train,6,4,6,"ac370419, ac370443",4,0.99548519207884645,0.27294818362350803,448,426
faithful_train,6,4,6,"ac370419, ac370443",5,0.99548519207884645,0.27749691429777967,448,429
faithful_train,6,4,6,"ac370419, ac370443",6,0.99548519207884645,0.27521480317905656,448,430
faithful_train,6,4,6,"ac370419, ac370443",7,0.99548519207884645,0.27294818362350803,448,420
faithful_train,6,4,6,"ac370419, ac370443",8,0.99548519207884645,0.27521480317905656,448,421
faithful_train,6,4,6,"ac370419, ac370443",9,0.99548519207884645,0.27521480317905656,448,419
faithful_train,6,4,7,"ac370000, ac370442",0,0.99548519207884645,0.28515765182440722,447,446
faithful_train,6,4,7,"ac370000, ac370442",1,0.99548519207884645,0.28210846803761191,447,445
faithful_train,6,4,7,"ac370000, ac370442",2,0.99548519207884645,0.28443834852991146,447,438
faithful_train,6,4,7,"ac370000, ac370442",3,0.99548519207884645,0.28443834852991146,447,436
faithful_train,6,4,7,"ac370000, ac370442",4,0.99548519207884645,0.28515765182440722,447,434
faithful_train,6,4,7,"ac370000, ac370442",5,0.99548519207884645,0.27979473024476298,447,429
faithful_train,6,4,7,"ac370000, ac370442",6,0.99548519207884645,0.28749605388918198,447,426
faithful_train,6,4,7,"ac370000, ac370442",7,0.99548519207884645,0.28210846803761191,447,421
faithful_train,6,4,7,"ac370000, ac370442",8,0.99548519207884645,0.27979473024476298,447,416
faithful_train,6,4,7,"ac370000, ac370442",9,0.99548519207884645,0.28443834852991146,447,417
faithful_train,6,4,8,"ac370000, ac370442, ac370443",0,0.99548519207884645,0.28443834852991146,445,441
faithful_train,6,4,8,"ac370000, ac370442, ac370443",1,0.99548519207884645,0.27979473024476298,445,433
faithful_train,6,4,8,"ac370000, ac370442, ac370443",2,0.99548519207884645,0.28515765182440722,445,432
faithful_train,6,4,8,"ac370000, ac370442, ac370443",3,0.99548519207884645,0.27749691429777967,445,427
faithful_train,6,4,8,"ac370000, ac370442, ac370443",4,0.99548519207884645,0.28210846803761191,445,427
faithful_train,6,4,8,"ac370000, ac370442, ac370443",5,0.99548519207884645,0.28210846803761191,445,432
faithful_train,6,4,8,"ac370000, ac370442, ac370443",6,0.99548519207884645,0.28210846803761191,445,422
faithful_train,6,4,8,"ac370000, ac370442, ac370443",7,0.99548519207884645,0.28210846803761191,445,420
faithful_train,6,4,8,"ac370000, ac370442, ac370443",8,0.99548519207884645,0.27979473024476298,445,425
faithful_train,6,4,8,"ac370000, ac370442, ac370443",9,0.99548519207884645,0.27897998778752253,445,415
faithful_train,6,4,9,"ac370442, ac370443",0,0.99548519207884645,0.27972017895394441,445,394
faithful_train,6,4,9,"ac370442, ac370443",1,0.99548519207884645,0.28052929840766072,445,422
faithful_train,6,4,9,"ac370442, ac370443",2,0.99548519207884645,0.28283547396846265,445,415
faithful_train,6,4,9,"ac370442, ac370443",3,0.99548519207884645,0.27749691429777967,445,415
faithful_train,6,4,9,"ac370442, ac370443",4,0.99548519207884645,0.27749691429777967,445,410
faithful_train,6,4,9,"ac370442, ac370443",5,0.99548519207884645,0.28052929840766072,445,411
faithful_train,6,4,9,"ac370442, ac370443",6,0.99548519207884645,0.28126301098662854,445,397
faithful_train,6,4,9,"ac370442, ac370443",7,0.99548519207884645,0.2782389070828426,445,414
faithful_train,6,4,9,"ac370442, ac370443",8,0.99548519207884645,0.2782389070828426,445,417
faithful_train,6,4,9,"ac370442, ac370443",9,0.99548519207884645,0.2782389070828426,445,409
