setting,seed,fold,itemset_id,itemset,repeat,baseline,importance,n_traces_with_itemset,n_traces_changed
fixed_test,7,0,0,"370407, ac370000",0,0.93098292684316086,0.02071053013104962,114,114
fixed_test,7,0,0,"370407, ac370000",1,0.93098292684316086,0.011265519258640389,114,112
fixed_test,7,0,0,"370407, ac370000",2,0.93098292684316086,0.0061949977857241878,114,112
fixed_test,7,0,0,"370407, ac370000",3,0.93098292684316086,0.00057135116370687911,114,114
fixed_test,7,0,0,"370407, ac370000",4,0.93098292684316086,0.015596506653544395,114,114
fixed_test,7,0,0,"370407, ac370000",5,0.93098292684316086,0.010536755645131901,114,114
fixed_test,7,0,0,"370407, ac370000",6,0.93098292684316086,0.015596506653544395,114,113
fixed_test,7,0,0,"370407, ac370000",7,0.93098292684316086,0.010536755645131901,114,114
fixed_test,7,0,0,"370407, ac370000",8,0.93098292684316086,0.025881120244906519,114,111
fixed_test,7,0,0,"370407, ac370000",9,0.93098292684316086,0.0098498077397797257,114,114
fixed_test,7,0,1,"ac370000, ac370419",0,0.93098292684316086,0.019896029621834455,114,112
fixed_test,7,0,1,"ac370000, ac370419",1,0.93098292684316086,0.041756730393189057,114,114
fixed_test,7,0,1,"ac370000, ac370419",2,0.93098292684316086,0.016391300904731843,114,112
fixed_test,7,0,1,"ac370000, ac370419",3,0.93098292684316086,0.021574693352757635,114,113
fixed_test,7,0,1,"ac370000, ac370419",4,0.93098292684316086,0.016391300904731843,114,113
fixed_test,7,0,1,"ac370000, ac370419",5,0.93098292684316086,0.019896029621834455,114,113
fixed_test,7,0,1,"ac370000, ac370419",6,0.93098292684316086,0.0061949977857241878,114,114
fixed_test,7,0,1,"ac370000, ac370419",7,0.93098292684316086,0.02071053013104962,114,113
fixed_test,7,0,1,"ac370000, ac370419",8,0.93098292684316086,0.033483880950593403,114,114
fixed_test,7,0,1,"ac370000, ac370419",9,0.93098292684316086,0.024998015521364825,114,114
fixed_test,7,0,2,"370407, ac370000, ac370419",0,0.93098292684316086,0.02071053013104962,111,111
fixed_test,7,0,2,"370407, ac370000, ac370419",1,0.93098292684316086,0.011265519258640389,111,111
fixed_test,7,0,2,"370407, ac370000, ac370419",2,0.93098292684316086,0.016391300904731843,111,111
fixed_test,7,0,2,"370407, ac370000, ac370419",3,0.93098292684316086,0.015596506653544395,111,111
fixed_test,7,0,2,"370407, ac370000, ac370419",4,0.93098292684316086,0.0061949977857241878,111,111
fixed_test,7,0,2,"370407, ac370000, ac370419",5,0.93098292684316086,0.011265519258640389,111,111
fixed_test,7,0,2,"370407, ac370000, ac370419",6,0.93098292684316086,0.02071053013104962,111,111
fixed_test,7,0,2,"370407, ac370000, ac370419",7,0.93098292684316086,0.021574693352757635,111,111
fixed_test,7,0,2,"370407, ac370000, ac370419",8,0.93098292684316086,0.024165612395372182,111,111
fixed_test,7,0,2,"370407, ac370000, ac370419",9,0.93098292684316086,0.025881120244906519,111,111
fixed_test,7,0,3,"370407, ac370419",0,0.93098292684316086,0.00057135116370687911,111,110
fixed_test,7,0,3,"370407, ac370419",1,0.93098292684316086,-0.0043384483436851307,111,111
fixed_test,7,0,3,"370407, ac370419",2,0.93098292684316086,-0.0037891932702911468,111,111
fixed_test,7,0,3,"370407, ac370419",3,0.93098292684316086,-0.0087071054123658564,111,111
fixed_test,7,0,3,"370407, ac370419",4,0.93098292684316086,-0.0043384483436851307,111,111
fixed_test,7,0,3,"370407, ac370419",5,0.93098292684316086,0.00057135116370687911,111,111
fixed_test,7,0,3,"370407, ac370419",6,0.93098292684316086,0.00057135116370687911,111,111
fixed_test,7,0,3,"370407, ac370419",7,0.93098292684316086,0,111,110
fixed_test,7,0,3,"370407, ac370419",8,0.93098292684316086,0.00057135116370687911,111,111
fixed_test,7,0,3,"370407, ac370419",9,0.93098292684316086,-0.0048561683433906433,111,111
fixed_test,7,0,4,"ac370000, ac370443",0,0.93098292684316086,0.032124225736664846,111,111
fixed_test,7,0,4,"ac370000, ac370443",1,0.93098292684316086,0.02071053013104962,111,107
fixed_test,7,0,4,"ac370000, ac370443",2,0.93098292684316086,0.014847343840151073,111,111
fixed_test,7,0,4,"ac370000, ac370443",3,0.93098292684316086,0.010536755645131901,111,110
fixed_test,7,0,4,"ac370000, ac370443",4,0.93098292684316086,0.02071053013104962,111,111
fixed_test,7,0,4,"ac370000, ac370443",5,0.93098292684316086,0.029255303598537008,111,111
fixed_test,7,0,4,"ac370000, ac370443",6,0.93098292684316086,0.016391300904731843,111,110
fixed_test,7,0,4,"ac370000, ac370443",7,0.93098292684316086,0.011265519258640389,111,111
fixed_test,7,0,4,"ac370000, ac370443",8,0.93098292684316086,0.02071053013104962,111,109
fixed_test,7,0,4,"ac370000, ac370443",9,0.93098292684316086,0.0061949977857241878,111,109
fixed_test,7,0,5,"ac370000, ac370419, ac370443",0,0.93098292684316086,0.011265519258640389,110,110
fixed_test,7,0,5,"ac370000, ac370419, ac370443",1,0.93098292684316086,0.031110668774820383,110,110
fixed_test,7,0,5,"ac370000, ac370419, ac370443",2,0.93098292684316086,0.010536755645131901,110,110
fixed_test,7,0,5,"ac370000, ac370419, ac370443",3,0.93098292684316086,0.036401670736740055,110,110
fixed_test,7,0,5,"ac370000, ac370419, ac370443",4,0.93098292684316086,0.035370939585080974,110,110
fixed_test,7,0,5,"ac370000, ac370419, ac370443",5,0.93098292684316086,0.016391300904731843,110,110
fixed_test,7,0,5,"ac370000, ac370419, ac370443",6,0.93098292684316086,0.032124225736664846,110,110
fixed_test,7,0,5,"ac370000, ac370419, ac370443",7,0.93098292684316086,0.021574693352757635,110,110
fixed_test,7,0,5,"ac370000, ac370419, ac370443",8,0.93098292684316086,-0.0032065110820962417,110,110
fixed_test,7,0,5,"ac370000, ac370419, ac370443",9,0.93098292684316086,0.02071053013104962,110,110
fixed_test,7,0,6,"ac370419, ac370443",0,0.93098292684316086,-0.0092022764209118701,110,109
fixed_test,7,0,6,"ac370419, ac370443",1,0.93098292684316086,-0.0037891932702911468,110,110
fixed_test,7,0,6,"ac370419, ac370443",2,0.93098292684316086,-0.0087071054123658564,110,108
fixed_test,7,0,6,"ac370419, ac370443",3,0.93098292684316086,0.00057135116370687911,110,110
fixed_test,7,0,6,"ac370419, ac370443",4,0.93098292684316086,-0.0092022764209118701,110,109
fixed_test,7,0,6,"ac370419, ac370443",5,0.93098292684316086,0.0092022764209119812,110,109
fixed_test,7,0,6,"ac370419, ac370443",6,0.93098292684316086,0.00057135116370687911,110,110
fixed_test,7,0,6,"ac370419, ac370443",7,0.93098292684316086,0.0049013552010510608,110,110
fixed_test,7,0,6,"ac370419, ac370443",8,0.93098292684316086,0.0049013552010510608,110,110
fixed_test,7,0,6,"ac370419, ac370443",9,0.93098292684316086,-0.0048561683433906433,110,108
fixed_test,7,0,7,"ac370000, ac370442",0,0.93098292684316086,0.019896029621834455,110,109
fixed_test,7,0,7,"ac370000, ac370442",1,0.93098292684316086,0.019896029621834455,110,110
fixed_test,7,0,7,"ac370000, ac370442",2,0.93098292684316086,0.015596506653544395,110,110
fixed_test,7,0,7,"ac370000, ac370442",3,0.93098292684316086,0.0061949977857241878,110,108
fixed_test,7,0,7,"ac370000, ac370442",4,0.93098292684316086,0.010536755645131901,110,108
fixed_test,7,0,7,"ac370000, ac370442",5,0.93098292684316086,0.024998015521364825,110,110
fixed_test,7,0,7,"ac370000, ac370442",6,0.93098292684316086,0.010536755645131901,110,108
fixed_test,7,0,7,"ac370000, ac370442",7,0.93098292684316086,0.015596506653544395,110,109
fixed_test,7,0,7,"ac370000, ac370442",8,0.93098292684316086,0.0055290752849298519,110,110
fixed_test,7,0,7,"ac370000, ac370442",9,0.93098292684316086,0.015596506653544395,110,110
fixed_test,7,0,8,"ac370000, ac370442, ac370443",0,0.93098292684316086,0.0092022764209119812,110,110
fixed_test,7,0,8,"ac370000, ac370442, ac370443",1,0.93098292684316086,0.019896029621834455,110,110
fixed_test,7,0,8,"ac370000, ac370442, ac370443",2,0.93098292684316086,0.019896029621834455,110,110
fixed_test,7,0,8,"ac370000, ac370442, ac370443",3,0.93098292684316086,0.024998015521364825,110,110
fixed_test,7,0,8,"ac370000, ac370442, ac370443",4,0.93098292684316086,-0.0037891932702911468,110,110
fixed_test,7,0,8,"ac370000, ac370442, ac370443",5,0.93098292684316086,0.035370939585080974,110,110
fixed_test,7,0,8,"ac370000, ac370442, ac370443",6,0.93098292684316086,0.025881120244906519,110,110
fixed_test,7,0,8,"ac370000, ac370442, ac370443",7,0.93098292684316086,0.010536755645131901,110,110
fixed_test,7,0,8,"ac370000, ac370442, ac370443",8,0.93098292684316086,0.02071053013104962,110,110
fixed_test,7,0,8,"ac370000, ac370442, ac370443",9,0.93098292684316086,0.010536755645131901,110,110
fixed_test,7,0,9,"ac370442, ac370443",0,0.93098292684316086,0.0049013552010510608,110,110
fixed_test,7,0,9,"ac370442, ac370443",1,0.93098292684316086,0,110,110
fixed_test,7,0,9,"ac370442, ac370443",2,0.93098292684316086,0.0049013552010510608,110,110
fixed_test,7,0,9,"ac370442, ac370443",3,0.93098292684316086,0.00057135116370687911,110,110
fixed_test,7,0,9,"ac370442, ac370443",4,0.93098292684316086,0.0049013552010510608,110,110
fixed_test,7,0,9,"ac370442, ac370443",5,0.93098292684316086,0.00057135116370687911,110,107
fixed_test,7,0,9,"ac370442, ac370443",6,0.93098292684316086,-0.0043384483436851307,110,109
fixed_test,7,0,9,"ac370442, ac370443",7,0.93098292684316086,0,110,110
fixed_test,7,0,9,"ac370442, ac370443",8,0.93098292684316086,0,110,110
fixed_test,7,0,9,"ac370442, ac370443",9,0.93098292684316086,0,110,110
fixed_train,7,0,0,"370407, ac370000",0,0.99661300427723787,0.041637120764009605,472,469
fixed_train,7,0,0,"370407, ac370000",1,0.99661300427723787,0.038132159428705403,472,465
fixed_train,7,0,0,"370407, ac370000",2,0.99661300427723787,0.050329425865999755,472,472
fixed_train,7,0,0,"370407, ac370000",3,0.99661300427723787,0.045248183098300365,472,471
fixed_train,7,0,0,"370407, ac370000",4,0.99661300427723787,0.042204415817257535,472,468
fixed_train,7,0,0,"370407, ac370000",5,0.99661300427723787,0.038386263260379194,472,468
fixed_train,7,0,0,"370407, ac370000",6,0.99661300427723787,0.041728194719531153,472,470
fixed_train,7,0,0,"370407, ac370000",7,0.99661300427723787,0.043124679577934422,472,469
fixed_train,7,0,0,"370407, ac370000",8,0.99661300427723787,0.041914452537791913,472,470
fixed_train,7,0,0,"370407, ac370000",9,0.99661300427723787,0.041728194719531153,472,468
fixed_train,7,0,1,"ac370000, ac370419",0,0.99661300427723787,0.035904349523404711,456,452
fixed_train,7,0,1,"ac370000, ac370419",1,0.99661300427723787,0.039681641745767382,456,455
fixed_train,7,0,1,"ac370000, ac370419",2,0.99661300427723787,0.038132159428705403,456,454
fixed_train,7,0,1,"ac370000, ac370419",3,0.99661300427723787,0.035984339513336128,456,455
fixed_train,7,0,1,"ac370000, ac370419",4,0.99661300427723787,0.034710333612198441,456,453
fixed_train,7,0,1,"ac370000, ac370419",5,0.99661300427723787,0.031009788758502355,456,453
fixed_train,7,0,1,"ac370000, ac370419",6,0.99661300427723787,0.038386263260379194,456,455
fixed_train,7,0,1,"ac370000, ac370419",7,0.99661300427723787,0.040706999870553595,456,451
fixed_train,7,0,1,"ac370000, ac370419",8,0.99661300427723787,0.040616261305818191,456,455
fixed_train,7,0,1,"ac370000, ac370419",9,0.99661300427723787,0.040706999870553595,456,452
fixed_train,7,0,2,"370407, ac370000, ac370419",0,0.99661300427723787,0.033518919967431171,447,447
fixed_train,7,0,2,"370407, ac370000, ac370419",1,0.99661300427723787,0.035825539698068232,447,446
fixed_train,7,0,2,"370407, ac370000, ac370419",2,0.99661300427723787,0.037183952306495627,447,447
fixed_train,7,0,2,"370407, ac370000, ac370419",3,0.99661300427723787,0.044138971968654128,447,447
fixed_train,7,0,2,"370407, ac370000, ac370419",4,0.99661300427723787,0.028841736505970106,447,447
fixed_train,7,0,2,"370407, ac370000, ac370419",5,0.99661300427723787,0.036065526650204682,447,446
fixed_train,7,0,2,"370407, ac370000, ac370419",6,0.99661300427723787,0.032547272531723404,447,446
fixed_train,7,0,2,"370407, ac370000, ac370419",7,0.99661300427723787,0.036938735898658703,447,447
fixed_train,7,0,2,"370407, ac370000, ac370419",8,0.99661300427723787,0.036065526650204682,447,447
fixed_train,7,0,2,"370407, ac370000, ac370419",9,0.99661300427723787,0.032330080856210586,447,447
fixed_train,7,0,3,"370407, ac370419",0,0.99661300427723787,0.017060272981730185,447,446
fixed_train,7,0,3,"370407, ac370419",1,0.99661300427723787,0.015941732737136505,447,446
fixed_train,7,0,3,"370407, ac370419",2,0.99661300427723787,0.020577371120861554,447,444
fixed_train,7,0,3,"370407, ac370419",3,0.99661300427723787,0.012488066351645566,447,443
fixed_train,7,0,3,"370407, ac370419",4,0.99661300427723787,0.019415094157816171,447,442
fixed_train,7,0,3,"370407, ac370419",5,0.99661300427723787,0.017173037803043689,447,446
fixed_train,7,0,3,"370407, ac370419",6,0.99661300427723787,0.024130431862249391,447,445
fixed_train,7,0,3,"370407, ac370419",7,0.99661300427723787,0.025195399898593207,447,445
fixed_train,7,0,3,"370407, ac370419",8,0.99661300427723787,0.017097299430763324,447,446
fixed_train,7,0,3,"370407, ac370419",9,0.99661300427723787,0.014854676181700444,447,447
fixed_train,7,0,4,"ac370000, ac370443",0,0.99661300427723787,0.030025753334986471,446,439
fixed_train,7,0,4,"ac370000, ac370443",1,0.99661300427723787,0.027540517919075191,446,444
fixed_train,7,0,4,"ac370000, ac370443",2,0.99661300427723787,0.027599924200423231,446,439
fixed_train,7,0,4,"ac370000, ac370443",3,0.99661300427723787,0.024078018698774017,446,442
fixed_train,7,0,4,"ac370000, ac370443",4,0.99661300427723787,0.028841736505970106,446,444
fixed_train,7,0,4,"ac370000, ac370443",5,0.99661300427723787,0.028778737310022784,446,440
fixed_train,7,0,4,"ac370000, ac370443",6,0.99661300427723787,0.031076289669507595,446,439
fixed_train,7,0,4,"ac370000, ac370443",7,0.99661300427723787,0.024183632591053605,446,442
fixed_train,7,0,4,"ac370000, ac370443",8,0.99661300427723787,0.025195399898593207,446,444
fixed_train,7,0,4,"ac370000, ac370443",9,0.99661300427723787,0.027660222657223232,446,444
fixed_train,7,0,5,"ac370000, ac370419, ac370443",0,0.99661300427723787,0.038215605126120433,445,445
fixed_train,7,0,5,"ac370000, ac370419, ac370443",1,0.99661300427723787,0.039591301344943153,445,445
fixed_train,7,0,5,"ac370000, ac370419, ac370443",2,0.99661300427723787,0.041820632081267961,445,445
fixed_train,7,0,5,"ac370000, ac370419, ac370443",3,0.99661300427723787,0.040799095812899533,445,444
fixed_train,7,0,5,"ac370000, ac370419, ac370443",4,0.99661300427723787,0.037019262662802088,445,445
fixed_train,7,0,5,"ac370000, ac370419, ac370443",5,0.99661300427723787,0.041820632081267961,445,445
fixed_train,7,0,5,"ac370000, ac370419, ac370443",6,0.99661300427723787,0.034787396189947528,445,445
fixed_train,7,0,5,"ac370000, ac370419, ac370443",7,0.99661300427723787,0.044542436921873763,445,445
fixed_train,7,0,5,"ac370000, ac370419, ac370443",8,0.99661300427723787,0.045149371934267379,445,444
fixed_train,7,0,5,"ac370000, ac370419, ac370443",9,0.99661300427723787,0.034634408377434589,445,445
fixed_train,7,0,6,"ac370419, ac370443",0,0.99661300427723787,0.010244516746899412,445,441
fixed_train,7,0,6,"ac370419, ac370443",1,0.99661300427723787,0.013667764683030881,445,445
fixed_train,7,0,6,"ac370419, ac370443",2,0.99661300427723787,0.015941732737136505,445,442
fixed_train,7,0,6,"ac370419, ac370443",3,0.99661300427723787,0.019415094157816171,445,443
fixed_train,7,0,6,"ac370419, ac370443",4,0.99661300427723787,0.013637140010344995,445,442
fixed_train,7,0,6,"ac370419, ac370443",5,0.99661300427723787,0.015976965381847452,445,443
fixed_train,7,0,6,"ac370419, ac370443",6,0.99661300427723787,0.02285969177263536,445,444
fixed_train,7,0,6,"ac370419, ac370443",7,0.99661300427723787,0.022908808248884638,445,445
fixed_train,7,0,6,"ac370419, ac370443",8,0.99661300427723787,0.017097299430763324,445,442
fixed_train,7,0,6,"ac370419, ac370443",9,0.99661300427723787,0.019457485972577571,445,443
fixed_train,7,0,7,"ac370000, ac370442",0,0.99661300427723787,0.031143788808022377,441,438
fixed_train,7,0,7,"ac370000, ac370442",1,0.99661300427723787,0.027599924200423231,441,439
fixed_train,7,0,7,"ac370000, ac370442",2,0.99661300427723787,0.033518919967431171,441,436
fixed_train,7,0,7,"ac370000, ac370442",3,0.99661300427723787,0.03121230023679411,441,439
fixed_train,7,0,7,"ac370000, ac370442",4,0.99661300427723787,0.027660222657223232,441,439
fixed_train,7,0,7,"ac370000, ac370442",5,0.99661300427723787,0.037019262662802088,441,441
fixed_train,7,0,7,"ac370000, ac370442",6,0.99661300427723787,0.032330080856210586,441,439
fixed_train,7,0,7,"ac370000, ac370442",7,0.99661300427723787,0.026423550827667008,441,438
fixed_train,7,0,7,"ac370000, ac370442",8,0.99661300427723787,0.033518919967431171,441,436
fixed_train,7,0,7,"ac370000, ac370442",9,0.99661300427723787,0.026599060775519878,441,439
fixed_train,7,0,8,"ac370000, ac370442, ac370443",0,0.99661300427723787,0.033744790040030059,439,439
fixed_train,7,0,8,"ac370000, ac370442, ac370443",1,0.99661300427723787,0.037019262662802088,439,439
fixed_train,7,0,8,"ac370000, ac370442, ac370443",2,0.99661300427723787,0.037019262662802088,439,438
fixed_train,7,0,8,"ac370000, ac370442, ac370443",3,0.99661300427723787,0.037100995699808736,439,439
fixed_train,7,0,8,"ac370000, ac370442, ac370443",4,0.99661300427723787,0.039328191713405736,439,439
fixed_train,7,0,8,"ac370000, ac370442, ac370443",5,0.99661300427723787,0.037183952306495627,439,439
fixed_train,7,0,8,"ac370000, ac370442, ac370443",6,0.99661300427723787,0.033373842028992295,439,439
fixed_train,7,0,8,"ac370000, ac370442, ac370443",7,0.99661300427723787,0.03121230023679411,439,439
fixed_train,7,0,8,"ac370000, ac370442, ac370443",8,0.99661300427723787,0.033593093920689099,439,439
fixed_train,7,0,8,"ac370000, ac370442, ac370443",9,0.99661300427723787,0.035904349523404711,439,439
fixed_train,7,0,9,"ac370442, ac370443",0,0.99661300427723787,0.011367255245930852,439,437
fixed_train,7,0,9,"ac370442, ac370443",1,0.99661300427723787,0.013606972147757967,439,437
fixed_train,7,0,9,"ac370442, ac370443",2,0.99661300427723787,0.015976965381847452,439,436
fixed_train,7,0,9,"ac370442, ac370443",3,0.99661300427723787,0.019373332225599449,439,438
fixed_train,7,0,9,"ac370442, ac370443",4,0.99661300427723787,0.0068093849995499722,439,436
fixed_train,7,0,9,"ac370442, ac370443",5,0.99661300427723787,0.013667764683030881,439,438
fixed_train,7,0,9,"ac370442, ac370443",6,0.99661300427723787,0.015941732737136505,439,438
fixed_train,7,0,9,"ac370442, ac370443",7,0.99661300427723787,0.017134885169758474,439,437
fixed_train,7,0,9,"ac370442, ac370443",8,0.99661300427723787,0.011367255245930852,439,436
fixed_train,7,0,9,"ac370442, ac370443",9,0.99661300427723787,0.015941732737136505,439,436
faithful_train,7,0,0,"370407, ac370000",0,0.99661300427723787,0.040706999870553595,472,471
faithful_train,7,0,0,"370407, ac370000",1,0.99661300427723787,0.16635369090981644,472,470
faithful_train,7,0,0,"370407, ac370000",2,0.99661300427723787,0.21828157563380779,472,465
faithful_train,7,0,0,"370407, ac370000",3,0.99661300427723787,0.23394874345334438,472,453
faithful_train,7,0,0,"370407, ac370000",4,0.99661300427723787,0.24994713389544909,472,453
faithful_train,7,0,0,"370407, ac370000",5,0.99661300427723787,0.24703524734811333,472,454
faithful_train,7,0,0,"370407, ac370000",6,0.99661300427723787,0.26107258271986711,472,445
faithful_train,7,0,0,"370407, ac370000",7,0.99661300427723787,0.26562268174327575,472,447
faithful_train,7,0,0,"370407, ac370000",8,0.99661300427723787,0.25413377027258011,472,439
faithful_train,7,0,0,"370407, ac370000",9,0.99661300427723787,0.26187021129549304,472,436
faithful_train,7,0,1,"ac370000, ac370419",0,0.99661300427723787,0.26107258271986711,456,453
faithful_train,7,0,1,"ac370000, ac370419",1,0.99661300427723787,0.25890644361931137,456,454
faithful_train,7,0,1,"ac370000, ac370419",2,0.99661300427723787,0.26765643595543431,456,438
faithful_train,7,0,1,"ac370000, ac370419",3,0.99661300427723787,0.26998695053254007,456,431
faithful_train,7,0,1,"ac370000, ac370419",4,0.99661300427723787,0.26843443660450672,456,433
faithful_train,7,0,1,"ac370000, ac370419",5,0.99661300427723787,0.26641017300333669,456,432
faithful_train,7,0,1,"ac370000, ac370419",6,0.99661300427723787,0.26404403865742487,456,435
faithful_train,7,0,1,"ac370000, ac370419",7,0.99661300427723787,0.27364634604777005,456,431
faithful_train,7,0,1,"ac370000, ac370419",8,0.99661300427723787,0.27065139100160218,456,439
faithful_train,7,0,1,"ac370000, ac370419",9,0.99661300427723787,0.26211419349272835,456,434
faithful_train,7,0,2,"370407, ac370000, ac370419",0,0.99661300427723787,0.25331304909884456,447,447
faithful_train,7,0,2,"370407, ac370000, ac370419",1,0.99661300427723787,0.25495304686385589,447,432
faithful_train,7,0,2,"370407, ac370000, ac370419",2,0.99661300427723787,0.25120739793172397,447,430
faithful_train,7,0,2,"370407, ac370000, ac370419",3,0.99661300427723787,0.25037933430088322,447,424
faithful_train,7,0,2,"370407, ac370000, ac370419",4,0.99661300427723787,0.25675423083780202,447,417
faithful_train,7,0,2,"370407, ac370000, ac370419",5,0.99661300427723787,0.25249085478399469,447,417
faithful_train,7,0,2,"370407, ac370000, ac370419",6,0.99661300427723787,0.26051296712954231,447,418
faithful_train,7,0,2,"370407, ac370000, ac370419",7,0.99661300427723787,0.25120739793172397,447,427
faithful_train,7,0,2,"370407, ac370000, ac370419",8,0.99661300427723787,0.26346157006643955,447,417
faithful_train,7,0,2,"370407, ac370000, ac370419",9,0.99661300427723787,0.25675423083780202,447,418
faithful_train,7,0,3,"370407, ac370419",0,0.99661300427723787,0.25675423083780202,447,412
faithful_train,7,0,3,"370407, ac370419",1,0.99661300427723787,0.25037933430088322,447,424
faithful_train,7,0,3,"370407, ac370419",2,0.99661300427723787,0.2546157612557477,447,423
faithful_train,7,0,3,"370407, ac370419",3,0.99661300427723787,0.25249085478399469,447,427
faithful_train,7,0,3,"370407, ac370419",4,0.99661300427723787,0.25543197950246299,447,424
faithful_train,7,0,3,"370407, ac370419",5,0.99661300427723787,0.25543197950246299,447,429
faithful_train,7,0,3,"370407, ac370419",6,0.99661300427723787,0.25675423083780202,447,422
faithful_train,7,0,3,"370407, ac370419",7,0.99661300427723787,0.26325283435404589,447,419
faithful_train,7,0,3,"370407, ac370419",8,0.99661300427723787,0.25249085478399469,447,414
faithful_train,7,0,3,"370407, ac370419",9,0.99661300427723787,0.25756436419264506,447,424
faithful_train,7,0,4,"ac370000, ac370443",0,0.99661300427723787,0.26921126631106951,446,446
faithful_train,7,0,4,"ac370000, ac370443",1,0.99661300427723787,0.26404403865742487,446,440
faithful_train,7,0,4,"ac370000, ac370443",2,0.99661300427723787,0.2662320503325577,446,437
faithful_train,7,0,4,"ac370000, ac370443",3,0.99661300427723787,0.26325283435404589,446,426
faithful_train,7,0,4,"ac370000, ac370443",4,0.99661300427723787,0.27219048228958131,446,430
faithful_train,7,0,4,"ac370000, ac370443",5,0.99661300427723787,0.26325283435404589,446,420
faithful_train,7,0,4,"ac370000, ac370443",6,0.99661300427723787,0.2662320503325577,446,418
faithful_train,7,0,4,"ac370000, ac370443",7,0.99661300427723787,0.26325283435404589,446,415
faithful_train,7,0,4,"ac370000, ac370443",8,0.99661300427723787,0.25918047869476701,446,425
faithful_train,7,0,4,"ac370000, ac370443",9,0.99661300427723787,0.26404403865742487,446,422
faithful_train,7,0,5,"ac370000, ac370419, ac370443",0,0.99661300427723787,0.26701549459498242,445,444
faithful_train,7,0,5,"ac370000, ac370419, ac370443",1,0.99661300427723787,0.26843443660450672,445,435
faithful_train,7,0,5,"ac370000, ac370419, ac370443",2,0.99661300427723787,0.26998695053254007,445,429
faithful_train,7,0,5,"ac370000, ac370419, ac370443",3,0.99661300427723787,0.2698801744311331,445,428
faithful_train,7,0,5,"ac370000, ac370419, ac370443",4,0.99661300427723787,0.2546157612557477,445,428
faithful_train,7,0,5,"ac370000, ac370419, ac370443",5,0.99661300427723787,0.2662320503325577,445,415
faithful_train,7,0,5,"ac370000, ac370419, ac370443",6,0.99661300427723787,0.25249085478399469,445,422
faithful_train,7,0,5,"ac370000, ac370419, ac370443",7,0.99661300427723787,0.26404403865742487,445,423
faithful_train,7,0,5,"ac370000, ac370419, ac370443",8,0.99661300427723787,0.26107258271986711,445,422
faithful_train,7,0,5,"ac370000, ac370419, ac370443",9,0.99661300427723787,0.2698801744311331,445,419
faithful_train,7,0,6,"ac370419, ac370443",0,0.99661300427723787,0.26765643595543431,445,407
faithful_train,7,0,6,"ac370419, ac370443",1,0.99661300427723787,0.2698801744311331,445,418
faithful_train,7,0,6,"ac370419, ac370443",2,0.99661300427723787,0.2654473878976138,445,411
faithful_train,7,0,6,"ac370419, ac370443",3,0.99661300427723787,0.2698801744311331,445,410
faithful_train,7,0,6,"ac370419, ac370443",4,0.99661300427723787,0.26701549459498242,445,417
faithful_train,7,0,6,"ac370419, ac370443",5,0.99661300427723787,0.26765643595543431,445,410
faithful_train,7,0,6,"ac370419, ac370443",6,0.99661300427723787,0.26325283435404589,445,413
faithful_train,7,0,6,"ac370419, ac370443",7,0.99661300427723787,0.27065139100160218,445,422
faithful_train,7,0,6,"ac370419, ac370443",8,0.99661300427723787,0.27142148531139976,445,419
faithful_train,7,0,6,"ac370419, ac370443",9,0.99661300427723787,0.26843443660450672,445,415
faithful_train,7,0,7,"ac370000, ac370442",0,0.99661300427723787,0.27364634604777005,441,440
faithful_train,7,0,7,"ac370000, ac370442",1,0.99661300427723787,0.26998695053254007,441,437
faithful_train,7,0,7,"ac370000, ac370442",2,0.99661300427723787,0.26843443660450672,441,429
faithful_train,7,0,7,"ac370000, ac370442",3,0.99661300427723787,0.26701549459498242,441,421
faithful_train,7,0,7,"ac370000, ac370442",4,0.99661300427723787,0.26779774664785627,441,417
faithful_train,7,0,7,"ac370000, ac370442",5,0.99661300427723787,0.26765643595543431,441,422
faithful_train,7,0,7,"ac370000, ac370442",6,0.99661300427723787,0.26346157006643955,441,414
faithful_train,7,0,7,"ac370000, ac370442",7,0.99661300427723787,0.26483397897167471,441,416
faithful_train,7,0,7,"ac370000, ac370442",8,0.99661300427723787,0.26187021129549304,441,413
faithful_train,7,0,7,"ac370000, ac370442",9,0.99661300427723787,0.26779774664785627,441,413
faithful_train,7,0,8,"ac370000, ac370442, ac370443",0,0.99661300427723787,0.26483397897167471,439,438
faithful_train,7,0,8,"ac370000, ac370442, ac370443",1,0.99661300427723787,0.2662320503325577,439,427
faithful_train,7,0,8,"ac370000, ac370442, ac370443",2,0.99661300427723787,0.27364634604777005,439,426
faithful_train,7,0,8,"ac370000, ac370442, ac370443",3,0.99661300427723787,0.26325283435404589,439,424
faithful_train,7,0,8,"ac370000, ac370442, ac370443",4,0.99661300427723787,0.26325283435404589,439,414
faithful_train,7,0,8,"ac370000, ac370442, ac370443",5,0.99661300427723787,0.26562268174327575,439,421
faithful_train,7,0,8,"ac370000, ac370442, ac370443",6,0.99661300427723787,0.27211880259857024,439,418
faithful_train,7,0,8,"ac370000, ac370442, ac370443",7,0.99661300427723787,0.26483397897167471,439,413
faithful_train,7,0,8,"ac370000, ac370442, ac370443",8,0.99661300427723787,0.26266653144145125,439,422
faithful_train,7,0,8,"ac370000, ac370442, ac370443",9,0.99661300427723787,0.26266653144145125,439,421
faithful_train,7,0,9,"ac370442, ac370443",0,0.99661300427723787,0.26266653144145125,439,388
faithful_train,7,0,9,"ac370442, ac370443",1,0.99661300427723787,0.2662320503325577,439,406
faithful_train,7,0,9,"ac370442, ac370443",2,0.99661300427723787,0.26266653144145125,439,412
faithful_train,7,0,9,"ac370442, ac370443",3,0.99661300427723787,0.26562268174327575,439,410
faithful_train,7,0,9,"ac370442, ac370443",4,0.99661300427723787,0.26483397897167471,439,415
faithful_train,7,0,9,"ac370442, ac370443",5,0.99661300427723787,0.26483397897167471,439,411
faithful_train,7,0,9,"ac370442, ac370443",6,0.99661300427723787,0.26779774664785627,439,404
faithful_train,7,0,9,"ac370442, ac370443",7,0.99661300427723787,0.26051296712954231,439,408
faithful_train,7,0,9,"ac370442, ac370443",8,0.99661300427723787,0.26266653144145125,439,405
faithful_train,7,0,9,"ac370442, ac370443",9,0.99661300427723787,0.26325283435404589,439,416
fixed_test,7,1,0,"370407, ac370000",0,0.94035409187374486,0.014669379806054095,115,114
fixed_test,7,1,0,"370407, ac370000",1,0.94035409187374486,0.03324820178913146,115,113
fixed_test,7,1,0,"370407, ac370000",2,0.94035409187374486,0.025466322748687542,115,114
fixed_test,7,1,0,"370407, ac370000",3,0.94035409187374486,0.029778946171120313,115,114
fixed_test,7,1,0,"370407, ac370000",4,0.94035409187374486,0.028234522447585175,115,114
fixed_test,7,1,0,"370407, ac370000",5,0.94035409187374486,0.04111611149986194,115,115
fixed_test,7,1,0,"370407, ac370000",6,0.94035409187374486,0.020365803613501821,115,114
fixed_test,7,1,0,"370407, ac370000",7,0.94035409187374486,0.029778946171120313,115,111
fixed_test,7,1,0,"370407, ac370000",8,0.94035409187374486,0.023269981901703818,115,115
fixed_test,7,1,0,"370407, ac370000",9,0.94035409187374486,0.028983664374285012,115,115
fixed_test,7,1,1,"ac370000, ac370419",0,0.94035409187374486,0.042537612780670031,109,108
fixed_test,7,1,1,"ac370000, ac370419",1,0.94035409187374486,0.010324807005750225,109,108
fixed_test,7,1,1,"ac370000, ac370419",2,0.94035409187374486,0.015319373360765387,109,109
fixed_test,7,1,1,"ac370000, ac370419",3,0.94035409187374486,0.023958790797592666,109,109
fixed_test,7,1,1,"ac370000, ac370419",4,0.94035409187374486,0.02469003354664312,109,109
fixed_test,7,1,1,"ac370000, ac370419",5,0.94035409187374486,0.03406069373252063,109,108
fixed_test,7,1,1,"ac370000, ac370419",6,0.94035409187374486,0.0097333791688820614,109,107
fixed_test,7,1,1,"ac370000, ac370419",7,0.94035409187374486,0.03406069373252063,109,109
fixed_test,7,1,1,"ac370000, ac370419",8,0.94035409187374486,0.028983664374285012,109,108
fixed_test,7,1,1,"ac370000, ac370419",9,0.94035409187374486,0.014669379806054095,109,108
fixed_test,7,1,2,"370407, ac370000, ac370419",0,0.94035409187374486,0.027528880673656109,108,108
fixed_test,7,1,2,"370407, ac370000, ac370419",1,0.94035409187374486,0.014669379806054095,108,108
fixed_test,7,1,2,"370407, ac370000, ac370419",2,0.94035409187374486,0.039192088728738916,108,108
fixed_test,7,1,2,"370407, ac370000, ac370419",3,0.94035409187374486,0.010324807005750225,108,108
fixed_test,7,1,2,"370407, ac370000, ac370419",4,0.94035409187374486,0.023958790797592666,108,108
fixed_test,7,1,2,"370407, ac370000, ac370419",5,0.94035409187374486,0.019654235690017563,108,108
fixed_test,7,1,2,"370407, ac370000, ac370419",6,0.94035409187374486,0.010324807005750225,108,108
fixed_test,7,1,2,"370407, ac370000, ac370419",7,0.94035409187374486,0.034923237290347964,108,108
fixed_test,7,1,2,"370407, ac370000, ac370419",8,0.94035409187374486,0.015319373360765387,108,108
fixed_test,7,1,2,"370407, ac370000, ac370419",9,0.94035409187374486,0.03406069373252063,108,108
fixed_test,7,1,3,"370407, ac370419",0,0.94035409187374486,-0.0043686481076158357,108,107
fixed_test,7,1,3,"370407, ac370419",1,0.94035409187374486,-0.0043686481076158357,108,107
fixed_test,7,1,3,"370407, ac370419",2,0.94035409187374486,-0.0043686481076158357,108,108
fixed_test,7,1,3,"370407, ac370419",3,0.94035409187374486,-0.0091762935578852955,108,108
fixed_test,7,1,3,"370407, ac370419",4,0.94035409187374486,0.0043396298477220707,108,107
fixed_test,7,1,3,"370407, ac370419",5,0.94035409187374486,0.0043396298477220707,108,107
fixed_test,7,1,3,"370407, ac370419",6,0.94035409187374486,0.0091762935578852955,108,108
fixed_test,7,1,3,"370407, ac370419",7,0.94035409187374486,-0.00045470110896117522,108,108
fixed_test,7,1,3,"370407, ac370419",8,0.94035409187374486,-0.0091762935578852955,108,108
fixed_test,7,1,3,"370407, ac370419",9,0.94035409187374486,0.0048442285621573822,108,108
fixed_test,7,1,4,"ac370000, ac370443",0,0.94035409187374486,0.020365803613501821,107,106
fixed_test,7,1,4,"ac370000, ac370443",1,0.94035409187374486,0.014669379806054095,107,106
fixed_test,7,1,4,"ac370000, ac370443",2,0.94035409187374486,0.019654235690017563,107,106
fixed_test,7,1,4,"ac370000, ac370443",3,0.94035409187374486,0.0097333791688820614,107,107
fixed_test,7,1,4,"ac370000, ac370443",4,0.94035409187374486,0.00048280752953033801,107,106
fixed_test,7,1,4,"ac370000, ac370443",5,0.94035409187374486,0.017757977973283157,107,106
fixed_test,7,1,4,"ac370000, ac370443",6,0.94035409187374486,0.018352587115770813,107,107
fixed_test,7,1,4,"ac370000, ac370443",7,0.94035409187374486,0.018983950808233563,107,107
fixed_test,7,1,4,"ac370000, ac370443",8,0.94035409187374486,0.0097333791688820614,107,101
fixed_test,7,1,4,"ac370000, ac370443",9,0.94035409187374486,0.0053799688145154123,107,107
fixed_test,7,1,5,"ac370000, ac370419, ac370443",0,0.94035409187374486,0.020365803613501821,107,107
fixed_test,7,1,5,"ac370000, ac370419, ac370443",1,0.94035409187374486,0.03324820178913146,107,107
fixed_test,7,1,5,"ac370000, ac370419, ac370443",2,0.94035409187374486,0.029778946171120313,107,107
fixed_test,7,1,5,"ac370000, ac370419, ac370443",3,0.94035409187374486,0.032482858571477147,107,107
fixed_test,7,1,5,"ac370000, ac370419, ac370443",4,0.94035409187374486,0.03324820178913146,107,107
fixed_test,7,1,5,"ac370000, ac370419, ac370443",5,0.94035409187374486,0.0140571052319306,107,107
fixed_test,7,1,5,"ac370000, ac370419, ac370443",6,0.94035409187374486,0.015319373360765387,107,107
fixed_test,7,1,5,"ac370000, ac370419, ac370443",7,0.94035409187374486,0.023958790797592666,107,107
fixed_test,7,1,5,"ac370000, ac370419, ac370443",8,0.94035409187374486,0.019654235690017563,107,107
fixed_test,7,1,5,"ac370000, ac370419, ac370443",9,0.94035409187374486,0.029778946171120313,107,107
fixed_test,7,1,6,"ac370419, ac370443",0,0.94035409187374486,-0.0091762935578852955,107,107
fixed_test,7,1,6,"ac370419, ac370443",1,0.94035409187374486,-0.0091762935578852955,107,106
fixed_test,7,1,6,"ac370419, ac370443",2,0.94035409187374486,-0.0091762935578852955,107,107
fixed_test,7,1,6,"ac370419, ac370443",3,0.94035409187374486,0.0038644627096970918,107,106
fixed_test,7,1,6,"ac370419, ac370443",4,0.94035409187374486,0.0086516384321609907,107,107
fixed_test,7,1,6,"ac370419, ac370443",5,0.94035409187374486,-0.00045470110896117522,107,107
fixed_test,7,1,6,"ac370419, ac370443",6,0.94035409187374486,0.00048280752953033801,107,107
fixed_test,7,1,6,"ac370419, ac370443",7,0.94035409187374486,-0.0048011612914173885,107,107
fixed_test,7,1,6,"ac370419, ac370443",8,0.94035409187374486,0.0053799688145154123,107,107
fixed_test,7,1,6,"ac370419, ac370443",9,0.94035409187374486,-0.0091762935578852955,107,106
fixed_test,7,1,7,"ac370000, ac370442",0,0.94035409187374486,0.0097333791688820614,105,105
fixed_test,7,1,7,"ac370000, ac370442",1,0.94035409187374486,0.019654235690017563,105,105
fixed_test,7,1,7,"ac370000, ac370442",2,0.94035409187374486,0.018983950808233563,105,105
fixed_test,7,1,7,"ac370000, ac370442",3,0.94035409187374486,0.02469003354664312,105,103
fixed_test,7,1,7,"ac370000, ac370442",4,0.94035409187374486,0.0053799688145154123,105,105
fixed_test,7,1,7,"ac370000, ac370442",5,0.94035409187374486,0.019654235690017563,105,103
fixed_test,7,1,7,"ac370000, ac370442",6,0.94035409187374486,0.023958790797592666,105,104
fixed_test,7,1,7,"ac370000, ac370442",7,0.94035409187374486,0.0053799688145154123,105,105
fixed_test,7,1,7,"ac370000, ac370442",8,0.94035409187374486,0.029778946171120313,105,105
fixed_test,7,1,7,"ac370000, ac370442",9,0.94035409187374486,0.023269981901703818,105,104
fixed_test,7,1,8,"ac370000, ac370442, ac370443",0,0.94035409187374486,0.028983664374285012,105,105
fixed_test,7,1,8,"ac370000, ac370442, ac370443",1,0.94035409187374486,0.0140571052319306,105,105
fixed_test,7,1,8,"ac370000, ac370442, ac370443",2,0.94035409187374486,0.029778946171120313,105,105
fixed_test,7,1,8,"ac370000, ac370442, ac370443",3,0.94035409187374486,0.014669379806054095,105,105
fixed_test,7,1,8,"ac370000, ac370442, ac370443",4,0.94035409187374486,0.019654235690017563,105,105
fixed_test,7,1,8,"ac370000, ac370442, ac370443",5,0.94035409187374486,0.032482858571477147,105,105
fixed_test,7,1,8,"ac370000, ac370442, ac370443",6,0.94035409187374486,0.02469003354664312,105,105
fixed_test,7,1,8,"ac370000, ac370442, ac370443",7,0.94035409187374486,0.028983664374285012,105,105
fixed_test,7,1,8,"ac370000, ac370442, ac370443",8,0.94035409187374486,0.010324807005750225,105,105
fixed_test,7,1,8,"ac370000, ac370442, ac370443",9,0.94035409187374486,0.023958790797592666,105,105
fixed_test,7,1,9,"ac370442, ac370443",0,0.94035409187374486,-0.0091762935578852955,105,105
fixed_test,7,1,9,"ac370442, ac370443",1,0.94035409187374486,-0.0091762935578852955,105,105
fixed_test,7,1,9,"ac370442, ac370443",2,0.94035409187374486,-0.0048011612914173885,105,104
fixed_test,7,1,9,"ac370442, ac370443",3,0.94035409187374486,-0.0091762935578852955,105,105
fixed_test,7,1,9,"ac370442, ac370443",4,0.94035409187374486,-0.0091762935578852955,105,105
fixed_test,7,1,9,"ac370442, ac370443",5,0.94035409187374486,-0.0091762935578852955,105,104
fixed_test,7,1,9,"ac370442, ac370443",6,0.94035409187374486,-0.00045470110896117522,105,105
fixed_test,7,1,9,"ac370442, ac370443",7,0.94035409187374486,0,105,105
fixed_test,7,1,9,"ac370442, ac370443",8,0.94035409187374486,-0.013941952430556959,105,104
fixed_test,7,1,9,"ac370442, ac370443",9,0.94035409187374486,-0.0048011612914173885,105,105
fixed_train,7,1,0,"370407, ac370000",0,0.99435177782439621,0.034705523797535776,471,467
fixed_train,7,1,0,"370407, ac370000",1,0.99435177782439621,0.026476842543995405,471,469
fixed_train,7,1,0,"370407, ac370000",2,0.99435177782439621,0.022952745144343867,471,468
fixed_train,7,1,0,"370407, ac370000",3,0.99435177782439621,0.043831140332984964,471,469
fixed_train,7,1,0,"370407, ac370000",4,0.99435177782439621,0.039054380092196084,471,469
fixed_train,7,1,0,"370407, ac370000",5,0.99435177782439621,0.031137532109748678,471,468
fixed_train,7,1,0,"370407, ac370000",6,0.99435177782439621,0.041529774634911032,471,467
fixed_train,7,1,0,"370407, ac370000",7,0.99435177782439621,0.03668120945791864,471,466
fixed_train,7,1,0,"370407, ac370000",8,0.99435177782439621,0.040333970681087017,471,466
fixed_train,7,1,0,"370407, ac370000",9,0.99435177782439621,0.03454700764394425,471,467
fixed_train,7,1,1,"ac370000, ac370419",0,0.99435177782439621,0.041718240528503703,461,458
fixed_train,7,1,1,"ac370000, ac370419",1,0.99435177782439621,0.044129848784869585,461,459
fixed_train,7,1,1,"ac370000, ac370419",2,0.99435177782439621,0.035983985581524602,461,459
fixed_train,7,1,1,"ac370000, ac370419",3,0.99435177782439621,0.033513633312921232,461,460
fixed_train,7,1,1,"ac370000, ac370419",4,0.99435177782439621,0.041437618470152482,461,455
fixed_train,7,1,1,"ac370000, ac370419",5,0.99435177782439621,0.031209994754772596,461,458
fixed_train,7,1,1,"ac370000, ac370419",6,0.99435177782439621,0.030093667114891254,461,460
fixed_train,7,1,1,"ac370000, ac370419",7,0.99435177782439621,0.035983985581524602,461,461
fixed_train,7,1,1,"ac370000, ac370419",8,0.99435177782439621,0.033513633312921232,461,460
fixed_train,7,1,1,"ac370000, ac370419",9,0.99435177782439621,0.040424548987366804,461,459
fixed_train,7,1,2,"370407, ac370000, ac370419",0,0.99435177782439621,0.037361881160620225,450,450
fixed_train,7,1,2,"370407, ac370000, ac370419",1,0.99435177782439621,0.044549344596466645,450,450
fixed_train,7,1,2,"370407, ac370000, ac370419",2,0.99435177782439621,0.031209994754772596,450,450
fixed_train,7,1,2,"370407, ac370000, ac370419",3,0.99435177782439621,0.037272318172501762,450,450
fixed_train,7,1,2,"370407, ac370000, ac370419",4,0.99435177782439621,0.039879803501390421,450,449
fixed_train,7,1,2,"370407, ac370000, ac370419",5,0.99435177782439621,0.046339358841099521,450,449
fixed_train,7,1,2,"370407, ac370000, ac370419",6,0.99435177782439621,0.038296886012476272,450,449
fixed_train,7,1,2,"370407, ac370000, ac370419",7,0.99435177782439621,0.04211234731878688,450,450
fixed_train,7,1,2,"370407, ac370000, ac370419",8,0.99435177782439621,0.031283540498169504,450,450
fixed_train,7,1,2,"370407, ac370000, ac370419",9,0.99435177782439621,0.03812091042921828,450,449
fixed_train,7,1,3,"370407, ac370419",0,0.99435177782439621,0.026415293894885949,450,448
fixed_train,7,1,3,"370407, ac370419",1,0.99435177782439621,0.019496895008104143,450,449
fixed_train,7,1,3,"370407, ac370419",2,0.99435177782439621,0.022846058443113271,450,448
fixed_train,7,1,3,"370407, ac370419",3,0.99435177782439621,0.028640573983997997,450,448
fixed_train,7,1,3,"370407, ac370419",4,0.99435177782439621,0.031964228241102677,450,447
fixed_train,7,1,3,"370407, ac370419",5,0.99435177782439621,0.026236052659705189,450,445
fixed_train,7,1,3,"370407, ac370419",6,0.99435177782439621,0.020566515993615919,450,449
fixed_train,7,1,3,"370407, ac370419",7,0.99435177782439621,0.027344636121801158,450,448
fixed_train,7,1,3,"370407, ac370419",8,0.99435177782439621,0.019449954050190787,450,449
fixed_train,7,1,3,"370407, ac370419",9,0.99435177782439621,0.020566515993615919,450,450
fixed_train,7,1,4,"ac370000, ac370443",0,0.99435177782439621,0.025299733240565336,450,449
fixed_train,7,1,4,"ac370000, ac370443",1,0.99435177782439621,0.031066137503938163,450,450
fixed_train,7,1,4,"ac370000, ac370443",2,0.99435177782439621,0.032250137368541543,450,449
fixed_train,7,1,4,"ac370000, ac370443",3,0.99435177782439621,0.028906356196624294,450,447
fixed_train,7,1,4,"ac370000, ac370443",4,0.99435177782439621,0.032324311842615527,450,447
fixed_train,7,1,4,"ac370000, ac370443",5,0.99435177782439621,0.026476842543995405,450,448
fixed_train,7,1,4,"ac370000, ac370443",6,0.99435177782439621,0.035900010832391027,450,450
fixed_train,7,1,4,"ac370000, ac370443",7,0.99435177782439621,0.027528899915535421,450,448
fixed_train,7,1,4,"ac370000, ac370443",8,0.99435177782439621,0.031283540498169504,450,447
fixed_train,7,1,4,"ac370000, ac370443",9,0.99435177782439621,0.027656396817736129,450,448
fixed_train,7,1,5,"ac370000, ac370419, ac370443",0,0.99435177782439621,0.031209994754772596,448,448
fixed_train,7,1,5,"ac370000, ac370419, ac370443",1,0.99435177782439621,0.038478154382447283,448,448
fixed_train,7,1,5,"ac370000, ac370419, ac370443",2,0.99435177782439621,0.025359526542333422,448,448
fixed_train,7,1,5,"ac370000, ac370419, ac370443",3,0.99435177782439621,0.028906356196624294,448,448
fixed_train,7,1,5,"ac370000, ac370419, ac370443",4,0.99435177782439621,0.030238294098225871,448,448
fixed_train,7,1,5,"ac370000, ac370419, ac370443",5,0.99435177782439621,0.031358184719621485,448,447
fixed_train,7,1,5,"ac370000, ac370419, ac370443",6,0.99435177782439621,0.032476003903311956,448,448
fixed_train,7,1,5,"ac370000, ac370419, ac370443",7,0.99435177782439621,0.033751578459072951,448,448
fixed_train,7,1,5,"ac370000, ac370419, ac370443",8,0.99435177782439621,0.032324311842615527,448,448
fixed_train,7,1,5,"ac370000, ac370419, ac370443",9,0.99435177782439621,0.034868812327107146,448,447
fixed_train,7,1,6,"ac370419, ac370443",0,0.99435177782439621,0.015967788433040808,448,448
fixed_train,7,1,6,"ac370419, ac370443",1,0.99435177782439621,0.020471251014387515,448,448
fixed_train,7,1,6,"ac370419, ac370443",2,0.99435177782439621,0.014886649281864672,448,447
fixed_train,7,1,6,"ac370419, ac370443",3,0.99435177782439621,0.013657475399607266,448,446
fixed_train,7,1,6,"ac370419, ac370443",4,0.99435177782439621,0.016007431094621216,448,447
fixed_train,7,1,6,"ac370419, ac370443",5,0.99435177782439621,0.016047669898800576,448,446
fixed_train,7,1,6,"ac370419, ac370443",6,0.99435177782439621,0.012538228630631254,448,448
fixed_train,7,1,6,"ac370419, ac370443",7,0.99435177782439621,0.012604996897701448,448,446
fixed_train,7,1,6,"ac370419, ac370443",8,0.99435177782439621,0.013657475399607266,448,447
fixed_train,7,1,6,"ac370419, ac370443",9,0.99435177782439621,0.020714850956688347,448,444
fixed_train,7,1,7,"ac370000, ac370442",0,0.99435177782439621,0.031137532109748678,446,446
fixed_train,7,1,7,"ac370000, ac370442",1,0.99435177782439621,0.033671085150573155,446,442
fixed_train,7,1,7,"ac370000, ac370442",2,0.99435177782439621,0.036069213790524635,446,440
fixed_train,7,1,7,"ac370000, ac370442",3,0.99435177782439621,0.027721580446467664,446,443
fixed_train,7,1,7,"ac370000, ac370442",4,0.99435177782439621,0.030022946144541707,446,442
fixed_train,7,1,7,"ac370000, ac370442",5,0.99435177782439621,0.037272318172501762,446,443
fixed_train,7,1,7,"ac370000, ac370442",6,0.99435177782439621,0.029884615524442215,446,443
fixed_train,7,1,7,"ac370000, ac370442",7,0.99435177782439621,0.026476842543995405,446,445
fixed_train,7,1,7,"ac370000, ac370442",8,0.99435177782439621,0.033591775665280266,446,444
fixed_train,7,1,7,"ac370000, ac370442",9,0.99435177782439621,0.031358184719621485,446,444
fixed_train,7,1,8,"ac370000, ac370442, ac370443",0,0.99435177782439621,0.031066137503938163,444,444
fixed_train,7,1,8,"ac370000, ac370442, ac370443",1,0.99435177782439621,0.035817271871069867,444,444
fixed_train,7,1,8,"ac370000, ac370442, ac370443",2,0.99435177782439621,0.030165444747013992,444,444
fixed_train,7,1,8,"ac370000, ac370442, ac370443",3,0.99435177782439621,0.035900010832391027,444,444
fixed_train,7,1,8,"ac370000, ac370442, ac370443",4,0.99435177782439621,0.032399595456213626,444,443
fixed_train,7,1,8,"ac370000, ac370442, ac370443",5,0.99435177782439621,0.033671085150573155,444,443
fixed_train,7,1,8,"ac370000, ac370442, ac370443",6,0.99435177782439621,0.031433943127621489,444,444
fixed_train,7,1,8,"ac370000, ac370442, ac370443",7,0.99435177782439621,0.032324311842615527,444,444
fixed_train,7,1,8,"ac370000, ac370442, ac370443",8,0.99435177782439621,0.034786563059610032,444,444
fixed_train,7,1,8,"ac370000, ac370442, ac370443",9,0.99435177782439621,0.030022946144541707,444,443
fixed_train,7,1,9,"ac370442, ac370443",0,0.99435177782439621,0.014811534981410857,444,442
fixed_train,7,1,9,"ac370442, ac370443",1,0.99435177782439621,0.011448346195626513,444,443
fixed_train,7,1,9,"ac370442, ac370443",2,0.99435177782439621,0.017044037803409906,444,441
fixed_train,7,1,9,"ac370442, ac370443",3,0.99435177782439621,0.017126259849616909,444,440
fixed_train,7,1,9,"ac370442, ac370443",4,0.99435177782439621,0.016007431094621216,444,443
fixed_train,7,1,9,"ac370442, ac370443",5,0.99435177782439621,0.016007431094621216,444,441
fixed_train,7,1,9,"ac370442, ac370443",6,0.99435177782439621,0.013763891785705473,444,443
fixed_train,7,1,9,"ac370442, ac370443",7,0.99435177782439621,0.010293915242050589,444,442
fixed_train,7,1,9,"ac370442, ac370443",8,0.99435177782439621,0.017126259849616909,444,441
fixed_train,7,1,9,"ac370442, ac370443",9,0.99435177782439621,0.012538228630631254,444,442
faithful_train,7,1,0,"370407, ac370000",0,0.99435177782439621,0.047657390447782388,471,470
faithful_train,7,1,0,"370407, ac370000",1,0.99435177782439621,0.11887878280513431,471,468
faithful_train,7,1,0,"370407, ac370000",2,0.99435177782439621,0.17879951347461287,471,464
faithful_train,7,1,0,"370407, ac370000",3,0.99435177782439621,0.23399167656378306,471,458
faithful_train,7,1,0,"370407, ac370000",4,0.99435177782439621,0.23137121710195285,471,457
faithful_train,7,1,0,"370407, ac370000",5,0.99435177782439621,0.24730092357908273,471,456
faithful_train,7,1,0,"370407, ac370000",6,0.99435177782439621,0.24730092357908273,471,449
faithful_train,7,1,0,"370407, ac370000",7,0.99435177782439621,0.24646408268516729,471,441
faithful_train,7,1,0,"370407, ac370000",8,0.99435177782439621,0.24610929895994238,471,441
faithful_train,7,1,0,"370407, ac370000",9,0.99435177782439621,0.25895286543425267,471,443
faithful_train,7,1,1,"ac370000, ac370419",0,0.99435177782439621,0.27049503830632438,461,461
faithful_train,7,1,1,"ac370000, ac370419",1,0.99435177782439621,0.25473870807147847,461,456
faithful_train,7,1,1,"ac370000, ac370419",2,0.99435177782439621,0.26187663435811859,461,445
faithful_train,7,1,1,"ac370000, ac370419",3,0.99435177782439621,0.25895286543425267,461,445
faithful_train,7,1,1,"ac370000, ac370419",4,0.99435177782439621,0.26380131855693834,461,438
faithful_train,7,1,1,"ac370000, ac370419",5,0.99435177782439621,0.2634667615993137,461,437
faithful_train,7,1,1,"ac370000, ac370419",6,0.99435177782439621,0.2719190880466964,461,446
faithful_train,7,1,1,"ac370000, ac370419",7,0.99435177782439621,0.27268427044921995,461,438
faithful_train,7,1,1,"ac370000, ac370419",8,0.99435177782439621,0.27049503830632438,461,436
faithful_train,7,1,1,"ac370000, ac370419",9,0.99435177782439621,0.25764805924742362,461,438
faithful_train,7,1,2,"370407, ac370000, ac370419",0,0.99435177782439621,0.26426004479952592,450,448
faithful_train,7,1,2,"370407, ac370000, ac370419",1,0.99435177782439621,0.25602909651038686,450,431
faithful_train,7,1,2,"370407, ac370000, ac370419",2,0.99435177782439621,0.2634667615993137,450,428
faithful_train,7,1,2,"370407, ac370000, ac370419",3,0.99435177782439621,0.26107973993476263,450,431
faithful_train,7,1,2,"370407, ac370000, ac370419",4,0.99435177782439621,0.26850535461015645,450,425
faithful_train,7,1,2,"370407, ac370000, ac370419",5,0.99435177782439621,0.26301318504491145,450,421
faithful_train,7,1,2,"370407, ac370000, ac370419",6,0.99435177782439621,0.25683924495969868,450,425
faithful_train,7,1,2,"370407, ac370000, ac370419",7,0.99435177782439621,0.25310532758652116,450,426
faithful_train,7,1,2,"370407, ac370000, ac370419",8,0.99435177782439621,0.25814866342805531,450,425
faithful_train,7,1,2,"370407, ac370000, ac370419",9,0.99435177782439621,0.25683924495969868,450,429
faithful_train,7,1,3,"370407, ac370419",0,0.99435177782439621,0.26135780536968589,450,400
faithful_train,7,1,3,"370407, ac370419",1,0.99435177782439621,0.2594821605837685,450,423
faithful_train,7,1,3,"370407, ac370419",2,0.99435177782439621,0.26322004170817337,450,423
faithful_train,7,1,3,"370407, ac370419",3,0.99435177782439621,0.25473870807147847,450,430
faithful_train,7,1,3,"370407, ac370419",4,0.99435177782439621,0.25392271754708418,450,432
faithful_train,7,1,3,"370407, ac370419",5,0.99435177782439621,0.2608403345928445,450,427
faithful_train,7,1,3,"370407, ac370419",6,0.99435177782439621,0.26401081644146995,450,421
faithful_train,7,1,3,"370407, ac370419",7,0.99435177782439621,0.25814866342805531,450,422
faithful_train,7,1,3,"370407, ac370419",8,0.99435177782439621,0.26028159073676604,450,425
faithful_train,7,1,3,"370407, ac370419",9,0.99435177782439621,0.25310532758652116,450,426
faithful_train,7,1,4,"ac370000, ac370443",0,0.99435177782439621,0.2659818193788398,450,448
faithful_train,7,1,4,"ac370000, ac370443",1,0.99435177782439621,0.26676230252103228,450,444
faithful_train,7,1,4,"ac370000, ac370443",2,0.99435177782439621,0.27115287148179312,450,434
faithful_train,7,1,4,"ac370000, ac370443",3,0.99435177782439621,0.27268427044921995,450,437
faithful_train,7,1,4,"ac370000, ac370443",4,0.99435177782439621,0.26004455071098298,450,432
faithful_train,7,1,4,"ac370000, ac370443",5,0.99435177782439621,0.26301318504491145,450,425
faithful_train,7,1,4,"ac370000, ac370443",6,0.99435177782439621,0.26676230252103228,450,424
faithful_train,7,1,4,"ac370000, ac370443",7,0.99435177782439621,0.25521758692134788,450,429
faithful_train,7,1,4,"ac370000, ac370443",8,0.99435177782439621,0.26163482674005922,450,419
faithful_train,7,1,4,"ac370000, ac370443",9,0.99435177782439621,0.25734313976535872,450,424
faithful_train,7,1,5,"ac370000, ac370419, ac370443",0,0.99435177782439621,0.25717855445834159,448,448
faithful_train,7,1,5,"ac370000, ac370419, ac370443",1,0.99435177782439621,0.26380131855693834,448,435
faithful_train,7,1,5,"ac370000, ac370419, ac370443",2,0.99435177782439621,0.26322004170817337,448,429
faithful_train,7,1,5,"ac370000, ac370419, ac370443",3,0.99435177782439621,0.26163482674005922,448,428
faithful_train,7,1,5,"ac370000, ac370419, ac370443",4,0.99435177782439621,0.25555332651000573,448,427
faithful_train,7,1,5,"ac370000, ac370419, ac370443",5,0.99435177782439621,0.25653626744199765,448,424
faithful_train,7,1,5,"ac370000, ac370419, ac370443",6,0.99435177782439621,0.26028159073676604,448,428
faithful_train,7,1,5,"ac370000, ac370419, ac370443",7,0.99435177782439621,0.26972328648512611,448,420
faithful_train,7,1,5,"ac370000, ac370419, ac370443",8,0.99435177782439621,0.25473870807147847,448,413
faithful_train,7,1,5,"ac370000, ac370419, ac370443",9,0.99435177782439621,0.2608403345928445,448,428
faithful_train,7,1,6,"ac370419, ac370443",0,0.99435177782439621,0.2594821605837685,448,401
faithful_train,7,1,6,"ac370419, ac370443",1,0.99435177782439621,0.25734313976535872,448,413
faithful_train,7,1,6,"ac370419, ac370443",2,0.99435177782439621,0.24974884765032535,448,417
faithful_train,7,1,6,"ac370419, ac370443",3,0.99435177782439621,0.25359037430022691,448,420
faithful_train,7,1,6,"ac370419, ac370443",4,0.99435177782439621,0.25653626744199765,448,421
faithful_train,7,1,6,"ac370419, ac370443",5,0.99435177782439621,0.24892000571958839,448,428
faithful_train,7,1,6,"ac370419, ac370443",6,0.99435177782439621,0.25440468879395117,448,417
faithful_train,7,1,6,"ac370419, ac370443",7,0.99435177782439621,0.25182935689553343,448,424
faithful_train,7,1,6,"ac370419, ac370443",8,0.99435177782439621,0.25310532758652116,448,420
faithful_train,7,1,6,"ac370419, ac370443",9,0.99435177782439621,0.25146623782254374,448,412
faithful_train,7,1,7,"ac370000, ac370442",0,0.99435177782439621,0.27788824967803893,446,444
faithful_train,7,1,7,"ac370000, ac370442",1,0.99435177782439621,0.27635361550677384,446,442
faithful_train,7,1,7,"ac370000, ac370442",2,0.99435177782439621,0.2608403345928445,446,439
faithful_train,7,1,7,"ac370000, ac370442",3,0.99435177782439621,0.27635389570130331,446,429
faithful_train,7,1,7,"ac370000, ac370442",4,0.99435177782439621,0.26028159073676604,446,425
faithful_train,7,1,7,"ac370000, ac370442",5,0.99435177782439621,0.264417298119212,446,419
faithful_train,7,1,7,"ac370000, ac370442",6,0.99435177782439621,0.27560518282723401,446,419
faithful_train,7,1,7,"ac370000, ac370442",7,0.99435177782439621,0.27038559691025754,446,417
faithful_train,7,1,7,"ac370000, ac370442",8,0.99435177782439621,0.2608403345928445,446,420
faithful_train,7,1,7,"ac370000, ac370442",9,0.99435177782439621,0.2608403345928445,446,418
faithful_train,7,1,8,"ac370000, ac370442, ac370443",0,0.99435177782439621,0.26520015979023615,444,443
faithful_train,7,1,8,"ac370000, ac370442, ac370443",1,0.99435177782439621,0.26972328648512611,444,428
faithful_train,7,1,8,"ac370000, ac370442, ac370443",2,0.99435177782439621,0.26520015979023615,444,428
faithful_train,7,1,8,"ac370000, ac370442, ac370443",3,0.99435177782439621,0.264417298119212,444,424
faithful_train,7,1,8,"ac370000, ac370442, ac370443",4,0.99435177782439621,0.26676230252103228,444,428
faithful_train,7,1,8,"ac370000, ac370442, ac370443",5,0.99435177782439621,0.27038559691025754,444,419
faithful_train,7,1,8,"ac370000, ac370442, ac370443",6,0.99435177782439621,0.26380131855693834,444,419
faithful_train,7,1,8,"ac370000, ac370442, ac370443",7,0.99435177782439621,0.26301318504491145,444,417
faithful_train,7,1,8,"ac370000, ac370442, ac370443",8,0.99435177782439621,0.26972328648512611,444,418
faithful_train,7,1,8,"ac370000, ac370442, ac370443",9,0.99435177782439621,0.26615849267958092,444,424
faithful_train,7,1,9,"ac370442, ac370443",0,0.99435177782439621,0.25868142288463758,444,403
faithful_train,7,1,9,"ac370442, ac370443",1,0.99435177782439621,0.264417298119212,444,419
faithful_train,7,1,9,"ac370442, ac370443",2,0.99435177782439621,0.2608403345928445,444,402
faithful_train,7,1,9,"ac370442, ac370443",3,0.99435177782439621,0.2659818193788398,444,414
faithful_train,7,1,9,"ac370442, ac370443",4,0.99435177782439621,0.2608403345928445,444,413
faithful_train,7,1,9,"ac370442, ac370443",5,0.99435177782439621,0.26004455071098298,444,404
faithful_train,7,1,9,"ac370442, ac370443",6,0.99435177782439621,0.27038559691025754,444,406
faithful_train,7,1,9,"ac370442, ac370443",7,0.99435177782439621,0.2659818193788398,444,409
faithful_train,7,1,9,"ac370442, ac370443",8,0.99435177782439621,0.2594821605837685,444,412
faithful_train,7,1,9,"ac370442, ac370443",9,0.99435177782439621,0.26817651563601463,444,421
fixed_test,7,2,0,"370407, ac370000",0,0.91501308620873845,0.010328740846426876,121,120
fixed_test,7,2,0,"370407, ac370000",1,0.91501308620873845,0.010328740846426876,121,120
fixed_test,7,2,0,"370407, ac370000",2,0.91501308620873845,0.015580658053411023,121,121
fixed_test,7,2,0,"370407, ac370000",3,0.91501308620873845,0.020894248269675786,121,118
fixed_test,7,2,0,"370407, ac370000",4,0.91501308620873845,0.014622610747441533,121,121
fixed_test,7,2,0,"370407, ac370000",5,0.91501308620873845,0.024109232132079828,121,121
fixed_test,7,2,0,"370407, ac370000",6,0.91501308620873845,0.011268688082317846,121,121
fixed_test,7,2,0,"370407, ac370000",7,0.91501308620873845,0.010328740846426876,121,120
fixed_test,7,2,0,"370407, ac370000",8,0.91501308620873845,0.010328740846426876,121,120
fixed_test,7,2,0,"370407, ac370000",9,0.91501308620873845,0.014622610747441533,121,121
fixed_test,7,2,1,"ac370000, ac370419",0,0.91501308620873845,0.014622610747441533,116,114
fixed_test,7,2,1,"ac370000, ac370419",1,0.91501308620873845,0.024109232132079828,116,112
fixed_test,7,2,1,"ac370000, ac370419",2,0.91501308620873845,0,116,116
fixed_test,7,2,1,"ac370000, ac370419",3,0.91501308620873845,0.015580658053411023,116,115
fixed_test,7,2,1,"ac370000, ac370419",4,0.91501308620873845,0.024109232132079828,116,115
fixed_test,7,2,1,"ac370000, ac370419",5,0.91501308620873845,0.014622610747441533,116,115
fixed_test,7,2,1,"ac370000, ac370419",6,0.91501308620873845,0.011268688082317846,116,116
fixed_test,7,2,1,"ac370000, ac370419",7,0.91501308620873845,-0.0043506320218353878,116,116
fixed_test,7,2,1,"ac370000, ac370419",8,0.91501308620873845,0.025158522038618125,116,116
fixed_test,7,2,1,"ac370000, ac370419",9,0.91501308620873845,0.024109232132079828,116,116
fixed_test,7,2,2,"370407, ac370000, ac370419",0,0.91501308620873845,0.015580658053411023,114,114
fixed_test,7,2,2,"370407, ac370000, ac370419",1,0.91501308620873845,0.023120366359029476,114,114
fixed_test,7,2,2,"370407, ac370000, ac370419",2,0.91501308620873845,0.00079717538265811072,114,114
fixed_test,7,2,2,"370407, ac370000, ac370419",3,0.91501308620873845,-0.0043506320218353878,114,114
fixed_test,7,2,2,"370407, ac370000, ac370419",4,0.91501308620873845,0.025158522038618125,114,114
fixed_test,7,2,2,"370407, ac370000, ac370419",5,0.91501308620873845,0,114,114
fixed_test,7,2,2,"370407, ac370000, ac370419",6,0.91501308620873845,0.0086082010804491293,114,114
fixed_test,7,2,2,"370407, ac370000, ac370419",7,0.91501308620873845,0.0051359893628030173,114,114
fixed_test,7,2,2,"370407, ac370000, ac370419",8,0.91501308620873845,0.0051359893628030173,114,114
fixed_test,7,2,2,"370407, ac370000, ac370419",9,0.91501308620873845,-0.00075131040672204996,114,114
fixed_test,7,2,3,"370407, ac370419",0,0.91501308620873845,0.019860306310195863,114,113
fixed_test,7,2,3,"370407, ac370419",1,0.91501308620873845,0.024109232132079828,114,113
fixed_test,7,2,3,"370407, ac370419",2,0.91501308620873845,0.015580658053411023,114,114
fixed_test,7,2,3,"370407, ac370419",3,0.91501308620873845,0.0043191002459352923,114,113
fixed_test,7,2,3,"370407, ac370419",4,0.91501308620873845,-0.0094429904212512961,114,114
fixed_test,7,2,3,"370407, ac370419",5,0.91501308620873845,-0.0043506320218353878,114,113
fixed_test,7,2,3,"370407, ac370419",6,0.91501308620873845,0.01371973330248244,114,113
fixed_test,7,2,3,"370407, ac370419",7,0.91501308620873845,0.01371973330248244,114,113
fixed_test,7,2,3,"370407, ac370419",8,0.91501308620873845,0.01371973330248244,114,114
fixed_test,7,2,3,"370407, ac370419",9,0.91501308620873845,-0.0043506320218353878,114,114
fixed_test,7,2,4,"ac370000, ac370443",0,0.91501308620873845,0.0060027940682041425,113,111
fixed_test,7,2,4,"ac370000, ac370443",1,0.91501308620873845,0.018885980842502703,113,112
fixed_test,7,2,4,"ac370000, ac370443",2,0.91501308620873845,0.0051359893628030173,113,113
fixed_test,7,2,4,"ac370000, ac370443",3,0.91501308620873845,0.015580658053411023,113,113
fixed_test,7,2,4,"ac370000, ac370443",4,0.91501308620873845,0.00079717538265811072,113,113
fixed_test,7,2,4,"ac370000, ac370443",5,0.91501308620873845,0.0051359893628030173,113,112
fixed_test,7,2,4,"ac370000, ac370443",6,0.91501308620873845,0.010328740846426876,113,111
fixed_test,7,2,4,"ac370000, ac370443",7,0.91501308620873845,0.0060027940682041425,113,111
fixed_test,7,2,4,"ac370000, ac370443",8,0.91501308620873845,0.010328740846426876,113,111
fixed_test,7,2,4,"ac370000, ac370443",9,0.91501308620873845,0.014622610747441533,113,112
fixed_test,7,2,5,"ac370000, ac370419, ac370443",0,0.91501308620873845,0.00079717538265811072,113,113
fixed_test,7,2,5,"ac370000, ac370419, ac370443",1,0.91501308620873845,0.010328740846426876,113,113
fixed_test,7,2,5,"ac370000, ac370419, ac370443",2,0.91501308620873845,0.0051359893628030173,113,113
fixed_test,7,2,5,"ac370000, ac370419, ac370443",3,0.91501308620873845,0.015580658053411023,113,113
fixed_test,7,2,5,"ac370000, ac370419, ac370443",4,0.91501308620873845,0.0043191002459352923,113,113
fixed_test,7,2,5,"ac370000, ac370419, ac370443",5,0.91501308620873845,0.0094429904212514071,113,113
fixed_test,7,2,5,"ac370000, ac370419, ac370443",6,0.91501308620873845,0.014622610747441533,113,113
fixed_test,7,2,5,"ac370000, ac370419, ac370443",7,0.91501308620873845,0.0051359893628030173,113,113
fixed_test,7,2,5,"ac370000, ac370419, ac370443",8,0.91501308620873845,0.015580658053411023,113,113
fixed_test,7,2,5,"ac370000, ac370419, ac370443",9,0.91501308620873845,0.014622610747441533,113,113
fixed_test,7,2,6,"ac370419, ac370443",0,0.91501308620873845,0.015580658053411023,113,113
fixed_test,7,2,6,"ac370419, ac370443",1,0.91501308620873845,0.0051359893628030173,113,112
fixed_test,7,2,6,"ac370419, ac370443",2,0.91501308620873845,0.01371973330248244,113,113
fixed_test,7,2,6,"ac370419, ac370443",3,0.91501308620873845,0.018885980842502703,113,113
fixed_test,7,2,6,"ac370419, ac370443",4,0.91501308620873845,0.023120366359029476,113,113
fixed_test,7,2,6,"ac370419, ac370443",5,0.91501308620873845,0.0086082010804491293,113,112
fixed_test,7,2,6,"ac370419, ac370443",6,0.91501308620873845,0.0051359893628030173,113,113
fixed_test,7,2,6,"ac370419, ac370443",7,0.91501308620873845,0.0094429904212514071,113,113
fixed_test,7,2,6,"ac370419, ac370443",8,0.91501308620873845,0.01371973330248244,113,113
fixed_test,7,2,6,"ac370419, ac370443",9,0.91501308620873845,0,113,113
fixed_test,7,2,7,"ac370000, ac370442",0,0.91501308620873845,0.015580658053411023,111,111
fixed_test,7,2,7,"ac370000, ac370442",1,0.91501308620873845,0.010328740846426876,111,109
fixed_test,7,2,7,"ac370000, ac370442",2,0.91501308620873845,0.0051359893628030173,111,110
fixed_test,7,2,7,"ac370000, ac370442",3,0.91501308620873845,0.011268688082317846,111,111
fixed_test,7,2,7,"ac370000, ac370442",4,0.91501308620873845,0.0051359893628030173,111,111
fixed_test,7,2,7,"ac370000, ac370442",5,0.91501308620873845,0.0094429904212514071,111,111
fixed_test,7,2,7,"ac370000, ac370442",6,0.91501308620873845,0.014622610747441533,111,109
fixed_test,7,2,7,"ac370000, ac370442",7,0.91501308620873845,0.014622610747441533,111,111
fixed_test,7,2,7,"ac370000, ac370442",8,0.91501308620873845,0.015580658053411023,111,109
fixed_test,7,2,7,"ac370000, ac370442",9,0.91501308620873845,0.014622610747441533,111,110
fixed_test,7,2,8,"ac370000, ac370442, ac370443",0,0.91501308620873845,0.0051359893628030173,110,109
fixed_test,7,2,8,"ac370000, ac370442, ac370443",1,0.91501308620873845,0.0051359893628030173,110,110
fixed_test,7,2,8,"ac370000, ac370442, ac370443",2,0.91501308620873845,0.00079717538265811072,110,110
fixed_test,7,2,8,"ac370000, ac370442, ac370443",3,0.91501308620873845,0.0060027940682041425,110,110
fixed_test,7,2,8,"ac370000, ac370442, ac370443",4,0.91501308620873845,0.021991703126292728,110,110
fixed_test,7,2,8,"ac370000, ac370442, ac370443",5,0.91501308620873845,0.020894248269675786,110,110
fixed_test,7,2,8,"ac370000, ac370442, ac370443",6,0.91501308620873845,0.0060027940682041425,110,110
fixed_test,7,2,8,"ac370000, ac370442, ac370443",7,0.91501308620873845,0.0060027940682041425,110,110
fixed_test,7,2,8,"ac370000, ac370442, ac370443",8,0.91501308620873845,0.014622610747441533,110,110
fixed_test,7,2,8,"ac370000, ac370442, ac370443",9,0.91501308620873845,0.011268688082317846,110,109
fixed_test,7,2,9,"ac370442, ac370443",0,0.91501308620873845,0,110,110
fixed_test,7,2,9,"ac370442, ac370443",1,0.91501308620873845,-0.00075131040672204996,110,109
fixed_test,7,2,9,"ac370442, ac370443",2,0.91501308620873845,0.0094429904212514071,110,110
fixed_test,7,2,9,"ac370442, ac370443",3,0.91501308620873845,-0.00075131040672204996,110,110
fixed_test,7,2,9,"ac370442, ac370443",4,0.91501308620873845,0.01286877631295813,110,110
fixed_test,7,2,9,"ac370442, ac370443",5,0.91501308620873845,0.0051359893628030173,110,110
fixed_test,7,2,9,"ac370442, ac370443",6,0.91501308620873845,0.0035491867792230014,110,110
fixed_test,7,2,9,"ac370442, ac370443",7,0.91501308620873845,0.0043191002459352923,110,110
fixed_test,7,2,9,"ac370442, ac370443",8,0.91501308620873845,0,110,110
fixed_test,7,2,9,"ac370442, ac370443",9,0.91501308620873845,0.0043191002459352923,110,109
fixed_train,7,2,0,"370407, ac370000",0,0.99435159550639574,0.039509070926406875,465,462
fixed_train,7,2,0,"370407, ac370000",1,0.99435159550639574,0.037105663569234726,465,461
fixed_train,7,2,0,"370407, ac370000",2,0.99435159550639574,0.045457749590873564,465,463
fixed_train,7,2,0,"370407, ac370000",3,0.99435159550639574,0.04445538725839937,465,460
fixed_train,7,2,0,"370407, ac370000",4,0.99435159550639574,0.039416694275334452,465,462
fixed_train,7,2,0,"370407, ac370000",5,0.99435159550639574,0.043237984707745647,465,460
fixed_train,7,2,0,"370407, ac370000",6,0.99435159550639574,0.036165721575513898,465,463
fixed_train,7,2,0,"370407, ac370000",7,0.99435159550639574,0.045457749590873564,465,463
fixed_train,7,2,0,"370407, ac370000",8,0.99435159550639574,0.032561767015635956,465,463
fixed_train,7,2,0,"370407, ac370000",9,0.99435159550639574,0.042124978339701413,465,460
fixed_train,7,2,1,"ac370000, ac370419",0,0.99435159550639574,0.032483602157036051,454,449
fixed_train,7,2,1,"ac370000, ac370419",1,0.99435159550639574,0.039602828866005302,454,453
fixed_train,7,2,1,"ac370000, ac370419",2,0.99435159550639574,0.038396694438554646,454,450
fixed_train,7,2,1,"ac370000, ac370419",3,0.99435159550639574,0.033599296967332881,454,448
fixed_train,7,2,1,"ac370000, ac370419",4,0.99435159550639574,0.04424398100545246,454,452
fixed_train,7,2,1,"ac370000, ac370419",5,0.99435159550639574,0.033599296967332881,454,452
fixed_train,7,2,1,"ac370000, ac370419",6,0.99435159550639574,0.03471295270746777,454,449
fixed_train,7,2,1,"ac370000, ac370419",7,0.99435159550639574,0.034877534985892966,454,449
fixed_train,7,2,1,"ac370000, ac370419",8,0.99435159550639574,0.039697988187543332,454,452
fixed_train,7,2,1,"ac370000, ac370419",9,0.99435159550639574,0.034961676726558144,454,450
fixed_train,7,2,2,"370407, ac370000, ac370419",0,0.99435159550639574,0.044038755687533238,444,444
fixed_train,7,2,2,"370407, ac370000, ac370419",1,0.99435159550639574,0.042932796999860523,444,441
fixed_train,7,2,2,"370407, ac370000, ac370419",2,0.99435159550639574,0.037105663569234726,444,443
fixed_train,7,2,2,"370407, ac370000, ac370419",3,0.99435159550639574,0.033599296967332881,444,443
fixed_train,7,2,2,"370407, ac370000, ac370419",4,0.99435159550639574,0.034877534985892966,444,444
fixed_train,7,2,2,"370407, ac370000, ac370419",5,0.99435159550639574,0.038488728579353926,444,443
fixed_train,7,2,2,"370407, ac370000, ac370419",6,0.99435159550639574,0.039325679244733069,444,443
fixed_train,7,2,2,"370407, ac370000, ac370419",7,0.99435159550639574,0.038041922289145824,444,444
fixed_train,7,2,2,"370407, ac370000, ac370419",8,0.99435159550639574,0.034794632863135444,444,441
fixed_train,7,2,2,"370407, ac370000, ac370419",9,0.99435159550639574,0.027727183228570595,444,443
fixed_train,7,2,3,"370407, ac370419",0,0.99435159550639574,0.025186130621834613,444,443
fixed_train,7,2,3,"370407, ac370419",1,0.99435159550639574,0.026298159319412706,444,443
fixed_train,7,2,3,"370407, ac370419",2,0.99435159550639574,0.020472963089790297,444,441
fixed_train,7,2,3,"370407, ac370419",3,0.99435159550639574,0.022956249832070896,444,444
fixed_train,7,2,3,"370407, ac370419",4,0.99435159550639574,0.031000604357109274,444,439
fixed_train,7,2,3,"370407, ac370419",5,0.99435159550639574,0.026298159319412706,444,441
fixed_train,7,2,3,"370407, ac370419",6,0.99435159550639574,0.02407216835743109,444,442
fixed_train,7,2,3,"370407, ac370419",7,0.99435159550639574,0.028392221854017907,444,444
fixed_train,7,2,3,"370407, ac370419",8,0.99435159550639574,0.022796170017870376,444,443
fixed_train,7,2,3,"370407, ac370419",9,0.99435159550639574,0.019452467073766244,444,440
fixed_train,7,2,4,"ac370000, ac370443",0,0.99435159550639574,0.028912426889530551,444,442
fixed_train,7,2,4,"ac370000, ac370443",1,0.99435159550639574,0.029958721654517739,444,441
fixed_train,7,2,4,"ac370000, ac370443",2,0.99435159550639574,0.028912426889530551,444,444
fixed_train,7,2,4,"ac370000, ac370443",3,0.99435159550639574,0.027727183228570595,444,441
fixed_train,7,2,4,"ac370000, ac370443",4,0.99435159550639574,0.032483602157036051,444,442
fixed_train,7,2,4,"ac370000, ac370443",5,0.99435159550639574,0.032406589438835121,444,439
fixed_train,7,2,4,"ac370000, ac370443",6,0.99435159550639574,0.030100226170202249,444,440
fixed_train,7,2,4,"ac370000, ac370443",7,0.99435159550639574,0.030245999045378946,444,440
fixed_train,7,2,4,"ac370000, ac370443",8,0.99435159550639574,0.028776501576810443,444,440
fixed_train,7,2,4,"ac370000, ac370443",9,0.99435159550639574,0.036078531336862119,444,444
fixed_train,7,2,5,"ac370000, ac370419, ac370443",0,0.99435159550639574,0.038974856254449075,442,442
fixed_train,7,2,5,"ac370000, ac370419, ac370443",1,0.99435159550639574,0.030028947899065406,442,442
fixed_train,7,2,5,"ac370000, ac370419, ac370443",2,0.99435159550639574,0.035907985288564537,442,442
fixed_train,7,2,5,"ac370000, ac370419, ac370443",3,0.99435159550639574,0.03821667360979597,442,441
fixed_train,7,2,5,"ac370000, ac370419, ac370443",4,0.99435159550639574,0.042736759442784544,442,442
fixed_train,7,2,5,"ac370000, ac370419, ac370443",5,0.99435159550639574,0.040714857540247285,442,441
fixed_train,7,2,5,"ac370000, ac370419, ac370443",6,0.99435159550639574,0.035824593166157603,442,441
fixed_train,7,2,5,"ac370000, ac370419, ac370443",7,0.99435159550639574,0.030028947899065406,442,442
fixed_train,7,2,5,"ac370000, ac370419, ac370443",8,0.99435159550639574,0.038396694438554646,442,442
fixed_train,7,2,5,"ac370000, ac370419, ac370443",9,0.99435159550639574,0.040341413172448326,442,442
fixed_train,7,2,6,"ac370419, ac370443",0,0.99435159550639574,0.022848734673110216,442,437
fixed_train,7,2,6,"ac370419, ac370443",1,0.99435159550639574,0.021683523717836772,442,440
fixed_train,7,2,6,"ac370419, ac370443",2,0.99435159550639574,0.013729650139761684,442,442
fixed_train,7,2,6,"ac370419, ac370443",3,0.99435159550639574,0.018289192406435895,442,441
fixed_train,7,2,6,"ac370419, ac370443",4,0.99435159550639574,0.014812977221046908,442,439
fixed_train,7,2,6,"ac370419, ac370443",5,0.99435159550639574,0.011387270017305107,442,441
fixed_train,7,2,6,"ac370419, ac370443",6,0.99435159550639574,0.013693906174198411,442,440
fixed_train,7,2,6,"ac370419, ac370443",7,0.99435159550639574,0.018289192406435895,442,441
fixed_train,7,2,6,"ac370419, ac370443",8,0.99435159550639574,0.011387270017305107,442,442
fixed_train,7,2,6,"ac370419, ac370443",9,0.99435159550639574,0.020618051345473343,442,441
fixed_train,7,2,7,"ac370000, ac370442",0,0.99435159550639574,0.024304316038445961,440,437
fixed_train,7,2,7,"ac370000, ac370442",1,0.99435159550639574,0.028981920324869792,440,438
fixed_train,7,2,7,"ac370000, ac370442",2,0.99435159550639574,0.032483602157036051,440,436
fixed_train,7,2,7,"ac370000, ac370442",3,0.99435159550639574,0.032406589438835121,440,437
fixed_train,7,2,7,"ac370000, ac370442",4,0.99435159550639574,0.031071495314837994,440,435
fixed_train,7,2,7,"ac370000, ac370442",5,0.99435159550639574,0.031143449639237764,440,438
fixed_train,7,2,7,"ac370000, ac370442",6,0.99435159550639574,0.028912426889530551,440,436
fixed_train,7,2,7,"ac370000, ac370442",7,0.99435159550639574,0.026481507838782781,440,437
fixed_train,7,2,7,"ac370000, ac370442",8,0.99435159550639574,0.027661487709477739,440,440
fixed_train,7,2,7,"ac370000, ac370442",9,0.99435159550639574,0.030028947899065406,440,440
fixed_train,7,2,8,"ac370000, ac370442, ac370443",0,0.99435159550639574,0.030028947899065406,439,438
fixed_train,7,2,8,"ac370000, ac370442, ac370443",1,0.99435159550639574,0.030861954149843607,439,439
fixed_train,7,2,8,"ac370000, ac370442, ac370443",2,0.99435159550639574,0.032406589438835121,439,438
fixed_train,7,2,8,"ac370000, ac370442, ac370443",3,0.99435159550639574,0.033366489052865655,439,439
fixed_train,7,2,8,"ac370000, ac370442, ac370443",4,0.99435159550639574,0.031216482315073013,439,437
fixed_train,7,2,8,"ac370000, ac370442, ac370443",5,0.99435159550639574,0.034632477240055137,439,439
fixed_train,7,2,8,"ac370000, ac370442, ac370443",6,0.99435159550639574,0.028710041303939837,439,439
fixed_train,7,2,8,"ac370000, ac370442, ac370443",7,0.99435159550639574,0.027661487709477739,439,439
fixed_train,7,2,8,"ac370000, ac370442, ac370443",8,0.99435159550639574,0.033366489052865655,439,439
fixed_train,7,2,8,"ac370000, ac370442, ac370443",9,0.99435159550639574,0.034632477240055137,439,439
fixed_train,7,2,9,"ac370442, ac370443",0,0.99435159550639574,0.0090893199332312546,439,437
fixed_train,7,2,9,"ac370442, ac370443",1,0.99435159550639574,0.013589832477536423,439,437
fixed_train,7,2,9,"ac370442, ac370443",2,0.99435159550639574,0.010208867393855958,439,435
fixed_train,7,2,9,"ac370442, ac370443",3,0.99435159550639574,0.012442271054734499,439,437
fixed_train,7,2,9,"ac370442, ac370443",4,0.99435159550639574,0.012506596225127398,439,437
fixed_train,7,2,9,"ac370442, ac370443",5,0.99435159550639574,0.014812977221046908,439,437
fixed_train,7,2,9,"ac370442, ac370443",6,0.99435159550639574,0.013624004372257636,439,436
fixed_train,7,2,9,"ac370442, ac370443",7,0.99435159550639574,0.0079925166494965172,439,434
fixed_train,7,2,9,"ac370442, ac370443",8,0.99435159550639574,0.017045346404810369,439,438
fixed_train,7,2,9,"ac370442, ac370443",9,0.99435159550639574,0.010266003506680055,439,435
faithful_train,7,2,0,"370407, ac370000",0,0.99435159550639574,0.037193302956149865,465,464
faithful_train,7,2,0,"370407, ac370000",1,0.99435159550639574,0.18247118803396534,465,462
faithful_train,7,2,0,"370407, ac370000",2,0.99435159550639574,0.24328398911448956,465,458
faithful_train,7,2,0,"370407, ac370000",3,0.99435159550639574,0.27422196128966081,465,456
faithful_train,7,2,0,"370407, ac370000",4,0.99435159550639574,0.26602687979333883,465,450
faithful_train,7,2,0,"370407, ac370000",5,0.99435159550639574,0.27408120660660584,465,445
faithful_train,7,2,0,"370407, ac370000",6,0.99435159550639574,0.2847426211197116,465,439
faithful_train,7,2,0,"370407, ac370000",7,0.99435159550639574,0.27257102710371384,465,432
faithful_train,7,2,0,"370407, ac370000",8,0.99435159550639574,0.27784639121507182,465,433
faithful_train,7,2,0,"370407, ac370000",9,0.99435159550639574,0.28012941441417782,465,431
faithful_train,7,2,1,"ac370000, ac370419",0,0.99435159550639574,0.27557880474260377,454,453
faithful_train,7,2,1,"ac370000, ac370419",1,0.99435159550639574,0.27181458705105732,454,446
faithful_train,7,2,1,"ac370000, ac370419",2,0.99435159550639574,0.2847426211197116,454,438
faithful_train,7,2,1,"ac370000, ac370419",3,0.99435159550639574,0.28012941441417782,454,442
faithful_train,7,2,1,"ac370000, ac370419",4,0.99435159550639574,0.28315351831796398,454,432
faithful_train,7,2,1,"ac370000, ac370419",5,0.99435159550639574,0.2847426211197116,454,436
faithful_train,7,2,1,"ac370000, ac370419",6,0.99435159550639574,0.27710531051039189,454,432
faithful_train,7,2,1,"ac370000, ac370419",7,0.99435159550639574,0.28402405525195651,454,438
faithful_train,7,2,1,"ac370000, ac370419",8,0.99435159550639574,0.28242808594509095,454,431
faithful_train,7,2,1,"ac370000, ac370419",9,0.99435159550639574,0.2809748714651612,454,433
faithful_train,7,2,2,"370407, ac370000, ac370419",0,0.99435159550639574,0.27939570183521001,444,443
faithful_train,7,2,2,"370407, ac370000, ac370419",1,0.99435159550639574,0.27257102710371384,444,425
faithful_train,7,2,2,"370407, ac370000, ac370419",2,0.99435159550639574,0.26732698784608167,444,418
faithful_train,7,2,2,"370407, ac370000, ac370419",3,0.99435159550639574,0.27636331772532896,444,422
faithful_train,7,2,2,"370407, ac370000, ac370419",4,0.99435159550639574,0.27483048913306451,444,416
faithful_train,7,2,2,"370407, ac370000, ac370419",5,0.99435159550639574,0.28170187739601193,444,422
faithful_train,7,2,2,"370407, ac370000, ac370419",6,0.99435159550639574,0.2733264470183826,444,425
faithful_train,7,2,2,"370407, ac370000, ac370419",7,0.99435159550639574,0.26809735666039203,444,420
faithful_train,7,2,2,"370407, ac370000, ac370419",8,0.99435159550639574,0.26956324946482402,444,417
faithful_train,7,2,2,"370407, ac370000, ac370419",9,0.99435159550639574,0.27483048913306451,444,417
faithful_train,7,2,3,"370407, ac370419",0,0.99435159550639574,0.27483048913306451,444,406
faithful_train,7,2,3,"370407, ac370419",1,0.99435159550639574,0.26956324946482402,444,424
faithful_train,7,2,3,"370407, ac370419",2,0.99435159550639574,0.27483048913306451,444,415
faithful_train,7,2,3,"370407, ac370419",3,0.99435159550639574,0.27483048913306451,444,422
faithful_train,7,2,3,"370407, ac370419",4,0.99435159550639574,0.27483048913306451,444,425
faithful_train,7,2,3,"370407, ac370419",5,0.99435159550639574,0.26956324946482402,444,419
faithful_train,7,2,3,"370407, ac370419",6,0.99435159550639574,0.27408120660660584,444,419
faithful_train,7,2,3,"370407, ac370419",7,0.99435159550639574,0.27408120660660584,444,419
faithful_train,7,2,3,"370407, ac370419",8,0.99435159550639574,0.27710531051039189,444,408
faithful_train,7,2,3,"370407, ac370419",9,0.99435159550639574,0.27185046235290244,444,414
faithful_train,7,2,4,"ac370000, ac370443",0,0.99435159550639574,0.28402405525195651,444,442
faithful_train,7,2,4,"ac370000, ac370443",1,0.99435159550639574,0.27408120660660584,444,435
faithful_train,7,2,4,"ac370000, ac370443",2,0.99435159550639574,0.27939570183521001,444,432
faithful_train,7,2,4,"ac370000, ac370443",3,0.99435159550639574,0.27710531051039189,444,428
faithful_train,7,2,4,"ac370000, ac370443",4,0.99435159550639574,0.2785865823814937,444,428
faithful_train,7,2,4,"ac370000, ac370443",5,0.99435159550639574,0.27710531051039189,444,418
faithful_train,7,2,4,"ac370000, ac370443",6,0.99435159550639574,0.27483048913306451,444,422
faithful_train,7,2,4,"ac370000, ac370443",7,0.99435159550639574,0.27710531051039189,444,416
faithful_train,7,2,4,"ac370000, ac370443",8,0.99435159550639574,0.27632617660453296,444,412
faithful_train,7,2,4,"ac370000, ac370443",9,0.99435159550639574,0.26289888600301503,444,418
faithful_train,7,2,5,"ac370000, ac370419, ac370443",0,0.99435159550639574,0.27557880474260377,442,441
faithful_train,7,2,5,"ac370000, ac370419, ac370443",1,0.99435159550639574,0.27710531051039189,442,426
faithful_train,7,2,5,"ac370000, ac370419, ac370443",2,0.99435159550639574,0.27181458705105732,442,428
faithful_train,7,2,5,"ac370000, ac370419, ac370443",3,0.99435159550639574,0.2658827447863108,442,419
faithful_train,7,2,5,"ac370000, ac370419, ac370443",4,0.99435159550639574,0.27557880474260377,442,421
faithful_train,7,2,5,"ac370000, ac370419, ac370443",5,0.99435159550639574,0.26956324946482402,442,417
faithful_train,7,2,5,"ac370000, ac370419, ac370443",6,0.99435159550639574,0.26732698784608167,442,416
faithful_train,7,2,5,"ac370000, ac370419, ac370443",7,0.99435159550639574,0.28330475195746074,442,419
faithful_train,7,2,5,"ac370000, ac370419, ac370443",8,0.99435159550639574,0.27181458705105732,442,406
faithful_train,7,2,5,"ac370000, ac370419, ac370443",9,0.99435159550639574,0.27636331772532896,442,409
faithful_train,7,2,6,"ac370419, ac370443",0,0.99435159550639574,0.27181458705105732,442,384
faithful_train,7,2,6,"ac370419, ac370443",1,0.99435159550639574,0.27557880474260377,442,412
faithful_train,7,2,6,"ac370419, ac370443",2,0.99435159550639574,0.27557880474260377,442,411
faithful_train,7,2,6,"ac370419, ac370443",3,0.99435159550639574,0.27032671743223213,442,419
faithful_train,7,2,6,"ac370419, ac370443",4,0.99435159550639574,0.27483048913306451,442,410
faithful_train,7,2,6,"ac370419, ac370443",5,0.99435159550639574,0.27181458705105732,442,416
faithful_train,7,2,6,"ac370419, ac370443",6,0.99435159550639574,0.27408120660660584,442,418
faithful_train,7,2,6,"ac370419, ac370443",7,0.99435159550639574,0.27257102710371384,442,412
faithful_train,7,2,6,"ac370419, ac370443",8,0.99435159550639574,0.27408120660660584,442,417
faithful_train,7,2,6,"ac370419, ac370443",9,0.99435159550639574,0.27557880474260377,442,418
faithful_train,7,2,7,"ac370000, ac370442",0,0.99435159550639574,0.2847426211197116,440,440
faithful_train,7,2,7,"ac370000, ac370442",1,0.99435159550639574,0.27939570183521001,440,435
faithful_train,7,2,7,"ac370000, ac370442",2,0.99435159550639574,0.27408120660660584,440,434
faithful_train,7,2,7,"ac370000, ac370442",3,0.99435159550639574,0.28170187739601193,440,416
faithful_train,7,2,7,"ac370000, ac370442",4,0.99435159550639574,0.2809748714651612,440,418
faithful_train,7,2,7,"ac370000, ac370442",5,0.99435159550639574,0.27939570183521001,440,419
faithful_train,7,2,7,"ac370000, ac370442",6,0.99435159550639574,0.26510559970788927,440,405
faithful_train,7,2,7,"ac370000, ac370442",7,0.99435159550639574,0.26809735666039203,440,410
faithful_train,7,2,7,"ac370000, ac370442",8,0.99435159550639574,0.27710531051039189,440,418
faithful_train,7,2,7,"ac370000, ac370442",9,0.99435159550639574,0.27939570183521001,440,419
faithful_train,7,2,8,"ac370000, ac370442, ac370443",0,0.99435159550639574,0.27939570183521001,439,436
faithful_train,7,2,8,"ac370000, ac370442, ac370443",1,0.99435159550639574,0.27483048913306451,439,427
faithful_train,7,2,8,"ac370000, ac370442, ac370443",2,0.99435159550639574,0.28012941441417782,439,416
faithful_train,7,2,8,"ac370000, ac370442, ac370443",3,0.99435159550639574,0.28086229329707879,439,413
faithful_train,7,2,8,"ac370000, ac370442, ac370443",4,0.99435159550639574,0.27710531051039189,439,411
faithful_train,7,2,8,"ac370000, ac370442, ac370443",5,0.99435159550639574,0.27257102710371384,439,407
faithful_train,7,2,8,"ac370000, ac370442, ac370443",6,0.99435159550639574,0.27257102710371384,439,406
faithful_train,7,2,8,"ac370000, ac370442, ac370443",7,0.99435159550639574,0.27032671743223213,439,410
faithful_train,7,2,8,"ac370000, ac370442, ac370443",8,0.99435159550639574,0.27939570183521001,439,415
faithful_train,7,2,8,"ac370000, ac370442, ac370443",9,0.99435159550639574,0.28402405525195651,439,411
faithful_train,7,2,9,"ac370442, ac370443",0,0.99435159550639574,0.28170187739601193,439,393
faithful_train,7,2,9,"ac370442, ac370443",1,0.99435159550639574,0.28330475195746074,439,414
faithful_train,7,2,9,"ac370442, ac370443",2,0.99435159550639574,0.27939570183521001,439,411
faithful_train,7,2,9,"ac370442, ac370443",3,0.99435159550639574,0.27866113367231227,439,415
faithful_train,7,2,9,"ac370442, ac370443",4,0.99435159550639574,0.27939570183521001,439,418
faithful_train,7,2,9,"ac370442, ac370443",5,0.99435159550639574,0.27939570183521001,439,407
faithful_train,7,2,9,"ac370442, ac370443",6,0.99435159550639574,0.28170187739601193,439,399
faithful_train,7,2,9,"ac370442, ac370443",7,0.99435159550639574,0.27866113367231227,439,390
faithful_train,7,2,9,"ac370442, ac370443",8,0.99435159550639574,0.2809748714651612,439,407
faithful_train,7,2,9,"ac370442, ac370443",9,0.99435159550639574,0.2809748714651612,439,413
fixed_test,7,3,0,"370407, ac370000",0,0.93067594466923032,0.00057286617224450165,117,117
fixed_test,7,3,0,"370407, ac370000",1,0.93067594466923032,0.00057286617224450165,117,117
fixed_test,7,3,0,"370407, ac370000",2,0.93067594466923032,-0.0048772799013353518,117,117
fixed_test,7,3,0,"370407, ac370000",3,0.93067594466923032,0.019981958706427161,117,116
fixed_test,7,3,0,"370407, ac370000",4,0.93067594466923032,0.014911548053769819,117,116
fixed_test,7,3,0,"370407, ac370000",5,0.93067594466923032,0.0049226051227873047,117,117
fixed_test,7,3,0,"370407, ac370000",6,0.93067594466923032,0.0055520365665988614,117,115
fixed_test,7,3,0,"370407, ac370000",7,0.93067594466923032,0.019981958706427161,117,115
fixed_test,7,3,0,"370407, ac370000",8,0.93067594466923032,0.0055520365665988614,117,116
fixed_test,7,3,0,"370407, ac370000",9,0.93067594466923032,0.0049226051227873047,117,117
fixed_test,7,3,1,"ac370000, ac370419",0,0.93067594466923032,0.015662858460491869,114,113
fixed_test,7,3,1,"ac370000, ac370419",1,0.93067594466923032,0.025105848881743276,114,113
fixed_test,7,3,1,"ac370000, ac370419",2,0.93067594466923032,0.00057286617224450165,114,113
fixed_test,7,3,1,"ac370000, ac370419",3,0.93067594466923032,0.0055520365665988614,114,113
fixed_test,7,3,1,"ac370000, ac370419",4,0.93067594466923032,-0.0043582274339072358,114,114
fixed_test,7,3,1,"ac370000, ac370419",5,0.93067594466923032,0.010581325649880013,114,112
fixed_test,7,3,1,"ac370000, ac370419",6,0.93067594466923032,0.00057286617224450165,114,113
fixed_test,7,3,1,"ac370000, ac370419",7,0.93067594466923032,0.0055520365665988614,114,114
fixed_test,7,3,1,"ac370000, ac370419",8,0.93067594466923032,0.015662858460491869,114,113
fixed_test,7,3,1,"ac370000, ac370419",9,0.93067594466923032,0.011312226438656481,114,114
fixed_test,7,3,2,"370407, ac370000, ac370419",0,0.93067594466923032,0,112,112
fixed_test,7,3,2,"370407, ac370000, ac370419",1,0.93067594466923032,0.0043294023028696005,112,112
fixed_test,7,3,2,"370407, ac370000, ac370419",2,0.93067594466923032,0.015662858460491869,112,111
fixed_test,7,3,2,"370407, ac370000, ac370419",3,0.93067594466923032,0.0062198680392405725,112,111
fixed_test,7,3,2,"370407, ac370000, ac370419",4,0.93067594466923032,0.011312226438656481,112,112
fixed_test,7,3,2,"370407, ac370000, ac370419",5,0.93067594466923032,0.014911548053769819,112,112
fixed_test,7,3,2,"370407, ac370000, ac370419",6,0.93067594466923032,0.0062198680392405725,112,112
fixed_test,7,3,2,"370407, ac370000, ac370419",7,0.93067594466923032,0.016460033843149979,112,111
fixed_test,7,3,2,"370407, ac370000, ac370419",8,0.93067594466923032,0.0055520365665988614,112,112
fixed_test,7,3,2,"370407, ac370000, ac370419",9,0.93067594466923032,0.0055520365665988614,112,112
fixed_test,7,3,3,"370407, ac370419",0,0.93067594466923032,0,112,112
fixed_test,7,3,3,"370407, ac370419",1,0.93067594466923032,0.0055520365665988614,112,112
fixed_test,7,3,3,"370407, ac370419",2,0.93067594466923032,-0.0043582274339072358,112,112
fixed_test,7,3,3,"370407, ac370419",3,0.93067594466923032,-0.0043582274339072358,112,112
fixed_test,7,3,3,"370407, ac370419",4,0.93067594466923032,0.0049226051227873047,112,112
fixed_test,7,3,3,"370407, ac370419",5,0.93067594466923032,-0.0043582274339072358,112,112
fixed_test,7,3,3,"370407, ac370419",6,0.93067594466923032,-0.0048772799013353518,112,112
fixed_test,7,3,3,"370407, ac370419",7,0.93067594466923032,-0.0048772799013353518,112,112
fixed_test,7,3,3,"370407, ac370419",8,0.93067594466923032,0.0043294023028696005,112,112
fixed_test,7,3,3,"370407, ac370419",9,0.93067594466923032,-0.0043582274339072358,112,111
fixed_test,7,3,4,"ac370000, ac370443",0,0.93067594466923032,0.00057286617224450165,113,112
fixed_test,7,3,4,"ac370000, ac370443",1,0.93067594466923032,0.015662858460491869,113,113
fixed_test,7,3,4,"ac370000, ac370443",2,0.93067594466923032,-0.0043582274339072358,113,113
fixed_test,7,3,4,"ac370000, ac370443",3,0.93067594466923032,0.010581325649880013,113,112
fixed_test,7,3,4,"ac370000, ac370443",4,0.93067594466923032,0.0062198680392405725,113,112
fixed_test,7,3,4,"ac370000, ac370443",5,0.93067594466923032,-0.0038074749205722069,113,112
fixed_test,7,3,4,"ac370000, ac370443",6,0.93067594466923032,0.014203437679481956,113,112
fixed_test,7,3,4,"ac370000, ac370443",7,0.93067594466923032,0.001180692593332977,113,113
fixed_test,7,3,4,"ac370000, ac370443",8,0.93067594466923032,0.0062198680392405725,113,113
fixed_test,7,3,4,"ac370000, ac370443",9,0.93067594466923032,0.0049226051227873047,113,113
fixed_test,7,3,5,"ac370000, ac370419, ac370443",0,0.93067594466923032,0.015662858460491869,113,113
fixed_test,7,3,5,"ac370000, ac370419, ac370443",1,0.93067594466923032,0.00057286617224450165,113,113
fixed_test,7,3,5,"ac370000, ac370419, ac370443",2,0.93067594466923032,0.016460033843149979,113,113
fixed_test,7,3,5,"ac370000, ac370419, ac370443",3,0.93067594466923032,0.0049226051227873047,113,113
fixed_test,7,3,5,"ac370000, ac370419, ac370443",4,0.93067594466923032,0.014911548053769819,113,113
fixed_test,7,3,5,"ac370000, ac370419, ac370443",5,0.93067594466923032,0.014911548053769819,113,113
fixed_test,7,3,5,"ac370000, ac370419, ac370443",6,0.93067594466923032,0.0062198680392405725,113,113
fixed_test,7,3,5,"ac370000, ac370419, ac370443",7,0.93067594466923032,0.010581325649880013,113,113
fixed_test,7,3,5,"ac370000, ac370419, ac370443",8,0.93067594466923032,0.001180692593332977,113,113
fixed_test,7,3,5,"ac370000, ac370419, ac370443",9,0.93067594466923032,0.0049226051227873047,113,113
fixed_test,7,3,6,"ac370419, ac370443",0,0.93067594466923032,-0.00053985611178786197,113,113
fixed_test,7,3,6,"ac370419, ac370443",1,0.93067594466923032,-0.0092432073774358914,113,112
fixed_test,7,3,6,"ac370419, ac370443",2,0.93067594466923032,0,113,112
fixed_test,7,3,6,"ac370419, ac370443",3,0.93067594466923032,-0.0043582274339072358,113,112
fixed_test,7,3,6,"ac370419, ac370443",4,0.93067594466923032,-0.0043582274339072358,113,112
fixed_test,7,3,6,"ac370419, ac370443",5,0.93067594466923032,0,113,112
fixed_test,7,3,6,"ac370419, ac370443",6,0.93067594466923032,-0.0048772799013353518,113,112
fixed_test,7,3,6,"ac370419, ac370443",7,0.93067594466923032,0,113,113
fixed_test,7,3,6,"ac370419, ac370443",8,0.93067594466923032,0,113,113
fixed_test,7,3,6,"ac370419, ac370443",9,0.93067594466923032,-0.0043582274339072358,113,113
fixed_test,7,3,7,"ac370000, ac370442",0,0.93067594466923032,0.0049226051227873047,112,110
fixed_test,7,3,7,"ac370000, ac370442",1,0.93067594466923032,0.014203437679481956,112,112
fixed_test,7,3,7,"ac370000, ac370442",2,0.93067594466923032,0.010581325649880013,112,112
fixed_test,7,3,7,"ac370000, ac370442",3,0.93067594466923032,0.032765102792871148,112,112
fixed_test,7,3,7,"ac370000, ac370442",4,0.93067594466923032,0.015662858460491869,112,111
fixed_test,7,3,7,"ac370000, ac370442",5,0.93067594466923032,0.010581325649880013,112,111
fixed_test,7,3,7,"ac370000, ac370442",6,0.93067594466923032,0.010581325649880013,112,111
fixed_test,7,3,7,"ac370000, ac370442",7,0.93067594466923032,0.011312226438656481,112,112
fixed_test,7,3,7,"ac370000, ac370442",8,0.93067594466923032,0.010581325649880013,112,111
fixed_test,7,3,7,"ac370000, ac370442",9,0.93067594466923032,0.00057286617224450165,112,112
fixed_test,7,3,8,"ac370000, ac370442, ac370443",0,0.93067594466923032,0.015662858460491869,112,112
fixed_test,7,3,8,"ac370000, ac370442, ac370443",1,0.93067594466923032,0.011312226438656481,112,112
fixed_test,7,3,8,"ac370000, ac370442, ac370443",2,0.93067594466923032,0.015662858460491869,112,112
fixed_test,7,3,8,"ac370000, ac370442, ac370443",3,0.93067594466923032,0.0055520365665988614,112,112
fixed_test,7,3,8,"ac370000, ac370442, ac370443",4,0.93067594466923032,0.010581325649880013,112,112
fixed_test,7,3,8,"ac370000, ac370442, ac370443",5,0.93067594466923032,0.0062198680392405725,112,112
fixed_test,7,3,8,"ac370000, ac370442, ac370443",6,0.93067594466923032,0.010581325649880013,112,111
fixed_test,7,3,8,"ac370000, ac370442, ac370443",7,0.93067594466923032,0.014911548053769819,112,112
fixed_test,7,3,8,"ac370000, ac370442, ac370443",8,0.93067594466923032,0.025991599306918745,112,112
fixed_test,7,3,8,"ac370000, ac370442, ac370443",9,0.93067594466923032,0.025105848881743276,112,112
fixed_test,7,3,9,"ac370442, ac370443",0,0.93067594466923032,-0.0048772799013353518,112,111
fixed_test,7,3,9,"ac370442, ac370443",1,0.93067594466923032,0,112,112
fixed_test,7,3,9,"ac370442, ac370443",2,0.93067594466923032,0.0043294023028696005,112,112
fixed_test,7,3,9,"ac370442, ac370443",3,0.93067594466923032,-0.0043582274339072358,112,109
fixed_test,7,3,9,"ac370442, ac370443",4,0.93067594466923032,-0.0048772799013353518,112,112
fixed_test,7,3,9,"ac370442, ac370443",5,0.93067594466923032,-0.0092432073774358914,112,112
fixed_test,7,3,9,"ac370442, ac370443",6,0.93067594466923032,0,112,111
fixed_test,7,3,9,"ac370442, ac370443",7,0.93067594466923032,0,112,112
fixed_test,7,3,9,"ac370442, ac370443",8,0.93067594466923032,0.0043294023028696005,112,111
fixed_test,7,3,9,"ac370442, ac370443",9,0.93067594466923032,0,112,111
fixed_train,7,3,0,"370407, ac370000",0,0.99321599666937299,0.034772386451541792,469,466
fixed_train,7,3,0,"370407, ac370000",1,0.99321599666937299,0.039483807615529831,469,467
fixed_train,7,3,0,"370407, ac370000",2,0.99321599666937299,0.030080883478050269,469,465
fixed_train,7,3,0,"370407, ac370000",3,0.99321599666937299,0.032543635973606322,469,468
fixed_train,7,3,0,"370407, ac370000",4,0.99321599666937299,0.037261095601531902,469,465
fixed_train,7,3,0,"370407, ac370000",5,0.99321599666937299,0.036146653959258979,469,468
fixed_train,7,3,0,"370407, ac370000",6,0.99321599666937299,0.031270990601812376,469,466
fixed_train,7,3,0,"370407, ac370000",7,0.99321599666937299,0.037170417068221995,469,468
fixed_train,7,3,0,"370407, ac370000",8,0.99321599666937299,0.036057704119127121,469,467
fixed_train,7,3,0,"370407, ac370000",9,0.99321599666937299,0.032624769398146736,469,463
fixed_train,7,3,1,"ac370000, ac370419",0,0.99321599666937299,0.031348003320013307,456,452
fixed_train,7,3,1,"ac370000, ac370419",1,0.99321599666937299,0.028964627333179505,456,455
fixed_train,7,3,1,"ac370000, ac370419",2,0.99321599666937299,0.0336590340261127,456,451
fixed_train,7,3,1,"ac370000, ac370419",3,0.99321599666937299,0.030007850802215019,456,452
fixed_train,7,3,1,"ac370000, ac370419",4,0.99321599666937299,0.032624769398146736,456,453
fixed_train,7,3,1,"ac370000, ac370419",5,0.99321599666937299,0.031348003320013307,456,455
fixed_train,7,3,1,"ac370000, ac370419",6,0.99321599666937299,0.032463698130310137,456,455
fixed_train,7,3,1,"ac370000, ac370419",7,0.99321599666937299,0.037261095601531902,456,452
fixed_train,7,3,1,"ac370000, ac370419",8,0.99321599666937299,0.030080883478050269,456,454
fixed_train,7,3,1,"ac370000, ac370419",9,0.99321599666937299,0.036236933315590081,456,453
fixed_train,7,3,2,"370407, ac370000, ac370419",0,0.99321599666937299,0.032543635973606322,446,446
fixed_train,7,3,2,"370407, ac370000, ac370419",1,0.99321599666937299,0.031348003320013307,446,446
fixed_train,7,3,2,"370407, ac370000, ac370419",2,0.99321599666937299,0.032624769398146736,446,446
fixed_train,7,3,2,"370407, ac370000, ac370419",3,0.99321599666937299,0.033577353870445026,446,446
fixed_train,7,3,2,"370407, ac370000, ac370419",4,0.99321599666937299,0.036057704119127121,446,446
fixed_train,7,3,2,"370407, ac370000, ac370419",5,0.99321599666937299,0.047636543970411949,446,446
fixed_train,7,3,2,"370407, ac370000, ac370419",6,0.99321599666937299,0.038281095438311707,446,446
fixed_train,7,3,2,"370407, ac370000, ac370419",7,0.99321599666937299,0.031348003320013307,446,446
fixed_train,7,3,2,"370407, ac370000, ac370419",8,0.99321599666937299,0.034942932499839374,446,446
fixed_train,7,3,2,"370407, ac370000, ac370419",9,0.99321599666937299,0.038190080407710325,446,446
fixed_train,7,3,3,"370407, ac370419",0,0.99321599666937299,0.017109439259011539,446,446
fixed_train,7,3,3,"370407, ac370419",1,0.99321599666937299,0.016034970821527827,446,446
fixed_train,7,3,3,"370407, ac370419",2,0.99321599666937299,0.012523094448403715,446,445
fixed_train,7,3,3,"370407, ac370419",3,0.99321599666937299,0.014873822436076156,446,445
fixed_train,7,3,3,"370407, ac370419",4,0.99321599666937299,0.015992603512240411,446,446
fixed_train,7,3,3,"370407, ac370419",5,0.99321599666937299,0.012558307337175667,446,443
fixed_train,7,3,3,"370407, ac370419",6,0.99321599666937299,0.015909747567787624,446,445
fixed_train,7,3,3,"370407, ac370419",7,0.99321599666937299,0.016034970821527827,446,446
fixed_train,7,3,3,"370407, ac370419",8,0.99321599666937299,0.018270264196527108,446,444
fixed_train,7,3,3,"370407, ac370419",9,0.99321599666937299,0.013714942827953824,446,444
fixed_train,7,3,4,"ac370000, ac370443",0,0.99321599666937299,0.027640902739787698,444,443
fixed_train,7,3,4,"ac370000, ac370443",1,0.99321599666937299,0.031348003320013307,444,440
fixed_train,7,3,4,"ac370000, ac370443",2,0.99321599666937299,0.029036972613913914,444,443
fixed_train,7,3,4,"ac370000, ac370443",3,0.99321599666937299,0.031348003320013307,444,442
fixed_train,7,3,4,"ac370000, ac370443",4,0.99321599666937299,0.027708359918912517,444,443
fixed_train,7,3,4,"ac370000, ac370443",5,0.99321599666937299,0.028893349062042661,444,441
fixed_train,7,3,4,"ac370000, ac370443",6,0.99321599666937299,0.030155009809078592,444,441
fixed_train,7,3,4,"ac370000, ac370443",7,0.99321599666937299,0.033741936148870222,444,443
fixed_train,7,3,4,"ac370000, ac370443",8,0.99321599666937299,0.024228654927414772,444,441
fixed_train,7,3,4,"ac370000, ac370443",9,0.99321599666937299,0.030155009809078592,444,442
fixed_train,7,3,5,"ac370000, ac370419, ac370443",0,0.99321599666937299,0.037353129742331181,442,441
fixed_train,7,3,5,"ac370000, ac370419, ac370443",1,0.99321599666937299,0.025408869035609793,442,442
fixed_train,7,3,5,"ac370000, ac370419, ac370443",2,0.99321599666937299,0.024289819721053041,442,442
fixed_train,7,3,5,"ac370000, ac370419, ac370443",3,0.99321599666937299,0.032463698130310137,442,442
fixed_train,7,3,5,"ac370000, ac370419, ac370443",4,0.99321599666937299,0.031348003320013307,442,442
fixed_train,7,3,5,"ac370000, ac370419, ac370443",5,0.99321599666937299,0.030080883478050269,442,441
fixed_train,7,3,5,"ac370000, ac370419, ac370443",6,0.99321599666937299,0.028964627333179505,442,442
fixed_train,7,3,5,"ac370000, ac370419, ac370443",7,0.99321599666937299,0.040787806098706025,442,442
fixed_train,7,3,5,"ac370000, ac370419, ac370443",8,0.99321599666937299,0.032384938903592508,442,441
fixed_train,7,3,5,"ac370000, ac370419, ac370443",9,0.99321599666937299,0.0338260778895354,442,442
fixed_train,7,3,6,"ac370419, ac370443",0,0.99321599666937299,0.011437282143666905,442,439
fixed_train,7,3,6,"ac370419, ac370443",1,0.99321599666937299,0.0091304046696573105,442,442
fixed_train,7,3,6,"ac370419, ac370443",2,0.99321599666937299,0.013753073406312377,442,440
fixed_train,7,3,6,"ac370419, ac370443",3,0.99321599666937299,0.014914373232089106,442,438
fixed_train,7,3,6,"ac370419, ac370443",4,0.99321599666937299,0.0080071754153397956,442,439
fixed_train,7,3,6,"ac370419, ac370443",5,0.99321599666937299,0.0091016222982632788,442,440
fixed_train,7,3,6,"ac370419, ac370443",6,0.99321599666937299,0.0091304046696573105,442,441
fixed_train,7,3,6,"ac370419, ac370443",7,0.99321599666937299,0.01259405130273894,442,440
fixed_train,7,3,6,"ac370419, ac370443",8,0.99321599666937299,0.010251671180282362,442,439
fixed_train,7,3,6,"ac370419, ac370443",9,0.99321599666937299,0.011403891526840737,442,440
fixed_train,7,3,7,"ac370000, ac370442",0,0.99321599666937299,0.026591584391547851,439,436
fixed_train,7,3,7,"ac370000, ac370442",1,0.99321599666937299,0.020809887269004568,439,435
fixed_train,7,3,7,"ac370000, ac370442",2,0.99321599666937299,0.027846321487847048,439,437
fixed_train,7,3,7,"ac370000, ac370442",3,0.99321599666937299,0.028964627333179505,439,436
fixed_train,7,3,7,"ac370000, ac370442",4,0.99321599666937299,0.032624769398146736,439,435
fixed_train,7,3,7,"ac370000, ac370442",5,0.99321599666937299,0.022936569520408345,439,436
fixed_train,7,3,7,"ac370000, ac370442",6,0.99321599666937299,0.024351900795914205,439,434
fixed_train,7,3,7,"ac370000, ac370442",7,0.99321599666937299,0.023050915263732374,439,435
fixed_train,7,3,7,"ac370000, ac370442",8,0.99321599666937299,0.033741936148870222,439,435
fixed_train,7,3,7,"ac370000, ac370442",9,0.99321599666937299,0.029110400208356202,439,436
fixed_train,7,3,8,"ac370000, ac370442, ac370443",0,0.99321599666937299,0.025472772626965456,437,437
fixed_train,7,3,8,"ac370000, ac370442, ac370443",1,0.99321599666937299,0.029036972613913914,437,437
fixed_train,7,3,8,"ac370000, ac370442, ac370443",2,0.99321599666937299,0.027916854878990538,437,437
fixed_train,7,3,8,"ac370000, ac370442, ac370443",3,0.99321599666937299,0.027776828052507807,437,434
fixed_train,7,3,8,"ac370000, ac370442, ac370443",4,0.99321599666937299,0.026397395687156266,437,437
fixed_train,7,3,8,"ac370000, ac370442, ac370443",5,0.99321599666937299,0.036057704119127121,437,437
fixed_train,7,3,8,"ac370000, ac370442, ac370443",6,0.99321599666937299,0.031195113732537583,437,437
fixed_train,7,3,8,"ac370000, ac370442, ac370443",7,0.99321599666937299,0.027776828052507807,437,437
fixed_train,7,3,8,"ac370000, ac370442, ac370443",8,0.99321599666937299,0.027776828052507807,437,436
fixed_train,7,3,8,"ac370000, ac370442, ac370443",9,0.99321599666937299,0.030007850802215019,437,437
fixed_train,7,3,9,"ac370442, ac370443",0,0.99321599666937299,0.0034190366571821285,437,437
fixed_train,7,3,9,"ac370442, ac370443",1,0.99321599666937299,0.010221063315721812,437,434
fixed_train,7,3,9,"ac370442, ac370443",2,0.99321599666937299,0.0091596214593800962,437,436
fixed_train,7,3,9,"ac370442, ac370443",3,0.99321599666937299,0.0068569178124737729,437,436
fixed_train,7,3,9,"ac370442, ac370443",4,0.99321599666937299,0.0068569178124737729,437,433
fixed_train,7,3,9,"ac370442, ac370443",5,0.99321599666937299,0.0079802479121611203,437,437
fixed_train,7,3,9,"ac370442, ac370443",6,0.99321599666937299,0.0057088246440399892,437,437
fixed_train,7,3,9,"ac370442, ac370443",7,0.99321599666937299,0.0079802479121611203,437,434
fixed_train,7,3,9,"ac370442, ac370443",8,0.99321599666937299,0.0080071754153397956,437,435
fixed_train,7,3,9,"ac370442, ac370443",9,0.99321599666937299,0.0079802479121611203,437,437
faithful_train,7,3,0,"370407, ac370000",0,0.99321599666937299,0.032624769398146736,469,465
faithful_train,7,3,0,"370407, ac370000",1,0.99321599666937299,0.12547588698022616,469,461
faithful_train,7,3,0,"370407, ac370000",2,0.99321599666937299,0.18499244841424423,469,459
faithful_train,7,3,0,"370407, ac370000",3,0.99321599666937299,0.22221882535447002,469,461
faithful_train,7,3,0,"370407, ac370000",4,0.99321599666937299,0.23549454793250146,469,453
faithful_train,7,3,0,"370407, ac370000",5,0.99321599666937299,0.24230948740478953,469,449
faithful_train,7,3,0,"370407, ac370000",6,0.99321599666937299,0.25083207842658628,469,444
faithful_train,7,3,0,"370407, ac370000",7,0.99321599666937299,0.24179276239978142,469,443
faithful_train,7,3,0,"370407, ac370000",8,0.99321599666937299,0.26489128095631609,469,448
faithful_train,7,3,0,"370407, ac370000",9,0.99321599666937299,0.26136404346695163,469,441
faithful_train,7,3,1,"ac370000, ac370419",0,0.99321599666937299,0.25338478464887138,456,456
faithful_train,7,3,1,"ac370000, ac370419",1,0.99321599666937299,0.26036138572880785,456,453
faithful_train,7,3,1,"ac370000, ac370419",2,0.99321599666937299,0.25683400541561263,456,442
faithful_train,7,3,1,"ac370000, ac370419",3,0.99321599666937299,0.26474714594928805,456,440
faithful_train,7,3,1,"ac370000, ac370419",4,0.99321599666937299,0.25818985400718331,456,440
faithful_train,7,3,1,"ac370000, ac370419",5,0.99321599666937299,0.26036138572880785,456,438
faithful_train,7,3,1,"ac370000, ac370419",6,0.99321599666937299,0.25388855280392286,456,430
faithful_train,7,3,1,"ac370000, ac370419",7,0.99321599666937299,0.26696175782336928,456,432
faithful_train,7,3,1,"ac370000, ac370419",8,0.99321599666937299,0.24964172448126509,456,429
faithful_train,7,3,1,"ac370000, ac370419",9,0.99321599666937299,0.26552312049397742,456,428
faithful_train,7,3,2,"370407, ac370000, ac370419",0,0.99321599666937299,0.24130588982188184,446,446
faithful_train,7,3,2,"370407, ac370000, ac370419",1,0.99321599666937299,0.24627931935067793,446,431
faithful_train,7,3,2,"370407, ac370000, ac370419",2,0.99321599666937299,0.24461505022259611,446,429
faithful_train,7,3,2,"370407, ac370000, ac370419",3,0.99321599666937299,0.24671114473484346,446,426
faithful_train,7,3,2,"370407, ac370000, ac370419",4,0.99321599666937299,0.25094310019223309,446,428
faithful_train,7,3,2,"370407, ac370000, ac370419",5,0.99321599666937299,0.25338478464887138,446,423
faithful_train,7,3,2,"370407, ac370000, ac370419",6,0.99321599666937299,0.24544795844505218,446,419
faithful_train,7,3,2,"370407, ac370000, ac370419",7,0.99321599666937299,0.24461505022259611,446,412
faithful_train,7,3,2,"370407, ac370000, ac370419",8,0.99321599666937299,0.25127991131847838,446,410
faithful_train,7,3,2,"370407, ac370000, ac370419",9,0.99321599666937299,0.25739310362814749,446,417
faithful_train,7,3,3,"370407, ac370419",0,0.99321599666937299,0.24671114473484346,446,401
faithful_train,7,3,3,"370407, ac370419",1,0.99321599666937299,0.25603230429478541,446,422
faithful_train,7,3,3,"370407, ac370419",2,0.99321599666937299,0.25603230429478541,446,417
faithful_train,7,3,3,"370407, ac370419",3,0.99321599666937299,0.25388855280392286,446,420
faithful_train,7,3,3,"370407, ac370419",4,0.99321599666937299,0.25175841878858474,446,412
faithful_train,7,3,3,"370407, ac370419",5,0.99321599666937299,0.24882043671904819,446,418
faithful_train,7,3,3,"370407, ac370419",6,0.99321599666937299,0.25469640085812117,446,422
faithful_train,7,3,3,"370407, ac370419",7,0.99321599666937299,0.24882043671904819,446,415
faithful_train,7,3,3,"370407, ac370419",8,0.99321599666937299,0.25603230429478541,446,414
faithful_train,7,3,3,"370407, ac370419",9,0.99321599666937299,0.25388855280392286,446,416
faithful_train,7,3,4,"ac370000, ac370443",0,0.99321599666937299,0.25469640085812117,444,443
faithful_train,7,3,4,"ac370000, ac370443",1,0.99321599666937299,0.25175841878858474,444,440
faithful_train,7,3,4,"ac370000, ac370443",2,0.99321599666937299,0.25338478464887138,444,434
faithful_train,7,3,4,"ac370000, ac370443",3,0.99321599666937299,0.26136404346695163,444,430
faithful_train,7,3,4,"ac370000, ac370443",4,0.99321599666937299,0.25522925224921911,444,422
faithful_train,7,3,4,"ac370000, ac370443",5,0.99321599666937299,0.25388855280392286,444,415
faithful_train,7,3,4,"ac370000, ac370443",6,0.99321599666937299,0.25739310362814749,444,420
faithful_train,7,3,4,"ac370000, ac370443",7,0.99321599666937299,0.2475382950313546,444,420
faithful_train,7,3,4,"ac370000, ac370443",8,0.99321599666937299,0.25739310362814749,444,417
faithful_train,7,3,4,"ac370000, ac370443",9,0.99321599666937299,0.25603230429478541,444,418
faithful_train,7,3,5,"ac370000, ac370419, ac370443",0,0.99321599666937299,0.23840425364465956,442,441
faithful_train,7,3,5,"ac370000, ac370419, ac370443",1,0.99321599666937299,0.25818985400718331,442,429
faithful_train,7,3,5,"ac370000, ac370419, ac370443",2,0.99321599666937299,0.24627931935067793,442,424
faithful_train,7,3,5,"ac370000, ac370419, ac370443",3,0.99321599666937299,0.24964172448126509,442,423
faithful_train,7,3,5,"ac370000, ac370419, ac370443",4,0.99321599666937299,0.25094310019223309,442,421
faithful_train,7,3,5,"ac370000, ac370419, ac370443",5,0.99321599666937299,0.24461505022259611,442,418
faithful_train,7,3,5,"ac370000, ac370419, ac370443",6,0.99321599666937299,0.24461505022259611,442,416
faithful_train,7,3,5,"ac370000, ac370419, ac370443",7,0.99321599666937299,0.24544795844505218,442,414
faithful_train,7,3,5,"ac370000, ac370419, ac370443",8,0.99321599666937299,0.24420752599910422,442,417
faithful_train,7,3,5,"ac370000, ac370419, ac370443",9,0.99321599666937299,0.2475382950313546,442,420
faithful_train,7,3,6,"ac370419, ac370443",0,0.99321599666937299,0.25388855280392286,442,404
faithful_train,7,3,6,"ac370419, ac370443",1,0.99321599666937299,0.24544795844505218,442,403
faithful_train,7,3,6,"ac370419, ac370443",2,0.99321599666937299,0.24918809317460089,442,405
faithful_train,7,3,6,"ac370419, ac370443",3,0.99321599666937299,0.24337054552675486,442,406
faithful_train,7,3,6,"ac370419, ac370443",4,0.99321599666937299,0.25603230429478541,442,408
faithful_train,7,3,6,"ac370419, ac370443",5,0.99321599666937299,0.24836393488176545,442,415
faithful_train,7,3,6,"ac370419, ac370443",6,0.99321599666937299,0.25127991131847838,442,416
faithful_train,7,3,6,"ac370419, ac370443",7,0.99321599666937299,0.25175841878858474,442,422
faithful_train,7,3,6,"ac370419, ac370443",8,0.99321599666937299,0.25388855280392286,442,416
faithful_train,7,3,6,"ac370419, ac370443",9,0.99321599666937299,0.2475382950313546,442,408
faithful_train,7,3,7,"ac370000, ac370442",0,0.99321599666937299,0.26036138572880785,439,438
faithful_train,7,3,7,"ac370000, ac370442",1,0.99321599666937299,0.25522925224921911,439,434
faithful_train,7,3,7,"ac370000, ac370442",2,0.99321599666937299,0.25957105221365828,439,429
faithful_train,7,3,7,"ac370000, ac370442",3,0.99321599666937299,0.26332966782946832,439,415
faithful_train,7,3,7,"ac370000, ac370442",4,0.99321599666937299,0.26397000087086653,439,419
faithful_train,7,3,7,"ac370000, ac370442",5,0.99321599666937299,0.25898529651529578,439,410
faithful_train,7,3,7,"ac370000, ac370442",6,0.99321599666937299,0.26036138572880785,439,415
faithful_train,7,3,7,"ac370000, ac370442",7,0.99321599666937299,0.26254708635381785,439,411
faithful_train,7,3,7,"ac370000, ac370442",8,0.99321599666937299,0.25818985400718331,439,409
faithful_train,7,3,7,"ac370000, ac370442",9,0.99321599666937299,0.25957105221365828,439,410
faithful_train,7,3,8,"ac370000, ac370442, ac370443",0,0.99321599666937299,0.26036138572880785,437,433
faithful_train,7,3,8,"ac370000, ac370442, ac370443",1,0.99321599666937299,0.25818985400718331,437,426
faithful_train,7,3,8,"ac370000, ac370442, ac370443",2,0.99321599666937299,0.25388855280392286,437,417
faithful_train,7,3,8,"ac370000, ac370442, ac370443",3,0.99321599666937299,0.24964172448126509,437,421
faithful_train,7,3,8,"ac370000, ac370442, ac370443",4,0.99321599666937299,0.25094310019223309,437,417
faithful_train,7,3,8,"ac370000, ac370442, ac370443",5,0.99321599666937299,0.25522925224921911,437,408
faithful_train,7,3,8,"ac370000, ac370442, ac370443",6,0.99321599666937299,0.25957105221365828,437,405
faithful_train,7,3,8,"ac370000, ac370442, ac370443",7,0.99321599666937299,0.24964172448126509,437,411
faithful_train,7,3,8,"ac370000, ac370442, ac370443",8,0.99321599666937299,0.24882043671904819,437,413
faithful_train,7,3,8,"ac370000, ac370442, ac370443",9,0.99321599666937299,0.25307931207427514,437,414
faithful_train,7,3,9,"ac370442, ac370443",0,0.99321599666937299,0.24544795844505218,437,398
faithful_train,7,3,9,"ac370442, ac370443",1,0.99321599666937299,0.25175841878858474,437,412
faithful_train,7,3,9,"ac370442, ac370443",2,0.99321599666937299,0.24882043671904819,437,414
faithful_train,7,3,9,"ac370442, ac370443",3,0.99321599666937299,0.25046153984011299,437,407
faithful_train,7,3,9,"ac370442, ac370443",4,0.99321599666937299,0.25257230422768673,437,413
faithful_train,7,3,9,"ac370442, ac370443",5,0.99321599666937299,0.2475382950313546,437,409
faithful_train,7,3,9,"ac370442, ac370443",6,0.99321599666937299,0.24964172448126509,437,398
faithful_train,7,3,9,"ac370442, ac370443",7,0.99321599666937299,0.24882043671904819,437,411
faithful_train,7,3,9,"ac370442, ac370443",8,0.99321599666937299,0.2475382950313546,437,406
faithful_train,7,3,9,"ac370442, ac370443",9,0.99321599666937299,0.25046153984011299,437,405
fixed_test,7,4,0,"370407, ac370000",0,0.93220350721133682,-0.012556399563433684,119,118
fixed_test,7,4,0,"370407, ac370000",1,0.93220350721133682,-0.012975625409656244,119,117
fixed_test,7,4,0,"370407, ac370000",2,0.93220350721133682,-0.0081835201322122408,119,119
fixed_test,7,4,0,"370407, ac370000",3,0.93220350721133682,0.0047714311724496028,119,118
fixed_test,7,4,0,"370407, ac370000",4,0.93220350721133682,-0.021392330005190141,119,119
fixed_test,7,4,0,"370407, ac370000",5,0.93220350721133682,-0.012556399563433684,119,118
fixed_test,7,4,0,"370407, ac370000",6,0.93220350721133682,-0.0081835201322122408,119,118
fixed_test,7,4,0,"370407, ac370000",7,0.93220350721133682,-0.012556399563433684,119,119
fixed_test,7,4,0,"370407, ac370000",8,0.93220350721133682,-0.0042995593226895501,119,117
fixed_test,7,4,0,"370407, ac370000",9,0.93220350721133682,0.0047714311724496028,119,117
fixed_test,7,4,1,"ac370000, ac370419",0,0.93220350721133682,-0.0038388141798217923,117,117
fixed_test,7,4,1,"ac370000, ac370419",1,0.93220350721133682,-0.012975625409656244,117,116
fixed_test,7,4,1,"ac370000, ac370419",2,0.93220350721133682,-0.0081835201322122408,117,117
fixed_test,7,4,1,"ac370000, ac370419",3,0.93220350721133682,0.0004790685157929353,117,116
fixed_test,7,4,1,"ac370000, ac370419",4,0.93220350721133682,-0.0086243396581345833,117,117
fixed_test,7,4,1,"ac370000, ac370419",5,0.93220350721133682,-0.0081835201322122408,117,117
fixed_test,7,4,1,"ac370000, ac370419",6,0.93220350721133682,0.0004790685157929353,117,117
fixed_test,7,4,1,"ac370000, ac370419",7,0.93220350721133682,-0.0042995593226895501,117,115
fixed_test,7,4,1,"ac370000, ac370419",8,0.93220350721133682,-0.0042995593226895501,117,116
fixed_test,7,4,1,"ac370000, ac370419",9,0.93220350721133682,-0.0081835201322122408,117,115
fixed_test,7,4,2,"370407, ac370000, ac370419",0,0.93220350721133682,-0.0081835201322122408,113,113
fixed_test,7,4,2,"370407, ac370000, ac370419",1,0.93220350721133682,-0.016958852212765496,113,113
fixed_test,7,4,2,"370407, ac370000, ac370419",2,0.93220350721133682,-0.012975625409656244,113,113
fixed_test,7,4,2,"370407, ac370000, ac370419",3,0.93220350721133682,-0.0086243396581345833,113,113
fixed_test,7,4,2,"370407, ac370000, ac370419",4,0.93220350721133682,-0.0038388141798217923,113,113
fixed_test,7,4,2,"370407, ac370000, ac370419",5,0.93220350721133682,-0.0081835201322122408,113,113
fixed_test,7,4,2,"370407, ac370000, ac370419",6,0.93220350721133682,0.00098770643031864669,113,113
fixed_test,7,4,2,"370407, ac370000, ac370419",7,0.93220350721133682,-0.0086243396581345833,113,113
fixed_test,7,4,2,"370407, ac370000, ac370419",8,0.93220350721133682,-0.0086243396581345833,113,113
fixed_test,7,4,2,"370407, ac370000, ac370419",9,0.93220350721133682,-0.012556399563433684,113,113
fixed_test,7,4,3,"370407, ac370419",0,0.93220350721133682,-0.0042995593226895501,113,113
fixed_test,7,4,3,"370407, ac370419",1,0.93220350721133682,-0.0086243396581345833,113,112
fixed_test,7,4,3,"370407, ac370419",2,0.93220350721133682,0.0042755792834089368,113,113
fixed_test,7,4,3,"370407, ac370419",3,0.93220350721133682,-0.0042995593226895501,113,111
fixed_test,7,4,3,"370407, ac370419",4,0.93220350721133682,0,113,113
fixed_test,7,4,3,"370407, ac370419",5,0.93220350721133682,0,113,111
fixed_test,7,4,3,"370407, ac370419",6,0.93220350721133682,-0.0086243396581345833,113,113
fixed_test,7,4,3,"370407, ac370419",7,0.93220350721133682,-0.0042995593226895501,113,113
fixed_test,7,4,3,"370407, ac370419",8,0.93220350721133682,0,113,113
fixed_test,7,4,3,"370407, ac370419",9,0.93220350721133682,-0.0042995593226895501,113,112
fixed_test,7,4,4,"ac370000, ac370443",0,0.93220350721133682,-0.0086243396581345833,113,112
fixed_test,7,4,4,"ac370000, ac370443",1,0.93220350721133682,-0.0081835201322122408,113,110
fixed_test,7,4,4,"ac370000, ac370443",2,0.93220350721133682,0.0047714311724496028,113,111
fixed_test,7,4,4,"ac370000, ac370443",3,0.93220350721133682,-0.0086243396581345833,113,111
fixed_test,7,4,4,"ac370000, ac370443",4,0.93220350721133682,0.0004790685157929353,113,112
fixed_test,7,4,4,"ac370000, ac370443",5,0.93220350721133682,-0.012975625409656244,113,113
fixed_test,7,4,4,"ac370000, ac370443",6,0.93220350721133682,0,113,112
fixed_test,7,4,4,"ac370000, ac370443",7,0.93220350721133682,0.0004790685157929353,113,112
fixed_test,7,4,4,"ac370000, ac370443",8,0.93220350721133682,-0.0086243396581345833,113,113
fixed_test,7,4,4,"ac370000, ac370443",9,0.93220350721133682,0.0047714311724496028,113,112
fixed_test,7,4,5,"ac370000, ac370419, ac370443",0,0.93220350721133682,0.0004790685157929353,112,112
fixed_test,7,4,5,"ac370000, ac370419, ac370443",1,0.93220350721133682,-0.0086243396581345833,112,112
fixed_test,7,4,5,"ac370000, ac370419, ac370443",2,0.93220350721133682,-0.017354746694743128,112,112
fixed_test,7,4,5,"ac370000, ac370419, ac370443",3,0.93220350721133682,-0.0081835201322122408,112,112
fixed_test,7,4,5,"ac370000, ac370419, ac370443",4,0.93220350721133682,-0.0081835201322122408,112,112
fixed_test,7,4,5,"ac370000, ac370419, ac370443",5,0.93220350721133682,-0.0047334297256000912,112,112
fixed_test,7,4,5,"ac370000, ac370419, ac370443",6,0.93220350721133682,-0.013370549817828592,112,112
fixed_test,7,4,5,"ac370000, ac370419, ac370443",7,0.93220350721133682,-0.012975625409656244,112,112
fixed_test,7,4,5,"ac370000, ac370419, ac370443",8,0.93220350721133682,-0.0086243396581345833,112,112
fixed_test,7,4,5,"ac370000, ac370419, ac370443",9,0.93220350721133682,-0.012975625409656244,112,112
fixed_test,7,4,6,"ac370419, ac370443",0,0.93220350721133682,0.0042755792834089368,112,111
fixed_test,7,4,6,"ac370419, ac370443",1,0.93220350721133682,-0.0042995593226895501,112,112
fixed_test,7,4,6,"ac370419, ac370443",2,0.93220350721133682,-0.0086243396581345833,112,112
fixed_test,7,4,6,"ac370419, ac370443",3,0.93220350721133682,0.0042755792834089368,112,112
fixed_test,7,4,6,"ac370419, ac370443",4,0.93220350721133682,-0.012975625409656244,112,112
fixed_test,7,4,6,"ac370419, ac370443",5,0.93220350721133682,-0.0042995593226895501,112,112
fixed_test,7,4,6,"ac370419, ac370443",6,0.93220350721133682,0.0004790685157929353,112,112
fixed_test,7,4,6,"ac370419, ac370443",7,0.93220350721133682,-0.012975625409656244,112,112
fixed_test,7,4,6,"ac370419, ac370443",8,0.93220350721133682,-0.0042995593226895501,112,111
fixed_test,7,4,6,"ac370419, ac370443",9,0.93220350721133682,0,112,112
fixed_test,7,4,7,"ac370000, ac370442",0,0.93220350721133682,0.0004790685157929353,113,111
fixed_test,7,4,7,"ac370000, ac370442",1,0.93220350721133682,-0.0042995593226895501,113,110
fixed_test,7,4,7,"ac370000, ac370442",2,0.93220350721133682,-0.0038388141798217923,113,113
fixed_test,7,4,7,"ac370000, ac370442",3,0.93220350721133682,-0.0042995593226895501,113,113
fixed_test,7,4,7,"ac370000, ac370442",4,0.93220350721133682,-0.0086243396581345833,113,113
fixed_test,7,4,7,"ac370000, ac370442",5,0.93220350721133682,-0.0081835201322122408,113,113
fixed_test,7,4,7,"ac370000, ac370442",6,0.93220350721133682,-0.0038388141798217923,113,113
fixed_test,7,4,7,"ac370000, ac370442",7,0.93220350721133682,-0.0038388141798217923,113,113
fixed_test,7,4,7,"ac370000, ac370442",8,0.93220350721133682,-0.0042995593226895501,113,112
fixed_test,7,4,7,"ac370000, ac370442",9,0.93220350721133682,-0.016958852212765496,113,113
fixed_test,7,4,8,"ac370000, ac370442, ac370443",0,0.93220350721133682,-0.0086243396581345833,112,112
fixed_test,7,4,8,"ac370000, ac370442, ac370443",1,0.93220350721133682,-0.0042995593226895501,112,112
fixed_test,7,4,8,"ac370000, ac370442, ac370443",2,0.93220350721133682,0.0047714311724496028,112,111
fixed_test,7,4,8,"ac370000, ac370442, ac370443",3,0.93220350721133682,-0.0086243396581345833,112,112
fixed_test,7,4,8,"ac370000, ac370442, ac370443",4,0.93220350721133682,0.0004790685157929353,112,112
fixed_test,7,4,8,"ac370000, ac370442, ac370443",5,0.93220350721133682,-0.0042995593226895501,112,112
fixed_test,7,4,8,"ac370000, ac370442, ac370443",6,0.93220350721133682,-0.0086243396581345833,112,112
fixed_test,7,4,8,"ac370000, ac370442, ac370443",7,0.93220350721133682,-0.0042995593226895501,112,112
fixed_test,7,4,8,"ac370000, ac370442, ac370443",8,0.93220350721133682,-0.0090395323718218679,112,111
fixed_test,7,4,8,"ac370000, ac370442, ac370443",9,0.93220350721133682,-0.0081835201322122408,112,112
fixed_test,7,4,9,"ac370442, ac370443",0,0.93220350721133682,0,112,110
fixed_test,7,4,9,"ac370442, ac370443",1,0.93220350721133682,0,112,112
fixed_test,7,4,9,"ac370442, ac370443",2,0.93220350721133682,0,112,111
fixed_test,7,4,9,"ac370442, ac370443",3,0.93220350721133682,-0.0042995593226895501,112,110
fixed_test,7,4,9,"ac370442, ac370443",4,0.93220350721133682,0,112,112
fixed_test,7,4,9,"ac370442, ac370443",5,0.93220350721133682,-0.0042995593226895501,112,111
fixed_test,7,4,9,"ac370442, ac370443",6,0.93220350721133682,0,112,112
fixed_test,7,4,9,"ac370442, ac370443",7,0.93220350721133682,0.0042755792834089368,112,112
fixed_test,7,4,9,"ac370442, ac370443",8,0.93220350721133682,0,112,111
fixed_test,7,4,9,"ac370442, ac370443",9,0.93220350721133682,0,112,112
fixed_train,7,4,0,"370407, ac370000",0,0.99093870177859422,0.040426642194232976,467,463
fixed_train,7,4,0,"370407, ac370000",1,0.99093870177859422,0.036096177198605361,467,462
fixed_train,7,4,0,"370407, ac370000",2,0.99093870177859422,0.036189935138203788,467,465
fixed_train,7,4,0,"370407, ac370000",3,0.99093870177859422,0.035169244389339438,467,465
fixed_train,7,4,0,"370407, ac370000",4,0.99093870177859422,0.046808860865851121,467,463
fixed_train,7,4,0,"370407, ac370000",5,0.99093870177859422,0.037112468203226334,467,463
fixed_train,7,4,0,"370407, ac370000",6,0.99093870177859422,0.044480937570548607,467,462
fixed_train,7,4,0,"370407, ac370000",7,0.99093870177859422,0.038411945168862371,467,465
fixed_train,7,4,0,"370407, ac370000",8,0.99093870177859422,0.039929875625208777,467,464
fixed_train,7,4,0,"370407, ac370000",9,0.99093870177859422,0.038815135613530893,467,466
fixed_train,7,4,1,"ac370000, ac370419",0,0.99093870177859422,0.044480937570548607,453,451
fixed_train,7,4,1,"ac370000, ac370419",1,0.99093870177859422,0.040625861959731724,453,447
fixed_train,7,4,1,"ac370000, ac370419",2,0.99093870177859422,0.037398841855392218,453,449
fixed_train,7,4,1,"ac370000, ac370419",3,0.99093870177859422,0.03138173913533393,453,449
fixed_train,7,4,1,"ac370000, ac370419",4,0.99093870177859422,0.039620126914138409,453,451
fixed_train,7,4,1,"ac370000, ac370419",5,0.99093870177859422,0.033692769841433212,453,451
fixed_train,7,4,1,"ac370000, ac370419",6,0.99093870177859422,0.030266341082827553,453,450
fixed_train,7,4,1,"ac370000, ac370419",7,0.99093870177859422,0.033692769841433212,453,451
fixed_train,7,4,1,"ac370000, ac370419",8,0.99093870177859422,0.03749716768464173,453,449
fixed_train,7,4,1,"ac370000, ac370419",9,0.99093870177859422,0.037398841855392218,453,448
fixed_train,7,4,2,"370407, ac370000, ac370419",0,0.99093870177859422,0.042262788665523687,445,444
fixed_train,7,4,2,"370407, ac370000, ac370419",1,0.99093870177859422,0.039825090979944133,445,444
fixed_train,7,4,2,"370407, ac370000, ac370419",2,0.99093870177859422,0.035169244389339438,445,445
fixed_train,7,4,2,"370407, ac370000, ac370419",3,0.99093870177859422,0.036096177198605361,445,444
fixed_train,7,4,2,"370407, ac370000, ac370419",4,0.99093870177859422,0.037206512724751062,445,445
fixed_train,7,4,2,"370407, ac370000, ac370419",5,0.99093870177859422,0.036189935138203788,445,445
fixed_train,7,4,2,"370407, ac370000, ac370419",6,0.99093870177859422,0.037301963812445771,445,445
fixed_train,7,4,2,"370407, ac370000, ac370419",7,0.99093870177859422,0.037398841855392218,445,445
fixed_train,7,4,2,"370407, ac370000, ac370419",8,0.99093870177859422,0.036096177198605361,445,444
fixed_train,7,4,2,"370407, ac370000, ac370419",9,0.99093870177859422,0.043372902449295592,445,445
fixed_train,7,4,3,"370407, ac370419",0,0.99093870177859422,0.024120100796377497,445,444
fixed_train,7,4,3,"370407, ac370419",1,0.99093870177859422,0.019543356104269383,445,444
fixed_train,7,4,3,"370407, ac370419",2,0.99093870177859422,0.015992969305748339,445,445
fixed_train,7,4,3,"370407, ac370419",3,0.99093870177859422,0.018373076718011361,445,445
fixed_train,7,4,3,"370407, ac370419",4,0.99093870177859422,0.025297147576138324,445,444
fixed_train,7,4,3,"370407, ac370419",5,0.99093870177859422,0.019489197255852297,445,440
fixed_train,7,4,3,"370407, ac370419",6,0.99093870177859422,0.020603368176395631,445,444
fixed_train,7,4,3,"370407, ac370419",7,0.99093870177859422,0.012556578407314944,445,440
fixed_train,7,4,3,"370407, ac370419",8,0.99093870177859422,0.026408473142431443,445,445
fixed_train,7,4,3,"370407, ac370419",9,0.99093870177859422,0.014832144368232769,445,444
fixed_train,7,4,4,"ac370000, ac370443",0,0.99093870177859422,0.033780409228348351,444,442
fixed_train,7,4,4,"ac370000, ac370443",1,0.99093870177859422,0.028993695711033607,444,439
fixed_train,7,4,4,"ac370000, ac370443",2,0.99093870177859422,0.030347474507367966,444,442
fixed_train,7,4,4,"ac370000, ac370443",3,0.99093870177859422,0.032495091560763023,444,439
fixed_train,7,4,4,"ac370000, ac370443",4,0.99093870177859422,0.029953595325064142,444,438
fixed_train,7,4,4,"ac370000, ac370443",5,0.99093870177859422,0.041627921140525381,444,442
fixed_train,7,4,4,"ac370000, ac370443",6,0.99093870177859422,0.031300058979666256,444,436
fixed_train,7,4,4,"ac370000, ac370443",7,0.99093870177859422,0.032752827847712385,444,441
fixed_train,7,4,4,"ac370000, ac370443",8,0.99093870177859422,0.037206512724751062,444,442
fixed_train,7,4,4,"ac370000, ac370443",9,0.99093870177859422,0.033780409228348351,444,443
fixed_train,7,4,5,"ac370000, ac370419, ac370443",0,0.99093870177859422,0.035823112853243244,443,443
fixed_train,7,4,5,"ac370000, ac370419, ac370443",1,0.99093870177859422,0.03241169943835609,443,443
fixed_train,7,4,5,"ac370000, ac370419, ac370443",2,0.99093870177859422,0.04204485586307205,443,443
fixed_train,7,4,5,"ac370000, ac370419, ac370443",3,0.99093870177859422,0.032495091560763023,443,443
fixed_train,7,4,5,"ac370000, ac370419, ac370443",4,0.99093870177859422,0.030030046794738974,443,443
fixed_train,7,4,5,"ac370000, ac370419, ac370443",5,0.99093870177859422,0.03831483125363222,443,443
fixed_train,7,4,5,"ac370000, ac370419, ac370443",6,0.99093870177859422,0.037112468203226334,443,442
fixed_train,7,4,5,"ac370000, ac370419, ac370443",7,0.99093870177859422,0.034629028561344311,443,442
fixed_train,7,4,5,"ac370000, ac370419, ac370443",8,0.99093870177859422,0.03154878299875663,443,443
fixed_train,7,4,5,"ac370000, ac370419, ac370443",9,0.99093870177859422,0.030186403239531368,443,443
fixed_train,7,4,6,"ac370419, ac370443",0,0.99093870177859422,0.013673570350428821,443,441
fixed_train,7,4,6,"ac370419, ac370443",1,0.99093870177859422,0.011363077587167481,443,439
fixed_train,7,4,6,"ac370419, ac370443",2,0.99093870177859422,0.010281012446396898,443,442
fixed_train,7,4,6,"ac370419, ac370443",3,0.99093870177859422,0.007974376289503593,443,441
fixed_train,7,4,6,"ac370419, ac370443",4,0.99093870177859422,0.011437647937175055,443,442
fixed_train,7,4,6,"ac370419, ac370443",5,0.99093870177859422,0.010211110644456123,443,440
fixed_train,7,4,6,"ac370419, ac370443",6,0.99093870177859422,0.007974376289503593,443,441
fixed_train,7,4,6,"ac370419, ac370443",7,0.99093870177859422,0.013673570350428821,443,442
fixed_train,7,4,6,"ac370419, ac370443",8,0.99093870177859422,0.014876298678634381,443,441
fixed_train,7,4,6,"ac370419, ac370443",9,0.99093870177859422,0.013632452677008855,443,443
fixed_train,7,4,7,"ac370000, ac370442",0,0.99093870177859422,0.025297147576138324,438,437
fixed_train,7,4,7,"ac370000, ac370442",1,0.99093870177859422,0.025499533161729038,438,435
fixed_train,7,4,7,"ac370000, ac370442",2,0.99093870177859422,0.025499533161729038,438,434
fixed_train,7,4,7,"ac370000, ac370442",3,0.99093870177859422,0.026616054171263892,438,437
fixed_train,7,4,7,"ac370000, ac370442",4,0.99093870177859422,0.026687332442400735,438,435
fixed_train,7,4,7,"ac370000, ac370442",5,0.99093870177859422,0.026616054171263892,438,435
fixed_train,7,4,7,"ac370000, ac370442",6,0.99093870177859422,0.025499533161729038,438,434
fixed_train,7,4,7,"ac370000, ac370442",7,0.99093870177859422,0.033521348182748434,438,434
fixed_train,7,4,7,"ac370000, ac370442",8,0.99093870177859422,0.025499533161729038,438,435
fixed_train,7,4,7,"ac370000, ac370442",9,0.99093870177859422,0.030266341082827553,438,434
fixed_train,7,4,8,"ac370000, ac370442, ac370443",0,0.99093870177859422,0.034983800710753132,437,437
fixed_train,7,4,8,"ac370000, ac370442, ac370443",1,0.99093870177859422,0.025431065028133748,437,437
fixed_train,7,4,8,"ac370000, ac370442, ac370443",2,0.99093870177859422,0.034629028561344311,437,437
fixed_train,7,4,8,"ac370000, ac370442, ac370443",3,0.99093870177859422,0.031140295816796448,437,437
fixed_train,7,4,8,"ac370000, ac370442, ac370443",4,0.99093870177859422,0.03138173913533393,437,434
fixed_train,7,4,8,"ac370000, ac370442, ac370443",5,0.99093870177859422,0.025363607849008929,437,437
fixed_train,7,4,8,"ac370000, ac370442, ac370443",6,0.99093870177859422,0.041729844845689312,437,437
fixed_train,7,4,8,"ac370000, ac370442, ac370443",7,0.99093870177859422,0.027803588587271499,437,437
fixed_train,7,4,8,"ac370000, ac370442, ac370443",8,0.99093870177859422,0.039620126914138409,437,436
fixed_train,7,4,8,"ac370000, ac370442, ac370443",9,0.99093870177859422,0.033692769841433212,437,437
fixed_train,7,4,9,"ac370442, ac370443",0,0.99093870177859422,0.0079437684249430429,437,435
fixed_train,7,4,9,"ac370442, ac370443",1,0.99093870177859422,0.007974376289503593,437,437
fixed_train,7,4,9,"ac370442, ac370443",2,0.99093870177859422,0.0091265966360619677,437,437
fixed_train,7,4,9,"ac370442, ac370443",3,0.99093870177859422,0.007974376289503593,437,435
fixed_train,7,4,9,"ac370442, ac370443",4,0.99093870177859422,0.0079136167531301815,437,437
fixed_train,7,4,9,"ac370442, ac370443",5,0.99093870177859422,0.0068531097788785411,437,437
fixed_train,7,4,9,"ac370442, ac370443",6,0.99093870177859422,0.0067959736660544445,437,433
fixed_train,7,4,9,"ac370442, ac370443",7,0.99093870177859422,0.0091599872528881354,437,434
fixed_train,7,4,9,"ac370442, ac370443",8,0.99093870177859422,0.011363077587167481,437,435
fixed_train,7,4,9,"ac370442, ac370443",9,0.99093870177859422,0.008005446485478962,437,436
faithful_train,7,4,0,"370407, ac370000",0,0.99093870177859422,0.044480937570548607,467,464
faithful_train,7,4,0,"370407, ac370000",1,0.99093870177859422,0.11556634890729733,467,462
faithful_train,7,4,0,"370407, ac370000",2,0.99093870177859422,0.19113947660322117,467,457
faithful_train,7,4,0,"370407, ac370000",3,0.99093870177859422,0.23633348614614469,467,453
faithful_train,7,4,0,"370407, ac370000",4,0.99093870177859422,0.24937466608410963,467,448
faithful_train,7,4,0,"370407, ac370000",5,0.99093870177859422,0.25455671052483386,467,447
faithful_train,7,4,0,"370407, ac370000",6,0.99093870177859422,0.25191859286441265,467,443
faithful_train,7,4,0,"370407, ac370000",7,0.99093870177859422,0.26026979146303908,467,443
faithful_train,7,4,0,"370407, ac370000",8,0.99093870177859422,0.25322558908332948,467,444
faithful_train,7,4,0,"370407, ac370000",9,0.99093870177859422,0.25887316087436885,467,444
faithful_train,7,4,1,"ac370000, ac370419",0,0.99093870177859422,0.26622185974335832,453,452
faithful_train,7,4,1,"ac370000, ac370419",1,0.99093870177859422,0.26402065503934991,453,448
faithful_train,7,4,1,"ac370000, ac370419",2,0.99093870177859422,0.26691382370443062,453,438
faithful_train,7,4,1,"ac370000, ac370419",3,0.99093870177859422,0.27216591101480225,453,431
faithful_train,7,4,1,"ac370000, ac370419",4,0.99093870177859422,0.26622185974335832,453,434
faithful_train,7,4,1,"ac370000, ac370419",5,0.99093870177859422,0.25966099384502705,453,427
faithful_train,7,4,1,"ac370000, ac370419",6,0.99093870177859422,0.25887316087436885,453,424
faithful_train,7,4,1,"ac370000, ac370419",7,0.99093870177859422,0.26169270598008776,453,419
faithful_train,7,4,1,"ac370000, ac370419",8,0.99093870177859422,0.26026979146303908,453,422
faithful_train,7,4,1,"ac370000, ac370419",9,0.99093870177859422,0.26391409411828015,453,425
faithful_train,7,4,2,"370407, ac370000, ac370419",0,0.99093870177859422,0.26026979146303908,445,442
faithful_train,7,4,2,"370407, ac370000, ac370419",1,0.99093870177859422,0.25591255911640454,445,431
faithful_train,7,4,2,"370407, ac370000, ac370419",2,0.99093870177859422,0.25080201718349637,445,436
faithful_train,7,4,2,"370407, ac370000, ac370419",3,0.99093870177859422,0.25729375732287951,445,424
faithful_train,7,4,2,"370407, ac370000, ac370419",4,0.99093870177859422,0.24736442959048632,445,428
faithful_train,7,4,2,"370407, ac370000, ac370419",5,0.99093870177859422,0.25670800162451701,445,417
faithful_train,7,4,2,"370407, ac370000, ac370419",6,0.99093870177859422,0.25080201718349637,445,416
faithful_train,7,4,2,"370407, ac370000, ac370419",7,0.99093870177859422,0.24608663999098668,445,414
faithful_train,7,4,2,"370407, ac370000, ac370419",8,0.99093870177859422,0.25591255911640454,445,413
faithful_train,7,4,2,"370407, ac370000, ac370419",9,0.99093870177859422,0.24866580530145432,445,414
faithful_train,7,4,3,"370407, ac370419",0,0.99093870177859422,0.24948112389780597,445,405
faithful_train,7,4,3,"370407, ac370419",1,0.99093870177859422,0.25080201718349637,445,416
faithful_train,7,4,3,"370407, ac370419",2,0.99093870177859422,0.25729375732287951,445,418
faithful_train,7,4,3,"370407, ac370419",3,0.99093870177859422,0.24948112389780597,445,422
faithful_train,7,4,3,"370407, ac370419",4,0.99093870177859422,0.24948112389780597,445,420
faithful_train,7,4,3,"370407, ac370419",5,0.99093870177859422,0.25591255911640454,445,408
faithful_train,7,4,3,"370407, ac370419",6,0.99093870177859422,0.24948112389780597,445,422
faithful_train,7,4,3,"370407, ac370419",7,0.99093870177859422,0.24526100014057584,445,418
faithful_train,7,4,3,"370407, ac370419",8,0.99093870177859422,0.24608663999098668,445,413
faithful_train,7,4,3,"370407, ac370419",9,0.99093870177859422,0.24443384984406469,445,406
faithful_train,7,4,4,"ac370000, ac370443",0,0.99093870177859422,0.26691382370443062,444,442
faithful_train,7,4,4,"ac370000, ac370443",1,0.99093870177859422,0.26246985105850928,444,438
faithful_train,7,4,4,"ac370000, ac370443",2,0.99093870177859422,0.26468446293259051,444,436
faithful_train,7,4,4,"ac370000, ac370443",3,0.99093870177859422,0.25729375732287951,444,430
faithful_train,7,4,4,"ac370000, ac370443",4,0.99093870177859422,0.26169270598008776,444,425
faithful_train,7,4,4,"ac370000, ac370443",5,0.99093870177859422,0.25455671052483386,444,410
faithful_train,7,4,4,"ac370000, ac370443",6,0.99093870177859422,0.26391409411828015,444,412
faithful_train,7,4,4,"ac370000, ac370443",7,0.99093870177859422,0.26767621988509316,444,420
faithful_train,7,4,4,"ac370000, ac370443",8,0.99093870177859422,0.25511580873736872,444,421
faithful_train,7,4,4,"ac370000, ac370443",9,0.99093870177859422,0.25375500940400664,444,417
faithful_train,7,4,5,"ac370000, ac370419, ac370443",0,0.99093870177859422,0.26169270598008776,443,442
faithful_train,7,4,5,"ac370000, ac370419, ac370443",1,0.99093870177859422,0.25591255911640454,443,431
faithful_train,7,4,5,"ac370000, ac370419, ac370443",2,0.99093870177859422,0.26169270598008776,443,421
faithful_train,7,4,5,"ac370000, ac370419, ac370443",3,0.99093870177859422,0.26324582560319865,443,422
faithful_train,7,4,5,"ac370000, ac370419, ac370443",4,0.99093870177859422,0.25375500940400664,443,420
faithful_train,7,4,5,"ac370000, ac370419, ac370443",5,0.99093870177859422,0.25161125791314409,443,421
faithful_train,7,4,5,"ac370000, ac370419, ac370443",6,0.99093870177859422,0.24233775533181734,443,418
faithful_train,7,4,5,"ac370000, ac370419, ac370443",7,0.99093870177859422,0.26105237293868955,443,421
faithful_train,7,4,5,"ac370000, ac370419, ac370443",8,0.99093870177859422,0.25591255911640454,443,421
faithful_train,7,4,5,"ac370000, ac370419, ac370443",9,0.99093870177859422,0.26391409411828015,443,420
faithful_train,7,4,6,"ac370419, ac370443",0,0.99093870177859422,0.26840169332325581,443,400
faithful_train,7,4,6,"ac370419, ac370443",1,0.99093870177859422,0.25808409083802908,443,412
faithful_train,7,4,6,"ac370419, ac370443",2,0.99093870177859422,0.26246985105850928,443,416
faithful_train,7,4,6,"ac370419, ac370443",3,0.99093870177859422,0.26691382370443062,443,416
faithful_train,7,4,6,"ac370419, ac370443",4,0.99093870177859422,0.26324582560319865,443,420
faithful_train,7,4,6,"ac370419, ac370443",5,0.99093870177859422,0.26691382370443062,443,413
faithful_train,7,4,6,"ac370419, ac370443",6,0.99093870177859422,0.26391409411828015,443,411
faithful_train,7,4,6,"ac370419, ac370443",7,0.99093870177859422,0.2661503557370225,443,417
faithful_train,7,4,6,"ac370419, ac370443",8,0.99093870177859422,0.26246985105850928,443,418
faithful_train,7,4,6,"ac370419, ac370443",9,0.99093870177859422,0.26468446293259051,443,415
faithful_train,7,4,7,"ac370000, ac370442",0,0.99093870177859422,0.27443349748727031,438,436
faithful_train,7,4,7,"ac370000, ac370442",1,0.99093870177859422,0.25948599227521352,438,437
faithful_train,7,4,7,"ac370000, ac370442",2,0.99093870177859422,0.26691382370443062,438,430
faithful_train,7,4,7,"ac370000, ac370442",3,0.99093870177859422,0.25161125791314409,438,423
faithful_train,7,4,7,"ac370000, ac370442",4,0.99093870177859422,0.25295195735844034,438,425
faithful_train,7,4,7,"ac370000, ac370442",5,0.99093870177859422,0.25161125791314409,438,415
faithful_train,7,4,7,"ac370000, ac370442",6,0.99093870177859422,0.25729375732287951,438,418
faithful_train,7,4,7,"ac370000, ac370442",7,0.99093870177859422,0.26026979146303908,438,404
faithful_train,7,4,7,"ac370000, ac370442",8,0.99093870177859422,0.26026979146303908,438,416
faithful_train,7,4,7,"ac370000, ac370442",9,0.99093870177859422,0.26468446293259051,438,412
faithful_train,7,4,8,"ac370000, ac370442, ac370443",0,0.99093870177859422,0.26324582560319865,437,435
faithful_train,7,4,8,"ac370000, ac370442, ac370443",1,0.99093870177859422,0.24948112389780597,437,421
faithful_train,7,4,8,"ac370000, ac370442, ac370443",2,0.99093870177859422,0.25808409083802908,437,421
faithful_train,7,4,8,"ac370000, ac370442, ac370443",3,0.99093870177859422,0.24317066355427341,437,424
faithful_train,7,4,8,"ac370000, ac370442, ac370443",4,0.99093870177859422,0.25808409083802908,437,414
faithful_train,7,4,8,"ac370000, ac370442, ac370443",5,0.99093870177859422,0.25670800162451701,437,414
faithful_train,7,4,8,"ac370000, ac370442, ac370443",6,0.99093870177859422,0.25241910596734241,437,416
faithful_train,7,4,8,"ac370000, ac370442, ac370443",7,0.99093870177859422,0.25808409083802908,437,415
faithful_train,7,4,8,"ac370000, ac370442, ac370443",8,0.99093870177859422,0.25375500940400664,437,415
faithful_train,7,4,8,"ac370000, ac370442, ac370443",9,0.99093870177859422,0.25535708803687895,437,414
faithful_train,7,4,9,"ac370442, ac370443",0,0.99093870177859422,0.25615616882975123,437,402
faithful_train,7,4,9,"ac370442, ac370443",1,0.99093870177859422,0.25241910596734241,437,406
faithful_train,7,4,9,"ac370442, ac370443",2,0.99093870177859422,0.26026979146303908,437,413
faithful_train,7,4,9,"ac370442, ac370443",3,0.99093870177859422,0.25670800162451701,437,410
faithful_train,7,4,9,"ac370442, ac370443",4,0.99093870177859422,0.25808409083802908,437,414
faithful_train,7,4,9,"ac370442, ac370443",5,0.99093870177859422,0.26402065503934991,437,407
faithful_train,7,4,9,"ac370442, ac370443",6,0.99093870177859422,0.25966099384502705,437,396
faithful_train,7,4,9,"ac370442, ac370443",7,0.99093870177859422,0.26324582560319865,437,402
faithful_train,7,4,9,"ac370442, ac370443",8,0.99093870177859422,0.25966099384502705,437,417
faithful_train,7,4,9,"ac370442, ac370443",9,0.99093870177859422,0.26261398606553732,437,416
